ELECTRODE=TUNGSTEN, TIME=50, POLING_VOLTAGE=4500, WAVELENGTH=1.55e-06, EFFECTIVE_DISTANCE=4.11e-05, POLED_LENGTH=0.3, CORE_INDEX=1.45, POLE=MAX, AC_VOLTAGE=450, AC_FREQUENCY=3500, PIEZO_FREQUENCY=70.0
Time(s),Voltage(V)
-8.000000000000000654e-05,1.781339999999999868e-01
-7.280000000000000772e-05,1.796969999999999956e-01
-6.560000000000000889e-05,1.765709999999999780e-01
-5.840000000000001006e-05,1.765709999999999780e-01
-5.120000000000001124e-05,1.750079999999999969e-01
-4.400000000000000563e-05,1.734449999999999881e-01
-3.680000000000000681e-05,1.750079999999999969e-01
-2.960000000000000798e-05,1.750079999999999969e-01
-2.240000000000000915e-05,1.765709999999999780e-01
-1.520000000000000355e-05,1.796969999999999956e-01
-8.000000000000004720e-06,1.796969999999999956e-01
-8.000000000000058930e-07,1.812599999999999767e-01
6.399999999999992934e-06,1.843859999999999943e-01
1.359999999999999176e-05,1.843859999999999943e-01
2.079999999999999059e-05,1.859490000000000032e-01
2.799999999999998942e-05,1.875119999999999842e-01
3.519999999999998824e-05,1.875119999999999842e-01
4.239999999999998707e-05,1.890749999999999931e-01
4.959999999999999945e-05,1.875119999999999842e-01
5.679999999999998472e-05,1.812599999999999767e-01
6.399999999999999710e-05,1.765709999999999780e-01
7.119999999999998238e-05,1.687559999999999893e-01
7.839999999999999476e-05,1.593779999999999919e-01
8.559999999999998003e-05,1.546889999999999932e-01
9.279999999999999241e-05,1.546889999999999932e-01
9.999999999999997769e-05,1.546889999999999932e-01
1.071999999999999901e-04,1.578149999999999831e-01
1.143999999999999753e-04,1.484369999999999856e-01
1.215999999999999877e-04,1.468740000000000046e-01
1.287999999999999865e-04,1.484369999999999856e-01
1.359999999999999989e-04,1.515630000000000033e-01
1.431999999999999571e-04,1.515630000000000033e-01
1.503999999999999695e-04,1.531259999999999843e-01
1.575999999999999819e-04,1.499999999999999944e-01
1.647999999999999942e-04,1.515630000000000033e-01
1.720000000000000066e-04,1.546889999999999932e-01
1.792000000000000190e-04,1.578149999999999831e-01
1.863999999999999772e-04,1.609410000000000007e-01
1.935999999999999895e-04,1.625039999999999818e-01
2.008000000000000019e-04,1.640669999999999906e-01
2.080000000000000143e-04,1.671929999999999805e-01
2.151999999999999725e-04,1.703189999999999982e-01
2.223999999999999849e-04,1.734449999999999881e-01
2.295999999999999972e-04,1.750079999999999969e-01
2.368000000000000096e-04,1.750079999999999969e-01
2.439999999999999678e-04,1.781339999999999868e-01
2.511999999999999802e-04,1.781339999999999868e-01
2.583999999999999925e-04,1.796969999999999956e-01
2.656000000000000049e-04,1.828229999999999855e-01
2.728000000000000173e-04,1.828229999999999855e-01
2.799999999999999755e-04,1.828229999999999855e-01
2.871999999999999879e-04,1.828229999999999855e-01
2.944000000000000002e-04,1.796969999999999956e-01
3.016000000000000126e-04,1.750079999999999969e-01
3.087999999999999708e-04,1.625039999999999818e-01
3.159999999999999832e-04,1.578149999999999831e-01
3.231999999999999955e-04,1.499999999999999944e-01
3.304000000000000079e-04,1.468740000000000046e-01
3.375999999999999661e-04,1.437479999999999869e-01
3.447999999999999785e-04,1.421850000000000058e-01
3.519999999999999908e-04,1.421850000000000058e-01
3.592000000000000032e-04,1.359329999999999983e-01
3.663999999999999614e-04,1.312439999999999996e-01
3.735999999999999738e-04,1.249919999999999920e-01
3.807999999999999862e-04,1.234289999999999971e-01
3.879999999999999985e-04,1.234289999999999971e-01
3.952000000000000109e-04,1.218660000000000021e-01
4.023999999999999691e-04,1.249919999999999920e-01
4.095999999999999815e-04,1.249919999999999920e-01
4.167999999999999396e-04,1.281180000000000097e-01
4.240000000000000062e-04,1.296809999999999907e-01
4.311999999999999644e-04,1.343699999999999894e-01
4.384000000000000310e-04,1.359329999999999983e-01
4.455999999999999892e-04,1.421850000000000058e-01
4.527999999999999473e-04,1.437479999999999869e-01
4.600000000000000139e-04,1.484369999999999856e-01
4.671999999999999721e-04,1.515630000000000033e-01
4.743999999999999303e-04,1.546889999999999932e-01
4.815999999999999968e-04,1.593779999999999919e-01
4.887999999999999550e-04,1.609410000000000007e-01
4.960000000000000216e-04,1.625039999999999818e-01
5.031999999999999798e-04,1.640669999999999906e-01
5.103999999999999379e-04,1.671929999999999805e-01
5.176000000000000045e-04,1.703189999999999982e-01
5.247999999999999627e-04,1.703189999999999982e-01
5.320000000000000293e-04,1.703189999999999982e-01
5.391999999999999875e-04,1.687559999999999893e-01
5.463999999999999456e-04,1.671929999999999805e-01
5.536000000000000122e-04,1.671929999999999805e-01
5.607999999999999704e-04,1.687559999999999893e-01
5.679999999999999286e-04,1.671929999999999805e-01
5.751999999999999951e-04,1.640669999999999906e-01
5.823999999999999533e-04,1.640669999999999906e-01
5.896000000000000199e-04,1.593779999999999919e-01
5.967999999999999781e-04,1.546889999999999932e-01
6.039999999999999362e-04,1.484369999999999856e-01
6.112000000000000028e-04,1.421850000000000058e-01
6.183999999999999610e-04,1.374960000000000071e-01
6.256000000000000276e-04,1.359329999999999983e-01
6.327999999999999858e-04,1.343699999999999894e-01
6.399999999999999439e-04,1.328070000000000084e-01
6.472000000000000105e-04,1.265550000000000008e-01
6.543999999999999687e-04,1.249919999999999920e-01
6.615999999999999269e-04,1.218660000000000021e-01
6.687999999999999935e-04,1.249919999999999920e-01
6.759999999999999516e-04,1.249919999999999920e-01
6.832000000000000182e-04,1.281180000000000097e-01
6.903999999999999764e-04,1.296809999999999907e-01
6.975999999999999346e-04,1.328070000000000084e-01
7.048000000000000011e-04,1.343699999999999894e-01
7.119999999999999593e-04,1.359329999999999983e-01
7.191999999999999175e-04,1.374960000000000071e-01
7.263999999999999841e-04,1.421850000000000058e-01
7.335999999999999422e-04,1.453109999999999957e-01
7.408000000000000088e-04,1.499999999999999944e-01
7.479999999999999670e-04,1.515630000000000033e-01
7.551999999999999252e-04,1.562520000000000020e-01
7.623999999999999918e-04,1.625039999999999818e-01
7.695999999999999499e-04,1.640669999999999906e-01
7.768000000000000165e-04,1.656299999999999994e-01
7.839999999999999747e-04,1.671929999999999805e-01
7.911999999999999329e-04,1.703189999999999982e-01
7.983999999999999994e-04,1.750079999999999969e-01
8.055999999999999576e-04,1.765709999999999780e-01
8.127999999999999158e-04,1.781339999999999868e-01
8.199999999999999824e-04,1.796969999999999956e-01
8.271999999999999405e-04,1.781339999999999868e-01
8.344000000000000071e-04,1.781339999999999868e-01
8.415999999999999653e-04,1.796969999999999956e-01
8.487999999999999235e-04,1.781339999999999868e-01
8.559999999999999901e-04,1.781339999999999868e-01
8.631999999999999482e-04,1.796969999999999956e-01
8.704000000000000148e-04,1.750079999999999969e-01
8.775999999999999730e-04,1.750079999999999969e-01
8.847999999999999312e-04,1.718819999999999792e-01
8.919999999999999978e-04,1.687559999999999893e-01
8.991999999999999559e-04,1.671929999999999805e-01
9.063999999999999141e-04,1.656299999999999994e-01
9.135999999999998723e-04,1.640669999999999906e-01
9.208000000000000473e-04,1.625039999999999818e-01
9.280000000000000054e-04,1.609410000000000007e-01
9.351999999999999636e-04,1.562520000000000020e-01
9.423999999999999218e-04,1.546889999999999932e-01
9.495999999999998799e-04,1.499999999999999944e-01
9.568000000000000550e-04,1.499999999999999944e-01
9.640000000000000131e-04,1.484369999999999856e-01
9.711999999999999713e-04,1.499999999999999944e-01
9.783999999999999295e-04,1.515630000000000033e-01
9.855999999999998876e-04,1.515630000000000033e-01
9.928000000000000626e-04,1.531259999999999843e-01
1.000000000000000021e-03,1.562520000000000020e-01
1.007199999999999979e-03,1.593779999999999919e-01
1.014399999999999937e-03,1.625039999999999818e-01
1.021599999999999895e-03,1.640669999999999906e-01
1.028799999999999853e-03,1.656299999999999994e-01
1.036000000000000029e-03,1.687559999999999893e-01
1.043199999999999987e-03,1.718819999999999792e-01
1.050399999999999945e-03,1.734449999999999881e-01
1.057599999999999903e-03,1.765709999999999780e-01
1.064799999999999861e-03,1.812599999999999767e-01
1.072000000000000036e-03,1.796969999999999956e-01
1.079199999999999994e-03,1.828229999999999855e-01
1.086399999999999953e-03,1.843859999999999943e-01
1.093599999999999911e-03,1.859490000000000032e-01
1.100799999999999869e-03,1.890749999999999931e-01
1.108000000000000044e-03,1.890749999999999931e-01
1.115200000000000002e-03,1.890749999999999931e-01
1.122399999999999960e-03,1.906380000000000019e-01
1.129599999999999918e-03,1.906380000000000019e-01
1.136799999999999877e-03,1.906380000000000019e-01
1.144000000000000052e-03,1.906380000000000019e-01
1.151200000000000010e-03,1.875119999999999842e-01
1.158399999999999968e-03,1.859490000000000032e-01
1.165599999999999926e-03,1.828229999999999855e-01
1.172799999999999884e-03,1.812599999999999767e-01
1.179999999999999842e-03,1.796969999999999956e-01
1.187200000000000017e-03,1.765709999999999780e-01
1.194399999999999976e-03,1.734449999999999881e-01
1.201599999999999934e-03,1.703189999999999982e-01
1.208799999999999892e-03,1.687559999999999893e-01
1.215999999999999850e-03,1.671929999999999805e-01
1.223200000000000025e-03,1.656299999999999994e-01
1.230399999999999983e-03,1.625039999999999818e-01
1.237599999999999941e-03,1.625039999999999818e-01
1.244799999999999900e-03,1.625039999999999818e-01
1.251999999999999858e-03,1.625039999999999818e-01
1.259200000000000033e-03,1.640669999999999906e-01
1.266399999999999991e-03,1.656299999999999994e-01
1.273599999999999949e-03,1.671929999999999805e-01
1.280799999999999907e-03,1.703189999999999982e-01
1.287999999999999865e-03,1.718819999999999792e-01
1.295200000000000040e-03,1.734449999999999881e-01
1.302399999999999999e-03,1.750079999999999969e-01
1.309599999999999957e-03,1.781339999999999868e-01
1.316799999999999915e-03,1.796969999999999956e-01
1.323999999999999873e-03,1.828229999999999855e-01
1.331200000000000048e-03,1.843859999999999943e-01
1.338400000000000006e-03,1.843859999999999943e-01
1.345599999999999965e-03,1.843859999999999943e-01
1.352799999999999923e-03,1.859490000000000032e-01
1.359999999999999881e-03,1.875119999999999842e-01
1.367199999999999839e-03,1.859490000000000032e-01
1.374400000000000014e-03,1.890749999999999931e-01
1.381599999999999972e-03,1.890749999999999931e-01
1.388799999999999930e-03,1.922009999999999830e-01
1.395999999999999889e-03,1.922009999999999830e-01
1.403199999999999847e-03,1.922009999999999830e-01
1.410400000000000022e-03,1.937639999999999918e-01
1.417599999999999980e-03,1.953270000000000006e-01
1.424799999999999938e-03,1.953270000000000006e-01
1.431999999999999896e-03,1.953270000000000006e-01
1.439199999999999854e-03,1.953270000000000006e-01
1.446400000000000029e-03,1.937639999999999918e-01
1.453599999999999988e-03,1.922009999999999830e-01
1.460799999999999946e-03,1.890749999999999931e-01
1.467999999999999904e-03,1.906380000000000019e-01
1.475199999999999862e-03,1.875119999999999842e-01
1.482400000000000037e-03,1.859490000000000032e-01
1.489599999999999995e-03,1.843859999999999943e-01
1.496799999999999953e-03,1.828229999999999855e-01
1.503999999999999912e-03,1.812599999999999767e-01
1.511199999999999870e-03,1.812599999999999767e-01
1.518399999999999828e-03,1.796969999999999956e-01
1.525600000000000003e-03,1.812599999999999767e-01
1.532799999999999961e-03,1.828229999999999855e-01
1.539999999999999919e-03,1.828229999999999855e-01
1.547199999999999877e-03,1.828229999999999855e-01
1.554399999999999836e-03,1.859490000000000032e-01
1.561600000000000011e-03,1.859490000000000032e-01
1.568799999999999969e-03,1.890749999999999931e-01
1.575999999999999927e-03,1.890749999999999931e-01
1.583199999999999885e-03,1.906380000000000019e-01
1.590399999999999843e-03,1.922009999999999830e-01
1.597600000000000018e-03,1.906380000000000019e-01
1.604799999999999977e-03,1.922009999999999830e-01
1.611999999999999935e-03,1.906380000000000019e-01
1.619199999999999893e-03,1.890749999999999931e-01
1.626399999999999851e-03,1.890749999999999931e-01
1.633600000000000026e-03,1.875119999999999842e-01
1.640799999999999984e-03,1.875119999999999842e-01
1.647999999999999942e-03,1.875119999999999842e-01
1.655199999999999901e-03,1.875119999999999842e-01
1.662399999999999859e-03,1.890749999999999931e-01
1.669600000000000034e-03,1.890749999999999931e-01
1.676799999999999992e-03,1.906380000000000019e-01
1.683999999999999950e-03,1.937639999999999918e-01
1.691199999999999908e-03,1.922009999999999830e-01
1.698399999999999866e-03,1.937639999999999918e-01
1.705599999999999825e-03,1.937639999999999918e-01
1.712800000000000000e-03,1.968900000000000095e-01
1.719999999999999958e-03,1.953270000000000006e-01
1.727199999999999916e-03,1.968900000000000095e-01
1.734399999999999874e-03,1.953270000000000006e-01
1.741599999999999832e-03,1.953270000000000006e-01
1.748800000000000007e-03,1.953270000000000006e-01
1.755999999999999965e-03,1.937639999999999918e-01
1.763199999999999924e-03,1.922009999999999830e-01
1.770399999999999882e-03,1.922009999999999830e-01
1.777599999999999840e-03,1.922009999999999830e-01
1.784800000000000015e-03,1.906380000000000019e-01
1.791999999999999973e-03,1.906380000000000019e-01
1.799199999999999931e-03,1.906380000000000019e-01
1.806399999999999889e-03,1.906380000000000019e-01
1.813599999999999848e-03,1.906380000000000019e-01
1.820800000000000023e-03,1.922009999999999830e-01
1.827999999999999981e-03,1.922009999999999830e-01
1.835199999999999939e-03,1.937639999999999918e-01
1.842399999999999897e-03,1.968900000000000095e-01
1.849599999999999855e-03,1.953270000000000006e-01
1.856799999999999813e-03,1.968900000000000095e-01
1.863999999999999988e-03,1.984529999999999905e-01
1.871199999999999947e-03,1.968900000000000095e-01
1.878399999999999905e-03,1.968900000000000095e-01
1.885600000000000080e-03,1.953270000000000006e-01
1.892799999999999821e-03,1.937639999999999918e-01
1.899999999999999996e-03,1.906380000000000019e-01
1.907199999999999738e-03,1.890749999999999931e-01
1.914399999999999913e-03,1.890749999999999931e-01
1.921600000000000088e-03,1.875119999999999842e-01
1.928799999999999829e-03,1.859490000000000032e-01
1.936000000000000004e-03,1.859490000000000032e-01
1.943199999999999745e-03,1.859490000000000032e-01
1.950399999999999920e-03,1.843859999999999943e-01
1.957599999999999878e-03,1.843859999999999943e-01
1.964799999999999620e-03,1.843859999999999943e-01
1.971999999999999795e-03,1.859490000000000032e-01
1.979199999999999536e-03,1.859490000000000032e-01
1.986399999999999711e-03,1.875119999999999842e-01
1.993599999999999886e-03,1.906380000000000019e-01
2.000799999999999627e-03,1.906380000000000019e-01
2.007999999999999802e-03,1.922009999999999830e-01
2.015199999999999544e-03,1.937639999999999918e-01
2.022399999999999719e-03,1.937639999999999918e-01
2.029599999999999894e-03,1.937639999999999918e-01
2.036799999999999635e-03,1.953270000000000006e-01
2.043999999999999810e-03,1.953270000000000006e-01
2.051199999999999551e-03,1.953270000000000006e-01
2.058399999999999726e-03,1.968900000000000095e-01
2.065599999999999901e-03,1.968900000000000095e-01
2.072799999999999643e-03,1.968900000000000095e-01
2.079999999999999818e-03,1.968900000000000095e-01
2.087199999999999559e-03,1.984529999999999905e-01
2.094399999999999734e-03,1.984529999999999905e-01
2.101599999999999475e-03,2.000159999999999993e-01
2.108799999999999650e-03,2.000159999999999993e-01
2.115999999999999825e-03,2.015790000000000082e-01
2.123199999999999567e-03,2.015790000000000082e-01
2.130399999999999742e-03,2.015790000000000082e-01
2.137599999999999483e-03,2.000159999999999993e-01
2.144799999999999658e-03,1.984529999999999905e-01
2.151999999999999833e-03,1.968900000000000095e-01
2.159199999999999574e-03,1.953270000000000006e-01
2.166399999999999750e-03,1.922009999999999830e-01
2.173599999999999491e-03,1.890749999999999931e-01
2.180799999999999666e-03,1.843859999999999943e-01
2.187999999999999841e-03,1.828229999999999855e-01
2.195199999999999582e-03,1.796969999999999956e-01
2.202399999999999757e-03,1.750079999999999969e-01
2.209599999999999499e-03,1.734449999999999881e-01
2.216799999999999674e-03,1.703189999999999982e-01
2.223999999999999849e-03,1.671929999999999805e-01
2.231199999999999590e-03,1.671929999999999805e-01
2.238399999999999765e-03,1.656299999999999994e-01
2.245599999999999506e-03,1.640669999999999906e-01
2.252799999999999681e-03,1.640669999999999906e-01
2.259999999999999856e-03,1.640669999999999906e-01
2.267199999999999598e-03,1.671929999999999805e-01
2.274399999999999773e-03,1.687559999999999893e-01
2.281599999999999514e-03,1.703189999999999982e-01
2.288799999999999689e-03,1.734449999999999881e-01
2.295999999999999864e-03,1.750079999999999969e-01
2.303199999999999605e-03,1.765709999999999780e-01
2.310399999999999780e-03,1.781339999999999868e-01
2.317599999999999522e-03,1.796969999999999956e-01
2.324799999999999697e-03,1.843859999999999943e-01
2.331999999999999872e-03,1.828229999999999855e-01
2.339199999999999613e-03,1.859490000000000032e-01
2.346399999999999788e-03,1.859490000000000032e-01
2.353599999999999529e-03,1.875119999999999842e-01
2.360799999999999704e-03,1.890749999999999931e-01
2.367999999999999879e-03,1.906380000000000019e-01
2.375199999999999621e-03,1.922009999999999830e-01
2.382399999999999796e-03,1.937639999999999918e-01
2.389599999999999537e-03,1.937639999999999918e-01
2.396799999999999712e-03,1.953270000000000006e-01
2.403999999999999887e-03,1.953270000000000006e-01
2.411199999999999628e-03,1.953270000000000006e-01
2.418399999999999803e-03,1.953270000000000006e-01
2.425599999999999545e-03,1.937639999999999918e-01
2.432799999999999720e-03,1.922009999999999830e-01
2.439999999999999461e-03,1.890749999999999931e-01
2.447199999999999636e-03,1.843859999999999943e-01
2.454399999999999811e-03,1.796969999999999956e-01
2.461599999999999552e-03,1.765709999999999780e-01
2.468799999999999727e-03,1.750079999999999969e-01
2.475999999999999469e-03,1.718819999999999792e-01
2.483199999999999644e-03,1.671929999999999805e-01
2.490399999999999819e-03,1.625039999999999818e-01
2.497599999999999560e-03,1.609410000000000007e-01
2.504799999999999735e-03,1.578149999999999831e-01
2.511999999999999476e-03,1.531259999999999843e-01
2.519199999999999651e-03,1.531259999999999843e-01
2.526399999999999826e-03,1.515630000000000033e-01
2.533599999999999568e-03,1.499999999999999944e-01
2.540799999999999743e-03,1.515630000000000033e-01
2.547999999999999484e-03,1.515630000000000033e-01
2.555199999999999659e-03,1.531259999999999843e-01
2.562399999999999834e-03,1.546889999999999932e-01
2.569599999999999575e-03,1.578149999999999831e-01
2.576799999999999750e-03,1.593779999999999919e-01
2.583999999999999492e-03,1.640669999999999906e-01
2.591199999999999667e-03,1.640669999999999906e-01
2.598399999999999842e-03,1.687559999999999893e-01
2.605599999999999583e-03,1.687559999999999893e-01
2.612799999999999758e-03,1.734449999999999881e-01
2.619999999999999499e-03,1.734449999999999881e-01
2.627199999999999674e-03,1.765709999999999780e-01
2.634399999999999849e-03,1.796969999999999956e-01
2.641599999999999591e-03,1.828229999999999855e-01
2.648799999999999766e-03,1.812599999999999767e-01
2.655999999999999507e-03,1.843859999999999943e-01
2.663199999999999682e-03,1.843859999999999943e-01
2.670399999999999857e-03,1.859490000000000032e-01
2.677599999999999598e-03,1.859490000000000032e-01
2.684799999999999773e-03,1.859490000000000032e-01
2.691999999999999515e-03,1.843859999999999943e-01
2.699199999999999690e-03,1.828229999999999855e-01
2.706399999999999865e-03,1.828229999999999855e-01
2.713599999999999606e-03,1.781339999999999868e-01
2.720799999999999781e-03,1.750079999999999969e-01
2.727999999999999522e-03,1.703189999999999982e-01
2.735199999999999698e-03,1.671929999999999805e-01
2.742399999999999873e-03,1.625039999999999818e-01
2.749599999999999614e-03,1.562520000000000020e-01
2.756799999999999789e-03,1.499999999999999944e-01
2.763999999999999530e-03,1.468740000000000046e-01
2.771199999999999705e-03,1.453109999999999957e-01
2.778399999999999447e-03,1.390589999999999882e-01
2.785599999999999622e-03,1.359329999999999983e-01
2.792799999999999797e-03,1.296809999999999907e-01
2.799999999999999538e-03,1.265550000000000008e-01
2.807199999999999713e-03,1.249919999999999920e-01
2.814399999999999454e-03,1.218660000000000021e-01
2.821599999999999629e-03,1.203029999999999933e-01
2.828799999999999804e-03,1.218660000000000021e-01
2.835999999999999546e-03,1.218660000000000021e-01
2.843199999999999721e-03,1.218660000000000021e-01
2.850399999999999462e-03,1.265550000000000008e-01
2.857599999999999637e-03,1.296809999999999907e-01
2.864799999999999812e-03,1.328070000000000084e-01
2.871999999999999553e-03,1.343699999999999894e-01
2.879199999999999728e-03,1.390589999999999882e-01
2.886399999999999470e-03,1.437479999999999869e-01
2.893599999999999645e-03,1.453109999999999957e-01
2.900799999999999820e-03,1.484369999999999856e-01
2.907999999999999561e-03,1.515630000000000033e-01
2.915199999999999736e-03,1.546889999999999932e-01
2.922399999999999477e-03,1.562520000000000020e-01
2.929599999999999652e-03,1.593779999999999919e-01
2.936799999999999827e-03,1.625039999999999818e-01
2.943999999999999569e-03,1.640669999999999906e-01
2.951199999999999744e-03,1.656299999999999994e-01
2.958399999999999485e-03,1.671929999999999805e-01
2.965599999999999660e-03,1.671929999999999805e-01
2.972799999999999835e-03,1.656299999999999994e-01
2.979999999999999576e-03,1.656299999999999994e-01
2.987199999999999751e-03,1.640669999999999906e-01
2.994399999999999493e-03,1.609410000000000007e-01
3.001599999999999668e-03,1.578149999999999831e-01
3.008799999999999843e-03,1.546889999999999932e-01
3.015999999999999584e-03,1.499999999999999944e-01
3.023199999999999759e-03,1.453109999999999957e-01
3.030399999999999500e-03,1.390589999999999882e-01
3.037599999999999675e-03,1.328070000000000084e-01
3.044799999999999850e-03,1.296809999999999907e-01
3.051999999999999592e-03,1.234289999999999971e-01
3.059199999999999767e-03,1.218660000000000021e-01
3.066399999999999508e-03,1.156139999999999946e-01
3.073599999999999683e-03,1.124880000000000047e-01
3.080799999999999858e-03,1.077990000000000059e-01
3.087999999999999599e-03,1.062359999999999971e-01
3.095199999999999774e-03,1.031099999999999933e-01
3.102399999999999516e-03,1.031099999999999933e-01
3.109599999999999691e-03,1.015469999999999984e-01
3.116799999999999432e-03,9.998399999999998955e-02
3.123999999999999607e-03,1.015469999999999984e-01
3.131199999999999782e-03,1.015469999999999984e-01
3.138399999999999523e-03,1.046729999999999883e-01
3.145599999999999698e-03,1.077990000000000059e-01
3.152799999999999440e-03,1.109249999999999958e-01
3.159999999999999615e-03,1.140509999999999857e-01
3.167199999999999790e-03,1.187399999999999983e-01
3.174399999999999531e-03,1.218660000000000021e-01
3.181599999999999706e-03,1.249919999999999920e-01
3.188799999999999447e-03,1.265550000000000008e-01
3.195999999999999622e-03,1.328070000000000084e-01
3.203199999999999797e-03,1.359329999999999983e-01
3.210399999999999539e-03,1.390589999999999882e-01
3.217599999999999714e-03,1.406219999999999970e-01
3.224799999999999455e-03,1.437479999999999869e-01
3.231999999999999630e-03,1.437479999999999869e-01
3.239199999999999805e-03,1.468740000000000046e-01
3.246399999999999546e-03,1.453109999999999957e-01
3.253599999999999721e-03,1.453109999999999957e-01
3.260799999999999463e-03,1.437479999999999869e-01
3.267999999999999638e-03,1.406219999999999970e-01
3.275199999999999813e-03,1.390589999999999882e-01
3.282399999999999554e-03,1.343699999999999894e-01
3.289599999999999729e-03,1.281180000000000097e-01
3.296799999999999470e-03,1.281180000000000097e-01
3.303999999999999646e-03,1.187399999999999983e-01
3.311199999999999821e-03,1.171770000000000034e-01
3.318399999999999562e-03,1.124880000000000047e-01
3.325599999999999737e-03,1.046729999999999883e-01
3.332799999999999478e-03,1.031099999999999933e-01
3.339999999999999653e-03,9.685799999999999965e-02
3.347199999999999828e-03,9.373199999999999588e-02
3.354399999999999570e-03,8.748000000000000220e-02
3.361599999999999745e-03,8.591699999999999338e-02
3.368799999999999486e-03,8.435399999999999843e-02
3.375999999999999661e-03,7.810199999999999088e-02
3.383199999999999836e-03,7.653899999999999593e-02
3.390399999999999577e-03,7.497600000000000098e-02
3.397599999999999752e-03,7.341299999999999215e-02
3.404799999999999494e-03,7.341299999999999215e-02
3.411999999999999669e-03,7.341299999999999215e-02
3.419199999999999844e-03,7.497600000000000098e-02
3.426399999999999585e-03,7.810199999999999088e-02
3.433599999999999760e-03,7.966499999999999970e-02
3.440799999999999501e-03,8.279100000000000348e-02
3.447999999999999676e-03,8.435399999999999843e-02
3.455199999999999418e-03,9.060599999999999210e-02
3.462399999999999593e-03,9.060599999999999210e-02
3.469599999999999768e-03,9.685799999999999965e-02
3.476799999999999509e-03,9.998399999999998955e-02
3.483999999999999684e-03,1.062359999999999971e-01
3.491199999999999425e-03,1.077990000000000059e-01
3.498399999999999600e-03,1.093619999999999870e-01
3.505599999999999775e-03,1.124880000000000047e-01
3.512799999999999517e-03,1.156139999999999946e-01
3.519999999999999692e-03,1.156139999999999946e-01
3.527199999999999433e-03,1.156139999999999946e-01
3.534399999999999608e-03,1.171770000000000034e-01
3.541599999999999783e-03,1.156139999999999946e-01
3.548799999999999524e-03,1.124880000000000047e-01
3.555999999999999699e-03,1.109249999999999958e-01
3.563199999999999441e-03,1.077990000000000059e-01
3.570399999999999616e-03,1.046729999999999883e-01
3.577599999999999791e-03,9.998399999999998955e-02
3.584799999999999532e-03,9.685799999999999965e-02
3.591999999999999707e-03,9.216900000000000093e-02
3.599199999999999448e-03,8.904299999999999715e-02
3.606399999999999623e-03,8.279100000000000348e-02
3.613599999999999798e-03,7.810199999999999088e-02
3.620799999999999540e-03,7.653899999999999593e-02
3.627999999999999715e-03,7.341299999999999215e-02
3.635199999999999456e-03,7.028700000000000225e-02
3.642399999999999631e-03,6.559800000000000353e-02
3.649599999999999806e-03,6.247199999999999975e-02
3.656799999999999547e-03,6.090900000000000480e-02
3.663999999999999722e-03,5.778300000000000103e-02
3.671199999999999464e-03,5.621999999999999220e-02
3.678399999999999639e-03,5.465699999999999725e-02
3.685599999999999814e-03,5.153099999999999348e-02
3.692799999999999555e-03,5.153099999999999348e-02
3.699999999999999730e-03,5.153099999999999348e-02
3.707199999999999471e-03,5.309400000000000230e-02
3.714399999999999646e-03,5.309400000000000230e-02
3.721599999999999821e-03,5.621999999999999220e-02
3.728799999999999563e-03,5.778300000000000103e-02
3.735999999999999738e-03,5.934599999999999598e-02
3.743199999999999479e-03,6.247199999999999975e-02
3.750399999999999654e-03,6.872399999999999343e-02
3.757599999999999829e-03,7.184999999999999720e-02
3.764799999999999570e-03,7.341299999999999215e-02
3.771999999999999745e-03,7.341299999999999215e-02
3.779199999999999487e-03,7.810199999999999088e-02
3.786399999999999662e-03,7.966499999999999970e-02
3.793599999999999403e-03,8.279100000000000348e-02
3.800799999999999578e-03,8.279100000000000348e-02
3.807999999999999753e-03,8.591699999999999338e-02
3.815199999999999494e-03,8.435399999999999843e-02
3.822399999999999669e-03,8.435399999999999843e-02
3.829599999999999844e-03,8.122799999999999465e-02
3.836799999999999586e-03,8.122799999999999465e-02
3.843999999999999327e-03,7.810199999999999088e-02
3.851199999999999936e-03,7.497600000000000098e-02
3.858399999999999677e-03,7.184999999999999720e-02
3.865599999999999418e-03,6.872399999999999343e-02
3.872800000000000027e-03,6.559800000000000353e-02
3.879999999999999769e-03,6.247199999999999975e-02
3.887199999999999510e-03,6.090900000000000480e-02
3.894399999999999251e-03,5.621999999999999220e-02
3.901599999999999860e-03,5.621999999999999220e-02
3.908799999999999601e-03,5.309400000000000230e-02
3.915999999999999343e-03,4.996799999999999853e-02
3.923199999999999951e-03,4.840500000000000358e-02
3.930399999999999693e-03,4.684199999999999475e-02
3.937599999999999434e-03,4.527899999999999980e-02
3.944799999999999175e-03,4.215299999999999603e-02
3.951999999999999784e-03,4.059000000000000108e-02
3.959199999999999525e-03,3.902699999999999225e-02
3.966399999999999267e-03,3.746399999999999730e-02
3.973599999999999875e-03,3.590100000000000235e-02
3.980799999999999617e-03,3.590100000000000235e-02
3.987999999999999358e-03,3.433799999999999353e-02
3.995199999999999967e-03,3.433799999999999353e-02
4.002399999999999708e-03,3.590100000000000235e-02
4.009599999999999449e-03,3.746399999999999730e-02
4.016799999999999191e-03,3.902699999999999225e-02
4.023999999999999799e-03,4.059000000000000108e-02
4.031199999999999541e-03,4.215299999999999603e-02
4.038399999999999282e-03,4.684199999999999475e-02
4.045599999999999891e-03,4.840500000000000358e-02
4.052799999999999632e-03,5.153099999999999348e-02
4.059999999999999373e-03,5.465699999999999725e-02
4.067199999999999982e-03,5.778300000000000103e-02
4.074399999999999723e-03,5.934599999999999598e-02
4.081599999999999465e-03,5.934599999999999598e-02
4.088799999999999206e-03,6.090900000000000480e-02
4.095999999999999815e-03,6.247199999999999975e-02
4.103199999999999556e-03,5.934599999999999598e-02
4.110399999999999297e-03,5.934599999999999598e-02
4.117599999999999906e-03,5.934599999999999598e-02
4.124799999999999647e-03,5.465699999999999725e-02
4.131999999999999389e-03,5.309400000000000230e-02
4.139199999999999997e-03,5.153099999999999348e-02
4.146399999999999739e-03,4.840500000000000358e-02
4.153599999999999480e-03,4.527899999999999980e-02
4.160799999999999221e-03,4.371600000000000485e-02
4.167999999999999830e-03,4.215299999999999603e-02
4.175199999999999571e-03,4.215299999999999603e-02
4.182399999999999313e-03,4.215299999999999603e-02
4.189599999999999921e-03,4.215299999999999603e-02
4.196799999999999663e-03,4.059000000000000108e-02
4.203999999999999404e-03,4.059000000000000108e-02
4.211200000000000013e-03,4.059000000000000108e-02
4.218399999999999754e-03,3.902699999999999225e-02
4.225599999999999495e-03,3.746399999999999730e-02
4.232799999999999237e-03,3.746399999999999730e-02
4.239999999999999845e-03,3.590100000000000235e-02
4.247199999999999587e-03,3.746399999999999730e-02
4.254399999999999328e-03,3.590100000000000235e-02
4.261599999999999937e-03,3.277499999999999858e-02
4.268799999999999678e-03,3.277499999999999858e-02
4.275999999999999419e-03,3.121200000000000363e-02
4.283199999999999161e-03,2.808599999999999985e-02
4.290399999999999769e-03,2.964899999999999480e-02
4.297599999999999511e-03,2.964899999999999480e-02
4.304799999999999252e-03,3.121200000000000363e-02
4.311999999999999861e-03,3.121200000000000363e-02
4.319199999999999602e-03,3.277499999999999858e-02
4.326399999999999343e-03,3.277499999999999858e-02
4.333599999999999952e-03,3.590100000000000235e-02
4.340799999999999693e-03,3.590100000000000235e-02
4.347999999999999435e-03,3.902699999999999225e-02
4.355199999999999176e-03,4.215299999999999603e-02
4.362399999999999785e-03,3.902699999999999225e-02
4.369599999999999526e-03,4.215299999999999603e-02
4.376799999999999267e-03,4.215299999999999603e-02
4.383999999999999876e-03,4.215299999999999603e-02
4.391199999999999617e-03,4.059000000000000108e-02
4.398399999999999359e-03,3.902699999999999225e-02
4.405599999999999968e-03,3.902699999999999225e-02
4.412799999999999709e-03,3.590100000000000235e-02
4.419999999999999450e-03,3.433799999999999353e-02
4.427199999999999191e-03,3.277499999999999858e-02
4.434399999999999800e-03,3.277499999999999858e-02
4.441599999999999542e-03,3.121200000000000363e-02
4.448799999999999283e-03,3.277499999999999858e-02
4.455999999999999892e-03,3.277499999999999858e-02
4.463199999999999633e-03,3.277499999999999858e-02
4.470399999999999374e-03,3.433799999999999353e-02
4.477599999999999983e-03,3.590100000000000235e-02
4.484799999999999724e-03,3.746399999999999730e-02
4.491999999999999466e-03,3.902699999999999225e-02
4.499199999999999207e-03,4.059000000000000108e-02
4.506399999999999816e-03,3.902699999999999225e-02
4.513599999999999557e-03,4.059000000000000108e-02
4.520799999999999298e-03,3.902699999999999225e-02
4.527999999999999907e-03,4.059000000000000108e-02
4.535199999999999648e-03,3.746399999999999730e-02
4.542399999999999390e-03,3.746399999999999730e-02
4.549599999999999998e-03,3.590100000000000235e-02
4.556799999999999740e-03,3.433799999999999353e-02
4.563999999999999481e-03,3.277499999999999858e-02
4.571199999999999222e-03,3.277499999999999858e-02
4.578399999999999831e-03,3.121200000000000363e-02
4.585599999999999572e-03,3.121200000000000363e-02
4.592799999999999314e-03,3.121200000000000363e-02
4.599999999999999922e-03,2.964899999999999480e-02
4.607199999999999664e-03,2.964899999999999480e-02
4.614399999999999405e-03,2.964899999999999480e-02
4.621599999999999146e-03,3.121200000000000363e-02
4.628799999999999755e-03,3.121200000000000363e-02
4.635999999999999496e-03,3.121200000000000363e-02
4.643199999999999238e-03,3.121200000000000363e-02
4.650399999999999846e-03,3.121200000000000363e-02
4.657599999999999588e-03,2.964899999999999480e-02
4.664799999999999329e-03,2.964899999999999480e-02
4.671999999999999938e-03,2.808599999999999985e-02
4.679199999999999679e-03,2.652300000000000491e-02
4.686399999999999420e-03,2.496000000000000996e-02
4.693599999999999162e-03,2.496000000000000996e-02
4.700799999999999770e-03,2.496000000000000996e-02
4.707999999999999512e-03,2.339700000000000113e-02
4.715199999999999253e-03,2.496000000000000996e-02
4.722399999999999862e-03,2.808599999999999985e-02
4.729599999999999603e-03,2.964899999999999480e-02
4.736799999999999344e-03,2.964899999999999480e-02
4.743999999999999953e-03,3.121200000000000363e-02
4.751199999999999694e-03,3.746399999999999730e-02
4.758399999999999436e-03,3.746399999999999730e-02
4.765599999999999177e-03,4.059000000000000108e-02
4.772799999999999786e-03,4.371600000000000485e-02
4.779999999999999527e-03,4.527899999999999980e-02
4.787199999999999268e-03,4.684199999999999475e-02
4.794399999999999877e-03,4.996799999999999853e-02
4.801599999999999618e-03,5.153099999999999348e-02
4.808799999999999360e-03,5.153099999999999348e-02
4.815999999999999968e-03,5.153099999999999348e-02
4.823199999999999710e-03,4.996799999999999853e-02
4.830399999999999451e-03,4.840500000000000358e-02
4.837599999999999192e-03,4.840500000000000358e-02
4.844799999999999801e-03,4.684199999999999475e-02
4.851999999999999542e-03,4.527899999999999980e-02
4.859199999999999284e-03,4.215299999999999603e-02
4.866399999999999892e-03,4.059000000000000108e-02
4.873599999999999634e-03,3.746399999999999730e-02
4.880799999999999375e-03,3.746399999999999730e-02
4.887999999999999984e-03,3.746399999999999730e-02
4.895199999999999725e-03,3.590100000000000235e-02
4.902399999999999466e-03,3.433799999999999353e-02
4.909599999999999208e-03,3.277499999999999858e-02
4.916799999999999816e-03,3.121200000000000363e-02
4.923999999999999558e-03,3.121200000000000363e-02
4.931199999999999299e-03,2.964899999999999480e-02
4.938399999999999908e-03,2.964899999999999480e-02
4.945599999999999649e-03,2.652300000000000491e-02
4.952799999999999390e-03,2.652300000000000491e-02
4.959999999999999132e-03,2.496000000000000996e-02
4.967199999999999740e-03,2.496000000000000996e-02
4.974399999999999482e-03,2.339700000000000113e-02
4.981599999999999223e-03,2.496000000000000996e-02
4.988799999999999832e-03,2.496000000000000996e-02
4.995999999999999573e-03,2.808599999999999985e-02
5.003199999999999315e-03,2.964899999999999480e-02
5.010399999999999923e-03,3.121200000000000363e-02
5.017599999999999665e-03,3.277499999999999858e-02
5.024799999999999406e-03,3.902699999999999225e-02
5.031999999999999147e-03,4.371600000000000485e-02
5.039199999999999756e-03,4.527899999999999980e-02
5.046399999999999497e-03,5.153099999999999348e-02
5.053599999999999239e-03,5.465699999999999725e-02
5.060799999999999847e-03,5.778300000000000103e-02
5.067999999999999589e-03,6.247199999999999975e-02
5.075199999999999330e-03,6.559800000000000353e-02
5.082399999999999939e-03,6.872399999999999343e-02
5.089599999999999680e-03,7.028700000000000225e-02
5.096799999999999421e-03,7.184999999999999720e-02
5.103999999999999163e-03,7.341299999999999215e-02
5.111199999999999771e-03,7.184999999999999720e-02
5.118399999999999513e-03,7.184999999999999720e-02
5.125599999999999254e-03,7.028700000000000225e-02
5.132799999999999863e-03,6.872399999999999343e-02
5.139999999999999604e-03,6.716099999999999848e-02
5.147199999999999345e-03,6.403499999999999470e-02
5.154399999999999954e-03,6.090900000000000480e-02
5.161599999999999695e-03,5.934599999999999598e-02
5.168799999999999437e-03,5.621999999999999220e-02
5.175999999999999178e-03,5.309400000000000230e-02
5.183199999999999787e-03,5.309400000000000230e-02
5.190399999999999528e-03,4.996799999999999853e-02
5.197599999999999269e-03,4.527899999999999980e-02
5.204799999999999878e-03,4.371600000000000485e-02
5.211999999999999619e-03,4.371600000000000485e-02
5.219199999999999361e-03,4.059000000000000108e-02
5.226399999999999969e-03,4.059000000000000108e-02
5.233599999999999711e-03,3.746399999999999730e-02
5.240799999999999452e-03,3.746399999999999730e-02
5.247999999999999193e-03,3.433799999999999353e-02
5.255199999999999802e-03,3.433799999999999353e-02
5.262399999999999543e-03,3.590100000000000235e-02
5.269599999999999285e-03,3.746399999999999730e-02
5.276799999999999893e-03,3.746399999999999730e-02
5.283999999999999635e-03,4.059000000000000108e-02
5.291199999999999376e-03,4.527899999999999980e-02
5.298399999999999117e-03,4.684199999999999475e-02
5.305599999999999726e-03,5.153099999999999348e-02
5.312799999999999467e-03,5.621999999999999220e-02
5.319999999999999209e-03,6.247199999999999975e-02
5.327199999999999817e-03,6.872399999999999343e-02
5.334399999999999559e-03,7.341299999999999215e-02
5.341599999999999300e-03,7.810199999999999088e-02
5.348799999999999909e-03,8.279100000000000348e-02
5.355999999999999650e-03,8.591699999999999338e-02
5.363199999999999391e-03,9.060599999999999210e-02
5.370399999999999133e-03,9.216900000000000093e-02
5.377599999999999741e-03,9.373199999999999588e-02
5.384799999999999483e-03,9.842099999999999460e-02
5.391999999999999224e-03,9.842099999999999460e-02
5.399199999999999833e-03,9.842099999999999460e-02
5.406399999999999574e-03,9.842099999999999460e-02
5.413599999999999315e-03,9.842099999999999460e-02
5.420799999999999924e-03,9.529499999999999083e-02
5.427999999999999665e-03,9.373199999999999588e-02
5.435199999999999407e-03,8.904299999999999715e-02
5.442399999999999148e-03,8.435399999999999843e-02
5.449599999999999757e-03,8.279100000000000348e-02
5.456799999999999498e-03,8.279100000000000348e-02
5.463999999999999239e-03,7.497600000000000098e-02
5.471199999999999848e-03,7.341299999999999215e-02
5.478399999999999589e-03,7.028700000000000225e-02
5.485599999999999331e-03,6.716099999999999848e-02
5.492799999999999939e-03,6.403499999999999470e-02
5.499999999999999681e-03,6.090900000000000480e-02
5.507199999999999422e-03,5.934599999999999598e-02
5.514399999999999163e-03,5.778300000000000103e-02
5.521599999999999772e-03,5.621999999999999220e-02
5.528799999999999513e-03,5.465699999999999725e-02
5.535999999999999255e-03,5.465699999999999725e-02
5.543199999999999864e-03,5.621999999999999220e-02
5.550399999999999605e-03,5.778300000000000103e-02
5.557599999999999346e-03,5.778300000000000103e-02
5.564799999999999955e-03,6.247199999999999975e-02
5.571999999999999696e-03,6.559800000000000353e-02
5.579199999999999438e-03,6.872399999999999343e-02
5.586399999999999179e-03,7.184999999999999720e-02
5.593599999999999788e-03,8.122799999999999465e-02
5.600799999999999529e-03,8.435399999999999843e-02
5.607999999999999270e-03,8.904299999999999715e-02
5.615199999999999879e-03,9.685799999999999965e-02
5.622399999999999620e-03,1.015469999999999984e-01
5.629599999999999362e-03,1.031099999999999933e-01
5.636799999999999103e-03,1.109249999999999958e-01
5.643999999999999712e-03,1.140509999999999857e-01
5.651199999999999453e-03,1.187399999999999983e-01
5.658399999999999194e-03,1.203029999999999933e-01
5.665599999999999803e-03,1.249919999999999920e-01
5.672799999999999544e-03,1.265550000000000008e-01
5.679999999999999286e-03,1.281180000000000097e-01
5.687199999999999894e-03,1.296809999999999907e-01
5.694399999999999636e-03,1.281180000000000097e-01
5.701599999999999377e-03,1.281180000000000097e-01
5.708799999999999118e-03,1.265550000000000008e-01
5.715999999999999727e-03,1.234289999999999971e-01
5.723199999999999468e-03,1.203029999999999933e-01
5.730399999999999210e-03,1.156139999999999946e-01
5.737599999999999818e-03,1.140509999999999857e-01
5.744799999999999560e-03,1.077990000000000059e-01
5.751999999999999301e-03,1.046729999999999883e-01
5.759199999999999910e-03,9.842099999999999460e-02
5.766399999999999651e-03,9.998399999999998955e-02
5.773599999999999392e-03,9.529499999999999083e-02
5.780799999999999134e-03,9.060599999999999210e-02
5.787999999999999742e-03,8.748000000000000220e-02
5.795199999999999484e-03,8.591699999999999338e-02
5.802399999999999225e-03,8.435399999999999843e-02
5.809599999999999834e-03,8.435399999999999843e-02
5.816799999999999575e-03,8.279100000000000348e-02
5.823999999999999316e-03,8.435399999999999843e-02
5.831199999999999925e-03,8.435399999999999843e-02
5.838399999999999666e-03,8.591699999999999338e-02
5.845599999999999408e-03,8.748000000000000220e-02
5.852799999999999149e-03,9.216900000000000093e-02
5.859999999999999758e-03,9.685799999999999965e-02
5.867199999999999499e-03,1.015469999999999984e-01
5.874399999999999240e-03,1.077990000000000059e-01
5.881599999999999849e-03,1.093619999999999870e-01
5.888799999999999590e-03,1.156139999999999946e-01
5.895999999999999332e-03,1.203029999999999933e-01
5.903199999999999940e-03,1.249919999999999920e-01
5.910399999999999682e-03,1.281180000000000097e-01
5.917599999999999423e-03,1.328070000000000084e-01
5.924799999999999164e-03,1.359329999999999983e-01
5.931999999999999773e-03,1.390589999999999882e-01
5.939199999999999514e-03,1.437479999999999869e-01
5.946399999999999256e-03,1.468740000000000046e-01
5.953599999999999864e-03,1.484369999999999856e-01
5.960799999999999606e-03,1.515630000000000033e-01
5.967999999999999347e-03,1.515630000000000033e-01
5.975199999999999088e-03,1.531259999999999843e-01
5.982399999999999697e-03,1.531259999999999843e-01
5.989599999999999438e-03,1.531259999999999843e-01
5.996799999999999180e-03,1.484369999999999856e-01
6.003999999999999788e-03,1.468740000000000046e-01
6.011199999999999530e-03,1.453109999999999957e-01
6.018399999999999271e-03,1.406219999999999970e-01
6.025599999999999880e-03,1.390589999999999882e-01
6.032799999999999621e-03,1.328070000000000084e-01
6.039999999999999362e-03,1.312439999999999996e-01
6.047199999999999104e-03,1.249919999999999920e-01
6.054399999999999712e-03,1.234289999999999971e-01
6.061599999999999454e-03,1.187399999999999983e-01
6.068799999999999195e-03,1.156139999999999946e-01
6.075999999999999804e-03,1.140509999999999857e-01
6.083199999999999545e-03,1.124880000000000047e-01
6.090399999999999286e-03,1.109249999999999958e-01
6.097599999999999895e-03,1.109249999999999958e-01
6.104799999999999637e-03,1.093619999999999870e-01
6.111999999999999378e-03,1.109249999999999958e-01
6.119199999999999119e-03,1.140509999999999857e-01
6.126399999999999728e-03,1.156139999999999946e-01
6.133599999999999469e-03,1.187399999999999983e-01
6.140799999999999211e-03,1.203029999999999933e-01
6.147999999999999819e-03,1.249919999999999920e-01
6.155199999999999561e-03,1.296809999999999907e-01
6.162399999999999302e-03,1.328070000000000084e-01
6.169599999999999911e-03,1.390589999999999882e-01
6.176799999999999652e-03,1.437479999999999869e-01
6.183999999999999393e-03,1.453109999999999957e-01
6.191199999999999135e-03,1.499999999999999944e-01
6.198399999999999743e-03,1.546889999999999932e-01
6.205599999999999485e-03,1.562520000000000020e-01
6.212799999999999226e-03,1.609410000000000007e-01
6.219999999999999835e-03,1.625039999999999818e-01
6.227199999999999576e-03,1.656299999999999994e-01
6.234399999999999317e-03,1.687559999999999893e-01
6.241599999999999926e-03,1.703189999999999982e-01
6.248799999999999667e-03,1.718819999999999792e-01
6.255999999999999409e-03,1.734449999999999881e-01
6.263199999999999150e-03,1.734449999999999881e-01
6.270399999999999759e-03,1.750079999999999969e-01
6.277599999999999500e-03,1.734449999999999881e-01
6.284799999999999241e-03,1.750079999999999969e-01
6.291999999999999850e-03,1.718819999999999792e-01
6.299199999999999591e-03,1.703189999999999982e-01
6.306399999999999333e-03,1.671929999999999805e-01
6.313599999999999074e-03,1.625039999999999818e-01
6.320799999999999683e-03,1.625039999999999818e-01
6.327999999999999424e-03,1.562520000000000020e-01
6.335199999999999165e-03,1.531259999999999843e-01
6.342399999999999774e-03,1.531259999999999843e-01
6.349599999999999515e-03,1.468740000000000046e-01
6.356799999999999257e-03,1.453109999999999957e-01
6.363999999999999865e-03,1.437479999999999869e-01
6.371199999999999607e-03,1.421850000000000058e-01
6.378399999999999348e-03,1.406219999999999970e-01
6.385599999999999089e-03,1.421850000000000058e-01
6.392799999999999698e-03,1.421850000000000058e-01
6.399999999999999439e-03,1.437479999999999869e-01
6.407199999999999181e-03,1.437479999999999869e-01
6.414399999999999789e-03,1.468740000000000046e-01
6.421599999999999531e-03,1.499999999999999944e-01
6.428799999999999272e-03,1.531259999999999843e-01
6.435999999999999881e-03,1.562520000000000020e-01
6.443199999999999622e-03,1.578149999999999831e-01
6.450399999999999363e-03,1.609410000000000007e-01
6.457599999999999105e-03,1.656299999999999994e-01
6.464799999999999713e-03,1.656299999999999994e-01
6.471999999999999455e-03,1.703189999999999982e-01
6.479199999999999196e-03,1.718819999999999792e-01
6.486399999999999805e-03,1.734449999999999881e-01
6.493599999999999546e-03,1.750079999999999969e-01
6.500799999999999287e-03,1.781339999999999868e-01
6.507999999999999896e-03,1.796969999999999956e-01
6.515199999999999637e-03,1.796969999999999956e-01
6.522399999999999379e-03,1.843859999999999943e-01
6.529599999999999120e-03,1.859490000000000032e-01
6.536799999999999729e-03,1.875119999999999842e-01
6.543999999999999470e-03,1.875119999999999842e-01
6.551199999999999211e-03,1.875119999999999842e-01
6.558399999999999820e-03,1.890749999999999931e-01
6.565599999999999561e-03,1.890749999999999931e-01
6.572799999999999303e-03,1.890749999999999931e-01
6.579999999999999911e-03,1.875119999999999842e-01
6.587199999999999653e-03,1.843859999999999943e-01
6.594399999999999394e-03,1.843859999999999943e-01
6.601599999999999135e-03,1.812599999999999767e-01
6.608799999999999744e-03,1.796969999999999956e-01
6.615999999999999485e-03,1.765709999999999780e-01
6.623199999999999227e-03,1.734449999999999881e-01
6.630399999999999835e-03,1.703189999999999982e-01
6.637599999999999577e-03,1.703189999999999982e-01
6.644799999999999318e-03,1.687559999999999893e-01
6.651999999999999059e-03,1.656299999999999994e-01
6.659199999999999668e-03,1.671929999999999805e-01
6.666399999999999409e-03,1.671929999999999805e-01
6.673599999999999151e-03,1.671929999999999805e-01
6.680799999999999760e-03,1.687559999999999893e-01
6.687999999999999501e-03,1.671929999999999805e-01
6.695199999999999242e-03,1.703189999999999982e-01
6.702399999999999851e-03,1.734449999999999881e-01
6.709599999999999592e-03,1.750079999999999969e-01
6.716799999999999334e-03,1.781339999999999868e-01
6.723999999999999075e-03,1.796969999999999956e-01
6.731199999999999684e-03,1.812599999999999767e-01
6.738399999999999425e-03,1.812599999999999767e-01
6.745599999999999166e-03,1.828229999999999855e-01
6.752799999999999775e-03,1.843859999999999943e-01
6.759999999999999516e-03,1.828229999999999855e-01
6.767199999999999258e-03,1.859490000000000032e-01
6.774399999999999866e-03,1.859490000000000032e-01
6.781599999999999608e-03,1.859490000000000032e-01
6.788799999999999349e-03,1.875119999999999842e-01
6.795999999999999090e-03,1.859490000000000032e-01
6.803199999999999699e-03,1.890749999999999931e-01
6.810399999999999440e-03,1.890749999999999931e-01
6.817599999999999182e-03,1.906380000000000019e-01
6.824799999999999790e-03,1.922009999999999830e-01
6.831999999999999532e-03,1.906380000000000019e-01
6.839199999999999273e-03,1.937639999999999918e-01
6.846399999999999882e-03,1.937639999999999918e-01
6.853599999999999623e-03,1.953270000000000006e-01
6.860799999999999364e-03,1.953270000000000006e-01
6.867999999999999106e-03,1.953270000000000006e-01
6.875199999999999714e-03,1.937639999999999918e-01
6.882399999999999456e-03,1.937639999999999918e-01
6.889599999999999197e-03,1.922009999999999830e-01
6.896799999999999806e-03,1.922009999999999830e-01
6.903999999999999547e-03,1.890749999999999931e-01
6.911199999999999288e-03,1.890749999999999931e-01
6.918399999999999897e-03,1.875119999999999842e-01
6.925599999999999638e-03,1.859490000000000032e-01
6.932799999999999380e-03,1.843859999999999943e-01
6.939999999999999121e-03,1.859490000000000032e-01
6.947199999999999730e-03,1.843859999999999943e-01
6.954399999999999471e-03,1.859490000000000032e-01
6.961599999999999212e-03,1.875119999999999842e-01
6.968799999999999821e-03,1.875119999999999842e-01
6.975999999999999562e-03,1.875119999999999842e-01
6.983199999999999304e-03,1.906380000000000019e-01
6.990399999999999045e-03,1.922009999999999830e-01
6.997599999999999654e-03,1.922009999999999830e-01
7.004799999999999395e-03,1.937639999999999918e-01
7.011999999999999136e-03,1.937639999999999918e-01
7.019199999999999745e-03,1.922009999999999830e-01
7.026399999999999486e-03,1.906380000000000019e-01
7.033599999999999228e-03,1.922009999999999830e-01
7.040799999999999836e-03,1.906380000000000019e-01
7.047999999999999578e-03,1.890749999999999931e-01
7.055199999999999319e-03,1.875119999999999842e-01
7.062399999999999060e-03,1.859490000000000032e-01
7.069599999999999669e-03,1.859490000000000032e-01
7.076799999999999410e-03,1.828229999999999855e-01
7.083999999999999152e-03,1.812599999999999767e-01
7.091199999999999760e-03,1.828229999999999855e-01
7.098399999999999502e-03,1.812599999999999767e-01
7.105599999999999243e-03,1.843859999999999943e-01
7.112799999999999852e-03,1.843859999999999943e-01
7.119999999999999593e-03,1.843859999999999943e-01
7.127199999999999334e-03,1.859490000000000032e-01
7.134399999999999076e-03,1.875119999999999842e-01
7.141599999999999684e-03,1.890749999999999931e-01
7.148799999999999426e-03,1.906380000000000019e-01
7.155999999999999167e-03,1.922009999999999830e-01
7.163199999999999776e-03,1.922009999999999830e-01
7.170399999999999517e-03,1.937639999999999918e-01
7.177599999999999258e-03,1.922009999999999830e-01
7.184799999999999867e-03,1.937639999999999918e-01
7.191999999999999608e-03,1.937639999999999918e-01
7.199199999999999350e-03,1.937639999999999918e-01
7.206399999999999091e-03,1.937639999999999918e-01
7.213599999999999700e-03,1.937639999999999918e-01
7.220799999999999441e-03,1.937639999999999918e-01
7.227999999999999182e-03,1.953270000000000006e-01
7.235199999999999791e-03,1.953270000000000006e-01
7.242399999999999533e-03,1.953270000000000006e-01
7.249599999999999274e-03,1.968900000000000095e-01
7.256799999999999883e-03,1.968900000000000095e-01
7.263999999999999624e-03,2.000159999999999993e-01
7.271199999999999365e-03,1.984529999999999905e-01
7.278399999999999107e-03,1.984529999999999905e-01
7.285599999999999715e-03,2.000159999999999993e-01
7.292799999999999457e-03,1.984529999999999905e-01
7.299999999999999198e-03,1.953270000000000006e-01
7.307199999999999807e-03,1.953270000000000006e-01
7.314399999999999548e-03,1.937639999999999918e-01
7.321599999999999289e-03,1.906380000000000019e-01
7.328799999999999031e-03,1.859490000000000032e-01
7.335999999999999639e-03,1.843859999999999943e-01
7.343199999999999381e-03,1.812599999999999767e-01
7.350399999999999122e-03,1.765709999999999780e-01
7.357599999999999731e-03,1.765709999999999780e-01
7.364799999999999472e-03,1.734449999999999881e-01
7.371999999999999213e-03,1.734449999999999881e-01
7.379199999999999822e-03,1.718819999999999792e-01
7.386399999999999563e-03,1.703189999999999982e-01
7.393599999999999305e-03,1.718819999999999792e-01
7.400799999999999046e-03,1.718819999999999792e-01
7.407999999999999655e-03,1.734449999999999881e-01
7.415199999999999396e-03,1.734449999999999881e-01
7.422399999999999137e-03,1.750079999999999969e-01
7.429599999999999746e-03,1.765709999999999780e-01
7.436799999999999487e-03,1.781339999999999868e-01
7.443999999999999229e-03,1.796969999999999956e-01
7.451199999999999837e-03,1.843859999999999943e-01
7.458399999999999579e-03,1.843859999999999943e-01
7.465599999999999320e-03,1.859490000000000032e-01
7.472799999999999061e-03,1.859490000000000032e-01
7.479999999999999670e-03,1.875119999999999842e-01
7.487199999999999411e-03,1.890749999999999931e-01
7.494399999999999153e-03,1.906380000000000019e-01
7.501599999999999761e-03,1.922009999999999830e-01
7.508799999999999503e-03,1.922009999999999830e-01
7.515999999999999244e-03,1.937639999999999918e-01
7.523199999999999853e-03,1.937639999999999918e-01
7.530399999999999594e-03,1.953270000000000006e-01
7.537599999999999335e-03,1.968900000000000095e-01
7.544799999999999077e-03,1.984529999999999905e-01
7.551999999999999685e-03,1.968900000000000095e-01
7.559199999999999427e-03,1.968900000000000095e-01
7.566399999999999168e-03,1.953270000000000006e-01
7.573599999999999777e-03,1.937639999999999918e-01
7.580799999999999518e-03,1.922009999999999830e-01
7.587999999999999259e-03,1.890749999999999931e-01
7.595199999999999868e-03,1.859490000000000032e-01
7.602399999999999609e-03,1.828229999999999855e-01
7.609599999999999351e-03,1.781339999999999868e-01
7.616799999999999092e-03,1.750079999999999969e-01
7.623999999999999701e-03,1.671929999999999805e-01
7.631199999999999442e-03,1.640669999999999906e-01
7.638399999999999183e-03,1.609410000000000007e-01
7.645599999999999792e-03,1.578149999999999831e-01
7.652799999999999533e-03,1.562520000000000020e-01
7.659999999999999275e-03,1.515630000000000033e-01
7.667199999999999016e-03,1.515630000000000033e-01
7.674399999999999625e-03,1.515630000000000033e-01
7.681599999999999366e-03,1.499999999999999944e-01
7.688799999999999107e-03,1.499999999999999944e-01
7.695999999999999716e-03,1.515630000000000033e-01
7.703199999999999457e-03,1.531259999999999843e-01
7.710399999999999199e-03,1.546889999999999932e-01
7.717599999999999807e-03,1.578149999999999831e-01
7.724799999999999549e-03,1.593779999999999919e-01
7.731999999999999290e-03,1.640669999999999906e-01
7.739199999999999899e-03,1.656299999999999994e-01
7.746399999999998773e-03,1.671929999999999805e-01
7.753599999999999381e-03,1.703189999999999982e-01
7.760799999999999990e-03,1.734449999999999881e-01
7.767999999999998864e-03,1.750079999999999969e-01
7.775199999999999473e-03,1.765709999999999780e-01
7.782400000000000082e-03,1.796969999999999956e-01
7.789599999999998955e-03,1.796969999999999956e-01
7.796799999999999564e-03,1.828229999999999855e-01
7.804000000000000173e-03,1.828229999999999855e-01
7.811199999999999047e-03,1.859490000000000032e-01
7.818399999999999656e-03,1.859490000000000032e-01
7.825600000000000264e-03,1.875119999999999842e-01
7.832799999999999138e-03,1.859490000000000032e-01
7.839999999999999747e-03,1.859490000000000032e-01
7.847199999999998621e-03,1.843859999999999943e-01
7.854399999999999230e-03,1.828229999999999855e-01
7.861599999999999838e-03,1.781339999999999868e-01
7.868799999999998712e-03,1.750079999999999969e-01
7.875999999999999321e-03,1.703189999999999982e-01
7.883199999999999930e-03,1.656299999999999994e-01
7.890399999999998804e-03,1.625039999999999818e-01
7.897599999999999412e-03,1.593779999999999919e-01
7.904800000000000021e-03,1.515630000000000033e-01
7.911999999999998895e-03,1.499999999999999944e-01
7.919199999999999504e-03,1.437479999999999869e-01
7.926400000000000112e-03,1.406219999999999970e-01
7.933599999999998986e-03,1.359329999999999983e-01
7.940799999999999595e-03,1.328070000000000084e-01
7.948000000000000204e-03,1.312439999999999996e-01
7.955199999999999078e-03,1.265550000000000008e-01
7.962399999999999686e-03,1.265550000000000008e-01
7.969599999999998560e-03,1.265550000000000008e-01
7.976799999999999169e-03,1.265550000000000008e-01
7.983999999999999778e-03,1.281180000000000097e-01
7.991199999999998652e-03,1.296809999999999907e-01
7.998399999999999260e-03,1.312439999999999996e-01
8.005599999999999869e-03,1.343699999999999894e-01
8.012799999999998743e-03,1.374960000000000071e-01
8.019999999999999352e-03,1.421850000000000058e-01
8.027199999999999960e-03,1.453109999999999957e-01
8.034399999999998834e-03,1.468740000000000046e-01
8.041599999999999443e-03,1.515630000000000033e-01
8.048800000000000052e-03,1.531259999999999843e-01
8.055999999999998926e-03,1.562520000000000020e-01
8.063199999999999534e-03,1.593779999999999919e-01
8.070400000000000143e-03,1.625039999999999818e-01
8.077599999999999017e-03,1.640669999999999906e-01
8.084799999999999626e-03,1.656299999999999994e-01
8.092000000000000234e-03,1.671929999999999805e-01
8.099199999999999108e-03,1.687559999999999893e-01
8.106399999999999717e-03,1.703189999999999982e-01
8.113599999999998591e-03,1.703189999999999982e-01
8.120799999999999200e-03,1.671929999999999805e-01
8.127999999999999808e-03,1.671929999999999805e-01
8.135199999999998682e-03,1.625039999999999818e-01
8.142399999999999291e-03,1.625039999999999818e-01
8.149599999999999900e-03,1.562520000000000020e-01
8.156799999999998774e-03,1.531259999999999843e-01
8.163999999999999382e-03,1.499999999999999944e-01
8.171199999999999991e-03,1.437479999999999869e-01
8.178399999999998865e-03,1.374960000000000071e-01
8.185599999999999474e-03,1.343699999999999894e-01
8.192800000000000082e-03,1.265550000000000008e-01
8.199999999999998956e-03,1.249919999999999920e-01
8.207199999999999565e-03,1.187399999999999983e-01
8.214400000000000174e-03,1.124880000000000047e-01
8.221599999999999048e-03,1.109249999999999958e-01
8.228799999999999656e-03,1.077990000000000059e-01
8.236000000000000265e-03,1.046729999999999883e-01
8.243199999999999139e-03,1.031099999999999933e-01
8.250399999999999748e-03,1.015469999999999984e-01
8.257599999999998622e-03,1.015469999999999984e-01
8.264799999999999230e-03,1.015469999999999984e-01
8.271999999999999839e-03,1.015469999999999984e-01
8.279199999999998713e-03,1.031099999999999933e-01
8.286399999999999322e-03,1.062359999999999971e-01
8.293599999999999930e-03,1.077990000000000059e-01
8.300799999999998804e-03,1.109249999999999958e-01
8.307999999999999413e-03,1.156139999999999946e-01
8.315200000000000022e-03,1.203029999999999933e-01
8.322399999999998896e-03,1.249919999999999920e-01
8.329599999999999504e-03,1.281180000000000097e-01
8.336800000000000113e-03,1.281180000000000097e-01
8.343999999999998987e-03,1.328070000000000084e-01
8.351199999999999596e-03,1.374960000000000071e-01
8.358400000000000205e-03,1.374960000000000071e-01
8.365599999999999078e-03,1.421850000000000058e-01
8.372799999999999687e-03,1.437479999999999869e-01
8.379999999999998561e-03,1.453109999999999957e-01
8.387199999999999170e-03,1.468740000000000046e-01
8.394399999999999779e-03,1.468740000000000046e-01
8.401599999999998653e-03,1.453109999999999957e-01
8.408799999999999261e-03,1.453109999999999957e-01
8.415999999999999870e-03,1.421850000000000058e-01
8.423199999999998744e-03,1.374960000000000071e-01
8.430399999999999353e-03,1.359329999999999983e-01
8.437599999999999961e-03,1.281180000000000097e-01
8.444799999999998835e-03,1.249919999999999920e-01
8.451999999999999444e-03,1.187399999999999983e-01
8.459200000000000053e-03,1.156139999999999946e-01
8.466399999999998927e-03,1.109249999999999958e-01
8.473599999999999535e-03,1.093619999999999870e-01
8.480800000000000144e-03,1.031099999999999933e-01
8.487999999999999018e-03,9.685799999999999965e-02
8.495199999999999627e-03,9.373199999999999588e-02
8.502400000000000235e-03,9.060599999999999210e-02
8.509599999999999109e-03,8.435399999999999843e-02
8.516799999999999718e-03,8.279100000000000348e-02
8.523999999999998592e-03,8.122799999999999465e-02
8.531199999999999201e-03,7.966499999999999970e-02
8.538399999999999809e-03,7.653899999999999593e-02
8.545599999999998683e-03,7.497600000000000098e-02
8.552799999999999292e-03,7.653899999999999593e-02
8.559999999999999901e-03,7.497600000000000098e-02
8.567199999999998775e-03,7.653899999999999593e-02
8.574399999999999383e-03,8.122799999999999465e-02
8.581599999999999992e-03,8.435399999999999843e-02
8.588799999999998866e-03,8.748000000000000220e-02
8.595999999999999475e-03,9.060599999999999210e-02
8.603200000000000083e-03,9.373199999999999588e-02
8.610399999999998957e-03,9.998399999999998955e-02
8.617599999999999566e-03,1.031099999999999933e-01
8.624800000000000175e-03,1.062359999999999971e-01
8.631999999999999049e-03,1.093619999999999870e-01
8.639199999999999657e-03,1.109249999999999958e-01
8.646399999999998531e-03,1.171770000000000034e-01
8.653599999999999140e-03,1.187399999999999983e-01
8.660799999999999749e-03,1.187399999999999983e-01
8.667999999999998623e-03,1.203029999999999933e-01
8.675199999999999231e-03,1.203029999999999933e-01
8.682399999999999840e-03,1.203029999999999933e-01
8.689599999999998714e-03,1.187399999999999983e-01
8.696799999999999323e-03,1.171770000000000034e-01
8.703999999999999931e-03,1.140509999999999857e-01
8.711199999999998805e-03,1.109249999999999958e-01
8.718399999999999414e-03,1.062359999999999971e-01
8.725600000000000023e-03,1.015469999999999984e-01
8.732799999999998897e-03,9.842099999999999460e-02
8.739999999999999505e-03,9.529499999999999083e-02
8.747200000000000114e-03,9.060599999999999210e-02
8.754399999999998988e-03,8.435399999999999843e-02
8.761599999999999597e-03,8.122799999999999465e-02
8.768800000000000205e-03,7.810199999999999088e-02
8.775999999999999079e-03,7.497600000000000098e-02
8.783199999999999688e-03,7.184999999999999720e-02
8.790399999999998562e-03,6.716099999999999848e-02
8.797599999999999171e-03,6.403499999999999470e-02
8.804799999999999779e-03,6.247199999999999975e-02
8.811999999999998653e-03,5.934599999999999598e-02
8.819199999999999262e-03,5.778300000000000103e-02
8.826399999999999871e-03,5.621999999999999220e-02
8.833599999999998745e-03,5.621999999999999220e-02
8.840799999999999353e-03,5.465699999999999725e-02
8.847999999999999962e-03,5.621999999999999220e-02
8.855199999999998836e-03,5.778300000000000103e-02
8.862399999999999445e-03,5.934599999999999598e-02
8.869600000000000053e-03,6.247199999999999975e-02
8.876799999999998927e-03,6.247199999999999975e-02
8.883999999999999536e-03,6.872399999999999343e-02
8.891200000000000145e-03,7.028700000000000225e-02
8.898399999999999019e-03,7.341299999999999215e-02
8.905599999999999627e-03,7.966499999999999970e-02
8.912800000000000236e-03,8.122799999999999465e-02
8.919999999999999110e-03,8.435399999999999843e-02
8.927199999999999719e-03,8.591699999999999338e-02
8.934399999999998593e-03,8.904299999999999715e-02
8.941599999999999202e-03,9.216900000000000093e-02
8.948799999999999810e-03,9.373199999999999588e-02
8.955999999999998684e-03,9.373199999999999588e-02
8.963199999999999293e-03,9.216900000000000093e-02
8.970399999999999902e-03,9.373199999999999588e-02
8.977599999999998776e-03,9.060599999999999210e-02
8.984799999999999384e-03,8.904299999999999715e-02
8.991999999999999993e-03,8.591699999999999338e-02
8.999199999999998867e-03,8.279100000000000348e-02
9.006399999999999476e-03,8.122799999999999465e-02
9.013600000000000084e-03,7.497600000000000098e-02
9.020799999999998958e-03,7.341299999999999215e-02
9.027999999999999567e-03,6.872399999999999343e-02
9.035200000000000176e-03,6.716099999999999848e-02
9.042399999999999050e-03,6.247199999999999975e-02
9.049599999999999658e-03,6.090900000000000480e-02
9.056799999999998532e-03,5.778300000000000103e-02
9.063999999999999141e-03,5.465699999999999725e-02
9.071199999999999750e-03,5.309400000000000230e-02
9.078399999999998624e-03,5.153099999999999348e-02
9.085599999999999232e-03,4.840500000000000358e-02
9.092799999999999841e-03,4.684199999999999475e-02
9.099999999999998715e-03,4.371600000000000485e-02
9.107199999999999324e-03,4.371600000000000485e-02
9.114399999999999932e-03,4.059000000000000108e-02
9.121599999999998806e-03,4.059000000000000108e-02
9.128799999999999415e-03,3.902699999999999225e-02
9.136000000000000024e-03,4.059000000000000108e-02
9.143199999999998898e-03,4.059000000000000108e-02
9.150399999999999506e-03,4.059000000000000108e-02
9.157600000000000115e-03,4.371600000000000485e-02
9.164799999999998989e-03,4.527899999999999980e-02
9.171999999999999598e-03,4.840500000000000358e-02
9.179200000000000206e-03,5.309400000000000230e-02
9.186399999999999080e-03,5.465699999999999725e-02
9.193599999999999689e-03,5.934599999999999598e-02
9.200799999999998563e-03,6.247199999999999975e-02
9.207999999999999172e-03,6.403499999999999470e-02
9.215199999999999780e-03,6.716099999999999848e-02
9.222399999999998654e-03,6.872399999999999343e-02
9.229599999999999263e-03,6.872399999999999343e-02
9.236799999999999872e-03,7.028700000000000225e-02
9.243999999999998746e-03,7.028700000000000225e-02
9.251199999999999354e-03,6.872399999999999343e-02
9.258399999999999963e-03,6.872399999999999343e-02
9.265599999999998837e-03,6.716099999999999848e-02
9.272799999999999446e-03,6.403499999999999470e-02
9.280000000000000054e-03,6.090900000000000480e-02
9.287199999999998928e-03,5.934599999999999598e-02
9.294399999999999537e-03,5.621999999999999220e-02
9.301600000000000146e-03,5.465699999999999725e-02
9.308799999999999020e-03,4.996799999999999853e-02
9.315999999999999628e-03,4.840500000000000358e-02
9.323199999999998502e-03,4.527899999999999980e-02
9.330399999999999111e-03,4.527899999999999980e-02
9.337599999999999720e-03,4.527899999999999980e-02
9.344799999999998594e-03,4.371600000000000485e-02
9.351999999999999202e-03,4.215299999999999603e-02
9.359199999999999811e-03,4.215299999999999603e-02
9.366399999999998685e-03,3.902699999999999225e-02
9.373599999999999294e-03,3.590100000000000235e-02
9.380799999999999902e-03,3.590100000000000235e-02
9.387999999999998776e-03,3.590100000000000235e-02
9.395199999999999385e-03,3.277499999999999858e-02
9.402399999999999994e-03,3.277499999999999858e-02
9.409599999999998868e-03,3.121200000000000363e-02
9.416799999999999476e-03,3.121200000000000363e-02
9.424000000000000085e-03,2.964899999999999480e-02
9.431199999999998959e-03,3.121200000000000363e-02
9.438399999999999568e-03,3.121200000000000363e-02
9.445600000000000177e-03,3.277499999999999858e-02
9.452799999999999050e-03,3.433799999999999353e-02
9.459999999999999659e-03,3.590100000000000235e-02
9.467199999999998533e-03,3.902699999999999225e-02
9.474399999999999142e-03,4.059000000000000108e-02
9.481599999999999751e-03,4.371600000000000485e-02
9.488799999999998624e-03,4.371600000000000485e-02
9.495999999999999233e-03,4.840500000000000358e-02
9.503199999999999842e-03,4.996799999999999853e-02
9.510399999999998716e-03,5.153099999999999348e-02
9.517599999999999325e-03,4.996799999999999853e-02
9.524799999999999933e-03,5.153099999999999348e-02
9.531999999999998807e-03,5.153099999999999348e-02
9.539199999999999416e-03,4.996799999999999853e-02
9.546400000000000025e-03,4.840500000000000358e-02
9.553599999999998899e-03,4.527899999999999980e-02
9.560799999999999507e-03,4.527899999999999980e-02
9.568000000000000116e-03,4.371600000000000485e-02
9.575199999999998990e-03,3.902699999999999225e-02
9.582399999999999599e-03,3.902699999999999225e-02
9.589600000000000207e-03,3.746399999999999730e-02
9.596799999999999081e-03,3.746399999999999730e-02
9.603999999999999690e-03,3.746399999999999730e-02
9.611199999999998564e-03,3.590100000000000235e-02
9.618399999999999173e-03,3.746399999999999730e-02
9.625599999999999781e-03,3.590100000000000235e-02
9.632799999999998655e-03,3.746399999999999730e-02
9.639999999999999264e-03,3.746399999999999730e-02
9.647199999999999873e-03,3.746399999999999730e-02
9.654399999999998747e-03,3.590100000000000235e-02
9.661599999999999355e-03,3.590100000000000235e-02
9.668799999999999964e-03,3.590100000000000235e-02
9.675999999999998838e-03,3.277499999999999858e-02
9.683199999999999447e-03,3.277499999999999858e-02
9.690400000000000055e-03,3.121200000000000363e-02
9.697599999999998929e-03,2.964899999999999480e-02
9.704799999999999538e-03,2.808599999999999985e-02
9.712000000000000147e-03,2.808599999999999985e-02
9.719199999999999021e-03,2.652300000000000491e-02
9.726399999999999629e-03,2.964899999999999480e-02
9.733599999999998503e-03,2.808599999999999985e-02
9.740799999999999112e-03,2.964899999999999480e-02
9.747999999999999721e-03,2.964899999999999480e-02
9.755199999999998595e-03,3.121200000000000363e-02
9.762399999999999203e-03,3.121200000000000363e-02
9.769599999999999812e-03,3.433799999999999353e-02
9.776799999999998686e-03,3.433799999999999353e-02
9.783999999999999295e-03,3.590100000000000235e-02
9.791199999999999903e-03,3.746399999999999730e-02
9.798399999999998777e-03,3.746399999999999730e-02
9.805599999999999386e-03,3.746399999999999730e-02
9.812799999999999995e-03,3.590100000000000235e-02
9.819999999999998869e-03,3.433799999999999353e-02
9.827199999999999477e-03,3.433799999999999353e-02
9.834400000000000086e-03,3.433799999999999353e-02
9.841599999999998960e-03,3.277499999999999858e-02
9.848799999999999569e-03,2.964899999999999480e-02
9.856000000000000177e-03,2.964899999999999480e-02
9.863199999999999051e-03,2.964899999999999480e-02
9.870399999999999660e-03,2.808599999999999985e-02
9.877599999999998534e-03,3.121200000000000363e-02
9.884799999999999143e-03,3.121200000000000363e-02
9.891999999999999751e-03,3.121200000000000363e-02
9.899199999999998625e-03,3.277499999999999858e-02
9.906399999999999234e-03,3.433799999999999353e-02
9.913599999999999843e-03,3.433799999999999353e-02
9.920799999999998717e-03,3.590100000000000235e-02
9.927999999999999325e-03,3.746399999999999730e-02
9.935199999999999934e-03,3.902699999999999225e-02
9.942399999999998808e-03,3.902699999999999225e-02
9.949599999999999417e-03,4.059000000000000108e-02
9.956800000000000025e-03,4.059000000000000108e-02
9.963999999999998899e-03,3.746399999999999730e-02
9.971199999999999508e-03,3.746399999999999730e-02
9.978400000000000117e-03,3.590100000000000235e-02
9.985599999999998991e-03,3.590100000000000235e-02
9.992799999999999599e-03,3.433799999999999353e-02
9.999999999999998473e-03,3.277499999999999858e-02
1.000719999999999908e-02,3.121200000000000363e-02
1.001439999999999969e-02,3.121200000000000363e-02
1.002159999999999856e-02,2.964899999999999480e-02
1.002879999999999917e-02,2.964899999999999480e-02
1.003599999999999978e-02,2.964899999999999480e-02
1.004319999999999866e-02,2.808599999999999985e-02
1.005039999999999926e-02,3.121200000000000363e-02
1.005759999999999987e-02,2.964899999999999480e-02
1.006479999999999875e-02,2.964899999999999480e-02
1.007199999999999936e-02,3.121200000000000363e-02
1.007919999999999996e-02,2.808599999999999985e-02
1.008639999999999884e-02,2.964899999999999480e-02
1.009359999999999945e-02,2.808599999999999985e-02
1.010080000000000006e-02,2.808599999999999985e-02
1.010799999999999893e-02,2.652300000000000491e-02
1.011519999999999954e-02,2.652300000000000491e-02
1.012240000000000015e-02,2.496000000000000996e-02
1.012959999999999902e-02,2.496000000000000996e-02
1.013679999999999963e-02,2.339700000000000113e-02
1.014399999999999850e-02,2.339700000000000113e-02
1.015119999999999911e-02,2.496000000000000996e-02
1.015839999999999972e-02,2.652300000000000491e-02
1.016559999999999860e-02,2.964899999999999480e-02
1.017279999999999920e-02,3.121200000000000363e-02
1.017999999999999981e-02,3.277499999999999858e-02
1.018719999999999869e-02,3.590100000000000235e-02
1.019439999999999930e-02,4.059000000000000108e-02
1.020159999999999990e-02,4.215299999999999603e-02
1.020879999999999878e-02,4.527899999999999980e-02
1.021599999999999939e-02,4.527899999999999980e-02
1.022320000000000000e-02,4.840500000000000358e-02
1.023039999999999887e-02,4.840500000000000358e-02
1.023759999999999948e-02,4.996799999999999853e-02
1.024480000000000009e-02,4.840500000000000358e-02
1.025199999999999896e-02,4.840500000000000358e-02
1.025919999999999957e-02,4.840500000000000358e-02
1.026640000000000018e-02,4.684199999999999475e-02
1.027359999999999905e-02,4.371600000000000485e-02
1.028079999999999966e-02,4.527899999999999980e-02
1.028799999999999853e-02,4.371600000000000485e-02
1.029519999999999914e-02,3.902699999999999225e-02
1.030239999999999975e-02,3.746399999999999730e-02
1.030959999999999863e-02,3.746399999999999730e-02
1.031679999999999923e-02,3.433799999999999353e-02
1.032399999999999984e-02,3.433799999999999353e-02
1.033119999999999872e-02,3.277499999999999858e-02
1.033839999999999933e-02,3.277499999999999858e-02
1.034559999999999994e-02,3.121200000000000363e-02
1.035279999999999881e-02,3.121200000000000363e-02
1.035999999999999942e-02,2.964899999999999480e-02
1.036720000000000003e-02,2.808599999999999985e-02
1.037439999999999890e-02,2.808599999999999985e-02
1.038159999999999951e-02,2.652300000000000491e-02
1.038880000000000012e-02,2.652300000000000491e-02
1.039599999999999899e-02,2.652300000000000491e-02
1.040319999999999960e-02,2.496000000000000996e-02
1.041039999999999847e-02,2.496000000000000996e-02
1.041759999999999908e-02,2.496000000000000996e-02
1.042479999999999969e-02,2.496000000000000996e-02
1.043199999999999857e-02,2.652300000000000491e-02
1.043919999999999917e-02,2.964899999999999480e-02
1.044639999999999978e-02,3.121200000000000363e-02
1.045359999999999866e-02,3.590100000000000235e-02
1.046079999999999927e-02,4.059000000000000108e-02
1.046799999999999987e-02,4.371600000000000485e-02
1.047519999999999875e-02,4.527899999999999980e-02
1.048239999999999936e-02,4.840500000000000358e-02
1.048959999999999997e-02,5.465699999999999725e-02
1.049679999999999884e-02,5.934599999999999598e-02
1.050399999999999945e-02,6.090900000000000480e-02
1.051120000000000006e-02,6.403499999999999470e-02
1.051839999999999893e-02,6.559800000000000353e-02
1.052559999999999954e-02,6.403499999999999470e-02
1.053280000000000015e-02,6.716099999999999848e-02
1.053999999999999902e-02,6.716099999999999848e-02
1.054719999999999963e-02,6.559800000000000353e-02
1.055439999999999851e-02,6.247199999999999975e-02
1.056159999999999911e-02,6.090900000000000480e-02
1.056879999999999972e-02,6.090900000000000480e-02
1.057599999999999860e-02,5.621999999999999220e-02
1.058319999999999921e-02,5.465699999999999725e-02
1.059039999999999981e-02,5.309400000000000230e-02
1.059759999999999869e-02,4.840500000000000358e-02
1.060479999999999930e-02,4.840500000000000358e-02
1.061199999999999991e-02,4.527899999999999980e-02
1.061919999999999878e-02,4.371600000000000485e-02
1.062639999999999939e-02,4.215299999999999603e-02
1.063360000000000000e-02,4.059000000000000108e-02
1.064079999999999887e-02,3.902699999999999225e-02
1.064799999999999948e-02,3.746399999999999730e-02
1.065520000000000009e-02,3.590100000000000235e-02
1.066239999999999896e-02,3.433799999999999353e-02
1.066959999999999957e-02,3.277499999999999858e-02
1.067679999999999844e-02,3.121200000000000363e-02
1.068399999999999905e-02,3.121200000000000363e-02
1.069119999999999966e-02,3.121200000000000363e-02
1.069839999999999854e-02,3.121200000000000363e-02
1.070559999999999914e-02,3.277499999999999858e-02
1.071279999999999975e-02,3.433799999999999353e-02
1.071999999999999863e-02,3.590100000000000235e-02
1.072719999999999924e-02,4.215299999999999603e-02
1.073439999999999984e-02,4.215299999999999603e-02
1.074159999999999872e-02,4.840500000000000358e-02
1.074879999999999933e-02,5.465699999999999725e-02
1.075599999999999994e-02,5.934599999999999598e-02
1.076319999999999881e-02,6.403499999999999470e-02
1.077039999999999942e-02,6.559800000000000353e-02
1.077760000000000003e-02,6.872399999999999343e-02
1.078479999999999890e-02,7.653899999999999593e-02
1.079199999999999951e-02,7.810199999999999088e-02
1.079920000000000012e-02,8.279100000000000348e-02
1.080639999999999899e-02,8.435399999999999843e-02
1.081359999999999960e-02,8.591699999999999338e-02
1.082079999999999848e-02,8.591699999999999338e-02
1.082799999999999908e-02,8.591699999999999338e-02
1.083519999999999969e-02,8.591699999999999338e-02
1.084239999999999857e-02,8.279100000000000348e-02
1.084959999999999918e-02,8.279100000000000348e-02
1.085679999999999978e-02,7.810199999999999088e-02
1.086399999999999866e-02,7.810199999999999088e-02
1.087119999999999927e-02,7.341299999999999215e-02
1.087839999999999988e-02,7.028700000000000225e-02
1.088559999999999875e-02,6.559800000000000353e-02
1.089279999999999936e-02,6.559800000000000353e-02
1.089999999999999997e-02,6.247199999999999975e-02
1.090719999999999884e-02,5.778300000000000103e-02
1.091439999999999945e-02,5.465699999999999725e-02
1.092160000000000006e-02,5.309400000000000230e-02
1.092879999999999893e-02,4.996799999999999853e-02
1.093599999999999954e-02,4.996799999999999853e-02
1.094320000000000015e-02,4.684199999999999475e-02
1.095039999999999902e-02,4.371600000000000485e-02
1.095759999999999963e-02,4.527899999999999980e-02
1.096479999999999851e-02,4.215299999999999603e-02
1.097199999999999911e-02,4.215299999999999603e-02
1.097919999999999972e-02,4.527899999999999980e-02
1.098639999999999860e-02,4.527899999999999980e-02
1.099359999999999921e-02,4.840500000000000358e-02
1.100079999999999981e-02,4.996799999999999853e-02
1.100799999999999869e-02,5.309400000000000230e-02
1.101519999999999930e-02,5.778300000000000103e-02
1.102239999999999991e-02,6.247199999999999975e-02
1.102959999999999878e-02,6.559800000000000353e-02
1.103679999999999939e-02,7.028700000000000225e-02
1.104400000000000000e-02,7.966499999999999970e-02
1.105119999999999887e-02,8.122799999999999465e-02
1.105839999999999948e-02,8.591699999999999338e-02
1.106560000000000009e-02,9.216900000000000093e-02
1.107279999999999896e-02,9.373199999999999588e-02
1.107999999999999957e-02,9.998399999999998955e-02
1.108719999999999845e-02,1.015469999999999984e-01
1.109439999999999905e-02,1.046729999999999883e-01
1.110159999999999966e-02,1.062359999999999971e-01
1.110879999999999854e-02,1.062359999999999971e-01
1.111599999999999915e-02,1.062359999999999971e-01
1.112319999999999975e-02,1.062359999999999971e-01
1.113039999999999863e-02,1.031099999999999933e-01
1.113759999999999924e-02,1.031099999999999933e-01
1.114479999999999985e-02,9.842099999999999460e-02
1.115199999999999872e-02,9.529499999999999083e-02
1.115919999999999933e-02,9.216900000000000093e-02
1.116639999999999994e-02,9.060599999999999210e-02
1.117359999999999881e-02,8.591699999999999338e-02
1.118079999999999942e-02,8.279100000000000348e-02
1.118800000000000003e-02,7.653899999999999593e-02
1.119519999999999890e-02,7.497600000000000098e-02
1.120239999999999951e-02,7.028700000000000225e-02
1.120960000000000012e-02,6.872399999999999343e-02
1.121679999999999899e-02,6.559800000000000353e-02
1.122399999999999960e-02,6.559800000000000353e-02
1.123119999999999848e-02,6.247199999999999975e-02
1.123839999999999908e-02,6.090900000000000480e-02
1.124559999999999969e-02,6.090900000000000480e-02
1.125279999999999857e-02,5.778300000000000103e-02
1.125999999999999918e-02,5.934599999999999598e-02
1.126719999999999978e-02,6.090900000000000480e-02
1.127439999999999866e-02,6.247199999999999975e-02
1.128159999999999927e-02,6.559800000000000353e-02
1.128879999999999988e-02,6.716099999999999848e-02
1.129599999999999875e-02,7.341299999999999215e-02
1.130319999999999936e-02,7.810199999999999088e-02
1.131039999999999997e-02,7.966499999999999970e-02
1.131759999999999884e-02,8.904299999999999715e-02
1.132479999999999945e-02,9.060599999999999210e-02
1.133200000000000006e-02,9.842099999999999460e-02
1.133919999999999893e-02,1.031099999999999933e-01
1.134639999999999954e-02,1.077990000000000059e-01
1.135359999999999842e-02,1.077990000000000059e-01
1.136079999999999902e-02,1.140509999999999857e-01
1.136799999999999963e-02,1.156139999999999946e-01
1.137519999999999851e-02,1.203029999999999933e-01
1.138239999999999912e-02,1.218660000000000021e-01
1.138959999999999972e-02,1.265550000000000008e-01
1.139679999999999860e-02,1.265550000000000008e-01
1.140399999999999921e-02,1.249919999999999920e-01
1.141119999999999982e-02,1.249919999999999920e-01
1.141839999999999869e-02,1.249919999999999920e-01
1.142559999999999930e-02,1.218660000000000021e-01
1.143279999999999991e-02,1.171770000000000034e-01
1.143999999999999878e-02,1.156139999999999946e-01
1.144719999999999939e-02,1.093619999999999870e-01
1.145440000000000000e-02,1.077990000000000059e-01
1.146159999999999887e-02,1.046729999999999883e-01
1.146879999999999948e-02,1.015469999999999984e-01
1.147600000000000009e-02,9.685799999999999965e-02
1.148319999999999896e-02,9.216900000000000093e-02
1.149039999999999957e-02,8.904299999999999715e-02
1.149759999999999845e-02,8.591699999999999338e-02
1.150479999999999906e-02,8.279100000000000348e-02
1.151199999999999966e-02,8.122799999999999465e-02
1.151919999999999854e-02,7.810199999999999088e-02
1.152639999999999915e-02,7.653899999999999593e-02
1.153359999999999976e-02,7.653899999999999593e-02
1.154079999999999863e-02,7.653899999999999593e-02
1.154799999999999924e-02,7.653899999999999593e-02
1.155519999999999985e-02,7.810199999999999088e-02
1.156239999999999872e-02,8.122799999999999465e-02
1.156959999999999933e-02,8.591699999999999338e-02
1.157679999999999994e-02,9.060599999999999210e-02
1.158399999999999881e-02,9.216900000000000093e-02
1.159119999999999942e-02,9.373199999999999588e-02
1.159840000000000003e-02,1.031099999999999933e-01
1.160559999999999890e-02,1.077990000000000059e-01
1.161279999999999951e-02,1.124880000000000047e-01
1.162000000000000012e-02,1.187399999999999983e-01
1.162719999999999899e-02,1.203029999999999933e-01
1.163439999999999960e-02,1.249919999999999920e-01
1.164159999999999848e-02,1.281180000000000097e-01
1.164879999999999909e-02,1.343699999999999894e-01
1.165599999999999969e-02,1.374960000000000071e-01
1.166319999999999857e-02,1.374960000000000071e-01
1.167039999999999918e-02,1.406219999999999970e-01
1.167759999999999979e-02,1.437479999999999869e-01
1.168479999999999866e-02,1.437479999999999869e-01
1.169199999999999927e-02,1.437479999999999869e-01
1.169919999999999988e-02,1.421850000000000058e-01
1.170639999999999875e-02,1.406219999999999970e-01
1.171359999999999936e-02,1.374960000000000071e-01
1.172079999999999997e-02,1.374960000000000071e-01
1.172799999999999884e-02,1.312439999999999996e-01
1.173519999999999945e-02,1.296809999999999907e-01
1.174240000000000006e-02,1.234289999999999971e-01
1.174959999999999893e-02,1.218660000000000021e-01
1.175679999999999954e-02,1.156139999999999946e-01
1.176399999999999842e-02,1.140509999999999857e-01
1.177119999999999903e-02,1.093619999999999870e-01
1.177839999999999963e-02,1.031099999999999933e-01
1.178559999999999851e-02,1.015469999999999984e-01
1.179279999999999912e-02,9.998399999999998955e-02
1.179999999999999973e-02,9.685799999999999965e-02
1.180719999999999860e-02,9.529499999999999083e-02
1.181439999999999921e-02,9.373199999999999588e-02
1.182159999999999982e-02,9.373199999999999588e-02
1.182879999999999869e-02,9.373199999999999588e-02
1.183599999999999930e-02,9.529499999999999083e-02
1.184319999999999991e-02,9.842099999999999460e-02
1.185039999999999878e-02,1.015469999999999984e-01
1.185759999999999939e-02,1.031099999999999933e-01
1.186480000000000000e-02,1.093619999999999870e-01
1.187199999999999887e-02,1.124880000000000047e-01
1.187919999999999948e-02,1.156139999999999946e-01
1.188640000000000009e-02,1.187399999999999983e-01
1.189359999999999896e-02,1.249919999999999920e-01
1.190079999999999957e-02,1.328070000000000084e-01
1.190799999999999845e-02,1.359329999999999983e-01
1.191519999999999906e-02,1.374960000000000071e-01
1.192239999999999966e-02,1.437479999999999869e-01
1.192959999999999854e-02,1.468740000000000046e-01
1.193679999999999915e-02,1.484369999999999856e-01
1.194399999999999976e-02,1.531259999999999843e-01
1.195119999999999863e-02,1.562520000000000020e-01
1.195839999999999924e-02,1.578149999999999831e-01
1.196559999999999985e-02,1.593779999999999919e-01
1.197279999999999872e-02,1.593779999999999919e-01
1.197999999999999933e-02,1.593779999999999919e-01
1.198719999999999994e-02,1.578149999999999831e-01
1.199439999999999881e-02,1.578149999999999831e-01
1.200159999999999942e-02,1.546889999999999932e-01
1.200880000000000003e-02,1.515630000000000033e-01
1.201599999999999890e-02,1.468740000000000046e-01
1.202319999999999951e-02,1.437479999999999869e-01
1.203039999999999839e-02,1.406219999999999970e-01
1.203759999999999900e-02,1.359329999999999983e-01
1.204479999999999960e-02,1.328070000000000084e-01
1.205199999999999848e-02,1.281180000000000097e-01
1.205919999999999909e-02,1.234289999999999971e-01
1.206639999999999970e-02,1.218660000000000021e-01
1.207359999999999857e-02,1.187399999999999983e-01
1.208079999999999918e-02,1.140509999999999857e-01
1.208799999999999979e-02,1.124880000000000047e-01
1.209519999999999866e-02,1.124880000000000047e-01
1.210239999999999927e-02,1.109249999999999958e-01
1.210959999999999988e-02,1.093619999999999870e-01
1.211679999999999875e-02,1.124880000000000047e-01
1.212399999999999936e-02,1.140509999999999857e-01
1.213119999999999997e-02,1.171770000000000034e-01
1.213839999999999884e-02,1.187399999999999983e-01
1.214559999999999945e-02,1.218660000000000021e-01
1.215280000000000006e-02,1.265550000000000008e-01
1.215999999999999893e-02,1.312439999999999996e-01
1.216719999999999954e-02,1.343699999999999894e-01
1.217439999999999842e-02,1.374960000000000071e-01
1.218159999999999903e-02,1.437479999999999869e-01
1.218879999999999963e-02,1.468740000000000046e-01
1.219599999999999851e-02,1.499999999999999944e-01
1.220319999999999912e-02,1.546889999999999932e-01
1.221039999999999973e-02,1.546889999999999932e-01
1.221759999999999860e-02,1.609410000000000007e-01
1.222479999999999921e-02,1.640669999999999906e-01
1.223199999999999982e-02,1.656299999999999994e-01
1.223919999999999869e-02,1.671929999999999805e-01
1.224639999999999930e-02,1.687559999999999893e-01
1.225359999999999991e-02,1.718819999999999792e-01
1.226079999999999878e-02,1.718819999999999792e-01
1.226799999999999939e-02,1.718819999999999792e-01
1.227520000000000000e-02,1.703189999999999982e-01
1.228239999999999887e-02,1.687559999999999893e-01
1.228959999999999948e-02,1.671929999999999805e-01
1.229680000000000009e-02,1.640669999999999906e-01
1.230399999999999897e-02,1.625039999999999818e-01
1.231119999999999957e-02,1.562520000000000020e-01
1.231839999999999845e-02,1.546889999999999932e-01
1.232559999999999906e-02,1.499999999999999944e-01
1.233279999999999967e-02,1.468740000000000046e-01
1.233999999999999854e-02,1.421850000000000058e-01
1.234719999999999915e-02,1.390589999999999882e-01
1.235439999999999976e-02,1.359329999999999983e-01
1.236159999999999863e-02,1.312439999999999996e-01
1.236879999999999924e-02,1.296809999999999907e-01
1.237599999999999985e-02,1.281180000000000097e-01
1.238319999999999872e-02,1.265550000000000008e-01
1.239039999999999933e-02,1.265550000000000008e-01
1.239759999999999994e-02,1.281180000000000097e-01
1.240479999999999881e-02,1.281180000000000097e-01
1.241199999999999942e-02,1.296809999999999907e-01
1.241920000000000003e-02,1.328070000000000084e-01
1.242639999999999890e-02,1.343699999999999894e-01
1.243359999999999951e-02,1.390589999999999882e-01
1.244079999999999839e-02,1.406219999999999970e-01
1.244799999999999900e-02,1.453109999999999957e-01
1.245519999999999960e-02,1.484369999999999856e-01
1.246239999999999848e-02,1.546889999999999932e-01
1.246959999999999909e-02,1.562520000000000020e-01
1.247679999999999970e-02,1.593779999999999919e-01
1.248399999999999857e-02,1.640669999999999906e-01
1.249119999999999918e-02,1.656299999999999994e-01
1.249839999999999979e-02,1.671929999999999805e-01
1.250559999999999866e-02,1.718819999999999792e-01
1.251279999999999927e-02,1.750079999999999969e-01
1.251999999999999988e-02,1.750079999999999969e-01
1.252719999999999875e-02,1.781339999999999868e-01
1.253439999999999936e-02,1.796969999999999956e-01
1.254159999999999997e-02,1.796969999999999956e-01
1.254879999999999884e-02,1.812599999999999767e-01
1.255599999999999945e-02,1.812599999999999767e-01
1.256320000000000006e-02,1.812599999999999767e-01
1.257039999999999894e-02,1.796969999999999956e-01
1.257759999999999954e-02,1.765709999999999780e-01
1.258479999999999842e-02,1.765709999999999780e-01
1.259199999999999903e-02,1.703189999999999982e-01
1.259919999999999964e-02,1.671929999999999805e-01
1.260639999999999851e-02,1.671929999999999805e-01
1.261359999999999912e-02,1.625039999999999818e-01
1.262079999999999973e-02,1.578149999999999831e-01
1.262799999999999860e-02,1.546889999999999932e-01
1.263519999999999921e-02,1.515630000000000033e-01
1.264239999999999982e-02,1.484369999999999856e-01
1.264959999999999869e-02,1.453109999999999957e-01
1.265679999999999930e-02,1.437479999999999869e-01
1.266399999999999991e-02,1.406219999999999970e-01
1.267119999999999878e-02,1.437479999999999869e-01
1.267839999999999939e-02,1.421850000000000058e-01
1.268560000000000000e-02,1.437479999999999869e-01
1.269279999999999888e-02,1.453109999999999957e-01
1.269999999999999948e-02,1.468740000000000046e-01
1.270719999999999836e-02,1.515630000000000033e-01
1.271439999999999897e-02,1.515630000000000033e-01
1.272159999999999958e-02,1.546889999999999932e-01
1.272879999999999845e-02,1.578149999999999831e-01
1.273599999999999906e-02,1.625039999999999818e-01
1.274319999999999967e-02,1.640669999999999906e-01
1.275039999999999854e-02,1.671929999999999805e-01
1.275759999999999915e-02,1.671929999999999805e-01
1.276479999999999976e-02,1.734449999999999881e-01
1.277199999999999863e-02,1.734449999999999881e-01
1.277919999999999924e-02,1.750079999999999969e-01
1.278639999999999985e-02,1.781339999999999868e-01
1.279359999999999872e-02,1.796969999999999956e-01
1.280079999999999933e-02,1.812599999999999767e-01
1.280799999999999994e-02,1.843859999999999943e-01
1.281519999999999881e-02,1.859490000000000032e-01
1.282239999999999942e-02,1.875119999999999842e-01
1.282960000000000003e-02,1.875119999999999842e-01
1.283679999999999891e-02,1.890749999999999931e-01
1.284399999999999951e-02,1.890749999999999931e-01
1.285119999999999839e-02,1.890749999999999931e-01
1.285839999999999900e-02,1.875119999999999842e-01
1.286559999999999961e-02,1.859490000000000032e-01
1.287279999999999848e-02,1.828229999999999855e-01
1.287999999999999909e-02,1.828229999999999855e-01
1.288719999999999970e-02,1.796969999999999956e-01
1.289439999999999857e-02,1.765709999999999780e-01
1.290159999999999918e-02,1.750079999999999969e-01
1.290879999999999979e-02,1.703189999999999982e-01
1.291599999999999866e-02,1.671929999999999805e-01
1.292319999999999927e-02,1.640669999999999906e-01
1.293039999999999988e-02,1.625039999999999818e-01
1.293759999999999875e-02,1.593779999999999919e-01
1.294479999999999936e-02,1.578149999999999831e-01
1.295199999999999997e-02,1.593779999999999919e-01
1.295919999999999885e-02,1.593779999999999919e-01
1.296639999999999945e-02,1.578149999999999831e-01
1.297360000000000006e-02,1.593779999999999919e-01
1.298079999999999894e-02,1.609410000000000007e-01
1.298799999999999955e-02,1.640669999999999906e-01
1.299519999999999842e-02,1.656299999999999994e-01
1.300239999999999903e-02,1.671929999999999805e-01
1.300959999999999964e-02,1.718819999999999792e-01
1.301679999999999851e-02,1.734449999999999881e-01
1.302399999999999912e-02,1.750079999999999969e-01
1.303119999999999973e-02,1.781339999999999868e-01
1.303839999999999860e-02,1.796969999999999956e-01
1.304559999999999921e-02,1.812599999999999767e-01
1.305279999999999982e-02,1.828229999999999855e-01
1.305999999999999869e-02,1.828229999999999855e-01
1.306719999999999930e-02,1.843859999999999943e-01
1.307439999999999991e-02,1.859490000000000032e-01
1.308159999999999878e-02,1.875119999999999842e-01
1.308879999999999939e-02,1.906380000000000019e-01
1.309600000000000000e-02,1.906380000000000019e-01
1.310319999999999888e-02,1.906380000000000019e-01
1.311039999999999948e-02,1.937639999999999918e-01
1.311759999999999836e-02,1.937639999999999918e-01
1.312479999999999897e-02,1.937639999999999918e-01
1.313199999999999958e-02,1.953270000000000006e-01
1.313919999999999845e-02,1.937639999999999918e-01
1.314639999999999906e-02,1.953270000000000006e-01
1.315359999999999967e-02,1.922009999999999830e-01
1.316079999999999854e-02,1.906380000000000019e-01
1.316799999999999915e-02,1.890749999999999931e-01
1.317519999999999976e-02,1.875119999999999842e-01
1.318239999999999863e-02,1.843859999999999943e-01
1.318959999999999924e-02,1.812599999999999767e-01
1.319679999999999985e-02,1.796969999999999956e-01
1.320399999999999872e-02,1.765709999999999780e-01
1.321119999999999933e-02,1.750079999999999969e-01
1.321839999999999994e-02,1.718819999999999792e-01
1.322559999999999882e-02,1.718819999999999792e-01
1.323279999999999942e-02,1.718819999999999792e-01
1.324000000000000003e-02,1.703189999999999982e-01
1.324719999999999891e-02,1.718819999999999792e-01
1.325439999999999952e-02,1.718819999999999792e-01
1.326159999999999839e-02,1.718819999999999792e-01
1.326879999999999900e-02,1.765709999999999780e-01
1.327599999999999961e-02,1.765709999999999780e-01
1.328319999999999848e-02,1.781339999999999868e-01
1.329039999999999909e-02,1.796969999999999956e-01
1.329759999999999970e-02,1.812599999999999767e-01
1.330479999999999857e-02,1.843859999999999943e-01
1.331199999999999918e-02,1.843859999999999943e-01
1.331919999999999979e-02,1.843859999999999943e-01
1.332639999999999866e-02,1.859490000000000032e-01
1.333359999999999927e-02,1.859490000000000032e-01
1.334079999999999988e-02,1.859490000000000032e-01
1.334799999999999875e-02,1.875119999999999842e-01
1.335519999999999936e-02,1.890749999999999931e-01
1.336239999999999997e-02,1.875119999999999842e-01
1.336959999999999885e-02,1.890749999999999931e-01
1.337679999999999945e-02,1.906380000000000019e-01
1.338399999999999833e-02,1.922009999999999830e-01
1.339119999999999894e-02,1.937639999999999918e-01
1.339839999999999955e-02,1.953270000000000006e-01
1.340559999999999842e-02,1.953270000000000006e-01
1.341279999999999903e-02,1.953270000000000006e-01
1.341999999999999964e-02,1.953270000000000006e-01
1.342719999999999851e-02,1.968900000000000095e-01
1.343439999999999912e-02,1.968900000000000095e-01
1.344159999999999973e-02,1.953270000000000006e-01
1.344879999999999860e-02,1.937639999999999918e-01
1.345599999999999921e-02,1.937639999999999918e-01
1.346319999999999982e-02,1.922009999999999830e-01
1.347039999999999869e-02,1.906380000000000019e-01
1.347759999999999930e-02,1.890749999999999931e-01
1.348479999999999991e-02,1.859490000000000032e-01
1.349199999999999879e-02,1.843859999999999943e-01
1.349919999999999939e-02,1.828229999999999855e-01
1.350640000000000000e-02,1.812599999999999767e-01
1.351359999999999888e-02,1.812599999999999767e-01
1.352079999999999949e-02,1.812599999999999767e-01
1.352799999999999836e-02,1.796969999999999956e-01
1.353519999999999897e-02,1.812599999999999767e-01
1.354239999999999958e-02,1.828229999999999855e-01
1.354959999999999845e-02,1.843859999999999943e-01
1.355679999999999906e-02,1.843859999999999943e-01
1.356399999999999967e-02,1.859490000000000032e-01
1.357119999999999854e-02,1.890749999999999931e-01
1.357839999999999915e-02,1.890749999999999931e-01
1.358559999999999976e-02,1.906380000000000019e-01
1.359279999999999863e-02,1.906380000000000019e-01
1.359999999999999924e-02,1.922009999999999830e-01
1.360719999999999985e-02,1.906380000000000019e-01
1.361439999999999872e-02,1.906380000000000019e-01
1.362159999999999933e-02,1.890749999999999931e-01
1.362879999999999994e-02,1.890749999999999931e-01
1.363599999999999882e-02,1.890749999999999931e-01
1.364319999999999942e-02,1.890749999999999931e-01
1.365040000000000003e-02,1.890749999999999931e-01
1.365759999999999891e-02,1.890749999999999931e-01
1.366479999999999952e-02,1.890749999999999931e-01
1.367199999999999839e-02,1.890749999999999931e-01
1.367919999999999900e-02,1.906380000000000019e-01
1.368639999999999961e-02,1.922009999999999830e-01
1.369359999999999848e-02,1.937639999999999918e-01
1.370079999999999909e-02,1.937639999999999918e-01
1.370799999999999970e-02,1.968900000000000095e-01
1.371519999999999857e-02,1.953270000000000006e-01
1.372239999999999918e-02,1.968900000000000095e-01
1.372959999999999979e-02,1.968900000000000095e-01
1.373679999999999866e-02,1.953270000000000006e-01
1.374399999999999927e-02,1.937639999999999918e-01
1.375119999999999988e-02,1.937639999999999918e-01
1.375839999999999876e-02,1.937639999999999918e-01
1.376559999999999936e-02,1.906380000000000019e-01
1.377279999999999997e-02,1.922009999999999830e-01
1.377999999999999885e-02,1.890749999999999931e-01
1.378719999999999946e-02,1.890749999999999931e-01
1.379439999999999833e-02,1.890749999999999931e-01
1.380159999999999894e-02,1.890749999999999931e-01
1.380879999999999955e-02,1.890749999999999931e-01
1.381599999999999842e-02,1.906380000000000019e-01
1.382319999999999903e-02,1.906380000000000019e-01
1.383039999999999964e-02,1.922009999999999830e-01
1.383759999999999851e-02,1.922009999999999830e-01
1.384479999999999912e-02,1.937639999999999918e-01
1.385199999999999973e-02,1.953270000000000006e-01
1.385919999999999860e-02,1.953270000000000006e-01
1.386639999999999921e-02,1.953270000000000006e-01
1.387359999999999982e-02,1.968900000000000095e-01
1.388079999999999870e-02,1.953270000000000006e-01
1.388799999999999930e-02,1.953270000000000006e-01
1.389519999999999991e-02,1.922009999999999830e-01
1.390239999999999879e-02,1.922009999999999830e-01
1.390959999999999940e-02,1.890749999999999931e-01
1.391680000000000000e-02,1.890749999999999931e-01
1.392399999999999888e-02,1.890749999999999931e-01
1.393119999999999949e-02,1.859490000000000032e-01
1.393839999999999836e-02,1.859490000000000032e-01
1.394559999999999897e-02,1.859490000000000032e-01
1.395279999999999958e-02,1.843859999999999943e-01
1.395999999999999845e-02,1.859490000000000032e-01
1.396719999999999906e-02,1.859490000000000032e-01
1.397439999999999967e-02,1.859490000000000032e-01
1.398159999999999854e-02,1.875119999999999842e-01
1.398879999999999915e-02,1.922009999999999830e-01
1.399599999999999976e-02,1.906380000000000019e-01
1.400319999999999863e-02,1.922009999999999830e-01
1.401039999999999924e-02,1.922009999999999830e-01
1.401759999999999985e-02,1.953270000000000006e-01
1.402479999999999873e-02,1.937639999999999918e-01
1.403199999999999933e-02,1.937639999999999918e-01
1.403919999999999994e-02,1.937639999999999918e-01
1.404639999999999882e-02,1.922009999999999830e-01
1.405359999999999943e-02,1.922009999999999830e-01
1.406079999999999830e-02,1.937639999999999918e-01
1.406799999999999891e-02,1.922009999999999830e-01
1.407519999999999952e-02,1.922009999999999830e-01
1.408239999999999839e-02,1.922009999999999830e-01
1.408959999999999900e-02,1.937639999999999918e-01
1.409679999999999961e-02,1.953270000000000006e-01
1.410399999999999848e-02,1.953270000000000006e-01
1.411119999999999909e-02,1.953270000000000006e-01
1.411839999999999970e-02,1.968900000000000095e-01
1.412559999999999857e-02,1.984529999999999905e-01
1.413279999999999918e-02,1.968900000000000095e-01
1.413999999999999979e-02,1.984529999999999905e-01
1.414719999999999867e-02,1.984529999999999905e-01
1.415439999999999927e-02,1.968900000000000095e-01
1.416159999999999988e-02,1.968900000000000095e-01
1.416879999999999876e-02,1.937639999999999918e-01
1.417599999999999937e-02,1.922009999999999830e-01
1.418319999999999997e-02,1.906380000000000019e-01
1.419039999999999885e-02,1.875119999999999842e-01
1.419759999999999946e-02,1.859490000000000032e-01
1.420479999999999833e-02,1.828229999999999855e-01
1.421199999999999894e-02,1.828229999999999855e-01
1.421919999999999955e-02,1.796969999999999956e-01
1.422639999999999842e-02,1.781339999999999868e-01
1.423359999999999903e-02,1.781339999999999868e-01
1.424079999999999964e-02,1.765709999999999780e-01
1.424799999999999851e-02,1.781339999999999868e-01
1.425519999999999912e-02,1.781339999999999868e-01
1.426239999999999973e-02,1.796969999999999956e-01
1.426959999999999860e-02,1.812599999999999767e-01
1.427679999999999921e-02,1.812599999999999767e-01
1.428399999999999982e-02,1.843859999999999943e-01
1.429119999999999870e-02,1.843859999999999943e-01
1.429839999999999930e-02,1.859490000000000032e-01
1.430559999999999991e-02,1.875119999999999842e-01
1.431279999999999879e-02,1.890749999999999931e-01
