PURE SILICA, ELECTRODE=TUNGSTEN, TIME=35, POLING_VOLTAGE=3700, WAVELENGTH=1.55e-06, EFFECTIVE_DISTANCE=3.1e-05, POLED_LENGTH=0.3, CORE_INDEX=1.45, POLE=MAX, AC_VOLTAGE=995.625, AC_FREQUENCY=4300, PIEZO_FREQUENCY=86.0
Time(s),Voltage(V)
0.000000000000000000e+00,1.343750000000000153e-02
5.800000000000000373e-06,1.312500000000000125e-02
1.160000000000000075e-05,1.250000000000000416e-02
1.740000000000000281e-05,1.218750000000000389e-02
2.320000000000000149e-05,1.156250000000000333e-02
2.900000000000000017e-05,1.218750000000000389e-02
3.480000000000000563e-05,1.250000000000000416e-02
4.060000000000000430e-05,1.250000000000000416e-02
4.640000000000000298e-05,1.406250000000000208e-02
5.220000000000000166e-05,1.468750000000000264e-02
5.800000000000000034e-05,1.593750000000000375e-02
6.380000000000000580e-05,1.750000000000000167e-02
6.960000000000001125e-05,1.906250000000000305e-02
7.540000000000000315e-05,1.968750000000000361e-02
8.120000000000000861e-05,2.031250000000000416e-02
8.700000000000000051e-05,2.062500000000000444e-02
9.280000000000000597e-05,2.000000000000000389e-02
9.860000000000001142e-05,1.968750000000000361e-02
1.044000000000000033e-04,1.937500000000000333e-02
1.102000000000000088e-04,2.062500000000000444e-02
1.160000000000000007e-04,2.093750000000000472e-02
1.218000000000000061e-04,2.000000000000000389e-02
1.276000000000000116e-04,1.937500000000000333e-02
1.334000000000000170e-04,1.875000000000000278e-02
1.392000000000000225e-04,1.843750000000000250e-02
1.450000000000000009e-04,1.843750000000000250e-02
1.508000000000000063e-04,1.937500000000000333e-02
1.566000000000000118e-04,2.062500000000000444e-02
1.624000000000000172e-04,2.125000000000000500e-02
1.682000000000000227e-04,2.250000000000000264e-02
1.740000000000000010e-04,2.312500000000000319e-02
1.798000000000000065e-04,2.375000000000000375e-02
1.856000000000000119e-04,2.468750000000000111e-02
1.914000000000000174e-04,2.531250000000000167e-02
1.972000000000000228e-04,2.531250000000000167e-02
2.030000000000000012e-04,2.468750000000000111e-02
2.088000000000000066e-04,2.343750000000000347e-02
2.146000000000000121e-04,2.312500000000000319e-02
2.204000000000000176e-04,2.250000000000000264e-02
2.262000000000000230e-04,2.218750000000000236e-02
2.320000000000000014e-04,2.156250000000000527e-02
2.378000000000000068e-04,2.093750000000000472e-02
2.436000000000000123e-04,2.000000000000000389e-02
2.493999999999999906e-04,1.968750000000000361e-02
2.552000000000000232e-04,1.843750000000000250e-02
2.610000000000000015e-04,1.781250000000000194e-02
2.668000000000000341e-04,1.750000000000000167e-02
2.726000000000000124e-04,1.656250000000000430e-02
2.784000000000000450e-04,1.593750000000000375e-02
2.842000000000000234e-04,1.593750000000000375e-02
2.900000000000000017e-04,1.531250000000000319e-02
2.958000000000000343e-04,1.500000000000000291e-02
3.016000000000000126e-04,1.468750000000000264e-02
3.074000000000000452e-04,1.343750000000000153e-02
3.132000000000000235e-04,1.375000000000000180e-02
3.190000000000000019e-04,1.343750000000000153e-02
3.248000000000000344e-04,1.343750000000000153e-02
3.306000000000000128e-04,1.406250000000000208e-02
3.364000000000000453e-04,1.406250000000000208e-02
3.422000000000000237e-04,1.375000000000000180e-02
3.480000000000000020e-04,1.375000000000000180e-02
3.538000000000000346e-04,1.406250000000000208e-02
3.596000000000000130e-04,1.500000000000000291e-02
3.654000000000000455e-04,1.562500000000000347e-02
3.712000000000000239e-04,1.656250000000000430e-02
3.770000000000000022e-04,1.687500000000000458e-02
3.828000000000000348e-04,1.812500000000000222e-02
3.886000000000000131e-04,1.875000000000000278e-02
3.944000000000000457e-04,1.937500000000000333e-02
4.002000000000000240e-04,2.000000000000000389e-02
4.060000000000000024e-04,2.031250000000000416e-02
4.118000000000000349e-04,2.062500000000000444e-02
4.176000000000000133e-04,2.062500000000000444e-02
4.234000000000000459e-04,2.062500000000000444e-02
4.292000000000000242e-04,2.125000000000000500e-02
4.350000000000000026e-04,2.093750000000000472e-02
4.408000000000000351e-04,2.125000000000000500e-02
4.466000000000000135e-04,2.093750000000000472e-02
4.524000000000000460e-04,2.000000000000000389e-02
4.582000000000000244e-04,1.968750000000000361e-02
4.640000000000000027e-04,1.875000000000000278e-02
4.698000000000000353e-04,1.812500000000000222e-02
4.756000000000000136e-04,1.781250000000000194e-02
4.814000000000000462e-04,1.687500000000000458e-02
4.872000000000000245e-04,1.625000000000000402e-02
4.930000000000000571e-04,1.562500000000000347e-02
4.987999999999999812e-04,1.531250000000000319e-02
5.046000000000000138e-04,1.468750000000000264e-02
5.104000000000000464e-04,1.406250000000000208e-02
5.162000000000000789e-04,1.375000000000000180e-02
5.220000000000000031e-04,1.343750000000000153e-02
5.278000000000000356e-04,1.250000000000000416e-02
5.336000000000000682e-04,1.250000000000000416e-02
5.393999999999999923e-04,1.218750000000000389e-02
5.452000000000000249e-04,1.156250000000000333e-02
5.510000000000000574e-04,1.156250000000000333e-02
5.568000000000000900e-04,1.125000000000000305e-02
5.626000000000000141e-04,1.125000000000000305e-02
5.684000000000000467e-04,1.125000000000000305e-02
5.742000000000000793e-04,1.062500000000000250e-02
5.800000000000000034e-04,1.125000000000000305e-02
5.858000000000000360e-04,1.156250000000000333e-02
5.916000000000000685e-04,1.218750000000000389e-02
5.973999999999999927e-04,1.281250000000000444e-02
6.032000000000000252e-04,1.406250000000000208e-02
6.090000000000000578e-04,1.531250000000000319e-02
6.148000000000000903e-04,1.687500000000000458e-02
6.206000000000000145e-04,1.781250000000000194e-02
6.264000000000000470e-04,1.875000000000000278e-02
6.322000000000000796e-04,1.968750000000000361e-02
6.380000000000000037e-04,2.062500000000000444e-02
6.438000000000000363e-04,2.125000000000000500e-02
6.496000000000000689e-04,2.156250000000000527e-02
6.553999999999999930e-04,2.281250000000000291e-02
6.612000000000000256e-04,2.281250000000000291e-02
6.670000000000000581e-04,2.312500000000000319e-02
6.728000000000000907e-04,2.312500000000000319e-02
6.786000000000000148e-04,2.250000000000000264e-02
6.844000000000000474e-04,2.218750000000000236e-02
6.902000000000000799e-04,2.125000000000000500e-02
6.960000000000000041e-04,2.062500000000000444e-02
7.018000000000000366e-04,2.000000000000000389e-02
7.076000000000000692e-04,1.937500000000000333e-02
7.133999999999999933e-04,1.843750000000000250e-02
7.192000000000000259e-04,1.812500000000000222e-02
7.250000000000000585e-04,1.687500000000000458e-02
7.308000000000000910e-04,1.656250000000000430e-02
7.366000000000000152e-04,1.593750000000000375e-02
7.424000000000000477e-04,1.531250000000000319e-02
7.482000000000000803e-04,1.468750000000000264e-02
7.540000000000000044e-04,1.406250000000000208e-02
7.598000000000000370e-04,1.375000000000000180e-02
7.656000000000000695e-04,1.312500000000000125e-02
7.714000000000001021e-04,1.312500000000000125e-02
7.772000000000000262e-04,1.250000000000000416e-02
7.830000000000000588e-04,1.218750000000000389e-02
7.888000000000000914e-04,1.187500000000000361e-02
7.946000000000000155e-04,1.187500000000000361e-02
8.004000000000000481e-04,1.218750000000000389e-02
8.062000000000000806e-04,1.250000000000000416e-02
8.120000000000000048e-04,1.250000000000000416e-02
8.178000000000000373e-04,1.312500000000000125e-02
8.236000000000000699e-04,1.406250000000000208e-02
8.294000000000001024e-04,1.500000000000000291e-02
8.352000000000000266e-04,1.593750000000000375e-02
8.410000000000000591e-04,1.656250000000000430e-02
8.468000000000000917e-04,1.750000000000000167e-02
8.526000000000000158e-04,1.906250000000000305e-02
8.584000000000000484e-04,2.000000000000000389e-02
8.642000000000000810e-04,2.125000000000000500e-02
8.700000000000000051e-04,2.187500000000000555e-02
8.758000000000000377e-04,2.312500000000000319e-02
8.816000000000000702e-04,2.343750000000000347e-02
8.874000000000001028e-04,2.437500000000000083e-02
8.932000000000000269e-04,2.468750000000000111e-02
8.990000000000000595e-04,2.468750000000000111e-02
9.048000000000000920e-04,2.468750000000000111e-02
9.106000000000000162e-04,2.437500000000000083e-02
9.164000000000000487e-04,2.375000000000000375e-02
9.222000000000000813e-04,2.312500000000000319e-02
9.280000000000000054e-04,2.250000000000000264e-02
9.338000000000000380e-04,2.156250000000000527e-02
9.396000000000000706e-04,2.062500000000000444e-02
9.454000000000001031e-04,2.000000000000000389e-02
9.512000000000000273e-04,1.906250000000000305e-02
9.570000000000000598e-04,1.875000000000000278e-02
9.628000000000000924e-04,1.812500000000000222e-02
9.686000000000000165e-04,1.718750000000000139e-02
9.744000000000000491e-04,1.625000000000000402e-02
9.802000000000000816e-04,1.593750000000000375e-02
9.860000000000001142e-04,1.531250000000000319e-02
9.918000000000001468e-04,1.468750000000000264e-02
9.975999999999999625e-04,1.437500000000000236e-02
1.003399999999999995e-03,1.375000000000000180e-02
1.009200000000000028e-03,1.375000000000000180e-02
1.015000000000000060e-03,1.312500000000000125e-02
1.020800000000000093e-03,1.312500000000000125e-02
1.026600000000000125e-03,1.343750000000000153e-02
1.032400000000000158e-03,1.375000000000000180e-02
1.038199999999999974e-03,1.406250000000000208e-02
1.044000000000000006e-03,1.468750000000000264e-02
1.049800000000000039e-03,1.593750000000000375e-02
1.055600000000000071e-03,1.656250000000000430e-02
1.061400000000000104e-03,1.781250000000000194e-02
1.067200000000000136e-03,1.875000000000000278e-02
1.073000000000000169e-03,1.968750000000000361e-02
1.078799999999999985e-03,2.062500000000000444e-02
1.084600000000000017e-03,2.125000000000000500e-02
1.090400000000000050e-03,2.250000000000000264e-02
1.096200000000000082e-03,2.375000000000000375e-02
1.102000000000000115e-03,2.437500000000000083e-02
1.107800000000000147e-03,2.531250000000000167e-02
1.113600000000000180e-03,2.531250000000000167e-02
1.119399999999999996e-03,2.593750000000000222e-02
1.125200000000000028e-03,2.593750000000000222e-02
1.131000000000000061e-03,2.656250000000000278e-02
1.136800000000000093e-03,2.656250000000000278e-02
1.142600000000000126e-03,2.656250000000000278e-02
1.148400000000000159e-03,2.625000000000000250e-02
1.154199999999999974e-03,2.625000000000000250e-02
1.160000000000000007e-03,2.562500000000000194e-02
1.165800000000000039e-03,2.562500000000000194e-02
1.171600000000000072e-03,2.437500000000000083e-02
1.177400000000000104e-03,2.406250000000000056e-02
1.183200000000000137e-03,2.343750000000000347e-02
1.189000000000000170e-03,2.250000000000000264e-02
1.194799999999999985e-03,2.187500000000000555e-02
1.200600000000000018e-03,2.125000000000000500e-02
1.206400000000000050e-03,2.031250000000000416e-02
1.212200000000000083e-03,1.968750000000000361e-02
1.218000000000000116e-03,1.937500000000000333e-02
1.223800000000000148e-03,1.906250000000000305e-02
1.229600000000000181e-03,1.843750000000000250e-02
1.235399999999999996e-03,1.812500000000000222e-02
1.241200000000000029e-03,1.812500000000000222e-02
1.247000000000000062e-03,1.843750000000000250e-02
1.252800000000000094e-03,1.812500000000000222e-02
1.258600000000000127e-03,1.875000000000000278e-02
1.264400000000000159e-03,1.906250000000000305e-02
1.270199999999999975e-03,1.937500000000000333e-02
1.276000000000000007e-03,2.031250000000000416e-02
1.281800000000000040e-03,2.062500000000000444e-02
1.287600000000000073e-03,2.187500000000000555e-02
1.293400000000000105e-03,2.281250000000000291e-02
1.299200000000000138e-03,2.375000000000000375e-02
1.305000000000000170e-03,2.437500000000000083e-02
1.310799999999999986e-03,2.562500000000000194e-02
1.316600000000000019e-03,2.656250000000000278e-02
1.322400000000000051e-03,2.781250000000000389e-02
1.328200000000000084e-03,2.812500000000000416e-02
1.334000000000000116e-03,2.937500000000000527e-02
1.339800000000000149e-03,3.000000000000000236e-02
1.345600000000000181e-03,3.062500000000000291e-02
1.351399999999999997e-03,3.125000000000000000e-02
1.357200000000000030e-03,3.156250000000000028e-02
1.363000000000000062e-03,3.156250000000000028e-02
1.368800000000000095e-03,3.156250000000000028e-02
1.374600000000000127e-03,3.156250000000000028e-02
1.380400000000000160e-03,3.156250000000000028e-02
1.386200000000000192e-03,3.062500000000000291e-02
1.392000000000000008e-03,3.031250000000000264e-02
1.397800000000000041e-03,2.906250000000000500e-02
1.403600000000000073e-03,2.875000000000000472e-02
1.409400000000000106e-03,2.781250000000000389e-02
1.415200000000000138e-03,2.656250000000000278e-02
1.421000000000000171e-03,2.625000000000000250e-02
1.426799999999999987e-03,2.562500000000000194e-02
1.432600000000000019e-03,2.437500000000000083e-02
1.438400000000000052e-03,2.375000000000000375e-02
1.444200000000000084e-03,2.281250000000000291e-02
1.450000000000000117e-03,2.187500000000000555e-02
1.455800000000000149e-03,2.156250000000000527e-02
1.461600000000000182e-03,2.125000000000000500e-02
1.467399999999999998e-03,2.093750000000000472e-02
1.473200000000000030e-03,2.062500000000000444e-02
1.479000000000000063e-03,2.031250000000000416e-02
1.484800000000000095e-03,2.062500000000000444e-02
1.490600000000000128e-03,2.093750000000000472e-02
1.496400000000000161e-03,2.125000000000000500e-02
1.502200000000000193e-03,2.156250000000000527e-02
1.508000000000000009e-03,2.218750000000000236e-02
1.513800000000000041e-03,2.281250000000000291e-02
1.519600000000000074e-03,2.406250000000000056e-02
1.525400000000000107e-03,2.468750000000000111e-02
1.531200000000000139e-03,2.531250000000000167e-02
1.537000000000000172e-03,2.656250000000000278e-02
1.542800000000000204e-03,2.750000000000000361e-02
1.548600000000000020e-03,2.812500000000000416e-02
1.554400000000000052e-03,2.906250000000000500e-02
1.560200000000000085e-03,2.968750000000000208e-02
1.566000000000000118e-03,3.031250000000000264e-02
1.571800000000000150e-03,3.093750000000000319e-02
1.577600000000000183e-03,3.156250000000000028e-02
1.583399999999999998e-03,3.187500000000000056e-02
1.589200000000000031e-03,3.218750000000000083e-02
1.595000000000000064e-03,3.250000000000000111e-02
1.600800000000000096e-03,3.281250000000000139e-02
1.606600000000000129e-03,3.281250000000000139e-02
1.612400000000000161e-03,3.250000000000000111e-02
1.618200000000000194e-03,3.187500000000000056e-02
1.624000000000000010e-03,3.125000000000000000e-02
1.629800000000000042e-03,3.062500000000000291e-02
1.635600000000000075e-03,2.968750000000000208e-02
1.641400000000000107e-03,2.875000000000000472e-02
1.647200000000000140e-03,2.812500000000000416e-02
1.653000000000000172e-03,2.750000000000000361e-02
1.658800000000000205e-03,2.656250000000000278e-02
1.664600000000000021e-03,2.531250000000000167e-02
1.670400000000000053e-03,2.500000000000000139e-02
1.676200000000000086e-03,2.468750000000000111e-02
1.682000000000000118e-03,2.375000000000000375e-02
1.687800000000000151e-03,2.343750000000000347e-02
1.693600000000000183e-03,2.312500000000000319e-02
1.699400000000000216e-03,2.312500000000000319e-02
1.705200000000000032e-03,2.281250000000000291e-02
1.711000000000000064e-03,2.312500000000000319e-02
1.716800000000000097e-03,2.312500000000000319e-02
1.722600000000000129e-03,2.406250000000000056e-02
1.728400000000000162e-03,2.437500000000000083e-02
1.734200000000000194e-03,2.500000000000000139e-02
1.740000000000000010e-03,2.625000000000000250e-02
1.745800000000000043e-03,2.687500000000000305e-02
1.751600000000000075e-03,2.781250000000000389e-02
1.757400000000000108e-03,2.812500000000000416e-02
1.763200000000000140e-03,2.937500000000000527e-02
1.769000000000000173e-03,3.000000000000000236e-02
1.774800000000000206e-03,3.093750000000000319e-02
1.780600000000000021e-03,3.125000000000000000e-02
1.786400000000000054e-03,3.218750000000000083e-02
1.792200000000000086e-03,3.250000000000000111e-02
1.798000000000000119e-03,3.312500000000000167e-02
1.803800000000000152e-03,3.375000000000000222e-02
1.809600000000000184e-03,3.406250000000000250e-02
1.815400000000000217e-03,3.468750000000000305e-02
1.821200000000000032e-03,3.562500000000000389e-02
1.827000000000000065e-03,3.593750000000000416e-02
1.832800000000000097e-03,3.562500000000000389e-02
1.838600000000000130e-03,3.625000000000000444e-02
1.844400000000000163e-03,3.593750000000000416e-02
1.850200000000000195e-03,3.562500000000000389e-02
1.856000000000000011e-03,3.562500000000000389e-02
1.861800000000000043e-03,3.531250000000000361e-02
1.867600000000000076e-03,3.437500000000000278e-02
1.873400000000000109e-03,3.375000000000000222e-02
1.879200000000000141e-03,3.312500000000000167e-02
1.885000000000000174e-03,3.187500000000000056e-02
1.890800000000000206e-03,3.125000000000000000e-02
1.896600000000000022e-03,3.031250000000000264e-02
1.902400000000000055e-03,3.000000000000000236e-02
1.908200000000000087e-03,2.937500000000000527e-02
1.914000000000000120e-03,2.875000000000000472e-02
1.919800000000000152e-03,2.875000000000000472e-02
1.925600000000000185e-03,2.843750000000000444e-02
1.931400000000000217e-03,2.875000000000000472e-02
1.937200000000000033e-03,2.875000000000000472e-02
1.943000000000000066e-03,2.875000000000000472e-02
1.948800000000000098e-03,2.875000000000000472e-02
1.954599999999999914e-03,2.968750000000000208e-02
1.960400000000000163e-03,3.000000000000000236e-02
1.966199999999999979e-03,3.031250000000000264e-02
1.972000000000000228e-03,3.125000000000000000e-02
1.977800000000000044e-03,3.218750000000000083e-02
1.983600000000000294e-03,3.250000000000000111e-02
1.989400000000000109e-03,3.343750000000000194e-02
1.995199999999999925e-03,3.375000000000000222e-02
2.001000000000000174e-03,3.406250000000000250e-02
2.006799999999999990e-03,3.468750000000000305e-02
2.012600000000000239e-03,3.468750000000000305e-02
2.018400000000000055e-03,3.531250000000000361e-02
2.024200000000000305e-03,3.500000000000000333e-02
2.030000000000000120e-03,3.562500000000000389e-02
2.035799999999999936e-03,3.593750000000000416e-02
2.041600000000000185e-03,3.593750000000000416e-02
2.047400000000000001e-03,3.656250000000000472e-02
2.053200000000000251e-03,3.687500000000000500e-02
2.059000000000000066e-03,3.750000000000000555e-02
2.064800000000000316e-03,3.750000000000000555e-02
2.070600000000000131e-03,3.781250000000000583e-02
2.076399999999999947e-03,3.781250000000000583e-02
2.082200000000000197e-03,3.812500000000000611e-02
2.088000000000000012e-03,3.781250000000000583e-02
2.093800000000000262e-03,3.781250000000000583e-02
2.099600000000000077e-03,3.687500000000000500e-02
2.105400000000000327e-03,3.656250000000000472e-02
2.111200000000000142e-03,3.625000000000000444e-02
2.116999999999999958e-03,3.593750000000000416e-02
2.122800000000000208e-03,3.562500000000000389e-02
2.128600000000000023e-03,3.500000000000000333e-02
2.134400000000000273e-03,3.500000000000000333e-02
2.140200000000000088e-03,3.437500000000000278e-02
2.146000000000000338e-03,3.437500000000000278e-02
2.151800000000000154e-03,3.437500000000000278e-02
2.157599999999999969e-03,3.437500000000000278e-02
2.163400000000000219e-03,3.406250000000000250e-02
2.169200000000000034e-03,3.500000000000000333e-02
2.175000000000000284e-03,3.500000000000000333e-02
2.180800000000000100e-03,3.562500000000000389e-02
2.186600000000000349e-03,3.625000000000000444e-02
2.192400000000000165e-03,3.687500000000000500e-02
2.198199999999999980e-03,3.718750000000000527e-02
2.204000000000000230e-03,3.718750000000000527e-02
2.209800000000000045e-03,3.781250000000000583e-02
2.215600000000000295e-03,3.812500000000000611e-02
2.221400000000000111e-03,3.812500000000000611e-02
2.227200000000000360e-03,3.812500000000000611e-02
2.233000000000000176e-03,3.781250000000000583e-02
2.238799999999999991e-03,3.781250000000000583e-02
2.244600000000000241e-03,3.718750000000000527e-02
2.250400000000000057e-03,3.687500000000000500e-02
2.256200000000000306e-03,3.687500000000000500e-02
2.262000000000000122e-03,3.625000000000000444e-02
2.267799999999999937e-03,3.593750000000000416e-02
2.273600000000000187e-03,3.593750000000000416e-02
2.279400000000000003e-03,3.593750000000000416e-02
2.285200000000000252e-03,3.625000000000000444e-02
2.291000000000000068e-03,3.625000000000000444e-02
2.296800000000000317e-03,3.656250000000000472e-02
2.302600000000000133e-03,3.718750000000000527e-02
2.308399999999999948e-03,3.718750000000000527e-02
2.314200000000000198e-03,3.781250000000000583e-02
2.320000000000000014e-03,3.781250000000000583e-02
2.325800000000000263e-03,3.781250000000000583e-02
2.331600000000000079e-03,3.687500000000000500e-02
2.337400000000000328e-03,3.625000000000000444e-02
2.343200000000000144e-03,3.562500000000000389e-02
2.348999999999999960e-03,3.500000000000000333e-02
2.354800000000000209e-03,3.437500000000000278e-02
2.360600000000000025e-03,3.375000000000000222e-02
2.366400000000000274e-03,3.343750000000000194e-02
2.372200000000000090e-03,3.250000000000000111e-02
2.378000000000000339e-03,3.218750000000000083e-02
2.383800000000000155e-03,3.187500000000000056e-02
2.389599999999999971e-03,3.156250000000000028e-02
2.395400000000000220e-03,3.156250000000000028e-02
2.401200000000000036e-03,3.156250000000000028e-02
2.407000000000000285e-03,3.187500000000000056e-02
2.412800000000000101e-03,3.187500000000000056e-02
2.418600000000000350e-03,3.250000000000000111e-02
2.424400000000000166e-03,3.281250000000000139e-02
2.430199999999999982e-03,3.343750000000000194e-02
2.436000000000000231e-03,3.406250000000000250e-02
2.441800000000000047e-03,3.500000000000000333e-02
2.447600000000000296e-03,3.500000000000000333e-02
2.453400000000000112e-03,3.562500000000000389e-02
2.459200000000000361e-03,3.625000000000000444e-02
2.465000000000000177e-03,3.687500000000000500e-02
2.470799999999999993e-03,3.718750000000000527e-02
2.476600000000000242e-03,3.750000000000000555e-02
2.482400000000000058e-03,3.781250000000000583e-02
2.488200000000000307e-03,3.843750000000000638e-02
2.494000000000000123e-03,3.875000000000000666e-02
2.499800000000000372e-03,3.906250000000000000e-02
2.505600000000000188e-03,3.906250000000000000e-02
2.511400000000000004e-03,3.968750000000000056e-02
2.517200000000000253e-03,4.000000000000000083e-02
2.523000000000000069e-03,3.968750000000000056e-02
2.528800000000000318e-03,4.000000000000000083e-02
2.534600000000000134e-03,3.968750000000000056e-02
2.540399999999999950e-03,3.968750000000000056e-02
2.546200000000000199e-03,3.937500000000000722e-02
2.552000000000000015e-03,3.812500000000000611e-02
2.557800000000000264e-03,3.781250000000000583e-02
2.563600000000000080e-03,3.687500000000000500e-02
2.569400000000000329e-03,3.625000000000000444e-02
2.575200000000000145e-03,3.500000000000000333e-02
2.580999999999999961e-03,3.500000000000000333e-02
2.586800000000000210e-03,3.375000000000000222e-02
2.592600000000000026e-03,3.250000000000000111e-02
2.598400000000000275e-03,3.187500000000000056e-02
2.604200000000000091e-03,3.093750000000000319e-02
2.610000000000000341e-03,3.062500000000000291e-02
2.615800000000000156e-03,3.000000000000000236e-02
2.621599999999999972e-03,2.968750000000000208e-02
2.627400000000000221e-03,2.937500000000000527e-02
2.633200000000000037e-03,2.937500000000000527e-02
2.639000000000000287e-03,2.906250000000000500e-02
2.644800000000000102e-03,2.968750000000000208e-02
2.650600000000000352e-03,2.968750000000000208e-02
2.656400000000000167e-03,3.000000000000000236e-02
2.662199999999999983e-03,3.062500000000000291e-02
2.668000000000000232e-03,3.125000000000000000e-02
2.673800000000000048e-03,3.156250000000000028e-02
2.679600000000000298e-03,3.250000000000000111e-02
2.685400000000000113e-03,3.312500000000000167e-02
2.691200000000000363e-03,3.375000000000000222e-02
2.697000000000000178e-03,3.406250000000000250e-02
2.702799999999999994e-03,3.437500000000000278e-02
2.708600000000000244e-03,3.468750000000000305e-02
2.714400000000000059e-03,3.531250000000000361e-02
2.720200000000000309e-03,3.531250000000000361e-02
2.726000000000000124e-03,3.593750000000000416e-02
2.731800000000000374e-03,3.593750000000000416e-02
2.737600000000000190e-03,3.656250000000000472e-02
2.743400000000000005e-03,3.656250000000000472e-02
2.749200000000000255e-03,3.687500000000000500e-02
2.755000000000000070e-03,3.718750000000000527e-02
2.760800000000000320e-03,3.750000000000000555e-02
2.766600000000000135e-03,3.750000000000000555e-02
2.772400000000000385e-03,3.718750000000000527e-02
2.778200000000000201e-03,3.656250000000000472e-02
2.784000000000000016e-03,3.625000000000000444e-02
2.789800000000000266e-03,3.562500000000000389e-02
2.795600000000000081e-03,3.468750000000000305e-02
2.801400000000000331e-03,3.437500000000000278e-02
2.807200000000000147e-03,3.312500000000000167e-02
2.813000000000000396e-03,3.250000000000000111e-02
2.818800000000000212e-03,3.156250000000000028e-02
2.824600000000000027e-03,3.062500000000000291e-02
2.830400000000000277e-03,3.000000000000000236e-02
2.836200000000000093e-03,2.906250000000000500e-02
2.842000000000000342e-03,2.843750000000000444e-02
2.847800000000000158e-03,2.812500000000000416e-02
2.853599999999999973e-03,2.781250000000000389e-02
2.859400000000000223e-03,2.718750000000000333e-02
2.865200000000000038e-03,2.718750000000000333e-02
2.871000000000000288e-03,2.750000000000000361e-02
2.876800000000000104e-03,2.781250000000000389e-02
2.882600000000000353e-03,2.812500000000000416e-02
2.888400000000000169e-03,2.875000000000000472e-02
2.894199999999999984e-03,2.937500000000000527e-02
2.900000000000000234e-03,2.968750000000000208e-02
2.905800000000000050e-03,3.062500000000000291e-02
2.911600000000000299e-03,3.156250000000000028e-02
2.917400000000000115e-03,3.187500000000000056e-02
2.923200000000000364e-03,3.250000000000000111e-02
2.929000000000000180e-03,3.281250000000000139e-02
2.934799999999999996e-03,3.343750000000000194e-02
2.940600000000000245e-03,3.406250000000000250e-02
2.946400000000000061e-03,3.437500000000000278e-02
2.952200000000000310e-03,3.468750000000000305e-02
2.958000000000000126e-03,3.468750000000000305e-02
2.963800000000000375e-03,3.500000000000000333e-02
2.969600000000000191e-03,3.562500000000000389e-02
2.975400000000000007e-03,3.562500000000000389e-02
2.981200000000000256e-03,3.625000000000000444e-02
2.987000000000000072e-03,3.656250000000000472e-02
2.992800000000000321e-03,3.687500000000000500e-02
2.998600000000000137e-03,3.750000000000000555e-02
3.004400000000000386e-03,3.718750000000000527e-02
3.010200000000000202e-03,3.750000000000000555e-02
3.016000000000000018e-03,3.750000000000000555e-02
3.021800000000000267e-03,3.750000000000000555e-02
3.027600000000000083e-03,3.718750000000000527e-02
3.033400000000000332e-03,3.656250000000000472e-02
3.039200000000000148e-03,3.625000000000000444e-02
3.045000000000000397e-03,3.562500000000000389e-02
3.050800000000000213e-03,3.562500000000000389e-02
3.056600000000000029e-03,3.531250000000000361e-02
3.062400000000000278e-03,3.468750000000000305e-02
3.068200000000000094e-03,3.437500000000000278e-02
3.074000000000000343e-03,3.437500000000000278e-02
3.079800000000000159e-03,3.437500000000000278e-02
3.085600000000000408e-03,3.437500000000000278e-02
3.091400000000000224e-03,3.437500000000000278e-02
3.097200000000000040e-03,3.468750000000000305e-02
3.103000000000000289e-03,3.531250000000000361e-02
3.108800000000000105e-03,3.562500000000000389e-02
3.114600000000000354e-03,3.562500000000000389e-02
3.120400000000000170e-03,3.656250000000000472e-02
3.126199999999999986e-03,3.656250000000000472e-02
3.132000000000000235e-03,3.718750000000000527e-02
3.137800000000000051e-03,3.718750000000000527e-02
3.143600000000000300e-03,3.718750000000000527e-02
3.149400000000000116e-03,3.718750000000000527e-02
3.155200000000000365e-03,3.687500000000000500e-02
3.161000000000000181e-03,3.687500000000000500e-02
3.166799999999999997e-03,3.656250000000000472e-02
3.172600000000000246e-03,3.593750000000000416e-02
3.178400000000000062e-03,3.562500000000000389e-02
3.184200000000000311e-03,3.500000000000000333e-02
3.190000000000000127e-03,3.468750000000000305e-02
3.195800000000000377e-03,3.437500000000000278e-02
3.201600000000000192e-03,3.406250000000000250e-02
3.207400000000000008e-03,3.406250000000000250e-02
3.213200000000000257e-03,3.406250000000000250e-02
3.219000000000000073e-03,3.437500000000000278e-02
3.224800000000000322e-03,3.437500000000000278e-02
3.230600000000000138e-03,3.500000000000000333e-02
3.236400000000000388e-03,3.500000000000000333e-02
3.242200000000000203e-03,3.562500000000000389e-02
3.248000000000000019e-03,3.593750000000000416e-02
3.253800000000000268e-03,3.656250000000000472e-02
3.259600000000000084e-03,3.656250000000000472e-02
3.265400000000000334e-03,3.687500000000000500e-02
3.271200000000000149e-03,3.687500000000000500e-02
3.277000000000000399e-03,3.718750000000000527e-02
3.282800000000000214e-03,3.718750000000000527e-02
3.288600000000000030e-03,3.750000000000000555e-02
3.294400000000000280e-03,3.750000000000000555e-02
3.300200000000000095e-03,3.718750000000000527e-02
3.306000000000000345e-03,3.781250000000000583e-02
3.311800000000000160e-03,3.812500000000000611e-02
3.317600000000000410e-03,3.812500000000000611e-02
3.323400000000000225e-03,3.843750000000000638e-02
3.329200000000000041e-03,3.937500000000000722e-02
3.335000000000000291e-03,3.906250000000000000e-02
3.340800000000000106e-03,3.937500000000000722e-02
3.346600000000000356e-03,4.000000000000000083e-02
3.352400000000000171e-03,4.000000000000000083e-02
3.358200000000000421e-03,4.000000000000000083e-02
3.364000000000000237e-03,3.968750000000000056e-02
3.369800000000000052e-03,3.968750000000000056e-02
3.375600000000000302e-03,3.937500000000000722e-02
3.381400000000000117e-03,3.875000000000000666e-02
3.387200000000000367e-03,3.812500000000000611e-02
3.393000000000000183e-03,3.750000000000000555e-02
3.398800000000000432e-03,3.687500000000000500e-02
3.404600000000000248e-03,3.593750000000000416e-02
3.410400000000000063e-03,3.500000000000000333e-02
3.416200000000000313e-03,3.406250000000000250e-02
3.422000000000000128e-03,3.312500000000000167e-02
3.427800000000000378e-03,3.281250000000000139e-02
3.433600000000000194e-03,3.218750000000000083e-02
3.439400000000000009e-03,3.156250000000000028e-02
3.445200000000000259e-03,3.125000000000000000e-02
3.451000000000000074e-03,3.156250000000000028e-02
3.456800000000000324e-03,3.125000000000000000e-02
3.462600000000000140e-03,3.156250000000000028e-02
3.468400000000000389e-03,3.218750000000000083e-02
3.474200000000000205e-03,3.218750000000000083e-02
3.480000000000000020e-03,3.312500000000000167e-02
3.485800000000000270e-03,3.343750000000000194e-02
3.491600000000000086e-03,3.375000000000000222e-02
3.497400000000000335e-03,3.437500000000000278e-02
3.503200000000000151e-03,3.500000000000000333e-02
3.509000000000000400e-03,3.531250000000000361e-02
3.514800000000000216e-03,3.562500000000000389e-02
3.520600000000000031e-03,3.593750000000000416e-02
3.526400000000000281e-03,3.656250000000000472e-02
3.532200000000000097e-03,3.687500000000000500e-02
3.538000000000000346e-03,3.687500000000000500e-02
3.543800000000000162e-03,3.718750000000000527e-02
3.549600000000000411e-03,3.750000000000000555e-02
3.555400000000000227e-03,3.812500000000000611e-02
3.561200000000000043e-03,3.843750000000000638e-02
3.567000000000000292e-03,3.843750000000000638e-02
3.572800000000000108e-03,3.875000000000000666e-02
3.578600000000000357e-03,3.875000000000000666e-02
3.584400000000000173e-03,3.843750000000000638e-02
3.590200000000000422e-03,3.843750000000000638e-02
3.596000000000000238e-03,3.812500000000000611e-02
3.601800000000000054e-03,3.781250000000000583e-02
3.607600000000000303e-03,3.687500000000000500e-02
3.613400000000000119e-03,3.625000000000000444e-02
3.619200000000000368e-03,3.500000000000000333e-02
3.625000000000000184e-03,3.468750000000000305e-02
3.630800000000000433e-03,3.343750000000000194e-02
3.636600000000000249e-03,3.312500000000000167e-02
3.642400000000000065e-03,3.187500000000000056e-02
3.648200000000000314e-03,3.062500000000000291e-02
3.654000000000000130e-03,3.000000000000000236e-02
3.659800000000000379e-03,2.906250000000000500e-02
3.665600000000000195e-03,2.875000000000000472e-02
3.671400000000000444e-03,2.843750000000000444e-02
3.677200000000000260e-03,2.781250000000000389e-02
3.683000000000000076e-03,2.781250000000000389e-02
3.688800000000000325e-03,2.812500000000000416e-02
3.694600000000000141e-03,2.875000000000000472e-02
3.700400000000000390e-03,2.875000000000000472e-02
3.706200000000000206e-03,2.937500000000000527e-02
3.712000000000000022e-03,3.000000000000000236e-02
3.717800000000000271e-03,3.031250000000000264e-02
3.723600000000000087e-03,3.125000000000000000e-02
3.729400000000000336e-03,3.218750000000000083e-02
3.735200000000000152e-03,3.218750000000000083e-02
3.741000000000000401e-03,3.312500000000000167e-02
3.746800000000000217e-03,3.312500000000000167e-02
3.752600000000000033e-03,3.375000000000000222e-02
3.758400000000000282e-03,3.437500000000000278e-02
3.764200000000000098e-03,3.468750000000000305e-02
3.770000000000000347e-03,3.500000000000000333e-02
3.775800000000000163e-03,3.531250000000000361e-02
3.781600000000000412e-03,3.562500000000000389e-02
3.787400000000000228e-03,3.593750000000000416e-02
3.793200000000000044e-03,3.656250000000000472e-02
3.799000000000000293e-03,3.687500000000000500e-02
3.804800000000000109e-03,3.687500000000000500e-02
3.810600000000000358e-03,3.718750000000000527e-02
3.816400000000000174e-03,3.718750000000000527e-02
3.822200000000000424e-03,3.718750000000000527e-02
3.828000000000000239e-03,3.656250000000000472e-02
3.833800000000000055e-03,3.625000000000000444e-02
3.839600000000000304e-03,3.562500000000000389e-02
3.845400000000000120e-03,3.500000000000000333e-02
3.851200000000000370e-03,3.437500000000000278e-02
3.857000000000000185e-03,3.375000000000000222e-02
3.862800000000000435e-03,3.281250000000000139e-02
3.868600000000000250e-03,3.187500000000000056e-02
3.874400000000000066e-03,3.093750000000000319e-02
3.880200000000000315e-03,3.000000000000000236e-02
3.886000000000000131e-03,2.937500000000000527e-02
3.891800000000000381e-03,2.875000000000000472e-02
3.897600000000000196e-03,2.781250000000000389e-02
3.903400000000000446e-03,2.718750000000000333e-02
3.909199999999999828e-03,2.687500000000000305e-02
3.915000000000000077e-03,2.718750000000000333e-02
3.920800000000000327e-03,2.718750000000000333e-02
3.926600000000000576e-03,2.750000000000000361e-02
3.932399999999999958e-03,2.781250000000000389e-02
3.938200000000000207e-03,2.812500000000000416e-02
3.944000000000000457e-03,2.875000000000000472e-02
3.949799999999999839e-03,2.937500000000000527e-02
3.955600000000000088e-03,3.000000000000000236e-02
3.961400000000000338e-03,3.062500000000000291e-02
3.967200000000000587e-03,3.156250000000000028e-02
3.972999999999999969e-03,3.187500000000000056e-02
3.978800000000000218e-03,3.187500000000000056e-02
3.984600000000000468e-03,3.281250000000000139e-02
3.990399999999999850e-03,3.312500000000000167e-02
3.996200000000000099e-03,3.406250000000000250e-02
4.002000000000000349e-03,3.437500000000000278e-02
4.007800000000000598e-03,3.468750000000000305e-02
4.013599999999999980e-03,3.468750000000000305e-02
4.019400000000000230e-03,3.562500000000000389e-02
4.025200000000000479e-03,3.593750000000000416e-02
4.030999999999999861e-03,3.625000000000000444e-02
4.036800000000000110e-03,3.625000000000000444e-02
4.042600000000000360e-03,3.625000000000000444e-02
4.048400000000000609e-03,3.593750000000000416e-02
4.054199999999999991e-03,3.562500000000000389e-02
4.060000000000000241e-03,3.531250000000000361e-02
4.065800000000000490e-03,3.468750000000000305e-02
4.071599999999999872e-03,3.406250000000000250e-02
4.077400000000000121e-03,3.312500000000000167e-02
4.083200000000000371e-03,3.250000000000000111e-02
4.089000000000000620e-03,3.156250000000000028e-02
4.094800000000000002e-03,3.000000000000000236e-02
4.100600000000000252e-03,2.906250000000000500e-02
4.106400000000000501e-03,2.843750000000000444e-02
4.112199999999999883e-03,2.750000000000000361e-02
4.118000000000000133e-03,2.593750000000000222e-02
4.123800000000000382e-03,2.562500000000000194e-02
4.129600000000000631e-03,2.437500000000000083e-02
4.135400000000000013e-03,2.375000000000000375e-02
4.141200000000000263e-03,2.343750000000000347e-02
4.147000000000000512e-03,2.312500000000000319e-02
4.152799999999999894e-03,2.250000000000000264e-02
4.158600000000000144e-03,2.250000000000000264e-02
4.164400000000000393e-03,2.312500000000000319e-02
4.170200000000000642e-03,2.312500000000000319e-02
4.176000000000000024e-03,2.375000000000000375e-02
4.181800000000000274e-03,2.437500000000000083e-02
4.187600000000000523e-03,2.500000000000000139e-02
4.193399999999999905e-03,2.562500000000000194e-02
4.199200000000000155e-03,2.656250000000000278e-02
4.205000000000000404e-03,2.718750000000000333e-02
4.210800000000000654e-03,2.812500000000000416e-02
4.216600000000000036e-03,2.812500000000000416e-02
4.222400000000000285e-03,2.875000000000000472e-02
4.228200000000000534e-03,2.937500000000000527e-02
4.233999999999999916e-03,3.000000000000000236e-02
4.239800000000000166e-03,3.031250000000000264e-02
4.245600000000000415e-03,3.031250000000000264e-02
4.251400000000000665e-03,3.093750000000000319e-02
4.257200000000000047e-03,3.125000000000000000e-02
4.263000000000000296e-03,3.125000000000000000e-02
4.268800000000000545e-03,3.125000000000000000e-02
4.274599999999999927e-03,3.093750000000000319e-02
4.280400000000000177e-03,3.031250000000000264e-02
4.286200000000000426e-03,3.000000000000000236e-02
4.292000000000000676e-03,2.937500000000000527e-02
4.297800000000000058e-03,2.875000000000000472e-02
4.303600000000000307e-03,2.781250000000000389e-02
4.309400000000000557e-03,2.750000000000000361e-02
4.315199999999999939e-03,2.593750000000000222e-02
4.321000000000000188e-03,2.500000000000000139e-02
4.326800000000000437e-03,2.406250000000000056e-02
4.332600000000000687e-03,2.312500000000000319e-02
4.338400000000000069e-03,2.250000000000000264e-02
4.344200000000000318e-03,2.125000000000000500e-02
4.350000000000000568e-03,2.062500000000000444e-02
4.355799999999999950e-03,2.000000000000000389e-02
4.361600000000000199e-03,1.937500000000000333e-02
4.367400000000000448e-03,1.843750000000000250e-02
4.373200000000000698e-03,1.781250000000000194e-02
4.379000000000000080e-03,1.750000000000000167e-02
4.384800000000000329e-03,1.718750000000000139e-02
4.390600000000000579e-03,1.718750000000000139e-02
4.396399999999999961e-03,1.718750000000000139e-02
4.402200000000000210e-03,1.718750000000000139e-02
4.408000000000000460e-03,1.750000000000000167e-02
4.413800000000000709e-03,1.812500000000000222e-02
4.419600000000000091e-03,1.875000000000000278e-02
4.425400000000000340e-03,1.937500000000000333e-02
4.431200000000000590e-03,2.000000000000000389e-02
4.436999999999999972e-03,2.093750000000000472e-02
4.442800000000000221e-03,2.125000000000000500e-02
4.448600000000000471e-03,2.187500000000000555e-02
4.454400000000000720e-03,2.281250000000000291e-02
4.460200000000000102e-03,2.312500000000000319e-02
4.466000000000000351e-03,2.375000000000000375e-02
4.471800000000000601e-03,2.406250000000000056e-02
4.477599999999999983e-03,2.468750000000000111e-02
4.483400000000000232e-03,2.468750000000000111e-02
4.489200000000000482e-03,2.500000000000000139e-02
4.494999999999999864e-03,2.468750000000000111e-02
4.500800000000000113e-03,2.437500000000000083e-02
4.506600000000000363e-03,2.437500000000000083e-02
4.512400000000000612e-03,2.312500000000000319e-02
4.518199999999999994e-03,2.312500000000000319e-02
4.524000000000000243e-03,2.218750000000000236e-02
4.529800000000000493e-03,2.187500000000000555e-02
4.535599999999999875e-03,2.062500000000000444e-02
4.541400000000000124e-03,1.968750000000000361e-02
4.547200000000000374e-03,1.937500000000000333e-02
4.553000000000000623e-03,1.843750000000000250e-02
4.558800000000000005e-03,1.812500000000000222e-02
4.564600000000000254e-03,1.750000000000000167e-02
4.570400000000000504e-03,1.687500000000000458e-02
4.576199999999999886e-03,1.656250000000000430e-02
4.582000000000000135e-03,1.625000000000000402e-02
4.587800000000000385e-03,1.593750000000000375e-02
4.593600000000000634e-03,1.531250000000000319e-02
4.599400000000000016e-03,1.500000000000000291e-02
4.605200000000000266e-03,1.437500000000000236e-02
4.611000000000000515e-03,1.375000000000000180e-02
4.616799999999999897e-03,1.312500000000000125e-02
4.622600000000000146e-03,1.250000000000000416e-02
4.628400000000000396e-03,1.218750000000000389e-02
4.634200000000000645e-03,1.250000000000000416e-02
4.640000000000000027e-03,1.187500000000000361e-02
4.645800000000000277e-03,1.187500000000000361e-02
4.651600000000000526e-03,1.250000000000000416e-02
4.657399999999999908e-03,1.250000000000000416e-02
4.663200000000000157e-03,1.250000000000000416e-02
4.669000000000000407e-03,1.281250000000000444e-02
4.674800000000000656e-03,1.312500000000000125e-02
4.680600000000000038e-03,1.312500000000000125e-02
4.686400000000000288e-03,1.343750000000000153e-02
4.692200000000000537e-03,1.343750000000000153e-02
4.697999999999999919e-03,1.406250000000000208e-02
4.703800000000000169e-03,1.406250000000000208e-02
4.709600000000000418e-03,1.343750000000000153e-02
4.715400000000000667e-03,1.343750000000000153e-02
4.721200000000000049e-03,1.312500000000000125e-02
4.727000000000000299e-03,1.250000000000000416e-02
4.732800000000000548e-03,1.250000000000000416e-02
4.738599999999999930e-03,1.218750000000000389e-02
4.744400000000000180e-03,1.156250000000000333e-02
4.750200000000000429e-03,1.125000000000000305e-02
4.756000000000000678e-03,1.093750000000000278e-02
4.761800000000000060e-03,1.093750000000000278e-02
4.767600000000000310e-03,1.062500000000000250e-02
4.773400000000000559e-03,1.062500000000000250e-02
4.779199999999999941e-03,1.093750000000000278e-02
4.785000000000000191e-03,1.125000000000000305e-02
4.790800000000000440e-03,1.156250000000000333e-02
4.796600000000000689e-03,1.156250000000000333e-02
4.802400000000000072e-03,1.218750000000000389e-02
4.808200000000000321e-03,1.281250000000000444e-02
4.814000000000000570e-03,1.343750000000000153e-02
4.819799999999999952e-03,1.406250000000000208e-02
4.825600000000000202e-03,1.406250000000000208e-02
4.831400000000000451e-03,1.406250000000000208e-02
4.837200000000000701e-03,1.437500000000000236e-02
4.843000000000000083e-03,1.406250000000000208e-02
4.848800000000000332e-03,1.406250000000000208e-02
4.854600000000000581e-03,1.375000000000000180e-02
4.860399999999999963e-03,1.312500000000000125e-02
4.866200000000000213e-03,1.281250000000000444e-02
4.872000000000000462e-03,1.218750000000000389e-02
4.877800000000000712e-03,1.187500000000000361e-02
4.883600000000000094e-03,1.156250000000000333e-02
4.889400000000000343e-03,1.125000000000000305e-02
4.895200000000000592e-03,1.093750000000000278e-02
4.900999999999999975e-03,1.093750000000000278e-02
4.906800000000000224e-03,1.062500000000000250e-02
4.912600000000000473e-03,1.031250000000000222e-02
4.918400000000000723e-03,1.031250000000000222e-02
4.924200000000000105e-03,1.000000000000000194e-02
4.930000000000000354e-03,1.000000000000000194e-02
4.935800000000000604e-03,9.687500000000001665e-03
4.941599999999999986e-03,9.687500000000001665e-03
4.947400000000000235e-03,9.375000000000001388e-03
4.953200000000000484e-03,9.062500000000001110e-03
4.959000000000000734e-03,8.125000000000003747e-03
4.964800000000000116e-03,8.437500000000004025e-03
4.970600000000000365e-03,8.125000000000003747e-03
4.976400000000000615e-03,8.125000000000003747e-03
4.982199999999999997e-03,7.812500000000003469e-03
4.988000000000000246e-03,8.125000000000003747e-03
4.993800000000000495e-03,8.437500000000004025e-03
4.999600000000000745e-03,8.750000000000004302e-03
5.005400000000000127e-03,9.375000000000001388e-03
5.011200000000000376e-03,1.000000000000000194e-02
5.017000000000000626e-03,1.125000000000000305e-02
5.022800000000000008e-03,1.187500000000000361e-02
5.028600000000000257e-03,1.250000000000000416e-02
5.034400000000000507e-03,1.406250000000000208e-02
5.040200000000000756e-03,1.531250000000000319e-02
5.046000000000000138e-03,1.593750000000000375e-02
5.051800000000000387e-03,1.656250000000000430e-02
5.057600000000000637e-03,1.718750000000000139e-02
5.063400000000000019e-03,1.781250000000000194e-02
5.069200000000000268e-03,1.781250000000000194e-02
5.075000000000000518e-03,1.843750000000000250e-02
5.080799999999999900e-03,1.843750000000000250e-02
5.086600000000000149e-03,1.812500000000000222e-02
5.092400000000000398e-03,1.812500000000000222e-02
5.098200000000000648e-03,1.718750000000000139e-02
5.104000000000000030e-03,1.687500000000000458e-02
5.109800000000000279e-03,1.656250000000000430e-02
5.115600000000000529e-03,1.562500000000000347e-02
5.121399999999999911e-03,1.531250000000000319e-02
5.127200000000000160e-03,1.406250000000000208e-02
5.133000000000000410e-03,1.406250000000000208e-02
5.138800000000000659e-03,1.343750000000000153e-02
5.144600000000000041e-03,1.312500000000000125e-02
5.150400000000000290e-03,1.250000000000000416e-02
5.156200000000000540e-03,1.187500000000000361e-02
5.161999999999999922e-03,1.187500000000000361e-02
5.167800000000000171e-03,1.156250000000000333e-02
5.173600000000000421e-03,1.093750000000000278e-02
5.179400000000000670e-03,1.062500000000000250e-02
5.185200000000000052e-03,1.031250000000000222e-02
5.191000000000000301e-03,1.000000000000000194e-02
5.196800000000000551e-03,9.687500000000001665e-03
5.202599999999999933e-03,9.687500000000001665e-03
5.208400000000000182e-03,9.375000000000001388e-03
5.214200000000000432e-03,9.687500000000001665e-03
5.220000000000000681e-03,9.687500000000001665e-03
5.225800000000000063e-03,1.000000000000000194e-02
5.231600000000000313e-03,1.062500000000000250e-02
5.237400000000000562e-03,1.093750000000000278e-02
5.243199999999999944e-03,1.187500000000000361e-02
5.249000000000000193e-03,1.312500000000000125e-02
5.254800000000000443e-03,1.406250000000000208e-02
5.260600000000000692e-03,1.500000000000000291e-02
5.266400000000000074e-03,1.562500000000000347e-02
5.272200000000000324e-03,1.687500000000000458e-02
5.278000000000000573e-03,1.781250000000000194e-02
5.283799999999999955e-03,1.875000000000000278e-02
5.289600000000000204e-03,1.906250000000000305e-02
5.295400000000000454e-03,2.000000000000000389e-02
5.301200000000000703e-03,2.031250000000000416e-02
5.307000000000000085e-03,2.031250000000000416e-02
5.312800000000000335e-03,2.031250000000000416e-02
5.318600000000000584e-03,2.000000000000000389e-02
5.324399999999999966e-03,1.968750000000000361e-02
5.330200000000000216e-03,1.968750000000000361e-02
5.336000000000000465e-03,1.875000000000000278e-02
5.341800000000000714e-03,1.781250000000000194e-02
5.347600000000000096e-03,1.750000000000000167e-02
5.353400000000000346e-03,1.656250000000000430e-02
5.359200000000000595e-03,1.625000000000000402e-02
5.364999999999999977e-03,1.531250000000000319e-02
5.370800000000000227e-03,1.531250000000000319e-02
5.376600000000000476e-03,1.437500000000000236e-02
5.382400000000000725e-03,1.343750000000000153e-02
5.388200000000000107e-03,1.375000000000000180e-02
5.394000000000000357e-03,1.312500000000000125e-02
5.399800000000000606e-03,1.281250000000000444e-02
5.405599999999999988e-03,1.218750000000000389e-02
5.411400000000000238e-03,1.156250000000000333e-02
5.417200000000000487e-03,1.156250000000000333e-02
5.423000000000000737e-03,1.093750000000000278e-02
5.428800000000000119e-03,1.062500000000000250e-02
5.434600000000000368e-03,1.031250000000000222e-02
5.440400000000000617e-03,1.062500000000000250e-02
5.446199999999999999e-03,1.031250000000000222e-02
5.452000000000000249e-03,1.031250000000000222e-02
5.457800000000000498e-03,1.062500000000000250e-02
5.463600000000000748e-03,1.093750000000000278e-02
5.469400000000000130e-03,1.125000000000000305e-02
5.475200000000000379e-03,1.218750000000000389e-02
5.481000000000000628e-03,1.250000000000000416e-02
5.486800000000000010e-03,1.343750000000000153e-02
5.492600000000000260e-03,1.406250000000000208e-02
5.498400000000000509e-03,1.531250000000000319e-02
5.504200000000000759e-03,1.625000000000000402e-02
5.510000000000000141e-03,1.656250000000000430e-02
5.515800000000000390e-03,1.718750000000000139e-02
5.521600000000000640e-03,1.531250000000000319e-02
5.527400000000000022e-03,1.593750000000000375e-02
5.533200000000000271e-03,1.593750000000000375e-02
5.539000000000000520e-03,1.625000000000000402e-02
5.544800000000000770e-03,1.625000000000000402e-02
5.550600000000000152e-03,1.593750000000000375e-02
5.556400000000000401e-03,1.562500000000000347e-02
5.562200000000000651e-03,1.531250000000000319e-02
5.568000000000000033e-03,1.468750000000000264e-02
5.573800000000000282e-03,1.406250000000000208e-02
5.579600000000000531e-03,1.375000000000000180e-02
5.585400000000000781e-03,1.312500000000000125e-02
5.591200000000000163e-03,1.250000000000000416e-02
5.597000000000000412e-03,1.218750000000000389e-02
5.602800000000000662e-03,1.187500000000000361e-02
5.608600000000000044e-03,1.156250000000000333e-02
5.614400000000000293e-03,1.125000000000000305e-02
5.620200000000000543e-03,1.093750000000000278e-02
5.626000000000000792e-03,1.062500000000000250e-02
5.631800000000000174e-03,1.000000000000000194e-02
5.637600000000000423e-03,1.000000000000000194e-02
5.643400000000000673e-03,9.687500000000001665e-03
5.649200000000000055e-03,9.375000000000001388e-03
5.655000000000000304e-03,8.750000000000004302e-03
5.660800000000000554e-03,9.062500000000001110e-03
5.666599999999999936e-03,8.750000000000004302e-03
5.672400000000000185e-03,8.750000000000004302e-03
5.678200000000000434e-03,8.750000000000004302e-03
5.684000000000000684e-03,9.375000000000001388e-03
5.689800000000000066e-03,9.687500000000001665e-03
5.695600000000000315e-03,1.031250000000000222e-02
5.701400000000000565e-03,1.125000000000000305e-02
5.707199999999999947e-03,1.218750000000000389e-02
5.713000000000000196e-03,1.312500000000000125e-02
5.718800000000000446e-03,1.406250000000000208e-02
5.724600000000000695e-03,1.500000000000000291e-02
5.730400000000000077e-03,1.656250000000000430e-02
5.736200000000000326e-03,1.781250000000000194e-02
5.742000000000000576e-03,1.875000000000000278e-02
5.747799999999999958e-03,1.968750000000000361e-02
5.753600000000000207e-03,2.031250000000000416e-02
5.759400000000000457e-03,2.125000000000000500e-02
5.765200000000000706e-03,2.187500000000000555e-02
5.771000000000000088e-03,2.218750000000000236e-02
5.776800000000000337e-03,2.250000000000000264e-02
5.782600000000000587e-03,2.250000000000000264e-02
5.788399999999999969e-03,2.218750000000000236e-02
5.794200000000000218e-03,2.187500000000000555e-02
5.800000000000000468e-03,2.125000000000000500e-02
5.805800000000000717e-03,2.031250000000000416e-02
5.811600000000000099e-03,1.937500000000000333e-02
5.817400000000000349e-03,1.937500000000000333e-02
5.823200000000000598e-03,1.812500000000000222e-02
5.828999999999999980e-03,1.781250000000000194e-02
5.834800000000000229e-03,1.718750000000000139e-02
5.840600000000000479e-03,1.656250000000000430e-02
5.846400000000000728e-03,1.593750000000000375e-02
5.852200000000000110e-03,1.531250000000000319e-02
5.858000000000000360e-03,1.468750000000000264e-02
5.863800000000000609e-03,1.406250000000000208e-02
5.869599999999999991e-03,1.343750000000000153e-02
5.875400000000000240e-03,1.343750000000000153e-02
5.881200000000000490e-03,1.281250000000000444e-02
5.887000000000000739e-03,1.281250000000000444e-02
5.892800000000000121e-03,1.281250000000000444e-02
5.898600000000000371e-03,1.250000000000000416e-02
5.904400000000000620e-03,1.281250000000000444e-02
5.910200000000000002e-03,1.312500000000000125e-02
5.916000000000000252e-03,1.343750000000000153e-02
5.921800000000000501e-03,1.437500000000000236e-02
5.927600000000000750e-03,1.531250000000000319e-02
5.933400000000000132e-03,1.593750000000000375e-02
5.939200000000000382e-03,1.718750000000000139e-02
5.945000000000000631e-03,1.843750000000000250e-02
5.950800000000000013e-03,1.968750000000000361e-02
5.956600000000000263e-03,2.031250000000000416e-02
5.962400000000000512e-03,2.156250000000000527e-02
5.968200000000000761e-03,2.281250000000000291e-02
5.974000000000000143e-03,2.343750000000000347e-02
5.979800000000000393e-03,2.406250000000000056e-02
5.985600000000000642e-03,2.500000000000000139e-02
5.991400000000000024e-03,2.625000000000000250e-02
5.997200000000000274e-03,2.656250000000000278e-02
6.003000000000000523e-03,2.687500000000000305e-02
6.008800000000000772e-03,2.718750000000000333e-02
6.014600000000000155e-03,2.718750000000000333e-02
6.020400000000000404e-03,2.718750000000000333e-02
6.026200000000000653e-03,2.656250000000000278e-02
6.032000000000000035e-03,2.625000000000000250e-02
6.037800000000000285e-03,2.562500000000000194e-02
6.043600000000000534e-03,2.500000000000000139e-02
6.049400000000000784e-03,2.406250000000000056e-02
6.055200000000000166e-03,2.312500000000000319e-02
6.061000000000000415e-03,2.250000000000000264e-02
6.066800000000000664e-03,2.187500000000000555e-02
6.072600000000000046e-03,2.125000000000000500e-02
6.078400000000000296e-03,2.031250000000000416e-02
6.084200000000000545e-03,1.937500000000000333e-02
6.090000000000000795e-03,1.875000000000000278e-02
6.095800000000000177e-03,1.812500000000000222e-02
6.101600000000000426e-03,1.750000000000000167e-02
6.107400000000000675e-03,1.718750000000000139e-02
6.113200000000000058e-03,1.687500000000000458e-02
6.119000000000000307e-03,1.656250000000000430e-02
6.124800000000000556e-03,1.625000000000000402e-02
6.130600000000000806e-03,1.656250000000000430e-02
6.136400000000000188e-03,1.656250000000000430e-02
6.142200000000000437e-03,1.718750000000000139e-02
6.148000000000000687e-03,1.750000000000000167e-02
6.153800000000000069e-03,1.781250000000000194e-02
6.159600000000000318e-03,1.906250000000000305e-02
6.165400000000000567e-03,2.000000000000000389e-02
6.171200000000000817e-03,2.062500000000000444e-02
6.177000000000000199e-03,2.218750000000000236e-02
6.182800000000000448e-03,2.281250000000000291e-02
6.188600000000000698e-03,2.375000000000000375e-02
6.194400000000000080e-03,2.531250000000000167e-02
6.200200000000000329e-03,2.593750000000000222e-02
6.206000000000000578e-03,2.718750000000000333e-02
6.211800000000000828e-03,2.750000000000000361e-02
6.217600000000000210e-03,2.843750000000000444e-02
6.223400000000000459e-03,2.937500000000000527e-02
6.229200000000000709e-03,2.968750000000000208e-02
6.235000000000000091e-03,3.000000000000000236e-02
6.240800000000000340e-03,3.031250000000000264e-02
6.246600000000000590e-03,3.031250000000000264e-02
6.252399999999999972e-03,3.000000000000000236e-02
6.258200000000000221e-03,2.968750000000000208e-02
6.264000000000000470e-03,2.937500000000000527e-02
6.269800000000000720e-03,2.875000000000000472e-02
6.275600000000000102e-03,2.812500000000000416e-02
6.281400000000000351e-03,2.687500000000000305e-02
6.287200000000000601e-03,2.656250000000000278e-02
6.292999999999999983e-03,2.531250000000000167e-02
6.298800000000000232e-03,2.437500000000000083e-02
6.304600000000000481e-03,2.343750000000000347e-02
6.310400000000000731e-03,2.281250000000000291e-02
6.316200000000000113e-03,2.187500000000000555e-02
6.322000000000000362e-03,2.125000000000000500e-02
6.327800000000000612e-03,2.031250000000000416e-02
6.333599999999999994e-03,1.968750000000000361e-02
6.339400000000000243e-03,1.937500000000000333e-02
6.345200000000000493e-03,1.875000000000000278e-02
6.351000000000000742e-03,1.843750000000000250e-02
6.356800000000000124e-03,1.843750000000000250e-02
6.362600000000000373e-03,1.843750000000000250e-02
6.368400000000000623e-03,1.875000000000000278e-02
6.374200000000000005e-03,1.937500000000000333e-02
6.380000000000000254e-03,1.968750000000000361e-02
6.385800000000000504e-03,2.031250000000000416e-02
6.391600000000000753e-03,2.125000000000000500e-02
6.397400000000000135e-03,2.218750000000000236e-02
6.403200000000000384e-03,2.312500000000000319e-02
6.409000000000000634e-03,2.375000000000000375e-02
6.414800000000000016e-03,2.468750000000000111e-02
6.420600000000000265e-03,2.625000000000000250e-02
6.426400000000000515e-03,2.687500000000000305e-02
6.432200000000000764e-03,2.781250000000000389e-02
6.438000000000000146e-03,2.843750000000000444e-02
6.443800000000000396e-03,2.937500000000000527e-02
6.449600000000000645e-03,3.000000000000000236e-02
6.455400000000000027e-03,3.062500000000000291e-02
6.461200000000000276e-03,3.125000000000000000e-02
6.467000000000000526e-03,3.187500000000000056e-02
6.472800000000000775e-03,3.218750000000000083e-02
6.478600000000000157e-03,3.250000000000000111e-02
6.484400000000000407e-03,3.250000000000000111e-02
6.490200000000000656e-03,3.156250000000000028e-02
6.496000000000000038e-03,3.156250000000000028e-02
6.501800000000000287e-03,3.093750000000000319e-02
6.507600000000000537e-03,3.062500000000000291e-02
6.513400000000000786e-03,3.000000000000000236e-02
6.519200000000000168e-03,2.906250000000000500e-02
6.525000000000000418e-03,2.781250000000000389e-02
6.530800000000000667e-03,2.750000000000000361e-02
6.536600000000000049e-03,2.625000000000000250e-02
6.542400000000000299e-03,2.562500000000000194e-02
6.548200000000000548e-03,2.468750000000000111e-02
6.554000000000000797e-03,2.406250000000000056e-02
6.559800000000000179e-03,2.312500000000000319e-02
6.565600000000000429e-03,2.281250000000000291e-02
6.571400000000000678e-03,2.218750000000000236e-02
6.577200000000000060e-03,2.218750000000000236e-02
6.583000000000000310e-03,2.156250000000000527e-02
6.588800000000000559e-03,2.187500000000000555e-02
6.594600000000000808e-03,2.187500000000000555e-02
6.600400000000000190e-03,2.218750000000000236e-02
6.606200000000000440e-03,2.250000000000000264e-02
6.612000000000000689e-03,2.312500000000000319e-02
6.617800000000000071e-03,2.375000000000000375e-02
6.623600000000000321e-03,2.437500000000000083e-02
6.629400000000000570e-03,2.531250000000000167e-02
6.635200000000000820e-03,2.625000000000000250e-02
6.641000000000000202e-03,2.687500000000000305e-02
6.646800000000000451e-03,2.812500000000000416e-02
6.652600000000000700e-03,2.875000000000000472e-02
6.658400000000000082e-03,3.000000000000000236e-02
6.664200000000000332e-03,3.031250000000000264e-02
6.670000000000000581e-03,3.125000000000000000e-02
6.675800000000000831e-03,3.218750000000000083e-02
6.681600000000000213e-03,3.250000000000000111e-02
6.687400000000000462e-03,3.312500000000000167e-02
6.693200000000000711e-03,3.375000000000000222e-02
6.699000000000000093e-03,3.437500000000000278e-02
6.704800000000000343e-03,3.437500000000000278e-02
6.710600000000000592e-03,3.468750000000000305e-02
6.716400000000000842e-03,3.468750000000000305e-02
6.722200000000000224e-03,3.468750000000000305e-02
6.728000000000000473e-03,3.406250000000000250e-02
6.733800000000000723e-03,3.375000000000000222e-02
6.739600000000000105e-03,3.281250000000000139e-02
6.745400000000000354e-03,3.218750000000000083e-02
6.751200000000000603e-03,3.125000000000000000e-02
6.757000000000000853e-03,3.062500000000000291e-02
6.762800000000000235e-03,2.937500000000000527e-02
6.768600000000000484e-03,2.843750000000000444e-02
6.774400000000000734e-03,2.781250000000000389e-02
6.780200000000000116e-03,2.718750000000000333e-02
6.786000000000000365e-03,2.656250000000000278e-02
6.791800000000000614e-03,2.531250000000000167e-02
6.797600000000000864e-03,2.531250000000000167e-02
6.803400000000000246e-03,2.437500000000000083e-02
6.809200000000000495e-03,2.468750000000000111e-02
6.815000000000000745e-03,2.406250000000000056e-02
6.820800000000000127e-03,2.406250000000000056e-02
6.826600000000000376e-03,2.437500000000000083e-02
6.832400000000000626e-03,2.468750000000000111e-02
6.838200000000000008e-03,2.531250000000000167e-02
6.844000000000000257e-03,2.562500000000000194e-02
6.849800000000000506e-03,2.625000000000000250e-02
6.855600000000000756e-03,2.718750000000000333e-02
6.861400000000000138e-03,2.781250000000000389e-02
6.867200000000000387e-03,2.906250000000000500e-02
6.873000000000000637e-03,2.968750000000000208e-02
6.878800000000000019e-03,3.031250000000000264e-02
6.884600000000000268e-03,3.093750000000000319e-02
6.890400000000000517e-03,3.187500000000000056e-02
6.896200000000000767e-03,3.218750000000000083e-02
6.902000000000000149e-03,3.281250000000000139e-02
6.907800000000000398e-03,3.375000000000000222e-02
6.913600000000000648e-03,3.406250000000000250e-02
6.919400000000000030e-03,3.468750000000000305e-02
6.925200000000000279e-03,3.468750000000000305e-02
6.931000000000000529e-03,3.531250000000000361e-02
6.936800000000000778e-03,3.625000000000000444e-02
6.942600000000000160e-03,3.593750000000000416e-02
6.948400000000000409e-03,3.656250000000000472e-02
6.954200000000000659e-03,3.656250000000000472e-02
6.960000000000000041e-03,3.625000000000000444e-02
6.965800000000000290e-03,3.593750000000000416e-02
6.971600000000000540e-03,3.531250000000000361e-02
6.977400000000000789e-03,3.468750000000000305e-02
6.983200000000000171e-03,3.406250000000000250e-02
6.989000000000000420e-03,3.375000000000000222e-02
6.994800000000000670e-03,3.281250000000000139e-02
7.000600000000000052e-03,3.187500000000000056e-02
7.006400000000000301e-03,3.125000000000000000e-02
7.012200000000000551e-03,3.031250000000000264e-02
7.018000000000000800e-03,2.968750000000000208e-02
7.023800000000000182e-03,2.875000000000000472e-02
7.029600000000000432e-03,2.843750000000000444e-02
7.035400000000000681e-03,2.812500000000000416e-02
7.041200000000000063e-03,2.812500000000000416e-02
7.047000000000000312e-03,2.781250000000000389e-02
7.052800000000000562e-03,2.812500000000000416e-02
7.058600000000000811e-03,2.812500000000000416e-02
7.064400000000000193e-03,2.875000000000000472e-02
7.070200000000000443e-03,2.906250000000000500e-02
7.076000000000000692e-03,3.000000000000000236e-02
7.081800000000000074e-03,3.062500000000000291e-02
7.087600000000000323e-03,3.125000000000000000e-02
7.093400000000000573e-03,3.156250000000000028e-02
7.099200000000000822e-03,3.218750000000000083e-02
7.105000000000000204e-03,3.250000000000000111e-02
7.110800000000000454e-03,3.343750000000000194e-02
7.116600000000000703e-03,3.375000000000000222e-02
7.122400000000000085e-03,3.406250000000000250e-02
7.128200000000000335e-03,3.375000000000000222e-02
7.134000000000000584e-03,3.437500000000000278e-02
7.139800000000000833e-03,3.437500000000000278e-02
7.145600000000000215e-03,3.500000000000000333e-02
7.151400000000000465e-03,3.500000000000000333e-02
7.157200000000000714e-03,3.531250000000000361e-02
7.163000000000000096e-03,3.562500000000000389e-02
7.168800000000000346e-03,3.593750000000000416e-02
7.174600000000000595e-03,3.656250000000000472e-02
7.180400000000000844e-03,3.687500000000000500e-02
7.186200000000000226e-03,3.687500000000000500e-02
7.192000000000000476e-03,3.718750000000000527e-02
7.197800000000000725e-03,3.718750000000000527e-02
7.203600000000000107e-03,3.687500000000000500e-02
7.209400000000000357e-03,3.656250000000000472e-02
7.215200000000000606e-03,3.625000000000000444e-02
7.221000000000000855e-03,3.593750000000000416e-02
7.226800000000000238e-03,3.531250000000000361e-02
7.232600000000000487e-03,3.468750000000000305e-02
7.238400000000000736e-03,3.437500000000000278e-02
7.244200000000000118e-03,3.375000000000000222e-02
7.250000000000000368e-03,3.312500000000000167e-02
7.255800000000000617e-03,3.312500000000000167e-02
7.261600000000000867e-03,3.281250000000000139e-02
7.267400000000000249e-03,3.250000000000000111e-02
7.273200000000000498e-03,3.250000000000000111e-02
7.279000000000000747e-03,3.250000000000000111e-02
7.284800000000000129e-03,3.312500000000000167e-02
7.290600000000000379e-03,3.312500000000000167e-02
7.296400000000000628e-03,3.375000000000000222e-02
7.302200000000000878e-03,3.437500000000000278e-02
7.308000000000000260e-03,3.468750000000000305e-02
7.313800000000000509e-03,3.562500000000000389e-02
7.319600000000000758e-03,3.562500000000000389e-02
7.325400000000000141e-03,3.625000000000000444e-02
7.331200000000000390e-03,3.656250000000000472e-02
7.337000000000000639e-03,3.656250000000000472e-02
7.342800000000000889e-03,3.656250000000000472e-02
7.348600000000000271e-03,3.687500000000000500e-02
7.354400000000000520e-03,3.687500000000000500e-02
7.360200000000000770e-03,3.687500000000000500e-02
7.366000000000000152e-03,3.656250000000000472e-02
7.371800000000000401e-03,3.656250000000000472e-02
7.377600000000000650e-03,3.656250000000000472e-02
7.383400000000000900e-03,3.687500000000000500e-02
7.389200000000000282e-03,3.687500000000000500e-02
7.395000000000000531e-03,3.718750000000000527e-02
7.400800000000000781e-03,3.750000000000000555e-02
7.406600000000000163e-03,3.781250000000000583e-02
7.412400000000000412e-03,3.812500000000000611e-02
7.418200000000000661e-03,3.843750000000000638e-02
7.424000000000000044e-03,3.843750000000000638e-02
7.429800000000000293e-03,3.875000000000000666e-02
7.435600000000000542e-03,3.906250000000000000e-02
7.441400000000000792e-03,3.875000000000000666e-02
7.447200000000000174e-03,3.843750000000000638e-02
7.453000000000000423e-03,3.812500000000000611e-02
7.458800000000000673e-03,3.781250000000000583e-02
7.464600000000000055e-03,3.718750000000000527e-02
7.470400000000000304e-03,3.687500000000000500e-02
7.476200000000000553e-03,3.656250000000000472e-02
7.482000000000000803e-03,3.593750000000000416e-02
7.487800000000000185e-03,3.593750000000000416e-02
7.493600000000000434e-03,3.562500000000000389e-02
7.499400000000000684e-03,3.531250000000000361e-02
7.505200000000000066e-03,3.531250000000000361e-02
7.511000000000000315e-03,3.562500000000000389e-02
7.516800000000000564e-03,3.531250000000000361e-02
7.522600000000000814e-03,3.593750000000000416e-02
7.528400000000000196e-03,3.625000000000000444e-02
7.534200000000000445e-03,3.656250000000000472e-02
7.540000000000000695e-03,3.687500000000000500e-02
7.545800000000000077e-03,3.718750000000000527e-02
7.551600000000000326e-03,3.781250000000000583e-02
7.557400000000000576e-03,3.812500000000000611e-02
7.563200000000000825e-03,3.812500000000000611e-02
7.569000000000000207e-03,3.875000000000000666e-02
7.574800000000000456e-03,3.875000000000000666e-02
7.580600000000000706e-03,3.843750000000000638e-02
7.586400000000000088e-03,3.875000000000000666e-02
7.592200000000000337e-03,3.875000000000000666e-02
7.598000000000000587e-03,3.843750000000000638e-02
7.603800000000000836e-03,3.812500000000000611e-02
7.609600000000000218e-03,3.812500000000000611e-02
7.615400000000000467e-03,3.781250000000000583e-02
7.621200000000000717e-03,3.812500000000000611e-02
7.627000000000000099e-03,3.843750000000000638e-02
7.632800000000000348e-03,3.843750000000000638e-02
7.638600000000000598e-03,3.875000000000000666e-02
7.644400000000000847e-03,3.906250000000000000e-02
7.650200000000000229e-03,3.937500000000000722e-02
7.656000000000000479e-03,3.937500000000000722e-02
7.661800000000000728e-03,3.937500000000000722e-02
7.667600000000000110e-03,3.906250000000000000e-02
7.673400000000000359e-03,3.906250000000000000e-02
7.679200000000000609e-03,3.875000000000000666e-02
7.685000000000000858e-03,3.812500000000000611e-02
7.690800000000000240e-03,3.812500000000000611e-02
7.696600000000000490e-03,3.750000000000000555e-02
7.702400000000000739e-03,3.718750000000000527e-02
7.708200000000000121e-03,3.656250000000000472e-02
7.714000000000000370e-03,3.625000000000000444e-02
7.719800000000000620e-03,3.562500000000000389e-02
7.725600000000000869e-03,3.562500000000000389e-02
7.731400000000000251e-03,3.562500000000000389e-02
7.737200000000000501e-03,3.562500000000000389e-02
7.743000000000000750e-03,3.562500000000000389e-02
7.748800000000000132e-03,3.562500000000000389e-02
7.754600000000000382e-03,3.593750000000000416e-02
7.760400000000000631e-03,3.625000000000000444e-02
7.766200000000000880e-03,3.687500000000000500e-02
7.772000000000000262e-03,3.718750000000000527e-02
7.777800000000000512e-03,3.718750000000000527e-02
7.783600000000000761e-03,3.750000000000000555e-02
7.789400000000000143e-03,3.843750000000000638e-02
7.795200000000000393e-03,3.875000000000000666e-02
7.801000000000000642e-03,3.906250000000000000e-02
7.806800000000000891e-03,3.906250000000000000e-02
7.812600000000001141e-03,3.906250000000000000e-02
7.818399999999999656e-03,3.906250000000000000e-02
7.824199999999999905e-03,3.906250000000000000e-02
7.830000000000000154e-03,3.906250000000000000e-02
7.835800000000000404e-03,3.875000000000000666e-02
7.841600000000000653e-03,3.906250000000000000e-02
7.847400000000000903e-03,3.843750000000000638e-02
7.853200000000001152e-03,3.906250000000000000e-02
7.858999999999999667e-03,3.937500000000000722e-02
7.864799999999999916e-03,3.937500000000000722e-02
7.870600000000000165e-03,3.968750000000000056e-02
7.876400000000000415e-03,3.968750000000000056e-02
7.882200000000000664e-03,4.031250000000000111e-02
7.888000000000000914e-03,4.000000000000000083e-02
7.893800000000001163e-03,4.000000000000000083e-02
7.899599999999999678e-03,4.000000000000000083e-02
7.905399999999999927e-03,3.937500000000000722e-02
7.911200000000000176e-03,3.906250000000000000e-02
7.917000000000000426e-03,3.875000000000000666e-02
7.922800000000000675e-03,3.875000000000000666e-02
7.928600000000000925e-03,3.781250000000000583e-02
7.934400000000001174e-03,3.718750000000000527e-02
7.940199999999999689e-03,3.625000000000000444e-02
7.945999999999999938e-03,3.593750000000000416e-02
7.951800000000000188e-03,3.593750000000000416e-02
7.957600000000000437e-03,3.562500000000000389e-02
7.963400000000000686e-03,3.531250000000000361e-02
7.969200000000000936e-03,3.500000000000000333e-02
7.975000000000001185e-03,3.468750000000000305e-02
7.980799999999999700e-03,3.500000000000000333e-02
7.986599999999999949e-03,3.500000000000000333e-02
7.992400000000000199e-03,3.593750000000000416e-02
7.998200000000000448e-03,3.625000000000000444e-02
8.004000000000000697e-03,3.687500000000000500e-02
8.009800000000000947e-03,3.687500000000000500e-02
8.015600000000001196e-03,3.750000000000000555e-02
8.021399999999999711e-03,3.812500000000000611e-02
8.027199999999999960e-03,3.781250000000000583e-02
8.033000000000000210e-03,3.843750000000000638e-02
8.038800000000000459e-03,3.843750000000000638e-02
8.044600000000000709e-03,3.843750000000000638e-02
8.050400000000000958e-03,3.812500000000000611e-02
8.056200000000001207e-03,3.812500000000000611e-02
8.061999999999999722e-03,3.812500000000000611e-02
8.067799999999999971e-03,3.781250000000000583e-02
8.073600000000000221e-03,3.781250000000000583e-02
8.079400000000000470e-03,3.750000000000000555e-02
8.085200000000000720e-03,3.781250000000000583e-02
8.091000000000000969e-03,3.812500000000000611e-02
8.096800000000001218e-03,3.812500000000000611e-02
8.102599999999999733e-03,3.812500000000000611e-02
8.108399999999999982e-03,3.843750000000000638e-02
8.114200000000000232e-03,3.906250000000000000e-02
8.120000000000000481e-03,3.937500000000000722e-02
8.125800000000000731e-03,3.906250000000000000e-02
8.131600000000000980e-03,3.906250000000000000e-02
8.137400000000001229e-03,3.906250000000000000e-02
8.143199999999999744e-03,3.906250000000000000e-02
8.148999999999999994e-03,3.875000000000000666e-02
8.154800000000000243e-03,3.812500000000000611e-02
8.160600000000000492e-03,3.781250000000000583e-02
8.166400000000000742e-03,3.781250000000000583e-02
8.172200000000000991e-03,3.750000000000000555e-02
8.178000000000001241e-03,3.687500000000000500e-02
8.183799999999999755e-03,3.656250000000000472e-02
8.189600000000000005e-03,3.687500000000000500e-02
8.195400000000000254e-03,3.656250000000000472e-02
8.201200000000000503e-03,3.656250000000000472e-02
8.207000000000000753e-03,3.687500000000000500e-02
8.212800000000001002e-03,3.687500000000000500e-02
8.218600000000001252e-03,3.718750000000000527e-02
8.224399999999999766e-03,3.750000000000000555e-02
8.230200000000000016e-03,3.781250000000000583e-02
8.236000000000000265e-03,3.843750000000000638e-02
8.241800000000000515e-03,3.875000000000000666e-02
8.247600000000000764e-03,3.906250000000000000e-02
8.253400000000001013e-03,3.906250000000000000e-02
8.259200000000001263e-03,3.906250000000000000e-02
8.264999999999999777e-03,3.906250000000000000e-02
8.270800000000000027e-03,3.937500000000000722e-02
8.276600000000000276e-03,3.906250000000000000e-02
8.282400000000000526e-03,3.875000000000000666e-02
8.288200000000000775e-03,3.812500000000000611e-02
8.294000000000001024e-03,3.812500000000000611e-02
8.299800000000001274e-03,3.750000000000000555e-02
8.305599999999999788e-03,3.687500000000000500e-02
8.311400000000000038e-03,3.718750000000000527e-02
8.317200000000000287e-03,3.687500000000000500e-02
8.323000000000000537e-03,3.687500000000000500e-02
8.328800000000000786e-03,3.687500000000000500e-02
8.334600000000001035e-03,3.718750000000000527e-02
8.340400000000001285e-03,3.750000000000000555e-02
8.346199999999999800e-03,3.781250000000000583e-02
8.352000000000000049e-03,3.437500000000000278e-02
8.357800000000000298e-03,3.468750000000000305e-02
8.363600000000000548e-03,3.531250000000000361e-02
8.369400000000000797e-03,3.593750000000000416e-02
8.375200000000001047e-03,3.593750000000000416e-02
8.381000000000001296e-03,3.656250000000000472e-02
8.386799999999999811e-03,3.687500000000000500e-02
8.392600000000000060e-03,3.687500000000000500e-02
8.398400000000000309e-03,3.718750000000000527e-02
8.404200000000000559e-03,3.718750000000000527e-02
8.410000000000000808e-03,3.718750000000000527e-02
8.415800000000001058e-03,3.750000000000000555e-02
8.421600000000001307e-03,3.781250000000000583e-02
8.427399999999999822e-03,3.843750000000000638e-02
8.433200000000000071e-03,3.875000000000000666e-02
8.439000000000000321e-03,3.875000000000000666e-02
8.444800000000000570e-03,3.875000000000000666e-02
8.450600000000000819e-03,3.937500000000000722e-02
8.456400000000001069e-03,3.968750000000000056e-02
8.462200000000001318e-03,4.000000000000000083e-02
8.467999999999999833e-03,3.968750000000000056e-02
8.473800000000000082e-03,3.937500000000000722e-02
8.479600000000000332e-03,3.937500000000000722e-02
8.485400000000000581e-03,3.906250000000000000e-02
8.491200000000000830e-03,3.843750000000000638e-02
8.497000000000001080e-03,3.812500000000000611e-02
8.502800000000001329e-03,3.750000000000000555e-02
8.508599999999999844e-03,3.687500000000000500e-02
8.514400000000000093e-03,3.593750000000000416e-02
8.520200000000000343e-03,3.500000000000000333e-02
8.526000000000000592e-03,3.437500000000000278e-02
8.531800000000000841e-03,3.312500000000000167e-02
8.537600000000001091e-03,3.281250000000000139e-02
8.543400000000001340e-03,3.250000000000000111e-02
8.549199999999999855e-03,3.156250000000000028e-02
8.555000000000000104e-03,3.156250000000000028e-02
8.560800000000000354e-03,3.125000000000000000e-02
8.566600000000000603e-03,3.125000000000000000e-02
8.572400000000000853e-03,3.187500000000000056e-02
8.578200000000001102e-03,3.187500000000000056e-02
8.584000000000001351e-03,3.250000000000000111e-02
8.589799999999999866e-03,3.343750000000000194e-02
8.595600000000000115e-03,3.406250000000000250e-02
8.601400000000000365e-03,3.406250000000000250e-02
8.607200000000000614e-03,3.468750000000000305e-02
8.613000000000000864e-03,3.500000000000000333e-02
8.618800000000001113e-03,3.562500000000000389e-02
8.624600000000001362e-03,3.593750000000000416e-02
8.630399999999999877e-03,3.625000000000000444e-02
8.636200000000000127e-03,3.656250000000000472e-02
8.642000000000000376e-03,3.687500000000000500e-02
8.647800000000000625e-03,3.687500000000000500e-02
8.653600000000000875e-03,3.750000000000000555e-02
8.659400000000001124e-03,3.781250000000000583e-02
8.665200000000001374e-03,3.812500000000000611e-02
8.670999999999999888e-03,3.843750000000000638e-02
8.676800000000000138e-03,3.875000000000000666e-02
8.682600000000000387e-03,3.875000000000000666e-02
8.688400000000000636e-03,3.937500000000000722e-02
8.694200000000000886e-03,3.937500000000000722e-02
8.700000000000001135e-03,3.937500000000000722e-02
8.705800000000001385e-03,3.875000000000000666e-02
8.711599999999999899e-03,3.875000000000000666e-02
8.717400000000000149e-03,3.812500000000000611e-02
8.723200000000000398e-03,3.750000000000000555e-02
8.729000000000000647e-03,3.687500000000000500e-02
8.734800000000000897e-03,3.593750000000000416e-02
8.740600000000001146e-03,3.531250000000000361e-02
8.746400000000001396e-03,3.437500000000000278e-02
8.752199999999999910e-03,3.343750000000000194e-02
8.758000000000000160e-03,3.281250000000000139e-02
8.763800000000000409e-03,3.187500000000000056e-02
8.769600000000000659e-03,3.093750000000000319e-02
8.775400000000000908e-03,3.062500000000000291e-02
8.781200000000001157e-03,2.968750000000000208e-02
8.787000000000001407e-03,2.937500000000000527e-02
8.792799999999999921e-03,2.906250000000000500e-02
8.798600000000000171e-03,2.937500000000000527e-02
8.804400000000000420e-03,2.906250000000000500e-02
8.810200000000000670e-03,2.968750000000000208e-02
8.816000000000000919e-03,3.031250000000000264e-02
8.821800000000001168e-03,3.093750000000000319e-02
8.827600000000001418e-03,3.156250000000000028e-02
8.833399999999999933e-03,3.187500000000000056e-02
8.839200000000000182e-03,3.250000000000000111e-02
8.845000000000000431e-03,3.281250000000000139e-02
8.850800000000000681e-03,3.343750000000000194e-02
8.856600000000000930e-03,3.406250000000000250e-02
8.862400000000001180e-03,3.437500000000000278e-02
8.868200000000001429e-03,3.468750000000000305e-02
8.873999999999999944e-03,3.531250000000000361e-02
8.879800000000000193e-03,3.562500000000000389e-02
8.885600000000000442e-03,3.593750000000000416e-02
8.891400000000000692e-03,3.625000000000000444e-02
8.897200000000000941e-03,3.687500000000000500e-02
8.903000000000001191e-03,3.718750000000000527e-02
8.908800000000001440e-03,3.781250000000000583e-02
8.914599999999999955e-03,3.812500000000000611e-02
8.920400000000000204e-03,3.812500000000000611e-02
8.926200000000000453e-03,3.843750000000000638e-02
8.932000000000000703e-03,3.812500000000000611e-02
8.937800000000000952e-03,3.812500000000000611e-02
8.943600000000001202e-03,3.781250000000000583e-02
8.949399999999999716e-03,3.718750000000000527e-02
8.955199999999999966e-03,3.687500000000000500e-02
8.961000000000000215e-03,3.593750000000000416e-02
8.966800000000000465e-03,3.562500000000000389e-02
8.972600000000000714e-03,3.437500000000000278e-02
8.978400000000000963e-03,3.375000000000000222e-02
8.984200000000001213e-03,3.281250000000000139e-02
8.989999999999999727e-03,3.187500000000000056e-02
8.995799999999999977e-03,3.125000000000000000e-02
9.001600000000000226e-03,3.062500000000000291e-02
9.007400000000000476e-03,3.000000000000000236e-02
9.013200000000000725e-03,2.937500000000000527e-02
9.019000000000000974e-03,2.875000000000000472e-02
9.024800000000001224e-03,2.843750000000000444e-02
9.030599999999999739e-03,2.875000000000000472e-02
9.036399999999999988e-03,2.875000000000000472e-02
9.042200000000000237e-03,2.937500000000000527e-02
9.048000000000000487e-03,2.968750000000000208e-02
9.053800000000000736e-03,3.031250000000000264e-02
9.059600000000000986e-03,3.062500000000000291e-02
9.065400000000001235e-03,3.187500000000000056e-02
9.071199999999999750e-03,3.218750000000000083e-02
9.076999999999999999e-03,3.281250000000000139e-02
9.082800000000000248e-03,3.312500000000000167e-02
9.088600000000000498e-03,3.375000000000000222e-02
9.094400000000000747e-03,3.406250000000000250e-02
9.100200000000000997e-03,3.437500000000000278e-02
9.106000000000001246e-03,3.500000000000000333e-02
9.111799999999999761e-03,3.531250000000000361e-02
9.117600000000000010e-03,3.562500000000000389e-02
9.123400000000000259e-03,3.625000000000000444e-02
9.129200000000000509e-03,3.656250000000000472e-02
9.135000000000000758e-03,3.718750000000000527e-02
9.140800000000001008e-03,3.750000000000000555e-02
9.146600000000001257e-03,3.750000000000000555e-02
9.152399999999999772e-03,3.781250000000000583e-02
9.158200000000000021e-03,3.843750000000000638e-02
9.164000000000000271e-03,3.875000000000000666e-02
9.169800000000000520e-03,3.843750000000000638e-02
9.175600000000000769e-03,3.843750000000000638e-02
9.181400000000001019e-03,3.843750000000000638e-02
9.187200000000001268e-03,3.812500000000000611e-02
9.192999999999999783e-03,3.718750000000000527e-02
9.198800000000000032e-03,3.718750000000000527e-02
9.204600000000000282e-03,3.625000000000000444e-02
9.210400000000000531e-03,3.562500000000000389e-02
9.216200000000000780e-03,3.468750000000000305e-02
9.222000000000001030e-03,3.406250000000000250e-02
9.227800000000001279e-03,3.312500000000000167e-02
9.233599999999999794e-03,3.281250000000000139e-02
9.239400000000000043e-03,3.218750000000000083e-02
9.245200000000000293e-03,3.156250000000000028e-02
9.251000000000000542e-03,3.125000000000000000e-02
9.256800000000000792e-03,3.156250000000000028e-02
9.262600000000001041e-03,3.156250000000000028e-02
9.268400000000001290e-03,3.156250000000000028e-02
9.274199999999999805e-03,3.218750000000000083e-02
9.280000000000000054e-03,3.250000000000000111e-02
9.285800000000000304e-03,3.312500000000000167e-02
9.291600000000000553e-03,3.343750000000000194e-02
9.297400000000000803e-03,3.406250000000000250e-02
9.303200000000001052e-03,3.468750000000000305e-02
9.309000000000001301e-03,3.531250000000000361e-02
9.314799999999999816e-03,3.562500000000000389e-02
9.320600000000000065e-03,3.593750000000000416e-02
9.326400000000000315e-03,3.625000000000000444e-02
9.332200000000000564e-03,3.656250000000000472e-02
9.338000000000000814e-03,3.687500000000000500e-02
9.343800000000001063e-03,3.718750000000000527e-02
9.349600000000001312e-03,3.750000000000000555e-02
9.355399999999999827e-03,3.781250000000000583e-02
9.361200000000000077e-03,3.812500000000000611e-02
9.367000000000000326e-03,3.875000000000000666e-02
9.372800000000000575e-03,3.875000000000000666e-02
9.378600000000000825e-03,3.937500000000000722e-02
9.384400000000001074e-03,3.937500000000000722e-02
9.390200000000001324e-03,3.968750000000000056e-02
9.395999999999999838e-03,3.937500000000000722e-02
9.401800000000000088e-03,3.968750000000000056e-02
9.407600000000000337e-03,3.937500000000000722e-02
9.413400000000000586e-03,3.906250000000000000e-02
9.419200000000000836e-03,3.843750000000000638e-02
9.425000000000001085e-03,3.781250000000000583e-02
9.430800000000001335e-03,3.718750000000000527e-02
9.436599999999999849e-03,3.656250000000000472e-02
9.442400000000000099e-03,3.562500000000000389e-02
9.448200000000000348e-03,3.437500000000000278e-02
9.454000000000000598e-03,3.375000000000000222e-02
9.459800000000000847e-03,3.281250000000000139e-02
9.465600000000001096e-03,3.187500000000000056e-02
9.471400000000001346e-03,3.125000000000000000e-02
9.477199999999999860e-03,3.062500000000000291e-02
9.483000000000000110e-03,3.062500000000000291e-02
9.488800000000000359e-03,3.031250000000000264e-02
9.494600000000000609e-03,3.000000000000000236e-02
9.500400000000000858e-03,3.000000000000000236e-02
9.506200000000001107e-03,3.031250000000000264e-02
9.512000000000001357e-03,3.062500000000000291e-02
9.517799999999999871e-03,3.093750000000000319e-02
9.523600000000000121e-03,3.218750000000000083e-02
9.529400000000000370e-03,3.281250000000000139e-02
9.535200000000000620e-03,3.312500000000000167e-02
9.541000000000000869e-03,3.343750000000000194e-02
9.546800000000001118e-03,3.375000000000000222e-02
9.552600000000001368e-03,3.468750000000000305e-02
9.558399999999999883e-03,3.500000000000000333e-02
9.564200000000000132e-03,3.531250000000000361e-02
9.570000000000000381e-03,3.562500000000000389e-02
9.575800000000000631e-03,3.625000000000000444e-02
9.581600000000000880e-03,3.656250000000000472e-02
9.587400000000001130e-03,3.687500000000000500e-02
9.593200000000001379e-03,3.718750000000000527e-02
9.598999999999999894e-03,3.750000000000000555e-02
9.604800000000000143e-03,3.812500000000000611e-02
9.610600000000000392e-03,3.843750000000000638e-02
9.616400000000000642e-03,3.812500000000000611e-02
9.622200000000000891e-03,3.875000000000000666e-02
9.628000000000001141e-03,3.843750000000000638e-02
9.633800000000001390e-03,3.843750000000000638e-02
9.639599999999999905e-03,3.843750000000000638e-02
9.645400000000000154e-03,3.812500000000000611e-02
9.651200000000000404e-03,3.718750000000000527e-02
9.657000000000000653e-03,3.656250000000000472e-02
9.662800000000000902e-03,3.625000000000000444e-02
9.668600000000001152e-03,3.531250000000000361e-02
9.674400000000001401e-03,3.406250000000000250e-02
9.680199999999999916e-03,3.312500000000000167e-02
9.686000000000000165e-03,3.218750000000000083e-02
9.691800000000000415e-03,3.125000000000000000e-02
9.697600000000000664e-03,3.062500000000000291e-02
9.703400000000000913e-03,3.000000000000000236e-02
9.709200000000001163e-03,2.937500000000000527e-02
9.715000000000001412e-03,2.843750000000000444e-02
9.720799999999999927e-03,2.781250000000000389e-02
9.726600000000000176e-03,2.812500000000000416e-02
9.732400000000000426e-03,2.812500000000000416e-02
9.738200000000000675e-03,2.843750000000000444e-02
9.744000000000000924e-03,2.875000000000000472e-02
9.749800000000001174e-03,2.937500000000000527e-02
9.755600000000001423e-03,2.968750000000000208e-02
9.761399999999999938e-03,3.062500000000000291e-02
9.767200000000000187e-03,3.093750000000000319e-02
9.773000000000000437e-03,3.156250000000000028e-02
9.778800000000000686e-03,3.250000000000000111e-02
9.784600000000000936e-03,3.281250000000000139e-02
9.790400000000001185e-03,3.343750000000000194e-02
9.796200000000001434e-03,3.343750000000000194e-02
9.801999999999999949e-03,3.437500000000000278e-02
9.807800000000000198e-03,3.468750000000000305e-02
9.813600000000000448e-03,3.500000000000000333e-02
9.819400000000000697e-03,3.531250000000000361e-02
9.825200000000000947e-03,3.593750000000000416e-02
9.831000000000001196e-03,3.625000000000000444e-02
9.836800000000001445e-03,3.656250000000000472e-02
9.842599999999999960e-03,3.687500000000000500e-02
9.848400000000000210e-03,3.687500000000000500e-02
9.854200000000000459e-03,3.687500000000000500e-02
9.860000000000000708e-03,3.687500000000000500e-02
9.865800000000000958e-03,3.625000000000000444e-02
9.871600000000001207e-03,3.625000000000000444e-02
9.877400000000001457e-03,3.531250000000000361e-02
9.883199999999999971e-03,3.500000000000000333e-02
9.889000000000000221e-03,3.406250000000000250e-02
9.894800000000000470e-03,3.281250000000000139e-02
9.900600000000000719e-03,3.250000000000000111e-02
9.906400000000000969e-03,3.125000000000000000e-02
9.912200000000001218e-03,3.000000000000000236e-02
9.918000000000001468e-03,2.875000000000000472e-02
9.923799999999999982e-03,2.843750000000000444e-02
9.929600000000000232e-03,2.718750000000000333e-02
9.935400000000000481e-03,2.656250000000000278e-02
9.941200000000000730e-03,2.593750000000000222e-02
9.947000000000000980e-03,2.562500000000000194e-02
9.952800000000001229e-03,2.500000000000000139e-02
9.958600000000001479e-03,2.437500000000000083e-02
9.964399999999999993e-03,2.468750000000000111e-02
9.970200000000000243e-03,2.500000000000000139e-02
9.976000000000000492e-03,2.531250000000000167e-02
9.981800000000000742e-03,2.593750000000000222e-02
9.987600000000000991e-03,2.656250000000000278e-02
9.993400000000001240e-03,2.687500000000000305e-02
9.999200000000001490e-03,2.781250000000000389e-02
1.000500000000000000e-02,2.843750000000000444e-02
1.001080000000000025e-02,2.906250000000000500e-02
1.001660000000000050e-02,3.000000000000000236e-02
1.002240000000000075e-02,3.062500000000000291e-02
1.002820000000000100e-02,3.125000000000000000e-02
1.003400000000000125e-02,3.187500000000000056e-02
1.003980000000000150e-02,3.218750000000000083e-02
1.004560000000000002e-02,3.281250000000000139e-02
1.005140000000000026e-02,3.343750000000000194e-02
1.005720000000000051e-02,3.375000000000000222e-02
1.006300000000000076e-02,3.437500000000000278e-02
1.006880000000000101e-02,3.468750000000000305e-02
1.007460000000000126e-02,3.531250000000000361e-02
1.008040000000000151e-02,3.531250000000000361e-02
1.008620000000000003e-02,3.562500000000000389e-02
1.009200000000000028e-02,3.562500000000000389e-02
1.009780000000000053e-02,3.562500000000000389e-02
1.010360000000000077e-02,3.531250000000000361e-02
1.010940000000000102e-02,3.468750000000000305e-02
1.011520000000000127e-02,3.437500000000000278e-02
1.012099999999999979e-02,3.375000000000000222e-02
1.012680000000000004e-02,3.250000000000000111e-02
1.013260000000000029e-02,3.218750000000000083e-02
1.013840000000000054e-02,3.125000000000000000e-02
1.014420000000000079e-02,3.031250000000000264e-02
1.015000000000000104e-02,2.906250000000000500e-02
1.015580000000000128e-02,2.875000000000000472e-02
1.016159999999999980e-02,2.750000000000000361e-02
1.016740000000000005e-02,2.718750000000000333e-02
1.017320000000000030e-02,2.656250000000000278e-02
1.017900000000000055e-02,2.593750000000000222e-02
1.018480000000000080e-02,2.531250000000000167e-02
1.019060000000000105e-02,2.531250000000000167e-02
1.019640000000000130e-02,2.531250000000000167e-02
1.020219999999999981e-02,2.531250000000000167e-02
1.020800000000000006e-02,2.562500000000000194e-02
1.021380000000000031e-02,2.656250000000000278e-02
1.021960000000000056e-02,2.718750000000000333e-02
1.022540000000000081e-02,2.781250000000000389e-02
1.023120000000000106e-02,2.843750000000000444e-02
1.023700000000000131e-02,2.937500000000000527e-02
1.024279999999999982e-02,2.968750000000000208e-02
1.024860000000000007e-02,3.031250000000000264e-02
1.025440000000000032e-02,3.156250000000000028e-02
1.026020000000000057e-02,3.125000000000000000e-02
1.026600000000000082e-02,3.250000000000000111e-02
1.027180000000000107e-02,3.250000000000000111e-02
1.027760000000000132e-02,3.312500000000000167e-02
1.028339999999999983e-02,3.375000000000000222e-02
1.028920000000000008e-02,3.437500000000000278e-02
1.029500000000000033e-02,3.500000000000000333e-02
1.030080000000000058e-02,3.531250000000000361e-02
1.030660000000000083e-02,3.562500000000000389e-02
1.031240000000000108e-02,3.562500000000000389e-02
1.031820000000000133e-02,3.625000000000000444e-02
1.032399999999999984e-02,3.625000000000000444e-02
1.032980000000000009e-02,3.593750000000000416e-02
1.033560000000000034e-02,3.531250000000000361e-02
1.034140000000000059e-02,3.500000000000000333e-02
1.034720000000000084e-02,3.437500000000000278e-02
1.035300000000000109e-02,3.406250000000000250e-02
1.035880000000000134e-02,3.281250000000000139e-02
1.036459999999999985e-02,3.187500000000000056e-02
1.037040000000000010e-02,3.093750000000000319e-02
1.037620000000000035e-02,3.062500000000000291e-02
1.038200000000000060e-02,2.937500000000000527e-02
1.038780000000000085e-02,2.843750000000000444e-02
1.039360000000000110e-02,2.750000000000000361e-02
1.039940000000000135e-02,2.687500000000000305e-02
1.040519999999999987e-02,2.625000000000000250e-02
1.041100000000000012e-02,2.531250000000000167e-02
1.041680000000000036e-02,2.531250000000000167e-02
1.042260000000000061e-02,2.500000000000000139e-02
1.042840000000000086e-02,2.531250000000000167e-02
1.043420000000000111e-02,2.500000000000000139e-02
1.044000000000000136e-02,2.531250000000000167e-02
1.044579999999999988e-02,2.625000000000000250e-02
1.045160000000000013e-02,2.656250000000000278e-02
1.045740000000000038e-02,2.687500000000000305e-02
1.046320000000000063e-02,2.781250000000000389e-02
1.046900000000000087e-02,2.875000000000000472e-02
1.047480000000000112e-02,2.937500000000000527e-02
1.048060000000000137e-02,3.000000000000000236e-02
1.048639999999999989e-02,3.031250000000000264e-02
1.049220000000000014e-02,3.125000000000000000e-02
1.049800000000000039e-02,3.187500000000000056e-02
1.050380000000000064e-02,3.218750000000000083e-02
1.050960000000000089e-02,3.281250000000000139e-02
1.051540000000000114e-02,3.343750000000000194e-02
1.052120000000000138e-02,3.343750000000000194e-02
1.052699999999999990e-02,3.375000000000000222e-02
1.053280000000000015e-02,3.437500000000000278e-02
1.053860000000000040e-02,3.437500000000000278e-02
1.054440000000000065e-02,3.468750000000000305e-02
1.055020000000000090e-02,3.468750000000000305e-02
1.055600000000000115e-02,3.468750000000000305e-02
1.056180000000000140e-02,3.406250000000000250e-02
1.056759999999999991e-02,3.375000000000000222e-02
1.057340000000000016e-02,3.343750000000000194e-02
1.057920000000000041e-02,3.250000000000000111e-02
1.058500000000000066e-02,3.187500000000000056e-02
1.059080000000000091e-02,3.093750000000000319e-02
1.059660000000000116e-02,3.000000000000000236e-02
1.060240000000000141e-02,2.906250000000000500e-02
1.060819999999999992e-02,2.812500000000000416e-02
1.061400000000000017e-02,2.718750000000000333e-02
1.061980000000000042e-02,2.593750000000000222e-02
1.062560000000000067e-02,2.562500000000000194e-02
1.063140000000000092e-02,2.437500000000000083e-02
1.063720000000000117e-02,2.375000000000000375e-02
1.064300000000000142e-02,2.312500000000000319e-02
1.064879999999999993e-02,2.250000000000000264e-02
1.065460000000000018e-02,2.218750000000000236e-02
1.066040000000000043e-02,2.218750000000000236e-02
1.066620000000000068e-02,2.218750000000000236e-02
1.067200000000000093e-02,2.218750000000000236e-02
1.067780000000000118e-02,2.281250000000000291e-02
1.068360000000000143e-02,2.375000000000000375e-02
1.068939999999999994e-02,2.375000000000000375e-02
1.069520000000000019e-02,2.468750000000000111e-02
1.070100000000000044e-02,2.531250000000000167e-02
1.070680000000000069e-02,2.625000000000000250e-02
1.071260000000000094e-02,2.656250000000000278e-02
1.071840000000000119e-02,2.781250000000000389e-02
1.072420000000000144e-02,2.812500000000000416e-02
1.072999999999999995e-02,2.906250000000000500e-02
1.073580000000000020e-02,2.937500000000000527e-02
1.074160000000000045e-02,3.031250000000000264e-02
1.074740000000000070e-02,3.062500000000000291e-02
1.075320000000000095e-02,3.125000000000000000e-02
1.075900000000000120e-02,3.156250000000000028e-02
1.076480000000000145e-02,3.218750000000000083e-02
1.077059999999999997e-02,3.250000000000000111e-02
1.077640000000000021e-02,3.250000000000000111e-02
1.078220000000000046e-02,3.281250000000000139e-02
1.078800000000000071e-02,3.281250000000000139e-02
1.079380000000000096e-02,3.250000000000000111e-02
1.079960000000000121e-02,3.187500000000000056e-02
1.080540000000000146e-02,3.187500000000000056e-02
1.081119999999999998e-02,3.062500000000000291e-02
1.081700000000000023e-02,3.000000000000000236e-02
1.082280000000000048e-02,2.937500000000000527e-02
1.082860000000000072e-02,2.812500000000000416e-02
1.083440000000000097e-02,2.718750000000000333e-02
1.084020000000000122e-02,2.593750000000000222e-02
1.084600000000000147e-02,2.562500000000000194e-02
1.085179999999999999e-02,2.437500000000000083e-02
1.085760000000000024e-02,2.343750000000000347e-02
1.086340000000000049e-02,2.250000000000000264e-02
1.086920000000000074e-02,2.156250000000000527e-02
1.087500000000000099e-02,2.125000000000000500e-02
1.088080000000000123e-02,2.062500000000000444e-02
1.088660000000000148e-02,2.031250000000000416e-02
1.089240000000000000e-02,2.000000000000000389e-02
1.089820000000000025e-02,2.000000000000000389e-02
1.090400000000000050e-02,2.031250000000000416e-02
1.090980000000000075e-02,2.062500000000000444e-02
1.091560000000000100e-02,2.125000000000000500e-02
1.092140000000000125e-02,2.156250000000000527e-02
1.092720000000000150e-02,2.250000000000000264e-02
1.093300000000000001e-02,2.343750000000000347e-02
1.093880000000000026e-02,2.343750000000000347e-02
1.094460000000000051e-02,2.468750000000000111e-02
1.095040000000000076e-02,2.531250000000000167e-02
1.095620000000000101e-02,2.625000000000000250e-02
1.096200000000000126e-02,2.656250000000000278e-02
1.096780000000000151e-02,2.718750000000000333e-02
1.097360000000000002e-02,2.812500000000000416e-02
1.097940000000000027e-02,2.875000000000000472e-02
1.098520000000000052e-02,2.906250000000000500e-02
1.099100000000000077e-02,2.937500000000000527e-02
1.099680000000000102e-02,2.968750000000000208e-02
1.100260000000000127e-02,3.000000000000000236e-02
1.100840000000000152e-02,2.968750000000000208e-02
1.101420000000000003e-02,2.968750000000000208e-02
1.102000000000000028e-02,2.906250000000000500e-02
1.102580000000000053e-02,2.875000000000000472e-02
1.103160000000000078e-02,2.812500000000000416e-02
1.103740000000000103e-02,2.750000000000000361e-02
1.104320000000000128e-02,2.625000000000000250e-02
1.104900000000000153e-02,2.593750000000000222e-02
1.105480000000000004e-02,2.468750000000000111e-02
1.106060000000000029e-02,2.375000000000000375e-02
1.106640000000000054e-02,2.281250000000000291e-02
1.107220000000000079e-02,2.218750000000000236e-02
1.107800000000000104e-02,2.093750000000000472e-02
1.108380000000000129e-02,2.062500000000000444e-02
1.108960000000000154e-02,2.000000000000000389e-02
1.109540000000000005e-02,1.906250000000000305e-02
1.110120000000000030e-02,1.843750000000000250e-02
1.110700000000000055e-02,1.812500000000000222e-02
1.111280000000000080e-02,1.687500000000000458e-02
1.111860000000000105e-02,1.656250000000000430e-02
1.112440000000000130e-02,1.625000000000000402e-02
1.113020000000000155e-02,1.562500000000000347e-02
1.113600000000000007e-02,1.531250000000000319e-02
1.114180000000000031e-02,1.562500000000000347e-02
1.114760000000000056e-02,1.562500000000000347e-02
1.115340000000000081e-02,1.593750000000000375e-02
1.115920000000000106e-02,1.625000000000000402e-02
1.116500000000000131e-02,1.656250000000000430e-02
1.117080000000000156e-02,1.750000000000000167e-02
1.117660000000000008e-02,1.781250000000000194e-02
1.118240000000000033e-02,1.843750000000000250e-02
1.118820000000000058e-02,1.906250000000000305e-02
1.119400000000000082e-02,1.968750000000000361e-02
1.119980000000000107e-02,2.031250000000000416e-02
1.120560000000000132e-02,2.093750000000000472e-02
1.121140000000000157e-02,2.125000000000000500e-02
1.121720000000000009e-02,2.125000000000000500e-02
1.122300000000000034e-02,2.156250000000000527e-02
1.122880000000000059e-02,2.156250000000000527e-02
1.123460000000000084e-02,2.156250000000000527e-02
1.124040000000000109e-02,2.125000000000000500e-02
1.124620000000000133e-02,2.125000000000000500e-02
1.125200000000000158e-02,2.031250000000000416e-02
1.125780000000000010e-02,2.000000000000000389e-02
1.126360000000000035e-02,1.906250000000000305e-02
1.126940000000000060e-02,1.843750000000000250e-02
1.127520000000000085e-02,1.750000000000000167e-02
1.128100000000000110e-02,1.750000000000000167e-02
1.128680000000000135e-02,1.687500000000000458e-02
1.129259999999999986e-02,1.625000000000000402e-02
1.129840000000000011e-02,1.593750000000000375e-02
1.130420000000000036e-02,1.562500000000000347e-02
1.131000000000000061e-02,1.500000000000000291e-02
1.131580000000000086e-02,1.500000000000000291e-02
1.132160000000000111e-02,1.468750000000000264e-02
1.132740000000000136e-02,1.468750000000000264e-02
1.133319999999999987e-02,1.062500000000000250e-02
1.133900000000000012e-02,1.031250000000000222e-02
1.134480000000000037e-02,1.062500000000000250e-02
1.135060000000000062e-02,1.062500000000000250e-02
1.135640000000000087e-02,1.031250000000000222e-02
1.136220000000000112e-02,9.687500000000001665e-03
1.136800000000000137e-02,9.375000000000001388e-03
1.137379999999999988e-02,9.062500000000001110e-03
1.137960000000000013e-02,9.062500000000001110e-03
1.138540000000000038e-02,8.750000000000004302e-03
1.139120000000000063e-02,8.750000000000004302e-03
1.139700000000000088e-02,9.062500000000001110e-03
1.140280000000000113e-02,9.375000000000001388e-03
1.140860000000000138e-02,9.687500000000001665e-03
1.141439999999999989e-02,1.000000000000000194e-02
1.142020000000000014e-02,1.031250000000000222e-02
1.142600000000000039e-02,1.031250000000000222e-02
1.143180000000000064e-02,1.093750000000000278e-02
1.143760000000000089e-02,1.156250000000000333e-02
1.144340000000000114e-02,1.156250000000000333e-02
1.144920000000000139e-02,1.187500000000000361e-02
1.145499999999999990e-02,1.187500000000000361e-02
1.146080000000000015e-02,1.187500000000000361e-02
1.146660000000000040e-02,1.187500000000000361e-02
1.147240000000000065e-02,1.156250000000000333e-02
1.147820000000000090e-02,1.156250000000000333e-02
1.148400000000000115e-02,1.125000000000000305e-02
1.148980000000000140e-02,1.031250000000000222e-02
1.149559999999999992e-02,1.062500000000000250e-02
1.150140000000000017e-02,1.031250000000000222e-02
1.150720000000000041e-02,1.000000000000000194e-02
1.151300000000000066e-02,9.687500000000001665e-03
1.151880000000000091e-02,9.375000000000001388e-03
1.152460000000000116e-02,9.687500000000001665e-03
1.153040000000000141e-02,9.687500000000001665e-03
1.153619999999999993e-02,1.031250000000000222e-02
1.154200000000000018e-02,1.062500000000000250e-02
1.154780000000000043e-02,1.125000000000000305e-02
1.155360000000000067e-02,1.125000000000000305e-02
1.155940000000000092e-02,1.187500000000000361e-02
1.156520000000000117e-02,1.218750000000000389e-02
1.157100000000000142e-02,1.250000000000000416e-02
1.157679999999999994e-02,1.281250000000000444e-02
1.158260000000000019e-02,1.312500000000000125e-02
1.158840000000000044e-02,1.281250000000000444e-02
1.159420000000000069e-02,1.281250000000000444e-02
