PURE SILICA, ELECTRODE=TUNGSTEN, TIME=35, POLING_VOLTAGE=3700, WAVELENGTH=1.55e-06, EFFECTIVE_DISTANCE=3.1e-05, POLED_LENGTH=0.3, CORE_INDEX=1.45, POLE=MAX, AC_VOLTAGE=1056.0, AC_FREQUENCY=5650, PIEZO_FREQUENCY=113.0
Time(s),Voltage(V)
0.000000000000000000e+00,5.437500000000000666e-02
4.400000000000000224e-06,5.375000000000000611e-02
8.800000000000000449e-06,5.375000000000000611e-02
1.320000000000000067e-05,5.375000000000000611e-02
1.760000000000000090e-05,5.375000000000000611e-02
2.199999999999999943e-05,5.375000000000000611e-02
2.640000000000000135e-05,5.437500000000000666e-02
3.080000000000000326e-05,5.437500000000000666e-02
3.520000000000000180e-05,5.406249999999999944e-02
3.960000000000000033e-05,5.375000000000000611e-02
4.399999999999999886e-05,5.281250000000000527e-02
4.840000000000000416e-05,5.156250000000000416e-02
5.280000000000000269e-05,5.031250000000000305e-02
5.720000000000000122e-05,4.875000000000000167e-02
6.160000000000000653e-05,4.812500000000000111e-02
6.600000000000000506e-05,4.781250000000000777e-02
7.040000000000000359e-05,4.750000000000000056e-02
7.480000000000000212e-05,4.781250000000000777e-02
7.920000000000000065e-05,4.750000000000000056e-02
8.359999999999999918e-05,4.656250000000000666e-02
8.799999999999999771e-05,4.562500000000000583e-02
9.240000000000000979e-05,4.406250000000000444e-02
9.680000000000000833e-05,4.375000000000000416e-02
1.012000000000000069e-04,4.375000000000000416e-02
1.056000000000000054e-04,4.437500000000000472e-02
1.100000000000000039e-04,4.468750000000000500e-02
1.144000000000000024e-04,4.437500000000000472e-02
1.188000000000000010e-04,4.343750000000000389e-02
1.232000000000000131e-04,4.250000000000000305e-02
1.276000000000000116e-04,4.125000000000000194e-02
1.320000000000000101e-04,4.062500000000000139e-02
1.364000000000000087e-04,3.875000000000000666e-02
1.408000000000000072e-04,3.812500000000000611e-02
1.452000000000000057e-04,3.718750000000000527e-02
1.496000000000000042e-04,3.687500000000000500e-02
1.540000000000000028e-04,3.625000000000000444e-02
1.584000000000000013e-04,3.593750000000000416e-02
1.627999999999999998e-04,3.593750000000000416e-02
1.671999999999999984e-04,3.625000000000000444e-02
1.715999999999999969e-04,3.656250000000000472e-02
1.759999999999999954e-04,3.687500000000000500e-02
1.804000000000000211e-04,3.750000000000000555e-02
1.848000000000000196e-04,3.750000000000000555e-02
1.892000000000000181e-04,3.812500000000000611e-02
1.936000000000000167e-04,3.812500000000000611e-02
1.980000000000000152e-04,3.781250000000000583e-02
2.024000000000000137e-04,3.781250000000000583e-02
2.068000000000000122e-04,3.750000000000000555e-02
2.112000000000000108e-04,3.718750000000000527e-02
2.156000000000000093e-04,3.687500000000000500e-02
2.200000000000000078e-04,3.656250000000000472e-02
2.244000000000000064e-04,3.625000000000000444e-02
2.288000000000000049e-04,3.593750000000000416e-02
2.332000000000000034e-04,3.562500000000000389e-02
2.376000000000000020e-04,3.531250000000000361e-02
2.420000000000000005e-04,3.437500000000000278e-02
2.464000000000000261e-04,3.437500000000000278e-02
2.508000000000000246e-04,3.375000000000000222e-02
2.552000000000000232e-04,3.343750000000000194e-02
2.596000000000000217e-04,3.281250000000000139e-02
2.640000000000000202e-04,3.250000000000000111e-02
2.684000000000000188e-04,3.218750000000000083e-02
2.728000000000000173e-04,3.187500000000000056e-02
2.772000000000000158e-04,3.125000000000000000e-02
2.816000000000000144e-04,3.000000000000000236e-02
2.860000000000000129e-04,2.937500000000000527e-02
2.904000000000000114e-04,2.843750000000000444e-02
2.948000000000000100e-04,2.781250000000000389e-02
2.992000000000000085e-04,2.687500000000000305e-02
3.036000000000000070e-04,2.656250000000000278e-02
3.080000000000000055e-04,2.687500000000000305e-02
3.124000000000000041e-04,2.687500000000000305e-02
3.168000000000000026e-04,2.750000000000000361e-02
3.212000000000000011e-04,2.781250000000000389e-02
3.255999999999999997e-04,2.906250000000000500e-02
3.299999999999999982e-04,2.937500000000000527e-02
3.343999999999999967e-04,3.000000000000000236e-02
3.387999999999999953e-04,3.000000000000000236e-02
3.431999999999999938e-04,3.031250000000000264e-02
3.475999999999999923e-04,3.000000000000000236e-02
3.519999999999999908e-04,2.968750000000000208e-02
3.564000000000000436e-04,2.906250000000000500e-02
3.608000000000000421e-04,2.906250000000000500e-02
3.652000000000000406e-04,2.906250000000000500e-02
3.696000000000000392e-04,2.843750000000000444e-02
3.740000000000000377e-04,2.843750000000000444e-02
3.784000000000000362e-04,2.812500000000000416e-02
3.828000000000000348e-04,2.750000000000000361e-02
3.872000000000000333e-04,2.750000000000000361e-02
3.916000000000000318e-04,2.687500000000000305e-02
3.960000000000000304e-04,2.625000000000000250e-02
4.004000000000000289e-04,2.562500000000000194e-02
4.048000000000000274e-04,2.468750000000000111e-02
4.092000000000000260e-04,2.437500000000000083e-02
4.136000000000000245e-04,2.375000000000000375e-02
4.180000000000000230e-04,2.281250000000000291e-02
4.224000000000000215e-04,2.218750000000000236e-02
4.268000000000000201e-04,2.218750000000000236e-02
4.312000000000000186e-04,2.187500000000000555e-02
4.356000000000000171e-04,2.156250000000000527e-02
4.400000000000000157e-04,2.125000000000000500e-02
4.444000000000000142e-04,2.125000000000000500e-02
4.488000000000000127e-04,2.125000000000000500e-02
4.532000000000000113e-04,2.125000000000000500e-02
4.576000000000000098e-04,2.125000000000000500e-02
4.620000000000000083e-04,2.125000000000000500e-02
4.664000000000000068e-04,2.093750000000000472e-02
4.708000000000000054e-04,2.125000000000000500e-02
4.752000000000000039e-04,2.125000000000000500e-02
4.796000000000000024e-04,2.125000000000000500e-02
4.840000000000000010e-04,2.187500000000000555e-02
4.884000000000000537e-04,2.187500000000000555e-02
4.928000000000000522e-04,2.218750000000000236e-02
4.972000000000000508e-04,2.250000000000000264e-02
5.016000000000000493e-04,2.312500000000000319e-02
5.060000000000000478e-04,2.343750000000000347e-02
5.104000000000000464e-04,2.375000000000000375e-02
5.148000000000000449e-04,2.468750000000000111e-02
5.192000000000000434e-04,2.531250000000000167e-02
5.236000000000000420e-04,2.593750000000000222e-02
5.280000000000000405e-04,2.593750000000000222e-02
5.324000000000000390e-04,2.687500000000000305e-02
5.368000000000000375e-04,2.781250000000000389e-02
5.412000000000000361e-04,2.750000000000000361e-02
5.456000000000000346e-04,2.781250000000000389e-02
5.500000000000000331e-04,2.781250000000000389e-02
5.544000000000000317e-04,2.781250000000000389e-02
5.588000000000000302e-04,2.750000000000000361e-02
5.632000000000000287e-04,2.718750000000000333e-02
5.676000000000000273e-04,2.656250000000000278e-02
5.720000000000000258e-04,2.593750000000000222e-02
5.764000000000000243e-04,2.531250000000000167e-02
5.808000000000000228e-04,2.531250000000000167e-02
5.852000000000000214e-04,2.468750000000000111e-02
5.896000000000000199e-04,2.406250000000000056e-02
5.940000000000000184e-04,2.406250000000000056e-02
5.984000000000000170e-04,2.375000000000000375e-02
6.028000000000000155e-04,2.375000000000000375e-02
6.072000000000000140e-04,2.343750000000000347e-02
6.116000000000000126e-04,2.343750000000000347e-02
6.160000000000000111e-04,2.343750000000000347e-02
6.204000000000000096e-04,2.312500000000000319e-02
6.248000000000000081e-04,2.312500000000000319e-02
6.292000000000000067e-04,2.312500000000000319e-02
6.336000000000000052e-04,2.312500000000000319e-02
6.380000000000000037e-04,2.312500000000000319e-02
6.424000000000000023e-04,2.312500000000000319e-02
6.468000000000000008e-04,2.312500000000000319e-02
6.511999999999999993e-04,2.343750000000000347e-02
6.555999999999999979e-04,2.406250000000000056e-02
6.599999999999999964e-04,2.406250000000000056e-02
6.643999999999999949e-04,2.437500000000000083e-02
6.687999999999999935e-04,2.468750000000000111e-02
6.731999999999999920e-04,2.531250000000000167e-02
6.775999999999999905e-04,2.562500000000000194e-02
6.819999999999999890e-04,2.593750000000000222e-02
6.863999999999999876e-04,2.687500000000000305e-02
6.907999999999999861e-04,2.687500000000000305e-02
6.951999999999999846e-04,2.781250000000000389e-02
6.995999999999999832e-04,2.843750000000000444e-02
7.039999999999999817e-04,2.875000000000000472e-02
7.084000000000000886e-04,2.937500000000000527e-02
7.128000000000000872e-04,3.000000000000000236e-02
7.172000000000000857e-04,3.031250000000000264e-02
7.216000000000000842e-04,3.093750000000000319e-02
7.260000000000000828e-04,3.093750000000000319e-02
7.304000000000000813e-04,3.093750000000000319e-02
7.348000000000000798e-04,3.125000000000000000e-02
7.392000000000000784e-04,3.156250000000000028e-02
7.436000000000000769e-04,3.125000000000000000e-02
7.480000000000000754e-04,3.125000000000000000e-02
7.524000000000000739e-04,3.125000000000000000e-02
7.568000000000000725e-04,3.156250000000000028e-02
7.612000000000000710e-04,3.125000000000000000e-02
7.656000000000000695e-04,3.125000000000000000e-02
7.700000000000000681e-04,3.093750000000000319e-02
7.744000000000000666e-04,3.093750000000000319e-02
7.788000000000000651e-04,3.062500000000000291e-02
7.832000000000000637e-04,3.031250000000000264e-02
7.876000000000000622e-04,3.000000000000000236e-02
7.920000000000000607e-04,3.000000000000000236e-02
7.964000000000000593e-04,3.000000000000000236e-02
8.008000000000000578e-04,2.968750000000000208e-02
8.052000000000000563e-04,2.968750000000000208e-02
8.096000000000000548e-04,3.000000000000000236e-02
8.140000000000000534e-04,3.000000000000000236e-02
8.184000000000000519e-04,2.968750000000000208e-02
8.228000000000000504e-04,3.031250000000000264e-02
8.272000000000000490e-04,3.062500000000000291e-02
8.316000000000000475e-04,3.062500000000000291e-02
8.360000000000000460e-04,3.093750000000000319e-02
8.404000000000000446e-04,3.125000000000000000e-02
8.448000000000000431e-04,3.156250000000000028e-02
8.492000000000000416e-04,3.218750000000000083e-02
8.536000000000000401e-04,3.250000000000000111e-02
8.580000000000000387e-04,3.312500000000000167e-02
8.624000000000000372e-04,3.343750000000000194e-02
8.668000000000000357e-04,3.406250000000000250e-02
8.712000000000000343e-04,3.468750000000000305e-02
8.756000000000000328e-04,3.531250000000000361e-02
8.800000000000000313e-04,3.562500000000000389e-02
8.844000000000000299e-04,3.656250000000000472e-02
8.888000000000000284e-04,3.656250000000000472e-02
8.932000000000000269e-04,3.718750000000000527e-02
8.976000000000000255e-04,3.718750000000000527e-02
9.020000000000000240e-04,3.781250000000000583e-02
9.064000000000000225e-04,3.750000000000000555e-02
9.108000000000000210e-04,3.718750000000000527e-02
9.152000000000000196e-04,3.718750000000000527e-02
9.196000000000000181e-04,3.718750000000000527e-02
9.240000000000000166e-04,3.656250000000000472e-02
9.284000000000000152e-04,3.593750000000000416e-02
9.328000000000000137e-04,3.593750000000000416e-02
9.372000000000000122e-04,3.562500000000000389e-02
9.416000000000000108e-04,3.500000000000000333e-02
9.460000000000000093e-04,3.468750000000000305e-02
9.504000000000000078e-04,3.437500000000000278e-02
9.548000000000000063e-04,3.437500000000000278e-02
9.592000000000000049e-04,3.406250000000000250e-02
9.636000000000000034e-04,3.406250000000000250e-02
9.680000000000000019e-04,3.343750000000000194e-02
9.724000000000000005e-04,3.375000000000000222e-02
9.768000000000001074e-04,3.375000000000000222e-02
9.811999999999999975e-04,3.343750000000000194e-02
9.856000000000001045e-04,3.375000000000000222e-02
9.899999999999999946e-04,3.375000000000000222e-02
9.944000000000001015e-04,3.343750000000000194e-02
9.987999999999999916e-04,3.343750000000000194e-02
1.003200000000000099e-03,3.343750000000000194e-02
1.007599999999999989e-03,3.343750000000000194e-02
1.012000000000000096e-03,3.375000000000000222e-02
1.016399999999999986e-03,3.437500000000000278e-02
1.020800000000000093e-03,3.437500000000000278e-02
1.025199999999999983e-03,3.437500000000000278e-02
1.029600000000000090e-03,3.531250000000000361e-02
1.033999999999999980e-03,3.562500000000000389e-02
1.038400000000000087e-03,3.625000000000000444e-02
1.042799999999999977e-03,3.687500000000000500e-02
1.047200000000000084e-03,3.750000000000000555e-02
1.051599999999999974e-03,3.781250000000000583e-02
1.056000000000000081e-03,3.843750000000000638e-02
1.060399999999999971e-03,3.843750000000000638e-02
1.064800000000000078e-03,3.937500000000000722e-02
1.069199999999999968e-03,3.968750000000000056e-02
1.073600000000000075e-03,4.000000000000000083e-02
1.077999999999999965e-03,4.000000000000000083e-02
1.082400000000000072e-03,4.031250000000000111e-02
1.086799999999999962e-03,4.031250000000000111e-02
1.091200000000000069e-03,4.062500000000000139e-02
1.095599999999999959e-03,4.000000000000000083e-02
1.100000000000000066e-03,4.000000000000000083e-02
1.104399999999999956e-03,4.000000000000000083e-02
1.108800000000000063e-03,3.937500000000000722e-02
1.113199999999999953e-03,3.937500000000000722e-02
1.117600000000000060e-03,3.875000000000000666e-02
1.121999999999999950e-03,3.843750000000000638e-02
1.126400000000000057e-03,3.843750000000000638e-02
1.130800000000000164e-03,3.812500000000000611e-02
1.135200000000000055e-03,3.781250000000000583e-02
1.139600000000000161e-03,3.750000000000000555e-02
1.144000000000000052e-03,3.750000000000000555e-02
1.148400000000000159e-03,3.750000000000000555e-02
1.152800000000000049e-03,3.781250000000000583e-02
1.157200000000000156e-03,3.812500000000000611e-02
1.161600000000000046e-03,3.843750000000000638e-02
1.166000000000000153e-03,3.875000000000000666e-02
1.170400000000000043e-03,3.937500000000000722e-02
1.174800000000000150e-03,3.968750000000000056e-02
1.179200000000000040e-03,3.968750000000000056e-02
1.183600000000000147e-03,4.000000000000000083e-02
1.188000000000000037e-03,4.031250000000000111e-02
1.192400000000000144e-03,4.062500000000000139e-02
1.196800000000000034e-03,4.093750000000000167e-02
1.201200000000000141e-03,4.156250000000000222e-02
1.205600000000000031e-03,4.250000000000000305e-02
1.210000000000000138e-03,4.250000000000000305e-02
1.214400000000000028e-03,4.312500000000000361e-02
1.218800000000000135e-03,4.343750000000000389e-02
1.223200000000000025e-03,4.406250000000000444e-02
1.227600000000000132e-03,4.468750000000000500e-02
1.232000000000000022e-03,4.468750000000000500e-02
1.236400000000000129e-03,4.531250000000000555e-02
1.240800000000000019e-03,4.593750000000000611e-02
1.245200000000000126e-03,4.624999999999999944e-02
1.249600000000000016e-03,4.656250000000000666e-02
1.254000000000000123e-03,4.687500000000000000e-02
1.258400000000000013e-03,4.718750000000000722e-02
1.262800000000000120e-03,4.687500000000000000e-02
1.267200000000000010e-03,4.718750000000000722e-02
1.271600000000000117e-03,4.781250000000000777e-02
1.276000000000000007e-03,4.718750000000000722e-02
1.280400000000000114e-03,4.718750000000000722e-02
1.284800000000000005e-03,4.718750000000000722e-02
1.289200000000000111e-03,4.687500000000000000e-02
1.293600000000000002e-03,4.656250000000000666e-02
1.298000000000000109e-03,4.656250000000000666e-02
1.302399999999999999e-03,4.624999999999999944e-02
1.306800000000000106e-03,4.624999999999999944e-02
1.311199999999999996e-03,4.593750000000000611e-02
1.315600000000000103e-03,4.562500000000000583e-02
1.319999999999999993e-03,4.593750000000000611e-02
1.324400000000000100e-03,4.593750000000000611e-02
1.328799999999999990e-03,4.593750000000000611e-02
1.333200000000000097e-03,4.593750000000000611e-02
1.337599999999999987e-03,4.624999999999999944e-02
1.342000000000000094e-03,4.656250000000000666e-02
1.346399999999999984e-03,4.656250000000000666e-02
1.350800000000000091e-03,4.687500000000000000e-02
1.355199999999999981e-03,4.718750000000000722e-02
1.359600000000000088e-03,4.718750000000000722e-02
1.363999999999999978e-03,4.781250000000000777e-02
1.368400000000000085e-03,4.781250000000000777e-02
1.372799999999999975e-03,4.812500000000000111e-02
1.377200000000000082e-03,4.875000000000000167e-02
1.381599999999999972e-03,4.937500000000000222e-02
1.386000000000000079e-03,4.937500000000000222e-02
1.390399999999999969e-03,4.968750000000000250e-02
1.394800000000000076e-03,5.000000000000000278e-02
1.399199999999999966e-03,5.000000000000000278e-02
1.403600000000000073e-03,5.031250000000000305e-02
1.407999999999999963e-03,5.062500000000000333e-02
1.412400000000000070e-03,5.093750000000000361e-02
1.416800000000000177e-03,5.125000000000000389e-02
1.421200000000000067e-03,5.156250000000000416e-02
1.425600000000000174e-03,5.156250000000000416e-02
1.430000000000000064e-03,5.187500000000000444e-02
1.434400000000000171e-03,5.187500000000000444e-02
1.438800000000000062e-03,5.218750000000000472e-02
1.443200000000000168e-03,5.218750000000000472e-02
1.447600000000000059e-03,5.281250000000000527e-02
1.452000000000000166e-03,5.281250000000000527e-02
1.456400000000000056e-03,5.281250000000000527e-02
1.460800000000000163e-03,5.281250000000000527e-02
1.465200000000000053e-03,5.281250000000000527e-02
1.469600000000000160e-03,5.218750000000000472e-02
1.474000000000000050e-03,5.250000000000000500e-02
1.478400000000000157e-03,5.218750000000000472e-02
1.482800000000000047e-03,5.218750000000000472e-02
1.487200000000000154e-03,5.250000000000000500e-02
1.491600000000000044e-03,5.218750000000000472e-02
1.496000000000000151e-03,5.187500000000000444e-02
1.500400000000000041e-03,5.218750000000000472e-02
1.504800000000000148e-03,5.218750000000000472e-02
1.509200000000000038e-03,5.250000000000000500e-02
1.513600000000000145e-03,5.250000000000000500e-02
1.518000000000000035e-03,5.281250000000000527e-02
1.522400000000000142e-03,5.281250000000000527e-02
1.526800000000000032e-03,5.281250000000000527e-02
1.531200000000000139e-03,5.312500000000000555e-02
1.535600000000000029e-03,5.312500000000000555e-02
1.540000000000000136e-03,5.312500000000000555e-02
1.544400000000000026e-03,5.375000000000000611e-02
1.548800000000000133e-03,5.375000000000000611e-02
1.553200000000000023e-03,5.406249999999999944e-02
1.557600000000000130e-03,5.437500000000000666e-02
1.562000000000000020e-03,5.437500000000000666e-02
1.566400000000000127e-03,5.437500000000000666e-02
1.570800000000000017e-03,5.468750000000000000e-02
1.575200000000000124e-03,5.468750000000000000e-02
1.579600000000000014e-03,5.437500000000000666e-02
1.584000000000000121e-03,5.468750000000000000e-02
1.588400000000000012e-03,5.468750000000000000e-02
1.592800000000000119e-03,5.468750000000000000e-02
1.597200000000000009e-03,5.468750000000000000e-02
1.601600000000000116e-03,5.437500000000000666e-02
1.606000000000000006e-03,5.437500000000000666e-02
1.610400000000000113e-03,5.500000000000000722e-02
1.614800000000000003e-03,5.500000000000000722e-02
1.619200000000000110e-03,5.531250000000000056e-02
1.623600000000000000e-03,5.562500000000000777e-02
1.628000000000000107e-03,5.593750000000000111e-02
1.632399999999999997e-03,5.562500000000000777e-02
1.636800000000000104e-03,5.593750000000000111e-02
1.641199999999999994e-03,5.625000000000000833e-02
1.645600000000000101e-03,5.562500000000000777e-02
1.649999999999999991e-03,5.593750000000000111e-02
1.654400000000000098e-03,5.593750000000000111e-02
1.658799999999999988e-03,5.593750000000000111e-02
1.663200000000000095e-03,5.593750000000000111e-02
1.667599999999999985e-03,5.625000000000000833e-02
1.672000000000000092e-03,5.593750000000000111e-02
1.676399999999999982e-03,5.625000000000000833e-02
1.680800000000000089e-03,5.593750000000000111e-02
1.685199999999999979e-03,5.593750000000000111e-02
1.689600000000000086e-03,5.625000000000000833e-02
1.694000000000000193e-03,5.656250000000000167e-02
1.698400000000000083e-03,5.687500000000000888e-02
1.702800000000000190e-03,5.656250000000000167e-02
1.707200000000000080e-03,5.687500000000000888e-02
1.711600000000000187e-03,5.656250000000000167e-02
1.716000000000000077e-03,5.718750000000000222e-02
1.720400000000000184e-03,5.718750000000000222e-02
1.724800000000000074e-03,5.687500000000000888e-02
1.729200000000000181e-03,5.718750000000000222e-02
1.733600000000000071e-03,5.687500000000000888e-02
1.738000000000000178e-03,5.687500000000000888e-02
1.742400000000000069e-03,5.656250000000000167e-02
1.746800000000000175e-03,5.656250000000000167e-02
1.751200000000000066e-03,5.625000000000000833e-02
1.755600000000000173e-03,5.593750000000000111e-02
1.760000000000000063e-03,5.250000000000000500e-02
1.764400000000000170e-03,5.218750000000000472e-02
1.768800000000000060e-03,5.187500000000000444e-02
1.773200000000000167e-03,5.156250000000000416e-02
1.777600000000000057e-03,5.093750000000000361e-02
1.782000000000000164e-03,5.093750000000000361e-02
1.786400000000000054e-03,5.093750000000000361e-02
1.790800000000000161e-03,5.093750000000000361e-02
1.795200000000000051e-03,5.062500000000000333e-02
1.799600000000000158e-03,5.093750000000000361e-02
1.804000000000000048e-03,5.156250000000000416e-02
1.808400000000000155e-03,5.156250000000000416e-02
1.812800000000000045e-03,5.156250000000000416e-02
1.817200000000000152e-03,5.187500000000000444e-02
1.821600000000000042e-03,5.250000000000000500e-02
1.826000000000000149e-03,5.250000000000000500e-02
1.830400000000000039e-03,5.281250000000000527e-02
1.834800000000000146e-03,5.250000000000000500e-02
1.839200000000000036e-03,5.281250000000000527e-02
1.843600000000000143e-03,5.312500000000000555e-02
1.848000000000000033e-03,5.312500000000000555e-02
1.852400000000000140e-03,5.281250000000000527e-02
1.856800000000000030e-03,5.312500000000000555e-02
1.861200000000000137e-03,5.281250000000000527e-02
1.865600000000000027e-03,5.281250000000000527e-02
1.870000000000000134e-03,5.281250000000000527e-02
1.874400000000000024e-03,5.281250000000000527e-02
1.878800000000000131e-03,5.281250000000000527e-02
1.883200000000000022e-03,5.281250000000000527e-02
1.887600000000000128e-03,5.281250000000000527e-02
1.892000000000000019e-03,5.281250000000000527e-02
1.896400000000000126e-03,5.250000000000000500e-02
1.900800000000000016e-03,5.218750000000000472e-02
1.905200000000000123e-03,5.218750000000000472e-02
1.909600000000000013e-03,5.156250000000000416e-02
1.914000000000000120e-03,5.093750000000000361e-02
1.918400000000000010e-03,5.062500000000000333e-02
1.922800000000000117e-03,5.000000000000000278e-02
1.927200000000000007e-03,4.937500000000000222e-02
1.931600000000000114e-03,4.875000000000000167e-02
1.936000000000000004e-03,4.843750000000000139e-02
1.940400000000000111e-03,4.781250000000000777e-02
1.944800000000000001e-03,4.750000000000000056e-02
1.949200000000000108e-03,4.687500000000000000e-02
1.953600000000000215e-03,4.656250000000000666e-02
1.958000000000000105e-03,4.624999999999999944e-02
1.962399999999999995e-03,4.656250000000000666e-02
1.966799999999999885e-03,4.656250000000000666e-02
1.971200000000000209e-03,4.656250000000000666e-02
1.975600000000000099e-03,4.656250000000000666e-02
1.979999999999999989e-03,4.656250000000000666e-02
1.984400000000000313e-03,4.687500000000000000e-02
1.988800000000000203e-03,4.718750000000000722e-02
1.993200000000000093e-03,4.781250000000000777e-02
1.997599999999999983e-03,4.812500000000000111e-02
2.002000000000000307e-03,4.812500000000000111e-02
2.006400000000000197e-03,4.843750000000000139e-02
2.010800000000000087e-03,4.843750000000000139e-02
2.015199999999999977e-03,4.812500000000000111e-02
2.019600000000000301e-03,4.875000000000000167e-02
2.024000000000000191e-03,4.843750000000000139e-02
2.028400000000000081e-03,4.843750000000000139e-02
2.032799999999999972e-03,4.812500000000000111e-02
2.037200000000000295e-03,4.781250000000000777e-02
2.041600000000000185e-03,4.750000000000000056e-02
2.046000000000000076e-03,4.750000000000000056e-02
2.050399999999999966e-03,4.718750000000000722e-02
2.054800000000000289e-03,4.687500000000000000e-02
2.059200000000000180e-03,4.718750000000000722e-02
2.063600000000000070e-03,4.656250000000000666e-02
2.067999999999999960e-03,4.624999999999999944e-02
2.072400000000000284e-03,4.593750000000000611e-02
2.076800000000000174e-03,4.562500000000000583e-02
2.081200000000000064e-03,4.500000000000000527e-02
2.085599999999999954e-03,4.437500000000000472e-02
2.090000000000000278e-03,4.375000000000000416e-02
2.094400000000000168e-03,4.281250000000000333e-02
2.098800000000000058e-03,4.250000000000000305e-02
2.103199999999999948e-03,4.156250000000000222e-02
2.107600000000000272e-03,4.062500000000000139e-02
2.112000000000000162e-03,4.000000000000000083e-02
2.116400000000000052e-03,3.906250000000000000e-02
2.120799999999999942e-03,3.843750000000000638e-02
2.125200000000000266e-03,3.812500000000000611e-02
2.129600000000000156e-03,3.718750000000000527e-02
2.134000000000000046e-03,3.687500000000000500e-02
2.138399999999999936e-03,3.656250000000000472e-02
2.142800000000000260e-03,3.625000000000000444e-02
2.147200000000000150e-03,3.625000000000000444e-02
2.151600000000000040e-03,3.625000000000000444e-02
2.155999999999999930e-03,3.656250000000000472e-02
2.160400000000000254e-03,3.656250000000000472e-02
2.164800000000000144e-03,3.718750000000000527e-02
2.169200000000000034e-03,3.718750000000000527e-02
2.173599999999999925e-03,3.750000000000000555e-02
2.178000000000000248e-03,3.781250000000000583e-02
2.182400000000000138e-03,3.781250000000000583e-02
2.186800000000000029e-03,3.781250000000000583e-02
2.191199999999999919e-03,3.781250000000000583e-02
2.195600000000000242e-03,3.812500000000000611e-02
2.200000000000000133e-03,3.781250000000000583e-02
2.204400000000000023e-03,3.750000000000000555e-02
2.208799999999999913e-03,3.750000000000000555e-02
2.213200000000000237e-03,3.718750000000000527e-02
2.217600000000000127e-03,3.656250000000000472e-02
2.222000000000000017e-03,3.656250000000000472e-02
2.226399999999999907e-03,3.625000000000000444e-02
2.230800000000000231e-03,3.593750000000000416e-02
2.235200000000000121e-03,3.593750000000000416e-02
2.239600000000000011e-03,3.593750000000000416e-02
2.243999999999999901e-03,3.562500000000000389e-02
2.248400000000000225e-03,3.500000000000000333e-02
2.252800000000000115e-03,3.437500000000000278e-02
2.257200000000000005e-03,3.406250000000000250e-02
2.261600000000000329e-03,3.312500000000000167e-02
2.266000000000000219e-03,3.250000000000000111e-02
2.270400000000000109e-03,3.187500000000000056e-02
2.274799999999999999e-03,3.125000000000000000e-02
2.279200000000000323e-03,3.062500000000000291e-02
2.283600000000000213e-03,3.000000000000000236e-02
2.288000000000000103e-03,2.937500000000000527e-02
2.292399999999999993e-03,2.843750000000000444e-02
2.296800000000000317e-03,2.750000000000000361e-02
2.301200000000000207e-03,2.750000000000000361e-02
2.305600000000000097e-03,2.687500000000000305e-02
2.309999999999999987e-03,2.625000000000000250e-02
2.314400000000000311e-03,2.625000000000000250e-02
2.318800000000000201e-03,2.593750000000000222e-02
2.323200000000000091e-03,2.593750000000000222e-02
2.327599999999999981e-03,2.625000000000000250e-02
2.332000000000000305e-03,2.625000000000000250e-02
2.336400000000000195e-03,2.625000000000000250e-02
2.340800000000000086e-03,2.656250000000000278e-02
2.345199999999999976e-03,2.687500000000000305e-02
2.349600000000000299e-03,2.687500000000000305e-02
2.354000000000000190e-03,2.718750000000000333e-02
2.358400000000000080e-03,2.750000000000000361e-02
2.362799999999999970e-03,2.750000000000000361e-02
2.367200000000000294e-03,2.750000000000000361e-02
2.371600000000000184e-03,2.781250000000000389e-02
2.376000000000000074e-03,2.781250000000000389e-02
2.380399999999999964e-03,2.781250000000000389e-02
2.384800000000000288e-03,2.750000000000000361e-02
2.389200000000000178e-03,2.718750000000000333e-02
2.393600000000000068e-03,2.718750000000000333e-02
2.397999999999999958e-03,2.687500000000000305e-02
2.402400000000000282e-03,2.656250000000000278e-02
2.406800000000000172e-03,2.625000000000000250e-02
2.411200000000000062e-03,2.593750000000000222e-02
2.415599999999999952e-03,2.531250000000000167e-02
2.420000000000000276e-03,2.531250000000000167e-02
2.424400000000000166e-03,2.500000000000000139e-02
2.428800000000000056e-03,2.468750000000000111e-02
2.433199999999999946e-03,2.437500000000000083e-02
2.437600000000000270e-03,2.375000000000000375e-02
2.442000000000000160e-03,2.343750000000000347e-02
2.446400000000000050e-03,2.312500000000000319e-02
2.450799999999999940e-03,2.218750000000000236e-02
2.455200000000000264e-03,2.187500000000000555e-02
2.459600000000000154e-03,2.093750000000000472e-02
2.464000000000000044e-03,2.062500000000000444e-02
2.468399999999999934e-03,2.000000000000000389e-02
2.472800000000000258e-03,1.968750000000000361e-02
2.477200000000000148e-03,1.906250000000000305e-02
2.481600000000000038e-03,1.875000000000000278e-02
2.485999999999999929e-03,1.812500000000000222e-02
2.490400000000000252e-03,1.812500000000000222e-02
2.494800000000000142e-03,1.781250000000000194e-02
2.499200000000000033e-03,1.750000000000000167e-02
2.503599999999999923e-03,1.750000000000000167e-02
2.508000000000000246e-03,1.750000000000000167e-02
2.512400000000000137e-03,1.750000000000000167e-02
2.516800000000000027e-03,1.750000000000000167e-02
2.521199999999999917e-03,1.781250000000000194e-02
2.525600000000000241e-03,1.781250000000000194e-02
2.530000000000000131e-03,1.781250000000000194e-02
2.534400000000000021e-03,1.812500000000000222e-02
2.538800000000000345e-03,1.843750000000000250e-02
2.543200000000000235e-03,1.812500000000000222e-02
2.547600000000000125e-03,1.812500000000000222e-02
2.552000000000000015e-03,1.812500000000000222e-02
2.556400000000000339e-03,1.781250000000000194e-02
2.560800000000000229e-03,1.781250000000000194e-02
2.565200000000000119e-03,1.718750000000000139e-02
2.569600000000000009e-03,1.718750000000000139e-02
2.574000000000000333e-03,1.687500000000000458e-02
2.578400000000000223e-03,1.656250000000000430e-02
2.582800000000000113e-03,1.625000000000000402e-02
2.587200000000000003e-03,1.593750000000000375e-02
2.591600000000000327e-03,1.562500000000000347e-02
2.596000000000000217e-03,1.562500000000000347e-02
2.600400000000000107e-03,1.531250000000000319e-02
2.604799999999999997e-03,1.468750000000000264e-02
2.609200000000000321e-03,1.437500000000000236e-02
2.613600000000000211e-03,1.406250000000000208e-02
2.618000000000000101e-03,1.343750000000000153e-02
2.622399999999999991e-03,1.312500000000000125e-02
2.626800000000000315e-03,1.281250000000000444e-02
2.631200000000000205e-03,1.281250000000000444e-02
2.635600000000000095e-03,1.250000000000000416e-02
2.639999999999999986e-03,1.218750000000000389e-02
2.644400000000000309e-03,1.218750000000000389e-02
2.648800000000000199e-03,1.156250000000000333e-02
2.653200000000000090e-03,1.156250000000000333e-02
2.657599999999999980e-03,1.125000000000000305e-02
2.662000000000000303e-03,1.093750000000000278e-02
2.666400000000000194e-03,1.093750000000000278e-02
2.670800000000000084e-03,1.062500000000000250e-02
2.675199999999999974e-03,1.031250000000000222e-02
2.679600000000000298e-03,1.031250000000000222e-02
2.684000000000000188e-03,1.000000000000000194e-02
2.688400000000000078e-03,9.375000000000001388e-03
2.692799999999999968e-03,9.687500000000001665e-03
2.697200000000000292e-03,9.687500000000001665e-03
2.701600000000000182e-03,9.375000000000001388e-03
2.706000000000000072e-03,9.375000000000001388e-03
2.710399999999999962e-03,9.687500000000001665e-03
2.714800000000000286e-03,9.375000000000001388e-03
2.719200000000000176e-03,9.375000000000001388e-03
2.723600000000000066e-03,9.375000000000001388e-03
2.727999999999999956e-03,9.375000000000001388e-03
2.732400000000000280e-03,9.062500000000001110e-03
2.736800000000000170e-03,8.750000000000004302e-03
2.741200000000000060e-03,8.750000000000004302e-03
2.745599999999999950e-03,8.437500000000004025e-03
2.750000000000000274e-03,8.125000000000003747e-03
2.754400000000000164e-03,8.437500000000004025e-03
2.758800000000000054e-03,8.125000000000003747e-03
2.763199999999999944e-03,8.125000000000003747e-03
2.767600000000000268e-03,7.500000000000003192e-03
2.772000000000000158e-03,7.812500000000003469e-03
2.776400000000000048e-03,7.187500000000002914e-03
2.780799999999999939e-03,7.187500000000002914e-03
2.785200000000000262e-03,7.187500000000002914e-03
2.789600000000000152e-03,7.187500000000002914e-03
2.794000000000000043e-03,6.562500000000002359e-03
2.798399999999999933e-03,6.875000000000002637e-03
2.802800000000000256e-03,6.875000000000002637e-03
2.807200000000000147e-03,6.875000000000002637e-03
2.811600000000000037e-03,6.875000000000002637e-03
2.815999999999999927e-03,6.875000000000002637e-03
2.820400000000000251e-03,7.187500000000002914e-03
2.824800000000000141e-03,6.875000000000002637e-03
2.829200000000000031e-03,6.875000000000002637e-03
2.833600000000000355e-03,6.875000000000002637e-03
2.838000000000000245e-03,6.875000000000002637e-03
2.842400000000000135e-03,6.250000000000002082e-03
2.846800000000000025e-03,6.562500000000002359e-03
2.851200000000000349e-03,6.250000000000002082e-03
2.855600000000000239e-03,5.937500000000001804e-03
2.860000000000000129e-03,6.562500000000002359e-03
2.864400000000000019e-03,6.250000000000002082e-03
2.868800000000000343e-03,6.250000000000002082e-03
2.873200000000000233e-03,6.250000000000002082e-03
2.877600000000000123e-03,6.250000000000002082e-03
2.882000000000000013e-03,6.562500000000002359e-03
2.886400000000000337e-03,6.562500000000002359e-03
2.890800000000000227e-03,6.562500000000002359e-03
2.895200000000000117e-03,6.562500000000002359e-03
2.899600000000000007e-03,6.250000000000002082e-03
2.904000000000000331e-03,6.250000000000002082e-03
2.908400000000000221e-03,6.250000000000002082e-03
2.912800000000000111e-03,5.937500000000001804e-03
2.917200000000000001e-03,6.250000000000002082e-03
2.921600000000000325e-03,6.250000000000002082e-03
2.926000000000000215e-03,5.937500000000001804e-03
2.930400000000000105e-03,5.625000000000001527e-03
2.934799999999999996e-03,5.625000000000001527e-03
2.939200000000000319e-03,5.937500000000001804e-03
2.943600000000000209e-03,5.937500000000001804e-03
2.948000000000000100e-03,5.625000000000001527e-03
2.952399999999999990e-03,5.312500000000001249e-03
2.956800000000000313e-03,5.312500000000001249e-03
2.961200000000000204e-03,5.312500000000001249e-03
2.965600000000000094e-03,5.000000000000004441e-03
2.969999999999999984e-03,5.000000000000004441e-03
2.974400000000000308e-03,5.625000000000001527e-03
2.978800000000000198e-03,5.312500000000001249e-03
2.983200000000000088e-03,5.312500000000001249e-03
2.987599999999999978e-03,5.312500000000001249e-03
2.992000000000000302e-03,5.312500000000001249e-03
2.996400000000000192e-03,5.625000000000001527e-03
3.000800000000000082e-03,5.937500000000001804e-03
3.005199999999999972e-03,5.937500000000001804e-03
3.009600000000000296e-03,5.625000000000001527e-03
3.014000000000000186e-03,5.937500000000001804e-03
3.018400000000000076e-03,5.937500000000001804e-03
3.022799999999999966e-03,5.937500000000001804e-03
3.027200000000000290e-03,5.937500000000001804e-03
3.031600000000000180e-03,5.937500000000001804e-03
3.036000000000000070e-03,5.937500000000001804e-03
3.040399999999999960e-03,5.312500000000001249e-03
3.044800000000000284e-03,5.312500000000001249e-03
3.049200000000000174e-03,5.625000000000001527e-03
3.053600000000000064e-03,5.312500000000001249e-03
3.057999999999999954e-03,5.312500000000001249e-03
3.062400000000000278e-03,5.625000000000001527e-03
3.066800000000000168e-03,5.312500000000001249e-03
3.071200000000000058e-03,5.000000000000004441e-03
3.075599999999999948e-03,5.312500000000001249e-03
3.080000000000000272e-03,5.312500000000001249e-03
3.084400000000000162e-03,5.312500000000001249e-03
3.088800000000000053e-03,5.000000000000004441e-03
3.093199999999999943e-03,5.000000000000004441e-03
3.097600000000000266e-03,5.000000000000004441e-03
3.102000000000000157e-03,5.000000000000004441e-03
3.106400000000000047e-03,5.000000000000004441e-03
3.110800000000000370e-03,4.687500000000004163e-03
3.115200000000000261e-03,5.000000000000004441e-03
3.119600000000000151e-03,4.687500000000004163e-03
3.124000000000000041e-03,4.687500000000004163e-03
3.128400000000000365e-03,4.687500000000004163e-03
3.132800000000000255e-03,4.687500000000004163e-03
3.137200000000000145e-03,4.375000000000003886e-03
3.141600000000000035e-03,4.687500000000004163e-03
3.146000000000000359e-03,5.000000000000004441e-03
3.150400000000000249e-03,5.000000000000004441e-03
3.154800000000000139e-03,5.000000000000004441e-03
3.159200000000000029e-03,5.937500000000001804e-03
3.163600000000000353e-03,6.250000000000002082e-03
3.168000000000000243e-03,6.250000000000002082e-03
3.172400000000000133e-03,7.187500000000002914e-03
3.176800000000000023e-03,7.187500000000002914e-03
3.181200000000000347e-03,7.187500000000002914e-03
3.185600000000000237e-03,7.500000000000003192e-03
3.190000000000000127e-03,7.812500000000003469e-03
3.194400000000000017e-03,7.812500000000003469e-03
3.198800000000000341e-03,8.125000000000003747e-03
3.203200000000000231e-03,8.125000000000003747e-03
3.207600000000000121e-03,8.125000000000003747e-03
3.212000000000000011e-03,8.125000000000003747e-03
3.216400000000000335e-03,7.812500000000003469e-03
3.220800000000000225e-03,7.812500000000003469e-03
3.225200000000000115e-03,7.500000000000003192e-03
3.229600000000000005e-03,7.187500000000002914e-03
3.234000000000000329e-03,7.500000000000003192e-03
3.238400000000000219e-03,6.875000000000002637e-03
3.242800000000000109e-03,7.187500000000002914e-03
3.247200000000000000e-03,6.875000000000002637e-03
3.251600000000000323e-03,6.875000000000002637e-03
3.256000000000000213e-03,6.875000000000002637e-03
3.260400000000000104e-03,6.562500000000002359e-03
3.264799999999999994e-03,6.562500000000002359e-03
3.269200000000000318e-03,6.562500000000002359e-03
3.273600000000000208e-03,6.562500000000002359e-03
3.278000000000000098e-03,6.562500000000002359e-03
3.282399999999999988e-03,7.187500000000002914e-03
3.286800000000000312e-03,6.875000000000002637e-03
3.291200000000000202e-03,6.562500000000002359e-03
3.295600000000000092e-03,7.187500000000002914e-03
3.299999999999999982e-03,6.875000000000002637e-03
3.304400000000000306e-03,6.875000000000002637e-03
3.308800000000000196e-03,7.187500000000002914e-03
3.313200000000000086e-03,6.875000000000002637e-03
3.317599999999999976e-03,7.187500000000002914e-03
3.322000000000000300e-03,7.500000000000003192e-03
3.326400000000000190e-03,8.125000000000003747e-03
3.330800000000000080e-03,8.437500000000004025e-03
3.335199999999999970e-03,9.062500000000001110e-03
3.339600000000000294e-03,9.687500000000001665e-03
3.344000000000000184e-03,1.000000000000000194e-02
3.348400000000000074e-03,1.031250000000000222e-02
3.352799999999999964e-03,1.125000000000000305e-02
3.357200000000000288e-03,1.156250000000000333e-02
3.361600000000000178e-03,1.187500000000000361e-02
3.366000000000000068e-03,1.218750000000000389e-02
3.370399999999999958e-03,1.218750000000000389e-02
3.374800000000000282e-03,1.250000000000000416e-02
3.379200000000000172e-03,1.281250000000000444e-02
3.383600000000000062e-03,1.250000000000000416e-02
3.388000000000000386e-03,1.250000000000000416e-02
3.392400000000000276e-03,1.218750000000000389e-02
3.396800000000000166e-03,1.218750000000000389e-02
3.401200000000000057e-03,1.187500000000000361e-02
3.405600000000000380e-03,1.125000000000000305e-02
3.410000000000000270e-03,1.125000000000000305e-02
3.414400000000000161e-03,1.125000000000000305e-02
3.418800000000000051e-03,1.062500000000000250e-02
3.423200000000000374e-03,1.062500000000000250e-02
3.427600000000000265e-03,1.062500000000000250e-02
3.432000000000000155e-03,1.062500000000000250e-02
3.436400000000000045e-03,1.031250000000000222e-02
3.440800000000000369e-03,1.031250000000000222e-02
3.445200000000000259e-03,1.062500000000000250e-02
3.449600000000000149e-03,1.062500000000000250e-02
3.454000000000000039e-03,1.031250000000000222e-02
3.458400000000000363e-03,1.062500000000000250e-02
3.462800000000000253e-03,1.062500000000000250e-02
3.467200000000000143e-03,1.093750000000000278e-02
3.471600000000000033e-03,1.062500000000000250e-02
3.476000000000000357e-03,1.093750000000000278e-02
3.480400000000000247e-03,1.093750000000000278e-02
3.484800000000000137e-03,1.125000000000000305e-02
3.489200000000000027e-03,1.125000000000000305e-02
3.493600000000000351e-03,1.187500000000000361e-02
3.498000000000000241e-03,1.218750000000000389e-02
3.502400000000000131e-03,1.250000000000000416e-02
3.506800000000000021e-03,1.375000000000000180e-02
3.511200000000000345e-03,1.406250000000000208e-02
3.515600000000000235e-03,1.468750000000000264e-02
3.520000000000000125e-03,1.000000000000000194e-02
3.524400000000000015e-03,1.125000000000000305e-02
3.528800000000000339e-03,1.187500000000000361e-02
3.533200000000000229e-03,1.250000000000000416e-02
3.537600000000000119e-03,1.281250000000000444e-02
3.542000000000000010e-03,1.312500000000000125e-02
3.546400000000000333e-03,1.343750000000000153e-02
3.550800000000000223e-03,1.375000000000000180e-02
3.555200000000000114e-03,1.375000000000000180e-02
3.559600000000000004e-03,1.375000000000000180e-02
3.564000000000000327e-03,1.406250000000000208e-02
3.568400000000000218e-03,1.406250000000000208e-02
3.572800000000000108e-03,1.343750000000000153e-02
3.577199999999999998e-03,1.343750000000000153e-02
3.581600000000000322e-03,1.281250000000000444e-02
3.586000000000000212e-03,1.312500000000000125e-02
3.590400000000000102e-03,1.281250000000000444e-02
3.594799999999999992e-03,1.250000000000000416e-02
3.599200000000000316e-03,1.250000000000000416e-02
3.603600000000000206e-03,1.218750000000000389e-02
3.608000000000000096e-03,1.187500000000000361e-02
3.612399999999999986e-03,1.187500000000000361e-02
3.616800000000000310e-03,1.187500000000000361e-02
3.621200000000000200e-03,1.187500000000000361e-02
3.625600000000000090e-03,1.187500000000000361e-02
3.629999999999999980e-03,1.187500000000000361e-02
3.634400000000000304e-03,1.187500000000000361e-02
3.638800000000000194e-03,1.218750000000000389e-02
3.643200000000000084e-03,1.218750000000000389e-02
3.647599999999999974e-03,1.218750000000000389e-02
3.652000000000000298e-03,1.218750000000000389e-02
3.656400000000000188e-03,1.281250000000000444e-02
3.660800000000000078e-03,1.250000000000000416e-02
3.665200000000000402e-03,1.312500000000000125e-02
3.669600000000000292e-03,1.312500000000000125e-02
3.674000000000000182e-03,1.343750000000000153e-02
3.678400000000000072e-03,1.375000000000000180e-02
3.682800000000000396e-03,1.437500000000000236e-02
3.687200000000000286e-03,1.562500000000000347e-02
3.691600000000000176e-03,1.562500000000000347e-02
3.696000000000000067e-03,1.687500000000000458e-02
3.700400000000000390e-03,1.718750000000000139e-02
3.704800000000000280e-03,1.812500000000000222e-02
3.709200000000000171e-03,1.843750000000000250e-02
3.713600000000000061e-03,1.906250000000000305e-02
3.718000000000000384e-03,2.000000000000000389e-02
3.722400000000000275e-03,2.031250000000000416e-02
3.726800000000000165e-03,2.062500000000000444e-02
3.731200000000000055e-03,2.125000000000000500e-02
3.735600000000000379e-03,2.125000000000000500e-02
3.740000000000000269e-03,2.125000000000000500e-02
3.744400000000000159e-03,2.125000000000000500e-02
3.748800000000000049e-03,2.093750000000000472e-02
3.753200000000000373e-03,2.093750000000000472e-02
3.757600000000000263e-03,2.062500000000000444e-02
3.762000000000000153e-03,2.031250000000000416e-02
3.766400000000000043e-03,2.031250000000000416e-02
3.770800000000000367e-03,2.000000000000000389e-02
3.775200000000000257e-03,1.968750000000000361e-02
3.779600000000000147e-03,1.968750000000000361e-02
3.784000000000000037e-03,1.937500000000000333e-02
3.788400000000000361e-03,1.906250000000000305e-02
3.792800000000000251e-03,1.906250000000000305e-02
3.797200000000000141e-03,1.937500000000000333e-02
3.801600000000000031e-03,1.937500000000000333e-02
3.806000000000000355e-03,1.937500000000000333e-02
3.810400000000000245e-03,1.937500000000000333e-02
3.814800000000000135e-03,1.937500000000000333e-02
3.819200000000000025e-03,1.937500000000000333e-02
3.823600000000000349e-03,1.968750000000000361e-02
3.828000000000000239e-03,2.000000000000000389e-02
3.832400000000000129e-03,2.031250000000000416e-02
3.836800000000000020e-03,2.000000000000000389e-02
3.841200000000000343e-03,2.062500000000000444e-02
3.845600000000000233e-03,2.062500000000000444e-02
3.850000000000000124e-03,2.125000000000000500e-02
3.854400000000000014e-03,2.187500000000000555e-02
3.858800000000000337e-03,2.187500000000000555e-02
3.863200000000000228e-03,2.281250000000000291e-02
3.867600000000000118e-03,2.312500000000000319e-02
3.872000000000000008e-03,2.375000000000000375e-02
3.876400000000000332e-03,2.468750000000000111e-02
3.880800000000000222e-03,2.468750000000000111e-02
3.885200000000000112e-03,2.562500000000000194e-02
3.889600000000000002e-03,2.625000000000000250e-02
3.894000000000000326e-03,2.687500000000000305e-02
3.898400000000000216e-03,2.718750000000000333e-02
3.902800000000000106e-03,2.750000000000000361e-02
3.907200000000000430e-03,2.812500000000000416e-02
3.911600000000000320e-03,2.812500000000000416e-02
3.916000000000000210e-03,2.812500000000000416e-02
3.920400000000000100e-03,2.812500000000000416e-02
3.924799999999999990e-03,2.781250000000000389e-02
3.929199999999999880e-03,2.781250000000000389e-02
3.933599999999999770e-03,2.750000000000000361e-02
3.938000000000000528e-03,2.718750000000000333e-02
3.942400000000000418e-03,2.687500000000000305e-02
3.946800000000000308e-03,2.687500000000000305e-02
3.951200000000000198e-03,2.625000000000000250e-02
3.955600000000000088e-03,2.656250000000000278e-02
3.959999999999999978e-03,2.625000000000000250e-02
3.964399999999999868e-03,2.625000000000000250e-02
3.968800000000000626e-03,2.593750000000000222e-02
3.973200000000000516e-03,2.593750000000000222e-02
3.977600000000000406e-03,2.625000000000000250e-02
3.982000000000000296e-03,2.625000000000000250e-02
3.986400000000000186e-03,2.625000000000000250e-02
3.990800000000000076e-03,2.718750000000000333e-02
3.995199999999999967e-03,2.718750000000000333e-02
3.999599999999999857e-03,2.750000000000000361e-02
4.004000000000000614e-03,2.750000000000000361e-02
4.008400000000000504e-03,2.812500000000000416e-02
4.012800000000000394e-03,2.812500000000000416e-02
4.017200000000000285e-03,2.875000000000000472e-02
4.021600000000000175e-03,2.875000000000000472e-02
4.026000000000000065e-03,2.937500000000000527e-02
4.030399999999999955e-03,2.968750000000000208e-02
4.034799999999999845e-03,3.093750000000000319e-02
4.039200000000000602e-03,3.125000000000000000e-02
4.043600000000000493e-03,3.187500000000000056e-02
4.048000000000000383e-03,3.250000000000000111e-02
4.052400000000000273e-03,3.312500000000000167e-02
4.056800000000000163e-03,3.406250000000000250e-02
4.061200000000000053e-03,3.437500000000000278e-02
4.065599999999999943e-03,3.468750000000000305e-02
4.069999999999999833e-03,3.562500000000000389e-02
4.074400000000000591e-03,3.593750000000000416e-02
4.078800000000000481e-03,3.656250000000000472e-02
4.083200000000000371e-03,3.687500000000000500e-02
4.087600000000000261e-03,3.718750000000000527e-02
4.092000000000000151e-03,3.718750000000000527e-02
4.096400000000000041e-03,3.718750000000000527e-02
4.100799999999999931e-03,3.750000000000000555e-02
4.105199999999999821e-03,3.718750000000000527e-02
4.109600000000000579e-03,3.718750000000000527e-02
4.114000000000000469e-03,3.718750000000000527e-02
4.118400000000000359e-03,3.687500000000000500e-02
4.122800000000000249e-03,3.656250000000000472e-02
4.127200000000000139e-03,3.625000000000000444e-02
4.131600000000000029e-03,3.625000000000000444e-02
4.135999999999999920e-03,3.593750000000000416e-02
4.140399999999999810e-03,3.625000000000000444e-02
4.144800000000000567e-03,3.625000000000000444e-02
4.149200000000000457e-03,3.656250000000000472e-02
4.153600000000000347e-03,3.656250000000000472e-02
4.158000000000000237e-03,3.656250000000000472e-02
4.162400000000000128e-03,3.687500000000000500e-02
4.166800000000000018e-03,3.718750000000000527e-02
4.171199999999999908e-03,3.718750000000000527e-02
4.175599999999999798e-03,3.812500000000000611e-02
4.180000000000000555e-03,3.812500000000000611e-02
4.184400000000000445e-03,3.812500000000000611e-02
4.188800000000000336e-03,3.906250000000000000e-02
4.193200000000000226e-03,3.875000000000000666e-02
4.197600000000000116e-03,3.968750000000000056e-02
4.202000000000000006e-03,4.000000000000000083e-02
4.206399999999999896e-03,4.031250000000000111e-02
4.210799999999999786e-03,4.125000000000000194e-02
4.215200000000000544e-03,4.156250000000000222e-02
4.219600000000000434e-03,4.187500000000000250e-02
4.224000000000000324e-03,4.250000000000000305e-02
4.228400000000000214e-03,4.312500000000000361e-02
4.232800000000000104e-03,4.406250000000000444e-02
4.237199999999999994e-03,4.437500000000000472e-02
4.241599999999999884e-03,4.468750000000000500e-02
4.246000000000000642e-03,4.531250000000000555e-02
4.250400000000000532e-03,4.531250000000000555e-02
4.254800000000000422e-03,4.593750000000000611e-02
4.259200000000000312e-03,4.624999999999999944e-02
4.263600000000000202e-03,4.624999999999999944e-02
4.268000000000000092e-03,4.656250000000000666e-02
4.272399999999999982e-03,4.687500000000000000e-02
4.276799999999999873e-03,4.687500000000000000e-02
4.281200000000000630e-03,4.687500000000000000e-02
4.285600000000000520e-03,4.656250000000000666e-02
4.290000000000000410e-03,4.687500000000000000e-02
4.294400000000000300e-03,4.656250000000000666e-02
4.298800000000000190e-03,4.593750000000000611e-02
4.303200000000000081e-03,4.593750000000000611e-02
4.307599999999999971e-03,4.624999999999999944e-02
4.311999999999999861e-03,4.593750000000000611e-02
4.316400000000000618e-03,4.593750000000000611e-02
4.320800000000000508e-03,4.593750000000000611e-02
4.325200000000000398e-03,4.593750000000000611e-02
4.329600000000000289e-03,4.593750000000000611e-02
4.334000000000000179e-03,4.593750000000000611e-02
4.338400000000000069e-03,4.624999999999999944e-02
4.342799999999999959e-03,4.624999999999999944e-02
4.347199999999999849e-03,4.656250000000000666e-02
4.351600000000000606e-03,4.687500000000000000e-02
4.356000000000000497e-03,4.718750000000000722e-02
4.360400000000000387e-03,4.750000000000000056e-02
4.364800000000000277e-03,4.750000000000000056e-02
4.369200000000000167e-03,4.781250000000000777e-02
4.373600000000000057e-03,4.812500000000000111e-02
4.377999999999999947e-03,4.875000000000000167e-02
4.382399999999999837e-03,4.875000000000000167e-02
4.386800000000000595e-03,4.875000000000000167e-02
4.391200000000000485e-03,4.937500000000000222e-02
4.395600000000000375e-03,5.000000000000000278e-02
4.400000000000000265e-03,5.000000000000000278e-02
4.404400000000000155e-03,5.031250000000000305e-02
4.408800000000000045e-03,5.093750000000000361e-02
4.413199999999999935e-03,5.093750000000000361e-02
4.417599999999999826e-03,5.093750000000000361e-02
4.422000000000000583e-03,5.125000000000000389e-02
4.426400000000000473e-03,5.156250000000000416e-02
4.430800000000000363e-03,5.156250000000000416e-02
4.435200000000000253e-03,5.187500000000000444e-02
4.439600000000000143e-03,5.218750000000000472e-02
4.444000000000000034e-03,5.250000000000000500e-02
4.448399999999999924e-03,5.250000000000000500e-02
4.452799999999999814e-03,5.281250000000000527e-02
4.457200000000000571e-03,5.281250000000000527e-02
4.461600000000000461e-03,5.281250000000000527e-02
4.466000000000000351e-03,5.281250000000000527e-02
4.470400000000000242e-03,5.312500000000000555e-02
4.474800000000000132e-03,5.281250000000000527e-02
4.479200000000000022e-03,5.281250000000000527e-02
4.483599999999999912e-03,5.281250000000000527e-02
4.487999999999999802e-03,5.281250000000000527e-02
4.492400000000000559e-03,5.281250000000000527e-02
4.496800000000000450e-03,5.281250000000000527e-02
4.501200000000000340e-03,5.250000000000000500e-02
4.505600000000000230e-03,5.281250000000000527e-02
4.510000000000000120e-03,5.281250000000000527e-02
4.514400000000000010e-03,5.312500000000000555e-02
4.518799999999999900e-03,5.312500000000000555e-02
4.523200000000000658e-03,5.343749999999999889e-02
4.527600000000000548e-03,5.343749999999999889e-02
4.532000000000000438e-03,5.375000000000000611e-02
4.536400000000000328e-03,5.406249999999999944e-02
4.540800000000000218e-03,5.406249999999999944e-02
4.545200000000000108e-03,5.437500000000000666e-02
4.549599999999999998e-03,5.468750000000000000e-02
4.553999999999999888e-03,5.437500000000000666e-02
4.558400000000000646e-03,5.468750000000000000e-02
4.562800000000000536e-03,5.531250000000000056e-02
4.567200000000000426e-03,5.531250000000000056e-02
4.571600000000000316e-03,5.531250000000000056e-02
4.576000000000000206e-03,5.531250000000000056e-02
4.580400000000000096e-03,5.531250000000000056e-02
4.584799999999999986e-03,5.531250000000000056e-02
4.589199999999999877e-03,5.500000000000000722e-02
4.593600000000000634e-03,5.500000000000000722e-02
4.598000000000000524e-03,5.500000000000000722e-02
4.602400000000000414e-03,5.468750000000000000e-02
4.606800000000000304e-03,5.531250000000000056e-02
4.611200000000000195e-03,5.531250000000000056e-02
4.615600000000000085e-03,5.531250000000000056e-02
4.619999999999999975e-03,5.531250000000000056e-02
4.624399999999999865e-03,5.562500000000000777e-02
4.628800000000000622e-03,5.593750000000000111e-02
4.633200000000000512e-03,5.593750000000000111e-02
4.637600000000000403e-03,5.625000000000000833e-02
4.642000000000000293e-03,5.593750000000000111e-02
4.646400000000000183e-03,5.593750000000000111e-02
4.650800000000000073e-03,5.625000000000000833e-02
4.655199999999999963e-03,5.625000000000000833e-02
4.659599999999999853e-03,5.625000000000000833e-02
4.664000000000000611e-03,5.625000000000000833e-02
4.668400000000000501e-03,5.656250000000000167e-02
4.672800000000000391e-03,5.656250000000000167e-02
4.677200000000000281e-03,5.656250000000000167e-02
4.681600000000000171e-03,5.656250000000000167e-02
4.686000000000000061e-03,5.656250000000000167e-02
4.690399999999999951e-03,5.656250000000000167e-02
4.694799999999999841e-03,5.656250000000000167e-02
4.699200000000000599e-03,5.656250000000000167e-02
4.703600000000000489e-03,5.687500000000000888e-02
4.708000000000000379e-03,5.687500000000000888e-02
4.712400000000000269e-03,5.687500000000000888e-02
4.716800000000000159e-03,5.718750000000000222e-02
4.721200000000000049e-03,5.718750000000000222e-02
4.725599999999999939e-03,5.718750000000000222e-02
4.729999999999999830e-03,5.750000000000000250e-02
4.734400000000000587e-03,5.750000000000000250e-02
4.738800000000000477e-03,5.718750000000000222e-02
4.743200000000000367e-03,5.750000000000000250e-02
4.747600000000000257e-03,5.718750000000000222e-02
4.752000000000000147e-03,5.718750000000000222e-02
4.756400000000000038e-03,5.656250000000000167e-02
4.760799999999999928e-03,5.656250000000000167e-02
4.765199999999999818e-03,5.593750000000000111e-02
4.769600000000000575e-03,5.562500000000000777e-02
4.774000000000000465e-03,5.562500000000000777e-02
4.778400000000000356e-03,5.562500000000000777e-02
4.782800000000000246e-03,5.531250000000000056e-02
4.787200000000000136e-03,5.500000000000000722e-02
4.791600000000000026e-03,5.500000000000000722e-02
4.795999999999999916e-03,5.531250000000000056e-02
4.800400000000000673e-03,5.531250000000000056e-02
4.804800000000000564e-03,5.562500000000000777e-02
4.809200000000000454e-03,5.531250000000000056e-02
4.813600000000000344e-03,5.593750000000000111e-02
4.818000000000000234e-03,5.593750000000000111e-02
4.822400000000000124e-03,5.593750000000000111e-02
4.826800000000000014e-03,5.625000000000000833e-02
4.831199999999999904e-03,5.625000000000000833e-02
4.835600000000000662e-03,5.656250000000000167e-02
4.840000000000000552e-03,5.656250000000000167e-02
4.844400000000000442e-03,5.687500000000000888e-02
4.848800000000000332e-03,5.656250000000000167e-02
4.853200000000000222e-03,5.656250000000000167e-02
4.857600000000000112e-03,5.656250000000000167e-02
4.862000000000000002e-03,5.656250000000000167e-02
4.866399999999999892e-03,5.687500000000000888e-02
4.870800000000000650e-03,5.656250000000000167e-02
4.875200000000000540e-03,5.656250000000000167e-02
4.879600000000000430e-03,5.687500000000000888e-02
4.884000000000000320e-03,5.656250000000000167e-02
4.888400000000000210e-03,5.656250000000000167e-02
4.892800000000000100e-03,5.687500000000000888e-02
4.897199999999999991e-03,5.687500000000000888e-02
4.901599999999999881e-03,5.687500000000000888e-02
4.906000000000000638e-03,5.687500000000000888e-02
4.910400000000000528e-03,5.656250000000000167e-02
4.914800000000000418e-03,5.625000000000000833e-02
4.919200000000000308e-03,5.625000000000000833e-02
4.923600000000000199e-03,5.625000000000000833e-02
4.928000000000000089e-03,5.562500000000000777e-02
4.932399999999999979e-03,5.531250000000000056e-02
4.936799999999999869e-03,5.468750000000000000e-02
4.941200000000000626e-03,5.437500000000000666e-02
4.945600000000000517e-03,5.406249999999999944e-02
4.950000000000000407e-03,5.343749999999999889e-02
4.954400000000000297e-03,5.312500000000000555e-02
4.958800000000000187e-03,5.281250000000000527e-02
4.963200000000000077e-03,5.250000000000000500e-02
4.967599999999999967e-03,5.250000000000000500e-02
4.971999999999999857e-03,5.250000000000000500e-02
4.976400000000000615e-03,5.250000000000000500e-02
4.980800000000000505e-03,5.281250000000000527e-02
4.985200000000000395e-03,5.281250000000000527e-02
4.989600000000000285e-03,5.281250000000000527e-02
4.994000000000000175e-03,5.343749999999999889e-02
4.998400000000000065e-03,5.375000000000000611e-02
5.002799999999999955e-03,3.656250000000000472e-02
5.007199999999999845e-03,3.656250000000000472e-02
5.011600000000000603e-03,3.687500000000000500e-02
5.016000000000000493e-03,3.687500000000000500e-02
5.020400000000000383e-03,3.718750000000000527e-02
5.024800000000000273e-03,3.687500000000000500e-02
5.029200000000000163e-03,3.718750000000000527e-02
5.033600000000000053e-03,3.687500000000000500e-02
5.037999999999999944e-03,3.687500000000000500e-02
5.042399999999999834e-03,3.687500000000000500e-02
5.046800000000000591e-03,3.687500000000000500e-02
5.051200000000000481e-03,3.656250000000000472e-02
5.055600000000000371e-03,3.625000000000000444e-02
5.060000000000000261e-03,3.625000000000000444e-02
5.064400000000000152e-03,3.593750000000000416e-02
5.068800000000000042e-03,3.562500000000000389e-02
5.073199999999999932e-03,3.562500000000000389e-02
5.077600000000000689e-03,3.500000000000000333e-02
5.082000000000000579e-03,3.468750000000000305e-02
5.086400000000000469e-03,3.406250000000000250e-02
5.090800000000000360e-03,3.375000000000000222e-02
5.095200000000000250e-03,3.312500000000000167e-02
5.099600000000000140e-03,3.281250000000000139e-02
5.104000000000000030e-03,3.156250000000000028e-02
5.108399999999999920e-03,3.125000000000000000e-02
5.112800000000000678e-03,3.062500000000000291e-02
5.117200000000000568e-03,2.937500000000000527e-02
5.121600000000000458e-03,2.906250000000000500e-02
5.126000000000000348e-03,2.875000000000000472e-02
5.130400000000000238e-03,2.781250000000000389e-02
5.134800000000000128e-03,2.718750000000000333e-02
5.139200000000000018e-03,2.718750000000000333e-02
5.143599999999999908e-03,2.656250000000000278e-02
5.148000000000000666e-03,2.625000000000000250e-02
5.152400000000000556e-03,2.656250000000000278e-02
5.156800000000000446e-03,2.687500000000000305e-02
5.161200000000000336e-03,2.656250000000000278e-02
5.165600000000000226e-03,2.687500000000000305e-02
5.170000000000000116e-03,2.718750000000000333e-02
5.174400000000000006e-03,2.718750000000000333e-02
5.178799999999999897e-03,2.781250000000000389e-02
5.183200000000000654e-03,2.781250000000000389e-02
5.187600000000000544e-03,2.812500000000000416e-02
5.192000000000000434e-03,2.812500000000000416e-02
5.196400000000000324e-03,2.812500000000000416e-02
5.200800000000000214e-03,2.843750000000000444e-02
5.205200000000000105e-03,2.843750000000000444e-02
5.209599999999999995e-03,2.843750000000000444e-02
5.213999999999999885e-03,2.812500000000000416e-02
5.218400000000000642e-03,2.781250000000000389e-02
5.222800000000000532e-03,2.781250000000000389e-02
5.227200000000000422e-03,2.781250000000000389e-02
5.231600000000000313e-03,2.718750000000000333e-02
5.236000000000000203e-03,2.718750000000000333e-02
5.240400000000000093e-03,2.687500000000000305e-02
5.244799999999999983e-03,2.687500000000000305e-02
5.249199999999999873e-03,2.656250000000000278e-02
5.253600000000000630e-03,2.625000000000000250e-02
5.258000000000000521e-03,2.593750000000000222e-02
5.262400000000000411e-03,2.562500000000000194e-02
5.266800000000000301e-03,2.500000000000000139e-02
5.271200000000000191e-03,2.468750000000000111e-02
5.275600000000000081e-03,2.375000000000000375e-02
5.279999999999999971e-03,2.343750000000000347e-02
5.284399999999999861e-03,2.250000000000000264e-02
5.288800000000000619e-03,2.218750000000000236e-02
5.293200000000000509e-03,2.187500000000000555e-02
5.297600000000000399e-03,2.125000000000000500e-02
5.302000000000000289e-03,2.093750000000000472e-02
5.306400000000000179e-03,2.031250000000000416e-02
5.310800000000000069e-03,2.000000000000000389e-02
5.315199999999999959e-03,1.937500000000000333e-02
5.319599999999999849e-03,1.906250000000000305e-02
5.324000000000000607e-03,1.875000000000000278e-02
5.328400000000000497e-03,1.875000000000000278e-02
5.332800000000000387e-03,1.812500000000000222e-02
5.337200000000000277e-03,1.843750000000000250e-02
5.341600000000000167e-03,1.843750000000000250e-02
5.346000000000000058e-03,1.875000000000000278e-02
5.350399999999999948e-03,1.906250000000000305e-02
5.354800000000000705e-03,1.906250000000000305e-02
5.359200000000000595e-03,1.937500000000000333e-02
5.363600000000000485e-03,2.000000000000000389e-02
5.368000000000000375e-03,2.000000000000000389e-02
5.372400000000000266e-03,1.968750000000000361e-02
5.376800000000000156e-03,1.968750000000000361e-02
5.381200000000000046e-03,1.937500000000000333e-02
5.385599999999999936e-03,1.968750000000000361e-02
5.390000000000000693e-03,1.968750000000000361e-02
5.394400000000000583e-03,1.937500000000000333e-02
5.398800000000000474e-03,1.937500000000000333e-02
5.403200000000000364e-03,1.906250000000000305e-02
5.407600000000000254e-03,1.906250000000000305e-02
5.412000000000000144e-03,1.875000000000000278e-02
5.416400000000000034e-03,1.875000000000000278e-02
5.420799999999999924e-03,1.843750000000000250e-02
5.425200000000000682e-03,1.781250000000000194e-02
5.429600000000000572e-03,1.781250000000000194e-02
5.434000000000000462e-03,1.718750000000000139e-02
5.438400000000000352e-03,1.687500000000000458e-02
5.442800000000000242e-03,1.656250000000000430e-02
5.447200000000000132e-03,1.593750000000000375e-02
5.451600000000000022e-03,1.562500000000000347e-02
5.455999999999999912e-03,1.531250000000000319e-02
5.460400000000000670e-03,1.500000000000000291e-02
5.464800000000000560e-03,1.468750000000000264e-02
5.469200000000000450e-03,1.437500000000000236e-02
5.473600000000000340e-03,1.406250000000000208e-02
5.478000000000000230e-03,1.343750000000000153e-02
5.482400000000000120e-03,1.281250000000000444e-02
5.486800000000000010e-03,1.312500000000000125e-02
5.491199999999999901e-03,1.250000000000000416e-02
5.495600000000000658e-03,1.218750000000000389e-02
5.500000000000000548e-03,1.218750000000000389e-02
5.504400000000000438e-03,1.187500000000000361e-02
5.508800000000000328e-03,1.156250000000000333e-02
5.513200000000000219e-03,1.156250000000000333e-02
5.517600000000000109e-03,1.187500000000000361e-02
5.521999999999999999e-03,1.187500000000000361e-02
5.526399999999999889e-03,1.218750000000000389e-02
5.530800000000000646e-03,1.250000000000000416e-02
5.535200000000000536e-03,1.250000000000000416e-02
5.539600000000000427e-03,1.218750000000000389e-02
5.544000000000000317e-03,1.250000000000000416e-02
5.548400000000000207e-03,1.218750000000000389e-02
5.552800000000000097e-03,1.218750000000000389e-02
5.557199999999999987e-03,1.218750000000000389e-02
5.561599999999999877e-03,1.218750000000000389e-02
5.566000000000000635e-03,1.187500000000000361e-02
5.570400000000000525e-03,1.218750000000000389e-02
5.574800000000000415e-03,1.187500000000000361e-02
5.579200000000000305e-03,1.156250000000000333e-02
5.583600000000000195e-03,1.156250000000000333e-02
5.588000000000000085e-03,1.125000000000000305e-02
5.592399999999999975e-03,1.093750000000000278e-02
5.596799999999999865e-03,1.093750000000000278e-02
5.601200000000000623e-03,1.062500000000000250e-02
5.605600000000000513e-03,1.031250000000000222e-02
5.610000000000000403e-03,1.031250000000000222e-02
5.614400000000000293e-03,1.031250000000000222e-02
5.618800000000000183e-03,9.687500000000001665e-03
5.623200000000000073e-03,9.687500000000001665e-03
5.627599999999999963e-03,9.375000000000001388e-03
5.631999999999999854e-03,8.750000000000004302e-03
5.636400000000000611e-03,9.062500000000001110e-03
5.640800000000000501e-03,8.750000000000004302e-03
5.645200000000000391e-03,8.437500000000004025e-03
5.649600000000000281e-03,8.750000000000004302e-03
5.654000000000000171e-03,8.437500000000004025e-03
5.658400000000000062e-03,8.125000000000003747e-03
5.662799999999999952e-03,8.125000000000003747e-03
5.667200000000000709e-03,8.125000000000003747e-03
5.671600000000000599e-03,7.812500000000003469e-03
5.676000000000000489e-03,7.812500000000003469e-03
5.680400000000000379e-03,7.500000000000003192e-03
5.684800000000000270e-03,7.500000000000003192e-03
5.689200000000000160e-03,7.500000000000003192e-03
5.693600000000000050e-03,7.187500000000002914e-03
5.697999999999999940e-03,7.500000000000003192e-03
5.702400000000000697e-03,7.500000000000003192e-03
5.706800000000000588e-03,7.500000000000003192e-03
5.711200000000000478e-03,7.500000000000003192e-03
5.715600000000000368e-03,7.812500000000003469e-03
5.720000000000000258e-03,7.812500000000003469e-03
5.724400000000000148e-03,8.125000000000003747e-03
5.728800000000000038e-03,7.500000000000003192e-03
5.733199999999999928e-03,7.812500000000003469e-03
5.737600000000000686e-03,7.500000000000003192e-03
5.742000000000000576e-03,7.500000000000003192e-03
5.746400000000000466e-03,7.500000000000003192e-03
5.750800000000000356e-03,7.187500000000002914e-03
5.755200000000000246e-03,6.875000000000002637e-03
5.759600000000000136e-03,7.187500000000002914e-03
5.764000000000000026e-03,6.875000000000002637e-03
5.768399999999999916e-03,6.562500000000002359e-03
5.772800000000000674e-03,6.562500000000002359e-03
5.777200000000000564e-03,6.562500000000002359e-03
5.781600000000000454e-03,6.562500000000002359e-03
5.786000000000000344e-03,6.562500000000002359e-03
5.790400000000000234e-03,5.937500000000001804e-03
5.794800000000000124e-03,5.937500000000001804e-03
5.799200000000000015e-03,5.937500000000001804e-03
5.803599999999999905e-03,5.937500000000001804e-03
5.808000000000000662e-03,5.937500000000001804e-03
5.812400000000000552e-03,5.625000000000001527e-03
5.816800000000000442e-03,5.937500000000001804e-03
5.821200000000000332e-03,5.937500000000001804e-03
5.825600000000000223e-03,5.937500000000001804e-03
5.830000000000000113e-03,5.937500000000001804e-03
5.834400000000000003e-03,5.937500000000001804e-03
5.838799999999999893e-03,6.250000000000002082e-03
5.843200000000000650e-03,5.937500000000001804e-03
5.847600000000000540e-03,5.937500000000001804e-03
5.852000000000000431e-03,5.625000000000001527e-03
5.856400000000000321e-03,5.625000000000001527e-03
5.860800000000000211e-03,5.625000000000001527e-03
5.865200000000000101e-03,5.625000000000001527e-03
5.869599999999999991e-03,5.625000000000001527e-03
5.873999999999999881e-03,5.000000000000004441e-03
5.878400000000000639e-03,5.625000000000001527e-03
5.882800000000000529e-03,5.937500000000001804e-03
5.887200000000000419e-03,5.625000000000001527e-03
5.891600000000000309e-03,5.937500000000001804e-03
5.896000000000000199e-03,5.312500000000001249e-03
5.900400000000000089e-03,5.625000000000001527e-03
5.904799999999999979e-03,5.312500000000001249e-03
5.909199999999999869e-03,5.625000000000001527e-03
5.913600000000000627e-03,5.625000000000001527e-03
5.918000000000000517e-03,5.312500000000001249e-03
5.922400000000000407e-03,5.312500000000001249e-03
5.926800000000000297e-03,5.625000000000001527e-03
5.931200000000000187e-03,5.312500000000001249e-03
5.935600000000000077e-03,5.312500000000001249e-03
5.939999999999999968e-03,5.000000000000004441e-03
5.944400000000000725e-03,5.000000000000004441e-03
5.948800000000000615e-03,5.312500000000001249e-03
5.953200000000000505e-03,5.000000000000004441e-03
5.957600000000000395e-03,4.687500000000004163e-03
5.962000000000000285e-03,4.687500000000004163e-03
5.966400000000000176e-03,5.000000000000004441e-03
5.970800000000000066e-03,4.687500000000004163e-03
5.975199999999999956e-03,4.687500000000004163e-03
5.979600000000000713e-03,4.687500000000004163e-03
5.984000000000000603e-03,5.000000000000004441e-03
5.988400000000000493e-03,5.000000000000004441e-03
5.992800000000000384e-03,5.312500000000001249e-03
5.997200000000000274e-03,5.312500000000001249e-03
6.001600000000000164e-03,5.312500000000001249e-03
6.006000000000000054e-03,5.625000000000001527e-03
6.010399999999999944e-03,5.937500000000001804e-03
6.014800000000000701e-03,5.937500000000001804e-03
6.019200000000000592e-03,6.250000000000002082e-03
6.023600000000000482e-03,5.937500000000001804e-03
6.028000000000000372e-03,6.250000000000002082e-03
6.032400000000000262e-03,5.937500000000001804e-03
6.036800000000000152e-03,5.937500000000001804e-03
6.041200000000000042e-03,5.937500000000001804e-03
6.045599999999999932e-03,5.625000000000001527e-03
6.050000000000000690e-03,5.625000000000001527e-03
6.054400000000000580e-03,5.625000000000001527e-03
6.058800000000000470e-03,5.937500000000001804e-03
6.063200000000000360e-03,5.312500000000001249e-03
6.067600000000000250e-03,5.312500000000001249e-03
6.072000000000000140e-03,5.312500000000001249e-03
6.076400000000000030e-03,5.000000000000004441e-03
6.080799999999999920e-03,5.312500000000001249e-03
6.085200000000000678e-03,5.312500000000001249e-03
6.089600000000000568e-03,5.312500000000001249e-03
6.094000000000000458e-03,5.000000000000004441e-03
6.098400000000000348e-03,5.312500000000001249e-03
6.102800000000000238e-03,4.687500000000004163e-03
6.107200000000000129e-03,4.687500000000004163e-03
6.111600000000000019e-03,5.000000000000004441e-03
6.115999999999999909e-03,4.687500000000004163e-03
6.120400000000000666e-03,4.375000000000003886e-03
6.124800000000000556e-03,4.375000000000003886e-03
6.129200000000000446e-03,4.375000000000003886e-03
6.133600000000000337e-03,5.000000000000004441e-03
6.138000000000000227e-03,4.687500000000004163e-03
6.142400000000000117e-03,4.687500000000004163e-03
6.146800000000000007e-03,5.000000000000004441e-03
6.151199999999999897e-03,5.000000000000004441e-03
6.155600000000000654e-03,5.000000000000004441e-03
6.160000000000000545e-03,5.312500000000001249e-03
6.164400000000000435e-03,5.625000000000001527e-03
6.168800000000000325e-03,5.937500000000001804e-03
6.173200000000000215e-03,6.250000000000002082e-03
6.177600000000000105e-03,6.562500000000002359e-03
6.181999999999999995e-03,7.187500000000002914e-03
6.186399999999999885e-03,7.187500000000002914e-03
6.190800000000000643e-03,7.812500000000003469e-03
6.195200000000000533e-03,7.500000000000003192e-03
6.199600000000000423e-03,7.812500000000003469e-03
6.204000000000000313e-03,7.812500000000003469e-03
6.208400000000000203e-03,7.812500000000003469e-03
6.212800000000000093e-03,7.812500000000003469e-03
6.217199999999999983e-03,7.812500000000003469e-03
6.221600000000000741e-03,7.500000000000003192e-03
6.226000000000000631e-03,7.500000000000003192e-03
6.230400000000000521e-03,7.187500000000002914e-03
6.234800000000000411e-03,7.187500000000002914e-03
6.239200000000000301e-03,6.875000000000002637e-03
6.243600000000000191e-03,6.562500000000002359e-03
6.248000000000000081e-03,6.562500000000002359e-03
6.252399999999999972e-03,6.250000000000002082e-03
6.256800000000000729e-03,6.562500000000002359e-03
6.261200000000000619e-03,6.562500000000002359e-03
6.265600000000000509e-03,6.250000000000002082e-03
6.270000000000000399e-03,6.250000000000002082e-03
6.274400000000000290e-03,5.937500000000001804e-03
6.278800000000000180e-03,5.937500000000001804e-03
6.283200000000000070e-03,5.937500000000001804e-03
6.287599999999999960e-03,5.937500000000001804e-03
6.292000000000000717e-03,6.250000000000002082e-03
6.296400000000000607e-03,6.250000000000002082e-03
6.300800000000000498e-03,6.250000000000002082e-03
6.305200000000000388e-03,6.250000000000002082e-03
6.309600000000000278e-03,6.250000000000002082e-03
6.314000000000000168e-03,6.562500000000002359e-03
6.318400000000000058e-03,6.562500000000002359e-03
6.322799999999999948e-03,6.562500000000002359e-03
6.327200000000000706e-03,6.562500000000002359e-03
6.331600000000000596e-03,7.187500000000002914e-03
6.336000000000000486e-03,7.187500000000002914e-03
6.340400000000000376e-03,7.500000000000003192e-03
6.344800000000000266e-03,8.125000000000003747e-03
6.349200000000000156e-03,8.750000000000004302e-03
6.353600000000000046e-03,9.062500000000001110e-03
6.357999999999999936e-03,9.687500000000001665e-03
6.362400000000000694e-03,1.000000000000000194e-02
6.366800000000000584e-03,1.031250000000000222e-02
6.371200000000000474e-03,1.093750000000000278e-02
6.375600000000000364e-03,1.093750000000000278e-02
6.380000000000000254e-03,1.125000000000000305e-02
6.384400000000000144e-03,1.093750000000000278e-02
6.388800000000000034e-03,1.125000000000000305e-02
6.393199999999999925e-03,1.125000000000000305e-02
6.397600000000000682e-03,1.093750000000000278e-02
6.402000000000000572e-03,1.062500000000000250e-02
6.406400000000000462e-03,1.031250000000000222e-02
6.410800000000000352e-03,1.000000000000000194e-02
6.415200000000000242e-03,1.031250000000000222e-02
6.419600000000000133e-03,1.000000000000000194e-02
6.424000000000000023e-03,9.687500000000001665e-03
6.428399999999999913e-03,9.687500000000001665e-03
6.432800000000000670e-03,9.687500000000001665e-03
6.437200000000000560e-03,9.062500000000001110e-03
6.441600000000000451e-03,9.375000000000001388e-03
6.446000000000000341e-03,9.062500000000001110e-03
6.450400000000000231e-03,9.062500000000001110e-03
6.454800000000000121e-03,9.062500000000001110e-03
6.459200000000000011e-03,9.062500000000001110e-03
6.463599999999999901e-03,9.062500000000001110e-03
6.468000000000000659e-03,9.375000000000001388e-03
6.472400000000000549e-03,9.375000000000001388e-03
6.476800000000000439e-03,9.375000000000001388e-03
6.481200000000000329e-03,9.687500000000001665e-03
6.485600000000000219e-03,9.687500000000001665e-03
6.490000000000000109e-03,9.687500000000001665e-03
6.494399999999999999e-03,1.000000000000000194e-02
6.498800000000000757e-03,1.031250000000000222e-02
6.503200000000000647e-03,1.062500000000000250e-02
6.507600000000000537e-03,1.062500000000000250e-02
6.512000000000000427e-03,1.156250000000000333e-02
6.516400000000000317e-03,1.187500000000000361e-02
6.520800000000000207e-03,1.250000000000000416e-02
6.525200000000000097e-03,1.312500000000000125e-02
6.529599999999999987e-03,1.375000000000000180e-02
6.534000000000000745e-03,1.437500000000000236e-02
6.538400000000000635e-03,1.500000000000000291e-02
6.542800000000000525e-03,1.531250000000000319e-02
6.547200000000000415e-03,1.593750000000000375e-02
6.551600000000000305e-03,1.625000000000000402e-02
6.556000000000000195e-03,1.656250000000000430e-02
6.560400000000000086e-03,1.625000000000000402e-02
6.564799999999999976e-03,1.656250000000000430e-02
6.569200000000000733e-03,1.656250000000000430e-02
6.573600000000000623e-03,1.625000000000000402e-02
6.578000000000000513e-03,1.593750000000000375e-02
6.582400000000000403e-03,1.562500000000000347e-02
6.586800000000000294e-03,1.562500000000000347e-02
6.591200000000000184e-03,1.500000000000000291e-02
6.595600000000000074e-03,1.468750000000000264e-02
6.599999999999999964e-03,1.437500000000000236e-02
6.604400000000000721e-03,1.437500000000000236e-02
6.608800000000000611e-03,1.375000000000000180e-02
6.613200000000000502e-03,1.375000000000000180e-02
6.617600000000000392e-03,1.406250000000000208e-02
6.622000000000000282e-03,1.375000000000000180e-02
6.626400000000000172e-03,1.375000000000000180e-02
6.630800000000000062e-03,1.343750000000000153e-02
6.635199999999999952e-03,1.343750000000000153e-02
6.639600000000000710e-03,1.343750000000000153e-02
6.644000000000000600e-03,1.406250000000000208e-02
6.648400000000000490e-03,1.375000000000000180e-02
6.652800000000000380e-03,1.375000000000000180e-02
6.657200000000000270e-03,1.406250000000000208e-02
6.661600000000000160e-03,1.375000000000000180e-02
6.666000000000000050e-03,5.625000000000001527e-03
6.670399999999999940e-03,5.625000000000001527e-03
6.674800000000000698e-03,5.625000000000001527e-03
6.679200000000000588e-03,5.312500000000001249e-03
6.683600000000000478e-03,5.625000000000001527e-03
6.688000000000000368e-03,5.312500000000001249e-03
6.692400000000000258e-03,5.312500000000001249e-03
6.696800000000000148e-03,5.625000000000001527e-03
6.701200000000000039e-03,5.312500000000001249e-03
6.705599999999999929e-03,5.937500000000001804e-03
6.710000000000000686e-03,5.312500000000001249e-03
6.714400000000000576e-03,5.937500000000001804e-03
6.718800000000000466e-03,5.937500000000001804e-03
6.723200000000000356e-03,5.625000000000001527e-03
6.727600000000000247e-03,5.625000000000001527e-03
6.732000000000000137e-03,5.937500000000001804e-03
6.736400000000000027e-03,5.625000000000001527e-03
6.740799999999999917e-03,5.625000000000001527e-03
6.745200000000000674e-03,5.312500000000001249e-03
6.749600000000000564e-03,5.625000000000001527e-03
6.754000000000000455e-03,5.312500000000001249e-03
6.758400000000000345e-03,5.312500000000001249e-03
6.762800000000000235e-03,5.312500000000001249e-03
6.767200000000000125e-03,5.312500000000001249e-03
6.771600000000000015e-03,5.312500000000001249e-03
6.776000000000000772e-03,5.312500000000001249e-03
6.780400000000000663e-03,5.312500000000001249e-03
6.784800000000000553e-03,5.312500000000001249e-03
6.789200000000000443e-03,5.312500000000001249e-03
6.793600000000000333e-03,5.000000000000004441e-03
6.798000000000000223e-03,5.312500000000001249e-03
6.802400000000000113e-03,5.312500000000001249e-03
6.806800000000000003e-03,4.687500000000004163e-03
6.811200000000000761e-03,5.000000000000004441e-03
6.815600000000000651e-03,4.687500000000004163e-03
6.820000000000000541e-03,4.687500000000004163e-03
6.824400000000000431e-03,4.687500000000004163e-03
6.828800000000000321e-03,4.687500000000004163e-03
6.833200000000000211e-03,4.687500000000004163e-03
6.837600000000000101e-03,4.687500000000004163e-03
6.841999999999999992e-03,4.375000000000003886e-03
6.846400000000000749e-03,4.375000000000003886e-03
6.850800000000000639e-03,4.687500000000004163e-03
6.855200000000000529e-03,4.375000000000003886e-03
6.859600000000000419e-03,4.062500000000003608e-03
6.864000000000000309e-03,4.687500000000004163e-03
6.868400000000000200e-03,4.687500000000004163e-03
6.872800000000000090e-03,5.000000000000004441e-03
6.877199999999999980e-03,5.312500000000001249e-03
6.881600000000000737e-03,5.625000000000001527e-03
6.886000000000000627e-03,5.937500000000001804e-03
6.890400000000000517e-03,5.625000000000001527e-03
6.894800000000000408e-03,5.937500000000001804e-03
6.899200000000000298e-03,6.250000000000002082e-03
6.903600000000000188e-03,6.562500000000002359e-03
6.908000000000000078e-03,6.562500000000002359e-03
6.912399999999999968e-03,6.875000000000002637e-03
6.916800000000000725e-03,6.562500000000002359e-03
6.921200000000000616e-03,6.562500000000002359e-03
6.925600000000000506e-03,6.250000000000002082e-03
6.930000000000000396e-03,6.250000000000002082e-03
6.934400000000000286e-03,5.937500000000001804e-03
6.938800000000000176e-03,5.625000000000001527e-03
6.943200000000000066e-03,5.625000000000001527e-03
6.947599999999999956e-03,5.625000000000001527e-03
6.952000000000000714e-03,5.937500000000001804e-03
6.956400000000000604e-03,5.937500000000001804e-03
6.960800000000000494e-03,5.625000000000001527e-03
6.965200000000000384e-03,5.312500000000001249e-03
6.969600000000000274e-03,5.625000000000001527e-03
6.974000000000000164e-03,5.312500000000001249e-03
6.978400000000000054e-03,5.625000000000001527e-03
6.982799999999999944e-03,5.312500000000001249e-03
6.987200000000000702e-03,5.312500000000001249e-03
6.991600000000000592e-03,5.312500000000001249e-03
6.996000000000000482e-03,5.000000000000004441e-03
7.000400000000000372e-03,5.312500000000001249e-03
7.004800000000000262e-03,5.000000000000004441e-03
7.009200000000000153e-03,5.000000000000004441e-03
7.013600000000000043e-03,5.312500000000001249e-03
7.017999999999999933e-03,5.000000000000004441e-03
7.022400000000000690e-03,5.000000000000004441e-03
7.026800000000000580e-03,5.312500000000001249e-03
7.031200000000000470e-03,5.312500000000001249e-03
7.035600000000000361e-03,5.625000000000001527e-03
7.040000000000000251e-03,5.625000000000001527e-03
7.044400000000000141e-03,6.250000000000002082e-03
7.048800000000000031e-03,6.250000000000002082e-03
7.053200000000000788e-03,6.562500000000002359e-03
7.057600000000000678e-03,7.187500000000002914e-03
7.062000000000000569e-03,7.500000000000003192e-03
7.066400000000000459e-03,8.125000000000003747e-03
7.070800000000000349e-03,8.437500000000004025e-03
7.075200000000000239e-03,8.437500000000004025e-03
7.079600000000000129e-03,8.750000000000004302e-03
7.084000000000000019e-03,9.375000000000001388e-03
7.088400000000000777e-03,9.375000000000001388e-03
7.092800000000000667e-03,9.062500000000001110e-03
7.097200000000000557e-03,9.375000000000001388e-03
7.101600000000000447e-03,9.062500000000001110e-03
7.106000000000000337e-03,9.062500000000001110e-03
7.110400000000000227e-03,8.750000000000004302e-03
7.114800000000000117e-03,8.750000000000004302e-03
7.119200000000000007e-03,8.437500000000004025e-03
7.123600000000000765e-03,8.125000000000003747e-03
7.128000000000000655e-03,7.812500000000003469e-03
7.132400000000000545e-03,7.812500000000003469e-03
7.136800000000000435e-03,7.812500000000003469e-03
7.141200000000000325e-03,7.500000000000003192e-03
7.145600000000000215e-03,7.812500000000003469e-03
7.150000000000000105e-03,7.500000000000003192e-03
7.154399999999999996e-03,7.500000000000003192e-03
7.158800000000000753e-03,7.187500000000002914e-03
7.163200000000000643e-03,7.500000000000003192e-03
7.167600000000000533e-03,7.187500000000002914e-03
7.172000000000000423e-03,7.500000000000003192e-03
7.176400000000000313e-03,7.500000000000003192e-03
7.180800000000000204e-03,7.500000000000003192e-03
7.185200000000000094e-03,7.500000000000003192e-03
7.189599999999999984e-03,7.500000000000003192e-03
7.194000000000000741e-03,7.812500000000003469e-03
7.198400000000000631e-03,7.500000000000003192e-03
7.202800000000000522e-03,7.812500000000003469e-03
7.207200000000000412e-03,8.125000000000003747e-03
7.211600000000000302e-03,8.125000000000003747e-03
7.216000000000000192e-03,8.750000000000004302e-03
7.220400000000000082e-03,9.062500000000001110e-03
7.224799999999999972e-03,9.375000000000001388e-03
7.229200000000000730e-03,9.687500000000001665e-03
7.233600000000000620e-03,1.031250000000000222e-02
7.238000000000000510e-03,1.093750000000000278e-02
7.242400000000000400e-03,1.093750000000000278e-02
7.246800000000000290e-03,1.187500000000000361e-02
7.251200000000000180e-03,1.218750000000000389e-02
7.255600000000000070e-03,1.250000000000000416e-02
7.259999999999999960e-03,1.281250000000000444e-02
7.264400000000000718e-03,1.281250000000000444e-02
7.268800000000000608e-03,1.312500000000000125e-02
7.273200000000000498e-03,1.312500000000000125e-02
7.277600000000000388e-03,1.312500000000000125e-02
7.282000000000000278e-03,1.281250000000000444e-02
7.286400000000000168e-03,1.281250000000000444e-02
7.290800000000000058e-03,1.250000000000000416e-02
7.295199999999999949e-03,1.218750000000000389e-02
7.299600000000000706e-03,1.187500000000000361e-02
7.304000000000000596e-03,1.156250000000000333e-02
7.308400000000000486e-03,1.156250000000000333e-02
7.312800000000000376e-03,1.125000000000000305e-02
7.317200000000000266e-03,1.093750000000000278e-02
7.321600000000000157e-03,1.093750000000000278e-02
7.326000000000000047e-03,1.093750000000000278e-02
7.330400000000000804e-03,1.093750000000000278e-02
7.334800000000000694e-03,1.062500000000000250e-02
7.339200000000000584e-03,1.062500000000000250e-02
7.343600000000000474e-03,1.062500000000000250e-02
7.348000000000000365e-03,1.062500000000000250e-02
7.352400000000000255e-03,1.062500000000000250e-02
7.356800000000000145e-03,1.093750000000000278e-02
7.361200000000000035e-03,1.093750000000000278e-02
7.365600000000000792e-03,1.125000000000000305e-02
7.370000000000000683e-03,1.062500000000000250e-02
7.374400000000000573e-03,1.093750000000000278e-02
7.378800000000000463e-03,1.156250000000000333e-02
7.383200000000000353e-03,1.156250000000000333e-02
7.387600000000000243e-03,1.187500000000000361e-02
7.392000000000000133e-03,1.250000000000000416e-02
7.396400000000000023e-03,1.281250000000000444e-02
7.400800000000000781e-03,1.312500000000000125e-02
7.405200000000000671e-03,1.343750000000000153e-02
7.409600000000000561e-03,1.437500000000000236e-02
7.414000000000000451e-03,1.468750000000000264e-02
7.418400000000000341e-03,1.562500000000000347e-02
7.422800000000000231e-03,1.625000000000000402e-02
7.427200000000000121e-03,1.687500000000000458e-02
7.431600000000000011e-03,1.718750000000000139e-02
7.436000000000000769e-03,1.750000000000000167e-02
7.440400000000000659e-03,1.781250000000000194e-02
7.444800000000000549e-03,1.812500000000000222e-02
7.449200000000000439e-03,1.843750000000000250e-02
7.453600000000000329e-03,1.812500000000000222e-02
7.458000000000000219e-03,1.812500000000000222e-02
7.462400000000000110e-03,1.812500000000000222e-02
7.466800000000000000e-03,1.750000000000000167e-02
7.471200000000000757e-03,1.781250000000000194e-02
7.475600000000000647e-03,1.718750000000000139e-02
7.480000000000000537e-03,1.656250000000000430e-02
7.484400000000000427e-03,1.656250000000000430e-02
7.488800000000000318e-03,1.625000000000000402e-02
7.493200000000000208e-03,1.625000000000000402e-02
7.497600000000000098e-03,1.625000000000000402e-02
7.501999999999999988e-03,1.593750000000000375e-02
7.506400000000000745e-03,1.593750000000000375e-02
7.510800000000000635e-03,1.562500000000000347e-02
7.515200000000000526e-03,1.562500000000000347e-02
7.519600000000000416e-03,1.562500000000000347e-02
7.524000000000000306e-03,1.562500000000000347e-02
7.528400000000000196e-03,1.625000000000000402e-02
7.532800000000000086e-03,1.593750000000000375e-02
7.537199999999999976e-03,1.625000000000000402e-02
7.541600000000000734e-03,1.625000000000000402e-02
7.546000000000000624e-03,1.625000000000000402e-02
7.550400000000000514e-03,1.656250000000000430e-02
7.554800000000000404e-03,1.656250000000000430e-02
7.559200000000000294e-03,1.718750000000000139e-02
7.563600000000000184e-03,1.718750000000000139e-02
7.568000000000000074e-03,1.750000000000000167e-02
7.572399999999999964e-03,1.843750000000000250e-02
7.576800000000000722e-03,1.875000000000000278e-02
7.581200000000000612e-03,1.937500000000000333e-02
7.585600000000000502e-03,2.031250000000000416e-02
7.590000000000000392e-03,2.062500000000000444e-02
7.594400000000000282e-03,2.125000000000000500e-02
7.598800000000000172e-03,2.187500000000000555e-02
7.603200000000000063e-03,2.250000000000000264e-02
7.607600000000000820e-03,2.281250000000000291e-02
7.612000000000000710e-03,2.343750000000000347e-02
7.616400000000000600e-03,2.375000000000000375e-02
7.620800000000000490e-03,2.437500000000000083e-02
7.625200000000000380e-03,2.406250000000000056e-02
7.629600000000000271e-03,2.437500000000000083e-02
7.634000000000000161e-03,2.406250000000000056e-02
7.638400000000000051e-03,2.375000000000000375e-02
7.642800000000000808e-03,2.375000000000000375e-02
7.647200000000000698e-03,2.343750000000000347e-02
7.651600000000000588e-03,2.312500000000000319e-02
7.656000000000000479e-03,2.250000000000000264e-02
7.660400000000000369e-03,2.250000000000000264e-02
7.664800000000000259e-03,2.187500000000000555e-02
7.669200000000000149e-03,2.187500000000000555e-02
7.673600000000000039e-03,2.187500000000000555e-02
7.678000000000000796e-03,2.156250000000000527e-02
7.682400000000000687e-03,2.187500000000000555e-02
7.686800000000000577e-03,2.125000000000000500e-02
7.691200000000000467e-03,2.093750000000000472e-02
7.695600000000000357e-03,2.125000000000000500e-02
7.700000000000000247e-03,2.156250000000000527e-02
7.704400000000000137e-03,2.125000000000000500e-02
7.708800000000000027e-03,2.156250000000000527e-02
7.713200000000000785e-03,2.156250000000000527e-02
7.717600000000000675e-03,2.218750000000000236e-02
7.722000000000000565e-03,2.187500000000000555e-02
7.726400000000000455e-03,2.218750000000000236e-02
7.730800000000000345e-03,2.218750000000000236e-02
7.735200000000000235e-03,2.250000000000000264e-02
7.739600000000000125e-03,2.312500000000000319e-02
7.744000000000000015e-03,2.312500000000000319e-02
7.748400000000000773e-03,2.343750000000000347e-02
7.752800000000000663e-03,2.406250000000000056e-02
7.757200000000000553e-03,2.500000000000000139e-02
7.761600000000000443e-03,2.531250000000000167e-02
7.766000000000000333e-03,2.625000000000000250e-02
7.770400000000000224e-03,2.687500000000000305e-02
7.774800000000000114e-03,2.718750000000000333e-02
7.779200000000000004e-03,2.781250000000000389e-02
7.783600000000000761e-03,2.843750000000000444e-02
7.788000000000000651e-03,2.906250000000000500e-02
7.792400000000000541e-03,2.937500000000000527e-02
7.796800000000000432e-03,2.968750000000000208e-02
7.801200000000000322e-03,2.968750000000000208e-02
7.805600000000000212e-03,2.968750000000000208e-02
7.810000000000000102e-03,2.937500000000000527e-02
7.814400000000000859e-03,2.968750000000000208e-02
7.818800000000000749e-03,2.937500000000000527e-02
7.823200000000000640e-03,2.906250000000000500e-02
7.827600000000000530e-03,2.875000000000000472e-02
7.832000000000000420e-03,2.843750000000000444e-02
7.836400000000000310e-03,2.812500000000000416e-02
7.840800000000000200e-03,2.781250000000000389e-02
7.845200000000000090e-03,2.750000000000000361e-02
7.849599999999999980e-03,2.687500000000000305e-02
7.853999999999999870e-03,2.718750000000000333e-02
7.858399999999999760e-03,2.687500000000000305e-02
7.862799999999999651e-03,2.718750000000000333e-02
7.867199999999999541e-03,2.687500000000000305e-02
7.871600000000001165e-03,2.687500000000000305e-02
7.876000000000001056e-03,2.687500000000000305e-02
7.880400000000000946e-03,2.687500000000000305e-02
7.884800000000000836e-03,2.750000000000000361e-02
7.889200000000000726e-03,2.750000000000000361e-02
7.893600000000000616e-03,2.781250000000000389e-02
7.898000000000000506e-03,2.781250000000000389e-02
7.902400000000000396e-03,2.812500000000000416e-02
7.906800000000000286e-03,2.812500000000000416e-02
7.911200000000000176e-03,2.875000000000000472e-02
7.915600000000000067e-03,2.875000000000000472e-02
7.919999999999999957e-03,2.968750000000000208e-02
7.924399999999999847e-03,3.000000000000000236e-02
7.928799999999999737e-03,3.031250000000000264e-02
7.933199999999999627e-03,3.093750000000000319e-02
7.937600000000001252e-03,3.156250000000000028e-02
7.942000000000001142e-03,3.187500000000000056e-02
7.946400000000001032e-03,3.312500000000000167e-02
7.950800000000000922e-03,3.312500000000000167e-02
7.955200000000000812e-03,3.375000000000000222e-02
7.959600000000000702e-03,3.468750000000000305e-02
7.964000000000000593e-03,3.468750000000000305e-02
7.968400000000000483e-03,3.531250000000000361e-02
7.972800000000000373e-03,3.562500000000000389e-02
7.977200000000000263e-03,3.562500000000000389e-02
7.981600000000000153e-03,3.593750000000000416e-02
7.986000000000000043e-03,3.593750000000000416e-02
7.990399999999999933e-03,3.593750000000000416e-02
7.994799999999999823e-03,3.593750000000000416e-02
7.999199999999999713e-03,3.562500000000000389e-02
8.003599999999999604e-03,3.531250000000000361e-02
8.008000000000001228e-03,3.531250000000000361e-02
8.012400000000001118e-03,3.500000000000000333e-02
8.016800000000001009e-03,3.437500000000000278e-02
8.021200000000000899e-03,3.437500000000000278e-02
8.025600000000000789e-03,3.406250000000000250e-02
8.030000000000000679e-03,3.406250000000000250e-02
8.034400000000000569e-03,3.343750000000000194e-02
8.038800000000000459e-03,3.375000000000000222e-02
8.043200000000000349e-03,3.375000000000000222e-02
8.047600000000000239e-03,3.375000000000000222e-02
8.052000000000000129e-03,3.406250000000000250e-02
8.056400000000000020e-03,3.406250000000000250e-02
8.060799999999999910e-03,3.437500000000000278e-02
8.065199999999999800e-03,3.468750000000000305e-02
8.069599999999999690e-03,3.468750000000000305e-02
8.073999999999999580e-03,3.500000000000000333e-02
8.078400000000001205e-03,3.531250000000000361e-02
8.082800000000001095e-03,3.531250000000000361e-02
8.087200000000000985e-03,3.593750000000000416e-02
8.091600000000000875e-03,3.656250000000000472e-02
8.096000000000000765e-03,3.656250000000000472e-02
8.100400000000000655e-03,3.750000000000000555e-02
8.104800000000000545e-03,3.812500000000000611e-02
8.109200000000000436e-03,3.843750000000000638e-02
8.113600000000000326e-03,3.906250000000000000e-02
8.118000000000000216e-03,3.937500000000000722e-02
8.122400000000000106e-03,3.968750000000000056e-02
8.126799999999999996e-03,4.062500000000000139e-02
8.131199999999999886e-03,4.062500000000000139e-02
8.135599999999999776e-03,4.125000000000000194e-02
8.139999999999999666e-03,4.187500000000000250e-02
8.144399999999999556e-03,4.218750000000000278e-02
8.148800000000001181e-03,4.218750000000000278e-02
8.153200000000001071e-03,4.281250000000000333e-02
8.157600000000000962e-03,4.312500000000000361e-02
8.162000000000000852e-03,4.312500000000000361e-02
8.166400000000000742e-03,4.343750000000000389e-02
8.170800000000000632e-03,4.312500000000000361e-02
8.175200000000000522e-03,4.312500000000000361e-02
8.179600000000000412e-03,4.312500000000000361e-02
8.184000000000000302e-03,4.281250000000000333e-02
8.188400000000000192e-03,4.250000000000000305e-02
8.192800000000000082e-03,4.218750000000000278e-02
8.197199999999999973e-03,4.218750000000000278e-02
8.201599999999999863e-03,4.156250000000000222e-02
8.205999999999999753e-03,4.156250000000000222e-02
8.210399999999999643e-03,4.156250000000000222e-02
8.214800000000001268e-03,4.156250000000000222e-02
8.219200000000001158e-03,4.156250000000000222e-02
8.223600000000001048e-03,4.187500000000000250e-02
8.228000000000000938e-03,4.218750000000000278e-02
8.232400000000000828e-03,4.218750000000000278e-02
8.236800000000000718e-03,4.218750000000000278e-02
8.241200000000000608e-03,4.250000000000000305e-02
8.245600000000000498e-03,4.281250000000000333e-02
8.250000000000000389e-03,4.312500000000000361e-02
8.254400000000000279e-03,4.281250000000000333e-02
8.258800000000000169e-03,4.343750000000000389e-02
8.263200000000000059e-03,4.375000000000000416e-02
8.267599999999999949e-03,4.406250000000000444e-02
8.271999999999999839e-03,4.468750000000000500e-02
8.276399999999999729e-03,4.468750000000000500e-02
8.280799999999999619e-03,4.531250000000000555e-02
8.285200000000001244e-03,4.562500000000000583e-02
8.289600000000001134e-03,4.593750000000000611e-02
8.294000000000001024e-03,4.656250000000000666e-02
8.298400000000000915e-03,4.687500000000000000e-02
8.302800000000000805e-03,4.718750000000000722e-02
8.307200000000000695e-03,4.750000000000000056e-02
8.311600000000000585e-03,4.812500000000000111e-02
8.316000000000000475e-03,5.562500000000000777e-02
8.320400000000000365e-03,5.562500000000000777e-02
8.324800000000000255e-03,5.562500000000000777e-02
8.329200000000000145e-03,5.593750000000000111e-02
8.333600000000000035e-03,5.625000000000000833e-02
8.337999999999999926e-03,5.593750000000000111e-02
8.342399999999999816e-03,5.625000000000000833e-02
8.346799999999999706e-03,5.656250000000000167e-02
8.351199999999999596e-03,5.656250000000000167e-02
8.355600000000001221e-03,5.625000000000000833e-02
8.360000000000001111e-03,5.656250000000000167e-02
8.364400000000001001e-03,5.593750000000000111e-02
8.368800000000000891e-03,5.593750000000000111e-02
8.373200000000000781e-03,5.625000000000000833e-02
8.377600000000000671e-03,5.562500000000000777e-02
8.382000000000000561e-03,5.593750000000000111e-02
8.386400000000000451e-03,5.593750000000000111e-02
8.390800000000000342e-03,5.625000000000000833e-02
8.395200000000000232e-03,5.562500000000000777e-02
8.399600000000000122e-03,5.593750000000000111e-02
8.404000000000000012e-03,5.625000000000000833e-02
8.408399999999999902e-03,5.593750000000000111e-02
8.412799999999999792e-03,5.593750000000000111e-02
8.417199999999999682e-03,5.625000000000000833e-02
8.421599999999999572e-03,5.625000000000000833e-02
8.426000000000001197e-03,5.656250000000000167e-02
8.430400000000001087e-03,5.687500000000000888e-02
8.434800000000000977e-03,5.687500000000000888e-02
8.439200000000000867e-03,5.718750000000000222e-02
8.443600000000000758e-03,5.687500000000000888e-02
8.448000000000000648e-03,5.718750000000000222e-02
8.452400000000000538e-03,5.718750000000000222e-02
8.456800000000000428e-03,5.718750000000000222e-02
8.461200000000000318e-03,5.718750000000000222e-02
8.465600000000000208e-03,5.750000000000000250e-02
8.470000000000000098e-03,5.750000000000000250e-02
8.474399999999999988e-03,5.687500000000000888e-02
8.478799999999999878e-03,5.687500000000000888e-02
8.483199999999999769e-03,5.687500000000000888e-02
8.487599999999999659e-03,5.656250000000000167e-02
8.492000000000001284e-03,5.625000000000000833e-02
8.496400000000001174e-03,5.625000000000000833e-02
8.500800000000001064e-03,5.656250000000000167e-02
8.505200000000000954e-03,5.625000000000000833e-02
8.509600000000000844e-03,5.625000000000000833e-02
8.514000000000000734e-03,5.656250000000000167e-02
8.518400000000000624e-03,5.687500000000000888e-02
8.522800000000000514e-03,5.687500000000000888e-02
8.527200000000000404e-03,5.687500000000000888e-02
8.531600000000000295e-03,5.687500000000000888e-02
8.536000000000000185e-03,5.718750000000000222e-02
8.540400000000000075e-03,5.718750000000000222e-02
8.544799999999999965e-03,5.750000000000000250e-02
8.549199999999999855e-03,5.750000000000000250e-02
8.553599999999999745e-03,5.750000000000000250e-02
8.557999999999999635e-03,5.718750000000000222e-02
8.562400000000001260e-03,5.750000000000000250e-02
8.566800000000001150e-03,5.750000000000000250e-02
8.571200000000001040e-03,5.750000000000000250e-02
8.575600000000000930e-03,5.750000000000000250e-02
8.580000000000000820e-03,5.781250000000000278e-02
8.584400000000000711e-03,5.781250000000000278e-02
8.588800000000000601e-03,5.781250000000000278e-02
8.593200000000000491e-03,5.781250000000000278e-02
8.597600000000000381e-03,5.781250000000000278e-02
8.602000000000000271e-03,5.781250000000000278e-02
8.606400000000000161e-03,5.781250000000000278e-02
8.610800000000000051e-03,5.812500000000000305e-02
8.615199999999999941e-03,5.812500000000000305e-02
8.619599999999999831e-03,5.812500000000000305e-02
8.623999999999999722e-03,5.781250000000000278e-02
8.628399999999999612e-03,5.781250000000000278e-02
8.632800000000001236e-03,5.750000000000000250e-02
8.637200000000001127e-03,5.750000000000000250e-02
8.641600000000001017e-03,5.687500000000000888e-02
8.646000000000000907e-03,5.625000000000000833e-02
8.650400000000000797e-03,5.593750000000000111e-02
8.654800000000000687e-03,5.562500000000000777e-02
8.659200000000000577e-03,5.500000000000000722e-02
8.663600000000000467e-03,5.437500000000000666e-02
8.668000000000000357e-03,5.375000000000000611e-02
8.672400000000000247e-03,5.375000000000000611e-02
8.676800000000000138e-03,5.343749999999999889e-02
8.681200000000000028e-03,5.312500000000000555e-02
8.685599999999999918e-03,5.312500000000000555e-02
8.689999999999999808e-03,5.281250000000000527e-02
8.694399999999999698e-03,5.281250000000000527e-02
8.698799999999999588e-03,5.343749999999999889e-02
8.703200000000001213e-03,5.375000000000000611e-02
8.707600000000001103e-03,5.375000000000000611e-02
8.712000000000000993e-03,5.375000000000000611e-02
8.716400000000000883e-03,5.437500000000000666e-02
8.720800000000000773e-03,5.437500000000000666e-02
8.725200000000000664e-03,5.468750000000000000e-02
8.729600000000000554e-03,5.437500000000000666e-02
8.734000000000000444e-03,5.468750000000000000e-02
8.738400000000000334e-03,5.468750000000000000e-02
8.742800000000000224e-03,5.500000000000000722e-02
8.747200000000000114e-03,5.468750000000000000e-02
8.751600000000000004e-03,5.468750000000000000e-02
8.755999999999999894e-03,5.468750000000000000e-02
8.760399999999999784e-03,5.437500000000000666e-02
8.764799999999999675e-03,5.437500000000000666e-02
8.769200000000001299e-03,5.406249999999999944e-02
8.773600000000001189e-03,5.406249999999999944e-02
8.778000000000001080e-03,5.406249999999999944e-02
8.782400000000000970e-03,5.375000000000000611e-02
8.786800000000000860e-03,5.406249999999999944e-02
8.791200000000000750e-03,5.375000000000000611e-02
8.795600000000000640e-03,5.375000000000000611e-02
