PURE SILICA, ELECTRODE=TUNGSTEN, TIME=35, POLING_VOLTAGE=3700, WAVELENGTH=1.55e-06, EFFECTIVE_DISTANCE=3.1e-05, POLED_LENGTH=0.3, CORE_INDEX=1.45, POLE=MAX, AC_VOLTAGE=805.0, AC_FREQUENCY=2600, PIEZO_FREQUENCY=52.0
Time(s),Voltage(V)
0.000000000000000000e+00,8.437500000000004025e-03
9.599999999999999566e-06,8.437500000000004025e-03
1.919999999999999913e-05,8.125000000000003747e-03
2.879999999999999870e-05,7.812500000000003469e-03
3.839999999999999826e-05,7.812500000000003469e-03
4.800000000000000122e-05,9.062500000000001110e-03
5.759999999999999739e-05,1.031250000000000222e-02
6.719999999999999357e-05,1.250000000000000416e-02
7.679999999999999652e-05,1.500000000000000291e-02
8.639999999999999948e-05,1.531250000000000319e-02
9.600000000000000243e-05,1.437500000000000236e-02
1.055999999999999918e-04,1.562500000000000347e-02
1.151999999999999948e-04,1.593750000000000375e-02
1.247999999999999977e-04,1.625000000000000402e-02
1.343999999999999871e-04,1.781250000000000194e-02
1.440000000000000036e-04,1.906250000000000305e-02
1.535999999999999930e-04,1.906250000000000305e-02
1.631999999999999825e-04,1.875000000000000278e-02
1.727999999999999990e-04,1.718750000000000139e-02
1.823999999999999884e-04,1.625000000000000402e-02
1.920000000000000049e-04,1.562500000000000347e-02
2.015999999999999943e-04,1.593750000000000375e-02
2.111999999999999837e-04,1.593750000000000375e-02
2.208000000000000002e-04,1.593750000000000375e-02
2.303999999999999896e-04,1.500000000000000291e-02
2.399999999999999790e-04,1.437500000000000236e-02
2.495999999999999955e-04,1.343750000000000153e-02
2.592000000000000120e-04,1.281250000000000444e-02
2.687999999999999743e-04,1.218750000000000389e-02
2.783999999999999908e-04,1.187500000000000361e-02
2.880000000000000073e-04,1.218750000000000389e-02
2.975999999999999696e-04,1.187500000000000361e-02
3.071999999999999861e-04,1.156250000000000333e-02
3.168000000000000026e-04,1.093750000000000278e-02
3.263999999999999649e-04,1.031250000000000222e-02
3.359999999999999814e-04,9.687500000000001665e-03
3.455999999999999979e-04,9.375000000000001388e-03
3.551999999999999602e-04,9.062500000000001110e-03
3.647999999999999767e-04,8.437500000000004025e-03
3.743999999999999932e-04,8.125000000000003747e-03
3.840000000000000097e-04,7.812500000000003469e-03
3.935999999999999720e-04,7.812500000000003469e-03
4.031999999999999885e-04,7.500000000000003192e-03
4.128000000000000050e-04,7.187500000000002914e-03
4.223999999999999673e-04,6.875000000000002637e-03
4.319999999999999838e-04,6.562500000000002359e-03
4.416000000000000003e-04,6.875000000000002637e-03
4.511999999999999626e-04,6.562500000000002359e-03
4.607999999999999791e-04,6.250000000000002082e-03
4.703999999999999957e-04,5.937500000000001804e-03
4.799999999999999580e-04,6.250000000000002082e-03
4.895999999999999745e-04,6.562500000000002359e-03
4.991999999999999910e-04,7.187500000000002914e-03
5.088000000000000075e-04,7.812500000000003469e-03
5.184000000000000240e-04,9.062500000000001110e-03
5.279999999999999321e-04,1.031250000000000222e-02
5.375999999999999486e-04,1.093750000000000278e-02
5.471999999999999651e-04,1.125000000000000305e-02
5.567999999999999816e-04,1.250000000000000416e-02
5.663999999999999981e-04,1.343750000000000153e-02
5.760000000000000146e-04,1.562500000000000347e-02
5.855999999999999227e-04,1.656250000000000430e-02
5.951999999999999392e-04,1.718750000000000139e-02
6.047999999999999557e-04,1.718750000000000139e-02
6.143999999999999722e-04,1.718750000000000139e-02
6.239999999999999887e-04,1.687500000000000458e-02
6.336000000000000052e-04,1.687500000000000458e-02
6.432000000000000217e-04,1.625000000000000402e-02
6.527999999999999298e-04,1.562500000000000347e-02
6.623999999999999463e-04,1.468750000000000264e-02
6.719999999999999628e-04,1.406250000000000208e-02
6.815999999999999793e-04,1.375000000000000180e-02
6.911999999999999958e-04,1.250000000000000416e-02
7.008000000000000123e-04,1.218750000000000389e-02
7.103999999999999204e-04,1.156250000000000333e-02
7.199999999999999369e-04,1.062500000000000250e-02
7.295999999999999534e-04,1.031250000000000222e-02
7.391999999999999699e-04,9.375000000000001388e-03
7.487999999999999864e-04,9.375000000000001388e-03
7.584000000000000030e-04,9.062500000000001110e-03
7.680000000000000195e-04,8.750000000000004302e-03
7.775999999999999275e-04,8.437500000000004025e-03
7.871999999999999440e-04,8.750000000000004302e-03
7.967999999999999606e-04,9.062500000000001110e-03
8.063999999999999771e-04,8.750000000000004302e-03
8.159999999999999936e-04,8.437500000000004025e-03
8.256000000000000101e-04,8.437500000000004025e-03
8.351999999999999182e-04,7.500000000000003192e-03
8.447999999999999347e-04,7.500000000000003192e-03
8.543999999999999512e-04,6.875000000000002637e-03
8.639999999999999677e-04,6.562500000000002359e-03
8.735999999999999842e-04,5.937500000000001804e-03
8.832000000000000007e-04,6.250000000000002082e-03
8.927999999999999088e-04,5.625000000000001527e-03
9.023999999999999253e-04,5.937500000000001804e-03
9.119999999999999418e-04,5.937500000000001804e-03
9.215999999999999583e-04,6.875000000000002637e-03
9.311999999999999748e-04,7.187500000000002914e-03
9.407999999999999913e-04,7.812500000000003469e-03
9.504000000000000078e-04,8.437500000000004025e-03
9.599999999999999159e-04,9.375000000000001388e-03
9.695999999999999324e-04,9.687500000000001665e-03
9.791999999999999489e-04,1.000000000000000194e-02
9.887999999999999654e-04,1.062500000000000250e-02
9.983999999999999819e-04,1.093750000000000278e-02
1.007999999999999998e-03,1.156250000000000333e-02
1.017600000000000015e-03,1.218750000000000389e-02
1.027200000000000031e-03,1.218750000000000389e-02
1.036800000000000048e-03,1.218750000000000389e-02
1.046399999999999848e-03,1.187500000000000361e-02
1.055999999999999864e-03,1.156250000000000333e-02
1.065599999999999881e-03,1.125000000000000305e-02
1.075199999999999897e-03,1.062500000000000250e-02
1.084799999999999914e-03,1.031250000000000222e-02
1.094399999999999930e-03,9.375000000000001388e-03
1.103999999999999947e-03,9.062500000000001110e-03
1.113599999999999963e-03,8.437500000000004025e-03
1.123199999999999980e-03,8.437500000000004025e-03
1.132799999999999996e-03,8.125000000000003747e-03
1.142400000000000013e-03,7.500000000000003192e-03
1.152000000000000029e-03,7.812500000000003469e-03
1.161600000000000046e-03,8.125000000000003747e-03
1.171199999999999845e-03,8.125000000000003747e-03
1.180799999999999862e-03,8.125000000000003747e-03
1.190399999999999878e-03,7.812500000000003469e-03
1.199999999999999895e-03,7.500000000000003192e-03
1.209599999999999911e-03,7.812500000000003469e-03
1.219199999999999928e-03,7.187500000000002914e-03
1.228799999999999944e-03,6.562500000000002359e-03
1.238399999999999961e-03,6.250000000000002082e-03
1.247999999999999977e-03,6.250000000000002082e-03
1.257599999999999994e-03,6.562500000000002359e-03
1.267200000000000010e-03,6.875000000000002637e-03
1.276800000000000027e-03,6.875000000000002637e-03
1.286400000000000043e-03,7.187500000000002914e-03
1.295999999999999843e-03,8.125000000000003747e-03
1.305599999999999860e-03,8.750000000000004302e-03
1.315199999999999876e-03,9.062500000000001110e-03
1.324799999999999893e-03,9.687500000000001665e-03
1.334399999999999909e-03,1.031250000000000222e-02
1.343999999999999926e-03,1.093750000000000278e-02
1.353599999999999942e-03,1.093750000000000278e-02
1.363199999999999959e-03,1.156250000000000333e-02
1.372799999999999975e-03,1.156250000000000333e-02
1.382399999999999992e-03,1.125000000000000305e-02
1.392000000000000008e-03,1.125000000000000305e-02
1.401600000000000025e-03,1.093750000000000278e-02
1.411200000000000041e-03,1.093750000000000278e-02
1.420799999999999841e-03,9.687500000000001665e-03
1.430399999999999857e-03,9.687500000000001665e-03
1.439999999999999874e-03,9.062500000000001110e-03
1.449599999999999890e-03,8.750000000000004302e-03
1.459199999999999907e-03,7.812500000000003469e-03
1.468799999999999923e-03,8.125000000000003747e-03
1.478399999999999940e-03,7.500000000000003192e-03
1.487999999999999956e-03,7.187500000000002914e-03
1.497599999999999973e-03,7.500000000000003192e-03
1.507199999999999989e-03,7.500000000000003192e-03
1.516800000000000006e-03,8.125000000000003747e-03
1.526400000000000022e-03,8.437500000000004025e-03
1.536000000000000039e-03,8.750000000000004302e-03
1.545599999999999839e-03,9.062500000000001110e-03
1.555199999999999855e-03,9.687500000000001665e-03
1.564799999999999872e-03,1.000000000000000194e-02
1.574399999999999888e-03,1.031250000000000222e-02
1.583999999999999905e-03,1.062500000000000250e-02
1.593599999999999921e-03,1.062500000000000250e-02
1.603199999999999938e-03,1.062500000000000250e-02
1.612799999999999954e-03,1.062500000000000250e-02
1.622399999999999971e-03,1.000000000000000194e-02
1.631999999999999987e-03,9.375000000000001388e-03
1.641600000000000004e-03,9.062500000000001110e-03
1.651200000000000020e-03,8.437500000000004025e-03
1.660799999999999820e-03,8.125000000000003747e-03
1.670399999999999836e-03,7.500000000000003192e-03
1.679999999999999853e-03,7.500000000000003192e-03
1.689599999999999869e-03,7.500000000000003192e-03
1.699199999999999886e-03,6.875000000000002637e-03
1.708799999999999902e-03,6.875000000000002637e-03
1.718399999999999919e-03,6.250000000000002082e-03
1.727999999999999935e-03,6.250000000000002082e-03
1.737599999999999952e-03,5.937500000000001804e-03
1.747199999999999968e-03,5.937500000000001804e-03
1.756799999999999985e-03,5.937500000000001804e-03
1.766400000000000001e-03,5.312500000000001249e-03
1.776000000000000018e-03,5.312500000000001249e-03
1.785599999999999818e-03,5.312500000000001249e-03
1.795199999999999834e-03,4.687500000000004163e-03
1.804799999999999851e-03,4.375000000000003886e-03
1.814399999999999867e-03,4.687500000000004163e-03
1.823999999999999884e-03,4.375000000000003886e-03
1.833599999999999900e-03,4.687500000000004163e-03
1.843199999999999917e-03,5.000000000000004441e-03
1.852799999999999933e-03,5.625000000000001527e-03
1.862399999999999950e-03,5.937500000000001804e-03
1.871999999999999966e-03,6.875000000000002637e-03
1.881599999999999983e-03,7.812500000000003469e-03
1.891199999999999999e-03,9.375000000000001388e-03
1.900800000000000016e-03,1.062500000000000250e-02
1.910399999999999815e-03,1.187500000000000361e-02
1.919999999999999832e-03,1.312500000000000125e-02
1.929599999999999848e-03,1.437500000000000236e-02
1.939199999999999865e-03,1.562500000000000347e-02
1.948799999999999881e-03,1.718750000000000139e-02
1.958399999999999898e-03,1.718750000000000139e-02
1.967999999999999697e-03,1.812500000000000222e-02
1.977599999999999931e-03,1.812500000000000222e-02
1.987199999999999731e-03,1.843750000000000250e-02
1.996799999999999964e-03,1.812500000000000222e-02
2.006399999999999764e-03,1.812500000000000222e-02
2.015999999999999997e-03,1.718750000000000139e-02
2.025599999999999797e-03,1.687500000000000458e-02
2.035200000000000030e-03,1.625000000000000402e-02
2.044799999999999830e-03,1.468750000000000264e-02
2.054400000000000063e-03,1.375000000000000180e-02
2.063999999999999863e-03,1.312500000000000125e-02
2.073600000000000096e-03,1.250000000000000416e-02
2.083199999999999896e-03,1.187500000000000361e-02
2.092799999999999695e-03,1.125000000000000305e-02
2.102399999999999929e-03,1.000000000000000194e-02
2.111999999999999728e-03,1.000000000000000194e-02
2.121599999999999962e-03,9.062500000000001110e-03
2.131199999999999761e-03,8.750000000000004302e-03
2.140799999999999995e-03,8.437500000000004025e-03
2.150399999999999794e-03,7.812500000000003469e-03
2.160000000000000028e-03,7.500000000000003192e-03
2.169599999999999827e-03,7.187500000000002914e-03
2.179200000000000061e-03,7.187500000000002914e-03
2.188799999999999860e-03,6.562500000000002359e-03
2.198400000000000094e-03,6.562500000000002359e-03
2.207999999999999893e-03,7.187500000000002914e-03
2.217599999999999693e-03,7.187500000000002914e-03
2.227199999999999926e-03,7.812500000000003469e-03
2.236799999999999726e-03,8.750000000000004302e-03
2.246399999999999959e-03,9.687500000000001665e-03
2.255999999999999759e-03,1.062500000000000250e-02
2.265599999999999992e-03,1.156250000000000333e-02
2.275199999999999792e-03,1.343750000000000153e-02
2.284800000000000025e-03,1.500000000000000291e-02
2.294399999999999825e-03,1.593750000000000375e-02
2.304000000000000058e-03,1.718750000000000139e-02
2.313599999999999858e-03,1.875000000000000278e-02
2.323200000000000091e-03,2.031250000000000416e-02
2.332799999999999891e-03,2.125000000000000500e-02
2.342399999999999691e-03,2.250000000000000264e-02
2.351999999999999924e-03,2.281250000000000291e-02
2.361599999999999724e-03,2.343750000000000347e-02
2.371199999999999957e-03,2.406250000000000056e-02
2.380799999999999757e-03,2.375000000000000375e-02
2.390399999999999990e-03,2.375000000000000375e-02
2.399999999999999790e-03,2.312500000000000319e-02
2.409600000000000023e-03,2.250000000000000264e-02
2.419199999999999823e-03,2.156250000000000527e-02
2.428800000000000056e-03,2.062500000000000444e-02
2.438399999999999856e-03,1.968750000000000361e-02
2.448000000000000089e-03,1.875000000000000278e-02
2.457599999999999889e-03,1.718750000000000139e-02
2.467199999999999688e-03,1.625000000000000402e-02
2.476799999999999922e-03,1.562500000000000347e-02
2.486399999999999721e-03,1.468750000000000264e-02
2.495999999999999955e-03,1.343750000000000153e-02
2.505599999999999754e-03,1.250000000000000416e-02
2.515199999999999988e-03,1.218750000000000389e-02
2.524799999999999787e-03,1.156250000000000333e-02
2.534400000000000021e-03,1.062500000000000250e-02
2.543999999999999821e-03,1.062500000000000250e-02
2.553600000000000054e-03,1.031250000000000222e-02
2.563199999999999854e-03,1.000000000000000194e-02
2.572800000000000087e-03,1.031250000000000222e-02
2.582399999999999887e-03,1.062500000000000250e-02
2.591999999999999686e-03,1.125000000000000305e-02
2.601599999999999920e-03,1.125000000000000305e-02
2.611199999999999719e-03,1.250000000000000416e-02
2.620799999999999953e-03,1.406250000000000208e-02
2.630399999999999752e-03,1.468750000000000264e-02
2.639999999999999986e-03,1.625000000000000402e-02
2.649599999999999785e-03,1.750000000000000167e-02
2.659200000000000019e-03,1.968750000000000361e-02
2.668799999999999818e-03,2.093750000000000472e-02
2.678400000000000052e-03,2.218750000000000236e-02
2.687999999999999851e-03,2.343750000000000347e-02
2.697600000000000085e-03,2.468750000000000111e-02
2.707199999999999884e-03,2.593750000000000222e-02
2.716799999999999684e-03,2.656250000000000278e-02
2.726399999999999917e-03,2.781250000000000389e-02
2.735999999999999717e-03,2.812500000000000416e-02
2.745599999999999950e-03,2.843750000000000444e-02
2.755199999999999750e-03,2.875000000000000472e-02
2.764799999999999983e-03,2.875000000000000472e-02
2.774399999999999783e-03,2.843750000000000444e-02
2.784000000000000016e-03,2.750000000000000361e-02
2.793599999999999816e-03,2.687500000000000305e-02
2.803200000000000049e-03,2.500000000000000139e-02
2.812799999999999849e-03,2.468750000000000111e-02
2.822400000000000082e-03,2.343750000000000347e-02
2.831999999999999882e-03,2.156250000000000527e-02
2.841599999999999682e-03,2.031250000000000416e-02
2.851199999999999915e-03,1.937500000000000333e-02
2.860799999999999715e-03,1.843750000000000250e-02
2.870399999999999948e-03,1.718750000000000139e-02
2.879999999999999748e-03,1.593750000000000375e-02
2.889599999999999981e-03,1.500000000000000291e-02
2.899199999999999781e-03,1.375000000000000180e-02
2.908800000000000014e-03,1.343750000000000153e-02
2.918399999999999814e-03,1.218750000000000389e-02
2.928000000000000047e-03,1.156250000000000333e-02
2.937599999999999847e-03,1.125000000000000305e-02
2.947200000000000080e-03,1.062500000000000250e-02
2.956799999999999880e-03,1.031250000000000222e-02
2.966399999999999679e-03,1.000000000000000194e-02
2.975999999999999913e-03,1.000000000000000194e-02
2.985599999999999712e-03,1.000000000000000194e-02
2.995199999999999946e-03,1.031250000000000222e-02
3.004799999999999745e-03,1.093750000000000278e-02
3.014399999999999979e-03,1.156250000000000333e-02
3.023999999999999778e-03,1.218750000000000389e-02
3.033600000000000012e-03,1.406250000000000208e-02
3.043199999999999811e-03,1.562500000000000347e-02
3.052800000000000045e-03,1.687500000000000458e-02
3.062399999999999844e-03,1.781250000000000194e-02
3.072000000000000078e-03,1.937500000000000333e-02
3.081599999999999877e-03,2.093750000000000472e-02
3.091199999999999677e-03,2.218750000000000236e-02
3.100799999999999911e-03,2.375000000000000375e-02
3.110399999999999710e-03,2.406250000000000056e-02
3.119999999999999944e-03,2.531250000000000167e-02
3.129599999999999743e-03,2.593750000000000222e-02
3.139199999999999977e-03,2.687500000000000305e-02
3.148799999999999776e-03,2.687500000000000305e-02
3.158400000000000010e-03,2.687500000000000305e-02
3.167999999999999809e-03,2.656250000000000278e-02
3.177600000000000043e-03,2.593750000000000222e-02
3.187199999999999842e-03,2.500000000000000139e-02
3.196799999999999642e-03,2.406250000000000056e-02
3.206399999999999875e-03,2.343750000000000347e-02
3.215999999999999675e-03,2.218750000000000236e-02
3.225599999999999908e-03,2.125000000000000500e-02
3.235199999999999708e-03,1.968750000000000361e-02
3.244799999999999941e-03,1.906250000000000305e-02
3.254399999999999741e-03,1.812500000000000222e-02
3.263999999999999974e-03,1.718750000000000139e-02
3.273599999999999774e-03,1.656250000000000430e-02
3.283200000000000007e-03,1.562500000000000347e-02
3.292799999999999807e-03,1.500000000000000291e-02
3.302400000000000040e-03,1.437500000000000236e-02
3.311999999999999840e-03,1.406250000000000208e-02
3.321599999999999640e-03,1.343750000000000153e-02
3.331199999999999873e-03,1.312500000000000125e-02
3.340799999999999673e-03,1.312500000000000125e-02
3.350399999999999906e-03,1.312500000000000125e-02
3.359999999999999706e-03,1.343750000000000153e-02
3.369599999999999939e-03,1.406250000000000208e-02
3.379199999999999739e-03,1.468750000000000264e-02
3.388799999999999972e-03,1.562500000000000347e-02
3.398399999999999772e-03,1.718750000000000139e-02
3.408000000000000005e-03,1.812500000000000222e-02
3.417599999999999805e-03,1.906250000000000305e-02
3.427200000000000038e-03,2.031250000000000416e-02
3.436799999999999838e-03,2.187500000000000555e-02
3.446399999999999637e-03,2.281250000000000291e-02
3.455999999999999871e-03,2.468750000000000111e-02
3.465599999999999670e-03,2.531250000000000167e-02
3.475199999999999904e-03,2.656250000000000278e-02
3.484799999999999703e-03,2.781250000000000389e-02
3.494399999999999937e-03,2.875000000000000472e-02
3.503999999999999736e-03,2.968750000000000208e-02
3.513599999999999970e-03,3.031250000000000264e-02
3.523199999999999769e-03,3.093750000000000319e-02
3.532800000000000003e-03,3.093750000000000319e-02
3.542399999999999802e-03,3.062500000000000291e-02
3.552000000000000036e-03,3.000000000000000236e-02
3.561599999999999835e-03,3.000000000000000236e-02
3.571199999999999635e-03,2.843750000000000444e-02
3.580799999999999868e-03,2.812500000000000416e-02
3.590399999999999668e-03,2.656250000000000278e-02
3.599999999999999901e-03,2.562500000000000194e-02
3.609599999999999701e-03,2.375000000000000375e-02
3.619199999999999934e-03,2.312500000000000319e-02
3.628799999999999734e-03,2.156250000000000527e-02
3.638399999999999967e-03,2.031250000000000416e-02
3.647999999999999767e-03,1.968750000000000361e-02
3.657600000000000001e-03,1.843750000000000250e-02
3.667199999999999800e-03,1.781250000000000194e-02
3.676800000000000034e-03,1.625000000000000402e-02
3.686399999999999833e-03,1.593750000000000375e-02
3.695999999999999633e-03,1.562500000000000347e-02
3.705599999999999866e-03,1.531250000000000319e-02
3.715199999999999666e-03,1.531250000000000319e-02
3.724799999999999899e-03,1.531250000000000319e-02
3.734399999999999699e-03,1.531250000000000319e-02
3.743999999999999932e-03,1.625000000000000402e-02
3.753599999999999732e-03,1.656250000000000430e-02
3.763199999999999965e-03,1.781250000000000194e-02
3.772799999999999765e-03,1.875000000000000278e-02
3.782399999999999998e-03,2.031250000000000416e-02
3.791999999999999798e-03,2.156250000000000527e-02
3.801600000000000031e-03,2.281250000000000291e-02
3.811199999999999831e-03,2.375000000000000375e-02
3.820799999999999631e-03,2.531250000000000167e-02
3.830399999999999864e-03,2.687500000000000305e-02
3.839999999999999664e-03,2.781250000000000389e-02
3.849599999999999897e-03,2.906250000000000500e-02
3.859199999999999697e-03,3.031250000000000264e-02
3.868799999999999930e-03,3.125000000000000000e-02
3.878399999999999730e-03,3.218750000000000083e-02
3.887999999999999963e-03,3.281250000000000139e-02
3.897599999999999763e-03,3.312500000000000167e-02
3.907199999999999562e-03,3.343750000000000194e-02
3.916799999999999796e-03,3.375000000000000222e-02
3.926400000000000029e-03,3.343750000000000194e-02
3.935999999999999395e-03,3.343750000000000194e-02
3.945599999999999628e-03,3.218750000000000083e-02
3.955199999999999862e-03,3.156250000000000028e-02
3.964800000000000095e-03,3.062500000000000291e-02
3.974399999999999461e-03,2.937500000000000527e-02
3.983999999999999694e-03,2.843750000000000444e-02
3.993599999999999928e-03,2.625000000000000250e-02
4.003200000000000161e-03,2.562500000000000194e-02
4.012799999999999527e-03,2.375000000000000375e-02
4.022399999999999760e-03,2.312500000000000319e-02
4.031999999999999994e-03,2.125000000000000500e-02
4.041600000000000227e-03,2.031250000000000416e-02
4.051199999999999593e-03,1.937500000000000333e-02
4.060799999999999826e-03,1.812500000000000222e-02
4.070400000000000060e-03,1.750000000000000167e-02
4.079999999999999426e-03,1.687500000000000458e-02
4.089599999999999659e-03,1.593750000000000375e-02
4.099199999999999892e-03,1.593750000000000375e-02
4.108800000000000126e-03,1.593750000000000375e-02
4.118399999999999492e-03,1.531250000000000319e-02
4.127999999999999725e-03,1.562500000000000347e-02
4.137599999999999958e-03,1.562500000000000347e-02
4.147200000000000192e-03,1.656250000000000430e-02
4.156799999999999558e-03,1.718750000000000139e-02
4.166399999999999791e-03,1.843750000000000250e-02
4.176000000000000024e-03,2.031250000000000416e-02
4.185599999999999390e-03,2.125000000000000500e-02
4.195199999999999624e-03,2.250000000000000264e-02
4.204799999999999857e-03,2.437500000000000083e-02
4.214400000000000091e-03,2.593750000000000222e-02
4.223999999999999456e-03,2.750000000000000361e-02
4.233599999999999690e-03,2.843750000000000444e-02
4.243199999999999923e-03,2.968750000000000208e-02
4.252800000000000157e-03,3.093750000000000319e-02
4.262399999999999523e-03,3.187500000000000056e-02
4.271999999999999756e-03,3.250000000000000111e-02
4.281599999999999989e-03,3.343750000000000194e-02
4.291200000000000223e-03,3.375000000000000222e-02
4.300799999999999589e-03,3.437500000000000278e-02
4.310399999999999822e-03,3.437500000000000278e-02
4.320000000000000055e-03,3.375000000000000222e-02
4.329599999999999421e-03,3.375000000000000222e-02
4.339199999999999655e-03,3.250000000000000111e-02
4.348799999999999888e-03,3.093750000000000319e-02
4.358400000000000121e-03,3.031250000000000264e-02
4.367999999999999487e-03,2.937500000000000527e-02
4.377599999999999721e-03,2.781250000000000389e-02
4.387199999999999954e-03,2.687500000000000305e-02
4.396800000000000187e-03,2.562500000000000194e-02
4.406399999999999553e-03,2.500000000000000139e-02
4.415999999999999787e-03,2.375000000000000375e-02
4.425600000000000020e-03,2.281250000000000291e-02
4.435199999999999386e-03,2.187500000000000555e-02
4.444799999999999619e-03,2.125000000000000500e-02
4.454399999999999853e-03,2.125000000000000500e-02
4.464000000000000086e-03,2.062500000000000444e-02
4.473599999999999452e-03,2.031250000000000416e-02
4.483199999999999685e-03,2.062500000000000444e-02
4.492799999999999919e-03,2.093750000000000472e-02
4.502400000000000152e-03,2.125000000000000500e-02
4.511999999999999518e-03,2.156250000000000527e-02
4.521599999999999751e-03,2.312500000000000319e-02
4.531199999999999985e-03,2.375000000000000375e-02
4.540800000000000218e-03,2.468750000000000111e-02
4.550399999999999584e-03,2.593750000000000222e-02
4.559999999999999817e-03,2.687500000000000305e-02
4.569600000000000051e-03,2.843750000000000444e-02
4.579199999999999417e-03,3.000000000000000236e-02
4.588799999999999650e-03,3.031250000000000264e-02
4.598399999999999883e-03,3.156250000000000028e-02
4.608000000000000117e-03,3.250000000000000111e-02
4.617599999999999483e-03,3.343750000000000194e-02
4.627199999999999716e-03,3.437500000000000278e-02
4.636799999999999949e-03,3.500000000000000333e-02
4.646400000000000183e-03,3.593750000000000416e-02
4.655999999999999549e-03,3.687500000000000500e-02
4.665599999999999782e-03,3.718750000000000527e-02
4.675200000000000015e-03,3.812500000000000611e-02
4.684799999999999381e-03,3.875000000000000666e-02
4.694399999999999615e-03,3.906250000000000000e-02
4.703999999999999848e-03,3.906250000000000000e-02
4.713600000000000081e-03,3.937500000000000722e-02
4.723199999999999447e-03,3.875000000000000666e-02
4.732799999999999681e-03,3.843750000000000638e-02
4.742399999999999914e-03,3.718750000000000527e-02
4.752000000000000147e-03,3.656250000000000472e-02
4.761599999999999513e-03,3.625000000000000444e-02
4.771199999999999747e-03,3.500000000000000333e-02
4.780799999999999980e-03,3.406250000000000250e-02
4.790400000000000214e-03,3.281250000000000139e-02
4.799999999999999580e-03,3.250000000000000111e-02
4.809599999999999813e-03,3.125000000000000000e-02
4.819200000000000046e-03,3.062500000000000291e-02
4.828799999999999412e-03,3.000000000000000236e-02
4.838399999999999646e-03,3.000000000000000236e-02
4.847999999999999879e-03,2.968750000000000208e-02
4.857600000000000112e-03,2.968750000000000208e-02
4.867199999999999478e-03,3.031250000000000264e-02
4.876799999999999712e-03,3.093750000000000319e-02
4.886399999999999945e-03,3.156250000000000028e-02
4.896000000000000178e-03,3.250000000000000111e-02
4.905599999999999544e-03,3.375000000000000222e-02
4.915199999999999778e-03,3.437500000000000278e-02
4.924800000000000011e-03,3.500000000000000333e-02
4.934399999999999377e-03,3.625000000000000444e-02
4.943999999999999610e-03,3.687500000000000500e-02
4.953599999999999844e-03,3.750000000000000555e-02
4.963200000000000077e-03,3.750000000000000555e-02
4.972799999999999443e-03,3.812500000000000611e-02
4.982399999999999676e-03,3.812500000000000611e-02
4.991999999999999910e-03,3.781250000000000583e-02
5.001600000000000143e-03,3.781250000000000583e-02
5.011199999999999509e-03,3.750000000000000555e-02
5.020799999999999742e-03,3.718750000000000527e-02
5.030399999999999976e-03,3.718750000000000527e-02
5.039999999999999342e-03,3.718750000000000527e-02
5.049599999999999575e-03,3.687500000000000500e-02
5.059199999999999808e-03,3.750000000000000555e-02
5.068800000000000042e-03,3.750000000000000555e-02
5.078399999999999408e-03,3.812500000000000611e-02
5.087999999999999641e-03,3.812500000000000611e-02
5.097599999999999874e-03,3.875000000000000666e-02
5.107200000000000108e-03,3.937500000000000722e-02
5.116799999999999474e-03,4.000000000000000083e-02
5.126399999999999707e-03,4.031250000000000111e-02
5.135999999999999940e-03,4.062500000000000139e-02
5.145600000000000174e-03,4.093750000000000167e-02
5.155199999999999540e-03,4.125000000000000194e-02
5.164799999999999773e-03,4.156250000000000222e-02
5.174400000000000006e-03,4.125000000000000194e-02
5.183999999999999372e-03,4.156250000000000222e-02
5.193599999999999606e-03,4.156250000000000222e-02
5.203199999999999839e-03,4.156250000000000222e-02
5.212800000000000072e-03,4.187500000000000250e-02
5.222399999999999438e-03,4.156250000000000222e-02
5.231999999999999672e-03,4.218750000000000278e-02
5.241599999999999905e-03,4.218750000000000278e-02
5.251200000000000138e-03,4.218750000000000278e-02
5.260799999999999504e-03,4.281250000000000333e-02
5.270399999999999738e-03,4.312500000000000361e-02
5.279999999999999971e-03,4.312500000000000361e-02
5.289599999999999337e-03,4.343750000000000389e-02
5.299199999999999570e-03,4.312500000000000361e-02
5.308799999999999804e-03,4.343750000000000389e-02
5.318400000000000037e-03,4.281250000000000333e-02
5.327999999999999403e-03,4.250000000000000305e-02
5.337599999999999636e-03,4.187500000000000250e-02
5.347199999999999870e-03,4.093750000000000167e-02
5.356800000000000103e-03,4.000000000000000083e-02
5.366399999999999469e-03,3.875000000000000666e-02
5.375999999999999703e-03,3.781250000000000583e-02
5.385599999999999936e-03,3.718750000000000527e-02
5.395200000000000169e-03,3.593750000000000416e-02
5.404799999999999535e-03,3.531250000000000361e-02
5.414399999999999769e-03,3.500000000000000333e-02
5.424000000000000002e-03,3.437500000000000278e-02
5.433599999999999368e-03,3.406250000000000250e-02
5.443199999999999601e-03,3.406250000000000250e-02
5.452799999999999835e-03,3.406250000000000250e-02
5.462400000000000068e-03,3.437500000000000278e-02
5.471999999999999434e-03,3.468750000000000305e-02
5.481599999999999667e-03,3.562500000000000389e-02
5.491199999999999901e-03,3.625000000000000444e-02
5.500800000000000134e-03,3.656250000000000472e-02
5.510399999999999500e-03,3.687500000000000500e-02
5.519999999999999733e-03,3.781250000000000583e-02
5.529599999999999967e-03,3.843750000000000638e-02
5.539199999999999333e-03,3.906250000000000000e-02
5.548799999999999566e-03,3.937500000000000722e-02
5.558399999999999799e-03,3.968750000000000056e-02
5.568000000000000033e-03,4.000000000000000083e-02
5.577599999999999399e-03,4.000000000000000083e-02
5.587199999999999632e-03,4.093750000000000167e-02
5.596799999999999865e-03,4.125000000000000194e-02
5.606400000000000099e-03,4.125000000000000194e-02
5.615999999999999465e-03,4.156250000000000222e-02
5.625599999999999698e-03,4.187500000000000250e-02
5.635199999999999931e-03,4.218750000000000278e-02
5.644800000000000165e-03,4.250000000000000305e-02
5.654399999999999531e-03,4.281250000000000333e-02
5.663999999999999764e-03,4.281250000000000333e-02
5.673599999999999997e-03,4.281250000000000333e-02
5.683199999999999363e-03,4.250000000000000305e-02
5.692799999999999597e-03,4.281250000000000333e-02
5.702399999999999830e-03,4.218750000000000278e-02
5.712000000000000063e-03,4.218750000000000278e-02
5.721599999999999429e-03,4.125000000000000194e-02
5.731199999999999663e-03,4.062500000000000139e-02
5.740799999999999896e-03,3.937500000000000722e-02
5.750400000000000129e-03,3.906250000000000000e-02
5.759999999999999495e-03,3.812500000000000611e-02
5.769599999999999729e-03,3.718750000000000527e-02
5.779199999999999962e-03,3.656250000000000472e-02
5.788799999999999328e-03,3.562500000000000389e-02
5.798399999999999561e-03,3.531250000000000361e-02
5.807999999999999795e-03,3.468750000000000305e-02
5.817600000000000028e-03,3.500000000000000333e-02
5.827199999999999394e-03,3.531250000000000361e-02
5.836799999999999627e-03,3.562500000000000389e-02
5.846399999999999861e-03,3.625000000000000444e-02
5.856000000000000094e-03,3.687500000000000500e-02
5.865599999999999460e-03,3.750000000000000555e-02
5.875199999999999693e-03,3.812500000000000611e-02
5.884799999999999927e-03,3.843750000000000638e-02
5.894400000000000160e-03,3.937500000000000722e-02
5.903999999999999526e-03,3.937500000000000722e-02
5.913599999999999760e-03,3.968750000000000056e-02
5.923199999999999993e-03,4.000000000000000083e-02
5.932799999999999359e-03,4.000000000000000083e-02
5.942399999999999592e-03,4.000000000000000083e-02
5.951999999999999826e-03,4.000000000000000083e-02
5.961600000000000059e-03,3.968750000000000056e-02
5.971199999999999425e-03,3.968750000000000056e-02
5.980799999999999658e-03,3.968750000000000056e-02
5.990399999999999892e-03,3.968750000000000056e-02
6.000000000000000125e-03,3.968750000000000056e-02
6.009599999999999491e-03,4.031250000000000111e-02
6.019199999999999724e-03,4.000000000000000083e-02
6.028799999999999958e-03,4.062500000000000139e-02
6.038399999999999324e-03,4.062500000000000139e-02
6.047999999999999557e-03,4.156250000000000222e-02
6.057599999999999790e-03,4.156250000000000222e-02
6.067200000000000024e-03,4.218750000000000278e-02
6.076799999999999390e-03,4.218750000000000278e-02
6.086399999999999623e-03,4.250000000000000305e-02
6.095999999999999856e-03,4.281250000000000333e-02
6.105600000000000090e-03,4.281250000000000333e-02
6.115199999999999456e-03,4.250000000000000305e-02
6.124799999999999689e-03,4.218750000000000278e-02
6.134399999999999922e-03,4.187500000000000250e-02
6.144000000000000156e-03,4.125000000000000194e-02
6.153599999999999522e-03,4.031250000000000111e-02
6.163199999999999755e-03,3.968750000000000056e-02
6.172799999999999988e-03,3.937500000000000722e-02
6.182399999999999354e-03,3.843750000000000638e-02
6.191999999999999588e-03,3.843750000000000638e-02
6.201599999999999821e-03,3.843750000000000638e-02
6.211200000000000054e-03,3.812500000000000611e-02
6.220799999999999420e-03,3.812500000000000611e-02
6.230399999999999654e-03,3.843750000000000638e-02
6.239999999999999887e-03,3.906250000000000000e-02
6.249600000000000120e-03,3.875000000000000666e-02
6.259199999999999486e-03,3.937500000000000722e-02
6.268799999999999720e-03,4.000000000000000083e-02
6.278399999999999953e-03,4.031250000000000111e-02
6.287999999999999319e-03,4.031250000000000111e-02
6.297599999999999552e-03,4.062500000000000139e-02
6.307199999999999786e-03,4.062500000000000139e-02
6.316800000000000019e-03,4.031250000000000111e-02
6.326399999999999385e-03,4.062500000000000139e-02
6.335999999999999618e-03,4.062500000000000139e-02
6.345599999999999852e-03,4.062500000000000139e-02
6.355200000000000085e-03,4.062500000000000139e-02
6.364799999999999451e-03,4.062500000000000139e-02
6.374399999999999684e-03,4.062500000000000139e-02
6.383999999999999918e-03,4.062500000000000139e-02
6.393599999999999284e-03,4.062500000000000139e-02
6.403199999999999517e-03,4.125000000000000194e-02
6.412799999999999750e-03,4.156250000000000222e-02
6.422399999999999984e-03,4.187500000000000250e-02
6.431999999999999350e-03,4.187500000000000250e-02
6.441599999999999583e-03,4.250000000000000305e-02
6.451199999999999816e-03,4.281250000000000333e-02
6.460800000000000050e-03,4.250000000000000305e-02
6.470399999999999416e-03,4.281250000000000333e-02
6.479999999999999649e-03,4.250000000000000305e-02
6.489599999999999883e-03,4.250000000000000305e-02
6.499200000000000116e-03,4.218750000000000278e-02
6.508799999999999482e-03,4.156250000000000222e-02
6.518399999999999715e-03,4.125000000000000194e-02
6.527999999999999949e-03,4.000000000000000083e-02
6.537599999999999315e-03,3.906250000000000000e-02
6.547199999999999548e-03,3.875000000000000666e-02
6.556799999999999781e-03,3.781250000000000583e-02
6.566400000000000015e-03,3.750000000000000555e-02
6.575999999999999381e-03,3.687500000000000500e-02
6.585599999999999614e-03,3.625000000000000444e-02
6.595199999999999847e-03,3.656250000000000472e-02
6.604800000000000081e-03,3.625000000000000444e-02
6.614399999999999447e-03,3.687500000000000500e-02
6.623999999999999680e-03,3.687500000000000500e-02
6.633599999999999913e-03,3.718750000000000527e-02
6.643199999999999279e-03,3.812500000000000611e-02
6.652799999999999513e-03,3.812500000000000611e-02
6.662399999999999746e-03,3.906250000000000000e-02
6.671999999999999979e-03,3.875000000000000666e-02
6.681599999999999345e-03,3.968750000000000056e-02
6.691199999999999579e-03,3.968750000000000056e-02
6.700799999999999812e-03,4.031250000000000111e-02
6.710400000000000045e-03,4.062500000000000139e-02
6.719999999999999411e-03,4.062500000000000139e-02
6.729599999999999645e-03,4.062500000000000139e-02
6.739199999999999878e-03,4.125000000000000194e-02
6.748800000000000111e-03,4.156250000000000222e-02
6.758399999999999477e-03,4.187500000000000250e-02
6.767999999999999711e-03,4.218750000000000278e-02
6.777599999999999944e-03,4.218750000000000278e-02
6.787199999999999310e-03,4.250000000000000305e-02
6.796799999999999543e-03,4.281250000000000333e-02
6.806399999999999777e-03,4.250000000000000305e-02
6.816000000000000010e-03,4.187500000000000250e-02
6.825599999999999376e-03,4.187500000000000250e-02
6.835199999999999609e-03,4.093750000000000167e-02
6.844799999999999843e-03,4.000000000000000083e-02
6.854400000000000076e-03,3.875000000000000666e-02
6.863999999999999442e-03,3.750000000000000555e-02
6.873599999999999675e-03,3.656250000000000472e-02
6.883199999999999909e-03,3.468750000000000305e-02
6.892799999999999275e-03,3.281250000000000139e-02
6.902399999999999508e-03,3.093750000000000319e-02
6.911999999999999741e-03,2.937500000000000527e-02
6.921599999999999975e-03,2.843750000000000444e-02
6.931199999999999341e-03,2.656250000000000278e-02
6.940799999999999574e-03,2.531250000000000167e-02
6.950399999999999807e-03,2.406250000000000056e-02
6.960000000000000041e-03,2.250000000000000264e-02
6.969599999999999407e-03,2.250000000000000264e-02
6.979199999999999640e-03,2.093750000000000472e-02
6.988799999999999873e-03,2.062500000000000444e-02
6.998400000000000107e-03,2.000000000000000389e-02
7.007999999999999473e-03,2.000000000000000389e-02
7.017599999999999706e-03,2.062500000000000444e-02
7.027199999999999940e-03,2.062500000000000444e-02
7.036799999999999305e-03,2.125000000000000500e-02
7.046399999999999539e-03,2.250000000000000264e-02
7.055999999999999772e-03,2.312500000000000319e-02
7.065600000000000006e-03,2.406250000000000056e-02
7.075199999999999372e-03,2.531250000000000167e-02
7.084799999999999605e-03,2.625000000000000250e-02
7.094399999999999838e-03,2.718750000000000333e-02
7.104000000000000072e-03,2.812500000000000416e-02
7.113599999999999438e-03,2.937500000000000527e-02
7.123199999999999671e-03,3.000000000000000236e-02
7.132799999999999904e-03,3.062500000000000291e-02
7.142399999999999270e-03,3.125000000000000000e-02
7.151999999999999504e-03,3.187500000000000056e-02
7.161599999999999737e-03,3.218750000000000083e-02
7.171199999999999970e-03,3.250000000000000111e-02
7.180799999999999336e-03,3.281250000000000139e-02
7.190399999999999570e-03,3.281250000000000139e-02
7.199999999999999803e-03,3.250000000000000111e-02
7.209600000000000036e-03,3.250000000000000111e-02
7.219199999999999402e-03,3.218750000000000083e-02
7.228799999999999636e-03,3.125000000000000000e-02
7.238399999999999869e-03,3.000000000000000236e-02
7.248000000000000102e-03,2.906250000000000500e-02
7.257599999999999468e-03,2.781250000000000389e-02
7.267199999999999702e-03,2.656250000000000278e-02
7.276799999999999935e-03,2.593750000000000222e-02
7.286399999999999301e-03,2.500000000000000139e-02
7.295999999999999534e-03,2.343750000000000347e-02
7.305599999999999768e-03,2.156250000000000527e-02
7.315200000000000001e-03,2.093750000000000472e-02
7.324799999999999367e-03,1.968750000000000361e-02
7.334399999999999600e-03,1.906250000000000305e-02
7.343999999999999834e-03,1.812500000000000222e-02
7.353600000000000067e-03,1.781250000000000194e-02
7.363199999999999433e-03,1.687500000000000458e-02
7.372799999999999666e-03,1.687500000000000458e-02
7.382399999999999900e-03,1.718750000000000139e-02
7.391999999999999266e-03,1.718750000000000139e-02
7.401599999999999499e-03,1.750000000000000167e-02
7.411199999999999732e-03,1.875000000000000278e-02
7.420799999999999966e-03,1.875000000000000278e-02
7.430399999999999332e-03,2.031250000000000416e-02
7.439999999999999565e-03,2.125000000000000500e-02
7.449599999999999798e-03,2.187500000000000555e-02
7.459200000000000032e-03,2.343750000000000347e-02
7.468799999999999398e-03,2.468750000000000111e-02
7.478399999999999631e-03,2.593750000000000222e-02
7.487999999999999864e-03,2.656250000000000278e-02
7.497599999999999230e-03,2.812500000000000416e-02
7.507199999999999464e-03,2.906250000000000500e-02
7.516799999999999697e-03,2.968750000000000208e-02
7.526399999999999930e-03,3.031250000000000264e-02
7.535999999999999296e-03,3.125000000000000000e-02
7.545599999999999530e-03,3.156250000000000028e-02
7.555199999999999763e-03,3.187500000000000056e-02
7.564799999999999996e-03,3.250000000000000111e-02
7.574399999999999362e-03,3.281250000000000139e-02
7.583999999999999596e-03,3.281250000000000139e-02
7.593599999999999829e-03,3.250000000000000111e-02
7.603200000000000063e-03,3.218750000000000083e-02
7.612799999999999429e-03,3.156250000000000028e-02
7.622399999999999662e-03,3.093750000000000319e-02
7.631999999999999895e-03,3.000000000000000236e-02
7.641599999999999261e-03,2.906250000000000500e-02
7.651199999999999495e-03,2.781250000000000389e-02
7.660799999999999728e-03,2.718750000000000333e-02
7.670399999999999961e-03,2.531250000000000167e-02
7.679999999999999327e-03,2.437500000000000083e-02
7.689599999999999561e-03,2.312500000000000319e-02
7.699199999999999794e-03,2.187500000000000555e-02
7.708800000000000027e-03,2.093750000000000472e-02
7.718399999999999393e-03,2.031250000000000416e-02
7.727999999999999627e-03,1.937500000000000333e-02
7.737599999999999860e-03,1.906250000000000305e-02
7.747199999999999226e-03,1.875000000000000278e-02
7.756799999999999459e-03,1.843750000000000250e-02
7.766399999999999693e-03,1.906250000000000305e-02
7.775999999999999926e-03,1.906250000000000305e-02
7.785599999999999292e-03,1.937500000000000333e-02
7.795199999999999525e-03,2.062500000000000444e-02
7.804799999999999759e-03,2.125000000000000500e-02
7.814399999999999125e-03,2.281250000000000291e-02
7.823999999999999358e-03,2.343750000000000347e-02
7.833599999999999591e-03,2.468750000000000111e-02
7.843199999999999825e-03,2.625000000000000250e-02
7.852800000000000058e-03,2.687500000000000305e-02
7.862400000000000291e-03,2.843750000000000444e-02
7.871999999999998790e-03,2.937500000000000527e-02
7.881599999999999023e-03,3.000000000000000236e-02
7.891199999999999257e-03,3.093750000000000319e-02
7.900799999999999490e-03,3.156250000000000028e-02
7.910399999999999723e-03,3.187500000000000056e-02
7.919999999999999957e-03,3.250000000000000111e-02
7.929600000000000190e-03,3.312500000000000167e-02
7.939200000000000423e-03,3.312500000000000167e-02
7.948799999999998922e-03,3.312500000000000167e-02
7.958399999999999155e-03,3.281250000000000139e-02
7.967999999999999389e-03,3.218750000000000083e-02
7.977599999999999622e-03,3.187500000000000056e-02
7.987199999999999855e-03,3.125000000000000000e-02
7.996800000000000089e-03,2.968750000000000208e-02
8.006400000000000322e-03,2.843750000000000444e-02
8.015999999999998821e-03,2.718750000000000333e-02
8.025599999999999054e-03,2.562500000000000194e-02
8.035199999999999287e-03,2.406250000000000056e-02
8.044799999999999521e-03,2.281250000000000291e-02
8.054399999999999754e-03,2.125000000000000500e-02
8.063999999999999987e-03,1.937500000000000333e-02
8.073600000000000221e-03,1.843750000000000250e-02
8.083200000000000454e-03,1.750000000000000167e-02
8.092799999999998953e-03,1.656250000000000430e-02
8.102399999999999186e-03,1.562500000000000347e-02
8.111999999999999419e-03,1.437500000000000236e-02
8.121599999999999653e-03,1.375000000000000180e-02
8.131199999999999886e-03,1.312500000000000125e-02
8.140800000000000120e-03,1.218750000000000389e-02
8.150400000000000353e-03,1.187500000000000361e-02
8.159999999999998851e-03,1.093750000000000278e-02
8.169599999999999085e-03,1.093750000000000278e-02
8.179199999999999318e-03,1.031250000000000222e-02
8.188799999999999552e-03,1.031250000000000222e-02
8.198399999999999785e-03,1.062500000000000250e-02
8.208000000000000018e-03,1.125000000000000305e-02
8.217600000000000252e-03,1.156250000000000333e-02
8.227200000000000485e-03,1.156250000000000333e-02
8.236799999999998984e-03,1.218750000000000389e-02
8.246399999999999217e-03,1.312500000000000125e-02
8.255999999999999450e-03,1.343750000000000153e-02
8.265599999999999684e-03,1.406250000000000208e-02
8.275199999999999917e-03,1.468750000000000264e-02
8.284800000000000150e-03,1.468750000000000264e-02
8.294400000000000384e-03,1.531250000000000319e-02
8.303999999999998882e-03,1.531250000000000319e-02
8.313599999999999116e-03,1.531250000000000319e-02
8.323199999999999349e-03,1.500000000000000291e-02
8.332799999999999582e-03,1.468750000000000264e-02
8.342399999999999816e-03,1.437500000000000236e-02
8.352000000000000049e-03,1.406250000000000208e-02
8.361600000000000282e-03,1.312500000000000125e-02
8.371199999999998781e-03,1.250000000000000416e-02
8.380799999999999014e-03,1.156250000000000333e-02
8.390399999999999248e-03,1.093750000000000278e-02
8.399999999999999481e-03,1.093750000000000278e-02
8.409599999999999714e-03,1.000000000000000194e-02
8.419199999999999948e-03,1.000000000000000194e-02
8.428800000000000181e-03,9.375000000000001388e-03
8.438400000000000414e-03,9.375000000000001388e-03
8.447999999999998913e-03,9.375000000000001388e-03
8.457599999999999146e-03,9.375000000000001388e-03
8.467199999999999380e-03,9.375000000000001388e-03
8.476799999999999613e-03,9.375000000000001388e-03
8.486399999999999846e-03,9.062500000000001110e-03
8.496000000000000080e-03,9.062500000000001110e-03
8.505600000000000313e-03,9.062500000000001110e-03
8.515199999999998812e-03,8.750000000000004302e-03
8.524799999999999045e-03,8.437500000000004025e-03
8.534399999999999278e-03,8.125000000000003747e-03
8.543999999999999512e-03,7.812500000000003469e-03
8.553599999999999745e-03,7.500000000000003192e-03
8.563199999999999978e-03,7.187500000000002914e-03
8.572800000000000212e-03,6.875000000000002637e-03
8.582400000000000445e-03,6.562500000000002359e-03
8.591999999999998944e-03,6.562500000000002359e-03
8.601599999999999177e-03,6.562500000000002359e-03
8.611199999999999410e-03,6.562500000000002359e-03
8.620799999999999644e-03,6.562500000000002359e-03
8.630399999999999877e-03,7.187500000000002914e-03
8.640000000000000110e-03,6.875000000000002637e-03
8.649600000000000344e-03,6.875000000000002637e-03
8.659199999999998842e-03,7.187500000000002914e-03
8.668799999999999076e-03,7.187500000000002914e-03
8.678399999999999309e-03,6.875000000000002637e-03
8.687999999999999542e-03,6.875000000000002637e-03
8.697599999999999776e-03,6.875000000000002637e-03
8.707200000000000009e-03,6.250000000000002082e-03
8.716800000000000243e-03,5.937500000000001804e-03
8.726399999999998741e-03,5.625000000000001527e-03
8.735999999999998974e-03,5.625000000000001527e-03
8.745599999999999208e-03,5.625000000000001527e-03
8.755199999999999441e-03,5.312500000000001249e-03
8.764799999999999675e-03,5.625000000000001527e-03
8.774399999999999908e-03,5.625000000000001527e-03
8.784000000000000141e-03,5.937500000000001804e-03
8.793600000000000375e-03,6.562500000000002359e-03
8.803199999999998873e-03,7.500000000000003192e-03
8.812799999999999107e-03,8.125000000000003747e-03
8.822399999999999340e-03,8.750000000000004302e-03
8.831999999999999573e-03,1.031250000000000222e-02
8.841599999999999807e-03,1.125000000000000305e-02
8.851200000000000040e-03,1.187500000000000361e-02
8.860800000000000273e-03,1.250000000000000416e-02
8.870399999999998772e-03,1.375000000000000180e-02
8.879999999999999005e-03,1.375000000000000180e-02
8.889599999999999239e-03,1.437500000000000236e-02
8.899199999999999472e-03,1.437500000000000236e-02
8.908799999999999705e-03,1.406250000000000208e-02
8.918399999999999939e-03,1.375000000000000180e-02
8.928000000000000172e-03,1.312500000000000125e-02
8.937600000000000405e-03,1.281250000000000444e-02
8.947199999999998904e-03,1.218750000000000389e-02
8.956799999999999137e-03,1.156250000000000333e-02
8.966399999999999371e-03,1.093750000000000278e-02
8.975999999999999604e-03,1.031250000000000222e-02
8.985599999999999837e-03,9.687500000000001665e-03
8.995200000000000071e-03,9.687500000000001665e-03
9.004800000000000304e-03,9.062500000000001110e-03
9.014399999999998803e-03,8.750000000000004302e-03
9.023999999999999036e-03,8.750000000000004302e-03
9.033599999999999269e-03,9.062500000000001110e-03
9.043199999999999503e-03,8.750000000000004302e-03
9.052799999999999736e-03,8.437500000000004025e-03
9.062399999999999969e-03,8.437500000000004025e-03
9.072000000000000203e-03,8.437500000000004025e-03
9.081600000000000436e-03,8.125000000000003747e-03
9.091199999999998935e-03,7.812500000000003469e-03
9.100799999999999168e-03,7.500000000000003192e-03
9.110399999999999401e-03,7.500000000000003192e-03
9.119999999999999635e-03,6.562500000000002359e-03
9.129599999999999868e-03,6.562500000000002359e-03
9.139200000000000101e-03,6.562500000000002359e-03
9.148800000000000335e-03,5.937500000000001804e-03
9.158399999999998833e-03,5.625000000000001527e-03
9.167999999999999067e-03,5.937500000000001804e-03
9.177599999999999300e-03,6.250000000000002082e-03
9.187199999999999533e-03,6.562500000000002359e-03
9.196799999999999767e-03,6.562500000000002359e-03
9.206400000000000000e-03,7.500000000000003192e-03
9.216000000000000233e-03,8.125000000000003747e-03
9.225599999999998732e-03,8.750000000000004302e-03
9.235199999999998965e-03,9.062500000000001110e-03
9.244799999999999199e-03,9.375000000000001388e-03
9.254399999999999432e-03,1.031250000000000222e-02
9.263999999999999665e-03,1.062500000000000250e-02
9.273599999999999899e-03,1.062500000000000250e-02
9.283200000000000132e-03,1.062500000000000250e-02
9.292800000000000366e-03,1.031250000000000222e-02
9.302399999999998864e-03,1.000000000000000194e-02
9.311999999999999097e-03,9.687500000000001665e-03
9.321599999999999331e-03,9.062500000000001110e-03
9.331199999999999564e-03,8.750000000000004302e-03
9.340799999999999798e-03,8.125000000000003747e-03
9.350400000000000031e-03,7.812500000000003469e-03
9.360000000000000264e-03,7.500000000000003192e-03
9.369599999999998763e-03,7.500000000000003192e-03
9.379199999999998996e-03,7.500000000000003192e-03
9.388799999999999230e-03,7.500000000000003192e-03
9.398399999999999463e-03,8.125000000000003747e-03
9.407999999999999696e-03,8.125000000000003747e-03
9.417599999999999930e-03,8.125000000000003747e-03
9.427200000000000163e-03,8.750000000000004302e-03
9.436800000000000396e-03,8.437500000000004025e-03
9.446399999999998895e-03,8.750000000000004302e-03
9.455999999999999128e-03,8.750000000000004302e-03
9.465599999999999362e-03,9.062500000000001110e-03
9.475199999999999595e-03,9.062500000000001110e-03
9.484799999999999828e-03,8.750000000000004302e-03
9.494400000000000062e-03,8.437500000000004025e-03
9.504000000000000295e-03,8.125000000000003747e-03
9.513599999999998794e-03,7.812500000000003469e-03
9.523199999999999027e-03,7.500000000000003192e-03
9.532799999999999260e-03,7.187500000000002914e-03
9.542399999999999494e-03,6.562500000000002359e-03
9.551999999999999727e-03,6.562500000000002359e-03
9.561599999999999960e-03,6.250000000000002082e-03
9.571200000000000194e-03,6.250000000000002082e-03
9.580800000000000427e-03,6.562500000000002359e-03
9.590399999999998926e-03,6.875000000000002637e-03
9.599999999999999159e-03,6.562500000000002359e-03
9.609599999999999392e-03,7.187500000000002914e-03
9.619199999999999626e-03,7.812500000000003469e-03
9.628799999999999859e-03,7.812500000000003469e-03
9.638400000000000092e-03,8.437500000000004025e-03
9.648000000000000326e-03,8.750000000000004302e-03
9.657599999999998824e-03,9.062500000000001110e-03
9.667199999999999058e-03,8.750000000000004302e-03
9.676799999999999291e-03,9.062500000000001110e-03
9.686399999999999524e-03,8.750000000000004302e-03
9.695999999999999758e-03,8.437500000000004025e-03
9.705599999999999991e-03,8.125000000000003747e-03
9.715200000000000224e-03,7.500000000000003192e-03
9.724799999999998723e-03,7.500000000000003192e-03
9.734399999999998956e-03,6.875000000000002637e-03
9.743999999999999190e-03,6.562500000000002359e-03
9.753599999999999423e-03,6.250000000000002082e-03
9.763199999999999656e-03,6.250000000000002082e-03
9.772799999999999890e-03,5.937500000000001804e-03
9.782400000000000123e-03,5.937500000000001804e-03
9.792000000000000356e-03,5.937500000000001804e-03
9.801599999999998855e-03,5.937500000000001804e-03
9.811199999999999088e-03,5.625000000000001527e-03
9.820799999999999322e-03,5.312500000000001249e-03
9.830399999999999555e-03,5.312500000000001249e-03
9.839999999999999789e-03,5.000000000000004441e-03
9.849600000000000022e-03,4.687500000000004163e-03
9.859200000000000255e-03,4.375000000000003886e-03
9.868799999999998754e-03,4.375000000000003886e-03
9.878399999999998987e-03,4.687500000000004163e-03
9.887999999999999221e-03,4.375000000000003886e-03
9.897599999999999454e-03,4.375000000000003886e-03
9.907199999999999687e-03,4.375000000000003886e-03
9.916799999999999921e-03,5.625000000000001527e-03
9.926400000000000154e-03,6.250000000000002082e-03
9.936000000000000387e-03,6.562500000000002359e-03
9.945599999999998886e-03,8.125000000000003747e-03
9.955199999999999119e-03,9.687500000000001665e-03
9.964799999999999353e-03,1.125000000000000305e-02
9.974399999999999586e-03,1.250000000000000416e-02
9.983999999999999819e-03,1.312500000000000125e-02
9.993600000000000053e-03,1.468750000000000264e-02
1.000320000000000029e-02,1.687500000000000458e-02
1.001279999999999878e-02,1.781250000000000194e-02
1.002239999999999902e-02,1.906250000000000305e-02
1.003199999999999925e-02,2.062500000000000444e-02
1.004159999999999948e-02,2.156250000000000527e-02
1.005119999999999972e-02,2.218750000000000236e-02
1.006079999999999995e-02,2.250000000000000264e-02
1.007040000000000018e-02,2.250000000000000264e-02
1.007999999999999868e-02,2.250000000000000264e-02
1.008959999999999892e-02,2.218750000000000236e-02
1.009919999999999915e-02,2.156250000000000527e-02
1.010879999999999938e-02,2.031250000000000416e-02
1.011839999999999962e-02,1.968750000000000361e-02
1.012799999999999985e-02,1.875000000000000278e-02
1.013760000000000008e-02,1.718750000000000139e-02
1.014720000000000032e-02,1.625000000000000402e-02
1.015679999999999882e-02,1.531250000000000319e-02
1.016639999999999905e-02,1.468750000000000264e-02
1.017599999999999928e-02,1.312500000000000125e-02
1.018559999999999952e-02,1.312500000000000125e-02
1.019519999999999975e-02,1.187500000000000361e-02
1.020479999999999998e-02,1.093750000000000278e-02
1.021440000000000022e-02,1.062500000000000250e-02
1.022399999999999871e-02,1.031250000000000222e-02
1.023359999999999895e-02,9.062500000000001110e-03
1.024319999999999918e-02,8.750000000000004302e-03
1.025279999999999941e-02,8.750000000000004302e-03
1.026239999999999965e-02,8.437500000000004025e-03
1.027199999999999988e-02,8.125000000000003747e-03
1.028160000000000011e-02,8.125000000000003747e-03
1.029120000000000035e-02,8.125000000000003747e-03
1.030079999999999885e-02,8.437500000000004025e-03
1.031039999999999908e-02,9.687500000000001665e-03
1.031999999999999931e-02,1.000000000000000194e-02
1.032959999999999955e-02,1.156250000000000333e-02
1.033919999999999978e-02,1.218750000000000389e-02
1.034880000000000001e-02,1.312500000000000125e-02
1.035840000000000025e-02,1.468750000000000264e-02
1.036799999999999874e-02,1.593750000000000375e-02
1.037759999999999898e-02,1.812500000000000222e-02
1.038719999999999921e-02,1.937500000000000333e-02
1.039679999999999944e-02,2.031250000000000416e-02
1.040639999999999968e-02,2.156250000000000527e-02
1.041599999999999991e-02,2.218750000000000236e-02
1.042560000000000014e-02,2.343750000000000347e-02
1.043520000000000038e-02,2.406250000000000056e-02
1.044479999999999888e-02,2.437500000000000083e-02
1.045439999999999911e-02,2.437500000000000083e-02
1.046399999999999934e-02,2.375000000000000375e-02
1.047359999999999958e-02,2.343750000000000347e-02
1.048319999999999981e-02,2.281250000000000291e-02
1.049280000000000004e-02,2.187500000000000555e-02
1.050240000000000028e-02,2.125000000000000500e-02
1.051199999999999878e-02,1.968750000000000361e-02
1.052159999999999901e-02,1.906250000000000305e-02
1.053119999999999924e-02,1.781250000000000194e-02
1.054079999999999948e-02,1.656250000000000430e-02
1.055039999999999971e-02,1.625000000000000402e-02
1.055999999999999994e-02,1.468750000000000264e-02
1.056960000000000018e-02,1.406250000000000208e-02
1.057919999999999867e-02,1.343750000000000153e-02
1.058879999999999891e-02,1.250000000000000416e-02
1.059839999999999914e-02,1.187500000000000361e-02
1.060799999999999937e-02,1.125000000000000305e-02
1.061759999999999961e-02,1.093750000000000278e-02
1.062719999999999984e-02,1.062500000000000250e-02
1.063680000000000007e-02,1.000000000000000194e-02
1.064640000000000031e-02,1.000000000000000194e-02
1.065599999999999881e-02,1.000000000000000194e-02
1.066559999999999904e-02,1.000000000000000194e-02
1.067519999999999927e-02,1.000000000000000194e-02
1.068479999999999951e-02,1.062500000000000250e-02
1.069439999999999974e-02,1.125000000000000305e-02
1.070399999999999997e-02,1.187500000000000361e-02
1.071360000000000021e-02,1.343750000000000153e-02
1.072319999999999870e-02,1.468750000000000264e-02
1.073279999999999894e-02,1.562500000000000347e-02
1.074239999999999917e-02,1.718750000000000139e-02
1.075199999999999941e-02,1.843750000000000250e-02
1.076159999999999964e-02,1.968750000000000361e-02
1.077119999999999987e-02,2.062500000000000444e-02
1.078080000000000011e-02,2.218750000000000236e-02
1.079040000000000034e-02,2.281250000000000291e-02
1.079999999999999884e-02,2.406250000000000056e-02
1.080959999999999907e-02,2.437500000000000083e-02
1.081919999999999930e-02,2.468750000000000111e-02
1.082879999999999954e-02,2.500000000000000139e-02
1.083839999999999977e-02,2.500000000000000139e-02
1.084800000000000000e-02,2.406250000000000056e-02
1.085760000000000024e-02,2.406250000000000056e-02
1.086719999999999874e-02,2.312500000000000319e-02
1.087679999999999897e-02,2.218750000000000236e-02
1.088639999999999920e-02,2.093750000000000472e-02
1.089599999999999944e-02,1.968750000000000361e-02
1.090559999999999967e-02,1.843750000000000250e-02
1.091519999999999990e-02,1.718750000000000139e-02
1.092480000000000014e-02,1.656250000000000430e-02
1.093440000000000037e-02,1.562500000000000347e-02
1.094399999999999887e-02,1.406250000000000208e-02
1.095359999999999910e-02,1.343750000000000153e-02
1.096319999999999933e-02,1.281250000000000444e-02
1.097279999999999957e-02,1.187500000000000361e-02
1.098239999999999980e-02,1.125000000000000305e-02
1.099200000000000003e-02,1.093750000000000278e-02
1.100160000000000027e-02,1.000000000000000194e-02
1.101119999999999877e-02,9.375000000000001388e-03
1.102079999999999900e-02,9.062500000000001110e-03
1.103039999999999923e-02,8.750000000000004302e-03
1.103999999999999947e-02,8.750000000000004302e-03
1.104959999999999970e-02,9.062500000000001110e-03
1.105919999999999993e-02,8.750000000000004302e-03
1.106880000000000017e-02,9.375000000000001388e-03
1.107839999999999867e-02,1.000000000000000194e-02
1.108799999999999890e-02,1.125000000000000305e-02
1.109759999999999913e-02,1.281250000000000444e-02
1.110719999999999937e-02,1.312500000000000125e-02
1.111679999999999960e-02,1.562500000000000347e-02
1.112639999999999983e-02,1.687500000000000458e-02
1.113600000000000007e-02,1.843750000000000250e-02
1.114560000000000030e-02,1.968750000000000361e-02
1.115519999999999880e-02,2.125000000000000500e-02
1.116479999999999903e-02,2.250000000000000264e-02
1.117439999999999926e-02,2.406250000000000056e-02
1.118399999999999950e-02,2.468750000000000111e-02
1.119359999999999973e-02,2.593750000000000222e-02
1.120319999999999996e-02,2.625000000000000250e-02
1.121280000000000020e-02,2.687500000000000305e-02
1.122239999999999870e-02,2.718750000000000333e-02
1.123199999999999893e-02,2.718750000000000333e-02
1.124159999999999916e-02,2.687500000000000305e-02
1.125119999999999940e-02,2.625000000000000250e-02
1.126079999999999963e-02,2.562500000000000194e-02
1.127039999999999986e-02,2.500000000000000139e-02
1.128000000000000010e-02,2.437500000000000083e-02
1.128960000000000033e-02,2.312500000000000319e-02
1.129919999999999883e-02,2.218750000000000236e-02
1.130879999999999906e-02,2.093750000000000472e-02
1.131839999999999929e-02,1.968750000000000361e-02
1.132799999999999953e-02,1.875000000000000278e-02
1.133759999999999976e-02,1.812500000000000222e-02
1.134719999999999999e-02,1.718750000000000139e-02
1.135680000000000023e-02,1.593750000000000375e-02
1.136639999999999873e-02,1.593750000000000375e-02
1.137599999999999896e-02,1.500000000000000291e-02
1.138559999999999919e-02,1.437500000000000236e-02
1.139519999999999943e-02,1.406250000000000208e-02
1.140479999999999966e-02,1.375000000000000180e-02
1.141439999999999989e-02,1.406250000000000208e-02
1.142400000000000013e-02,1.406250000000000208e-02
1.143359999999999863e-02,1.406250000000000208e-02
1.144319999999999886e-02,1.500000000000000291e-02
1.145279999999999909e-02,1.593750000000000375e-02
1.146239999999999933e-02,1.718750000000000139e-02
1.147199999999999956e-02,1.781250000000000194e-02
1.148159999999999979e-02,2.031250000000000416e-02
1.149120000000000003e-02,2.125000000000000500e-02
1.150080000000000026e-02,2.312500000000000319e-02
1.151039999999999876e-02,2.500000000000000139e-02
1.151999999999999899e-02,1.687500000000000458e-02
1.152959999999999922e-02,1.875000000000000278e-02
1.153919999999999946e-02,1.968750000000000361e-02
1.154879999999999969e-02,2.187500000000000555e-02
1.155839999999999992e-02,2.281250000000000291e-02
1.156800000000000016e-02,2.406250000000000056e-02
1.157759999999999866e-02,2.531250000000000167e-02
1.158719999999999889e-02,2.593750000000000222e-02
1.159679999999999912e-02,2.656250000000000278e-02
1.160639999999999936e-02,2.687500000000000305e-02
1.161599999999999959e-02,2.687500000000000305e-02
1.162559999999999982e-02,2.718750000000000333e-02
1.163520000000000006e-02,2.687500000000000305e-02
1.164480000000000029e-02,2.593750000000000222e-02
1.165439999999999879e-02,2.562500000000000194e-02
1.166399999999999902e-02,2.468750000000000111e-02
1.167359999999999925e-02,2.375000000000000375e-02
1.168319999999999949e-02,2.250000000000000264e-02
1.169279999999999972e-02,2.156250000000000527e-02
1.170239999999999995e-02,2.125000000000000500e-02
1.171200000000000019e-02,1.968750000000000361e-02
1.172159999999999869e-02,1.875000000000000278e-02
1.173119999999999892e-02,1.781250000000000194e-02
1.174079999999999915e-02,1.718750000000000139e-02
1.175039999999999939e-02,1.687500000000000458e-02
1.175999999999999962e-02,1.593750000000000375e-02
1.176959999999999985e-02,1.562500000000000347e-02
1.177920000000000009e-02,1.562500000000000347e-02
1.178880000000000032e-02,1.531250000000000319e-02
1.179839999999999882e-02,1.531250000000000319e-02
1.180799999999999905e-02,1.531250000000000319e-02
1.181759999999999929e-02,1.593750000000000375e-02
1.182719999999999952e-02,1.656250000000000430e-02
1.183679999999999975e-02,1.781250000000000194e-02
1.184639999999999999e-02,1.875000000000000278e-02
1.185600000000000022e-02,2.031250000000000416e-02
1.186559999999999872e-02,2.187500000000000555e-02
1.187519999999999895e-02,2.281250000000000291e-02
1.188479999999999918e-02,2.437500000000000083e-02
1.189439999999999942e-02,2.593750000000000222e-02
1.190399999999999965e-02,2.687500000000000305e-02
1.191359999999999988e-02,2.875000000000000472e-02
1.192320000000000012e-02,2.937500000000000527e-02
1.193279999999999862e-02,3.062500000000000291e-02
1.194239999999999885e-02,3.218750000000000083e-02
1.195199999999999908e-02,3.312500000000000167e-02
1.196159999999999932e-02,3.406250000000000250e-02
1.197119999999999955e-02,3.468750000000000305e-02
1.198079999999999978e-02,3.500000000000000333e-02
1.199040000000000002e-02,3.593750000000000416e-02
1.200000000000000025e-02,3.625000000000000444e-02
1.200959999999999875e-02,3.625000000000000444e-02
1.201919999999999898e-02,3.593750000000000416e-02
1.202879999999999922e-02,3.593750000000000416e-02
1.203839999999999945e-02,3.531250000000000361e-02
1.204799999999999968e-02,3.468750000000000305e-02
1.205759999999999992e-02,3.343750000000000194e-02
1.206720000000000015e-02,3.281250000000000139e-02
1.207679999999999865e-02,3.093750000000000319e-02
1.208639999999999888e-02,3.031250000000000264e-02
1.209599999999999911e-02,2.906250000000000500e-02
1.210559999999999935e-02,2.843750000000000444e-02
1.211519999999999958e-02,2.718750000000000333e-02
1.212479999999999981e-02,2.625000000000000250e-02
1.213440000000000005e-02,2.531250000000000167e-02
1.214400000000000028e-02,2.500000000000000139e-02
1.215359999999999878e-02,2.437500000000000083e-02
1.216319999999999901e-02,2.406250000000000056e-02
1.217279999999999925e-02,2.343750000000000347e-02
1.218239999999999948e-02,2.375000000000000375e-02
1.219199999999999971e-02,2.375000000000000375e-02
1.220159999999999995e-02,2.437500000000000083e-02
1.221120000000000018e-02,2.468750000000000111e-02
1.222079999999999868e-02,2.562500000000000194e-02
1.223039999999999891e-02,2.625000000000000250e-02
1.223999999999999914e-02,2.718750000000000333e-02
1.224959999999999938e-02,2.843750000000000444e-02
1.225919999999999961e-02,2.937500000000000527e-02
1.226879999999999984e-02,3.093750000000000319e-02
1.227840000000000008e-02,3.250000000000000111e-02
1.228800000000000031e-02,3.312500000000000167e-02
1.229759999999999881e-02,3.406250000000000250e-02
1.230719999999999904e-02,3.531250000000000361e-02
1.231679999999999928e-02,3.656250000000000472e-02
1.232639999999999951e-02,3.718750000000000527e-02
1.233599999999999974e-02,3.750000000000000555e-02
1.234559999999999998e-02,3.843750000000000638e-02
1.235520000000000021e-02,3.906250000000000000e-02
1.236479999999999871e-02,3.968750000000000056e-02
1.237439999999999894e-02,3.968750000000000056e-02
1.238399999999999918e-02,3.968750000000000056e-02
1.239359999999999941e-02,3.968750000000000056e-02
1.240319999999999964e-02,3.906250000000000000e-02
1.241279999999999988e-02,3.843750000000000638e-02
1.242240000000000011e-02,3.687500000000000500e-02
1.243199999999999861e-02,3.625000000000000444e-02
1.244159999999999884e-02,3.406250000000000250e-02
1.245119999999999907e-02,3.312500000000000167e-02
1.246079999999999931e-02,3.187500000000000056e-02
1.247039999999999954e-02,3.031250000000000264e-02
1.247999999999999977e-02,2.843750000000000444e-02
1.248960000000000001e-02,2.687500000000000305e-02
1.249920000000000024e-02,2.562500000000000194e-02
1.250879999999999874e-02,2.468750000000000111e-02
1.251839999999999897e-02,2.375000000000000375e-02
1.252799999999999921e-02,2.250000000000000264e-02
1.253759999999999944e-02,2.125000000000000500e-02
1.254719999999999967e-02,2.062500000000000444e-02
1.255679999999999991e-02,2.000000000000000389e-02
1.256640000000000014e-02,1.937500000000000333e-02
1.257599999999999864e-02,1.937500000000000333e-02
1.258559999999999887e-02,1.875000000000000278e-02
1.259519999999999910e-02,1.875000000000000278e-02
1.260479999999999934e-02,1.937500000000000333e-02
1.261439999999999957e-02,1.968750000000000361e-02
1.262399999999999980e-02,2.062500000000000444e-02
1.263360000000000004e-02,2.125000000000000500e-02
1.264320000000000027e-02,2.218750000000000236e-02
1.265279999999999877e-02,2.281250000000000291e-02
1.266239999999999900e-02,2.437500000000000083e-02
1.267199999999999924e-02,2.531250000000000167e-02
1.268159999999999947e-02,2.656250000000000278e-02
1.269119999999999970e-02,2.718750000000000333e-02
1.270079999999999994e-02,2.843750000000000444e-02
1.271040000000000017e-02,2.968750000000000208e-02
1.271999999999999867e-02,3.062500000000000291e-02
1.272959999999999890e-02,3.093750000000000319e-02
1.273919999999999914e-02,3.156250000000000028e-02
1.274879999999999937e-02,3.187500000000000056e-02
1.275839999999999960e-02,3.218750000000000083e-02
1.276799999999999984e-02,3.156250000000000028e-02
1.277760000000000007e-02,3.093750000000000319e-02
1.278719999999999857e-02,3.062500000000000291e-02
1.279679999999999880e-02,2.937500000000000527e-02
1.280639999999999903e-02,2.875000000000000472e-02
1.281599999999999927e-02,2.687500000000000305e-02
1.282559999999999950e-02,2.656250000000000278e-02
1.283519999999999973e-02,2.531250000000000167e-02
1.284479999999999997e-02,2.406250000000000056e-02
1.285440000000000020e-02,2.187500000000000555e-02
1.286399999999999870e-02,2.125000000000000500e-02
1.287359999999999893e-02,2.031250000000000416e-02
1.288319999999999917e-02,1.875000000000000278e-02
1.289279999999999940e-02,1.843750000000000250e-02
1.290239999999999963e-02,1.718750000000000139e-02
1.291199999999999987e-02,1.625000000000000402e-02
1.292160000000000010e-02,1.562500000000000347e-02
1.293119999999999860e-02,1.500000000000000291e-02
1.294079999999999883e-02,1.468750000000000264e-02
1.295039999999999906e-02,1.437500000000000236e-02
1.295999999999999930e-02,1.468750000000000264e-02
1.296959999999999953e-02,1.531250000000000319e-02
1.297919999999999977e-02,1.562500000000000347e-02
1.298880000000000000e-02,1.687500000000000458e-02
1.299840000000000023e-02,1.812500000000000222e-02
1.300799999999999873e-02,1.906250000000000305e-02
1.301759999999999896e-02,2.062500000000000444e-02
1.302719999999999920e-02,2.156250000000000527e-02
1.303679999999999943e-02,2.312500000000000319e-02
1.304639999999999966e-02,2.468750000000000111e-02
1.305599999999999990e-02,2.593750000000000222e-02
1.306560000000000013e-02,2.812500000000000416e-02
1.307519999999999863e-02,2.937500000000000527e-02
1.308479999999999886e-02,3.031250000000000264e-02
1.309439999999999910e-02,3.156250000000000028e-02
1.310399999999999933e-02,3.250000000000000111e-02
1.311359999999999956e-02,3.343750000000000194e-02
1.312319999999999980e-02,3.468750000000000305e-02
1.313280000000000003e-02,3.562500000000000389e-02
1.314240000000000026e-02,3.593750000000000416e-02
1.315199999999999876e-02,3.625000000000000444e-02
1.316159999999999899e-02,3.656250000000000472e-02
1.317119999999999923e-02,3.656250000000000472e-02
1.318079999999999946e-02,3.625000000000000444e-02
1.319039999999999969e-02,3.593750000000000416e-02
1.319999999999999993e-02,3.531250000000000361e-02
1.320960000000000016e-02,3.468750000000000305e-02
1.321919999999999866e-02,3.375000000000000222e-02
1.322879999999999889e-02,3.281250000000000139e-02
1.323839999999999913e-02,3.156250000000000028e-02
1.324799999999999936e-02,3.031250000000000264e-02
1.325759999999999959e-02,2.968750000000000208e-02
1.326719999999999983e-02,2.843750000000000444e-02
1.327680000000000006e-02,2.812500000000000416e-02
1.328639999999999856e-02,2.687500000000000305e-02
1.329599999999999879e-02,2.656250000000000278e-02
1.330559999999999903e-02,2.625000000000000250e-02
1.331519999999999926e-02,2.593750000000000222e-02
1.332479999999999949e-02,2.562500000000000194e-02
1.333439999999999973e-02,2.593750000000000222e-02
1.334399999999999996e-02,2.593750000000000222e-02
1.335360000000000019e-02,2.656250000000000278e-02
1.336319999999999869e-02,2.718750000000000333e-02
1.337279999999999892e-02,2.812500000000000416e-02
1.338239999999999916e-02,2.906250000000000500e-02
1.339199999999999939e-02,2.968750000000000208e-02
1.340159999999999962e-02,3.125000000000000000e-02
1.341119999999999986e-02,3.218750000000000083e-02
1.342080000000000009e-02,3.375000000000000222e-02
1.343039999999999859e-02,3.437500000000000278e-02
1.343999999999999882e-02,3.562500000000000389e-02
1.344959999999999906e-02,3.625000000000000444e-02
1.345919999999999929e-02,3.718750000000000527e-02
1.346879999999999952e-02,3.750000000000000555e-02
1.347839999999999976e-02,3.843750000000000638e-02
1.348799999999999999e-02,3.875000000000000666e-02
1.349760000000000022e-02,3.968750000000000056e-02
1.350719999999999872e-02,4.000000000000000083e-02
1.351679999999999895e-02,4.062500000000000139e-02
1.352639999999999919e-02,4.125000000000000194e-02
1.353599999999999942e-02,4.093750000000000167e-02
1.354559999999999965e-02,4.125000000000000194e-02
1.355519999999999989e-02,4.125000000000000194e-02
1.356480000000000012e-02,4.125000000000000194e-02
1.357439999999999862e-02,4.062500000000000139e-02
1.358399999999999885e-02,3.968750000000000056e-02
1.359359999999999909e-02,3.875000000000000666e-02
1.360319999999999932e-02,3.781250000000000583e-02
1.361279999999999955e-02,3.718750000000000527e-02
1.362239999999999979e-02,3.593750000000000416e-02
1.363200000000000002e-02,3.500000000000000333e-02
1.364159999999999852e-02,3.375000000000000222e-02
1.365119999999999875e-02,3.250000000000000111e-02
1.366079999999999899e-02,3.187500000000000056e-02
1.367039999999999922e-02,3.125000000000000000e-02
1.367999999999999945e-02,3.031250000000000264e-02
1.368959999999999969e-02,3.031250000000000264e-02
1.369919999999999992e-02,3.000000000000000236e-02
1.370880000000000015e-02,2.968750000000000208e-02
1.371839999999999865e-02,2.968750000000000208e-02
1.372799999999999888e-02,3.000000000000000236e-02
1.373759999999999912e-02,3.062500000000000291e-02
1.374719999999999935e-02,3.125000000000000000e-02
1.375679999999999958e-02,3.187500000000000056e-02
1.376639999999999982e-02,3.250000000000000111e-02
1.377600000000000005e-02,3.312500000000000167e-02
1.378559999999999855e-02,3.406250000000000250e-02
1.379519999999999878e-02,3.531250000000000361e-02
1.380479999999999902e-02,3.625000000000000444e-02
1.381439999999999925e-02,3.718750000000000527e-02
1.382399999999999948e-02,3.781250000000000583e-02
1.383359999999999972e-02,3.843750000000000638e-02
1.384319999999999995e-02,3.906250000000000000e-02
1.385280000000000018e-02,3.937500000000000722e-02
1.386239999999999868e-02,3.968750000000000056e-02
1.387199999999999891e-02,4.031250000000000111e-02
1.388159999999999915e-02,4.093750000000000167e-02
1.389119999999999938e-02,4.125000000000000194e-02
1.390079999999999961e-02,4.187500000000000250e-02
1.391039999999999985e-02,4.218750000000000278e-02
1.392000000000000008e-02,4.281250000000000333e-02
1.392959999999999858e-02,4.281250000000000333e-02
1.393919999999999881e-02,4.281250000000000333e-02
1.394879999999999905e-02,4.281250000000000333e-02
1.395839999999999928e-02,4.218750000000000278e-02
1.396799999999999951e-02,4.187500000000000250e-02
1.397759999999999975e-02,4.093750000000000167e-02
1.398719999999999998e-02,4.062500000000000139e-02
1.399680000000000021e-02,3.968750000000000056e-02
1.400639999999999871e-02,3.812500000000000611e-02
1.401599999999999895e-02,3.781250000000000583e-02
1.402559999999999918e-02,3.593750000000000416e-02
1.403519999999999941e-02,3.531250000000000361e-02
1.404479999999999965e-02,3.468750000000000305e-02
1.405439999999999988e-02,3.375000000000000222e-02
1.406400000000000011e-02,3.343750000000000194e-02
1.407359999999999861e-02,3.218750000000000083e-02
1.408319999999999884e-02,3.218750000000000083e-02
1.409279999999999908e-02,3.218750000000000083e-02
1.410239999999999931e-02,3.218750000000000083e-02
1.411199999999999954e-02,3.187500000000000056e-02
1.412159999999999978e-02,3.250000000000000111e-02
1.413120000000000001e-02,3.281250000000000139e-02
1.414079999999999851e-02,3.343750000000000194e-02
1.415039999999999874e-02,3.437500000000000278e-02
1.415999999999999898e-02,3.562500000000000389e-02
1.416959999999999921e-02,3.625000000000000444e-02
1.417919999999999944e-02,3.687500000000000500e-02
1.418879999999999968e-02,3.812500000000000611e-02
1.419839999999999991e-02,3.843750000000000638e-02
1.420800000000000014e-02,3.906250000000000000e-02
1.421759999999999864e-02,3.968750000000000056e-02
1.422719999999999888e-02,4.031250000000000111e-02
1.423679999999999911e-02,4.062500000000000139e-02
1.424639999999999934e-02,4.093750000000000167e-02
1.425599999999999958e-02,4.125000000000000194e-02
1.426559999999999981e-02,4.187500000000000250e-02
1.427520000000000004e-02,4.250000000000000305e-02
1.428479999999999854e-02,4.250000000000000305e-02
1.429439999999999877e-02,4.281250000000000333e-02
1.430399999999999901e-02,4.312500000000000361e-02
1.431359999999999924e-02,4.343750000000000389e-02
1.432319999999999947e-02,4.343750000000000389e-02
1.433279999999999971e-02,4.312500000000000361e-02
1.434239999999999994e-02,4.218750000000000278e-02
1.435200000000000017e-02,4.156250000000000222e-02
1.436159999999999867e-02,4.062500000000000139e-02
1.437119999999999891e-02,3.968750000000000056e-02
1.438079999999999914e-02,3.781250000000000583e-02
1.439039999999999937e-02,3.687500000000000500e-02
1.439999999999999961e-02,3.656250000000000472e-02
1.440959999999999984e-02,3.500000000000000333e-02
1.441920000000000007e-02,3.437500000000000278e-02
1.442879999999999857e-02,3.281250000000000139e-02
1.443839999999999880e-02,3.218750000000000083e-02
1.444799999999999904e-02,3.093750000000000319e-02
1.445759999999999927e-02,3.031250000000000264e-02
1.446719999999999950e-02,3.000000000000000236e-02
1.447679999999999974e-02,3.000000000000000236e-02
1.448639999999999997e-02,2.937500000000000527e-02
1.449600000000000020e-02,2.968750000000000208e-02
1.450559999999999870e-02,2.968750000000000208e-02
1.451519999999999894e-02,3.031250000000000264e-02
1.452479999999999917e-02,3.093750000000000319e-02
1.453439999999999940e-02,3.156250000000000028e-02
1.454399999999999964e-02,3.218750000000000083e-02
1.455359999999999987e-02,3.312500000000000167e-02
1.456320000000000010e-02,3.437500000000000278e-02
1.457279999999999860e-02,3.500000000000000333e-02
1.458239999999999884e-02,3.562500000000000389e-02
1.459199999999999907e-02,3.656250000000000472e-02
1.460159999999999930e-02,3.718750000000000527e-02
1.461119999999999954e-02,3.812500000000000611e-02
1.462079999999999977e-02,3.843750000000000638e-02
1.463040000000000000e-02,3.906250000000000000e-02
1.463999999999999850e-02,3.937500000000000722e-02
1.464959999999999873e-02,4.000000000000000083e-02
1.465919999999999897e-02,4.062500000000000139e-02
1.466879999999999920e-02,4.093750000000000167e-02
1.467839999999999943e-02,4.156250000000000222e-02
1.468799999999999967e-02,4.218750000000000278e-02
1.469759999999999990e-02,4.218750000000000278e-02
1.470720000000000013e-02,4.312500000000000361e-02
1.471679999999999863e-02,4.281250000000000333e-02
1.472639999999999887e-02,4.281250000000000333e-02
1.473599999999999910e-02,4.281250000000000333e-02
1.474559999999999933e-02,4.250000000000000305e-02
1.475519999999999957e-02,4.218750000000000278e-02
1.476479999999999980e-02,4.156250000000000222e-02
1.477440000000000003e-02,4.125000000000000194e-02
1.478399999999999853e-02,4.093750000000000167e-02
1.479359999999999876e-02,4.031250000000000111e-02
1.480319999999999900e-02,3.968750000000000056e-02
1.481279999999999923e-02,3.937500000000000722e-02
1.482239999999999946e-02,3.937500000000000722e-02
1.483199999999999970e-02,3.906250000000000000e-02
1.484159999999999993e-02,3.906250000000000000e-02
1.485120000000000016e-02,3.875000000000000666e-02
1.486079999999999866e-02,3.937500000000000722e-02
1.487039999999999890e-02,3.968750000000000056e-02
1.487999999999999913e-02,4.000000000000000083e-02
1.488959999999999936e-02,4.031250000000000111e-02
1.489919999999999960e-02,4.093750000000000167e-02
1.490879999999999983e-02,4.125000000000000194e-02
1.491840000000000006e-02,4.156250000000000222e-02
1.492799999999999856e-02,4.156250000000000222e-02
1.493759999999999880e-02,4.187500000000000250e-02
1.494719999999999903e-02,4.218750000000000278e-02
1.495679999999999926e-02,4.187500000000000250e-02
1.496639999999999950e-02,4.156250000000000222e-02
1.497599999999999973e-02,4.062500000000000139e-02
1.498559999999999996e-02,3.968750000000000056e-02
1.499519999999999846e-02,3.906250000000000000e-02
1.500479999999999869e-02,3.843750000000000638e-02
1.501439999999999893e-02,3.781250000000000583e-02
1.502399999999999916e-02,3.656250000000000472e-02
1.503359999999999939e-02,3.625000000000000444e-02
1.504319999999999963e-02,3.625000000000000444e-02
1.505279999999999986e-02,3.562500000000000389e-02
1.506240000000000009e-02,3.593750000000000416e-02
1.507199999999999859e-02,3.593750000000000416e-02
1.508159999999999883e-02,3.625000000000000444e-02
1.509119999999999906e-02,3.687500000000000500e-02
1.510079999999999929e-02,3.718750000000000527e-02
1.511039999999999953e-02,3.781250000000000583e-02
1.511999999999999976e-02,3.843750000000000638e-02
1.512959999999999999e-02,3.843750000000000638e-02
1.513919999999999849e-02,3.937500000000000722e-02
1.514879999999999872e-02,3.937500000000000722e-02
1.515839999999999896e-02,3.968750000000000056e-02
1.516799999999999919e-02,3.968750000000000056e-02
1.517759999999999942e-02,4.000000000000000083e-02
1.518719999999999966e-02,4.000000000000000083e-02
1.519679999999999989e-02,4.000000000000000083e-02
1.520640000000000013e-02,4.031250000000000111e-02
1.521599999999999862e-02,4.031250000000000111e-02
1.522559999999999886e-02,4.062500000000000139e-02
1.523519999999999909e-02,4.062500000000000139e-02
1.524479999999999932e-02,4.093750000000000167e-02
1.525439999999999956e-02,4.125000000000000194e-02
1.526399999999999979e-02,4.125000000000000194e-02
1.527360000000000002e-02,4.156250000000000222e-02
1.528319999999999852e-02,4.187500000000000250e-02
1.529279999999999876e-02,4.218750000000000278e-02
1.530239999999999899e-02,4.218750000000000278e-02
1.531199999999999922e-02,4.281250000000000333e-02
1.532159999999999946e-02,4.281250000000000333e-02
1.533119999999999969e-02,4.218750000000000278e-02
1.534079999999999992e-02,4.187500000000000250e-02
1.535040000000000016e-02,4.156250000000000222e-02
1.535999999999999865e-02,4.125000000000000194e-02
1.536959999999999889e-02,4.062500000000000139e-02
1.537919999999999912e-02,4.000000000000000083e-02
1.538879999999999935e-02,3.937500000000000722e-02
1.539839999999999959e-02,3.843750000000000638e-02
1.540799999999999982e-02,3.843750000000000638e-02
1.541760000000000005e-02,3.812500000000000611e-02
1.542719999999999855e-02,3.812500000000000611e-02
1.543679999999999879e-02,3.812500000000000611e-02
1.544639999999999902e-02,3.843750000000000638e-02
1.545599999999999925e-02,3.843750000000000638e-02
1.546559999999999949e-02,3.875000000000000666e-02
1.547519999999999972e-02,3.937500000000000722e-02
1.548479999999999995e-02,3.968750000000000056e-02
1.549439999999999845e-02,4.062500000000000139e-02
1.550399999999999869e-02,4.093750000000000167e-02
1.551359999999999892e-02,4.093750000000000167e-02
1.552319999999999915e-02,4.093750000000000167e-02
1.553279999999999939e-02,4.093750000000000167e-02
1.554239999999999962e-02,4.125000000000000194e-02
1.555199999999999985e-02,4.093750000000000167e-02
1.556160000000000009e-02,4.093750000000000167e-02
1.557119999999999858e-02,4.031250000000000111e-02
1.558079999999999882e-02,4.031250000000000111e-02
1.559039999999999905e-02,4.000000000000000083e-02
1.559999999999999928e-02,4.000000000000000083e-02
1.560959999999999952e-02,3.968750000000000056e-02
1.561919999999999975e-02,3.968750000000000056e-02
1.562879999999999825e-02,3.968750000000000056e-02
1.563840000000000022e-02,4.000000000000000083e-02
1.564799999999999872e-02,4.000000000000000083e-02
1.565760000000000068e-02,4.031250000000000111e-02
1.566719999999999918e-02,4.093750000000000167e-02
1.567679999999999768e-02,4.125000000000000194e-02
1.568639999999999965e-02,4.187500000000000250e-02
1.569599999999999815e-02,4.218750000000000278e-02
1.570560000000000012e-02,4.250000000000000305e-02
1.571519999999999861e-02,4.312500000000000361e-02
1.572480000000000058e-02,4.281250000000000333e-02
1.573439999999999908e-02,4.312500000000000361e-02
1.574399999999999758e-02,4.312500000000000361e-02
1.575359999999999955e-02,4.312500000000000361e-02
1.576319999999999805e-02,4.281250000000000333e-02
1.577280000000000001e-02,4.250000000000000305e-02
1.578239999999999851e-02,4.250000000000000305e-02
1.579200000000000048e-02,4.187500000000000250e-02
1.580159999999999898e-02,4.218750000000000278e-02
1.581120000000000095e-02,4.218750000000000278e-02
1.582079999999999945e-02,4.187500000000000250e-02
1.583039999999999795e-02,4.250000000000000305e-02
1.583999999999999991e-02,4.218750000000000278e-02
1.584959999999999841e-02,4.281250000000000333e-02
1.585920000000000038e-02,4.281250000000000333e-02
1.586879999999999888e-02,4.281250000000000333e-02
1.587840000000000085e-02,4.281250000000000333e-02
1.588799999999999935e-02,4.281250000000000333e-02
1.589759999999999784e-02,4.250000000000000305e-02
1.590719999999999981e-02,4.218750000000000278e-02
1.591679999999999831e-02,4.187500000000000250e-02
1.592640000000000028e-02,4.125000000000000194e-02
1.593599999999999878e-02,4.062500000000000139e-02
1.594560000000000075e-02,4.031250000000000111e-02
1.595519999999999924e-02,3.968750000000000056e-02
1.596479999999999774e-02,3.937500000000000722e-02
1.597439999999999971e-02,3.906250000000000000e-02
1.598399999999999821e-02,3.875000000000000666e-02
1.599360000000000018e-02,3.843750000000000638e-02
1.600319999999999868e-02,3.843750000000000638e-02
1.601280000000000064e-02,3.843750000000000638e-02
1.602239999999999914e-02,3.906250000000000000e-02
1.603199999999999764e-02,3.906250000000000000e-02
1.604159999999999961e-02,3.937500000000000722e-02
1.605119999999999811e-02,3.968750000000000056e-02
1.606080000000000008e-02,4.031250000000000111e-02
1.607039999999999857e-02,4.093750000000000167e-02
1.608000000000000054e-02,4.125000000000000194e-02
1.608959999999999904e-02,4.156250000000000222e-02
1.609919999999999754e-02,4.156250000000000222e-02
1.610879999999999951e-02,4.156250000000000222e-02
1.611839999999999801e-02,4.156250000000000222e-02
1.612799999999999997e-02,4.093750000000000167e-02
1.613759999999999847e-02,4.031250000000000111e-02
1.614720000000000044e-02,4.000000000000000083e-02
1.615679999999999894e-02,3.937500000000000722e-02
1.616640000000000091e-02,3.875000000000000666e-02
1.617599999999999941e-02,3.812500000000000611e-02
1.618559999999999791e-02,3.781250000000000583e-02
1.619519999999999987e-02,3.750000000000000555e-02
1.620479999999999837e-02,3.750000000000000555e-02
1.621440000000000034e-02,3.718750000000000527e-02
1.622399999999999884e-02,3.750000000000000555e-02
1.623360000000000081e-02,3.812500000000000611e-02
1.624319999999999931e-02,3.843750000000000638e-02
1.625279999999999780e-02,3.937500000000000722e-02
1.626239999999999977e-02,3.968750000000000056e-02
1.627199999999999827e-02,4.031250000000000111e-02
1.628160000000000024e-02,4.093750000000000167e-02
1.629119999999999874e-02,4.093750000000000167e-02
1.630080000000000071e-02,4.187500000000000250e-02
1.631039999999999920e-02,4.156250000000000222e-02
1.631999999999999770e-02,4.218750000000000278e-02
1.632959999999999967e-02,4.250000000000000305e-02
1.633919999999999817e-02,4.250000000000000305e-02
1.634880000000000014e-02,4.281250000000000333e-02
1.635839999999999864e-02,4.281250000000000333e-02
1.636800000000000060e-02,4.281250000000000333e-02
1.637759999999999910e-02,4.312500000000000361e-02
1.638719999999999760e-02,4.312500000000000361e-02
1.639679999999999957e-02,4.343750000000000389e-02
1.640639999999999807e-02,4.343750000000000389e-02
1.641600000000000004e-02,4.375000000000000416e-02
1.642559999999999854e-02,4.406250000000000444e-02
1.643520000000000050e-02,4.375000000000000416e-02
1.644479999999999900e-02,4.375000000000000416e-02
1.645440000000000097e-02,4.343750000000000389e-02
1.646399999999999947e-02,4.281250000000000333e-02
1.647359999999999797e-02,4.187500000000000250e-02
1.648319999999999994e-02,4.093750000000000167e-02
1.649279999999999843e-02,3.937500000000000722e-02
1.650240000000000040e-02,3.843750000000000638e-02
1.651199999999999890e-02,3.750000000000000555e-02
1.652160000000000087e-02,3.593750000000000416e-02
1.653119999999999937e-02,3.406250000000000250e-02
1.654079999999999787e-02,3.312500000000000167e-02
1.655039999999999983e-02,3.156250000000000028e-02
1.655999999999999833e-02,3.093750000000000319e-02
1.656960000000000030e-02,2.968750000000000208e-02
1.657919999999999880e-02,2.812500000000000416e-02
1.658880000000000077e-02,2.718750000000000333e-02
1.659839999999999927e-02,2.687500000000000305e-02
1.660799999999999776e-02,2.656250000000000278e-02
1.661759999999999973e-02,2.625000000000000250e-02
1.662719999999999823e-02,2.656250000000000278e-02
1.663680000000000020e-02,2.656250000000000278e-02
1.664639999999999870e-02,2.718750000000000333e-02
1.665600000000000067e-02,2.812500000000000416e-02
1.666559999999999916e-02,2.843750000000000444e-02
1.667519999999999766e-02,2.875000000000000472e-02
1.668479999999999963e-02,3.031250000000000264e-02
1.669439999999999813e-02,3.125000000000000000e-02
1.670400000000000010e-02,3.218750000000000083e-02
1.671359999999999860e-02,3.250000000000000111e-02
1.672320000000000056e-02,3.343750000000000194e-02
1.673279999999999906e-02,3.437500000000000278e-02
1.674239999999999756e-02,3.468750000000000305e-02
1.675199999999999953e-02,3.562500000000000389e-02
1.676159999999999803e-02,3.562500000000000389e-02
1.677120000000000000e-02,3.593750000000000416e-02
1.678079999999999850e-02,3.656250000000000472e-02
1.679040000000000046e-02,3.687500000000000500e-02
1.679999999999999896e-02,3.625000000000000444e-02
1.680960000000000093e-02,3.593750000000000416e-02
1.681919999999999943e-02,3.531250000000000361e-02
1.682879999999999793e-02,3.437500000000000278e-02
1.683839999999999990e-02,3.375000000000000222e-02
1.684799999999999839e-02,3.250000000000000111e-02
1.685760000000000036e-02,3.156250000000000028e-02
1.686719999999999886e-02,2.937500000000000527e-02
1.687680000000000083e-02,2.843750000000000444e-02
1.688639999999999933e-02,2.625000000000000250e-02
1.689599999999999783e-02,2.531250000000000167e-02
1.690559999999999979e-02,2.406250000000000056e-02
1.691519999999999829e-02,2.312500000000000319e-02
1.692480000000000026e-02,2.156250000000000527e-02
1.693439999999999876e-02,1.968750000000000361e-02
1.694400000000000073e-02,1.906250000000000305e-02
1.695359999999999923e-02,1.781250000000000194e-02
1.696319999999999772e-02,1.718750000000000139e-02
1.697279999999999969e-02,1.656250000000000430e-02
1.698239999999999819e-02,1.593750000000000375e-02
1.699200000000000016e-02,1.562500000000000347e-02
1.700159999999999866e-02,1.562500000000000347e-02
1.701120000000000063e-02,1.562500000000000347e-02
1.702079999999999912e-02,1.593750000000000375e-02
1.703039999999999762e-02,1.687500000000000458e-02
1.703999999999999959e-02,1.750000000000000167e-02
1.704959999999999809e-02,1.812500000000000222e-02
1.705920000000000006e-02,1.937500000000000333e-02
1.706879999999999856e-02,2.093750000000000472e-02
1.707840000000000052e-02,2.218750000000000236e-02
1.708799999999999902e-02,2.281250000000000291e-02
1.709759999999999752e-02,2.375000000000000375e-02
1.710719999999999949e-02,2.531250000000000167e-02
1.711679999999999799e-02,2.593750000000000222e-02
1.712639999999999996e-02,2.625000000000000250e-02
1.713599999999999846e-02,2.718750000000000333e-02
1.714560000000000042e-02,2.781250000000000389e-02
1.715519999999999892e-02,2.843750000000000444e-02
1.716480000000000089e-02,2.875000000000000472e-02
1.717439999999999939e-02,2.906250000000000500e-02
1.718399999999999789e-02,2.906250000000000500e-02
1.719359999999999986e-02,2.906250000000000500e-02
1.720319999999999835e-02,2.875000000000000472e-02
1.721280000000000032e-02,2.843750000000000444e-02
1.722239999999999882e-02,2.781250000000000389e-02
1.723200000000000079e-02,2.687500000000000305e-02
1.724159999999999929e-02,2.625000000000000250e-02
1.725119999999999779e-02,2.562500000000000194e-02
1.726079999999999975e-02,2.375000000000000375e-02
1.727039999999999825e-02,2.250000000000000264e-02
1.728000000000000022e-02,2.250000000000000264e-02
1.728959999999999872e-02,2.062500000000000444e-02
1.729920000000000069e-02,1.937500000000000333e-02
1.730879999999999919e-02,1.812500000000000222e-02
1.731839999999999768e-02,1.812500000000000222e-02
1.732799999999999965e-02,1.687500000000000458e-02
1.733759999999999815e-02,1.625000000000000402e-02
1.734720000000000012e-02,1.562500000000000347e-02
1.735679999999999862e-02,1.531250000000000319e-02
1.736640000000000059e-02,1.500000000000000291e-02
1.737599999999999908e-02,1.531250000000000319e-02
1.738559999999999758e-02,1.531250000000000319e-02
1.739519999999999955e-02,1.625000000000000402e-02
1.740479999999999805e-02,1.687500000000000458e-02
1.741440000000000002e-02,1.781250000000000194e-02
1.742399999999999852e-02,1.906250000000000305e-02
1.743360000000000049e-02,2.031250000000000416e-02
1.744319999999999898e-02,2.218750000000000236e-02
1.745279999999999748e-02,2.312500000000000319e-02
1.746239999999999945e-02,2.468750000000000111e-02
1.747199999999999795e-02,2.625000000000000250e-02
1.748159999999999992e-02,2.750000000000000361e-02
1.749119999999999842e-02,2.812500000000000416e-02
1.750080000000000038e-02,2.937500000000000527e-02
1.751039999999999888e-02,3.093750000000000319e-02
1.752000000000000085e-02,3.187500000000000056e-02
1.752959999999999935e-02,3.281250000000000139e-02
1.753919999999999785e-02,3.375000000000000222e-02
1.754879999999999982e-02,3.468750000000000305e-02
1.755839999999999831e-02,3.531250000000000361e-02
1.756800000000000028e-02,3.562500000000000389e-02
1.757759999999999878e-02,3.593750000000000416e-02
1.758720000000000075e-02,3.593750000000000416e-02
1.759679999999999925e-02,3.593750000000000416e-02
1.760639999999999775e-02,3.593750000000000416e-02
1.761599999999999971e-02,3.531250000000000361e-02
1.762559999999999821e-02,3.468750000000000305e-02
1.763520000000000018e-02,3.437500000000000278e-02
1.764479999999999868e-02,3.281250000000000139e-02
1.765440000000000065e-02,3.218750000000000083e-02
1.766399999999999915e-02,3.062500000000000291e-02
1.767359999999999765e-02,2.968750000000000208e-02
1.768319999999999961e-02,2.843750000000000444e-02
1.769279999999999811e-02,2.718750000000000333e-02
1.770240000000000008e-02,2.625000000000000250e-02
1.771199999999999858e-02,2.500000000000000139e-02
1.772160000000000055e-02,2.406250000000000056e-02
1.773119999999999905e-02,2.281250000000000291e-02
1.774079999999999754e-02,2.250000000000000264e-02
1.775039999999999951e-02,2.218750000000000236e-02
1.775999999999999801e-02,2.218750000000000236e-02
1.776959999999999998e-02,2.218750000000000236e-02
1.777919999999999848e-02,2.250000000000000264e-02
1.778880000000000045e-02,2.281250000000000291e-02
1.779839999999999894e-02,2.375000000000000375e-02
1.780800000000000091e-02,2.406250000000000056e-02
1.781759999999999941e-02,2.500000000000000139e-02
1.782719999999999791e-02,2.625000000000000250e-02
1.783679999999999988e-02,2.750000000000000361e-02
1.784639999999999838e-02,2.843750000000000444e-02
1.785600000000000034e-02,2.937500000000000527e-02
1.786559999999999884e-02,3.031250000000000264e-02
1.787520000000000081e-02,3.125000000000000000e-02
1.788479999999999931e-02,3.125000000000000000e-02
1.789439999999999781e-02,3.218750000000000083e-02
1.790399999999999978e-02,3.281250000000000139e-02
1.791359999999999827e-02,3.343750000000000194e-02
1.792320000000000024e-02,3.343750000000000194e-02
1.793279999999999874e-02,3.375000000000000222e-02
1.794240000000000071e-02,3.406250000000000250e-02
1.795199999999999921e-02,3.406250000000000250e-02
1.796159999999999771e-02,3.375000000000000222e-02
1.797119999999999967e-02,3.281250000000000139e-02
1.798079999999999817e-02,3.250000000000000111e-02
1.799040000000000014e-02,3.187500000000000056e-02
1.799999999999999864e-02,3.062500000000000291e-02
1.800960000000000061e-02,2.906250000000000500e-02
1.801919999999999911e-02,2.843750000000000444e-02
1.802879999999999761e-02,2.656250000000000278e-02
1.803839999999999957e-02,2.531250000000000167e-02
1.804799999999999807e-02,2.343750000000000347e-02
1.805760000000000004e-02,2.187500000000000555e-02
1.806719999999999854e-02,2.062500000000000444e-02
1.807680000000000051e-02,1.937500000000000333e-02
1.808639999999999901e-02,1.875000000000000278e-02
1.809599999999999750e-02,1.718750000000000139e-02
1.810559999999999947e-02,1.656250000000000430e-02
1.811519999999999797e-02,1.468750000000000264e-02
1.812479999999999994e-02,1.406250000000000208e-02
1.813439999999999844e-02,1.375000000000000180e-02
1.814400000000000041e-02,1.312500000000000125e-02
1.815359999999999890e-02,1.250000000000000416e-02
1.816320000000000087e-02,1.250000000000000416e-02
1.817279999999999937e-02,1.281250000000000444e-02
1.818239999999999787e-02,1.281250000000000444e-02
1.819199999999999984e-02,1.312500000000000125e-02
1.820159999999999834e-02,1.375000000000000180e-02
1.821120000000000030e-02,1.500000000000000291e-02
1.822079999999999880e-02,1.562500000000000347e-02
1.823040000000000077e-02,1.656250000000000430e-02
1.823999999999999927e-02,1.750000000000000167e-02
1.824959999999999777e-02,1.875000000000000278e-02
1.825919999999999974e-02,1.937500000000000333e-02
1.826879999999999823e-02,1.968750000000000361e-02
1.827840000000000020e-02,2.062500000000000444e-02
1.828799999999999870e-02,2.156250000000000527e-02
1.829760000000000067e-02,2.156250000000000527e-02
1.830719999999999917e-02,2.218750000000000236e-02
1.831679999999999767e-02,2.250000000000000264e-02
1.832639999999999963e-02,2.218750000000000236e-02
1.833599999999999813e-02,2.250000000000000264e-02
1.834560000000000010e-02,2.218750000000000236e-02
1.835519999999999860e-02,2.125000000000000500e-02
1.836480000000000057e-02,2.093750000000000472e-02
1.837439999999999907e-02,2.000000000000000389e-02
1.838399999999999757e-02,1.937500000000000333e-02
1.839359999999999953e-02,1.781250000000000194e-02
1.840319999999999803e-02,1.687500000000000458e-02
1.841280000000000000e-02,1.625000000000000402e-02
1.842239999999999850e-02,1.531250000000000319e-02
1.843200000000000047e-02,1.437500000000000236e-02
1.844159999999999897e-02,1.312500000000000125e-02
1.845119999999999746e-02,1.281250000000000444e-02
1.846079999999999943e-02,1.218750000000000389e-02
1.847039999999999793e-02,1.093750000000000278e-02
1.847999999999999990e-02,1.093750000000000278e-02
1.848959999999999840e-02,1.031250000000000222e-02
1.849920000000000037e-02,1.000000000000000194e-02
1.850879999999999886e-02,9.375000000000001388e-03
1.851840000000000083e-02,9.062500000000001110e-03
1.852799999999999933e-02,8.125000000000003747e-03
1.853759999999999783e-02,7.812500000000003469e-03
1.854719999999999980e-02,7.812500000000003469e-03
1.855679999999999830e-02,7.812500000000003469e-03
1.856640000000000026e-02,8.125000000000003747e-03
1.857599999999999876e-02,8.750000000000004302e-03
1.858560000000000073e-02,9.375000000000001388e-03
1.859519999999999923e-02,1.000000000000000194e-02
1.860479999999999773e-02,1.062500000000000250e-02
1.861439999999999970e-02,1.187500000000000361e-02
1.862399999999999819e-02,1.250000000000000416e-02
1.863360000000000016e-02,1.343750000000000153e-02
1.864319999999999866e-02,1.531250000000000319e-02
1.865280000000000063e-02,1.562500000000000347e-02
1.866239999999999913e-02,1.687500000000000458e-02
1.867199999999999763e-02,1.750000000000000167e-02
1.868159999999999960e-02,1.812500000000000222e-02
1.869119999999999809e-02,1.843750000000000250e-02
1.870080000000000006e-02,1.906250000000000305e-02
1.871039999999999856e-02,1.906250000000000305e-02
1.872000000000000053e-02,1.937500000000000333e-02
1.872959999999999903e-02,1.937500000000000333e-02
1.873919999999999753e-02,1.937500000000000333e-02
1.874879999999999949e-02,1.875000000000000278e-02
1.875839999999999799e-02,1.812500000000000222e-02
1.876799999999999996e-02,1.718750000000000139e-02
1.877759999999999846e-02,1.687500000000000458e-02
1.878720000000000043e-02,1.593750000000000375e-02
1.879679999999999893e-02,1.437500000000000236e-02
1.880639999999999742e-02,1.375000000000000180e-02
1.881599999999999939e-02,1.343750000000000153e-02
1.882559999999999789e-02,1.250000000000000416e-02
1.883519999999999986e-02,1.156250000000000333e-02
1.884479999999999836e-02,1.093750000000000278e-02
1.885440000000000033e-02,1.031250000000000222e-02
1.886399999999999882e-02,9.687500000000001665e-03
1.887360000000000079e-02,9.375000000000001388e-03
1.888319999999999929e-02,8.750000000000004302e-03
1.889279999999999779e-02,8.125000000000003747e-03
1.890239999999999976e-02,8.125000000000003747e-03
1.891199999999999826e-02,7.812500000000003469e-03
1.892160000000000022e-02,7.812500000000003469e-03
1.893119999999999872e-02,7.812500000000003469e-03
1.894080000000000069e-02,8.125000000000003747e-03
1.895039999999999919e-02,8.750000000000004302e-03
1.895999999999999769e-02,9.375000000000001388e-03
1.896959999999999966e-02,1.125000000000000305e-02
1.897919999999999816e-02,1.187500000000000361e-02
1.898880000000000012e-02,1.375000000000000180e-02
1.899839999999999862e-02,1.500000000000000291e-02
1.900800000000000059e-02,1.625000000000000402e-02
1.901759999999999909e-02,1.718750000000000139e-02
1.902719999999999759e-02,1.875000000000000278e-02
1.903679999999999956e-02,2.000000000000000389e-02
1.904639999999999805e-02,2.125000000000000500e-02
1.905600000000000002e-02,2.218750000000000236e-02
1.906559999999999852e-02,2.312500000000000319e-02
1.907520000000000049e-02,2.375000000000000375e-02
1.908479999999999899e-02,2.437500000000000083e-02
1.909439999999999749e-02,2.468750000000000111e-02
1.910399999999999945e-02,2.468750000000000111e-02
1.911359999999999795e-02,2.531250000000000167e-02
1.912319999999999992e-02,2.500000000000000139e-02
1.913279999999999842e-02,2.500000000000000139e-02
1.914240000000000039e-02,2.437500000000000083e-02
1.915199999999999889e-02,2.312500000000000319e-02
1.916160000000000085e-02,2.250000000000000264e-02
1.917119999999999935e-02,2.156250000000000527e-02
1.918079999999999785e-02,2.062500000000000444e-02
1.919039999999999982e-02,1.937500000000000333e-02
