PURE SILICA, ELECTRODE=TUNGSTEN, TIME=35, POLING_VOLTAGE=3700, WAVELENGTH=1.55e-06, EFFECTIVE_DISTANCE=3.1e-05, POLED_LENGTH=0.3, CORE_INDEX=1.45, POLE=MAX, AC_VOLTAGE=831.25, AC_FREQUENCY=340, PIEZO_FREQUENCY=6.8
Time(s),Voltage(V)
-4.000000000000000192e-04,7.187500000000002914e-03
-3.260000000000000094e-04,1.093750000000000278e-02
-2.520000000000000538e-04,1.687500000000000458e-02
-1.780000000000000440e-04,2.281250000000000291e-02
-1.040000000000000343e-04,2.562500000000000194e-02
-3.000000000000002448e-05,3.125000000000000000e-02
4.399999999999993109e-05,3.625000000000000444e-02
1.179999999999999951e-04,4.093750000000000167e-02
1.919999999999999507e-04,4.562500000000000583e-02
2.659999999999999062e-04,3.812500000000000611e-02
3.399999999999999702e-04,3.406250000000000250e-02
4.139999999999999258e-04,2.968750000000000208e-02
4.879999999999998814e-04,3.125000000000000000e-02
5.619999999999999996e-04,3.312500000000000167e-02
6.360000000000000635e-04,3.062500000000000291e-02
7.099999999999999107e-04,3.218750000000000083e-02
7.839999999999999747e-04,2.781250000000000389e-02
8.580000000000000387e-04,2.687500000000000305e-02
9.319999999999998858e-04,2.812500000000000416e-02
1.005999999999999950e-03,3.062500000000000291e-02
1.080000000000000014e-03,3.031250000000000264e-02
1.153999999999999861e-03,3.437500000000000278e-02
1.227999999999999925e-03,4.062500000000000139e-02
1.301999999999999989e-03,4.218750000000000278e-02
1.375999999999999836e-03,4.406250000000000444e-02
1.449999999999999900e-03,4.593750000000000611e-02
1.523999999999999964e-03,4.468750000000000500e-02
1.597999999999999811e-03,4.125000000000000194e-02
1.672000000000000092e-03,3.937500000000000722e-02
1.745999999999999939e-03,3.625000000000000444e-02
1.819999999999999786e-03,2.968750000000000208e-02
1.894000000000000067e-03,2.593750000000000222e-02
1.967999999999999697e-03,2.281250000000000291e-02
2.041999999999999545e-03,1.843750000000000250e-02
2.115999999999999825e-03,1.531250000000000319e-02
2.189999999999999673e-03,1.093750000000000278e-02
2.263999999999999520e-03,9.062500000000001110e-03
2.337999999999999801e-03,6.875000000000002637e-03
2.411999999999999648e-03,5.937500000000001804e-03
2.485999999999999495e-03,6.250000000000002082e-03
2.559999999999999776e-03,1.000000000000000194e-02
2.633999999999999623e-03,1.468750000000000264e-02
2.707999999999999470e-03,1.687500000000000458e-02
2.781999999999999751e-03,2.062500000000000444e-02
2.855999999999999598e-03,2.562500000000000194e-02
2.929999999999999445e-03,2.750000000000000361e-02
3.003999999999999726e-03,3.281250000000000139e-02
3.077999999999999573e-03,3.687500000000000500e-02
3.151999999999999420e-03,3.875000000000000666e-02
3.225999999999999701e-03,3.718750000000000527e-02
3.299999999999999548e-03,3.593750000000000416e-02
3.373999999999999829e-03,2.968750000000000208e-02
3.447999999999999676e-03,2.500000000000000139e-02
3.521999999999999957e-03,2.156250000000000527e-02
3.595999999999999371e-03,1.843750000000000250e-02
3.669999999999999651e-03,1.718750000000000139e-02
3.743999999999999932e-03,1.531250000000000319e-02
3.817999999999999346e-03,1.468750000000000264e-02
3.891999999999999627e-03,1.500000000000000291e-02
3.965999999999999907e-03,1.718750000000000139e-02
4.039999999999999321e-03,2.062500000000000444e-02
4.113999999999999602e-03,2.312500000000000319e-02
4.187999999999999882e-03,2.656250000000000278e-02
4.261999999999999296e-03,3.031250000000000264e-02
4.335999999999999577e-03,3.312500000000000167e-02
4.409999999999999858e-03,3.406250000000000250e-02
4.483999999999999271e-03,3.468750000000000305e-02
4.557999999999999552e-03,3.375000000000000222e-02
4.631999999999999833e-03,2.906250000000000500e-02
4.705999999999999246e-03,2.625000000000000250e-02
4.779999999999999527e-03,2.156250000000000527e-02
4.853999999999999808e-03,1.656250000000000430e-02
4.927999999999999221e-03,1.406250000000000208e-02
5.001999999999999502e-03,1.093750000000000278e-02
5.075999999999999783e-03,7.812500000000003469e-03
5.149999999999999196e-03,6.562500000000002359e-03
5.223999999999999477e-03,5.000000000000004441e-03
5.297999999999999758e-03,4.687500000000004163e-03
5.371999999999999172e-03,4.687500000000004163e-03
5.445999999999999452e-03,5.937500000000001804e-03
5.519999999999999733e-03,7.187500000000002914e-03
5.593999999999999147e-03,1.000000000000000194e-02
5.667999999999999428e-03,1.375000000000000180e-02
5.741999999999999708e-03,1.656250000000000430e-02
5.815999999999999122e-03,1.843750000000000250e-02
5.889999999999999403e-03,2.218750000000000236e-02
5.963999999999999684e-03,2.562500000000000194e-02
6.037999999999999097e-03,2.656250000000000278e-02
6.111999999999999378e-03,2.531250000000000167e-02
6.185999999999999659e-03,2.187500000000000555e-02
6.259999999999999072e-03,1.875000000000000278e-02
6.333999999999999353e-03,1.562500000000000347e-02
6.407999999999999634e-03,1.187500000000000361e-02
6.481999999999999047e-03,9.375000000000001388e-03
6.555999999999999328e-03,6.562500000000002359e-03
6.629999999999999609e-03,5.937500000000001804e-03
6.703999999999999022e-03,5.000000000000004441e-03
6.777999999999999303e-03,4.687500000000004163e-03
6.851999999999999584e-03,4.687500000000004163e-03
6.925999999999999865e-03,5.937500000000001804e-03
6.999999999999999278e-03,8.437500000000004025e-03
7.073999999999999559e-03,1.000000000000000194e-02
7.147999999999999840e-03,1.187500000000000361e-02
7.221999999999999253e-03,1.656250000000000430e-02
7.295999999999999534e-03,1.750000000000000167e-02
7.369999999999999815e-03,1.875000000000000278e-02
7.444000000000000096e-03,1.750000000000000167e-02
7.517999999999999509e-03,1.406250000000000208e-02
7.591999999999998923e-03,9.375000000000001388e-03
7.666000000000000071e-03,6.875000000000002637e-03
7.739999999999999485e-03,5.312500000000001249e-03
7.813999999999999765e-03,3.750000000000003331e-03
7.888000000000000914e-03,3.750000000000003331e-03
7.962000000000000327e-03,4.062500000000003608e-03
8.035999999999999741e-03,4.687500000000004163e-03
8.110000000000000889e-03,5.000000000000004441e-03
8.184000000000000302e-03,5.000000000000004441e-03
8.257999999999999716e-03,4.687500000000004163e-03
8.332000000000000864e-03,3.750000000000003331e-03
8.406000000000000277e-03,3.125000000000002776e-03
8.479999999999999691e-03,4.375000000000003886e-03
8.554000000000000839e-03,5.312500000000001249e-03
8.628000000000000252e-03,1.062500000000000250e-02
8.701999999999999666e-03,1.531250000000000319e-02
8.776000000000000814e-03,1.812500000000000222e-02
8.850000000000000228e-03,2.281250000000000291e-02
8.923999999999999641e-03,2.312500000000000319e-02
8.998000000000000789e-03,2.343750000000000347e-02
9.072000000000000203e-03,2.156250000000000527e-02
9.145999999999999616e-03,1.875000000000000278e-02
9.220000000000000764e-03,1.250000000000000416e-02
9.294000000000000178e-03,9.062500000000001110e-03
9.367999999999999591e-03,7.187500000000002914e-03
9.442000000000000740e-03,6.250000000000002082e-03
9.516000000000000153e-03,4.375000000000003886e-03
9.589999999999999566e-03,3.437500000000003053e-03
9.664000000000000715e-03,3.125000000000002776e-03
9.738000000000000128e-03,3.125000000000002776e-03
9.811999999999999542e-03,3.750000000000003331e-03
9.886000000000000690e-03,5.000000000000004441e-03
9.960000000000000103e-03,6.875000000000002637e-03
1.003399999999999952e-02,9.375000000000001388e-03
1.010800000000000066e-02,1.125000000000000305e-02
1.018200000000000008e-02,1.687500000000000458e-02
1.025599999999999949e-02,1.750000000000000167e-02
1.033000000000000064e-02,1.875000000000000278e-02
1.040400000000000005e-02,1.812500000000000222e-02
1.047799999999999947e-02,1.343750000000000153e-02
1.055200000000000062e-02,1.156250000000000333e-02
1.062600000000000003e-02,8.125000000000003747e-03
1.069999999999999944e-02,5.625000000000001527e-03
1.077400000000000059e-02,4.687500000000004163e-03
1.084800000000000000e-02,3.750000000000003331e-03
1.092199999999999942e-02,4.687500000000004163e-03
1.099600000000000057e-02,5.625000000000001527e-03
1.106999999999999998e-02,6.875000000000002637e-03
1.114399999999999939e-02,7.187500000000002914e-03
1.121800000000000054e-02,6.562500000000002359e-03
1.129199999999999995e-02,5.625000000000001527e-03
1.136599999999999937e-02,4.375000000000003886e-03
1.144000000000000052e-02,3.437500000000003053e-03
1.151399999999999993e-02,3.750000000000003331e-03
1.158799999999999934e-02,5.937500000000001804e-03
1.166200000000000049e-02,7.500000000000003192e-03
1.173599999999999990e-02,1.250000000000000416e-02
1.180999999999999932e-02,1.500000000000000291e-02
1.188400000000000047e-02,1.687500000000000458e-02
1.195799999999999988e-02,1.687500000000000458e-02
1.203199999999999929e-02,1.593750000000000375e-02
1.210600000000000044e-02,1.406250000000000208e-02
1.217999999999999985e-02,1.156250000000000333e-02
1.225399999999999927e-02,7.812500000000003469e-03
1.232800000000000042e-02,5.937500000000001804e-03
1.240199999999999983e-02,4.687500000000004163e-03
1.247599999999999924e-02,4.062500000000003608e-03
1.255000000000000039e-02,3.750000000000003331e-03
1.262399999999999980e-02,3.437500000000003053e-03
1.269799999999999922e-02,3.125000000000002776e-03
1.277200000000000037e-02,2.812500000000002498e-03
1.284599999999999978e-02,2.812500000000002498e-03
1.291999999999999919e-02,3.750000000000003331e-03
1.299400000000000034e-02,5.000000000000004441e-03
1.306799999999999976e-02,6.250000000000002082e-03
1.314199999999999917e-02,8.437500000000004025e-03
1.321600000000000032e-02,9.375000000000001388e-03
1.328999999999999973e-02,9.062500000000001110e-03
1.336399999999999914e-02,8.437500000000004025e-03
1.343800000000000029e-02,6.875000000000002637e-03
1.351199999999999971e-02,5.312500000000001249e-03
1.358599999999999912e-02,3.750000000000003331e-03
1.366000000000000027e-02,3.125000000000002776e-03
1.373399999999999968e-02,3.125000000000002776e-03
1.380799999999999909e-02,3.437500000000003053e-03
1.388200000000000024e-02,4.375000000000003886e-03
1.395599999999999966e-02,5.937500000000001804e-03
1.403000000000000080e-02,6.875000000000002637e-03
1.410400000000000022e-02,8.125000000000003747e-03
1.417799999999999963e-02,7.500000000000003192e-03
1.425200000000000078e-02,7.187500000000002914e-03
1.432600000000000019e-02,5.625000000000001527e-03
1.439999999999999961e-02,4.375000000000003886e-03
1.447400000000000075e-02,3.437500000000003053e-03
1.454800000000000017e-02,4.062500000000003608e-03
1.462199999999999958e-02,4.687500000000004163e-03
1.469600000000000073e-02,6.250000000000002082e-03
1.477000000000000014e-02,7.187500000000002914e-03
1.484399999999999956e-02,7.812500000000003469e-03
1.491800000000000070e-02,7.500000000000003192e-03
1.499200000000000012e-02,6.562500000000002359e-03
1.506599999999999953e-02,5.312500000000001249e-03
1.514000000000000068e-02,4.062500000000003608e-03
1.521400000000000009e-02,3.750000000000003331e-03
1.528800000000000124e-02,4.062500000000003608e-03
1.536199999999999892e-02,4.375000000000003886e-03
1.543600000000000007e-02,4.687500000000004163e-03
1.551000000000000122e-02,5.312500000000001249e-03
1.558399999999999889e-02,5.312500000000001249e-03
1.565799999999999831e-02,5.312500000000001249e-03
1.573199999999999946e-02,4.375000000000003886e-03
1.580599999999999714e-02,4.062500000000003608e-03
1.587999999999999828e-02,3.437500000000003053e-03
1.595399999999999943e-02,3.125000000000002776e-03
1.602799999999999711e-02,3.125000000000002776e-03
1.610199999999999826e-02,3.437500000000003053e-03
1.617599999999999941e-02,3.437500000000003053e-03
1.624999999999999709e-02,3.125000000000002776e-03
1.632399999999999823e-02,3.125000000000002776e-03
1.639799999999999938e-02,2.812500000000002498e-03
1.647199999999999706e-02,3.125000000000002776e-03
1.654599999999999821e-02,4.687500000000004163e-03
1.661999999999999936e-02,6.875000000000002637e-03
1.669399999999999704e-02,8.125000000000003747e-03
1.676799999999999818e-02,1.156250000000000333e-02
1.684199999999999933e-02,1.437500000000000236e-02
1.691599999999999701e-02,1.781250000000000194e-02
1.698999999999999816e-02,1.906250000000000305e-02
1.706399999999999931e-02,1.937500000000000333e-02
1.713799999999999699e-02,1.843750000000000250e-02
1.721199999999999813e-02,1.718750000000000139e-02
1.728599999999999928e-02,1.218750000000000389e-02
1.735999999999999696e-02,1.125000000000000305e-02
1.743399999999999811e-02,6.562500000000002359e-03
1.750799999999999926e-02,5.000000000000004441e-03
1.758199999999999694e-02,3.750000000000003331e-03
1.765599999999999808e-02,3.437500000000003053e-03
1.772999999999999923e-02,3.437500000000003053e-03
1.780399999999999691e-02,3.437500000000003053e-03
1.787799999999999806e-02,3.437500000000003053e-03
1.795199999999999921e-02,3.125000000000002776e-03
1.802599999999999689e-02,2.812500000000002498e-03
1.809999999999999803e-02,2.812500000000002498e-03
1.817399999999999918e-02,3.125000000000002776e-03
1.824799999999999686e-02,4.375000000000003886e-03
1.832199999999999801e-02,5.625000000000001527e-03
1.839599999999999916e-02,6.562500000000002359e-03
1.846999999999999684e-02,7.812500000000003469e-03
1.854399999999999799e-02,8.437500000000004025e-03
1.861799999999999913e-02,8.125000000000003747e-03
1.869199999999999681e-02,7.187500000000002914e-03
1.876599999999999796e-02,6.250000000000002082e-03
1.883999999999999911e-02,4.375000000000003886e-03
1.891399999999999679e-02,4.375000000000003886e-03
1.898799999999999794e-02,2.812500000000002498e-03
1.906199999999999908e-02,2.812500000000002498e-03
1.913599999999999676e-02,2.500000000000002220e-03
1.920999999999999791e-02,2.500000000000002220e-03
1.928399999999999906e-02,4.062500000000003608e-03
1.935799999999999674e-02,5.625000000000001527e-03
1.943199999999999789e-02,9.375000000000001388e-03
1.950599999999999903e-02,1.375000000000000180e-02
1.957999999999999671e-02,1.531250000000000319e-02
1.965399999999999786e-02,1.875000000000000278e-02
1.972799999999999901e-02,2.343750000000000347e-02
1.980199999999999669e-02,2.562500000000000194e-02
1.987599999999999784e-02,2.781250000000000389e-02
1.994999999999999898e-02,2.937500000000000527e-02
2.002399999999999666e-02,2.968750000000000208e-02
2.009799999999999781e-02,2.750000000000000361e-02
2.017199999999999896e-02,2.281250000000000291e-02
2.024599999999999664e-02,2.000000000000000389e-02
2.031999999999999779e-02,1.312500000000000125e-02
2.039399999999999893e-02,1.093750000000000278e-02
2.046799999999999661e-02,6.562500000000002359e-03
2.054199999999999776e-02,5.312500000000001249e-03
2.061599999999999891e-02,3.750000000000003331e-03
2.068999999999999659e-02,2.812500000000002498e-03
2.076399999999999774e-02,3.125000000000002776e-03
2.083799999999999888e-02,3.125000000000002776e-03
2.091199999999999656e-02,4.375000000000003886e-03
2.098599999999999771e-02,5.937500000000001804e-03
2.105999999999999886e-02,8.437500000000004025e-03
2.113399999999999654e-02,1.312500000000000125e-02
2.120799999999999769e-02,1.625000000000000402e-02
2.128199999999999883e-02,2.125000000000000500e-02
2.135599999999999651e-02,2.156250000000000527e-02
2.142999999999999766e-02,2.218750000000000236e-02
2.150399999999999881e-02,2.156250000000000527e-02
2.157799999999999649e-02,1.875000000000000278e-02
2.165199999999999764e-02,1.468750000000000264e-02
2.172599999999999879e-02,1.093750000000000278e-02
2.179999999999999646e-02,8.125000000000003747e-03
2.187399999999999761e-02,5.937500000000001804e-03
2.194799999999999876e-02,4.375000000000003886e-03
2.202199999999999644e-02,3.437500000000003053e-03
2.209599999999999759e-02,3.125000000000002776e-03
2.216999999999999874e-02,2.812500000000002498e-03
2.224399999999999641e-02,2.812500000000002498e-03
2.231799999999999756e-02,4.062500000000003608e-03
2.239199999999999871e-02,6.875000000000002637e-03
2.246599999999999639e-02,9.687500000000001665e-03
2.253999999999999754e-02,1.375000000000000180e-02
2.261399999999999869e-02,1.812500000000000222e-02
2.268799999999999636e-02,2.218750000000000236e-02
2.276199999999999751e-02,2.593750000000000222e-02
2.283599999999999866e-02,3.125000000000000000e-02
2.290999999999999634e-02,3.250000000000000111e-02
2.298399999999999749e-02,3.218750000000000083e-02
2.305799999999999864e-02,3.187500000000000056e-02
2.313199999999999631e-02,2.750000000000000361e-02
2.320599999999999746e-02,2.343750000000000347e-02
2.327999999999999861e-02,1.750000000000000167e-02
2.335399999999999629e-02,1.343750000000000153e-02
2.342799999999999744e-02,1.031250000000000222e-02
2.350199999999999859e-02,5.937500000000001804e-03
2.357599999999999626e-02,4.375000000000003886e-03
2.364999999999999741e-02,3.750000000000003331e-03
2.372399999999999856e-02,2.812500000000002498e-03
2.379799999999999624e-02,3.125000000000002776e-03
2.387199999999999739e-02,3.437500000000003053e-03
2.394599999999999854e-02,5.937500000000001804e-03
2.401999999999999622e-02,8.750000000000004302e-03
2.409399999999999736e-02,1.218750000000000389e-02
2.416799999999999851e-02,1.781250000000000194e-02
2.424199999999999619e-02,2.125000000000000500e-02
2.431599999999999734e-02,2.625000000000000250e-02
2.438999999999999849e-02,2.750000000000000361e-02
2.446399999999999617e-02,2.968750000000000208e-02
2.453799999999999731e-02,2.875000000000000472e-02
2.461199999999999846e-02,2.812500000000000416e-02
2.468599999999999614e-02,2.375000000000000375e-02
2.475999999999999729e-02,2.125000000000000500e-02
2.483399999999999844e-02,1.750000000000000167e-02
2.490799999999999612e-02,1.500000000000000291e-02
2.498199999999999726e-02,1.312500000000000125e-02
2.505599999999999841e-02,1.312500000000000125e-02
2.512999999999999609e-02,1.468750000000000264e-02
2.520399999999999724e-02,1.718750000000000139e-02
2.527799999999999839e-02,2.406250000000000056e-02
2.535199999999999607e-02,2.937500000000000527e-02
2.542599999999999721e-02,3.093750000000000319e-02
2.549999999999999836e-02,3.750000000000000555e-02
2.557399999999999604e-02,3.968750000000000056e-02
2.564799999999999719e-02,4.281250000000000333e-02
2.572199999999999834e-02,4.656250000000000666e-02
2.579599999999999602e-02,4.718750000000000722e-02
2.586999999999999716e-02,4.750000000000000056e-02
2.594399999999999831e-02,4.624999999999999944e-02
2.601799999999999599e-02,4.343750000000000389e-02
2.609199999999999714e-02,3.875000000000000666e-02
2.616599999999999829e-02,3.250000000000000111e-02
2.623999999999999597e-02,2.750000000000000361e-02
2.631399999999999711e-02,2.093750000000000472e-02
2.638799999999999826e-02,1.656250000000000430e-02
2.646199999999999594e-02,1.125000000000000305e-02
2.653599999999999709e-02,9.375000000000001388e-03
2.660999999999999824e-02,7.812500000000003469e-03
2.668399999999999592e-02,6.875000000000002637e-03
2.675799999999999707e-02,7.812500000000003469e-03
2.683199999999999821e-02,1.062500000000000250e-02
2.690599999999999589e-02,1.437500000000000236e-02
2.697999999999999704e-02,1.687500000000000458e-02
2.705399999999999819e-02,2.312500000000000319e-02
2.712799999999999587e-02,2.531250000000000167e-02
2.720199999999999702e-02,2.875000000000000472e-02
2.727599999999999816e-02,3.000000000000000236e-02
2.734999999999999584e-02,3.125000000000000000e-02
2.742399999999999699e-02,3.031250000000000264e-02
2.749799999999999814e-02,2.843750000000000444e-02
2.757199999999999582e-02,2.500000000000000139e-02
2.764599999999999697e-02,2.156250000000000527e-02
2.771999999999999811e-02,1.812500000000000222e-02
2.779399999999999579e-02,1.531250000000000319e-02
2.786799999999999694e-02,1.312500000000000125e-02
2.794199999999999809e-02,1.218750000000000389e-02
2.801599999999999577e-02,1.375000000000000180e-02
2.808999999999999692e-02,1.750000000000000167e-02
2.816399999999999806e-02,2.125000000000000500e-02
2.823799999999999921e-02,2.781250000000000389e-02
2.831199999999999689e-02,3.843750000000000638e-02
2.838599999999999804e-02,4.281250000000000333e-02
2.845999999999999919e-02,4.750000000000000056e-02
2.853399999999999687e-02,5.375000000000000611e-02
2.860799999999999801e-02,5.687500000000000888e-02
2.868199999999999916e-02,5.812500000000000305e-02
2.875599999999999684e-02,5.906250000000000389e-02
2.882999999999999799e-02,5.968750000000000444e-02
2.890399999999999914e-02,5.906250000000000389e-02
2.897799999999999682e-02,5.718750000000000222e-02
2.905199999999999796e-02,5.500000000000000722e-02
2.912599999999999911e-02,5.218750000000000472e-02
2.919999999999999679e-02,4.562500000000000583e-02
2.927399999999999794e-02,4.031250000000000111e-02
2.934799999999999909e-02,3.468750000000000305e-02
2.942199999999999677e-02,2.781250000000000389e-02
2.949599999999999791e-02,2.593750000000000222e-02
2.956999999999999906e-02,2.437500000000000083e-02
2.964399999999999674e-02,2.500000000000000139e-02
2.971799999999999789e-02,2.687500000000000305e-02
2.979199999999999904e-02,3.031250000000000264e-02
2.986599999999999672e-02,3.750000000000000555e-02
2.993999999999999787e-02,4.187500000000000250e-02
3.001399999999999901e-02,4.593750000000000611e-02
3.008799999999999669e-02,4.843750000000000139e-02
3.016199999999999784e-02,5.031250000000000305e-02
3.023599999999999899e-02,5.218750000000000472e-02
3.030999999999999667e-02,5.156250000000000416e-02
3.038399999999999782e-02,5.031250000000000305e-02
3.045799999999999896e-02,4.656250000000000666e-02
3.053199999999999664e-02,4.281250000000000333e-02
3.060599999999999779e-02,4.031250000000000111e-02
3.067999999999999894e-02,3.656250000000000472e-02
3.075399999999999662e-02,3.187500000000000056e-02
3.082799999999999777e-02,2.687500000000000305e-02
3.090199999999999544e-02,2.625000000000000250e-02
3.097600000000000006e-02,2.718750000000000333e-02
3.104999999999999774e-02,3.031250000000000264e-02
3.112399999999999542e-02,3.687500000000000500e-02
3.119800000000000004e-02,3.968750000000000056e-02
3.127200000000000119e-02,4.406250000000000444e-02
3.134599999999999886e-02,4.937500000000000222e-02
3.142000000000000348e-02,5.468750000000000000e-02
3.149400000000000116e-02,5.593750000000000111e-02
3.156799999999999884e-02,5.843750000000000333e-02
3.164200000000000346e-02,5.968750000000000444e-02
3.171600000000000114e-02,6.031250000000000500e-02
3.178999999999999881e-02,6.062500000000000527e-02
3.186400000000000343e-02,6.124999999999999889e-02
3.193800000000000111e-02,6.124999999999999889e-02
3.201199999999999879e-02,5.937500000000000416e-02
3.208600000000000341e-02,5.750000000000000250e-02
3.216000000000000109e-02,5.375000000000000611e-02
3.223399999999999876e-02,5.031250000000000305e-02
3.230800000000000338e-02,4.781250000000000777e-02
3.238200000000000106e-02,4.218750000000000278e-02
3.245599999999999874e-02,4.093750000000000167e-02
3.253000000000000336e-02,4.000000000000000083e-02
3.260400000000000104e-02,4.031250000000000111e-02
3.267799999999999871e-02,4.250000000000000305e-02
3.275200000000000333e-02,4.531250000000000555e-02
3.282600000000000101e-02,5.031250000000000305e-02
3.289999999999999869e-02,5.281250000000000527e-02
3.297400000000000331e-02,5.562500000000000777e-02
3.304800000000000099e-02,5.687500000000000888e-02
3.312199999999999867e-02,5.812500000000000305e-02
3.319600000000000328e-02,5.906250000000000389e-02
3.327000000000000096e-02,5.937500000000000416e-02
3.334399999999999864e-02,5.968750000000000444e-02
3.341800000000000326e-02,5.875000000000000361e-02
3.349200000000000094e-02,5.812500000000000305e-02
3.356599999999999862e-02,5.656250000000000167e-02
3.364000000000000323e-02,5.312500000000000555e-02
3.371400000000000091e-02,5.062500000000000333e-02
3.378799999999999859e-02,4.656250000000000666e-02
3.386200000000000321e-02,4.593750000000000611e-02
3.393600000000000089e-02,4.781250000000000777e-02
3.400999999999999857e-02,5.062500000000000333e-02
3.408400000000000318e-02,5.218750000000000472e-02
3.415800000000000086e-02,5.562500000000000777e-02
3.423199999999999854e-02,5.875000000000000361e-02
3.430600000000000316e-02,5.968750000000000444e-02
3.438000000000000084e-02,6.124999999999999889e-02
3.445399999999999852e-02,6.124999999999999889e-02
3.452800000000000313e-02,6.124999999999999889e-02
3.460200000000000081e-02,6.031250000000000500e-02
3.467599999999999849e-02,5.968750000000000444e-02
3.475000000000000311e-02,6.031250000000000500e-02
3.482400000000000079e-02,6.062500000000000527e-02
3.489799999999999847e-02,6.093750000000000555e-02
3.497200000000000308e-02,6.093750000000000555e-02
3.504600000000000076e-02,6.000000000000000472e-02
3.511999999999999844e-02,5.875000000000000361e-02
3.519400000000000306e-02,5.562500000000000777e-02
3.526800000000000074e-02,4.968750000000000250e-02
3.534199999999999842e-02,4.375000000000000416e-02
3.541600000000000303e-02,4.125000000000000194e-02
3.549000000000000071e-02,3.968750000000000056e-02
3.556399999999999839e-02,3.875000000000000666e-02
3.563800000000000301e-02,4.062500000000000139e-02
3.571200000000000069e-02,4.250000000000000305e-02
3.578599999999999837e-02,4.812500000000000111e-02
3.586000000000000298e-02,5.218750000000000472e-02
3.593400000000000066e-02,5.343749999999999889e-02
3.600799999999999834e-02,5.625000000000000833e-02
3.608200000000000296e-02,5.906250000000000389e-02
3.615600000000000064e-02,5.937500000000000416e-02
3.622999999999999832e-02,5.968750000000000444e-02
3.630400000000000293e-02,5.968750000000000444e-02
3.637800000000000061e-02,5.968750000000000444e-02
3.645199999999999829e-02,5.937500000000000416e-02
3.652600000000000291e-02,5.750000000000000250e-02
3.660000000000000059e-02,5.656250000000000167e-02
3.667399999999999827e-02,5.468750000000000000e-02
3.674800000000000288e-02,5.406249999999999944e-02
3.682200000000000056e-02,5.406249999999999944e-02
3.689599999999999824e-02,5.562500000000000777e-02
3.697000000000000286e-02,5.687500000000000888e-02
3.704400000000000054e-02,5.812500000000000305e-02
3.711799999999999822e-02,5.937500000000000416e-02
3.719200000000000284e-02,6.062500000000000527e-02
3.726600000000000051e-02,6.093750000000000555e-02
3.733999999999999819e-02,6.093750000000000555e-02
3.741400000000000281e-02,6.031250000000000500e-02
3.748800000000000049e-02,5.937500000000000416e-02
3.756199999999999817e-02,5.843750000000000333e-02
3.763600000000000279e-02,5.781250000000000278e-02
3.771000000000000046e-02,5.750000000000000250e-02
3.778399999999999814e-02,5.781250000000000278e-02
3.785800000000000276e-02,5.906250000000000389e-02
3.793200000000000044e-02,6.031250000000000500e-02
3.800599999999999812e-02,6.124999999999999889e-02
3.808000000000000274e-02,6.124999999999999889e-02
3.815400000000000041e-02,5.875000000000000361e-02
3.822799999999999809e-02,5.718750000000000222e-02
3.830200000000000271e-02,5.406249999999999944e-02
3.837600000000000039e-02,5.343749999999999889e-02
3.844999999999999807e-02,5.250000000000000500e-02
3.852400000000000269e-02,5.250000000000000500e-02
3.859800000000000036e-02,5.406249999999999944e-02
3.867199999999999804e-02,5.500000000000000722e-02
3.874600000000000266e-02,5.656250000000000167e-02
3.882000000000000034e-02,5.843750000000000333e-02
3.889399999999999802e-02,5.906250000000000389e-02
3.896800000000000264e-02,6.000000000000000472e-02
3.904200000000000031e-02,6.031250000000000500e-02
3.911599999999999799e-02,6.062500000000000527e-02
3.919000000000000261e-02,6.062500000000000527e-02
3.926400000000000029e-02,6.093750000000000555e-02
3.933799999999999797e-02,6.062500000000000527e-02
3.941200000000000259e-02,5.968750000000000444e-02
3.948600000000000027e-02,5.750000000000000250e-02
3.955999999999999794e-02,5.562500000000000777e-02
3.963400000000000256e-02,5.437500000000000666e-02
3.970800000000000024e-02,5.250000000000000500e-02
3.978199999999999792e-02,5.250000000000000500e-02
3.985600000000000254e-02,5.531250000000000056e-02
3.993000000000000022e-02,5.750000000000000250e-02
4.000399999999999789e-02,5.937500000000000416e-02
4.007800000000000251e-02,6.062500000000000527e-02
4.015200000000000019e-02,6.156250000000000611e-02
4.022599999999999787e-02,6.218750000000000666e-02
4.030000000000000249e-02,6.124999999999999889e-02
4.037400000000000017e-02,6.031250000000000500e-02
4.044799999999999784e-02,5.937500000000000416e-02
4.052200000000000246e-02,5.718750000000000222e-02
4.059600000000000014e-02,5.718750000000000222e-02
4.066999999999999782e-02,5.750000000000000250e-02
4.074400000000000244e-02,5.843750000000000333e-02
4.081800000000000012e-02,5.937500000000000416e-02
4.089199999999999779e-02,6.062500000000000527e-02
4.096600000000000241e-02,6.093750000000000555e-02
4.104000000000000009e-02,5.968750000000000444e-02
4.111399999999999777e-02,5.843750000000000333e-02
4.118800000000000239e-02,5.593750000000000111e-02
4.126200000000000007e-02,5.468750000000000000e-02
4.133599999999999774e-02,5.437500000000000666e-02
4.141000000000000236e-02,5.468750000000000000e-02
4.148400000000000004e-02,5.531250000000000056e-02
4.155799999999999772e-02,5.687500000000000888e-02
4.163200000000000234e-02,5.843750000000000333e-02
4.170600000000000002e-02,5.906250000000000389e-02
4.177999999999999770e-02,5.906250000000000389e-02
4.185400000000000231e-02,5.875000000000000361e-02
4.192799999999999999e-02,5.781250000000000278e-02
4.200199999999999767e-02,5.687500000000000888e-02
4.207600000000000229e-02,5.687500000000000888e-02
4.214999999999999997e-02,5.718750000000000222e-02
4.222399999999999765e-02,5.812500000000000305e-02
4.229800000000000226e-02,5.875000000000000361e-02
4.237199999999999994e-02,5.937500000000000416e-02
4.244599999999999762e-02,5.968750000000000444e-02
4.252000000000000224e-02,6.000000000000000472e-02
4.259399999999999992e-02,5.937500000000000416e-02
4.266799999999999760e-02,5.875000000000000361e-02
4.274200000000000221e-02,6.031250000000000500e-02
4.281599999999999989e-02,6.156250000000000611e-02
4.288999999999999757e-02,6.187499999999999944e-02
4.296400000000000219e-02,6.124999999999999889e-02
4.303799999999999987e-02,6.000000000000000472e-02
4.311199999999999755e-02,5.812500000000000305e-02
4.318600000000000216e-02,5.625000000000000833e-02
4.325999999999999984e-02,5.437500000000000666e-02
4.333399999999999752e-02,5.218750000000000472e-02
4.340800000000000214e-02,4.937500000000000222e-02
4.348199999999999982e-02,4.718750000000000722e-02
4.355599999999999750e-02,4.656250000000000666e-02
4.363000000000000211e-02,4.718750000000000722e-02
4.370399999999999979e-02,4.875000000000000167e-02
4.377799999999999747e-02,5.187500000000000444e-02
4.385200000000000209e-02,5.562500000000000777e-02
4.392599999999999977e-02,5.843750000000000333e-02
4.399999999999999745e-02,6.031250000000000500e-02
4.407400000000000206e-02,6.093750000000000555e-02
4.414799999999999974e-02,6.093750000000000555e-02
4.422199999999999742e-02,6.124999999999999889e-02
4.429600000000000204e-02,6.124999999999999889e-02
4.436999999999999972e-02,6.093750000000000555e-02
4.444399999999999740e-02,6.124999999999999889e-02
4.451800000000000201e-02,6.124999999999999889e-02
4.459199999999999969e-02,6.093750000000000555e-02
4.466599999999999737e-02,6.000000000000000472e-02
4.474000000000000199e-02,5.937500000000000416e-02
4.481399999999999967e-02,5.906250000000000389e-02
4.488799999999999735e-02,5.781250000000000278e-02
4.496200000000000196e-02,5.781250000000000278e-02
4.503599999999999964e-02,5.781250000000000278e-02
4.510999999999999732e-02,5.875000000000000361e-02
4.518400000000000194e-02,5.968750000000000444e-02
4.525799999999999962e-02,6.031250000000000500e-02
4.533199999999999730e-02,6.031250000000000500e-02
4.540600000000000191e-02,6.062500000000000527e-02
4.547999999999999959e-02,6.093750000000000555e-02
4.555399999999999727e-02,6.093750000000000555e-02
4.562800000000000189e-02,6.156250000000000611e-02
4.570199999999999957e-02,6.187499999999999944e-02
4.577599999999999725e-02,6.156250000000000611e-02
4.585000000000000187e-02,5.937500000000000416e-02
4.592399999999999954e-02,5.750000000000000250e-02
4.599799999999999722e-02,5.312500000000000555e-02
4.607200000000000184e-02,5.187500000000000444e-02
4.614599999999999952e-02,4.812500000000000111e-02
4.621999999999999720e-02,4.437500000000000472e-02
4.629400000000000182e-02,4.125000000000000194e-02
4.636799999999999949e-02,3.843750000000000638e-02
4.644199999999999717e-02,3.750000000000000555e-02
4.651600000000000179e-02,3.875000000000000666e-02
4.658999999999999947e-02,4.156250000000000222e-02
4.666399999999999715e-02,4.406250000000000444e-02
4.673800000000000177e-02,4.843750000000000139e-02
4.681199999999999944e-02,5.250000000000000500e-02
4.688599999999999712e-02,5.687500000000000888e-02
4.696000000000000174e-02,5.812500000000000305e-02
4.703399999999999942e-02,5.906250000000000389e-02
4.710799999999999710e-02,6.062500000000000527e-02
4.718200000000000172e-02,6.156250000000000611e-02
4.725599999999999939e-02,6.250000000000000000e-02
4.732999999999999707e-02,6.250000000000000000e-02
4.740400000000000169e-02,6.156250000000000611e-02
4.747799999999999937e-02,5.937500000000000416e-02
4.755199999999999705e-02,5.625000000000000833e-02
4.762600000000000167e-02,5.312500000000000555e-02
4.769999999999999934e-02,5.031250000000000305e-02
4.777399999999999702e-02,4.843750000000000139e-02
4.784800000000000164e-02,4.843750000000000139e-02
4.792199999999999932e-02,4.843750000000000139e-02
4.799599999999999700e-02,5.093750000000000361e-02
4.807000000000000162e-02,5.187500000000000444e-02
4.814399999999999930e-02,5.531250000000000056e-02
4.821799999999999697e-02,5.656250000000000167e-02
4.829200000000000159e-02,5.781250000000000278e-02
4.836599999999999927e-02,6.031250000000000500e-02
4.843999999999999695e-02,6.093750000000000555e-02
4.851400000000000157e-02,6.156250000000000611e-02
4.858799999999999925e-02,6.218750000000000666e-02
4.866199999999999692e-02,6.218750000000000666e-02
4.873600000000000154e-02,6.062500000000000527e-02
4.880999999999999922e-02,5.906250000000000389e-02
4.888399999999999690e-02,5.437500000000000666e-02
4.895800000000000152e-02,5.062500000000000333e-02
4.903199999999999920e-02,4.781250000000000777e-02
4.910599999999999687e-02,4.218750000000000278e-02
4.918000000000000149e-02,3.937500000000000722e-02
4.925399999999999917e-02,3.562500000000000389e-02
4.932799999999999685e-02,3.406250000000000250e-02
4.940200000000000147e-02,3.343750000000000194e-02
4.947599999999999915e-02,3.562500000000000389e-02
4.954999999999999682e-02,3.718750000000000527e-02
4.962400000000000144e-02,4.156250000000000222e-02
4.969799999999999912e-02,4.437500000000000472e-02
4.977199999999999680e-02,4.906250000000000194e-02
4.984600000000000142e-02,5.187500000000000444e-02
4.991999999999999910e-02,5.562500000000000777e-02
4.999399999999999678e-02,5.687500000000000888e-02
5.006800000000000139e-02,5.937500000000000416e-02
5.014199999999999907e-02,6.000000000000000472e-02
5.021599999999999675e-02,6.031250000000000500e-02
5.029000000000000137e-02,5.906250000000000389e-02
5.036399999999999905e-02,5.687500000000000888e-02
5.043799999999999673e-02,5.437500000000000666e-02
5.051200000000000134e-02,4.968750000000000250e-02
5.058599999999999902e-02,4.593750000000000611e-02
5.065999999999999670e-02,4.093750000000000167e-02
5.073400000000000132e-02,3.906250000000000000e-02
5.080799999999999900e-02,3.750000000000000555e-02
5.088199999999999668e-02,3.687500000000000500e-02
5.095600000000000129e-02,3.718750000000000527e-02
5.102999999999999897e-02,3.875000000000000666e-02
5.110399999999999665e-02,4.187500000000000250e-02
5.117800000000000127e-02,4.593750000000000611e-02
5.125199999999999895e-02,5.000000000000000278e-02
5.132599999999999663e-02,5.375000000000000611e-02
5.140000000000000124e-02,5.468750000000000000e-02
5.147399999999999892e-02,5.625000000000000833e-02
5.154799999999999660e-02,5.656250000000000167e-02
5.162200000000000122e-02,5.468750000000000000e-02
5.169599999999999890e-02,5.312500000000000555e-02
5.176999999999999658e-02,4.593750000000000611e-02
5.184400000000000119e-02,4.062500000000000139e-02
5.191799999999999887e-02,3.468750000000000305e-02
5.199199999999999655e-02,3.250000000000000111e-02
5.206600000000000117e-02,2.812500000000000416e-02
5.213999999999999885e-02,2.406250000000000056e-02
5.221399999999999653e-02,2.281250000000000291e-02
5.228800000000000114e-02,2.218750000000000236e-02
5.236199999999999882e-02,2.218750000000000236e-02
5.243599999999999650e-02,2.406250000000000056e-02
5.251000000000000112e-02,2.843750000000000444e-02
5.258399999999999880e-02,3.250000000000000111e-02
5.265799999999999648e-02,3.906250000000000000e-02
5.273200000000000109e-02,4.375000000000000416e-02
5.280599999999999877e-02,4.781250000000000777e-02
5.287999999999999645e-02,5.375000000000000611e-02
5.295400000000000107e-02,5.687500000000000888e-02
5.302799999999999875e-02,5.843750000000000333e-02
5.310199999999999643e-02,5.968750000000000444e-02
5.317600000000000104e-02,5.875000000000000361e-02
5.324999999999999872e-02,5.656250000000000167e-02
5.332399999999999640e-02,5.468750000000000000e-02
5.339800000000000102e-02,4.812500000000000111e-02
5.347199999999999870e-02,4.312500000000000361e-02
5.354599999999999638e-02,3.906250000000000000e-02
5.362000000000000099e-02,3.656250000000000472e-02
5.369399999999999867e-02,3.187500000000000056e-02
5.376799999999999635e-02,3.000000000000000236e-02
5.384200000000000097e-02,2.875000000000000472e-02
5.391599999999999865e-02,2.875000000000000472e-02
5.398999999999999633e-02,3.062500000000000291e-02
5.406400000000000095e-02,3.281250000000000139e-02
5.413799999999999862e-02,3.750000000000000555e-02
5.421199999999999630e-02,4.156250000000000222e-02
5.428600000000000092e-02,4.593750000000000611e-02
5.435999999999999860e-02,4.718750000000000722e-02
5.443399999999999628e-02,4.968750000000000250e-02
5.450800000000000090e-02,4.906250000000000194e-02
5.458199999999999857e-02,4.687500000000000000e-02
5.465599999999999625e-02,4.000000000000000083e-02
5.473000000000000087e-02,3.656250000000000472e-02
5.480399999999999855e-02,3.125000000000000000e-02
5.487799999999999623e-02,2.687500000000000305e-02
5.495200000000000085e-02,2.031250000000000416e-02
5.502599999999999852e-02,1.500000000000000291e-02
5.509999999999999620e-02,1.156250000000000333e-02
5.517400000000000082e-02,9.687500000000001665e-03
5.524799999999999850e-02,8.750000000000004302e-03
5.532199999999999618e-02,8.125000000000003747e-03
5.539600000000000080e-02,9.062500000000001110e-03
5.546999999999999847e-02,1.218750000000000389e-02
5.554399999999999615e-02,1.562500000000000347e-02
5.561800000000000077e-02,2.343750000000000347e-02
5.569199999999999845e-02,3.156250000000000028e-02
5.576599999999999613e-02,3.687500000000000500e-02
5.584000000000000075e-02,4.281250000000000333e-02
5.591399999999999842e-02,4.718750000000000722e-02
5.598799999999999610e-02,4.937500000000000222e-02
5.606200000000000072e-02,5.031250000000000305e-02
5.613599999999999840e-02,4.968750000000000250e-02
5.620999999999999608e-02,4.687500000000000000e-02
5.628400000000000070e-02,4.468750000000000500e-02
5.635799999999999838e-02,3.531250000000000361e-02
5.643199999999999605e-02,3.218750000000000083e-02
5.650600000000000067e-02,2.625000000000000250e-02
5.657999999999999835e-02,2.281250000000000291e-02
5.665400000000000297e-02,2.125000000000000500e-02
5.672800000000000065e-02,1.906250000000000305e-02
5.680199999999999833e-02,1.906250000000000305e-02
5.687600000000000294e-02,2.125000000000000500e-02
5.695000000000000062e-02,2.281250000000000291e-02
5.702399999999999830e-02,2.656250000000000278e-02
5.709800000000000292e-02,3.125000000000000000e-02
5.717200000000000060e-02,3.625000000000000444e-02
5.724599999999999828e-02,4.093750000000000167e-02
5.732000000000000289e-02,4.281250000000000333e-02
5.739400000000000057e-02,4.343750000000000389e-02
5.746799999999999825e-02,4.281250000000000333e-02
5.754200000000000287e-02,4.000000000000000083e-02
5.761600000000000055e-02,3.375000000000000222e-02
5.768999999999999823e-02,2.718750000000000333e-02
5.776400000000000284e-02,2.500000000000000139e-02
5.783800000000000052e-02,1.875000000000000278e-02
5.791199999999999820e-02,1.281250000000000444e-02
5.798600000000000282e-02,1.031250000000000222e-02
5.806000000000000050e-02,8.125000000000003747e-03
5.813399999999999818e-02,6.250000000000002082e-03
5.820800000000000279e-02,5.312500000000001249e-03
5.828200000000000047e-02,4.687500000000004163e-03
5.835599999999999815e-02,5.937500000000001804e-03
5.843000000000000277e-02,7.187500000000002914e-03
5.850400000000000045e-02,1.031250000000000222e-02
5.857799999999999813e-02,1.406250000000000208e-02
5.865200000000000274e-02,2.156250000000000527e-02
5.872600000000000042e-02,2.593750000000000222e-02
5.879999999999999810e-02,2.968750000000000208e-02
5.887400000000000272e-02,3.343750000000000194e-02
5.894800000000000040e-02,3.625000000000000444e-02
5.902199999999999808e-02,3.531250000000000361e-02
5.909600000000000269e-02,3.312500000000000167e-02
5.917000000000000037e-02,2.843750000000000444e-02
5.924399999999999805e-02,2.312500000000000319e-02
5.931800000000000267e-02,2.031250000000000416e-02
5.939200000000000035e-02,1.500000000000000291e-02
5.946599999999999803e-02,1.062500000000000250e-02
5.954000000000000264e-02,8.125000000000003747e-03
5.961400000000000032e-02,5.937500000000001804e-03
5.968799999999999800e-02,5.625000000000001527e-03
5.976200000000000262e-02,5.312500000000001249e-03
5.983600000000000030e-02,5.625000000000001527e-03
5.990999999999999798e-02,6.562500000000002359e-03
5.998400000000000259e-02,8.750000000000004302e-03
6.005800000000000027e-02,1.250000000000000416e-02
6.013199999999999795e-02,1.750000000000000167e-02
6.020600000000000257e-02,1.968750000000000361e-02
6.028000000000000025e-02,2.312500000000000319e-02
6.035399999999999793e-02,2.343750000000000347e-02
6.042800000000000255e-02,2.281250000000000291e-02
6.050200000000000022e-02,1.968750000000000361e-02
6.057599999999999790e-02,1.562500000000000347e-02
6.065000000000000252e-02,1.281250000000000444e-02
6.072400000000000020e-02,9.375000000000001388e-03
6.079799999999999788e-02,5.937500000000001804e-03
6.087200000000000250e-02,4.687500000000004163e-03
6.094600000000000017e-02,3.750000000000003331e-03
6.101999999999999785e-02,3.125000000000002776e-03
6.109400000000000247e-02,3.125000000000002776e-03
6.116800000000000015e-02,2.812500000000002498e-03
6.124199999999999783e-02,2.812500000000002498e-03
6.131600000000000245e-02,2.812500000000002498e-03
6.139000000000000012e-02,2.812500000000002498e-03
6.146399999999999780e-02,4.062500000000003608e-03
6.153800000000000242e-02,6.562500000000002359e-03
6.161200000000000010e-02,1.000000000000000194e-02
6.168599999999999778e-02,1.343750000000000153e-02
6.176000000000000240e-02,1.656250000000000430e-02
6.183400000000000007e-02,2.156250000000000527e-02
6.190799999999999775e-02,2.312500000000000319e-02
6.198200000000000237e-02,2.437500000000000083e-02
6.205600000000000005e-02,2.406250000000000056e-02
6.213000000000000467e-02,2.312500000000000319e-02
6.220399999999999541e-02,1.875000000000000278e-02
6.227800000000000002e-02,1.468750000000000264e-02
6.235200000000000464e-02,1.187500000000000361e-02
6.242599999999999538e-02,7.187500000000002914e-03
6.250000000000000000e-02,5.312500000000001249e-03
6.257400000000000462e-02,4.687500000000004163e-03
6.264799999999999536e-02,4.062500000000003608e-03
6.272199999999999998e-02,3.750000000000003331e-03
6.279600000000000459e-02,4.062500000000003608e-03
6.286999999999999533e-02,5.000000000000004441e-03
6.294399999999999995e-02,5.937500000000001804e-03
6.301800000000000457e-02,8.437500000000004025e-03
6.309199999999999531e-02,9.375000000000001388e-03
6.316599999999999993e-02,1.187500000000000361e-02
6.324000000000000454e-02,1.375000000000000180e-02
6.331399999999999528e-02,1.312500000000000125e-02
6.338799999999999990e-02,1.125000000000000305e-02
6.346200000000000452e-02,8.437500000000004025e-03
6.353599999999999526e-02,6.875000000000002637e-03
6.360999999999999988e-02,4.375000000000003886e-03
6.368400000000000449e-02,4.062500000000003608e-03
6.375799999999999523e-02,3.437500000000003053e-03
6.383199999999999985e-02,4.062500000000003608e-03
6.390600000000000447e-02,5.625000000000001527e-03
6.397999999999999521e-02,6.875000000000002637e-03
6.405399999999999983e-02,7.812500000000003469e-03
6.412800000000000444e-02,7.812500000000003469e-03
6.420199999999999518e-02,7.187500000000002914e-03
6.427599999999999980e-02,5.625000000000001527e-03
6.435000000000000442e-02,4.375000000000003886e-03
6.442399999999999516e-02,3.437500000000003053e-03
6.449799999999999978e-02,4.375000000000003886e-03
6.457200000000000439e-02,5.312500000000001249e-03
6.464599999999999513e-02,6.562500000000002359e-03
6.471999999999999975e-02,9.687500000000001665e-03
6.479400000000000437e-02,1.375000000000000180e-02
6.486799999999999511e-02,1.468750000000000264e-02
6.494199999999999973e-02,1.468750000000000264e-02
6.501600000000000434e-02,1.343750000000000153e-02
6.508999999999999508e-02,1.218750000000000389e-02
6.516399999999999970e-02,9.062500000000001110e-03
6.523800000000000432e-02,6.250000000000002082e-03
6.531199999999999506e-02,5.625000000000001527e-03
6.538599999999999968e-02,4.375000000000003886e-03
6.546000000000000429e-02,3.437500000000003053e-03
6.553399999999999503e-02,3.125000000000002776e-03
6.560799999999999965e-02,3.437500000000003053e-03
6.568200000000000427e-02,2.812500000000002498e-03
6.575599999999999501e-02,3.750000000000003331e-03
6.582999999999999963e-02,4.062500000000003608e-03
6.590400000000000424e-02,5.625000000000001527e-03
6.597799999999999498e-02,7.812500000000003469e-03
6.605199999999999960e-02,1.031250000000000222e-02
6.612600000000000422e-02,1.312500000000000125e-02
6.619999999999999496e-02,1.343750000000000153e-02
6.627399999999999958e-02,1.281250000000000444e-02
6.634800000000000419e-02,9.687500000000001665e-03
6.642199999999999493e-02,7.500000000000003192e-03
6.649599999999999955e-02,5.625000000000001527e-03
6.657000000000000417e-02,4.375000000000003886e-03
6.664399999999999491e-02,3.437500000000003053e-03
6.671799999999999953e-02,3.437500000000003053e-03
6.679200000000000415e-02,4.062500000000003608e-03
6.686599999999999488e-02,5.312500000000001249e-03
6.693999999999999950e-02,7.187500000000002914e-03
6.701400000000000412e-02,7.812500000000003469e-03
6.708799999999999486e-02,8.125000000000003747e-03
6.716199999999999948e-02,7.500000000000003192e-03
6.723600000000000410e-02,5.937500000000001804e-03
6.730999999999999484e-02,4.687500000000004163e-03
6.738399999999999945e-02,3.437500000000003053e-03
6.745800000000000407e-02,3.750000000000003331e-03
6.753199999999999481e-02,4.375000000000003886e-03
6.760599999999999943e-02,5.937500000000001804e-03
6.768000000000000405e-02,8.125000000000003747e-03
6.775399999999999479e-02,9.375000000000001388e-03
6.782799999999999940e-02,9.375000000000001388e-03
6.790200000000000402e-02,8.437500000000004025e-03
6.797599999999999476e-02,7.187500000000002914e-03
6.804999999999999938e-02,5.312500000000001249e-03
6.812400000000000400e-02,4.062500000000003608e-03
6.819799999999999474e-02,4.062500000000003608e-03
6.827199999999999935e-02,4.062500000000003608e-03
6.834600000000000397e-02,4.687500000000004163e-03
6.841999999999999471e-02,5.312500000000001249e-03
6.849399999999999933e-02,5.625000000000001527e-03
6.856800000000000395e-02,5.312500000000001249e-03
6.864199999999999469e-02,4.062500000000003608e-03
6.871599999999999930e-02,3.750000000000003331e-03
6.879000000000000392e-02,3.437500000000003053e-03
6.886399999999999466e-02,3.750000000000003331e-03
6.893799999999999928e-02,4.062500000000003608e-03
6.901200000000000390e-02,5.625000000000001527e-03
6.908599999999999464e-02,6.875000000000002637e-03
6.915999999999999925e-02,6.562500000000002359e-03
6.923400000000000387e-02,5.937500000000001804e-03
6.930799999999999461e-02,4.687500000000004163e-03
6.938199999999999923e-02,3.437500000000003053e-03
6.945600000000000385e-02,3.437500000000003053e-03
6.952999999999999459e-02,3.437500000000003053e-03
6.960399999999999920e-02,3.437500000000003053e-03
6.967800000000000382e-02,5.000000000000004441e-03
6.975199999999999456e-02,6.562500000000002359e-03
6.982599999999999918e-02,9.062500000000001110e-03
6.990000000000000380e-02,1.062500000000000250e-02
6.997399999999999454e-02,1.156250000000000333e-02
7.004799999999999915e-02,1.156250000000000333e-02
7.012200000000000377e-02,1.000000000000000194e-02
7.019599999999999451e-02,8.437500000000004025e-03
7.026999999999999913e-02,6.250000000000002082e-03
7.034400000000000375e-02,4.375000000000003886e-03
7.041799999999999449e-02,4.062500000000003608e-03
7.049199999999999910e-02,4.687500000000004163e-03
7.056600000000000372e-02,5.937500000000001804e-03
7.063999999999999446e-02,7.500000000000003192e-03
7.071399999999999908e-02,8.750000000000004302e-03
7.078800000000000370e-02,9.687500000000001665e-03
7.086199999999999444e-02,9.062500000000001110e-03
7.093599999999999905e-02,7.187500000000002914e-03
7.101000000000000367e-02,6.562500000000002359e-03
7.108399999999999441e-02,4.375000000000003886e-03
7.115799999999999903e-02,4.062500000000003608e-03
7.123200000000000365e-02,4.062500000000003608e-03
7.130599999999999439e-02,4.062500000000003608e-03
7.137999999999999901e-02,4.375000000000003886e-03
7.145400000000000362e-02,5.000000000000004441e-03
7.152799999999999436e-02,4.375000000000003886e-03
7.160199999999999898e-02,4.375000000000003886e-03
7.167600000000000360e-02,3.437500000000003053e-03
7.174999999999999434e-02,3.125000000000002776e-03
7.182399999999999896e-02,3.125000000000002776e-03
7.189800000000000357e-02,3.125000000000002776e-03
7.197199999999999431e-02,3.750000000000003331e-03
7.204599999999999893e-02,4.062500000000003608e-03
7.212000000000000355e-02,3.750000000000003331e-03
7.219399999999999429e-02,3.125000000000002776e-03
7.226799999999999891e-02,3.125000000000002776e-03
7.234200000000000352e-02,3.125000000000002776e-03
7.241599999999999426e-02,4.687500000000004163e-03
7.248999999999999888e-02,7.187500000000002914e-03
7.256400000000000350e-02,1.000000000000000194e-02
7.263799999999999424e-02,1.406250000000000208e-02
7.271199999999999886e-02,1.718750000000000139e-02
7.278600000000000347e-02,2.125000000000000500e-02
7.285999999999999421e-02,2.406250000000000056e-02
7.293399999999999883e-02,2.531250000000000167e-02
7.300800000000000345e-02,2.468750000000000111e-02
7.308199999999999419e-02,2.218750000000000236e-02
7.315599999999999881e-02,1.812500000000000222e-02
7.323000000000000342e-02,1.531250000000000319e-02
7.330399999999999416e-02,1.250000000000000416e-02
7.337799999999999878e-02,7.500000000000003192e-03
7.345200000000000340e-02,5.937500000000001804e-03
7.352599999999999414e-02,4.062500000000003608e-03
7.359999999999999876e-02,3.437500000000003053e-03
7.367400000000000337e-02,2.812500000000002498e-03
7.374799999999999411e-02,2.500000000000002220e-03
7.382199999999999873e-02,2.812500000000002498e-03
7.389600000000000335e-02,2.500000000000002220e-03
7.396999999999999409e-02,3.750000000000003331e-03
7.404399999999999871e-02,5.625000000000001527e-03
7.411800000000000332e-02,6.250000000000002082e-03
7.419199999999999406e-02,7.812500000000003469e-03
7.426599999999999868e-02,9.375000000000001388e-03
7.434000000000000330e-02,1.000000000000000194e-02
7.441399999999999404e-02,1.000000000000000194e-02
7.448799999999999866e-02,9.687500000000001665e-03
7.456200000000000327e-02,8.750000000000004302e-03
7.463599999999999401e-02,7.500000000000003192e-03
7.470999999999999863e-02,5.312500000000001249e-03
7.478400000000000325e-02,4.375000000000003886e-03
7.485799999999999399e-02,3.750000000000003331e-03
7.493199999999999861e-02,3.437500000000003053e-03
7.500600000000000322e-02,2.812500000000002498e-03
7.507999999999999396e-02,3.125000000000002776e-03
7.515399999999999858e-02,5.000000000000004441e-03
7.522800000000000320e-02,5.937500000000001804e-03
7.530199999999999394e-02,1.000000000000000194e-02
7.537599999999999856e-02,1.218750000000000389e-02
7.545000000000000318e-02,1.562500000000000347e-02
7.552399999999999392e-02,1.812500000000000222e-02
7.559799999999999853e-02,2.281250000000000291e-02
7.567200000000000315e-02,2.562500000000000194e-02
7.574599999999999389e-02,2.687500000000000305e-02
7.581999999999999851e-02,2.781250000000000389e-02
7.589400000000000313e-02,2.718750000000000333e-02
7.596799999999999387e-02,2.437500000000000083e-02
7.604199999999999848e-02,2.031250000000000416e-02
7.611600000000000310e-02,1.593750000000000375e-02
7.618999999999999384e-02,1.250000000000000416e-02
7.626399999999999846e-02,9.375000000000001388e-03
7.633800000000000308e-02,7.187500000000002914e-03
7.641199999999999382e-02,4.375000000000003886e-03
7.648599999999999843e-02,3.437500000000003053e-03
7.656000000000000305e-02,2.812500000000002498e-03
7.663399999999999379e-02,2.812500000000002498e-03
7.670799999999999841e-02,3.437500000000003053e-03
7.678200000000000303e-02,4.687500000000004163e-03
7.685599999999999377e-02,6.562500000000002359e-03
7.692999999999999838e-02,1.125000000000000305e-02
7.700400000000000300e-02,1.562500000000000347e-02
7.707799999999999374e-02,1.781250000000000194e-02
7.715199999999999836e-02,2.156250000000000527e-02
7.722600000000000298e-02,2.406250000000000056e-02
7.729999999999999372e-02,2.406250000000000056e-02
7.737399999999999833e-02,2.187500000000000555e-02
7.744800000000000295e-02,2.093750000000000472e-02
7.752199999999999369e-02,1.625000000000000402e-02
7.759599999999999831e-02,1.437500000000000236e-02
7.767000000000000293e-02,9.687500000000001665e-03
7.774399999999999367e-02,7.500000000000003192e-03
7.781799999999999828e-02,4.687500000000004163e-03
7.789200000000000290e-02,4.375000000000003886e-03
7.796599999999999364e-02,3.437500000000003053e-03
7.803999999999999826e-02,4.062500000000003608e-03
7.811400000000000288e-02,5.000000000000004441e-03
7.818799999999999362e-02,7.812500000000003469e-03
7.826199999999999823e-02,1.468750000000000264e-02
7.833600000000000285e-02,1.718750000000000139e-02
7.840999999999999359e-02,2.531250000000000167e-02
7.848399999999999821e-02,2.781250000000000389e-02
7.855800000000000283e-02,3.250000000000000111e-02
7.863199999999999357e-02,3.843750000000000638e-02
7.870599999999999818e-02,3.937500000000000722e-02
7.878000000000000280e-02,3.968750000000000056e-02
7.885399999999999354e-02,3.906250000000000000e-02
7.892799999999999816e-02,3.656250000000000472e-02
7.900200000000000278e-02,3.156250000000000028e-02
7.907599999999999352e-02,2.593750000000000222e-02
7.914999999999999813e-02,1.937500000000000333e-02
7.922400000000000275e-02,1.375000000000000180e-02
7.929799999999999349e-02,9.062500000000001110e-03
7.937199999999999811e-02,7.500000000000003192e-03
7.944600000000000273e-02,5.312500000000001249e-03
7.951999999999999347e-02,3.750000000000003331e-03
7.959399999999999809e-02,3.437500000000003053e-03
7.966800000000000270e-02,3.437500000000003053e-03
7.974199999999999344e-02,4.687500000000004163e-03
7.981599999999999806e-02,7.187500000000002914e-03
7.989000000000000268e-02,1.250000000000000416e-02
7.996399999999999342e-02,1.625000000000000402e-02
8.003799999999999804e-02,2.250000000000000264e-02
8.011200000000000265e-02,2.843750000000000444e-02
8.018599999999999339e-02,3.218750000000000083e-02
8.025999999999999801e-02,3.312500000000000167e-02
8.033400000000000263e-02,3.343750000000000194e-02
8.040799999999999337e-02,3.187500000000000056e-02
8.048199999999999799e-02,2.906250000000000500e-02
8.055600000000000260e-02,2.375000000000000375e-02
8.062999999999999334e-02,2.093750000000000472e-02
8.070399999999999796e-02,1.562500000000000347e-02
8.077800000000000258e-02,1.125000000000000305e-02
8.085199999999999332e-02,9.375000000000001388e-03
8.092599999999999794e-02,7.187500000000002914e-03
8.100000000000000255e-02,7.812500000000003469e-03
8.107399999999999329e-02,9.687500000000001665e-03
8.114799999999999791e-02,1.187500000000000361e-02
8.122200000000000253e-02,1.718750000000000139e-02
8.129599999999999327e-02,2.218750000000000236e-02
8.136999999999999789e-02,2.875000000000000472e-02
8.144400000000000250e-02,3.375000000000000222e-02
8.151799999999999324e-02,4.062500000000000139e-02
8.159199999999999786e-02,4.437500000000000472e-02
8.166600000000000248e-02,4.750000000000000056e-02
8.173999999999999322e-02,5.000000000000000278e-02
8.181399999999999784e-02,5.000000000000000278e-02
8.188800000000000245e-02,4.812500000000000111e-02
8.196199999999999319e-02,4.562500000000000583e-02
8.203599999999999781e-02,4.062500000000000139e-02
8.211000000000000243e-02,3.656250000000000472e-02
8.218399999999999317e-02,2.718750000000000333e-02
8.225799999999999779e-02,2.187500000000000555e-02
8.233200000000000240e-02,1.656250000000000430e-02
8.240599999999999314e-02,1.312500000000000125e-02
8.247999999999999776e-02,1.156250000000000333e-02
8.255400000000000238e-02,9.687500000000001665e-03
8.262799999999999312e-02,9.375000000000001388e-03
8.270199999999999774e-02,1.093750000000000278e-02
8.277600000000000235e-02,1.375000000000000180e-02
8.284999999999999309e-02,1.906250000000000305e-02
8.292399999999999771e-02,2.343750000000000347e-02
8.299800000000000233e-02,3.062500000000000291e-02
8.307199999999999307e-02,3.437500000000000278e-02
8.314599999999999769e-02,3.718750000000000527e-02
8.322000000000000230e-02,3.843750000000000638e-02
8.329399999999999304e-02,3.906250000000000000e-02
8.336799999999999766e-02,3.781250000000000583e-02
8.344200000000000228e-02,3.375000000000000222e-02
8.351599999999999302e-02,3.000000000000000236e-02
8.358999999999999764e-02,2.468750000000000111e-02
8.366400000000000226e-02,2.281250000000000291e-02
8.373799999999999299e-02,1.656250000000000430e-02
8.381199999999999761e-02,1.406250000000000208e-02
8.388600000000000223e-02,1.375000000000000180e-02
8.395999999999999297e-02,1.531250000000000319e-02
8.403399999999999759e-02,1.781250000000000194e-02
8.410800000000000221e-02,2.187500000000000555e-02
8.418199999999999295e-02,2.562500000000000194e-02
8.425599999999999756e-02,3.125000000000000000e-02
8.433000000000000218e-02,3.687500000000000500e-02
8.440399999999999292e-02,4.187500000000000250e-02
8.447799999999999754e-02,4.593750000000000611e-02
8.455200000000000216e-02,4.937500000000000222e-02
8.462599999999999290e-02,5.312500000000000555e-02
8.469999999999999751e-02,5.468750000000000000e-02
8.477400000000000213e-02,5.500000000000000722e-02
8.484799999999999287e-02,5.437500000000000666e-02
8.492199999999999749e-02,5.218750000000000472e-02
8.499600000000000211e-02,4.875000000000000167e-02
8.506999999999999285e-02,4.500000000000000527e-02
8.514399999999999746e-02,3.843750000000000638e-02
8.521800000000000208e-02,3.281250000000000139e-02
8.529199999999999282e-02,2.406250000000000056e-02
8.536599999999999744e-02,2.156250000000000527e-02
8.544000000000000206e-02,1.906250000000000305e-02
8.551399999999999280e-02,1.781250000000000194e-02
8.558799999999999741e-02,1.968750000000000361e-02
8.566200000000000203e-02,2.250000000000000264e-02
8.573599999999999277e-02,2.562500000000000194e-02
8.580999999999999739e-02,3.281250000000000139e-02
8.588400000000000201e-02,4.000000000000000083e-02
8.595799999999999275e-02,4.281250000000000333e-02
8.603199999999999736e-02,4.718750000000000722e-02
8.610600000000000198e-02,4.937500000000000222e-02
8.617999999999999272e-02,5.031250000000000305e-02
8.625399999999999734e-02,5.031250000000000305e-02
8.632800000000000196e-02,4.906250000000000194e-02
8.640199999999999270e-02,4.593750000000000611e-02
8.647599999999999731e-02,4.343750000000000389e-02
8.655000000000000193e-02,4.031250000000000111e-02
8.662399999999999267e-02,3.531250000000000361e-02
8.669799999999999729e-02,3.093750000000000319e-02
8.677200000000000191e-02,2.968750000000000208e-02
8.684599999999999265e-02,2.781250000000000389e-02
8.691999999999999726e-02,2.906250000000000500e-02
8.699400000000000188e-02,3.312500000000000167e-02
8.706799999999999262e-02,3.593750000000000416e-02
8.714199999999999724e-02,4.125000000000000194e-02
8.721600000000000186e-02,4.718750000000000722e-02
8.728999999999999260e-02,5.156250000000000416e-02
8.736399999999999721e-02,5.406249999999999944e-02
8.743800000000000183e-02,5.625000000000000833e-02
8.751199999999999257e-02,5.875000000000000361e-02
8.758599999999999719e-02,5.937500000000000416e-02
8.766000000000000181e-02,6.000000000000000472e-02
8.773399999999999255e-02,5.968750000000000444e-02
8.780799999999999716e-02,5.875000000000000361e-02
8.788200000000000178e-02,5.687500000000000888e-02
8.795599999999999252e-02,5.156250000000000416e-02
8.802999999999999714e-02,4.562500000000000583e-02
8.810400000000000176e-02,3.968750000000000056e-02
8.817799999999999250e-02,3.500000000000000333e-02
8.825199999999999712e-02,2.625000000000000250e-02
8.832600000000000173e-02,2.156250000000000527e-02
8.839999999999999247e-02,1.968750000000000361e-02
8.847399999999999709e-02,1.843750000000000250e-02
8.854800000000000171e-02,1.937500000000000333e-02
8.862199999999999245e-02,2.156250000000000527e-02
8.869599999999999707e-02,2.406250000000000056e-02
8.877000000000000168e-02,2.968750000000000208e-02
8.884399999999999242e-02,3.593750000000000416e-02
8.891799999999999704e-02,3.968750000000000056e-02
8.899200000000000166e-02,4.437500000000000472e-02
8.906599999999999240e-02,4.562500000000000583e-02
8.913999999999999702e-02,4.750000000000000056e-02
8.921400000000000163e-02,4.750000000000000056e-02
8.928799999999999237e-02,4.687500000000000000e-02
8.936199999999999699e-02,4.312500000000000361e-02
8.943600000000000161e-02,4.031250000000000111e-02
8.950999999999999235e-02,3.656250000000000472e-02
8.958399999999999697e-02,3.250000000000000111e-02
8.965800000000000158e-02,2.843750000000000444e-02
8.973199999999999232e-02,2.625000000000000250e-02
8.980599999999999694e-02,2.687500000000000305e-02
8.988000000000000156e-02,3.125000000000000000e-02
8.995399999999999230e-02,3.406250000000000250e-02
9.002799999999999692e-02,4.062500000000000139e-02
9.010200000000000153e-02,4.593750000000000611e-02
9.017599999999999227e-02,5.062500000000000333e-02
9.024999999999999689e-02,5.343749999999999889e-02
9.032400000000000151e-02,5.781250000000000278e-02
9.039799999999999225e-02,5.906250000000000389e-02
9.047199999999999687e-02,6.000000000000000472e-02
9.054600000000000148e-02,6.031250000000000500e-02
9.061999999999999222e-02,6.093750000000000555e-02
9.069399999999999684e-02,6.062500000000000527e-02
9.076800000000000146e-02,6.062500000000000527e-02
9.084199999999999220e-02,5.968750000000000444e-02
9.091599999999999682e-02,5.656250000000000167e-02
9.099000000000000143e-02,5.281250000000000527e-02
9.106399999999999217e-02,4.781250000000000777e-02
9.113799999999999679e-02,4.375000000000000416e-02
9.121200000000000141e-02,3.718750000000000527e-02
9.128599999999999215e-02,3.437500000000000278e-02
9.135999999999999677e-02,3.187500000000000056e-02
9.143400000000000138e-02,3.000000000000000236e-02
9.150799999999999212e-02,3.156250000000000028e-02
9.158199999999999674e-02,3.375000000000000222e-02
9.165600000000000136e-02,3.937500000000000722e-02
9.172999999999999210e-02,4.187500000000000250e-02
9.180399999999999672e-02,4.593750000000000611e-02
9.187800000000000133e-02,5.031250000000000305e-02
9.195199999999999207e-02,5.093750000000000361e-02
9.202599999999999669e-02,5.312500000000000555e-02
9.210000000000000131e-02,5.343749999999999889e-02
9.217399999999999205e-02,5.312500000000000555e-02
9.224799999999999667e-02,5.156250000000000416e-02
9.232200000000000129e-02,4.937500000000000222e-02
9.239599999999999203e-02,4.500000000000000527e-02
9.246999999999999664e-02,4.125000000000000194e-02
9.254400000000000126e-02,3.750000000000000555e-02
9.261799999999999200e-02,3.562500000000000389e-02
9.269199999999999662e-02,3.375000000000000222e-02
9.276600000000000124e-02,3.468750000000000305e-02
9.283999999999999198e-02,3.625000000000000444e-02
9.291399999999999659e-02,3.906250000000000000e-02
9.298800000000000121e-02,4.406250000000000444e-02
9.306199999999999195e-02,4.843750000000000139e-02
9.313599999999999657e-02,5.125000000000000389e-02
9.321000000000000119e-02,5.593750000000000111e-02
9.328399999999999193e-02,5.750000000000000250e-02
9.335799999999999654e-02,5.906250000000000389e-02
9.343200000000000116e-02,6.000000000000000472e-02
9.350599999999999190e-02,6.062500000000000527e-02
9.357999999999999652e-02,6.093750000000000555e-02
9.365400000000000114e-02,6.031250000000000500e-02
9.372799999999999188e-02,5.968750000000000444e-02
9.380199999999999649e-02,5.750000000000000250e-02
9.387600000000000111e-02,5.562500000000000777e-02
9.394999999999999185e-02,5.218750000000000472e-02
9.402399999999999647e-02,4.812500000000000111e-02
9.409800000000000109e-02,4.093750000000000167e-02
9.417199999999999183e-02,3.781250000000000583e-02
9.424599999999999644e-02,3.531250000000000361e-02
9.432000000000000106e-02,3.468750000000000305e-02
9.439399999999999180e-02,3.531250000000000361e-02
9.446799999999999642e-02,3.937500000000000722e-02
9.454200000000000104e-02,4.218750000000000278e-02
9.461599999999999178e-02,4.562500000000000583e-02
9.468999999999999639e-02,5.062500000000000333e-02
9.476400000000000101e-02,5.312500000000000555e-02
9.483799999999999175e-02,5.593750000000000111e-02
9.491199999999999637e-02,5.750000000000000250e-02
9.498600000000000099e-02,5.781250000000000278e-02
9.505999999999999173e-02,5.812500000000000305e-02
9.513399999999999634e-02,5.750000000000000250e-02
9.520800000000000096e-02,5.718750000000000222e-02
9.528199999999999170e-02,5.343749999999999889e-02
9.535599999999999632e-02,5.093750000000000361e-02
9.543000000000000094e-02,4.781250000000000777e-02
9.550399999999999168e-02,4.531250000000000555e-02
9.557799999999999629e-02,4.281250000000000333e-02
9.565200000000000091e-02,4.187500000000000250e-02
9.572599999999999165e-02,4.343750000000000389e-02
9.579999999999999627e-02,4.656250000000000666e-02
9.587400000000000089e-02,5.093750000000000361e-02
9.594799999999999163e-02,5.437500000000000666e-02
9.602199999999999624e-02,5.593750000000000111e-02
9.609600000000000086e-02,5.906250000000000389e-02
9.616999999999999160e-02,6.124999999999999889e-02
9.624399999999999622e-02,6.124999999999999889e-02
9.631800000000000084e-02,6.062500000000000527e-02
9.639199999999999158e-02,6.031250000000000500e-02
9.646599999999999620e-02,5.968750000000000444e-02
9.654000000000000081e-02,6.031250000000000500e-02
9.661399999999999155e-02,6.000000000000000472e-02
9.668799999999999617e-02,6.062500000000000527e-02
9.676200000000000079e-02,6.062500000000000527e-02
9.683599999999999153e-02,5.968750000000000444e-02
9.690999999999999615e-02,5.875000000000000361e-02
9.698400000000000076e-02,5.312500000000000555e-02
9.705799999999999150e-02,5.031250000000000305e-02
9.713199999999999612e-02,4.687500000000000000e-02
9.720600000000000074e-02,4.406250000000000444e-02
9.727999999999999148e-02,4.281250000000000333e-02
9.735399999999999610e-02,4.312500000000000361e-02
9.742800000000000071e-02,4.468750000000000500e-02
9.750199999999999145e-02,4.750000000000000056e-02
9.757599999999999607e-02,4.968750000000000250e-02
9.765000000000000069e-02,5.312500000000000555e-02
9.772399999999999143e-02,5.625000000000000833e-02
9.779799999999999605e-02,5.687500000000000888e-02
9.787200000000000066e-02,5.812500000000000305e-02
9.794599999999999140e-02,5.906250000000000389e-02
9.801999999999999602e-02,5.937500000000000416e-02
9.809400000000000064e-02,5.875000000000000361e-02
9.816799999999999138e-02,5.812500000000000305e-02
9.824199999999999600e-02,5.656250000000000167e-02
9.831600000000000061e-02,5.562500000000000777e-02
9.838999999999999135e-02,5.375000000000000611e-02
9.846399999999999597e-02,5.187500000000000444e-02
9.853800000000000059e-02,5.031250000000000305e-02
9.861199999999999133e-02,5.093750000000000361e-02
9.868599999999999595e-02,5.250000000000000500e-02
9.876000000000000056e-02,5.468750000000000000e-02
9.883399999999999130e-02,5.687500000000000888e-02
9.890799999999999592e-02,5.781250000000000278e-02
9.898200000000000054e-02,5.937500000000000416e-02
9.905599999999999128e-02,6.031250000000000500e-02
9.912999999999999590e-02,6.093750000000000555e-02
9.920400000000000051e-02,6.124999999999999889e-02
9.927799999999999125e-02,6.124999999999999889e-02
9.935199999999999587e-02,6.093750000000000555e-02
9.942600000000000049e-02,6.093750000000000555e-02
9.949999999999999123e-02,6.124999999999999889e-02
9.957399999999999585e-02,6.093750000000000555e-02
9.964800000000000046e-02,6.093750000000000555e-02
9.972199999999999120e-02,6.000000000000000472e-02
9.979599999999999582e-02,5.906250000000000389e-02
9.987000000000000044e-02,5.656250000000000167e-02
9.994399999999999118e-02,5.437500000000000666e-02
1.000179999999999958e-01,5.062500000000000333e-02
1.000920000000000004e-01,4.937500000000000222e-02
1.001659999999999912e-01,4.875000000000000167e-02
1.002399999999999958e-01,4.875000000000000167e-02
1.003140000000000004e-01,5.000000000000000278e-02
1.003879999999999911e-01,5.187500000000000444e-02
1.004619999999999957e-01,5.437500000000000666e-02
1.005360000000000004e-01,5.687500000000000888e-02
1.006099999999999911e-01,5.781250000000000278e-02
1.006839999999999957e-01,5.906250000000000389e-02
1.007580000000000003e-01,5.968750000000000444e-02
1.008319999999999911e-01,6.000000000000000472e-02
1.009059999999999957e-01,6.000000000000000472e-02
1.009800000000000003e-01,6.000000000000000472e-02
1.010539999999999911e-01,5.875000000000000361e-02
1.011279999999999957e-01,5.625000000000000833e-02
1.012020000000000003e-01,5.500000000000000722e-02
1.012759999999999910e-01,5.093750000000000361e-02
1.013499999999999956e-01,4.968750000000000250e-02
1.014240000000000003e-01,4.718750000000000722e-02
1.014979999999999910e-01,4.687500000000000000e-02
1.015719999999999956e-01,4.812500000000000111e-02
1.016460000000000002e-01,5.093750000000000361e-02
1.017199999999999910e-01,5.562500000000000777e-02
1.017939999999999956e-01,5.781250000000000278e-02
1.018680000000000002e-01,5.875000000000000361e-02
1.019419999999999910e-01,6.062500000000000527e-02
1.020159999999999956e-01,6.124999999999999889e-02
1.020900000000000002e-01,6.187499999999999944e-02
1.021639999999999909e-01,6.187499999999999944e-02
1.022379999999999955e-01,6.124999999999999889e-02
1.023120000000000002e-01,6.124999999999999889e-02
1.023859999999999909e-01,6.124999999999999889e-02
1.024599999999999955e-01,6.156250000000000611e-02
1.025340000000000001e-01,6.156250000000000611e-02
1.026079999999999909e-01,6.124999999999999889e-02
1.026819999999999955e-01,6.000000000000000472e-02
1.027560000000000001e-01,5.750000000000000250e-02
1.028299999999999909e-01,5.375000000000000611e-02
1.029039999999999955e-01,5.125000000000000389e-02
1.029780000000000001e-01,4.812500000000000111e-02
1.030519999999999908e-01,4.562500000000000583e-02
1.031259999999999954e-01,4.531250000000000555e-02
1.032000000000000001e-01,4.562500000000000583e-02
1.032739999999999908e-01,4.718750000000000722e-02
1.033479999999999954e-01,4.812500000000000111e-02
1.034220000000000000e-01,5.125000000000000389e-02
1.034959999999999908e-01,5.406249999999999944e-02
1.035699999999999954e-01,5.531250000000000056e-02
1.036440000000000000e-01,5.718750000000000222e-02
1.037179999999999908e-01,5.812500000000000305e-02
1.037919999999999954e-01,5.906250000000000389e-02
1.038660000000000000e-01,5.968750000000000444e-02
1.039399999999999907e-01,5.906250000000000389e-02
1.040139999999999953e-01,5.812500000000000305e-02
1.040880000000000000e-01,5.593750000000000111e-02
1.041619999999999907e-01,5.375000000000000611e-02
1.042359999999999953e-01,5.156250000000000416e-02
1.043099999999999999e-01,5.093750000000000361e-02
1.043839999999999907e-01,5.000000000000000278e-02
1.044579999999999953e-01,5.000000000000000278e-02
1.045319999999999999e-01,5.343749999999999889e-02
1.046059999999999907e-01,5.468750000000000000e-02
1.046799999999999953e-01,5.687500000000000888e-02
1.047539999999999999e-01,5.875000000000000361e-02
1.048279999999999906e-01,6.062500000000000527e-02
1.049019999999999953e-01,6.156250000000000611e-02
1.049759999999999999e-01,6.218750000000000666e-02
1.050499999999999906e-01,6.156250000000000611e-02
1.051239999999999952e-01,6.187499999999999944e-02
1.051979999999999998e-01,6.124999999999999889e-02
1.052719999999999906e-01,6.124999999999999889e-02
1.053459999999999952e-01,6.187499999999999944e-02
1.054199999999999998e-01,6.218750000000000666e-02
1.054939999999999906e-01,6.093750000000000555e-02
1.055679999999999952e-01,5.843750000000000333e-02
1.056419999999999998e-01,5.718750000000000222e-02
1.057159999999999905e-01,5.187500000000000444e-02
1.057899999999999952e-01,5.000000000000000278e-02
1.058639999999999998e-01,4.468750000000000500e-02
1.059379999999999905e-01,4.281250000000000333e-02
1.060119999999999951e-01,4.187500000000000250e-02
1.060859999999999997e-01,4.156250000000000222e-02
1.061599999999999905e-01,4.218750000000000278e-02
1.062339999999999951e-01,4.500000000000000527e-02
1.063079999999999997e-01,4.843750000000000139e-02
1.063819999999999905e-01,5.062500000000000333e-02
1.064559999999999951e-01,5.375000000000000611e-02
1.065299999999999997e-01,5.687500000000000888e-02
1.066039999999999904e-01,5.843750000000000333e-02
1.066779999999999951e-01,5.875000000000000361e-02
1.067519999999999997e-01,5.906250000000000389e-02
1.068259999999999904e-01,5.875000000000000361e-02
1.068999999999999950e-01,5.843750000000000333e-02
1.069739999999999996e-01,5.718750000000000222e-02
1.070479999999999904e-01,5.406249999999999944e-02
1.071219999999999950e-01,5.156250000000000416e-02
1.071959999999999996e-01,5.000000000000000278e-02
1.072699999999999904e-01,4.718750000000000722e-02
1.073439999999999950e-01,4.656250000000000666e-02
1.074179999999999996e-01,4.687500000000000000e-02
1.074919999999999903e-01,5.062500000000000333e-02
1.075659999999999950e-01,5.281250000000000527e-02
1.076399999999999996e-01,5.562500000000000777e-02
1.077139999999999903e-01,5.906250000000000389e-02
1.077879999999999949e-01,6.062500000000000527e-02
1.078619999999999995e-01,6.031250000000000500e-02
1.079359999999999903e-01,5.937500000000000416e-02
1.080099999999999949e-01,5.812500000000000305e-02
1.080839999999999995e-01,5.531250000000000056e-02
1.081579999999999903e-01,5.468750000000000000e-02
1.082319999999999949e-01,5.437500000000000666e-02
1.083059999999999995e-01,5.500000000000000722e-02
1.083799999999999902e-01,5.656250000000000167e-02
1.084539999999999949e-01,5.875000000000000361e-02
1.085279999999999995e-01,6.000000000000000472e-02
1.086019999999999902e-01,6.062500000000000527e-02
1.086759999999999948e-01,6.031250000000000500e-02
1.087499999999999994e-01,5.906250000000000389e-02
1.088239999999999902e-01,5.593750000000000111e-02
1.088979999999999948e-01,5.375000000000000611e-02
1.089719999999999994e-01,5.343749999999999889e-02
1.090459999999999902e-01,5.406249999999999944e-02
1.091199999999999948e-01,5.500000000000000722e-02
1.091939999999999994e-01,5.750000000000000250e-02
1.092679999999999901e-01,5.843750000000000333e-02
1.093419999999999948e-01,5.875000000000000361e-02
1.094159999999999994e-01,5.968750000000000444e-02
1.094899999999999901e-01,5.968750000000000444e-02
1.095639999999999947e-01,5.968750000000000444e-02
1.096379999999999993e-01,5.968750000000000444e-02
1.097119999999999901e-01,6.031250000000000500e-02
1.097859999999999947e-01,6.062500000000000527e-02
1.098599999999999993e-01,6.031250000000000500e-02
1.099339999999999901e-01,5.968750000000000444e-02
1.100079999999999947e-01,5.906250000000000389e-02
1.100819999999999993e-01,5.656250000000000167e-02
1.101559999999999900e-01,5.562500000000000777e-02
1.102299999999999947e-01,5.343749999999999889e-02
1.103039999999999993e-01,5.281250000000000527e-02
1.103779999999999900e-01,5.343749999999999889e-02
1.104519999999999946e-01,5.593750000000000111e-02
1.105259999999999992e-01,5.812500000000000305e-02
1.105999999999999900e-01,5.968750000000000444e-02
1.106739999999999946e-01,6.124999999999999889e-02
1.107479999999999992e-01,6.156250000000000611e-02
1.108219999999999900e-01,6.031250000000000500e-02
1.108959999999999946e-01,5.968750000000000444e-02
1.109699999999999992e-01,5.687500000000000888e-02
1.110439999999999899e-01,5.562500000000000777e-02
1.111179999999999946e-01,5.375000000000000611e-02
1.111919999999999992e-01,5.375000000000000611e-02
1.112659999999999899e-01,5.468750000000000000e-02
1.113399999999999945e-01,5.656250000000000167e-02
1.114139999999999991e-01,5.781250000000000278e-02
1.114879999999999899e-01,5.937500000000000416e-02
1.115619999999999945e-01,6.062500000000000527e-02
1.116359999999999991e-01,6.093750000000000555e-02
1.117099999999999899e-01,5.906250000000000389e-02
1.117839999999999945e-01,5.812500000000000305e-02
1.118579999999999991e-01,5.781250000000000278e-02
1.119319999999999898e-01,5.781250000000000278e-02
1.120059999999999945e-01,5.843750000000000333e-02
1.120799999999999991e-01,5.875000000000000361e-02
1.121539999999999898e-01,5.968750000000000444e-02
1.122279999999999944e-01,5.968750000000000444e-02
1.123019999999999990e-01,5.812500000000000305e-02
1.123759999999999898e-01,5.718750000000000222e-02
1.124499999999999944e-01,5.531250000000000056e-02
1.125239999999999990e-01,5.312500000000000555e-02
1.125979999999999898e-01,5.250000000000000500e-02
1.126719999999999944e-01,5.312500000000000555e-02
1.127459999999999990e-01,5.406249999999999944e-02
1.128199999999999897e-01,5.593750000000000111e-02
1.128939999999999944e-01,5.687500000000000888e-02
1.129679999999999990e-01,5.781250000000000278e-02
1.130419999999999897e-01,5.906250000000000389e-02
1.131159999999999943e-01,6.000000000000000472e-02
1.131899999999999989e-01,6.062500000000000527e-02
1.132639999999999897e-01,6.093750000000000555e-02
1.133379999999999943e-01,6.218750000000000666e-02
1.134119999999999989e-01,6.250000000000000000e-02
1.134860000000000035e-01,6.218750000000000666e-02
1.135599999999999943e-01,6.124999999999999889e-02
1.136339999999999989e-01,5.906250000000000389e-02
1.137080000000000035e-01,5.687500000000000888e-02
1.137819999999999943e-01,5.468750000000000000e-02
1.138559999999999989e-01,5.187500000000000444e-02
1.139300000000000035e-01,4.718750000000000722e-02
1.140039999999999942e-01,4.562500000000000583e-02
1.140779999999999988e-01,4.406250000000000444e-02
1.141520000000000035e-01,4.437500000000000472e-02
1.142259999999999942e-01,4.656250000000000666e-02
1.142999999999999988e-01,4.812500000000000111e-02
1.143740000000000034e-01,5.375000000000000611e-02
1.144479999999999942e-01,5.625000000000000833e-02
1.145219999999999988e-01,5.968750000000000444e-02
1.145960000000000034e-01,6.031250000000000500e-02
1.146699999999999942e-01,5.968750000000000444e-02
1.147439999999999988e-01,5.968750000000000444e-02
1.148180000000000034e-01,5.968750000000000444e-02
1.148919999999999941e-01,6.000000000000000472e-02
1.149659999999999987e-01,6.031250000000000500e-02
1.150400000000000034e-01,6.093750000000000555e-02
1.151139999999999941e-01,6.093750000000000555e-02
1.151879999999999987e-01,6.093750000000000555e-02
1.152620000000000033e-01,6.000000000000000472e-02
1.153359999999999941e-01,5.843750000000000333e-02
1.154099999999999987e-01,5.656250000000000167e-02
1.154840000000000033e-01,5.500000000000000722e-02
1.155579999999999941e-01,5.500000000000000722e-02
1.156319999999999987e-01,5.562500000000000777e-02
1.157060000000000033e-01,5.718750000000000222e-02
1.157799999999999940e-01,5.750000000000000250e-02
1.158539999999999986e-01,5.875000000000000361e-02
1.159280000000000033e-01,5.968750000000000444e-02
1.160019999999999940e-01,6.000000000000000472e-02
1.160759999999999986e-01,6.031250000000000500e-02
1.161500000000000032e-01,6.031250000000000500e-02
1.162239999999999940e-01,6.062500000000000527e-02
1.162979999999999986e-01,6.124999999999999889e-02
1.163720000000000032e-01,6.187499999999999944e-02
1.164459999999999940e-01,6.124999999999999889e-02
1.165199999999999986e-01,5.968750000000000444e-02
1.165940000000000032e-01,5.812500000000000305e-02
1.166679999999999939e-01,5.437500000000000666e-02
1.167419999999999985e-01,5.031250000000000305e-02
1.168160000000000032e-01,4.562500000000000583e-02
1.168899999999999939e-01,4.125000000000000194e-02
1.169639999999999985e-01,3.781250000000000583e-02
1.170380000000000031e-01,3.656250000000000472e-02
1.171119999999999939e-01,3.718750000000000527e-02
1.171859999999999985e-01,3.875000000000000666e-02
1.172600000000000031e-01,4.312500000000000361e-02
1.173339999999999939e-01,4.781250000000000777e-02
1.174079999999999985e-01,5.156250000000000416e-02
1.174820000000000031e-01,5.562500000000000777e-02
1.175559999999999938e-01,5.750000000000000250e-02
1.176299999999999985e-01,6.000000000000000472e-02
1.177040000000000031e-01,5.968750000000000444e-02
1.177779999999999938e-01,6.062500000000000527e-02
1.178519999999999984e-01,6.156250000000000611e-02
1.179260000000000030e-01,6.156250000000000611e-02
1.179999999999999938e-01,6.124999999999999889e-02
1.180739999999999984e-01,6.031250000000000500e-02
1.181480000000000030e-01,5.812500000000000305e-02
1.182219999999999938e-01,5.406249999999999944e-02
1.182959999999999984e-01,5.250000000000000500e-02
1.183700000000000030e-01,4.937500000000000222e-02
1.184439999999999937e-01,4.843750000000000139e-02
1.185179999999999984e-01,4.812500000000000111e-02
1.185920000000000030e-01,4.875000000000000167e-02
1.186659999999999937e-01,5.156250000000000416e-02
1.187399999999999983e-01,5.312500000000000555e-02
1.188140000000000029e-01,5.562500000000000777e-02
1.188879999999999937e-01,5.843750000000000333e-02
1.189619999999999983e-01,5.937500000000000416e-02
1.190360000000000029e-01,6.062500000000000527e-02
1.191099999999999937e-01,6.124999999999999889e-02
1.191839999999999983e-01,6.281250000000000722e-02
1.192580000000000029e-01,6.281250000000000722e-02
1.193319999999999936e-01,6.250000000000000000e-02
1.194059999999999983e-01,6.124999999999999889e-02
1.194800000000000029e-01,5.875000000000000361e-02
1.195539999999999936e-01,5.750000000000000250e-02
1.196279999999999982e-01,5.343749999999999889e-02
1.197020000000000028e-01,4.875000000000000167e-02
1.197759999999999936e-01,4.593750000000000611e-02
1.198499999999999982e-01,4.125000000000000194e-02
1.199240000000000028e-01,3.937500000000000722e-02
1.199979999999999936e-01,3.906250000000000000e-02
1.200719999999999982e-01,4.000000000000000083e-02
1.201460000000000028e-01,4.125000000000000194e-02
1.202199999999999935e-01,4.562500000000000583e-02
1.202939999999999982e-01,5.000000000000000278e-02
1.203680000000000028e-01,5.406249999999999944e-02
1.204419999999999935e-01,5.812500000000000305e-02
1.205159999999999981e-01,5.968750000000000444e-02
1.205900000000000027e-01,6.000000000000000472e-02
1.206639999999999935e-01,6.062500000000000527e-02
1.207379999999999981e-01,6.124999999999999889e-02
1.208120000000000027e-01,6.156250000000000611e-02
1.208859999999999935e-01,6.156250000000000611e-02
1.209599999999999981e-01,6.156250000000000611e-02
1.210340000000000027e-01,5.968750000000000444e-02
1.211079999999999934e-01,5.843750000000000333e-02
1.211819999999999981e-01,5.437500000000000666e-02
1.212560000000000027e-01,5.093750000000000361e-02
1.213299999999999934e-01,4.906250000000000194e-02
1.214039999999999980e-01,4.656250000000000666e-02
1.214780000000000026e-01,4.624999999999999944e-02
1.215519999999999934e-01,4.656250000000000666e-02
1.216259999999999980e-01,4.937500000000000222e-02
1.217000000000000026e-01,5.218750000000000472e-02
1.217739999999999934e-01,5.468750000000000000e-02
1.218479999999999980e-01,5.750000000000000250e-02
1.219220000000000026e-01,5.843750000000000333e-02
1.219959999999999933e-01,5.968750000000000444e-02
1.220699999999999980e-01,6.062500000000000527e-02
1.221440000000000026e-01,6.124999999999999889e-02
1.222179999999999933e-01,6.187499999999999944e-02
1.222919999999999979e-01,6.156250000000000611e-02
1.223660000000000025e-01,5.906250000000000389e-02
1.224399999999999933e-01,5.718750000000000222e-02
1.225139999999999979e-01,5.437500000000000666e-02
1.225880000000000025e-01,5.000000000000000278e-02
1.226619999999999933e-01,4.593750000000000611e-02
1.227359999999999979e-01,4.156250000000000222e-02
1.228100000000000025e-01,3.875000000000000666e-02
1.228839999999999932e-01,3.718750000000000527e-02
1.229579999999999979e-01,3.625000000000000444e-02
1.230320000000000025e-01,3.687500000000000500e-02
1.231059999999999932e-01,3.843750000000000638e-02
1.231799999999999978e-01,4.312500000000000361e-02
1.232540000000000024e-01,4.687500000000000000e-02
1.233279999999999932e-01,5.125000000000000389e-02
1.234019999999999978e-01,5.468750000000000000e-02
1.234760000000000024e-01,5.843750000000000333e-02
1.235499999999999932e-01,6.031250000000000500e-02
1.236239999999999978e-01,6.156250000000000611e-02
1.236980000000000024e-01,6.250000000000000000e-02
1.237719999999999931e-01,6.218750000000000666e-02
1.238459999999999978e-01,6.124999999999999889e-02
1.239200000000000024e-01,6.062500000000000527e-02
1.239939999999999931e-01,5.750000000000000250e-02
1.240679999999999977e-01,5.343749999999999889e-02
1.241420000000000023e-01,5.062500000000000333e-02
1.242159999999999931e-01,4.875000000000000167e-02
1.242899999999999977e-01,4.500000000000000527e-02
1.243640000000000023e-01,4.437500000000000472e-02
1.244379999999999931e-01,4.437500000000000472e-02
1.245119999999999977e-01,4.562500000000000583e-02
1.245860000000000023e-01,4.781250000000000777e-02
1.246600000000000069e-01,5.000000000000000278e-02
1.247339999999999977e-01,5.343749999999999889e-02
1.248079999999999884e-01,5.531250000000000056e-02
1.248820000000000069e-01,5.718750000000000222e-02
1.249559999999999976e-01,5.906250000000000389e-02
1.250299999999999745e-01,5.968750000000000444e-02
1.251039999999999930e-01,6.031250000000000500e-02
1.251779999999999837e-01,5.906250000000000389e-02
1.252519999999999745e-01,5.625000000000000833e-02
1.253259999999999930e-01,5.375000000000000611e-02
1.253999999999999837e-01,4.937500000000000222e-02
1.254739999999999744e-01,4.531250000000000555e-02
1.255479999999999929e-01,4.156250000000000222e-02
1.256219999999999837e-01,3.781250000000000583e-02
1.256959999999999744e-01,3.406250000000000250e-02
1.257699999999999929e-01,3.062500000000000291e-02
1.258439999999999837e-01,2.968750000000000208e-02
1.259179999999999744e-01,3.062500000000000291e-02
1.259919999999999929e-01,3.312500000000000167e-02
1.260659999999999836e-01,3.937500000000000722e-02
1.261399999999999744e-01,4.468750000000000500e-02
1.262139999999999929e-01,4.875000000000000167e-02
1.262879999999999836e-01,5.343749999999999889e-02
1.263619999999999743e-01,5.750000000000000250e-02
1.264359999999999928e-01,5.968750000000000444e-02
1.265099999999999836e-01,6.000000000000000472e-02
1.265839999999999743e-01,6.124999999999999889e-02
1.266579999999999928e-01,6.218750000000000666e-02
1.267319999999999836e-01,6.187499999999999944e-02
1.268059999999999743e-01,6.187499999999999944e-02
1.268799999999999928e-01,6.124999999999999889e-02
1.269539999999999835e-01,5.906250000000000389e-02
1.270279999999999743e-01,5.562500000000000777e-02
1.271019999999999928e-01,5.437500000000000666e-02
1.271759999999999835e-01,5.125000000000000389e-02
1.272499999999999742e-01,4.968750000000000250e-02
1.273239999999999927e-01,4.906250000000000194e-02
1.273979999999999835e-01,5.031250000000000305e-02
1.274719999999999742e-01,5.125000000000000389e-02
1.275459999999999927e-01,5.281250000000000527e-02
1.276199999999999835e-01,5.531250000000000056e-02
1.276939999999999742e-01,5.687500000000000888e-02
1.277679999999999927e-01,5.937500000000000416e-02
1.278419999999999834e-01,6.062500000000000527e-02
1.279159999999999742e-01,6.062500000000000527e-02
1.279899999999999927e-01,6.187499999999999944e-02
1.280639999999999834e-01,6.218750000000000666e-02
1.281379999999999741e-01,6.187499999999999944e-02
1.282119999999999926e-01,5.937500000000000416e-02
1.282859999999999834e-01,5.531250000000000056e-02
1.283599999999999741e-01,5.156250000000000416e-02
1.284339999999999926e-01,4.750000000000000056e-02
1.285079999999999834e-01,4.531250000000000555e-02
1.285819999999999741e-01,4.000000000000000083e-02
1.286559999999999926e-01,3.593750000000000416e-02
1.287299999999999833e-01,3.281250000000000139e-02
1.288039999999999741e-01,3.187500000000000056e-02
1.288779999999999926e-01,3.250000000000000111e-02
1.289519999999999833e-01,3.281250000000000139e-02
1.290259999999999740e-01,3.718750000000000527e-02
1.290999999999999925e-01,4.031250000000000111e-02
1.291739999999999833e-01,4.593750000000000611e-02
1.292479999999999740e-01,5.218750000000000472e-02
1.293219999999999925e-01,5.375000000000000611e-02
1.293959999999999833e-01,5.812500000000000305e-02
1.294699999999999740e-01,6.000000000000000472e-02
1.295439999999999925e-01,6.156250000000000611e-02
1.296179999999999832e-01,6.187499999999999944e-02
1.296919999999999740e-01,6.124999999999999889e-02
1.297659999999999925e-01,6.093750000000000555e-02
1.298399999999999832e-01,5.906250000000000389e-02
1.299139999999999739e-01,5.562500000000000777e-02
1.299879999999999924e-01,5.062500000000000333e-02
1.300619999999999832e-01,4.718750000000000722e-02
1.301359999999999739e-01,4.562500000000000583e-02
1.302099999999999924e-01,4.406250000000000444e-02
1.302839999999999832e-01,4.375000000000000416e-02
1.303579999999999739e-01,4.468750000000000500e-02
1.304319999999999924e-01,4.718750000000000722e-02
1.305059999999999831e-01,4.906250000000000194e-02
1.305799999999999739e-01,5.187500000000000444e-02
1.306539999999999924e-01,5.406249999999999944e-02
1.307279999999999831e-01,5.750000000000000250e-02
1.308019999999999738e-01,5.937500000000000416e-02
1.308759999999999923e-01,6.031250000000000500e-02
1.309499999999999831e-01,6.062500000000000527e-02
1.310239999999999738e-01,6.093750000000000555e-02
1.310979999999999923e-01,5.968750000000000444e-02
1.311719999999999831e-01,5.562500000000000777e-02
1.312459999999999738e-01,5.218750000000000472e-02
1.313199999999999923e-01,4.906250000000000194e-02
1.313939999999999830e-01,4.624999999999999944e-02
1.314679999999999738e-01,4.125000000000000194e-02
1.315419999999999923e-01,3.687500000000000500e-02
1.316159999999999830e-01,3.281250000000000139e-02
1.316899999999999737e-01,3.125000000000000000e-02
1.317639999999999922e-01,3.062500000000000291e-02
1.318379999999999830e-01,3.250000000000000111e-02
1.319119999999999737e-01,3.562500000000000389e-02
1.319859999999999922e-01,3.937500000000000722e-02
1.320599999999999830e-01,4.468750000000000500e-02
1.321339999999999737e-01,5.156250000000000416e-02
1.322079999999999922e-01,5.468750000000000000e-02
1.322819999999999829e-01,5.812500000000000305e-02
1.323559999999999737e-01,5.937500000000000416e-02
1.324299999999999922e-01,6.062500000000000527e-02
1.325039999999999829e-01,6.250000000000000000e-02
1.325779999999999736e-01,6.281250000000000722e-02
1.326519999999999921e-01,6.218750000000000666e-02
1.327259999999999829e-01,6.124999999999999889e-02
1.327999999999999736e-01,5.937500000000000416e-02
1.328739999999999921e-01,5.531250000000000056e-02
1.329479999999999829e-01,5.187500000000000444e-02
1.330219999999999736e-01,4.718750000000000722e-02
1.330959999999999921e-01,4.531250000000000555e-02
1.331699999999999828e-01,4.343750000000000389e-02
1.332439999999999736e-01,4.218750000000000278e-02
1.333179999999999921e-01,4.187500000000000250e-02
1.333919999999999828e-01,4.187500000000000250e-02
1.334659999999999735e-01,4.281250000000000333e-02
1.335399999999999920e-01,4.343750000000000389e-02
1.336139999999999828e-01,4.468750000000000500e-02
1.336879999999999735e-01,4.781250000000000777e-02
1.337619999999999920e-01,5.125000000000000389e-02
1.338359999999999828e-01,5.156250000000000416e-02
1.339099999999999735e-01,5.062500000000000333e-02
1.339839999999999920e-01,4.781250000000000777e-02
1.340579999999999827e-01,4.437500000000000472e-02
1.341319999999999735e-01,4.187500000000000250e-02
1.342059999999999920e-01,3.656250000000000472e-02
1.342799999999999827e-01,2.968750000000000208e-02
1.343539999999999734e-01,2.625000000000000250e-02
1.344279999999999919e-01,2.031250000000000416e-02
1.345019999999999827e-01,1.781250000000000194e-02
1.345759999999999734e-01,1.312500000000000125e-02
1.346499999999999919e-01,1.125000000000000305e-02
1.347239999999999827e-01,1.156250000000000333e-02
1.347979999999999734e-01,1.281250000000000444e-02
1.348719999999999919e-01,1.781250000000000194e-02
1.349459999999999826e-01,1.968750000000000361e-02
1.350199999999999734e-01,2.687500000000000305e-02
1.350939999999999919e-01,3.593750000000000416e-02
1.351679999999999826e-01,4.000000000000000083e-02
1.352419999999999733e-01,4.406250000000000444e-02
1.353159999999999918e-01,4.750000000000000056e-02
1.353899999999999826e-01,5.093750000000000361e-02
1.354639999999999733e-01,5.187500000000000444e-02
1.355379999999999918e-01,5.093750000000000361e-02
1.356119999999999826e-01,5.000000000000000278e-02
1.356859999999999733e-01,4.468750000000000500e-02
1.357599999999999918e-01,4.125000000000000194e-02
1.358339999999999825e-01,3.812500000000000611e-02
1.359079999999999733e-01,3.281250000000000139e-02
1.359819999999999918e-01,3.062500000000000291e-02
1.360559999999999825e-01,2.718750000000000333e-02
1.361299999999999732e-01,2.656250000000000278e-02
1.362039999999999917e-01,2.718750000000000333e-02
1.362779999999999825e-01,2.812500000000000416e-02
1.363519999999999732e-01,3.000000000000000236e-02
1.364259999999999917e-01,3.312500000000000167e-02
1.364999999999999825e-01,3.718750000000000527e-02
1.365739999999999732e-01,4.062500000000000139e-02
1.366479999999999917e-01,4.562500000000000583e-02
1.367219999999999824e-01,4.687500000000000000e-02
1.367959999999999732e-01,4.781250000000000777e-02
1.368699999999999917e-01,4.656250000000000666e-02
1.369439999999999824e-01,4.468750000000000500e-02
1.370179999999999731e-01,4.062500000000000139e-02
1.370919999999999916e-01,3.468750000000000305e-02
1.371659999999999824e-01,3.031250000000000264e-02
1.372399999999999731e-01,2.468750000000000111e-02
1.373139999999999916e-01,2.156250000000000527e-02
1.373879999999999824e-01,1.812500000000000222e-02
1.374619999999999731e-01,1.312500000000000125e-02
1.375359999999999916e-01,1.125000000000000305e-02
1.376099999999999823e-01,1.062500000000000250e-02
1.376839999999999731e-01,1.062500000000000250e-02
1.377579999999999916e-01,1.218750000000000389e-02
1.378319999999999823e-01,1.562500000000000347e-02
1.379059999999999730e-01,1.906250000000000305e-02
1.379799999999999915e-01,2.875000000000000472e-02
1.380539999999999823e-01,3.281250000000000139e-02
1.381279999999999730e-01,4.000000000000000083e-02
1.382019999999999915e-01,4.406250000000000444e-02
1.382759999999999823e-01,4.687500000000000000e-02
1.383499999999999730e-01,4.937500000000000222e-02
1.384239999999999915e-01,4.968750000000000250e-02
1.384979999999999822e-01,4.812500000000000111e-02
1.385719999999999730e-01,4.437500000000000472e-02
1.386459999999999915e-01,4.000000000000000083e-02
1.387199999999999822e-01,3.406250000000000250e-02
1.387939999999999729e-01,2.656250000000000278e-02
1.388679999999999914e-01,2.187500000000000555e-02
1.389419999999999822e-01,1.875000000000000278e-02
1.390159999999999729e-01,1.562500000000000347e-02
1.390899999999999914e-01,1.312500000000000125e-02
1.391639999999999822e-01,1.312500000000000125e-02
1.392379999999999729e-01,1.500000000000000291e-02
1.393119999999999914e-01,1.781250000000000194e-02
1.393859999999999821e-01,2.343750000000000347e-02
1.394599999999999729e-01,2.875000000000000472e-02
1.395339999999999914e-01,3.281250000000000139e-02
1.396079999999999821e-01,3.718750000000000527e-02
1.396819999999999729e-01,4.062500000000000139e-02
1.397559999999999913e-01,4.187500000000000250e-02
1.398299999999999821e-01,4.156250000000000222e-02
1.399039999999999728e-01,3.937500000000000722e-02
1.399779999999999913e-01,3.437500000000000278e-02
1.400519999999999821e-01,3.000000000000000236e-02
1.401259999999999728e-01,2.312500000000000319e-02
1.401999999999999913e-01,1.718750000000000139e-02
1.402739999999999820e-01,1.375000000000000180e-02
1.403479999999999728e-01,1.031250000000000222e-02
1.404219999999999913e-01,8.437500000000004025e-03
1.404959999999999820e-01,5.625000000000001527e-03
1.405699999999999728e-01,5.312500000000001249e-03
1.406439999999999912e-01,5.000000000000004441e-03
1.407179999999999820e-01,5.312500000000001249e-03
1.407919999999999727e-01,8.437500000000004025e-03
1.408659999999999912e-01,1.156250000000000333e-02
1.409399999999999820e-01,1.593750000000000375e-02
1.410139999999999727e-01,2.375000000000000375e-02
1.410879999999999912e-01,2.718750000000000333e-02
1.411619999999999819e-01,3.437500000000000278e-02
1.412359999999999727e-01,4.031250000000000111e-02
1.413099999999999912e-01,4.281250000000000333e-02
1.413839999999999819e-01,4.375000000000000416e-02
1.414579999999999727e-01,4.312500000000000361e-02
1.415319999999999911e-01,4.125000000000000194e-02
1.416059999999999819e-01,3.562500000000000389e-02
1.416799999999999726e-01,2.968750000000000208e-02
1.417539999999999911e-01,2.687500000000000305e-02
1.418279999999999819e-01,2.125000000000000500e-02
1.419019999999999726e-01,1.781250000000000194e-02
1.419759999999999911e-01,1.531250000000000319e-02
1.420499999999999818e-01,1.406250000000000208e-02
1.421239999999999726e-01,1.468750000000000264e-02
1.421979999999999911e-01,1.531250000000000319e-02
1.422719999999999818e-01,1.781250000000000194e-02
1.423459999999999726e-01,2.125000000000000500e-02
1.424199999999999910e-01,2.437500000000000083e-02
1.424939999999999818e-01,2.718750000000000333e-02
1.425679999999999725e-01,2.812500000000000416e-02
1.426419999999999910e-01,3.000000000000000236e-02
1.427159999999999818e-01,2.937500000000000527e-02
1.427899999999999725e-01,2.687500000000000305e-02
1.428639999999999910e-01,2.312500000000000319e-02
1.429379999999999817e-01,1.718750000000000139e-02
1.430119999999999725e-01,1.156250000000000333e-02
1.430859999999999910e-01,8.750000000000004302e-03
1.431599999999999817e-01,6.562500000000002359e-03
1.432339999999999725e-01,4.687500000000004163e-03
1.433079999999999909e-01,3.750000000000003331e-03
1.433819999999999817e-01,3.437500000000003053e-03
1.434559999999999724e-01,2.812500000000002498e-03
1.435299999999999909e-01,2.812500000000002498e-03
1.436039999999999817e-01,2.812500000000002498e-03
1.436779999999999724e-01,3.750000000000003331e-03
1.437519999999999909e-01,6.562500000000002359e-03
1.438259999999999816e-01,7.812500000000003469e-03
1.438999999999999724e-01,1.468750000000000264e-02
1.439739999999999909e-01,1.718750000000000139e-02
1.440479999999999816e-01,2.187500000000000555e-02
1.441219999999999724e-01,2.625000000000000250e-02
1.441959999999999908e-01,2.843750000000000444e-02
1.442699999999999816e-01,2.968750000000000208e-02
1.443439999999999723e-01,2.812500000000000416e-02
1.444179999999999908e-01,2.656250000000000278e-02
1.444919999999999816e-01,2.281250000000000291e-02
1.445659999999999723e-01,1.562500000000000347e-02
1.446399999999999908e-01,1.312500000000000125e-02
1.447139999999999815e-01,1.031250000000000222e-02
1.447879999999999723e-01,6.875000000000002637e-03
1.448619999999999908e-01,5.625000000000001527e-03
1.449359999999999815e-01,5.000000000000004441e-03
1.450099999999999723e-01,5.312500000000001249e-03
1.450839999999999907e-01,5.937500000000001804e-03
1.451579999999999815e-01,8.125000000000003747e-03
1.452319999999999722e-01,1.031250000000000222e-02
1.453059999999999907e-01,1.437500000000000236e-02
1.453799999999999815e-01,2.125000000000000500e-02
1.454539999999999722e-01,2.656250000000000278e-02
1.455279999999999907e-01,3.031250000000000264e-02
1.456019999999999814e-01,3.187500000000000056e-02
1.456759999999999722e-01,3.093750000000000319e-02
1.457499999999999907e-01,2.906250000000000500e-02
1.458239999999999814e-01,2.312500000000000319e-02
1.458979999999999722e-01,1.968750000000000361e-02
1.459719999999999906e-01,1.500000000000000291e-02
1.460459999999999814e-01,1.031250000000000222e-02
1.461199999999999721e-01,7.187500000000002914e-03
1.461939999999999906e-01,5.000000000000004441e-03
1.462679999999999814e-01,4.375000000000003886e-03
1.463419999999999721e-01,3.437500000000003053e-03
1.464159999999999906e-01,3.437500000000003053e-03
1.464899999999999813e-01,3.125000000000002776e-03
1.465639999999999721e-01,3.125000000000002776e-03
1.466379999999999906e-01,2.812500000000002498e-03
1.467119999999999813e-01,3.750000000000003331e-03
1.467859999999999721e-01,5.937500000000001804e-03
1.468599999999999905e-01,8.750000000000004302e-03
1.469339999999999813e-01,1.468750000000000264e-02
1.470079999999999720e-01,1.750000000000000167e-02
1.470819999999999905e-01,2.281250000000000291e-02
1.471559999999999813e-01,2.437500000000000083e-02
1.472299999999999720e-01,2.750000000000000361e-02
1.473039999999999905e-01,3.000000000000000236e-02
1.473779999999999812e-01,3.250000000000000111e-02
1.474519999999999720e-01,2.125000000000000500e-02
1.475259999999999905e-01,1.750000000000000167e-02
