PURE SILICA, ELECTRODE=TUNGSTEN, TIME=35, POLING_VOLTAGE=3700, WAVELENGTH=1.55e-06, EFFECTIVE_DISTANCE=3.1e-05, POLED_LENGTH=0.3, CORE_INDEX=1.45, POLE=MAX, AC_VOLTAGE=1069.0, AC_FREQUENCY=800, PIEZO_FREQUENCY=16.0
Time(s),Voltage(V)
2.000000000000000096e-04,4.375000000000000416e-02
2.310000000000000042e-04,4.468750000000000500e-02
2.620000000000000258e-04,4.843750000000000139e-02
2.930000000000000204e-04,4.937500000000000222e-02
3.240000000000000150e-04,5.250000000000000500e-02
3.550000000000000096e-04,5.312500000000000555e-02
3.860000000000000583e-04,5.437500000000000666e-02
4.170000000000000529e-04,5.531250000000000056e-02
4.480000000000000475e-04,5.531250000000000056e-02
4.790000000000000421e-04,5.593750000000000111e-02
5.100000000000000366e-04,5.593750000000000111e-02
5.410000000000000312e-04,5.625000000000000833e-02
5.720000000000000258e-04,5.625000000000000833e-02
6.030000000000000204e-04,5.437500000000000666e-02
6.340000000000000149e-04,5.468750000000000000e-02
6.650000000000000095e-04,5.406249999999999944e-02
6.960000000000000041e-04,5.312500000000000555e-02
7.269999999999999987e-04,4.906250000000000194e-02
7.579999999999999932e-04,4.718750000000000722e-02
7.889999999999999878e-04,4.656250000000000666e-02
8.199999999999999824e-04,4.656250000000000666e-02
8.509999999999999769e-04,4.593750000000000611e-02
8.819999999999999715e-04,4.781250000000000777e-02
9.129999999999999661e-04,4.968750000000000250e-02
9.440000000000000691e-04,5.000000000000000278e-02
9.750000000000000637e-04,5.093750000000000361e-02
1.006000000000000167e-03,5.093750000000000361e-02
1.037000000000000161e-03,5.093750000000000361e-02
1.068000000000000156e-03,5.125000000000000389e-02
1.099000000000000150e-03,5.218750000000000472e-02
1.130000000000000145e-03,5.250000000000000500e-02
1.161000000000000140e-03,5.343749999999999889e-02
1.192000000000000134e-03,5.406249999999999944e-02
1.223000000000000129e-03,5.406249999999999944e-02
1.254000000000000123e-03,5.437500000000000666e-02
1.285000000000000118e-03,5.406249999999999944e-02
1.316000000000000112e-03,5.312500000000000555e-02
1.347000000000000107e-03,5.375000000000000611e-02
1.378000000000000102e-03,5.437500000000000666e-02
1.409000000000000096e-03,5.562500000000000777e-02
1.440000000000000091e-03,5.593750000000000111e-02
1.471000000000000085e-03,5.718750000000000222e-02
1.502000000000000080e-03,5.812500000000000305e-02
1.533000000000000074e-03,5.812500000000000305e-02
1.564000000000000069e-03,5.875000000000000361e-02
1.595000000000000064e-03,5.906250000000000389e-02
1.626000000000000058e-03,5.906250000000000389e-02
1.657000000000000053e-03,5.812500000000000305e-02
1.688000000000000264e-03,5.781250000000000278e-02
1.719000000000000259e-03,5.781250000000000278e-02
1.750000000000000253e-03,5.843750000000000333e-02
1.781000000000000248e-03,5.906250000000000389e-02
1.812000000000000242e-03,5.968750000000000444e-02
1.843000000000000237e-03,6.000000000000000472e-02
1.874000000000000232e-03,5.968750000000000444e-02
1.905000000000000226e-03,5.937500000000000416e-02
1.936000000000000221e-03,5.875000000000000361e-02
1.966999999999999998e-03,5.750000000000000250e-02
1.998000000000000210e-03,5.687500000000000888e-02
2.028999999999999988e-03,5.656250000000000167e-02
2.060000000000000199e-03,5.750000000000000250e-02
2.090999999999999977e-03,5.781250000000000278e-02
2.122000000000000188e-03,5.875000000000000361e-02
2.152999999999999966e-03,5.875000000000000361e-02
2.184000000000000177e-03,5.875000000000000361e-02
2.215000000000000389e-03,5.843750000000000333e-02
2.246000000000000166e-03,5.812500000000000305e-02
2.277000000000000378e-03,5.781250000000000278e-02
2.308000000000000156e-03,5.781250000000000278e-02
2.339000000000000367e-03,5.750000000000000250e-02
2.370000000000000145e-03,5.781250000000000278e-02
2.401000000000000356e-03,5.781250000000000278e-02
2.432000000000000134e-03,5.843750000000000333e-02
2.463000000000000345e-03,5.906250000000000389e-02
2.494000000000000123e-03,5.906250000000000389e-02
2.525000000000000334e-03,6.031250000000000500e-02
2.556000000000000112e-03,6.031250000000000500e-02
2.587000000000000324e-03,6.000000000000000472e-02
2.618000000000000101e-03,6.000000000000000472e-02
2.649000000000000313e-03,5.968750000000000444e-02
2.680000000000000090e-03,5.843750000000000333e-02
2.711000000000000302e-03,5.843750000000000333e-02
2.742000000000000080e-03,5.687500000000000888e-02
2.773000000000000291e-03,5.593750000000000111e-02
2.804000000000000069e-03,5.343749999999999889e-02
2.835000000000000280e-03,5.281250000000000527e-02
2.866000000000000058e-03,5.093750000000000361e-02
2.897000000000000269e-03,5.062500000000000333e-02
2.928000000000000047e-03,4.937500000000000222e-02
2.959000000000000258e-03,4.937500000000000222e-02
2.990000000000000036e-03,4.906250000000000194e-02
3.021000000000000248e-03,5.000000000000000278e-02
3.052000000000000025e-03,5.125000000000000389e-02
3.083000000000000237e-03,5.156250000000000416e-02
3.114000000000000015e-03,5.312500000000000555e-02
3.145000000000000226e-03,5.531250000000000056e-02
3.176000000000000437e-03,5.593750000000000111e-02
3.207000000000000215e-03,5.718750000000000222e-02
3.238000000000000426e-03,5.750000000000000250e-02
3.269000000000000204e-03,5.781250000000000278e-02
3.300000000000000416e-03,5.812500000000000305e-02
3.331000000000000193e-03,5.875000000000000361e-02
3.362000000000000405e-03,5.937500000000000416e-02
3.393000000000000183e-03,5.875000000000000361e-02
3.424000000000000394e-03,5.875000000000000361e-02
3.455000000000000172e-03,5.781250000000000278e-02
3.486000000000000383e-03,5.718750000000000222e-02
3.517000000000000161e-03,5.687500000000000888e-02
3.548000000000000372e-03,5.625000000000000833e-02
3.579000000000000150e-03,5.468750000000000000e-02
3.610000000000000361e-03,5.468750000000000000e-02
3.641000000000000139e-03,5.437500000000000666e-02
3.672000000000000351e-03,5.468750000000000000e-02
3.703000000000000128e-03,5.531250000000000056e-02
3.734000000000000340e-03,5.656250000000000167e-02
3.765000000000000117e-03,5.656250000000000167e-02
3.796000000000000329e-03,5.812500000000000305e-02
3.827000000000000107e-03,5.875000000000000361e-02
3.858000000000000318e-03,5.875000000000000361e-02
3.889000000000000096e-03,5.843750000000000333e-02
3.919999999999999873e-03,5.812500000000000305e-02
3.950999999999999651e-03,5.781250000000000278e-02
3.982000000000000296e-03,5.656250000000000167e-02
4.013000000000000074e-03,5.500000000000000722e-02
4.043999999999999852e-03,5.343749999999999889e-02
4.074999999999999629e-03,5.187500000000000444e-02
4.106000000000000275e-03,5.093750000000000361e-02
4.137000000000000052e-03,4.906250000000000194e-02
4.167999999999999830e-03,4.843750000000000139e-02
4.198999999999999608e-03,4.750000000000000056e-02
4.230000000000000253e-03,4.781250000000000777e-02
4.261000000000000031e-03,4.875000000000000167e-02
4.291999999999999808e-03,5.000000000000000278e-02
4.322999999999999586e-03,5.125000000000000389e-02
4.354000000000000231e-03,5.250000000000000500e-02
4.385000000000000009e-03,5.406249999999999944e-02
4.415999999999999787e-03,5.625000000000000833e-02
4.446999999999999564e-03,5.687500000000000888e-02
4.478000000000000209e-03,5.718750000000000222e-02
4.508999999999999987e-03,5.750000000000000250e-02
4.539999999999999765e-03,5.812500000000000305e-02
4.570999999999999543e-03,5.812500000000000305e-02
4.602000000000000188e-03,5.781250000000000278e-02
4.632999999999999965e-03,5.781250000000000278e-02
4.663999999999999743e-03,5.562500000000000777e-02
4.694999999999999521e-03,5.500000000000000722e-02
4.726000000000000166e-03,5.406249999999999944e-02
4.756999999999999944e-03,5.343749999999999889e-02
4.787999999999999722e-03,5.250000000000000500e-02
4.818999999999999499e-03,5.125000000000000389e-02
4.850000000000000144e-03,5.093750000000000361e-02
4.880999999999999922e-03,5.000000000000000278e-02
4.911999999999999700e-03,5.000000000000000278e-02
4.942999999999999478e-03,5.093750000000000361e-02
4.974000000000000123e-03,5.093750000000000361e-02
5.004999999999999900e-03,5.218750000000000472e-02
5.035999999999999678e-03,5.375000000000000611e-02
5.066999999999999456e-03,5.468750000000000000e-02
5.098000000000000101e-03,5.468750000000000000e-02
5.128999999999999879e-03,5.437500000000000666e-02
5.159999999999999656e-03,5.312500000000000555e-02
5.191000000000000301e-03,5.125000000000000389e-02
5.222000000000000079e-03,5.031250000000000305e-02
5.252999999999999857e-03,4.875000000000000167e-02
5.283999999999999635e-03,4.812500000000000111e-02
5.315000000000000280e-03,4.624999999999999944e-02
5.346000000000000058e-03,4.312500000000000361e-02
5.376999999999999835e-03,4.218750000000000278e-02
5.407999999999999613e-03,4.125000000000000194e-02
5.439000000000000258e-03,4.062500000000000139e-02
5.470000000000000036e-03,4.031250000000000111e-02
5.500999999999999814e-03,4.093750000000000167e-02
5.531999999999999591e-03,4.125000000000000194e-02
5.563000000000000236e-03,4.218750000000000278e-02
5.594000000000000014e-03,4.406250000000000444e-02
5.624999999999999792e-03,4.468750000000000500e-02
5.655999999999999570e-03,4.718750000000000722e-02
5.687000000000000215e-03,4.968750000000000250e-02
5.717999999999999992e-03,5.062500000000000333e-02
5.748999999999999770e-03,5.187500000000000444e-02
5.779999999999999548e-03,5.250000000000000500e-02
5.811000000000000193e-03,5.312500000000000555e-02
5.841999999999999971e-03,5.312500000000000555e-02
5.872999999999999748e-03,5.218750000000000472e-02
5.903999999999999526e-03,5.187500000000000444e-02
5.935000000000000171e-03,5.000000000000000278e-02
5.965999999999999949e-03,4.812500000000000111e-02
5.996999999999999727e-03,4.624999999999999944e-02
6.027999999999999504e-03,4.531250000000000555e-02
6.059000000000000150e-03,4.375000000000000416e-02
6.089999999999999927e-03,4.187500000000000250e-02
6.120999999999999705e-03,4.187500000000000250e-02
6.152000000000000350e-03,4.062500000000000139e-02
6.183000000000000128e-03,4.031250000000000111e-02
6.213999999999999906e-03,4.125000000000000194e-02
6.244999999999999683e-03,4.218750000000000278e-02
6.276000000000000328e-03,4.312500000000000361e-02
6.307000000000000106e-03,4.437500000000000472e-02
6.337999999999999884e-03,4.468750000000000500e-02
6.368999999999999662e-03,4.312500000000000361e-02
6.400000000000000307e-03,4.281250000000000333e-02
6.431000000000000084e-03,4.031250000000000111e-02
6.461999999999999862e-03,3.843750000000000638e-02
6.492999999999999640e-03,3.593750000000000416e-02
6.524000000000000285e-03,3.375000000000000222e-02
6.555000000000000063e-03,3.156250000000000028e-02
6.585999999999999840e-03,2.843750000000000444e-02
6.616999999999999618e-03,2.781250000000000389e-02
6.648000000000000263e-03,2.531250000000000167e-02
6.679000000000000041e-03,2.468750000000000111e-02
6.709999999999999819e-03,2.468750000000000111e-02
6.740999999999999596e-03,2.500000000000000139e-02
6.772000000000000242e-03,2.718750000000000333e-02
6.803000000000000019e-03,2.781250000000000389e-02
6.833999999999999797e-03,3.062500000000000291e-02
6.864999999999999575e-03,3.312500000000000167e-02
6.896000000000000220e-03,3.625000000000000444e-02
6.926999999999999998e-03,4.031250000000000111e-02
6.957999999999999775e-03,4.312500000000000361e-02
6.988999999999999553e-03,4.468750000000000500e-02
7.020000000000000198e-03,4.593750000000000611e-02
7.050999999999999976e-03,4.718750000000000722e-02
7.081999999999999754e-03,4.812500000000000111e-02
7.112999999999999531e-03,4.781250000000000777e-02
7.144000000000000176e-03,4.656250000000000666e-02
7.174999999999999954e-03,4.562500000000000583e-02
7.205999999999999732e-03,4.406250000000000444e-02
7.237000000000000377e-03,4.281250000000000333e-02
7.268000000000000155e-03,4.156250000000000222e-02
7.298999999999999932e-03,4.000000000000000083e-02
7.329999999999999710e-03,3.875000000000000666e-02
7.361000000000000355e-03,3.812500000000000611e-02
7.392000000000000133e-03,3.781250000000000583e-02
7.422999999999999911e-03,3.781250000000000583e-02
7.453999999999999689e-03,3.843750000000000638e-02
7.485000000000000334e-03,3.968750000000000056e-02
7.516000000000000111e-03,4.062500000000000139e-02
7.546999999999999889e-03,4.312500000000000361e-02
7.577999999999999667e-03,4.406250000000000444e-02
7.609000000000000312e-03,4.343750000000000389e-02
7.640000000000000090e-03,4.156250000000000222e-02
7.670999999999999867e-03,4.000000000000000083e-02
7.701999999999999645e-03,3.718750000000000527e-02
7.733000000000000290e-03,3.593750000000000416e-02
7.764000000000000068e-03,3.281250000000000139e-02
7.794999999999999846e-03,2.937500000000000527e-02
7.825999999999999623e-03,2.687500000000000305e-02
7.857000000000001136e-03,2.468750000000000111e-02
7.888000000000000914e-03,2.281250000000000291e-02
7.919000000000000691e-03,2.156250000000000527e-02
7.950000000000000469e-03,2.062500000000000444e-02
7.981000000000000247e-03,2.000000000000000389e-02
8.012000000000000025e-03,2.031250000000000416e-02
8.043000000000001537e-03,2.062500000000000444e-02
8.074000000000001315e-03,2.218750000000000236e-02
8.105000000000001092e-03,2.437500000000000083e-02
8.136000000000000870e-03,2.750000000000000361e-02
8.167000000000000648e-03,3.125000000000000000e-02
8.198000000000000426e-03,3.343750000000000194e-02
8.229000000000000203e-03,3.437500000000000278e-02
8.260000000000001716e-03,3.687500000000000500e-02
8.291000000000001494e-03,3.750000000000000555e-02
8.322000000000001271e-03,3.812500000000000611e-02
8.353000000000001049e-03,3.781250000000000583e-02
8.384000000000000827e-03,3.718750000000000527e-02
8.415000000000000605e-03,3.656250000000000472e-02
8.446000000000000382e-03,3.500000000000000333e-02
8.477000000000000160e-03,3.375000000000000222e-02
8.508000000000001672e-03,3.312500000000000167e-02
8.539000000000001450e-03,3.250000000000000111e-02
8.570000000000001228e-03,3.281250000000000139e-02
8.601000000000001006e-03,3.218750000000000083e-02
8.632000000000000783e-03,3.218750000000000083e-02
8.663000000000000561e-03,3.312500000000000167e-02
8.694000000000000339e-03,3.375000000000000222e-02
8.725000000000000117e-03,3.593750000000000416e-02
8.756000000000001629e-03,3.718750000000000527e-02
8.787000000000001407e-03,4.031250000000000111e-02
8.818000000000001184e-03,4.281250000000000333e-02
8.849000000000000962e-03,4.312500000000000361e-02
8.880000000000000740e-03,4.250000000000000305e-02
8.911000000000000518e-03,4.062500000000000139e-02
8.942000000000000295e-03,3.843750000000000638e-02
8.973000000000000073e-03,3.656250000000000472e-02
9.004000000000001586e-03,3.562500000000000389e-02
9.035000000000001363e-03,3.250000000000000111e-02
9.066000000000001141e-03,2.937500000000000527e-02
9.097000000000000919e-03,2.593750000000000222e-02
9.128000000000000697e-03,2.468750000000000111e-02
9.159000000000000474e-03,2.281250000000000291e-02
9.190000000000000252e-03,2.125000000000000500e-02
9.221000000000001764e-03,2.062500000000000444e-02
9.252000000000001542e-03,2.062500000000000444e-02
9.283000000000001320e-03,2.156250000000000527e-02
9.314000000000001098e-03,2.218750000000000236e-02
9.345000000000000875e-03,2.312500000000000319e-02
9.376000000000000653e-03,2.500000000000000139e-02
9.407000000000000431e-03,2.875000000000000472e-02
9.438000000000000209e-03,3.156250000000000028e-02
9.469000000000001721e-03,3.281250000000000139e-02
9.500000000000001499e-03,3.468750000000000305e-02
9.531000000000001277e-03,3.468750000000000305e-02
9.562000000000001054e-03,3.468750000000000305e-02
9.593000000000000832e-03,3.406250000000000250e-02
9.624000000000000610e-03,3.218750000000000083e-02
9.655000000000000387e-03,2.968750000000000208e-02
9.686000000000000165e-03,2.812500000000000416e-02
9.717000000000001678e-03,2.656250000000000278e-02
9.748000000000001455e-03,2.500000000000000139e-02
9.779000000000001233e-03,2.343750000000000347e-02
9.810000000000001011e-03,2.218750000000000236e-02
9.841000000000000789e-03,2.125000000000000500e-02
9.872000000000000566e-03,2.125000000000000500e-02
9.903000000000000344e-03,2.062500000000000444e-02
9.934000000000000122e-03,2.156250000000000527e-02
9.965000000000001634e-03,2.281250000000000291e-02
9.996000000000001412e-03,2.437500000000000083e-02
1.002700000000000119e-02,2.812500000000000416e-02
1.005800000000000097e-02,2.875000000000000472e-02
1.008900000000000075e-02,3.093750000000000319e-02
1.012000000000000052e-02,3.031250000000000264e-02
1.015100000000000030e-02,3.000000000000000236e-02
1.018200000000000181e-02,2.843750000000000444e-02
1.021300000000000159e-02,2.656250000000000278e-02
1.024400000000000137e-02,2.562500000000000194e-02
1.027500000000000115e-02,2.312500000000000319e-02
1.030600000000000092e-02,2.125000000000000500e-02
1.033700000000000070e-02,1.906250000000000305e-02
1.036800000000000048e-02,1.843750000000000250e-02
1.039900000000000026e-02,1.687500000000000458e-02
1.043000000000000177e-02,1.656250000000000430e-02
1.046100000000000155e-02,1.625000000000000402e-02
1.049200000000000133e-02,1.625000000000000402e-02
1.052300000000000110e-02,1.656250000000000430e-02
1.055400000000000088e-02,1.812500000000000222e-02
1.058500000000000066e-02,1.968750000000000361e-02
1.061600000000000044e-02,2.218750000000000236e-02
1.064700000000000021e-02,2.406250000000000056e-02
1.067800000000000173e-02,2.781250000000000389e-02
1.070900000000000150e-02,2.937500000000000527e-02
1.074000000000000128e-02,3.156250000000000028e-02
1.077100000000000106e-02,3.218750000000000083e-02
1.080200000000000084e-02,3.250000000000000111e-02
1.083300000000000061e-02,3.218750000000000083e-02
1.086400000000000039e-02,3.125000000000000000e-02
1.089500000000000017e-02,2.875000000000000472e-02
1.092600000000000168e-02,2.750000000000000361e-02
1.095700000000000146e-02,2.593750000000000222e-02
1.098800000000000124e-02,2.468750000000000111e-02
1.101900000000000102e-02,2.343750000000000347e-02
1.105000000000000079e-02,2.187500000000000555e-02
1.108100000000000057e-02,2.062500000000000444e-02
1.111200000000000035e-02,2.000000000000000389e-02
1.114300000000000186e-02,1.937500000000000333e-02
1.117400000000000164e-02,1.937500000000000333e-02
1.120500000000000142e-02,2.031250000000000416e-02
1.123600000000000119e-02,2.125000000000000500e-02
1.126700000000000097e-02,2.375000000000000375e-02
1.129800000000000075e-02,2.468750000000000111e-02
1.132900000000000053e-02,2.656250000000000278e-02
1.136000000000000031e-02,2.656250000000000278e-02
1.139100000000000182e-02,2.562500000000000194e-02
1.142200000000000160e-02,2.406250000000000056e-02
1.145300000000000137e-02,2.281250000000000291e-02
1.148400000000000115e-02,2.187500000000000555e-02
1.151500000000000093e-02,1.875000000000000278e-02
1.154600000000000071e-02,1.812500000000000222e-02
1.157700000000000048e-02,1.593750000000000375e-02
1.160800000000000026e-02,1.343750000000000153e-02
1.163900000000000177e-02,1.312500000000000125e-02
1.167000000000000155e-02,1.156250000000000333e-02
1.170100000000000133e-02,1.125000000000000305e-02
1.173200000000000111e-02,1.125000000000000305e-02
1.176300000000000089e-02,1.156250000000000333e-02
1.179400000000000066e-02,1.156250000000000333e-02
1.182500000000000044e-02,1.312500000000000125e-02
1.185600000000000022e-02,1.531250000000000319e-02
1.188700000000000173e-02,1.750000000000000167e-02
1.191800000000000151e-02,1.875000000000000278e-02
1.194900000000000129e-02,2.125000000000000500e-02
1.198000000000000106e-02,2.343750000000000347e-02
1.201100000000000084e-02,2.437500000000000083e-02
1.204200000000000062e-02,2.500000000000000139e-02
1.207300000000000040e-02,2.562500000000000194e-02
1.210400000000000191e-02,2.468750000000000111e-02
1.213500000000000169e-02,2.250000000000000264e-02
1.216600000000000147e-02,2.093750000000000472e-02
1.219700000000000124e-02,2.031250000000000416e-02
1.222800000000000102e-02,1.750000000000000167e-02
1.225900000000000080e-02,1.625000000000000402e-02
1.229000000000000058e-02,1.406250000000000208e-02
1.232100000000000035e-02,1.343750000000000153e-02
1.235200000000000187e-02,1.250000000000000416e-02
1.238300000000000164e-02,1.156250000000000333e-02
1.241400000000000142e-02,1.062500000000000250e-02
1.244500000000000120e-02,1.093750000000000278e-02
1.247600000000000098e-02,1.156250000000000333e-02
1.250700000000000076e-02,1.312500000000000125e-02
1.253800000000000053e-02,1.437500000000000236e-02
1.256900000000000031e-02,1.500000000000000291e-02
1.260000000000000182e-02,1.593750000000000375e-02
1.263100000000000160e-02,1.562500000000000347e-02
1.266200000000000138e-02,1.437500000000000236e-02
1.269300000000000116e-02,1.312500000000000125e-02
1.272400000000000093e-02,1.218750000000000389e-02
1.275500000000000071e-02,1.000000000000000194e-02
1.278600000000000049e-02,9.062500000000001110e-03
1.281700000000000027e-02,7.812500000000003469e-03
1.284800000000000178e-02,6.875000000000002637e-03
1.287900000000000156e-02,6.250000000000002082e-03
1.291000000000000134e-02,5.312500000000001249e-03
1.294100000000000111e-02,5.000000000000004441e-03
1.297200000000000089e-02,5.000000000000004441e-03
1.300300000000000067e-02,5.312500000000001249e-03
1.303400000000000045e-02,5.312500000000001249e-03
1.306500000000000022e-02,5.312500000000001249e-03
1.309600000000000174e-02,6.875000000000002637e-03
1.312700000000000151e-02,7.500000000000003192e-03
1.315800000000000129e-02,8.750000000000004302e-03
1.318900000000000107e-02,1.250000000000000416e-02
1.322000000000000085e-02,1.375000000000000180e-02
1.325100000000000063e-02,1.437500000000000236e-02
1.328200000000000040e-02,1.531250000000000319e-02
1.331300000000000192e-02,1.500000000000000291e-02
1.334400000000000169e-02,1.468750000000000264e-02
1.337500000000000147e-02,1.375000000000000180e-02
1.340600000000000125e-02,1.281250000000000444e-02
1.343700000000000103e-02,1.062500000000000250e-02
1.346800000000000080e-02,1.000000000000000194e-02
1.349900000000000058e-02,8.750000000000004302e-03
1.353000000000000036e-02,8.125000000000003747e-03
1.356100000000000187e-02,7.500000000000003192e-03
1.359200000000000165e-02,6.562500000000002359e-03
1.362300000000000143e-02,5.937500000000001804e-03
1.365400000000000121e-02,5.312500000000001249e-03
1.368500000000000098e-02,5.312500000000001249e-03
1.371600000000000076e-02,5.312500000000001249e-03
1.374700000000000054e-02,6.250000000000002082e-03
1.377800000000000032e-02,7.187500000000002914e-03
1.380900000000000183e-02,8.125000000000003747e-03
1.384000000000000161e-02,8.437500000000004025e-03
1.387100000000000138e-02,7.812500000000003469e-03
1.390200000000000116e-02,7.187500000000002914e-03
1.393300000000000094e-02,6.562500000000002359e-03
1.396400000000000072e-02,5.937500000000001804e-03
1.399500000000000050e-02,5.312500000000001249e-03
1.402600000000000027e-02,4.687500000000004163e-03
1.405700000000000179e-02,4.375000000000003886e-03
1.408800000000000156e-02,4.062500000000003608e-03
1.411900000000000134e-02,3.750000000000003331e-03
1.415000000000000112e-02,3.125000000000002776e-03
1.418100000000000090e-02,3.125000000000002776e-03
1.421200000000000067e-02,3.125000000000002776e-03
1.424300000000000045e-02,3.125000000000002776e-03
1.427400000000000196e-02,3.437500000000003053e-03
1.430500000000000174e-02,3.437500000000003053e-03
1.433600000000000152e-02,4.375000000000003886e-03
1.436700000000000130e-02,5.625000000000001527e-03
1.439800000000000108e-02,8.125000000000003747e-03
1.442900000000000085e-02,9.687500000000001665e-03
1.446000000000000063e-02,1.093750000000000278e-02
1.449100000000000041e-02,1.312500000000000125e-02
1.452200000000000192e-02,1.406250000000000208e-02
1.455300000000000170e-02,1.437500000000000236e-02
1.458400000000000148e-02,1.406250000000000208e-02
1.461500000000000125e-02,1.375000000000000180e-02
1.464600000000000103e-02,1.218750000000000389e-02
1.467700000000000081e-02,1.187500000000000361e-02
1.470800000000000059e-02,1.000000000000000194e-02
1.473900000000000036e-02,9.375000000000001388e-03
1.477000000000000188e-02,8.750000000000004302e-03
1.480100000000000166e-02,7.812500000000003469e-03
1.483200000000000143e-02,7.500000000000003192e-03
1.486300000000000121e-02,6.875000000000002637e-03
1.489400000000000099e-02,6.562500000000002359e-03
1.492500000000000077e-02,6.250000000000002082e-03
1.495600000000000054e-02,6.562500000000002359e-03
1.498700000000000032e-02,6.562500000000002359e-03
1.501800000000000183e-02,7.812500000000003469e-03
1.504900000000000161e-02,8.437500000000004025e-03
1.508000000000000139e-02,8.750000000000004302e-03
1.511100000000000117e-02,7.812500000000003469e-03
1.514200000000000094e-02,7.187500000000002914e-03
1.517300000000000072e-02,6.562500000000002359e-03
1.520400000000000050e-02,5.312500000000001249e-03
1.523500000000000201e-02,5.000000000000004441e-03
1.526600000000000179e-02,4.687500000000004163e-03
1.529700000000000157e-02,4.062500000000003608e-03
1.532800000000000135e-02,4.375000000000003886e-03
1.535900000000000112e-02,4.687500000000004163e-03
1.539000000000000090e-02,4.687500000000004163e-03
1.542100000000000068e-02,4.687500000000004163e-03
1.545200000000000046e-02,4.687500000000004163e-03
1.548300000000000197e-02,4.687500000000004163e-03
1.551400000000000175e-02,4.375000000000003886e-03
1.554500000000000152e-02,3.750000000000003331e-03
1.557600000000000130e-02,3.750000000000003331e-03
1.560700000000000108e-02,3.437500000000003053e-03
1.563799999999999912e-02,3.437500000000003053e-03
1.566899999999999890e-02,4.062500000000003608e-03
1.569999999999999868e-02,4.375000000000003886e-03
1.573100000000000193e-02,4.375000000000003886e-03
1.576200000000000170e-02,4.375000000000003886e-03
1.579300000000000148e-02,4.375000000000003886e-03
1.582400000000000126e-02,4.062500000000003608e-03
1.585500000000000104e-02,4.062500000000003608e-03
1.588600000000000081e-02,3.750000000000003331e-03
1.591700000000000059e-02,3.437500000000003053e-03
1.594800000000000037e-02,3.437500000000003053e-03
1.597900000000000015e-02,3.125000000000002776e-03
1.600999999999999993e-02,2.812500000000002498e-03
1.604099999999999970e-02,2.812500000000002498e-03
1.607199999999999948e-02,2.812500000000002498e-03
1.610299999999999926e-02,3.125000000000002776e-03
1.613399999999999904e-02,2.812500000000002498e-03
1.616499999999999881e-02,2.812500000000002498e-03
1.619599999999999859e-02,2.812500000000002498e-03
1.622699999999999837e-02,2.812500000000002498e-03
1.625799999999999815e-02,3.125000000000002776e-03
1.628899999999999793e-02,3.437500000000003053e-03
1.632000000000000117e-02,4.062500000000003608e-03
1.635100000000000095e-02,4.062500000000003608e-03
1.638200000000000073e-02,3.750000000000003331e-03
1.641300000000000051e-02,3.437500000000003053e-03
1.644400000000000028e-02,3.125000000000002776e-03
1.647500000000000006e-02,3.125000000000002776e-03
1.650599999999999984e-02,3.125000000000002776e-03
1.653699999999999962e-02,3.437500000000003053e-03
1.656799999999999939e-02,4.375000000000003886e-03
1.659899999999999917e-02,5.000000000000004441e-03
1.662999999999999895e-02,5.312500000000001249e-03
1.666099999999999873e-02,5.937500000000001804e-03
1.669199999999999851e-02,5.937500000000001804e-03
1.672299999999999828e-02,5.937500000000001804e-03
1.675399999999999806e-02,5.937500000000001804e-03
1.678499999999999784e-02,5.312500000000001249e-03
1.681600000000000109e-02,5.000000000000004441e-03
1.684700000000000086e-02,4.687500000000004163e-03
1.687800000000000064e-02,3.750000000000003331e-03
1.690900000000000042e-02,3.750000000000003331e-03
1.694000000000000020e-02,3.437500000000003053e-03
1.697099999999999997e-02,3.437500000000003053e-03
1.700199999999999975e-02,2.812500000000002498e-03
1.703299999999999953e-02,3.125000000000002776e-03
1.706399999999999931e-02,2.812500000000002498e-03
1.709499999999999909e-02,2.812500000000002498e-03
1.712599999999999886e-02,3.125000000000002776e-03
1.715699999999999864e-02,3.750000000000003331e-03
1.718799999999999842e-02,4.062500000000003608e-03
1.721899999999999820e-02,4.687500000000004163e-03
1.724999999999999797e-02,5.000000000000004441e-03
1.728100000000000122e-02,5.937500000000001804e-03
1.731200000000000100e-02,5.937500000000001804e-03
1.734300000000000078e-02,6.875000000000002637e-03
1.737400000000000055e-02,6.562500000000002359e-03
1.740500000000000033e-02,6.875000000000002637e-03
1.743600000000000011e-02,6.875000000000002637e-03
1.746699999999999989e-02,6.562500000000002359e-03
1.749799999999999967e-02,5.625000000000001527e-03
1.752899999999999944e-02,5.000000000000004441e-03
1.755999999999999922e-02,4.375000000000003886e-03
1.759099999999999900e-02,4.062500000000003608e-03
1.762199999999999878e-02,3.750000000000003331e-03
1.765299999999999855e-02,3.750000000000003331e-03
1.768399999999999833e-02,3.750000000000003331e-03
1.771499999999999811e-02,4.375000000000003886e-03
1.774599999999999789e-02,4.687500000000004163e-03
1.777700000000000113e-02,5.312500000000001249e-03
1.780800000000000091e-02,6.562500000000002359e-03
1.783900000000000069e-02,6.875000000000002637e-03
1.787000000000000047e-02,7.812500000000003469e-03
1.790100000000000025e-02,8.125000000000003747e-03
1.793200000000000002e-02,8.437500000000004025e-03
1.796299999999999980e-02,8.750000000000004302e-03
1.799399999999999958e-02,8.437500000000004025e-03
1.802499999999999936e-02,7.500000000000003192e-03
1.805599999999999913e-02,7.187500000000002914e-03
1.808699999999999891e-02,6.562500000000002359e-03
1.811799999999999869e-02,5.937500000000001804e-03
1.814899999999999847e-02,5.000000000000004441e-03
1.817999999999999824e-02,4.375000000000003886e-03
1.821099999999999802e-02,3.750000000000003331e-03
1.824200000000000127e-02,3.437500000000003053e-03
1.827300000000000105e-02,3.437500000000003053e-03
1.830400000000000083e-02,3.125000000000002776e-03
1.833500000000000060e-02,3.125000000000002776e-03
1.836600000000000038e-02,3.750000000000003331e-03
1.839700000000000016e-02,4.687500000000004163e-03
1.842799999999999994e-02,5.625000000000001527e-03
1.845899999999999971e-02,6.875000000000002637e-03
1.848999999999999949e-02,8.125000000000003747e-03
1.852099999999999927e-02,9.062500000000001110e-03
1.855199999999999905e-02,9.687500000000001665e-03
1.858299999999999882e-02,1.062500000000000250e-02
1.861399999999999860e-02,1.125000000000000305e-02
1.864499999999999838e-02,1.218750000000000389e-02
1.867599999999999816e-02,1.218750000000000389e-02
1.870699999999999794e-02,1.156250000000000333e-02
1.873800000000000118e-02,1.093750000000000278e-02
1.876900000000000096e-02,1.000000000000000194e-02
1.880000000000000074e-02,8.437500000000004025e-03
1.883100000000000052e-02,7.812500000000003469e-03
1.886200000000000029e-02,7.812500000000003469e-03
1.889300000000000007e-02,8.750000000000004302e-03
1.892399999999999985e-02,9.375000000000001388e-03
1.895499999999999963e-02,1.062500000000000250e-02
1.898599999999999940e-02,1.218750000000000389e-02
1.901699999999999918e-02,1.375000000000000180e-02
1.904799999999999896e-02,1.625000000000000402e-02
1.907899999999999874e-02,1.875000000000000278e-02
1.910999999999999852e-02,2.093750000000000472e-02
1.914099999999999829e-02,2.156250000000000527e-02
1.917199999999999807e-02,2.187500000000000555e-02
1.920300000000000132e-02,2.250000000000000264e-02
1.923400000000000110e-02,2.250000000000000264e-02
1.926500000000000087e-02,2.187500000000000555e-02
1.929600000000000065e-02,2.062500000000000444e-02
1.932700000000000043e-02,1.968750000000000361e-02
1.935800000000000021e-02,1.781250000000000194e-02
1.938899999999999998e-02,1.562500000000000347e-02
1.941999999999999976e-02,1.281250000000000444e-02
1.945099999999999954e-02,1.093750000000000278e-02
1.948199999999999932e-02,1.000000000000000194e-02
1.951299999999999910e-02,8.750000000000004302e-03
1.954399999999999887e-02,9.062500000000001110e-03
1.957499999999999865e-02,8.750000000000004302e-03
1.960599999999999843e-02,9.375000000000001388e-03
1.963699999999999821e-02,1.062500000000000250e-02
1.966799999999999798e-02,1.281250000000000444e-02
1.969900000000000123e-02,1.406250000000000208e-02
1.973000000000000101e-02,1.531250000000000319e-02
1.976100000000000079e-02,1.687500000000000458e-02
1.979200000000000056e-02,1.781250000000000194e-02
1.982300000000000034e-02,1.875000000000000278e-02
1.985400000000000012e-02,1.968750000000000361e-02
1.988499999999999990e-02,2.093750000000000472e-02
1.991599999999999968e-02,2.093750000000000472e-02
1.994699999999999945e-02,2.062500000000000444e-02
1.997799999999999923e-02,2.062500000000000444e-02
2.000899999999999901e-02,1.875000000000000278e-02
2.003999999999999879e-02,1.750000000000000167e-02
2.007099999999999856e-02,1.593750000000000375e-02
2.010199999999999834e-02,1.593750000000000375e-02
2.013299999999999812e-02,1.656250000000000430e-02
2.016400000000000137e-02,1.781250000000000194e-02
2.019500000000000114e-02,1.968750000000000361e-02
2.022600000000000092e-02,2.250000000000000264e-02
2.025700000000000070e-02,2.468750000000000111e-02
2.028800000000000048e-02,2.531250000000000167e-02
2.031900000000000026e-02,2.843750000000000444e-02
2.035000000000000003e-02,3.187500000000000056e-02
2.038099999999999981e-02,3.250000000000000111e-02
2.041199999999999959e-02,3.343750000000000194e-02
2.044299999999999937e-02,3.343750000000000194e-02
2.047399999999999914e-02,3.312500000000000167e-02
2.050499999999999892e-02,3.312500000000000167e-02
2.053599999999999870e-02,3.093750000000000319e-02
2.056699999999999848e-02,3.031250000000000264e-02
2.059799999999999826e-02,2.656250000000000278e-02
2.062899999999999803e-02,2.468750000000000111e-02
2.066000000000000128e-02,2.093750000000000472e-02
2.069100000000000106e-02,1.937500000000000333e-02
2.072200000000000084e-02,1.718750000000000139e-02
2.075300000000000061e-02,1.468750000000000264e-02
2.078400000000000039e-02,1.437500000000000236e-02
2.081500000000000017e-02,1.375000000000000180e-02
2.084599999999999995e-02,1.437500000000000236e-02
2.087699999999999972e-02,1.531250000000000319e-02
2.090799999999999950e-02,1.656250000000000430e-02
2.093899999999999928e-02,1.781250000000000194e-02
2.096999999999999906e-02,1.906250000000000305e-02
2.100099999999999884e-02,2.000000000000000389e-02
2.103199999999999861e-02,2.093750000000000472e-02
2.106299999999999839e-02,2.218750000000000236e-02
2.109399999999999817e-02,2.312500000000000319e-02
2.112500000000000142e-02,2.500000000000000139e-02
2.115600000000000119e-02,2.593750000000000222e-02
2.118700000000000097e-02,2.625000000000000250e-02
2.121800000000000075e-02,2.593750000000000222e-02
2.124900000000000053e-02,2.531250000000000167e-02
2.128000000000000030e-02,2.437500000000000083e-02
2.131100000000000008e-02,2.375000000000000375e-02
2.134199999999999986e-02,2.468750000000000111e-02
2.137299999999999964e-02,2.531250000000000167e-02
2.140399999999999942e-02,2.718750000000000333e-02
2.143499999999999919e-02,3.000000000000000236e-02
2.146599999999999897e-02,3.406250000000000250e-02
2.149699999999999875e-02,3.531250000000000361e-02
2.152799999999999853e-02,3.875000000000000666e-02
2.155899999999999830e-02,4.343750000000000389e-02
2.158999999999999808e-02,4.562500000000000583e-02
2.162100000000000133e-02,4.718750000000000722e-02
2.165200000000000111e-02,4.875000000000000167e-02
2.168300000000000088e-02,5.000000000000000278e-02
2.171400000000000066e-02,5.000000000000000278e-02
2.174500000000000044e-02,5.000000000000000278e-02
2.177600000000000022e-02,5.000000000000000278e-02
2.180700000000000000e-02,4.937500000000000222e-02
2.183799999999999977e-02,4.812500000000000111e-02
2.186899999999999955e-02,4.531250000000000555e-02
2.189999999999999933e-02,4.093750000000000167e-02
2.193099999999999911e-02,3.812500000000000611e-02
2.196199999999999888e-02,3.468750000000000305e-02
2.199299999999999866e-02,3.218750000000000083e-02
2.202399999999999844e-02,3.093750000000000319e-02
2.205499999999999822e-02,3.031250000000000264e-02
2.208600000000000146e-02,3.062500000000000291e-02
2.211700000000000124e-02,3.125000000000000000e-02
2.214800000000000102e-02,3.187500000000000056e-02
2.217900000000000080e-02,3.375000000000000222e-02
2.221000000000000058e-02,3.468750000000000305e-02
2.224100000000000035e-02,3.562500000000000389e-02
2.227200000000000013e-02,3.625000000000000444e-02
2.230299999999999991e-02,3.687500000000000500e-02
2.233399999999999969e-02,3.781250000000000583e-02
2.236499999999999946e-02,3.843750000000000638e-02
2.239599999999999924e-02,3.968750000000000056e-02
2.242699999999999902e-02,4.031250000000000111e-02
2.245799999999999880e-02,4.031250000000000111e-02
2.248899999999999857e-02,4.000000000000000083e-02
2.251999999999999835e-02,3.875000000000000666e-02
2.255099999999999813e-02,3.781250000000000583e-02
2.258200000000000138e-02,3.718750000000000527e-02
2.261300000000000116e-02,3.781250000000000583e-02
2.264400000000000093e-02,4.000000000000000083e-02
2.267500000000000071e-02,4.156250000000000222e-02
2.270600000000000049e-02,4.437500000000000472e-02
2.273700000000000027e-02,4.562500000000000583e-02
2.276800000000000004e-02,4.875000000000000167e-02
2.279899999999999982e-02,5.031250000000000305e-02
2.282999999999999960e-02,5.250000000000000500e-02
2.286099999999999938e-02,5.375000000000000611e-02
2.289199999999999915e-02,5.500000000000000722e-02
2.292299999999999893e-02,5.625000000000000833e-02
2.295399999999999871e-02,5.656250000000000167e-02
2.298499999999999849e-02,5.718750000000000222e-02
2.301599999999999827e-02,5.750000000000000250e-02
2.304700000000000151e-02,5.781250000000000278e-02
2.307800000000000129e-02,5.781250000000000278e-02
2.310900000000000107e-02,5.718750000000000222e-02
2.314000000000000085e-02,5.562500000000000777e-02
2.317100000000000062e-02,5.437500000000000666e-02
2.320200000000000040e-02,5.281250000000000527e-02
2.323300000000000018e-02,5.156250000000000416e-02
2.326399999999999996e-02,5.125000000000000389e-02
2.329499999999999973e-02,5.187500000000000444e-02
2.332599999999999951e-02,5.187500000000000444e-02
2.335699999999999929e-02,5.375000000000000611e-02
2.338799999999999907e-02,5.437500000000000666e-02
2.341899999999999885e-02,5.500000000000000722e-02
2.344999999999999862e-02,5.625000000000000833e-02
2.348099999999999840e-02,5.656250000000000167e-02
2.351199999999999818e-02,5.687500000000000888e-02
2.354300000000000143e-02,5.718750000000000222e-02
2.357400000000000120e-02,5.750000000000000250e-02
2.360500000000000098e-02,5.750000000000000250e-02
2.363600000000000076e-02,5.781250000000000278e-02
2.366700000000000054e-02,5.812500000000000305e-02
2.369800000000000031e-02,5.843750000000000333e-02
2.372900000000000009e-02,5.812500000000000305e-02
2.375999999999999987e-02,5.718750000000000222e-02
2.379099999999999965e-02,5.656250000000000167e-02
2.382199999999999943e-02,5.593750000000000111e-02
2.385299999999999920e-02,5.562500000000000777e-02
2.388399999999999898e-02,5.562500000000000777e-02
2.391499999999999876e-02,5.562500000000000777e-02
2.394599999999999854e-02,5.593750000000000111e-02
2.397699999999999831e-02,5.718750000000000222e-02
2.400800000000000156e-02,5.781250000000000278e-02
2.403900000000000134e-02,5.812500000000000305e-02
2.407000000000000112e-02,5.875000000000000361e-02
2.410100000000000089e-02,5.906250000000000389e-02
2.413200000000000067e-02,5.937500000000000416e-02
2.416300000000000045e-02,5.968750000000000444e-02
2.419400000000000023e-02,5.937500000000000416e-02
2.422500000000000001e-02,5.968750000000000444e-02
2.425599999999999978e-02,6.000000000000000472e-02
2.428699999999999956e-02,5.968750000000000444e-02
2.431799999999999934e-02,5.968750000000000444e-02
2.434899999999999912e-02,5.875000000000000361e-02
2.437999999999999889e-02,5.781250000000000278e-02
2.441099999999999867e-02,5.687500000000000888e-02
2.444199999999999845e-02,5.406249999999999944e-02
2.447299999999999823e-02,5.187500000000000444e-02
2.450400000000000147e-02,5.093750000000000361e-02
2.453500000000000125e-02,5.093750000000000361e-02
2.456600000000000103e-02,5.156250000000000416e-02
2.459700000000000081e-02,5.218750000000000472e-02
2.462800000000000059e-02,5.312500000000000555e-02
2.465900000000000036e-02,5.468750000000000000e-02
2.469000000000000014e-02,5.468750000000000000e-02
2.472099999999999992e-02,5.531250000000000056e-02
2.475199999999999970e-02,5.593750000000000111e-02
2.478299999999999947e-02,5.625000000000000833e-02
2.481399999999999925e-02,5.625000000000000833e-02
2.484499999999999903e-02,5.687500000000000888e-02
2.487599999999999881e-02,5.718750000000000222e-02
2.490699999999999859e-02,5.750000000000000250e-02
2.493799999999999836e-02,5.812500000000000305e-02
2.496899999999999814e-02,5.843750000000000333e-02
2.500000000000000139e-02,5.812500000000000305e-02
2.503100000000000117e-02,5.812500000000000305e-02
2.506200000000000094e-02,5.781250000000000278e-02
2.509300000000000072e-02,5.781250000000000278e-02
2.512400000000000050e-02,5.781250000000000278e-02
2.515500000000000028e-02,5.812500000000000305e-02
2.518600000000000005e-02,5.843750000000000333e-02
2.521699999999999983e-02,5.843750000000000333e-02
2.524799999999999961e-02,5.906250000000000389e-02
2.527899999999999939e-02,5.906250000000000389e-02
2.530999999999999917e-02,5.875000000000000361e-02
2.534099999999999894e-02,5.906250000000000389e-02
2.537199999999999872e-02,5.875000000000000361e-02
2.540299999999999850e-02,5.843750000000000333e-02
2.543399999999999828e-02,5.781250000000000278e-02
2.546500000000000152e-02,5.812500000000000305e-02
2.549600000000000130e-02,5.812500000000000305e-02
2.552700000000000108e-02,5.875000000000000361e-02
2.555800000000000086e-02,5.906250000000000389e-02
2.558900000000000063e-02,5.968750000000000444e-02
2.562000000000000041e-02,5.968750000000000444e-02
2.565100000000000019e-02,5.875000000000000361e-02
2.568199999999999997e-02,5.843750000000000333e-02
2.571299999999999975e-02,5.687500000000000888e-02
2.574399999999999952e-02,5.656250000000000167e-02
2.577499999999999930e-02,5.625000000000000833e-02
2.580599999999999908e-02,5.656250000000000167e-02
2.583699999999999886e-02,5.625000000000000833e-02
2.586799999999999863e-02,5.718750000000000222e-02
2.589899999999999841e-02,5.781250000000000278e-02
2.592999999999999819e-02,5.781250000000000278e-02
2.596100000000000144e-02,5.812500000000000305e-02
2.599200000000000121e-02,5.781250000000000278e-02
2.602300000000000099e-02,5.812500000000000305e-02
2.605400000000000077e-02,5.750000000000000250e-02
2.608500000000000055e-02,5.781250000000000278e-02
2.611600000000000033e-02,5.781250000000000278e-02
2.614700000000000010e-02,5.781250000000000278e-02
2.617799999999999988e-02,5.875000000000000361e-02
2.620899999999999966e-02,5.906250000000000389e-02
2.623999999999999944e-02,5.906250000000000389e-02
2.627099999999999921e-02,5.937500000000000416e-02
2.630199999999999899e-02,5.906250000000000389e-02
2.633299999999999877e-02,5.906250000000000389e-02
2.636399999999999855e-02,5.875000000000000361e-02
2.639499999999999832e-02,5.875000000000000361e-02
2.642600000000000157e-02,5.875000000000000361e-02
2.645700000000000135e-02,5.875000000000000361e-02
2.648800000000000113e-02,5.875000000000000361e-02
2.651900000000000091e-02,5.812500000000000305e-02
2.655000000000000068e-02,5.750000000000000250e-02
2.658100000000000046e-02,5.687500000000000888e-02
2.661200000000000024e-02,5.593750000000000111e-02
2.664300000000000002e-02,5.500000000000000722e-02
2.667399999999999979e-02,5.406249999999999944e-02
2.670499999999999957e-02,5.343749999999999889e-02
2.673599999999999935e-02,5.312500000000000555e-02
2.676699999999999913e-02,5.406249999999999944e-02
2.679799999999999890e-02,5.468750000000000000e-02
2.682899999999999868e-02,5.562500000000000777e-02
2.685999999999999846e-02,5.593750000000000111e-02
2.689099999999999824e-02,5.687500000000000888e-02
2.692200000000000149e-02,5.781250000000000278e-02
2.695300000000000126e-02,5.812500000000000305e-02
2.698400000000000104e-02,5.812500000000000305e-02
2.701500000000000082e-02,5.812500000000000305e-02
2.704600000000000060e-02,5.843750000000000333e-02
2.707700000000000037e-02,5.875000000000000361e-02
2.710800000000000015e-02,5.843750000000000333e-02
2.713899999999999993e-02,5.781250000000000278e-02
2.716999999999999971e-02,5.718750000000000222e-02
2.720099999999999948e-02,5.593750000000000111e-02
2.723199999999999926e-02,5.437500000000000666e-02
2.726299999999999904e-02,5.406249999999999944e-02
2.729399999999999882e-02,5.343749999999999889e-02
2.732499999999999860e-02,5.250000000000000500e-02
2.735599999999999837e-02,5.218750000000000472e-02
2.738700000000000162e-02,5.187500000000000444e-02
2.741800000000000140e-02,5.187500000000000444e-02
2.744900000000000118e-02,5.312500000000000555e-02
2.748000000000000095e-02,5.437500000000000666e-02
2.751100000000000073e-02,5.562500000000000777e-02
2.754200000000000051e-02,5.687500000000000888e-02
2.757300000000000029e-02,5.781250000000000278e-02
2.760400000000000006e-02,5.781250000000000278e-02
2.763499999999999984e-02,5.750000000000000250e-02
2.766599999999999962e-02,5.718750000000000222e-02
2.769699999999999940e-02,5.562500000000000777e-02
2.772799999999999918e-02,5.562500000000000777e-02
2.775899999999999895e-02,5.406249999999999944e-02
2.778999999999999873e-02,5.218750000000000472e-02
2.782099999999999851e-02,5.062500000000000333e-02
2.785199999999999829e-02,4.843750000000000139e-02
2.788300000000000153e-02,4.718750000000000722e-02
2.791400000000000131e-02,4.656250000000000666e-02
2.794500000000000109e-02,4.624999999999999944e-02
2.797600000000000087e-02,4.593750000000000611e-02
2.800700000000000064e-02,4.656250000000000666e-02
2.803800000000000042e-02,4.812500000000000111e-02
2.806900000000000020e-02,4.968750000000000250e-02
2.809999999999999998e-02,5.062500000000000333e-02
2.813099999999999976e-02,5.406249999999999944e-02
2.816199999999999953e-02,5.531250000000000056e-02
2.819299999999999931e-02,5.656250000000000167e-02
2.822399999999999909e-02,5.656250000000000167e-02
2.825499999999999887e-02,5.750000000000000250e-02
2.828599999999999864e-02,5.750000000000000250e-02
2.831699999999999842e-02,5.843750000000000333e-02
2.834800000000000167e-02,5.843750000000000333e-02
2.837900000000000145e-02,5.843750000000000333e-02
2.841000000000000122e-02,5.781250000000000278e-02
2.844100000000000100e-02,5.718750000000000222e-02
2.847200000000000078e-02,5.625000000000000833e-02
2.850300000000000056e-02,5.500000000000000722e-02
2.853400000000000034e-02,5.406249999999999944e-02
2.856500000000000011e-02,5.281250000000000527e-02
2.859599999999999989e-02,5.250000000000000500e-02
2.862699999999999967e-02,5.187500000000000444e-02
2.865799999999999945e-02,5.125000000000000389e-02
2.868899999999999922e-02,5.156250000000000416e-02
2.871999999999999900e-02,5.250000000000000500e-02
2.875099999999999878e-02,5.343749999999999889e-02
2.878199999999999856e-02,5.468750000000000000e-02
2.881299999999999834e-02,5.500000000000000722e-02
2.884400000000000158e-02,5.500000000000000722e-02
2.887500000000000136e-02,5.375000000000000611e-02
2.890600000000000114e-02,5.187500000000000444e-02
2.893700000000000092e-02,5.125000000000000389e-02
2.896800000000000069e-02,4.875000000000000167e-02
2.899900000000000047e-02,4.562500000000000583e-02
2.903000000000000025e-02,4.406250000000000444e-02
2.906100000000000003e-02,4.125000000000000194e-02
2.909199999999999980e-02,3.875000000000000666e-02
2.912299999999999958e-02,3.593750000000000416e-02
2.915399999999999936e-02,3.468750000000000305e-02
2.918499999999999914e-02,3.406250000000000250e-02
2.921599999999999892e-02,3.312500000000000167e-02
2.924699999999999869e-02,3.312500000000000167e-02
2.927799999999999847e-02,3.437500000000000278e-02
2.930900000000000172e-02,3.593750000000000416e-02
2.934000000000000150e-02,3.687500000000000500e-02
2.937100000000000127e-02,3.968750000000000056e-02
2.940200000000000105e-02,4.281250000000000333e-02
2.943300000000000083e-02,4.531250000000000555e-02
2.946400000000000061e-02,4.656250000000000666e-02
2.949500000000000038e-02,4.750000000000000056e-02
2.952600000000000016e-02,4.875000000000000167e-02
2.955699999999999994e-02,4.906250000000000194e-02
2.958799999999999972e-02,5.000000000000000278e-02
2.961899999999999950e-02,4.906250000000000194e-02
2.964999999999999927e-02,4.812500000000000111e-02
2.968099999999999905e-02,4.624999999999999944e-02
2.971199999999999883e-02,4.531250000000000555e-02
2.974299999999999861e-02,4.312500000000000361e-02
2.977399999999999838e-02,4.281250000000000333e-02
2.980500000000000163e-02,4.187500000000000250e-02
2.983600000000000141e-02,4.093750000000000167e-02
2.986700000000000119e-02,4.125000000000000194e-02
2.989800000000000096e-02,4.062500000000000139e-02
2.992900000000000074e-02,4.125000000000000194e-02
2.996000000000000052e-02,4.218750000000000278e-02
2.999100000000000030e-02,4.406250000000000444e-02
3.002200000000000008e-02,4.593750000000000611e-02
3.005299999999999985e-02,4.750000000000000056e-02
3.008399999999999963e-02,4.906250000000000194e-02
3.011499999999999941e-02,4.843750000000000139e-02
3.014599999999999919e-02,4.750000000000000056e-02
3.017699999999999896e-02,4.624999999999999944e-02
3.020799999999999874e-02,4.437500000000000472e-02
3.023899999999999852e-02,4.250000000000000305e-02
3.027000000000000177e-02,4.156250000000000222e-02
3.030100000000000154e-02,3.875000000000000666e-02
3.033200000000000132e-02,3.687500000000000500e-02
3.036300000000000110e-02,3.406250000000000250e-02
3.039400000000000088e-02,3.218750000000000083e-02
3.042500000000000066e-02,3.093750000000000319e-02
3.045600000000000043e-02,2.968750000000000208e-02
3.048700000000000021e-02,2.906250000000000500e-02
3.051799999999999999e-02,2.968750000000000208e-02
3.054899999999999977e-02,3.031250000000000264e-02
3.057999999999999954e-02,3.187500000000000056e-02
3.061099999999999932e-02,3.406250000000000250e-02
3.064199999999999910e-02,3.468750000000000305e-02
3.067299999999999888e-02,3.843750000000000638e-02
3.070399999999999865e-02,3.937500000000000722e-02
3.073499999999999843e-02,4.093750000000000167e-02
3.076600000000000168e-02,4.156250000000000222e-02
3.079700000000000146e-02,4.187500000000000250e-02
3.082800000000000124e-02,4.156250000000000222e-02
3.085900000000000101e-02,3.968750000000000056e-02
3.089000000000000079e-02,3.812500000000000611e-02
3.092100000000000057e-02,3.656250000000000472e-02
3.095200000000000035e-02,3.468750000000000305e-02
3.098300000000000012e-02,3.312500000000000167e-02
3.101399999999999990e-02,3.062500000000000291e-02
3.104499999999999968e-02,3.000000000000000236e-02
3.107599999999999946e-02,2.906250000000000500e-02
3.110699999999999923e-02,2.781250000000000389e-02
3.113799999999999901e-02,2.781250000000000389e-02
3.116899999999999879e-02,2.781250000000000389e-02
3.119999999999999857e-02,2.906250000000000500e-02
3.123100000000000181e-02,3.156250000000000028e-02
3.126200000000000506e-02,3.437500000000000278e-02
3.129300000000000137e-02,3.812500000000000611e-02
3.132400000000000462e-02,3.968750000000000056e-02
3.135500000000000093e-02,4.031250000000000111e-02
3.138600000000000417e-02,4.000000000000000083e-02
3.141700000000000048e-02,3.968750000000000056e-02
3.144800000000000373e-02,3.906250000000000000e-02
3.147900000000000004e-02,3.843750000000000638e-02
3.151000000000000328e-02,3.718750000000000527e-02
3.154099999999999959e-02,3.625000000000000444e-02
3.157200000000000284e-02,3.406250000000000250e-02
3.160299999999999915e-02,3.343750000000000194e-02
3.163400000000000239e-02,3.250000000000000111e-02
3.166499999999999870e-02,3.187500000000000056e-02
3.169600000000000195e-02,3.156250000000000028e-02
3.172699999999999826e-02,3.218750000000000083e-02
3.175800000000000151e-02,3.312500000000000167e-02
3.178899999999999781e-02,3.406250000000000250e-02
3.182000000000000106e-02,3.656250000000000472e-02
3.185099999999999737e-02,3.875000000000000666e-02
3.188200000000000062e-02,4.156250000000000222e-02
3.191299999999999693e-02,4.343750000000000389e-02
3.194400000000000017e-02,4.593750000000000611e-02
3.197500000000000342e-02,4.750000000000000056e-02
3.200599999999999973e-02,4.937500000000000222e-02
3.203700000000000297e-02,4.968750000000000250e-02
3.206799999999999928e-02,4.968750000000000250e-02
3.209900000000000253e-02,4.906250000000000194e-02
3.212999999999999884e-02,4.750000000000000056e-02
3.216100000000000209e-02,4.406250000000000444e-02
3.219199999999999839e-02,4.312500000000000361e-02
3.222300000000000164e-02,3.968750000000000056e-02
3.225399999999999795e-02,3.812500000000000611e-02
3.228500000000000120e-02,3.562500000000000389e-02
3.231599999999999751e-02,3.437500000000000278e-02
3.234700000000000075e-02,3.250000000000000111e-02
3.237799999999999706e-02,3.093750000000000319e-02
3.240900000000000031e-02,3.062500000000000291e-02
3.244000000000000355e-02,3.062500000000000291e-02
3.247099999999999986e-02,3.156250000000000028e-02
3.250200000000000311e-02,3.406250000000000250e-02
3.253299999999999942e-02,3.562500000000000389e-02
3.256400000000000267e-02,3.750000000000000555e-02
3.259499999999999897e-02,3.843750000000000638e-02
3.262600000000000222e-02,3.843750000000000638e-02
3.265699999999999853e-02,3.687500000000000500e-02
3.268800000000000178e-02,3.468750000000000305e-02
3.271899999999999809e-02,3.312500000000000167e-02
3.275000000000000133e-02,3.218750000000000083e-02
3.278099999999999764e-02,3.000000000000000236e-02
3.281200000000000089e-02,2.781250000000000389e-02
3.284299999999999720e-02,2.562500000000000194e-02
3.287400000000000044e-02,2.406250000000000056e-02
3.290499999999999675e-02,2.343750000000000347e-02
3.293600000000000000e-02,2.281250000000000291e-02
3.296700000000000325e-02,2.312500000000000319e-02
3.299799999999999955e-02,2.375000000000000375e-02
3.302900000000000280e-02,2.437500000000000083e-02
3.305999999999999911e-02,2.593750000000000222e-02
3.309100000000000236e-02,2.781250000000000389e-02
3.312199999999999867e-02,3.125000000000000000e-02
3.315300000000000191e-02,3.500000000000000333e-02
3.318399999999999822e-02,3.687500000000000500e-02
3.321500000000000147e-02,3.968750000000000056e-02
3.324599999999999778e-02,4.218750000000000278e-02
3.327700000000000102e-02,4.343750000000000389e-02
3.330799999999999733e-02,4.406250000000000444e-02
3.333900000000000058e-02,4.406250000000000444e-02
3.336999999999999689e-02,4.343750000000000389e-02
3.340100000000000013e-02,4.187500000000000250e-02
3.343200000000000338e-02,4.031250000000000111e-02
3.346299999999999969e-02,3.843750000000000638e-02
3.349400000000000294e-02,3.625000000000000444e-02
3.352499999999999925e-02,3.437500000000000278e-02
3.355600000000000249e-02,3.343750000000000194e-02
3.358699999999999880e-02,3.187500000000000056e-02
3.361800000000000205e-02,3.062500000000000291e-02
3.364899999999999836e-02,2.906250000000000500e-02
3.368000000000000160e-02,2.875000000000000472e-02
3.371099999999999791e-02,2.937500000000000527e-02
3.374200000000000116e-02,3.062500000000000291e-02
3.377299999999999747e-02,3.187500000000000056e-02
3.380400000000000071e-02,3.281250000000000139e-02
3.383499999999999702e-02,3.312500000000000167e-02
3.386600000000000027e-02,3.187500000000000056e-02
3.389700000000000352e-02,3.062500000000000291e-02
3.392799999999999983e-02,2.781250000000000389e-02
3.395900000000000307e-02,2.625000000000000250e-02
3.398999999999999938e-02,2.437500000000000083e-02
3.402100000000000263e-02,2.125000000000000500e-02
3.405199999999999894e-02,1.968750000000000361e-02
3.408300000000000218e-02,1.750000000000000167e-02
3.411399999999999849e-02,1.468750000000000264e-02
3.414500000000000174e-02,1.343750000000000153e-02
3.417599999999999805e-02,1.218750000000000389e-02
3.420700000000000129e-02,1.156250000000000333e-02
3.423799999999999760e-02,1.156250000000000333e-02
3.426900000000000085e-02,1.156250000000000333e-02
3.429999999999999716e-02,1.281250000000000444e-02
3.433100000000000041e-02,1.531250000000000319e-02
3.436200000000000365e-02,1.625000000000000402e-02
3.439299999999999996e-02,1.843750000000000250e-02
3.442400000000000321e-02,2.312500000000000319e-02
3.445499999999999952e-02,2.437500000000000083e-02
3.448600000000000276e-02,2.656250000000000278e-02
3.451699999999999907e-02,2.875000000000000472e-02
3.454800000000000232e-02,2.906250000000000500e-02
3.457899999999999863e-02,2.937500000000000527e-02
3.461000000000000187e-02,2.937500000000000527e-02
3.464099999999999818e-02,2.843750000000000444e-02
3.467200000000000143e-02,2.687500000000000305e-02
3.470299999999999774e-02,2.625000000000000250e-02
3.473400000000000098e-02,2.500000000000000139e-02
3.476499999999999729e-02,2.375000000000000375e-02
3.479600000000000054e-02,2.375000000000000375e-02
3.482699999999999685e-02,2.312500000000000319e-02
3.485800000000000010e-02,2.312500000000000319e-02
3.488900000000000334e-02,2.250000000000000264e-02
3.491999999999999965e-02,2.281250000000000291e-02
3.495100000000000290e-02,2.312500000000000319e-02
3.498199999999999921e-02,2.437500000000000083e-02
3.501300000000000245e-02,2.812500000000000416e-02
3.504399999999999876e-02,2.906250000000000500e-02
3.507500000000000201e-02,3.093750000000000319e-02
3.510599999999999832e-02,3.062500000000000291e-02
3.513700000000000156e-02,2.937500000000000527e-02
3.516799999999999787e-02,2.812500000000000416e-02
3.519900000000000112e-02,2.593750000000000222e-02
3.522999999999999743e-02,2.437500000000000083e-02
3.526100000000000068e-02,2.125000000000000500e-02
3.529199999999999698e-02,2.031250000000000416e-02
3.532300000000000023e-02,1.875000000000000278e-02
3.535400000000000348e-02,1.593750000000000375e-02
3.538499999999999979e-02,1.437500000000000236e-02
3.541600000000000303e-02,1.312500000000000125e-02
3.544699999999999934e-02,1.312500000000000125e-02
3.547800000000000259e-02,1.250000000000000416e-02
3.550899999999999890e-02,1.250000000000000416e-02
3.554000000000000214e-02,1.375000000000000180e-02
3.557099999999999845e-02,1.500000000000000291e-02
3.560200000000000170e-02,1.593750000000000375e-02
3.563299999999999801e-02,1.875000000000000278e-02
3.566400000000000126e-02,2.187500000000000555e-02
3.569499999999999756e-02,2.625000000000000250e-02
3.572600000000000081e-02,2.781250000000000389e-02
3.575699999999999712e-02,2.906250000000000500e-02
3.578800000000000037e-02,3.000000000000000236e-02
3.581900000000000361e-02,3.031250000000000264e-02
3.584999999999999992e-02,2.968750000000000208e-02
3.588100000000000317e-02,2.843750000000000444e-02
3.591199999999999948e-02,2.718750000000000333e-02
3.594300000000000272e-02,2.562500000000000194e-02
3.597399999999999903e-02,2.437500000000000083e-02
3.600500000000000228e-02,2.312500000000000319e-02
3.603599999999999859e-02,2.187500000000000555e-02
3.606700000000000184e-02,2.093750000000000472e-02
3.609799999999999814e-02,2.031250000000000416e-02
3.612900000000000139e-02,1.968750000000000361e-02
3.615999999999999770e-02,1.968750000000000361e-02
3.619100000000000095e-02,2.000000000000000389e-02
3.622199999999999726e-02,2.156250000000000527e-02
3.625300000000000050e-02,2.343750000000000347e-02
3.628400000000000375e-02,2.562500000000000194e-02
3.631500000000000006e-02,2.625000000000000250e-02
3.634600000000000330e-02,2.687500000000000305e-02
3.637699999999999961e-02,2.531250000000000167e-02
3.640800000000000286e-02,2.406250000000000056e-02
3.643899999999999917e-02,2.250000000000000264e-02
3.647000000000000242e-02,2.187500000000000555e-02
3.650099999999999872e-02,2.000000000000000389e-02
3.653200000000000197e-02,1.718750000000000139e-02
3.656299999999999828e-02,1.531250000000000319e-02
3.659400000000000153e-02,1.375000000000000180e-02
3.662499999999999784e-02,1.312500000000000125e-02
3.665600000000000108e-02,1.187500000000000361e-02
3.668699999999999739e-02,1.156250000000000333e-02
3.671800000000000064e-02,1.125000000000000305e-02
3.674899999999999695e-02,1.187500000000000361e-02
3.678000000000000019e-02,1.218750000000000389e-02
3.681100000000000344e-02,1.343750000000000153e-02
3.684199999999999975e-02,1.531250000000000319e-02
3.687300000000000300e-02,1.750000000000000167e-02
3.690399999999999930e-02,2.093750000000000472e-02
3.693500000000000255e-02,2.437500000000000083e-02
3.696599999999999886e-02,2.531250000000000167e-02
3.699700000000000211e-02,2.718750000000000333e-02
3.702799999999999842e-02,2.812500000000000416e-02
3.705900000000000166e-02,2.843750000000000444e-02
3.708999999999999797e-02,2.781250000000000389e-02
3.712100000000000122e-02,2.625000000000000250e-02
3.715199999999999753e-02,2.468750000000000111e-02
3.718300000000000077e-02,2.343750000000000347e-02
3.721399999999999708e-02,2.156250000000000527e-02
3.724500000000000033e-02,2.031250000000000416e-02
3.727600000000000358e-02,1.875000000000000278e-02
3.730699999999999988e-02,1.750000000000000167e-02
3.733800000000000313e-02,1.718750000000000139e-02
3.736899999999999944e-02,1.562500000000000347e-02
3.740000000000000269e-02,1.531250000000000319e-02
3.743099999999999900e-02,1.468750000000000264e-02
3.746200000000000224e-02,1.562500000000000347e-02
3.749299999999999855e-02,1.656250000000000430e-02
3.752400000000000180e-02,1.812500000000000222e-02
3.755499999999999811e-02,2.000000000000000389e-02
3.758600000000000135e-02,2.031250000000000416e-02
3.761699999999999766e-02,2.031250000000000416e-02
3.764800000000000091e-02,1.843750000000000250e-02
3.767899999999999722e-02,1.718750000000000139e-02
3.771000000000000046e-02,1.562500000000000347e-02
3.774100000000000371e-02,1.531250000000000319e-02
3.777200000000000002e-02,1.312500000000000125e-02
3.780300000000000327e-02,1.125000000000000305e-02
3.783399999999999958e-02,9.375000000000001388e-03
3.786500000000000282e-02,8.750000000000004302e-03
3.789599999999999913e-02,7.812500000000003469e-03
3.792700000000000238e-02,7.500000000000003192e-03
3.795799999999999869e-02,7.187500000000002914e-03
3.798900000000000193e-02,6.562500000000002359e-03
3.801999999999999824e-02,7.812500000000003469e-03
3.805100000000000149e-02,8.437500000000004025e-03
3.808199999999999780e-02,9.375000000000001388e-03
3.811300000000000104e-02,1.062500000000000250e-02
3.814399999999999735e-02,1.281250000000000444e-02
3.817500000000000060e-02,1.593750000000000375e-02
3.820600000000000385e-02,1.843750000000000250e-02
3.823700000000000015e-02,1.906250000000000305e-02
3.826800000000000340e-02,2.000000000000000389e-02
3.829899999999999971e-02,2.031250000000000416e-02
3.833000000000000296e-02,2.000000000000000389e-02
3.836099999999999927e-02,1.906250000000000305e-02
3.839200000000000251e-02,1.781250000000000194e-02
3.842299999999999882e-02,1.531250000000000319e-02
3.845400000000000207e-02,1.406250000000000208e-02
3.848499999999999838e-02,1.343750000000000153e-02
3.851600000000000162e-02,1.156250000000000333e-02
3.854699999999999793e-02,1.125000000000000305e-02
3.857800000000000118e-02,1.031250000000000222e-02
3.860899999999999749e-02,9.687500000000001665e-03
3.864000000000000073e-02,8.750000000000004302e-03
3.867099999999999704e-02,8.437500000000004025e-03
3.870200000000000029e-02,8.750000000000004302e-03
3.873300000000000354e-02,9.375000000000001388e-03
3.876399999999999985e-02,1.093750000000000278e-02
3.879500000000000309e-02,1.187500000000000361e-02
3.882599999999999940e-02,1.281250000000000444e-02
3.885700000000000265e-02,1.250000000000000416e-02
3.888799999999999896e-02,1.125000000000000305e-02
3.891900000000000220e-02,1.031250000000000222e-02
3.894999999999999851e-02,8.750000000000004302e-03
3.898100000000000176e-02,8.125000000000003747e-03
3.901199999999999807e-02,7.187500000000002914e-03
3.904300000000000131e-02,5.625000000000001527e-03
3.907399999999999762e-02,5.312500000000001249e-03
3.910500000000000087e-02,5.000000000000004441e-03
3.913599999999999718e-02,4.062500000000003608e-03
3.916700000000000043e-02,3.750000000000003331e-03
3.919800000000000367e-02,3.437500000000003053e-03
3.922899999999999998e-02,3.437500000000003053e-03
3.926000000000000323e-02,3.437500000000003053e-03
3.929099999999999954e-02,3.125000000000002776e-03
3.932200000000000278e-02,3.437500000000003053e-03
3.935299999999999909e-02,4.375000000000003886e-03
3.938400000000000234e-02,5.000000000000004441e-03
3.941499999999999865e-02,6.250000000000002082e-03
3.944600000000000189e-02,8.125000000000003747e-03
3.947699999999999820e-02,9.687500000000001665e-03
3.950800000000000145e-02,1.093750000000000278e-02
3.953899999999999776e-02,1.093750000000000278e-02
3.957000000000000101e-02,1.125000000000000305e-02
3.960099999999999731e-02,1.093750000000000278e-02
3.963200000000000056e-02,9.375000000000001388e-03
3.966300000000000381e-02,8.750000000000004302e-03
3.969400000000000012e-02,8.125000000000003747e-03
3.972500000000000336e-02,6.875000000000002637e-03
3.975599999999999967e-02,6.250000000000002082e-03
3.978700000000000292e-02,5.937500000000001804e-03
3.981799999999999923e-02,5.625000000000001527e-03
3.984900000000000247e-02,5.000000000000004441e-03
3.987999999999999878e-02,4.687500000000004163e-03
3.991100000000000203e-02,4.687500000000004163e-03
3.994199999999999834e-02,4.687500000000004163e-03
3.997300000000000159e-02,5.000000000000004441e-03
4.000399999999999789e-02,6.875000000000002637e-03
4.003500000000000114e-02,7.500000000000003192e-03
4.006599999999999745e-02,8.750000000000004302e-03
4.009700000000000070e-02,8.437500000000004025e-03
4.012800000000000394e-02,7.500000000000003192e-03
4.015900000000000025e-02,7.187500000000002914e-03
4.019000000000000350e-02,5.937500000000001804e-03
4.022099999999999981e-02,5.937500000000001804e-03
4.025200000000000305e-02,5.000000000000004441e-03
4.028299999999999936e-02,4.687500000000004163e-03
4.031400000000000261e-02,4.375000000000003886e-03
4.034499999999999892e-02,4.062500000000003608e-03
4.037600000000000217e-02,4.062500000000003608e-03
4.040699999999999847e-02,3.437500000000003053e-03
4.043800000000000172e-02,3.750000000000003331e-03
4.046899999999999803e-02,3.750000000000003331e-03
4.050000000000000128e-02,3.125000000000002776e-03
4.053099999999999759e-02,3.437500000000003053e-03
4.056200000000000083e-02,3.125000000000002776e-03
4.059299999999999714e-02,3.437500000000003053e-03
4.062400000000000039e-02,4.375000000000003886e-03
4.065500000000000363e-02,4.687500000000004163e-03
4.068599999999999994e-02,7.187500000000002914e-03
4.071700000000000319e-02,7.812500000000003469e-03
4.074799999999999950e-02,8.437500000000004025e-03
4.077900000000000275e-02,8.750000000000004302e-03
4.080999999999999905e-02,9.062500000000001110e-03
4.084100000000000230e-02,8.750000000000004302e-03
4.087199999999999861e-02,8.437500000000004025e-03
4.090300000000000186e-02,7.500000000000003192e-03
4.093399999999999817e-02,6.875000000000002637e-03
4.096500000000000141e-02,6.250000000000002082e-03
4.099599999999999772e-02,5.625000000000001527e-03
4.102700000000000097e-02,5.000000000000004441e-03
4.105799999999999728e-02,4.687500000000004163e-03
4.108900000000000052e-02,4.687500000000004163e-03
4.112000000000000377e-02,4.062500000000003608e-03
4.115100000000000008e-02,4.062500000000003608e-03
4.118200000000000333e-02,3.750000000000003331e-03
4.121299999999999963e-02,4.062500000000003608e-03
4.124400000000000288e-02,5.312500000000001249e-03
4.127499999999999919e-02,5.937500000000001804e-03
4.130600000000000244e-02,7.500000000000003192e-03
4.133699999999999875e-02,7.812500000000003469e-03
4.136800000000000199e-02,7.812500000000003469e-03
4.139899999999999830e-02,7.187500000000002914e-03
4.143000000000000155e-02,6.250000000000002082e-03
4.146099999999999786e-02,5.625000000000001527e-03
4.149200000000000110e-02,5.625000000000001527e-03
4.152299999999999741e-02,5.000000000000004441e-03
4.155400000000000066e-02,4.062500000000003608e-03
4.158500000000000391e-02,4.062500000000003608e-03
4.161600000000000021e-02,3.437500000000003053e-03
4.164700000000000346e-02,3.437500000000003053e-03
4.167799999999999977e-02,3.125000000000002776e-03
4.170900000000000302e-02,3.125000000000002776e-03
4.173999999999999932e-02,3.125000000000002776e-03
4.177100000000000257e-02,3.125000000000002776e-03
4.180199999999999888e-02,4.062500000000003608e-03
4.183300000000000213e-02,4.375000000000003886e-03
4.186399999999999844e-02,5.937500000000001804e-03
4.189500000000000168e-02,7.187500000000002914e-03
4.192599999999999799e-02,1.000000000000000194e-02
4.195700000000000124e-02,1.156250000000000333e-02
4.198799999999999755e-02,1.250000000000000416e-02
4.201900000000000079e-02,1.281250000000000444e-02
4.205000000000000404e-02,1.312500000000000125e-02
4.208100000000000035e-02,1.250000000000000416e-02
4.211200000000000360e-02,1.187500000000000361e-02
4.214299999999999990e-02,1.062500000000000250e-02
4.217400000000000315e-02,9.687500000000001665e-03
4.220499999999999946e-02,8.750000000000004302e-03
4.223600000000000271e-02,7.500000000000003192e-03
4.226699999999999902e-02,7.187500000000002914e-03
4.229800000000000226e-02,6.562500000000002359e-03
4.232899999999999857e-02,5.312500000000001249e-03
4.236000000000000182e-02,5.625000000000001527e-03
4.239099999999999813e-02,5.000000000000004441e-03
4.242200000000000137e-02,5.312500000000001249e-03
4.245299999999999768e-02,5.000000000000004441e-03
4.248400000000000093e-02,5.625000000000001527e-03
4.251499999999999724e-02,5.937500000000001804e-03
4.254600000000000048e-02,7.187500000000002914e-03
4.257700000000000373e-02,7.500000000000003192e-03
4.260800000000000004e-02,6.875000000000002637e-03
4.263900000000000329e-02,6.562500000000002359e-03
4.266999999999999960e-02,5.625000000000001527e-03
4.270100000000000284e-02,5.000000000000004441e-03
4.273199999999999915e-02,4.375000000000003886e-03
4.276300000000000240e-02,4.062500000000003608e-03
4.279399999999999871e-02,4.062500000000003608e-03
4.282500000000000195e-02,4.375000000000003886e-03
4.285599999999999826e-02,4.375000000000003886e-03
4.288700000000000151e-02,4.375000000000003886e-03
4.291799999999999782e-02,5.000000000000004441e-03
4.294900000000000106e-02,4.687500000000004163e-03
4.297999999999999737e-02,5.000000000000004441e-03
4.301100000000000062e-02,4.375000000000003886e-03
4.304200000000000387e-02,4.062500000000003608e-03
4.307300000000000018e-02,3.750000000000003331e-03
4.310400000000000342e-02,3.750000000000003331e-03
4.313499999999999973e-02,3.750000000000003331e-03
4.316600000000000298e-02,3.750000000000003331e-03
4.319699999999999929e-02,4.687500000000004163e-03
4.322800000000000253e-02,5.000000000000004441e-03
4.325899999999999884e-02,5.625000000000001527e-03
4.329000000000000209e-02,5.625000000000001527e-03
4.332099999999999840e-02,5.625000000000001527e-03
4.335200000000000164e-02,5.312500000000001249e-03
4.338299999999999795e-02,4.687500000000004163e-03
4.341400000000000120e-02,4.375000000000003886e-03
4.344499999999999751e-02,3.750000000000003331e-03
4.347600000000000076e-02,3.437500000000003053e-03
4.350700000000000400e-02,3.437500000000003053e-03
4.353800000000000031e-02,3.437500000000003053e-03
4.356900000000000356e-02,3.437500000000003053e-03
4.359999999999999987e-02,3.125000000000002776e-03
4.363100000000000311e-02,2.812500000000002498e-03
4.366199999999999942e-02,2.812500000000002498e-03
4.369300000000000267e-02,2.500000000000002220e-03
4.372399999999999898e-02,3.437500000000003053e-03
4.375500000000000222e-02,3.437500000000003053e-03
4.378599999999999853e-02,4.062500000000003608e-03
4.381700000000000178e-02,5.000000000000004441e-03
4.384799999999999809e-02,4.687500000000004163e-03
4.387900000000000134e-02,4.687500000000004163e-03
4.390999999999999764e-02,4.375000000000003886e-03
4.394100000000000089e-02,3.750000000000003331e-03
4.397200000000000414e-02,3.437500000000003053e-03
4.400300000000000045e-02,3.437500000000003053e-03
4.403400000000000369e-02,3.437500000000003053e-03
4.406500000000000000e-02,3.750000000000003331e-03
4.409600000000000325e-02,4.062500000000003608e-03
4.412699999999999956e-02,4.375000000000003886e-03
4.415800000000000280e-02,5.000000000000004441e-03
4.418899999999999911e-02,5.312500000000001249e-03
4.422000000000000236e-02,5.312500000000001249e-03
4.425099999999999867e-02,5.000000000000004441e-03
4.428200000000000192e-02,4.687500000000004163e-03
4.431299999999999822e-02,4.375000000000003886e-03
4.434400000000000147e-02,3.750000000000003331e-03
4.437499999999999778e-02,3.437500000000003053e-03
4.440600000000000103e-02,3.437500000000003053e-03
4.443699999999999734e-02,3.750000000000003331e-03
4.446800000000000058e-02,3.437500000000003053e-03
4.449900000000000383e-02,3.437500000000003053e-03
4.453000000000000014e-02,3.437500000000003053e-03
4.456100000000000338e-02,3.125000000000002776e-03
4.459199999999999969e-02,2.812500000000002498e-03
4.462300000000000294e-02,3.125000000000002776e-03
4.465399999999999925e-02,3.125000000000002776e-03
4.468500000000000250e-02,3.437500000000003053e-03
4.471599999999999880e-02,3.437500000000003053e-03
4.474700000000000205e-02,3.750000000000003331e-03
4.477799999999999836e-02,4.062500000000003608e-03
4.480900000000000161e-02,4.062500000000003608e-03
4.483999999999999792e-02,4.375000000000003886e-03
4.487100000000000116e-02,4.062500000000003608e-03
4.490199999999999747e-02,4.062500000000003608e-03
4.493300000000000072e-02,3.750000000000003331e-03
4.496400000000000396e-02,3.437500000000003053e-03
4.499500000000000027e-02,3.125000000000002776e-03
4.502600000000000352e-02,3.437500000000003053e-03
4.505699999999999983e-02,3.437500000000003053e-03
4.508800000000000308e-02,3.437500000000003053e-03
4.511899999999999938e-02,3.437500000000003053e-03
4.515000000000000263e-02,3.125000000000002776e-03
4.518099999999999894e-02,2.812500000000002498e-03
4.521200000000000219e-02,3.125000000000002776e-03
4.524299999999999849e-02,2.812500000000002498e-03
4.527400000000000174e-02,3.437500000000003053e-03
4.530499999999999805e-02,3.437500000000003053e-03
4.533600000000000130e-02,4.375000000000003886e-03
4.536699999999999761e-02,4.687500000000004163e-03
4.539800000000000085e-02,5.312500000000001249e-03
4.542900000000000410e-02,5.312500000000001249e-03
4.546000000000000041e-02,5.312500000000001249e-03
4.549100000000000366e-02,5.625000000000001527e-03
4.552199999999999996e-02,4.687500000000004163e-03
4.555300000000000321e-02,4.375000000000003886e-03
4.558399999999999952e-02,4.062500000000003608e-03
4.561500000000000277e-02,4.062500000000003608e-03
4.564599999999999907e-02,3.750000000000003331e-03
4.567700000000000232e-02,4.062500000000003608e-03
4.570799999999999863e-02,3.750000000000003331e-03
4.573900000000000188e-02,4.062500000000003608e-03
4.576999999999999819e-02,3.750000000000003331e-03
4.580100000000000143e-02,3.750000000000003331e-03
4.583199999999999774e-02,3.125000000000002776e-03
4.586300000000000099e-02,3.125000000000002776e-03
4.589400000000000424e-02,3.437500000000003053e-03
4.592500000000000054e-02,3.750000000000003331e-03
4.595600000000000379e-02,3.750000000000003331e-03
4.598700000000000010e-02,4.375000000000003886e-03
4.601800000000000335e-02,4.687500000000004163e-03
4.604899999999999965e-02,5.000000000000004441e-03
4.608000000000000290e-02,5.625000000000001527e-03
4.611099999999999921e-02,5.625000000000001527e-03
4.614200000000000246e-02,5.937500000000001804e-03
4.617299999999999877e-02,5.937500000000001804e-03
4.620400000000000201e-02,5.625000000000001527e-03
4.623499999999999832e-02,5.312500000000001249e-03
4.626600000000000157e-02,4.062500000000003608e-03
4.629699999999999788e-02,4.375000000000003886e-03
4.632800000000000112e-02,3.437500000000003053e-03
4.635899999999999743e-02,3.437500000000003053e-03
4.639000000000000068e-02,3.437500000000003053e-03
4.642100000000000393e-02,3.125000000000002776e-03
4.645200000000000023e-02,3.437500000000003053e-03
4.648300000000000348e-02,4.062500000000003608e-03
4.651399999999999979e-02,4.375000000000003886e-03
4.654500000000000304e-02,5.000000000000004441e-03
4.657599999999999935e-02,5.312500000000001249e-03
4.660700000000000259e-02,5.937500000000001804e-03
4.663799999999999890e-02,6.250000000000002082e-03
4.666900000000000215e-02,6.562500000000002359e-03
4.669999999999999846e-02,6.250000000000002082e-03
4.673100000000000170e-02,5.937500000000001804e-03
4.676199999999999801e-02,5.625000000000001527e-03
4.679300000000000126e-02,5.000000000000004441e-03
4.682399999999999757e-02,4.375000000000003886e-03
4.685500000000000081e-02,4.062500000000003608e-03
4.688600000000000406e-02,3.750000000000003331e-03
4.691700000000000037e-02,4.062500000000003608e-03
4.694800000000000362e-02,4.062500000000003608e-03
4.697899999999999993e-02,4.062500000000003608e-03
4.701000000000000317e-02,3.750000000000003331e-03
4.704099999999999948e-02,3.437500000000003053e-03
4.707200000000000273e-02,3.437500000000003053e-03
4.710299999999999904e-02,3.437500000000003053e-03
4.713400000000000228e-02,3.125000000000002776e-03
4.716499999999999859e-02,3.437500000000003053e-03
4.719600000000000184e-02,3.750000000000003331e-03
4.722699999999999815e-02,4.375000000000003886e-03
4.725800000000000139e-02,5.000000000000004441e-03
4.728899999999999770e-02,5.625000000000001527e-03
4.732000000000000095e-02,6.250000000000002082e-03
4.735100000000000420e-02,6.562500000000002359e-03
4.738200000000000051e-02,7.187500000000002914e-03
4.741300000000000375e-02,7.500000000000003192e-03
4.744400000000000006e-02,7.500000000000003192e-03
4.747500000000000331e-02,7.500000000000003192e-03
4.750599999999999962e-02,5.937500000000001804e-03
4.753700000000000286e-02,5.312500000000001249e-03
4.756799999999999917e-02,5.000000000000004441e-03
4.759900000000000242e-02,5.000000000000004441e-03
4.762999999999999873e-02,5.625000000000001527e-03
4.766100000000000197e-02,6.250000000000002082e-03
4.769199999999999828e-02,7.187500000000002914e-03
4.772300000000000153e-02,8.125000000000003747e-03
4.775399999999999784e-02,1.062500000000000250e-02
4.778500000000000109e-02,1.125000000000000305e-02
4.781600000000000433e-02,1.406250000000000208e-02
4.784700000000000064e-02,1.656250000000000430e-02
4.787800000000000389e-02,1.812500000000000222e-02
4.790900000000000020e-02,2.000000000000000389e-02
4.794000000000000344e-02,2.031250000000000416e-02
4.797099999999999975e-02,2.125000000000000500e-02
4.800200000000000300e-02,2.062500000000000444e-02
4.803299999999999931e-02,2.000000000000000389e-02
4.806400000000000255e-02,1.843750000000000250e-02
4.809499999999999886e-02,1.750000000000000167e-02
4.812600000000000211e-02,1.656250000000000430e-02
4.815699999999999842e-02,1.343750000000000153e-02
4.818800000000000167e-02,1.187500000000000361e-02
4.821899999999999797e-02,9.375000000000001388e-03
4.825000000000000122e-02,8.125000000000003747e-03
4.828099999999999753e-02,7.500000000000003192e-03
4.831200000000000078e-02,6.250000000000002082e-03
4.834300000000000402e-02,6.562500000000002359e-03
4.837400000000000033e-02,6.250000000000002082e-03
4.840500000000000358e-02,6.875000000000002637e-03
4.843599999999999989e-02,6.562500000000002359e-03
4.846700000000000313e-02,7.500000000000003192e-03
4.849799999999999944e-02,7.812500000000003469e-03
4.852900000000000269e-02,7.812500000000003469e-03
4.855999999999999900e-02,7.500000000000003192e-03
4.859100000000000225e-02,8.125000000000003747e-03
4.862199999999999855e-02,7.812500000000003469e-03
4.865300000000000180e-02,7.812500000000003469e-03
4.868399999999999811e-02,7.812500000000003469e-03
4.871500000000000136e-02,6.875000000000002637e-03
4.874599999999999766e-02,6.250000000000002082e-03
4.877700000000000091e-02,5.312500000000001249e-03
4.880800000000000416e-02,4.687500000000004163e-03
4.883900000000000047e-02,4.062500000000003608e-03
4.887000000000000371e-02,4.062500000000003608e-03
4.890100000000000002e-02,4.687500000000004163e-03
4.893200000000000327e-02,4.687500000000004163e-03
4.896299999999999958e-02,5.937500000000001804e-03
4.899400000000000283e-02,6.562500000000002359e-03
4.902499999999999913e-02,7.500000000000003192e-03
4.905600000000000238e-02,1.000000000000000194e-02
4.908699999999999869e-02,1.093750000000000278e-02
4.911800000000000194e-02,1.250000000000000416e-02
4.914899999999999824e-02,1.312500000000000125e-02
4.918000000000000149e-02,1.375000000000000180e-02
4.921099999999999780e-02,1.375000000000000180e-02
4.924200000000000105e-02,1.375000000000000180e-02
4.927300000000000429e-02,1.281250000000000444e-02
4.930400000000000060e-02,1.156250000000000333e-02
4.933500000000000385e-02,1.000000000000000194e-02
4.936600000000000016e-02,9.375000000000001388e-03
4.939700000000000341e-02,8.125000000000003747e-03
4.942799999999999971e-02,6.562500000000002359e-03
4.945900000000000296e-02,5.625000000000001527e-03
4.948999999999999927e-02,5.312500000000001249e-03
4.952100000000000252e-02,4.687500000000004163e-03
4.955199999999999882e-02,4.062500000000003608e-03
4.958300000000000207e-02,4.062500000000003608e-03
4.961399999999999838e-02,3.750000000000003331e-03
4.964500000000000163e-02,4.062500000000003608e-03
4.967599999999999794e-02,4.375000000000003886e-03
4.970700000000000118e-02,5.000000000000004441e-03
4.973799999999999749e-02,5.312500000000001249e-03
4.976900000000000074e-02,6.250000000000002082e-03
4.980000000000000399e-02,6.562500000000002359e-03
4.983100000000000029e-02,7.187500000000002914e-03
4.986200000000000354e-02,7.500000000000003192e-03
4.989299999999999985e-02,7.812500000000003469e-03
4.992400000000000310e-02,7.812500000000003469e-03
4.995499999999999940e-02,7.500000000000003192e-03
4.998600000000000265e-02,7.187500000000002914e-03
5.001699999999999896e-02,6.250000000000002082e-03
5.004800000000000221e-02,5.625000000000001527e-03
5.007899999999999852e-02,5.312500000000001249e-03
5.011000000000000176e-02,5.000000000000004441e-03
5.014099999999999807e-02,6.250000000000002082e-03
5.017200000000000132e-02,6.875000000000002637e-03
5.020299999999999763e-02,7.500000000000003192e-03
5.023400000000000087e-02,9.687500000000001665e-03
5.026500000000000412e-02,1.187500000000000361e-02
5.029600000000000043e-02,1.281250000000000444e-02
5.032700000000000368e-02,1.500000000000000291e-02
5.035799999999999998e-02,1.750000000000000167e-02
5.038900000000000323e-02,1.812500000000000222e-02
5.041999999999999954e-02,1.937500000000000333e-02
5.045100000000000279e-02,1.968750000000000361e-02
5.048199999999999910e-02,1.875000000000000278e-02
5.051300000000000234e-02,1.875000000000000278e-02
5.054399999999999865e-02,1.718750000000000139e-02
5.057500000000000190e-02,1.593750000000000375e-02
5.060599999999999821e-02,1.375000000000000180e-02
5.063700000000000145e-02,1.156250000000000333e-02
5.066799999999999776e-02,1.031250000000000222e-02
5.069900000000000101e-02,8.750000000000004302e-03
5.073000000000000426e-02,7.187500000000002914e-03
5.076100000000000056e-02,6.250000000000002082e-03
5.079200000000000381e-02,5.937500000000001804e-03
5.082300000000000012e-02,5.000000000000004441e-03
5.085400000000000337e-02,5.000000000000004441e-03
5.088499999999999968e-02,5.937500000000001804e-03
5.091600000000000292e-02,6.562500000000002359e-03
5.094699999999999923e-02,6.875000000000002637e-03
5.097800000000000248e-02,7.812500000000003469e-03
5.100899999999999879e-02,8.437500000000004025e-03
5.104000000000000203e-02,9.062500000000001110e-03
5.107099999999999834e-02,9.062500000000001110e-03
5.110200000000000159e-02,9.687500000000001665e-03
5.113299999999999790e-02,1.000000000000000194e-02
5.116400000000000114e-02,1.031250000000000222e-02
5.119500000000000439e-02,1.000000000000000194e-02
5.122600000000000070e-02,8.750000000000004302e-03
5.125700000000000395e-02,8.437500000000004025e-03
5.128800000000000026e-02,7.187500000000002914e-03
5.131900000000000350e-02,6.562500000000002359e-03
5.134999999999999981e-02,6.875000000000002637e-03
5.138100000000000306e-02,7.187500000000002914e-03
5.141199999999999937e-02,8.750000000000004302e-03
5.144300000000000261e-02,9.687500000000001665e-03
5.147399999999999892e-02,1.250000000000000416e-02
5.150500000000000217e-02,1.406250000000000208e-02
5.153599999999999848e-02,1.812500000000000222e-02
5.156700000000000172e-02,2.031250000000000416e-02
5.159799999999999803e-02,2.375000000000000375e-02
5.162900000000000128e-02,2.625000000000000250e-02
5.165999999999999759e-02,2.718750000000000333e-02
5.169100000000000084e-02,2.875000000000000472e-02
5.172200000000000408e-02,2.906250000000000500e-02
5.175300000000000039e-02,2.906250000000000500e-02
5.178400000000000364e-02,2.906250000000000500e-02
5.181499999999999995e-02,2.843750000000000444e-02
5.184600000000000319e-02,2.687500000000000305e-02
5.187699999999999950e-02,2.531250000000000167e-02
5.190800000000000275e-02,2.312500000000000319e-02
5.193899999999999906e-02,2.062500000000000444e-02
5.197000000000000230e-02,1.843750000000000250e-02
5.200099999999999861e-02,1.718750000000000139e-02
5.203200000000000186e-02,1.718750000000000139e-02
5.206299999999999817e-02,1.750000000000000167e-02
5.209400000000000142e-02,1.781250000000000194e-02
5.212499999999999772e-02,1.968750000000000361e-02
5.215600000000000097e-02,2.187500000000000555e-02
5.218700000000000422e-02,2.343750000000000347e-02
5.221800000000000053e-02,2.500000000000000139e-02
5.224900000000000377e-02,2.531250000000000167e-02
5.228000000000000008e-02,2.687500000000000305e-02
5.231100000000000333e-02,2.687500000000000305e-02
5.234199999999999964e-02,2.718750000000000333e-02
5.237300000000000288e-02,2.750000000000000361e-02
5.240399999999999919e-02,2.750000000000000361e-02
5.243500000000000244e-02,2.687500000000000305e-02
5.246599999999999875e-02,2.500000000000000139e-02
5.249700000000000200e-02,2.250000000000000264e-02
5.252799999999999830e-02,1.968750000000000361e-02
5.255900000000000155e-02,1.750000000000000167e-02
5.258999999999999786e-02,1.593750000000000375e-02
5.262100000000000111e-02,1.593750000000000375e-02
5.265200000000000435e-02,1.593750000000000375e-02
5.268300000000000066e-02,1.593750000000000375e-02
5.271400000000000391e-02,1.656250000000000430e-02
5.274500000000000022e-02,1.750000000000000167e-02
5.277600000000000346e-02,1.875000000000000278e-02
5.280699999999999977e-02,2.000000000000000389e-02
5.283800000000000302e-02,2.125000000000000500e-02
5.286899999999999933e-02,2.312500000000000319e-02
5.290000000000000258e-02,2.343750000000000347e-02
5.293099999999999888e-02,2.375000000000000375e-02
5.296200000000000213e-02,2.343750000000000347e-02
5.299299999999999844e-02,2.281250000000000291e-02
5.302400000000000169e-02,2.156250000000000527e-02
5.305499999999999799e-02,2.000000000000000389e-02
5.308600000000000124e-02,1.875000000000000278e-02
5.311700000000000449e-02,1.687500000000000458e-02
5.314800000000000080e-02,1.468750000000000264e-02
5.317900000000000404e-02,1.156250000000000333e-02
5.321000000000000035e-02,1.000000000000000194e-02
5.324100000000000360e-02,8.437500000000004025e-03
5.327199999999999991e-02,7.812500000000003469e-03
5.330300000000000316e-02,7.187500000000002914e-03
5.333399999999999946e-02,7.500000000000003192e-03
5.336500000000000271e-02,8.437500000000004025e-03
5.339599999999999902e-02,9.687500000000001665e-03
5.342700000000000227e-02,1.125000000000000305e-02
5.345799999999999857e-02,1.156250000000000333e-02
5.348900000000000182e-02,1.406250000000000208e-02
5.351999999999999813e-02,1.468750000000000264e-02
5.355100000000000138e-02,1.656250000000000430e-02
5.358199999999999769e-02,1.781250000000000194e-02
5.361300000000000093e-02,1.812500000000000222e-02
5.364400000000000418e-02,2.000000000000000389e-02
5.367500000000000049e-02,2.000000000000000389e-02
5.370600000000000374e-02,2.000000000000000389e-02
5.373700000000000004e-02,1.843750000000000250e-02
5.376800000000000329e-02,1.687500000000000458e-02
5.379899999999999960e-02,1.531250000000000319e-02
5.383000000000000285e-02,1.437500000000000236e-02
5.386099999999999915e-02,1.406250000000000208e-02
5.389200000000000240e-02,1.468750000000000264e-02
5.392299999999999871e-02,1.531250000000000319e-02
5.395400000000000196e-02,1.656250000000000430e-02
5.398499999999999827e-02,1.718750000000000139e-02
5.401600000000000151e-02,1.937500000000000333e-02
5.404699999999999782e-02,2.031250000000000416e-02
5.407800000000000107e-02,2.250000000000000264e-02
5.410900000000000432e-02,2.312500000000000319e-02
5.414000000000000062e-02,2.437500000000000083e-02
5.417100000000000387e-02,2.468750000000000111e-02
5.420200000000000018e-02,2.500000000000000139e-02
5.423300000000000343e-02,2.468750000000000111e-02
5.426399999999999973e-02,2.312500000000000319e-02
5.429500000000000298e-02,2.250000000000000264e-02
5.432599999999999929e-02,2.031250000000000416e-02
5.435700000000000254e-02,1.937500000000000333e-02
5.438799999999999885e-02,1.718750000000000139e-02
5.441900000000000209e-02,1.343750000000000153e-02
5.444999999999999840e-02,1.093750000000000278e-02
5.448100000000000165e-02,1.031250000000000222e-02
5.451199999999999796e-02,8.437500000000004025e-03
5.454300000000000120e-02,8.125000000000003747e-03
5.457400000000000445e-02,7.500000000000003192e-03
5.460500000000000076e-02,7.500000000000003192e-03
5.463600000000000401e-02,7.812500000000003469e-03
5.466700000000000031e-02,8.750000000000004302e-03
5.469800000000000356e-02,1.000000000000000194e-02
5.472899999999999987e-02,1.031250000000000222e-02
5.476000000000000312e-02,1.156250000000000333e-02
5.479099999999999943e-02,1.187500000000000361e-02
5.482200000000000267e-02,1.281250000000000444e-02
5.485299999999999898e-02,1.375000000000000180e-02
5.488400000000000223e-02,1.468750000000000264e-02
5.491499999999999854e-02,1.531250000000000319e-02
5.494600000000000178e-02,1.500000000000000291e-02
5.497699999999999809e-02,1.406250000000000208e-02
5.500800000000000134e-02,1.343750000000000153e-02
5.503900000000000459e-02,1.187500000000000361e-02
5.507000000000000089e-02,1.156250000000000333e-02
5.510100000000000414e-02,1.125000000000000305e-02
5.513200000000000045e-02,1.218750000000000389e-02
5.516300000000000370e-02,1.343750000000000153e-02
5.519400000000000001e-02,1.593750000000000375e-02
5.522500000000000325e-02,1.812500000000000222e-02
5.525599999999999956e-02,1.937500000000000333e-02
5.528700000000000281e-02,2.437500000000000083e-02
5.531799999999999912e-02,2.593750000000000222e-02
5.534900000000000236e-02,2.906250000000000500e-02
5.537999999999999867e-02,3.093750000000000319e-02
5.541100000000000192e-02,3.218750000000000083e-02
5.544199999999999823e-02,3.437500000000000278e-02
5.547300000000000147e-02,3.468750000000000305e-02
5.550399999999999778e-02,3.468750000000000305e-02
5.553500000000000103e-02,3.343750000000000194e-02
5.556600000000000428e-02,3.312500000000000167e-02
5.559700000000000059e-02,3.156250000000000028e-02
5.562800000000000383e-02,2.968750000000000208e-02
5.565900000000000014e-02,2.656250000000000278e-02
5.569000000000000339e-02,2.375000000000000375e-02
5.572099999999999970e-02,2.156250000000000527e-02
5.575200000000000294e-02,1.875000000000000278e-02
5.578299999999999925e-02,1.843750000000000250e-02
5.581400000000000250e-02,1.843750000000000250e-02
5.584499999999999881e-02,1.937500000000000333e-02
5.587600000000000205e-02,2.156250000000000527e-02
5.590699999999999836e-02,2.343750000000000347e-02
5.593800000000000161e-02,2.625000000000000250e-02
5.596899999999999792e-02,2.718750000000000333e-02
5.600000000000000117e-02,2.968750000000000208e-02
5.603100000000000441e-02,3.031250000000000264e-02
5.606200000000000072e-02,3.218750000000000083e-02
5.609300000000000397e-02,3.250000000000000111e-02
5.612400000000000028e-02,3.375000000000000222e-02
5.615500000000000352e-02,3.437500000000000278e-02
5.618599999999999983e-02,3.468750000000000305e-02
5.621700000000000308e-02,3.406250000000000250e-02
5.624799999999999939e-02,3.343750000000000194e-02
5.627900000000000263e-02,3.218750000000000083e-02
5.630999999999999894e-02,3.125000000000000000e-02
5.634100000000000219e-02,3.156250000000000028e-02
5.637199999999999850e-02,3.250000000000000111e-02
5.640300000000000175e-02,3.375000000000000222e-02
5.643399999999999805e-02,3.562500000000000389e-02
5.646500000000000130e-02,3.906250000000000000e-02
5.649600000000000455e-02,4.093750000000000167e-02
5.652700000000000086e-02,4.187500000000000250e-02
5.655800000000000410e-02,4.468750000000000500e-02
5.658900000000000041e-02,4.656250000000000666e-02
5.662000000000000366e-02,4.843750000000000139e-02
5.665099999999999997e-02,5.031250000000000305e-02
5.668200000000000321e-02,5.093750000000000361e-02
5.671299999999999952e-02,5.125000000000000389e-02
5.674400000000000277e-02,5.125000000000000389e-02
5.677499999999999908e-02,5.062500000000000333e-02
5.680600000000000233e-02,5.062500000000000333e-02
5.683699999999999863e-02,4.875000000000000167e-02
5.686800000000000188e-02,4.656250000000000666e-02
5.689899999999999819e-02,4.468750000000000500e-02
5.693000000000000144e-02,4.125000000000000194e-02
5.696100000000000468e-02,3.906250000000000000e-02
5.699200000000000099e-02,3.781250000000000583e-02
5.702300000000000424e-02,3.750000000000000555e-02
5.705400000000000055e-02,3.781250000000000583e-02
5.708500000000000379e-02,3.843750000000000638e-02
5.711600000000000010e-02,3.906250000000000000e-02
5.714700000000000335e-02,3.968750000000000056e-02
5.717799999999999966e-02,4.187500000000000250e-02
5.720900000000000291e-02,4.250000000000000305e-02
5.723999999999999921e-02,4.281250000000000333e-02
5.727100000000000246e-02,4.343750000000000389e-02
5.730199999999999877e-02,4.437500000000000472e-02
5.733300000000000202e-02,4.406250000000000444e-02
5.736399999999999832e-02,4.500000000000000527e-02
5.739500000000000157e-02,4.531250000000000555e-02
5.742599999999999788e-02,4.531250000000000555e-02
5.745700000000000113e-02,4.406250000000000444e-02
5.748800000000000437e-02,4.218750000000000278e-02
5.751900000000000068e-02,4.000000000000000083e-02
5.755000000000000393e-02,3.812500000000000611e-02
5.758100000000000024e-02,3.687500000000000500e-02
5.761200000000000349e-02,3.562500000000000389e-02
5.764299999999999979e-02,3.656250000000000472e-02
5.767400000000000304e-02,3.687500000000000500e-02
5.770499999999999935e-02,3.937500000000000722e-02
5.773600000000000260e-02,4.000000000000000083e-02
5.776699999999999890e-02,4.250000000000000305e-02
5.779800000000000215e-02,4.468750000000000500e-02
5.782899999999999846e-02,4.624999999999999944e-02
5.786000000000000171e-02,4.781250000000000777e-02
5.789099999999999802e-02,4.906250000000000194e-02
5.792200000000000126e-02,4.968750000000000250e-02
5.795300000000000451e-02,5.031250000000000305e-02
5.798400000000000082e-02,5.062500000000000333e-02
5.801500000000000407e-02,5.000000000000000278e-02
5.804600000000000037e-02,5.031250000000000305e-02
5.807700000000000362e-02,4.968750000000000250e-02
5.810799999999999993e-02,4.750000000000000056e-02
5.813900000000000318e-02,4.562500000000000583e-02
5.816999999999999948e-02,4.250000000000000305e-02
5.820100000000000273e-02,4.187500000000000250e-02
5.823199999999999904e-02,3.875000000000000666e-02
5.826300000000000229e-02,3.750000000000000555e-02
5.829399999999999860e-02,3.718750000000000527e-02
5.832500000000000184e-02,3.781250000000000583e-02
5.835599999999999815e-02,3.812500000000000611e-02
5.838700000000000140e-02,3.937500000000000722e-02
5.841800000000000465e-02,4.093750000000000167e-02
5.844900000000000095e-02,4.312500000000000361e-02
5.848000000000000420e-02,4.343750000000000389e-02
5.851100000000000051e-02,4.406250000000000444e-02
5.854200000000000376e-02,4.406250000000000444e-02
5.857300000000000006e-02,4.437500000000000472e-02
5.860400000000000331e-02,4.437500000000000472e-02
5.863499999999999962e-02,4.500000000000000527e-02
5.866600000000000287e-02,4.500000000000000527e-02
5.869699999999999918e-02,4.406250000000000444e-02
5.872800000000000242e-02,4.281250000000000333e-02
5.875899999999999873e-02,4.093750000000000167e-02
5.879000000000000198e-02,3.843750000000000638e-02
5.882099999999999829e-02,3.593750000000000416e-02
5.885200000000000153e-02,3.562500000000000389e-02
5.888300000000000478e-02,3.625000000000000444e-02
5.891400000000000109e-02,3.656250000000000472e-02
5.894500000000000434e-02,3.750000000000000555e-02
5.897600000000000064e-02,3.968750000000000056e-02
5.900700000000000389e-02,4.125000000000000194e-02
5.903800000000000020e-02,4.281250000000000333e-02
5.906900000000000345e-02,4.531250000000000555e-02
5.909999999999999976e-02,4.593750000000000611e-02
5.913100000000000300e-02,4.781250000000000777e-02
5.916199999999999931e-02,4.781250000000000777e-02
5.919300000000000256e-02,4.875000000000000167e-02
5.922399999999999887e-02,4.875000000000000167e-02
5.925500000000000211e-02,4.875000000000000167e-02
5.928599999999999842e-02,4.750000000000000056e-02
5.931700000000000167e-02,4.624999999999999944e-02
5.934799999999999798e-02,4.593750000000000611e-02
5.937900000000000122e-02,4.218750000000000278e-02
5.941000000000000447e-02,3.906250000000000000e-02
5.944100000000000078e-02,3.812500000000000611e-02
5.947200000000000403e-02,3.562500000000000389e-02
5.950300000000000034e-02,3.406250000000000250e-02
5.953400000000000358e-02,3.343750000000000194e-02
5.956499999999999989e-02,3.437500000000000278e-02
5.959600000000000314e-02,3.562500000000000389e-02
5.962699999999999945e-02,3.812500000000000611e-02
5.965800000000000269e-02,3.937500000000000722e-02
5.968899999999999900e-02,4.125000000000000194e-02
5.972000000000000225e-02,4.281250000000000333e-02
5.975099999999999856e-02,4.406250000000000444e-02
5.978200000000000180e-02,4.562500000000000583e-02
5.981299999999999811e-02,4.656250000000000666e-02
5.984400000000000136e-02,4.687500000000000000e-02
5.987500000000000461e-02,4.812500000000000111e-02
5.990600000000000092e-02,4.875000000000000167e-02
5.993700000000000416e-02,4.875000000000000167e-02
5.996800000000000047e-02,4.781250000000000777e-02
5.999900000000000372e-02,4.687500000000000000e-02
6.003000000000000003e-02,4.437500000000000472e-02
6.006100000000000327e-02,4.343750000000000389e-02
6.009199999999999958e-02,4.218750000000000278e-02
6.012300000000000283e-02,4.218750000000000278e-02
6.015399999999999914e-02,4.281250000000000333e-02
6.018500000000000238e-02,4.406250000000000444e-02
6.021599999999999869e-02,4.562500000000000583e-02
6.024700000000000194e-02,4.812500000000000111e-02
6.027799999999999825e-02,4.937500000000000222e-02
6.030900000000000150e-02,5.031250000000000305e-02
6.034000000000000474e-02,5.218750000000000472e-02
6.037100000000000105e-02,5.406249999999999944e-02
6.040200000000000430e-02,5.468750000000000000e-02
6.043300000000000061e-02,5.468750000000000000e-02
6.046400000000000385e-02,5.500000000000000722e-02
6.049500000000000016e-02,5.468750000000000000e-02
6.052600000000000341e-02,5.437500000000000666e-02
6.055699999999999972e-02,5.375000000000000611e-02
6.058800000000000296e-02,5.250000000000000500e-02
6.061899999999999927e-02,5.031250000000000305e-02
6.065000000000000252e-02,4.937500000000000222e-02
6.068099999999999883e-02,4.531250000000000555e-02
6.071200000000000208e-02,4.250000000000000305e-02
6.074299999999999838e-02,4.125000000000000194e-02
6.077400000000000163e-02,4.062500000000000139e-02
6.080500000000000488e-02,4.062500000000000139e-02
6.083600000000000119e-02,4.187500000000000250e-02
6.086700000000000443e-02,4.312500000000000361e-02
6.089800000000000074e-02,4.437500000000000472e-02
6.092900000000000399e-02,4.624999999999999944e-02
6.096000000000000030e-02,4.812500000000000111e-02
6.099100000000000354e-02,4.906250000000000194e-02
6.102199999999999985e-02,5.031250000000000305e-02
6.105300000000000310e-02,5.125000000000000389e-02
6.108399999999999941e-02,5.187500000000000444e-02
6.111500000000000266e-02,5.250000000000000500e-02
6.114599999999999896e-02,5.406249999999999944e-02
6.117700000000000221e-02,5.468750000000000000e-02
6.120799999999999852e-02,5.468750000000000000e-02
6.123900000000000177e-02,5.531250000000000056e-02
6.126999999999999807e-02,5.531250000000000056e-02
6.130100000000000132e-02,5.500000000000000722e-02
6.133200000000000457e-02,5.468750000000000000e-02
6.136300000000000088e-02,5.468750000000000000e-02
6.139400000000000412e-02,5.531250000000000056e-02
6.142500000000000043e-02,5.656250000000000167e-02
6.145600000000000368e-02,5.718750000000000222e-02
6.148699999999999999e-02,5.781250000000000278e-02
6.151800000000000324e-02,5.843750000000000333e-02
6.154899999999999954e-02,5.906250000000000389e-02
6.158000000000000279e-02,5.968750000000000444e-02
6.161099999999999910e-02,5.968750000000000444e-02
6.164200000000000235e-02,5.937500000000000416e-02
6.167299999999999865e-02,5.968750000000000444e-02
6.170400000000000190e-02,5.937500000000000416e-02
6.173499999999999821e-02,5.968750000000000444e-02
6.176600000000000146e-02,6.000000000000000472e-02
6.179700000000000470e-02,6.000000000000000472e-02
6.182800000000000101e-02,5.937500000000000416e-02
6.185900000000000426e-02,5.875000000000000361e-02
6.189000000000000057e-02,5.750000000000000250e-02
6.192100000000000382e-02,5.562500000000000777e-02
6.195200000000000012e-02,5.218750000000000472e-02
6.198300000000000337e-02,5.062500000000000333e-02
6.201399999999999968e-02,4.906250000000000194e-02
6.204500000000000293e-02,4.906250000000000194e-02
6.207599999999999923e-02,4.875000000000000167e-02
6.210700000000000248e-02,4.906250000000000194e-02
6.213799999999999879e-02,5.031250000000000305e-02
6.216900000000000204e-02,5.125000000000000389e-02
