PURE SILICA, ELECTRODE=TUNGSTEN, TIME=35, POLING_VOLTAGE=3700, WAVELENGTH=1.55e-06, EFFECTIVE_DISTANCE=3.1e-05, POLED_LENGTH=0.3, CORE_INDEX=1.45, POLE=MAX, AC_VOLTAGE=984.375, AC_FREQUENCY=4900, PIEZO_FREQUENCY=98.0
Time(s),Voltage(V)
-8.000000000000000654e-05,3.562500000000000389e-02
-7.480000000000000212e-05,3.531250000000000361e-02
-6.960000000000001125e-05,3.468750000000000305e-02
-6.440000000000000683e-05,3.375000000000000222e-02
-5.920000000000000240e-05,3.343750000000000194e-02
-5.400000000000000476e-05,3.218750000000000083e-02
-4.880000000000000711e-05,3.156250000000000028e-02
-4.360000000000000269e-05,3.062500000000000291e-02
-3.840000000000000504e-05,3.093750000000000319e-02
-3.320000000000000739e-05,3.000000000000000236e-02
-2.800000000000000297e-05,2.937500000000000527e-02
-2.280000000000000532e-05,2.937500000000000527e-02
-1.760000000000000767e-05,2.906250000000000500e-02
-1.240000000000000325e-05,2.906250000000000500e-02
-7.199999999999998827e-06,2.906250000000000500e-02
-2.000000000000007956e-06,2.968750000000000208e-02
3.199999999999996467e-06,2.968750000000000208e-02
8.400000000000000890e-06,3.031250000000000264e-02
1.359999999999999176e-05,3.093750000000000319e-02
1.879999999999999618e-05,3.156250000000000028e-02
2.400000000000000061e-05,3.218750000000000083e-02
2.919999999999999148e-05,3.312500000000000167e-02
3.439999999999999590e-05,3.312500000000000167e-02
3.960000000000000033e-05,3.437500000000000278e-02
4.479999999999999120e-05,3.468750000000000305e-02
5.000000000000000917e-05,3.531250000000000361e-02
5.520000000000000004e-05,3.562500000000000389e-02
6.039999999999999091e-05,3.562500000000000389e-02
6.560000000000000889e-05,3.531250000000000361e-02
7.079999999999999976e-05,3.468750000000000305e-02
7.599999999999999063e-05,3.312500000000000167e-02
8.120000000000000861e-05,3.250000000000000111e-02
8.639999999999999948e-05,3.093750000000000319e-02
9.159999999999999035e-05,3.062500000000000291e-02
9.680000000000000833e-05,3.062500000000000291e-02
1.019999999999999992e-04,3.093750000000000319e-02
1.071999999999999901e-04,3.125000000000000000e-02
1.124000000000000080e-04,3.000000000000000236e-02
1.175999999999999989e-04,3.031250000000000264e-02
1.228000000000000033e-04,3.125000000000000000e-02
1.280000000000000213e-04,3.062500000000000291e-02
1.331999999999999851e-04,3.000000000000000236e-02
1.384000000000000031e-04,2.906250000000000500e-02
1.436000000000000210e-04,2.781250000000000389e-02
1.487999999999999848e-04,2.718750000000000333e-02
1.540000000000000028e-04,2.593750000000000222e-02
1.592000000000000207e-04,2.500000000000000139e-02
1.644000000000000387e-04,2.500000000000000139e-02
1.696000000000000025e-04,2.375000000000000375e-02
1.748000000000000205e-04,2.375000000000000375e-02
1.800000000000000384e-04,2.375000000000000375e-02
1.852000000000000022e-04,2.437500000000000083e-02
1.904000000000000202e-04,2.468750000000000111e-02
1.956000000000000382e-04,2.562500000000000194e-02
2.008000000000000019e-04,2.593750000000000222e-02
2.060000000000000199e-04,2.625000000000000250e-02
2.112000000000000379e-04,2.656250000000000278e-02
2.164000000000000016e-04,2.625000000000000250e-02
2.216000000000000196e-04,2.687500000000000305e-02
2.268000000000000376e-04,2.750000000000000361e-02
2.320000000000000014e-04,2.812500000000000416e-02
2.372000000000000193e-04,2.906250000000000500e-02
2.424000000000000373e-04,2.937500000000000527e-02
2.476000000000000011e-04,3.000000000000000236e-02
2.528000000000000191e-04,3.031250000000000264e-02
2.580000000000000370e-04,3.125000000000000000e-02
2.632000000000000008e-04,3.156250000000000028e-02
2.684000000000000188e-04,3.218750000000000083e-02
2.736000000000000367e-04,3.250000000000000111e-02
2.788000000000000005e-04,3.343750000000000194e-02
2.840000000000000185e-04,3.375000000000000222e-02
2.892000000000000365e-04,3.406250000000000250e-02
2.944000000000000002e-04,3.437500000000000278e-02
2.996000000000000182e-04,3.437500000000000278e-02
3.048000000000000362e-04,3.437500000000000278e-02
3.099999999999999999e-04,3.343750000000000194e-02
3.152000000000000179e-04,3.312500000000000167e-02
3.204000000000000359e-04,3.281250000000000139e-02
3.255999999999999997e-04,3.250000000000000111e-02
3.308000000000000176e-04,3.218750000000000083e-02
3.360000000000000356e-04,3.156250000000000028e-02
3.411999999999999994e-04,3.125000000000000000e-02
3.464000000000000174e-04,3.031250000000000264e-02
3.516000000000000353e-04,3.000000000000000236e-02
3.567999999999999991e-04,2.875000000000000472e-02
3.620000000000000171e-04,2.781250000000000389e-02
3.672000000000000351e-04,2.687500000000000305e-02
3.723999999999999988e-04,2.625000000000000250e-02
3.776000000000000168e-04,2.562500000000000194e-02
3.828000000000000348e-04,2.500000000000000139e-02
3.879999999999999985e-04,2.437500000000000083e-02
3.932000000000000165e-04,2.375000000000000375e-02
3.984000000000000345e-04,2.375000000000000375e-02
4.035999999999999983e-04,2.343750000000000347e-02
4.088000000000000704e-04,2.375000000000000375e-02
4.139999999999999800e-04,2.343750000000000347e-02
4.191999999999999980e-04,2.375000000000000375e-02
4.244000000000000159e-04,2.375000000000000375e-02
4.296000000000000339e-04,2.437500000000000083e-02
4.348000000000000519e-04,2.500000000000000139e-02
4.400000000000000699e-04,2.562500000000000194e-02
4.451999999999999794e-04,2.687500000000000305e-02
4.503999999999999974e-04,2.781250000000000389e-02
4.556000000000000154e-04,2.843750000000000444e-02
4.608000000000000334e-04,2.875000000000000472e-02
4.660000000000000513e-04,2.906250000000000500e-02
4.712000000000000693e-04,3.031250000000000264e-02
4.763999999999999789e-04,3.125000000000000000e-02
4.815999999999999968e-04,3.187500000000000056e-02
4.868000000000000148e-04,3.218750000000000083e-02
4.920000000000000328e-04,3.312500000000000167e-02
4.972000000000000508e-04,3.343750000000000194e-02
5.024000000000000687e-04,3.406250000000000250e-02
5.075999999999999783e-04,3.437500000000000278e-02
5.127999999999999963e-04,3.437500000000000278e-02
5.180000000000000143e-04,3.437500000000000278e-02
5.232000000000000322e-04,3.406250000000000250e-02
5.284000000000000502e-04,3.375000000000000222e-02
5.336000000000000682e-04,3.312500000000000167e-02
5.387999999999999777e-04,3.250000000000000111e-02
5.439999999999999957e-04,3.187500000000000056e-02
5.492000000000000137e-04,3.125000000000000000e-02
5.544000000000000317e-04,3.031250000000000264e-02
5.596000000000000496e-04,2.968750000000000208e-02
5.648000000000000676e-04,2.906250000000000500e-02
5.699999999999999772e-04,2.843750000000000444e-02
5.751999999999999951e-04,2.750000000000000361e-02
5.804000000000000131e-04,2.687500000000000305e-02
5.856000000000000311e-04,2.562500000000000194e-02
5.908000000000000491e-04,2.531250000000000167e-02
5.960000000000000671e-04,2.500000000000000139e-02
6.012000000000000850e-04,2.468750000000000111e-02
6.063999999999999946e-04,2.531250000000000167e-02
6.116000000000000126e-04,2.562500000000000194e-02
6.168000000000000305e-04,2.593750000000000222e-02
6.220000000000000485e-04,2.656250000000000278e-02
6.272000000000000665e-04,2.750000000000000361e-02
6.324000000000000845e-04,2.843750000000000444e-02
6.375999999999999940e-04,2.906250000000000500e-02
6.428000000000000120e-04,3.000000000000000236e-02
6.480000000000000300e-04,3.062500000000000291e-02
6.532000000000000479e-04,3.125000000000000000e-02
6.584000000000000659e-04,3.187500000000000056e-02
6.636000000000000839e-04,3.218750000000000083e-02
6.687999999999999935e-04,3.250000000000000111e-02
6.740000000000000114e-04,3.312500000000000167e-02
6.792000000000000294e-04,3.343750000000000194e-02
6.844000000000000474e-04,3.406250000000000250e-02
6.896000000000000654e-04,3.406250000000000250e-02
6.948000000000000833e-04,3.468750000000000305e-02
6.999999999999999929e-04,3.562500000000000389e-02
7.052000000000000109e-04,3.562500000000000389e-02
7.104000000000000288e-04,3.625000000000000444e-02
7.156000000000000468e-04,3.656250000000000472e-02
7.208000000000000648e-04,3.718750000000000527e-02
7.260000000000000828e-04,3.718750000000000527e-02
7.311999999999999923e-04,3.781250000000000583e-02
7.364000000000000103e-04,3.750000000000000555e-02
7.416000000000000283e-04,3.718750000000000527e-02
7.468000000000000463e-04,3.718750000000000527e-02
7.520000000000000642e-04,3.656250000000000472e-02
7.572000000000000822e-04,3.625000000000000444e-02
7.623999999999999918e-04,3.593750000000000416e-02
7.676000000000000097e-04,3.593750000000000416e-02
7.728000000000000277e-04,3.500000000000000333e-02
7.780000000000000457e-04,3.468750000000000305e-02
7.832000000000000637e-04,3.375000000000000222e-02
7.884000000000000816e-04,3.406250000000000250e-02
7.935999999999999912e-04,3.375000000000000222e-02
7.988000000000000092e-04,3.375000000000000222e-02
8.040000000000000271e-04,3.375000000000000222e-02
8.092000000000000451e-04,3.375000000000000222e-02
8.144000000000000631e-04,3.406250000000000250e-02
8.196000000000000811e-04,3.468750000000000305e-02
8.247999999999999906e-04,3.468750000000000305e-02
8.300000000000000086e-04,3.562500000000000389e-02
8.352000000000000266e-04,3.625000000000000444e-02
8.404000000000000446e-04,3.625000000000000444e-02
8.456000000000000625e-04,3.687500000000000500e-02
8.508000000000000805e-04,3.718750000000000527e-02
8.559999999999999901e-04,3.718750000000000527e-02
8.612000000000000080e-04,3.750000000000000555e-02
8.664000000000000260e-04,3.750000000000000555e-02
8.716000000000000440e-04,3.750000000000000555e-02
8.768000000000000620e-04,3.718750000000000527e-02
8.820000000000000799e-04,3.687500000000000500e-02
8.871999999999999895e-04,3.687500000000000500e-02
8.924000000000000075e-04,3.656250000000000472e-02
8.976000000000001339e-04,3.656250000000000472e-02
9.028000000000000434e-04,3.625000000000000444e-02
9.079999999999999530e-04,3.625000000000000444e-02
9.132000000000000794e-04,3.687500000000000500e-02
9.183999999999999889e-04,3.718750000000000527e-02
9.236000000000001153e-04,3.718750000000000527e-02
9.288000000000000249e-04,3.812500000000000611e-02
9.340000000000001513e-04,3.812500000000000611e-02
9.392000000000000608e-04,3.812500000000000611e-02
9.443999999999999704e-04,3.843750000000000638e-02
9.496000000000000968e-04,3.781250000000000583e-02
9.548000000000000063e-04,3.750000000000000555e-02
9.600000000000001327e-04,3.781250000000000583e-02
9.652000000000000423e-04,3.718750000000000527e-02
9.703999999999999519e-04,3.718750000000000527e-02
9.756000000000000782e-04,3.656250000000000472e-02
9.807999999999999878e-04,3.656250000000000472e-02
9.860000000000001142e-04,3.625000000000000444e-02
9.912000000000000238e-04,3.593750000000000416e-02
9.964000000000001502e-04,3.593750000000000416e-02
1.001600000000000060e-03,3.593750000000000416e-02
1.006799999999999969e-03,3.593750000000000416e-02
1.012000000000000096e-03,3.593750000000000416e-02
1.017200000000000005e-03,3.656250000000000472e-02
1.022400000000000132e-03,3.656250000000000472e-02
1.027600000000000041e-03,3.687500000000000500e-02
1.032799999999999951e-03,3.687500000000000500e-02
1.038000000000000077e-03,3.781250000000000583e-02
1.043199999999999987e-03,3.781250000000000583e-02
1.048400000000000113e-03,3.812500000000000611e-02
1.053600000000000023e-03,3.843750000000000638e-02
1.058800000000000149e-03,3.843750000000000638e-02
1.064000000000000059e-03,3.812500000000000611e-02
1.069199999999999968e-03,3.843750000000000638e-02
1.074400000000000095e-03,3.843750000000000638e-02
1.079600000000000004e-03,3.812500000000000611e-02
1.084800000000000130e-03,3.812500000000000611e-02
1.090000000000000040e-03,3.781250000000000583e-02
1.095199999999999950e-03,3.781250000000000583e-02
1.100400000000000076e-03,3.750000000000000555e-02
1.105599999999999986e-03,3.781250000000000583e-02
1.110800000000000112e-03,3.781250000000000583e-02
1.116000000000000021e-03,3.812500000000000611e-02
1.121200000000000148e-03,3.875000000000000666e-02
1.126400000000000057e-03,3.906250000000000000e-02
1.131599999999999967e-03,3.906250000000000000e-02
1.136800000000000093e-03,3.906250000000000000e-02
1.142000000000000003e-03,3.937500000000000722e-02
1.147200000000000129e-03,3.937500000000000722e-02
1.152400000000000039e-03,3.937500000000000722e-02
1.157599999999999948e-03,3.937500000000000722e-02
1.162800000000000075e-03,3.937500000000000722e-02
1.167999999999999984e-03,3.937500000000000722e-02
1.173200000000000111e-03,3.937500000000000722e-02
1.178400000000000020e-03,3.937500000000000722e-02
1.183600000000000147e-03,3.937500000000000722e-02
1.188800000000000056e-03,3.937500000000000722e-02
1.193999999999999966e-03,3.906250000000000000e-02
1.199200000000000092e-03,3.906250000000000000e-02
1.204400000000000002e-03,3.906250000000000000e-02
1.209600000000000128e-03,3.937500000000000722e-02
1.214800000000000038e-03,3.937500000000000722e-02
1.219999999999999947e-03,3.968750000000000056e-02
1.225200000000000074e-03,3.968750000000000056e-02
1.230399999999999983e-03,4.000000000000000083e-02
1.235600000000000110e-03,4.062500000000000139e-02
1.240800000000000019e-03,4.031250000000000111e-02
1.246000000000000146e-03,4.062500000000000139e-02
1.251200000000000055e-03,4.031250000000000111e-02
1.256399999999999965e-03,4.000000000000000083e-02
1.261600000000000091e-03,4.000000000000000083e-02
1.266800000000000001e-03,4.000000000000000083e-02
1.272000000000000127e-03,3.937500000000000722e-02
1.277200000000000037e-03,3.937500000000000722e-02
1.282400000000000163e-03,3.906250000000000000e-02
1.287600000000000073e-03,3.875000000000000666e-02
1.292799999999999982e-03,3.812500000000000611e-02
1.298000000000000109e-03,3.781250000000000583e-02
1.303200000000000018e-03,3.781250000000000583e-02
1.308400000000000145e-03,3.781250000000000583e-02
1.313600000000000054e-03,3.781250000000000583e-02
1.318799999999999964e-03,3.781250000000000583e-02
1.324000000000000090e-03,3.812500000000000611e-02
1.329200000000000000e-03,3.812500000000000611e-02
1.334400000000000126e-03,3.812500000000000611e-02
1.339600000000000036e-03,3.843750000000000638e-02
1.344800000000000162e-03,3.906250000000000000e-02
1.350000000000000071e-03,3.937500000000000722e-02
1.355199999999999981e-03,3.937500000000000722e-02
1.360400000000000107e-03,3.937500000000000722e-02
1.365600000000000017e-03,3.937500000000000722e-02
1.370800000000000143e-03,3.906250000000000000e-02
1.376000000000000053e-03,3.906250000000000000e-02
1.381199999999999962e-03,3.875000000000000666e-02
1.386400000000000089e-03,3.906250000000000000e-02
1.391599999999999998e-03,3.875000000000000666e-02
1.396800000000000125e-03,3.906250000000000000e-02
1.402000000000000034e-03,3.937500000000000722e-02
1.407200000000000161e-03,3.875000000000000666e-02
1.412400000000000070e-03,3.937500000000000722e-02
1.417599999999999980e-03,3.968750000000000056e-02
1.422800000000000106e-03,3.968750000000000056e-02
1.428000000000000016e-03,4.031250000000000111e-02
1.433200000000000142e-03,4.062500000000000139e-02
1.438400000000000052e-03,4.062500000000000139e-02
1.443599999999999961e-03,4.062500000000000139e-02
1.448800000000000088e-03,4.062500000000000139e-02
1.453999999999999997e-03,4.062500000000000139e-02
1.459200000000000124e-03,4.062500000000000139e-02
1.464400000000000033e-03,4.000000000000000083e-02
1.469600000000000160e-03,3.968750000000000056e-02
1.474800000000000069e-03,3.937500000000000722e-02
1.479999999999999979e-03,3.906250000000000000e-02
1.485200000000000105e-03,3.843750000000000638e-02
1.490400000000000015e-03,3.812500000000000611e-02
1.495600000000000141e-03,3.750000000000000555e-02
1.500800000000000051e-03,3.718750000000000527e-02
1.505999999999999960e-03,3.656250000000000472e-02
1.511200000000000087e-03,3.656250000000000472e-02
1.516399999999999996e-03,3.625000000000000444e-02
1.521600000000000123e-03,3.687500000000000500e-02
1.526800000000000032e-03,3.656250000000000472e-02
1.532000000000000159e-03,3.718750000000000527e-02
1.537200000000000068e-03,3.750000000000000555e-02
1.542399999999999978e-03,3.781250000000000583e-02
1.547600000000000104e-03,3.812500000000000611e-02
1.552800000000000014e-03,3.843750000000000638e-02
1.558000000000000140e-03,3.843750000000000638e-02
1.563200000000000050e-03,3.843750000000000638e-02
1.568399999999999959e-03,3.875000000000000666e-02
1.573600000000000085e-03,3.875000000000000666e-02
1.578799999999999995e-03,3.843750000000000638e-02
1.584000000000000121e-03,3.843750000000000638e-02
1.589200000000000031e-03,3.843750000000000638e-02
1.594400000000000157e-03,3.812500000000000611e-02
1.599600000000000067e-03,3.812500000000000611e-02
1.604799999999999977e-03,3.812500000000000611e-02
1.610000000000000103e-03,3.843750000000000638e-02
1.615200000000000012e-03,3.843750000000000638e-02
1.620400000000000139e-03,3.875000000000000666e-02
1.625600000000000048e-03,3.906250000000000000e-02
1.630800000000000175e-03,3.937500000000000722e-02
1.636000000000000084e-03,3.968750000000000056e-02
1.641199999999999994e-03,3.937500000000000722e-02
1.646400000000000120e-03,4.000000000000000083e-02
1.651600000000000030e-03,4.000000000000000083e-02
1.656800000000000156e-03,4.000000000000000083e-02
1.662000000000000066e-03,3.968750000000000056e-02
1.667199999999999975e-03,3.968750000000000056e-02
1.672400000000000102e-03,3.937500000000000722e-02
1.677600000000000011e-03,3.843750000000000638e-02
1.682800000000000138e-03,3.812500000000000611e-02
1.688000000000000047e-03,3.812500000000000611e-02
1.693200000000000174e-03,3.718750000000000527e-02
1.698400000000000083e-03,3.687500000000000500e-02
1.703599999999999993e-03,3.593750000000000416e-02
1.708800000000000119e-03,3.593750000000000416e-02
1.714000000000000029e-03,3.562500000000000389e-02
1.719200000000000155e-03,3.531250000000000361e-02
1.724400000000000065e-03,3.500000000000000333e-02
1.729599999999999974e-03,3.531250000000000361e-02
1.734800000000000101e-03,3.531250000000000361e-02
1.740000000000000010e-03,3.593750000000000416e-02
1.745200000000000137e-03,3.531250000000000361e-02
1.750400000000000046e-03,3.625000000000000444e-02
1.755600000000000173e-03,3.656250000000000472e-02
1.760800000000000082e-03,3.687500000000000500e-02
1.765999999999999992e-03,3.718750000000000527e-02
1.771200000000000118e-03,3.718750000000000527e-02
1.776400000000000028e-03,3.750000000000000555e-02
1.781600000000000154e-03,3.750000000000000555e-02
1.786800000000000064e-03,3.781250000000000583e-02
1.791999999999999973e-03,3.781250000000000583e-02
1.797200000000000100e-03,3.781250000000000583e-02
1.802400000000000009e-03,3.812500000000000611e-02
1.807600000000000135e-03,3.812500000000000611e-02
1.812800000000000045e-03,3.843750000000000638e-02
1.818000000000000171e-03,3.843750000000000638e-02
1.823200000000000081e-03,3.906250000000000000e-02
1.828399999999999991e-03,3.906250000000000000e-02
1.833600000000000117e-03,3.937500000000000722e-02
1.838800000000000026e-03,3.968750000000000056e-02
1.844000000000000153e-03,3.968750000000000056e-02
1.849200000000000062e-03,3.937500000000000722e-02
1.854399999999999972e-03,3.968750000000000056e-02
1.859600000000000098e-03,3.937500000000000722e-02
1.864800000000000008e-03,3.906250000000000000e-02
1.870000000000000134e-03,3.875000000000000666e-02
1.875200000000000261e-03,3.781250000000000583e-02
1.880400000000000170e-03,3.718750000000000527e-02
1.885600000000000080e-03,3.687500000000000500e-02
1.890799999999999989e-03,3.593750000000000416e-02
1.895999999999999899e-03,3.531250000000000361e-02
1.901200000000000242e-03,3.468750000000000305e-02
1.906400000000000152e-03,3.343750000000000194e-02
1.911600000000000061e-03,3.312500000000000167e-02
1.916799999999999971e-03,3.218750000000000083e-02
1.921999999999999880e-03,3.187500000000000056e-02
1.927200000000000224e-03,3.125000000000000000e-02
1.932400000000000133e-03,3.125000000000000000e-02
1.937600000000000043e-03,3.156250000000000028e-02
1.942799999999999952e-03,3.093750000000000319e-02
1.948000000000000296e-03,3.156250000000000028e-02
1.953199999999999988e-03,3.187500000000000056e-02
1.958399999999999898e-03,3.250000000000000111e-02
1.963599999999999807e-03,3.250000000000000111e-02
1.968799999999999717e-03,3.312500000000000167e-02
1.974000000000000060e-03,3.375000000000000222e-02
1.979199999999999970e-03,3.437500000000000278e-02
1.984399999999999879e-03,3.468750000000000305e-02
1.989599999999999789e-03,3.500000000000000333e-02
1.994799999999999698e-03,3.562500000000000389e-02
2.000000000000000042e-03,3.531250000000000361e-02
2.005199999999999951e-03,3.593750000000000416e-02
2.010399999999999861e-03,3.625000000000000444e-02
2.015599999999999770e-03,3.656250000000000472e-02
2.020799999999999680e-03,3.718750000000000527e-02
2.026000000000000023e-03,3.750000000000000555e-02
2.031199999999999933e-03,3.750000000000000555e-02
2.036399999999999842e-03,3.781250000000000583e-02
2.041599999999999752e-03,3.750000000000000555e-02
2.046799999999999661e-03,3.750000000000000555e-02
2.052000000000000005e-03,3.718750000000000527e-02
2.057199999999999914e-03,3.718750000000000527e-02
2.062399999999999824e-03,3.625000000000000444e-02
2.067599999999999733e-03,3.625000000000000444e-02
2.072800000000000076e-03,3.500000000000000333e-02
2.077999999999999986e-03,3.437500000000000278e-02
2.083199999999999896e-03,3.375000000000000222e-02
2.088399999999999805e-03,3.312500000000000167e-02
2.093599999999999715e-03,3.187500000000000056e-02
2.098800000000000058e-03,3.062500000000000291e-02
2.103999999999999967e-03,3.000000000000000236e-02
2.109199999999999877e-03,2.875000000000000472e-02
2.114399999999999787e-03,2.812500000000000416e-02
2.119599999999999696e-03,2.750000000000000361e-02
2.124800000000000039e-03,2.687500000000000305e-02
2.129999999999999949e-03,2.625000000000000250e-02
2.135199999999999858e-03,2.531250000000000167e-02
2.140399999999999768e-03,2.500000000000000139e-02
2.145599999999999678e-03,2.468750000000000111e-02
2.150800000000000021e-03,2.468750000000000111e-02
2.155999999999999930e-03,2.500000000000000139e-02
2.161199999999999840e-03,2.500000000000000139e-02
2.166399999999999750e-03,2.562500000000000194e-02
2.171599999999999659e-03,2.593750000000000222e-02
2.176800000000000002e-03,2.656250000000000278e-02
2.181999999999999912e-03,2.718750000000000333e-02
2.187199999999999821e-03,2.781250000000000389e-02
2.192399999999999731e-03,2.875000000000000472e-02
2.197600000000000074e-03,2.906250000000000500e-02
2.202799999999999984e-03,2.968750000000000208e-02
2.207999999999999893e-03,3.031250000000000264e-02
2.213199999999999803e-03,3.062500000000000291e-02
2.218399999999999712e-03,3.125000000000000000e-02
2.223600000000000056e-03,3.156250000000000028e-02
2.228799999999999965e-03,3.187500000000000056e-02
2.233999999999999875e-03,3.187500000000000056e-02
2.239199999999999784e-03,3.187500000000000056e-02
2.244399999999999694e-03,3.156250000000000028e-02
2.249600000000000037e-03,3.125000000000000000e-02
2.254799999999999947e-03,3.093750000000000319e-02
2.259999999999999856e-03,3.062500000000000291e-02
2.265199999999999766e-03,3.000000000000000236e-02
2.270399999999999675e-03,2.937500000000000527e-02
2.275600000000000019e-03,2.843750000000000444e-02
2.280799999999999928e-03,2.718750000000000333e-02
2.285999999999999838e-03,2.625000000000000250e-02
2.291199999999999747e-03,2.531250000000000167e-02
2.296400000000000090e-03,2.468750000000000111e-02
2.301600000000000000e-03,2.406250000000000056e-02
2.306799999999999910e-03,2.281250000000000291e-02
2.311999999999999819e-03,2.250000000000000264e-02
2.317199999999999729e-03,2.156250000000000527e-02
2.322400000000000072e-03,2.093750000000000472e-02
2.327599999999999981e-03,2.031250000000000416e-02
2.332799999999999891e-03,1.937500000000000333e-02
2.337999999999999801e-03,1.875000000000000278e-02
2.343199999999999710e-03,1.843750000000000250e-02
2.348400000000000053e-03,1.781250000000000194e-02
2.353599999999999963e-03,1.812500000000000222e-02
2.358799999999999873e-03,1.750000000000000167e-02
2.363999999999999782e-03,1.781250000000000194e-02
2.369199999999999692e-03,1.812500000000000222e-02
2.374400000000000035e-03,1.843750000000000250e-02
2.379599999999999944e-03,1.875000000000000278e-02
2.384799999999999854e-03,1.937500000000000333e-02
2.389999999999999764e-03,2.000000000000000389e-02
2.395199999999999673e-03,2.062500000000000444e-02
2.400400000000000016e-03,2.125000000000000500e-02
2.405599999999999926e-03,2.218750000000000236e-02
2.410799999999999835e-03,2.250000000000000264e-02
2.415999999999999745e-03,2.312500000000000319e-02
2.421200000000000088e-03,2.375000000000000375e-02
2.426399999999999998e-03,2.406250000000000056e-02
2.431599999999999907e-03,2.375000000000000375e-02
2.436799999999999817e-03,2.437500000000000083e-02
2.441999999999999726e-03,2.437500000000000083e-02
2.447200000000000070e-03,2.406250000000000056e-02
2.452399999999999979e-03,2.375000000000000375e-02
2.457599999999999889e-03,2.343750000000000347e-02
2.462799999999999798e-03,2.312500000000000319e-02
2.467999999999999708e-03,2.250000000000000264e-02
2.473200000000000051e-03,2.156250000000000527e-02
2.478399999999999961e-03,2.062500000000000444e-02
2.483599999999999870e-03,2.000000000000000389e-02
2.488799999999999780e-03,1.968750000000000361e-02
2.493999999999999689e-03,1.937500000000000333e-02
2.499200000000000033e-03,1.843750000000000250e-02
2.504399999999999942e-03,1.781250000000000194e-02
2.509599999999999852e-03,1.718750000000000139e-02
2.514799999999999761e-03,1.656250000000000430e-02
2.519999999999999671e-03,1.656250000000000430e-02
2.525200000000000014e-03,1.562500000000000347e-02
2.530399999999999924e-03,1.531250000000000319e-02
2.535599999999999833e-03,1.468750000000000264e-02
2.540799999999999743e-03,1.406250000000000208e-02
2.546000000000000086e-03,1.375000000000000180e-02
2.551199999999999996e-03,1.343750000000000153e-02
2.556399999999999905e-03,1.312500000000000125e-02
2.561599999999999815e-03,1.312500000000000125e-02
2.566799999999999724e-03,1.281250000000000444e-02
2.572000000000000067e-03,1.312500000000000125e-02
2.577199999999999977e-03,1.343750000000000153e-02
2.582399999999999887e-03,1.375000000000000180e-02
2.587599999999999796e-03,1.406250000000000208e-02
2.592799999999999706e-03,1.437500000000000236e-02
2.598000000000000049e-03,1.531250000000000319e-02
2.603199999999999958e-03,1.593750000000000375e-02
2.608399999999999868e-03,1.656250000000000430e-02
2.613599999999999778e-03,1.718750000000000139e-02
2.618799999999999687e-03,1.750000000000000167e-02
2.624000000000000030e-03,1.812500000000000222e-02
2.629199999999999940e-03,1.843750000000000250e-02
2.634399999999999849e-03,1.812500000000000222e-02
2.639599999999999759e-03,1.843750000000000250e-02
2.644800000000000102e-03,1.812500000000000222e-02
2.650000000000000012e-03,1.781250000000000194e-02
2.655199999999999921e-03,1.750000000000000167e-02
2.660399999999999831e-03,1.718750000000000139e-02
2.665599999999999740e-03,1.656250000000000430e-02
2.670800000000000084e-03,1.593750000000000375e-02
2.675999999999999993e-03,1.531250000000000319e-02
2.681199999999999903e-03,1.531250000000000319e-02
2.686399999999999812e-03,1.406250000000000208e-02
2.691599999999999722e-03,1.406250000000000208e-02
2.696800000000000065e-03,1.375000000000000180e-02
2.701999999999999975e-03,1.343750000000000153e-02
2.707199999999999884e-03,1.312500000000000125e-02
2.712399999999999794e-03,1.312500000000000125e-02
2.717599999999999703e-03,1.312500000000000125e-02
2.722800000000000047e-03,1.312500000000000125e-02
2.727999999999999956e-03,1.281250000000000444e-02
2.733199999999999866e-03,1.281250000000000444e-02
2.738399999999999775e-03,1.250000000000000416e-02
2.743599999999999685e-03,1.218750000000000389e-02
2.748800000000000028e-03,1.156250000000000333e-02
2.753999999999999938e-03,1.125000000000000305e-02
2.759199999999999847e-03,1.125000000000000305e-02
2.764399999999999757e-03,1.093750000000000278e-02
2.769600000000000100e-03,1.093750000000000278e-02
2.774800000000000010e-03,1.093750000000000278e-02
2.779999999999999919e-03,1.062500000000000250e-02
2.785199999999999829e-03,1.093750000000000278e-02
2.790399999999999738e-03,1.125000000000000305e-02
2.795600000000000081e-03,1.187500000000000361e-02
2.800799999999999991e-03,1.218750000000000389e-02
2.805999999999999901e-03,1.250000000000000416e-02
2.811199999999999810e-03,1.343750000000000153e-02
2.816399999999999720e-03,1.375000000000000180e-02
2.821600000000000063e-03,1.437500000000000236e-02
2.826799999999999972e-03,1.437500000000000236e-02
2.831999999999999882e-03,1.468750000000000264e-02
2.837199999999999792e-03,1.531250000000000319e-02
2.842399999999999701e-03,1.468750000000000264e-02
2.847600000000000044e-03,1.500000000000000291e-02
2.852799999999999954e-03,1.468750000000000264e-02
2.857999999999999863e-03,1.437500000000000236e-02
2.863199999999999773e-03,1.406250000000000208e-02
2.868399999999999683e-03,1.343750000000000153e-02
2.873600000000000026e-03,1.312500000000000125e-02
2.878799999999999935e-03,1.281250000000000444e-02
2.883999999999999845e-03,1.218750000000000389e-02
2.889199999999999754e-03,1.218750000000000389e-02
2.894400000000000098e-03,1.187500000000000361e-02
2.899600000000000007e-03,1.187500000000000361e-02
2.904799999999999917e-03,1.156250000000000333e-02
2.909999999999999826e-03,1.156250000000000333e-02
2.915199999999999736e-03,1.156250000000000333e-02
2.920400000000000079e-03,1.187500000000000361e-02
2.925599999999999989e-03,1.187500000000000361e-02
2.930799999999999898e-03,1.187500000000000361e-02
2.935999999999999808e-03,1.218750000000000389e-02
2.941199999999999717e-03,1.187500000000000361e-02
2.946400000000000061e-03,1.187500000000000361e-02
2.951599999999999970e-03,1.187500000000000361e-02
2.956799999999999880e-03,1.156250000000000333e-02
2.961999999999999789e-03,1.125000000000000305e-02
2.967199999999999699e-03,1.062500000000000250e-02
2.972400000000000042e-03,1.062500000000000250e-02
2.977599999999999952e-03,1.031250000000000222e-02
2.982799999999999861e-03,1.000000000000000194e-02
2.987999999999999771e-03,1.031250000000000222e-02
2.993200000000000114e-03,1.031250000000000222e-02
2.998400000000000024e-03,1.031250000000000222e-02
3.003599999999999933e-03,1.031250000000000222e-02
3.008799999999999843e-03,1.093750000000000278e-02
3.013999999999999752e-03,1.125000000000000305e-02
3.019200000000000095e-03,1.125000000000000305e-02
3.024400000000000005e-03,1.156250000000000333e-02
3.029599999999999915e-03,1.156250000000000333e-02
3.034799999999999824e-03,1.187500000000000361e-02
3.039999999999999734e-03,1.187500000000000361e-02
3.045200000000000077e-03,1.125000000000000305e-02
3.050399999999999986e-03,1.125000000000000305e-02
3.055599999999999896e-03,1.093750000000000278e-02
3.060799999999999806e-03,1.062500000000000250e-02
3.065999999999999715e-03,1.031250000000000222e-02
3.071200000000000058e-03,1.000000000000000194e-02
3.076399999999999968e-03,1.000000000000000194e-02
3.081599999999999877e-03,9.687500000000001665e-03
3.086799999999999787e-03,9.687500000000001665e-03
3.091999999999999697e-03,9.375000000000001388e-03
3.097200000000000040e-03,9.375000000000001388e-03
3.102399999999999949e-03,1.000000000000000194e-02
3.107599999999999859e-03,1.031250000000000222e-02
3.112799999999999769e-03,1.062500000000000250e-02
3.118000000000000112e-03,1.093750000000000278e-02
3.123200000000000021e-03,1.218750000000000389e-02
3.128399999999999931e-03,1.187500000000000361e-02
3.133599999999999840e-03,1.250000000000000416e-02
3.138799999999999750e-03,1.250000000000000416e-02
3.144000000000000093e-03,1.312500000000000125e-02
3.149200000000000003e-03,1.312500000000000125e-02
3.154399999999999912e-03,1.312500000000000125e-02
3.159599999999999822e-03,1.312500000000000125e-02
3.164799999999999731e-03,1.281250000000000444e-02
3.170000000000000075e-03,1.250000000000000416e-02
3.175199999999999984e-03,1.218750000000000389e-02
3.180399999999999894e-03,1.187500000000000361e-02
3.185599999999999803e-03,1.156250000000000333e-02
3.190799999999999713e-03,1.156250000000000333e-02
3.196000000000000056e-03,1.093750000000000278e-02
3.201199999999999966e-03,1.093750000000000278e-02
3.206399999999999875e-03,1.125000000000000305e-02
3.211599999999999785e-03,1.093750000000000278e-02
3.216799999999999694e-03,1.125000000000000305e-02
3.222000000000000038e-03,1.093750000000000278e-02
3.227199999999999947e-03,1.093750000000000278e-02
3.232399999999999857e-03,1.093750000000000278e-02
3.237599999999999766e-03,1.093750000000000278e-02
3.242800000000000109e-03,1.093750000000000278e-02
3.248000000000000019e-03,1.062500000000000250e-02
3.253199999999999929e-03,1.062500000000000250e-02
3.258399999999999838e-03,1.000000000000000194e-02
3.263599999999999748e-03,9.687500000000001665e-03
3.268800000000000091e-03,9.375000000000001388e-03
3.274000000000000000e-03,9.375000000000001388e-03
3.279199999999999910e-03,9.062500000000001110e-03
3.284399999999999820e-03,9.062500000000001110e-03
3.289599999999999729e-03,8.750000000000004302e-03
3.294800000000000072e-03,8.750000000000004302e-03
3.299999999999999982e-03,9.062500000000001110e-03
3.305199999999999892e-03,9.375000000000001388e-03
3.310399999999999801e-03,9.687500000000001665e-03
3.315599999999999711e-03,1.031250000000000222e-02
3.320800000000000054e-03,1.062500000000000250e-02
3.325999999999999963e-03,1.125000000000000305e-02
3.331199999999999873e-03,1.156250000000000333e-02
3.336399999999999783e-03,1.218750000000000389e-02
3.341600000000000126e-03,1.281250000000000444e-02
3.346800000000000035e-03,1.281250000000000444e-02
3.351999999999999945e-03,1.312500000000000125e-02
3.357199999999999854e-03,1.312500000000000125e-02
3.362399999999999764e-03,1.312500000000000125e-02
3.367600000000000107e-03,1.343750000000000153e-02
3.372800000000000017e-03,1.281250000000000444e-02
3.377999999999999926e-03,1.250000000000000416e-02
3.383199999999999836e-03,1.218750000000000389e-02
3.388399999999999745e-03,1.156250000000000333e-02
3.393600000000000089e-03,1.125000000000000305e-02
3.398799999999999998e-03,1.125000000000000305e-02
3.403999999999999908e-03,1.093750000000000278e-02
3.409199999999999817e-03,1.062500000000000250e-02
3.414399999999999727e-03,1.062500000000000250e-02
3.419600000000000070e-03,1.062500000000000250e-02
3.424799999999999980e-03,1.062500000000000250e-02
3.429999999999999889e-03,1.031250000000000222e-02
3.435199999999999799e-03,1.062500000000000250e-02
3.440399999999999708e-03,1.000000000000000194e-02
3.445600000000000052e-03,9.687500000000001665e-03
3.450799999999999961e-03,9.687500000000001665e-03
3.455999999999999871e-03,9.062500000000001110e-03
3.461199999999999780e-03,9.062500000000001110e-03
3.466400000000000124e-03,8.750000000000004302e-03
3.471600000000000033e-03,8.750000000000004302e-03
3.476799999999999943e-03,8.125000000000003747e-03
3.481999999999999852e-03,8.750000000000004302e-03
3.487199999999999762e-03,8.437500000000004025e-03
3.492400000000000105e-03,8.750000000000004302e-03
3.497600000000000015e-03,9.687500000000001665e-03
3.502799999999999924e-03,9.687500000000001665e-03
3.507999999999999834e-03,1.062500000000000250e-02
3.513199999999999743e-03,1.156250000000000333e-02
3.518400000000000086e-03,1.250000000000000416e-02
3.523599999999999996e-03,1.343750000000000153e-02
3.528799999999999906e-03,1.406250000000000208e-02
3.533999999999999815e-03,1.468750000000000264e-02
3.539199999999999725e-03,1.593750000000000375e-02
3.544400000000000068e-03,1.656250000000000430e-02
3.549599999999999977e-03,1.718750000000000139e-02
3.554799999999999887e-03,1.843750000000000250e-02
3.559999999999999797e-03,1.843750000000000250e-02
3.565199999999999706e-03,1.875000000000000278e-02
3.570400000000000049e-03,1.906250000000000305e-02
3.575599999999999959e-03,1.906250000000000305e-02
3.580799999999999868e-03,1.875000000000000278e-02
3.585999999999999778e-03,1.875000000000000278e-02
3.591200000000000121e-03,1.781250000000000194e-02
3.596400000000000031e-03,1.718750000000000139e-02
3.601599999999999940e-03,1.687500000000000458e-02
3.606799999999999850e-03,1.625000000000000402e-02
3.611999999999999759e-03,1.625000000000000402e-02
3.617200000000000103e-03,1.531250000000000319e-02
3.622400000000000012e-03,1.468750000000000264e-02
3.627599999999999922e-03,1.375000000000000180e-02
3.632799999999999831e-03,1.406250000000000208e-02
3.637999999999999741e-03,1.343750000000000153e-02
3.643200000000000084e-03,1.281250000000000444e-02
3.648399999999999994e-03,1.250000000000000416e-02
3.653599999999999903e-03,1.250000000000000416e-02
3.658799999999999813e-03,1.218750000000000389e-02
3.663999999999999722e-03,1.156250000000000333e-02
3.669200000000000066e-03,1.156250000000000333e-02
3.674399999999999975e-03,1.125000000000000305e-02
3.679599999999999885e-03,1.156250000000000333e-02
3.684799999999999794e-03,1.156250000000000333e-02
3.690000000000000138e-03,1.187500000000000361e-02
3.695200000000000047e-03,1.281250000000000444e-02
3.700399999999999957e-03,1.312500000000000125e-02
3.705599999999999866e-03,1.375000000000000180e-02
3.710799999999999776e-03,1.468750000000000264e-02
3.716000000000000119e-03,1.593750000000000375e-02
3.721200000000000029e-03,1.687500000000000458e-02
3.726399999999999938e-03,1.781250000000000194e-02
3.731599999999999848e-03,1.906250000000000305e-02
3.736799999999999757e-03,2.031250000000000416e-02
3.742000000000000100e-03,2.093750000000000472e-02
3.747200000000000010e-03,2.218750000000000236e-02
3.752399999999999920e-03,2.281250000000000291e-02
3.757599999999999829e-03,2.343750000000000347e-02
3.762799999999999739e-03,2.406250000000000056e-02
3.768000000000000082e-03,2.468750000000000111e-02
3.773199999999999991e-03,2.500000000000000139e-02
3.778399999999999901e-03,2.500000000000000139e-02
3.783599999999999811e-03,2.500000000000000139e-02
3.788799999999999720e-03,2.468750000000000111e-02
3.794000000000000063e-03,2.437500000000000083e-02
3.799199999999999973e-03,2.406250000000000056e-02
3.804399999999999882e-03,2.281250000000000291e-02
3.809599999999999792e-03,2.250000000000000264e-02
3.814800000000000135e-03,2.125000000000000500e-02
3.820000000000000045e-03,2.125000000000000500e-02
3.825199999999999954e-03,2.000000000000000389e-02
3.830400000000000298e-03,2.000000000000000389e-02
3.835599999999999773e-03,1.968750000000000361e-02
3.840800000000000117e-03,1.812500000000000222e-02
3.845999999999999593e-03,1.781250000000000194e-02
3.851199999999999936e-03,1.750000000000000167e-02
3.856400000000000279e-03,1.718750000000000139e-02
3.861599999999999755e-03,1.687500000000000458e-02
3.866800000000000098e-03,1.625000000000000402e-02
3.871999999999999574e-03,1.625000000000000402e-02
3.877199999999999917e-03,1.625000000000000402e-02
3.882400000000000261e-03,1.656250000000000430e-02
3.887599999999999736e-03,1.687500000000000458e-02
3.892800000000000080e-03,1.750000000000000167e-02
3.897999999999999556e-03,1.781250000000000194e-02
3.903199999999999899e-03,1.906250000000000305e-02
3.908400000000000242e-03,2.031250000000000416e-02
3.913599999999999718e-03,2.062500000000000444e-02
3.918800000000000061e-03,2.187500000000000555e-02
3.923999999999999537e-03,2.312500000000000319e-02
3.929199999999999880e-03,2.375000000000000375e-02
3.934400000000000223e-03,2.468750000000000111e-02
3.939599999999999699e-03,2.593750000000000222e-02
3.944800000000000043e-03,2.656250000000000278e-02
3.949999999999999518e-03,2.718750000000000333e-02
3.955199999999999862e-03,2.843750000000000444e-02
3.960400000000000205e-03,2.906250000000000500e-02
3.965599999999999681e-03,2.968750000000000208e-02
3.970800000000000024e-03,3.031250000000000264e-02
3.976000000000000367e-03,3.093750000000000319e-02
3.981199999999999843e-03,3.093750000000000319e-02
3.986400000000000186e-03,3.156250000000000028e-02
3.991599999999999662e-03,3.156250000000000028e-02
3.996800000000000005e-03,3.156250000000000028e-02
4.002000000000000349e-03,3.093750000000000319e-02
4.007199999999999825e-03,3.031250000000000264e-02
4.012400000000000168e-03,3.000000000000000236e-02
4.017599999999999644e-03,2.937500000000000527e-02
4.022799999999999987e-03,2.843750000000000444e-02
4.028000000000000330e-03,2.812500000000000416e-02
4.033199999999999806e-03,2.718750000000000333e-02
4.038400000000000149e-03,2.656250000000000278e-02
4.043599999999999625e-03,2.593750000000000222e-02
4.048799999999999968e-03,2.531250000000000167e-02
4.054000000000000312e-03,2.468750000000000111e-02
4.059199999999999788e-03,2.437500000000000083e-02
4.064400000000000131e-03,2.437500000000000083e-02
4.069599999999999607e-03,2.437500000000000083e-02
4.074799999999999950e-03,2.437500000000000083e-02
4.080000000000000293e-03,2.500000000000000139e-02
4.085199999999999769e-03,2.500000000000000139e-02
4.090400000000000112e-03,2.593750000000000222e-02
4.095599999999999588e-03,2.625000000000000250e-02
4.100799999999999931e-03,2.718750000000000333e-02
4.106000000000000275e-03,2.781250000000000389e-02
4.111199999999999750e-03,2.875000000000000472e-02
4.116400000000000094e-03,2.937500000000000527e-02
4.121599999999999570e-03,3.031250000000000264e-02
4.126799999999999913e-03,3.093750000000000319e-02
4.132000000000000256e-03,3.093750000000000319e-02
4.137199999999999732e-03,3.218750000000000083e-02
4.142400000000000075e-03,3.250000000000000111e-02
4.147599999999999551e-03,3.281250000000000139e-02
4.152799999999999894e-03,3.312500000000000167e-02
4.158000000000000237e-03,3.375000000000000222e-02
4.163199999999999713e-03,3.437500000000000278e-02
4.168400000000000057e-03,3.468750000000000305e-02
4.173599999999999532e-03,3.468750000000000305e-02
4.178799999999999876e-03,3.562500000000000389e-02
4.184000000000000219e-03,3.593750000000000416e-02
4.189199999999999695e-03,3.625000000000000444e-02
4.194400000000000038e-03,3.656250000000000472e-02
4.199599999999999514e-03,3.687500000000000500e-02
4.204799999999999857e-03,3.656250000000000472e-02
4.210000000000000200e-03,3.625000000000000444e-02
4.215199999999999676e-03,3.625000000000000444e-02
4.220400000000000020e-03,3.593750000000000416e-02
4.225600000000000363e-03,3.500000000000000333e-02
4.230799999999999839e-03,3.437500000000000278e-02
4.236000000000000182e-03,3.406250000000000250e-02
4.241199999999999658e-03,3.375000000000000222e-02
4.246400000000000001e-03,3.312500000000000167e-02
4.251600000000000344e-03,3.250000000000000111e-02
4.256799999999999820e-03,3.218750000000000083e-02
4.262000000000000163e-03,3.187500000000000056e-02
4.267199999999999639e-03,3.187500000000000056e-02
4.272399999999999982e-03,3.156250000000000028e-02
4.277600000000000326e-03,3.218750000000000083e-02
4.282799999999999802e-03,3.187500000000000056e-02
4.288000000000000145e-03,3.250000000000000111e-02
4.293199999999999621e-03,3.281250000000000139e-02
4.298399999999999964e-03,3.281250000000000139e-02
4.303600000000000307e-03,3.375000000000000222e-02
4.308799999999999783e-03,3.375000000000000222e-02
4.314000000000000126e-03,3.468750000000000305e-02
4.319199999999999602e-03,3.531250000000000361e-02
4.324399999999999945e-03,3.562500000000000389e-02
4.329600000000000289e-03,3.593750000000000416e-02
4.334799999999999764e-03,3.593750000000000416e-02
4.340000000000000108e-03,3.656250000000000472e-02
4.345199999999999584e-03,3.687500000000000500e-02
4.350399999999999927e-03,3.718750000000000527e-02
4.355600000000000270e-03,3.750000000000000555e-02
4.360799999999999746e-03,3.718750000000000527e-02
4.366000000000000089e-03,3.750000000000000555e-02
4.371199999999999565e-03,3.781250000000000583e-02
4.376399999999999908e-03,3.781250000000000583e-02
4.381600000000000251e-03,3.812500000000000611e-02
4.386799999999999727e-03,3.875000000000000666e-02
4.392000000000000071e-03,3.906250000000000000e-02
4.397199999999999546e-03,3.937500000000000722e-02
4.402399999999999890e-03,3.937500000000000722e-02
4.407600000000000233e-03,3.906250000000000000e-02
4.412799999999999709e-03,3.875000000000000666e-02
4.418000000000000052e-03,3.875000000000000666e-02
4.423199999999999528e-03,3.781250000000000583e-02
4.428399999999999871e-03,3.718750000000000527e-02
4.433600000000000214e-03,3.625000000000000444e-02
4.438799999999999690e-03,3.593750000000000416e-02
4.444000000000000034e-03,3.531250000000000361e-02
4.449200000000000377e-03,3.500000000000000333e-02
4.454399999999999853e-03,3.437500000000000278e-02
4.459600000000000196e-03,3.343750000000000194e-02
4.464799999999999672e-03,3.312500000000000167e-02
4.470000000000000015e-03,3.250000000000000111e-02
4.475200000000000358e-03,3.250000000000000111e-02
4.480399999999999834e-03,3.250000000000000111e-02
4.485600000000000177e-03,3.250000000000000111e-02
4.490799999999999653e-03,3.250000000000000111e-02
4.495999999999999996e-03,3.281250000000000139e-02
4.501200000000000340e-03,3.343750000000000194e-02
4.506399999999999816e-03,3.375000000000000222e-02
4.511600000000000159e-03,3.468750000000000305e-02
4.516799999999999635e-03,3.500000000000000333e-02
4.521999999999999978e-03,3.531250000000000361e-02
4.527200000000000321e-03,3.593750000000000416e-02
4.532399999999999797e-03,3.625000000000000444e-02
4.537600000000000140e-03,3.718750000000000527e-02
4.542799999999999616e-03,3.718750000000000527e-02
4.547999999999999959e-03,3.781250000000000583e-02
4.553200000000000303e-03,3.781250000000000583e-02
4.558399999999999778e-03,3.812500000000000611e-02
4.563600000000000122e-03,3.843750000000000638e-02
4.568799999999999598e-03,3.843750000000000638e-02
4.573999999999999941e-03,3.875000000000000666e-02
4.579200000000000284e-03,3.906250000000000000e-02
4.584399999999999760e-03,3.937500000000000722e-02
4.589600000000000103e-03,3.968750000000000056e-02
4.594799999999999579e-03,4.000000000000000083e-02
4.599999999999999922e-03,4.031250000000000111e-02
4.605200000000000266e-03,4.062500000000000139e-02
4.610399999999999741e-03,4.062500000000000139e-02
4.615600000000000085e-03,4.031250000000000111e-02
4.620799999999999561e-03,3.968750000000000056e-02
4.625999999999999904e-03,3.937500000000000722e-02
4.631200000000000247e-03,3.906250000000000000e-02
4.636399999999999723e-03,3.812500000000000611e-02
4.641600000000000066e-03,3.812500000000000611e-02
4.646799999999999542e-03,3.718750000000000527e-02
4.651999999999999885e-03,3.625000000000000444e-02
4.657200000000000228e-03,3.562500000000000389e-02
4.662399999999999704e-03,3.531250000000000361e-02
4.667600000000000048e-03,3.500000000000000333e-02
4.672800000000000391e-03,3.437500000000000278e-02
4.677999999999999867e-03,3.437500000000000278e-02
4.683200000000000210e-03,3.468750000000000305e-02
4.688399999999999686e-03,3.437500000000000278e-02
4.693600000000000029e-03,3.437500000000000278e-02
4.698800000000000372e-03,3.468750000000000305e-02
4.703999999999999848e-03,3.562500000000000389e-02
4.709200000000000191e-03,3.562500000000000389e-02
4.714399999999999667e-03,3.562500000000000389e-02
4.719600000000000010e-03,3.656250000000000472e-02
4.724800000000000354e-03,3.687500000000000500e-02
4.729999999999999830e-03,3.718750000000000527e-02
4.735200000000000173e-03,3.750000000000000555e-02
4.740399999999999649e-03,3.781250000000000583e-02
4.745599999999999992e-03,3.812500000000000611e-02
4.750800000000000335e-03,3.843750000000000638e-02
4.755999999999999811e-03,3.843750000000000638e-02
4.761200000000000154e-03,3.843750000000000638e-02
4.766399999999999630e-03,3.843750000000000638e-02
4.771599999999999973e-03,3.875000000000000666e-02
4.776800000000000317e-03,3.843750000000000638e-02
4.781999999999999792e-03,3.875000000000000666e-02
4.787200000000000136e-03,3.906250000000000000e-02
4.792399999999999612e-03,3.937500000000000722e-02
4.797599999999999955e-03,3.968750000000000056e-02
4.802800000000000298e-03,3.937500000000000722e-02
4.807999999999999774e-03,4.000000000000000083e-02
4.813200000000000117e-03,3.968750000000000056e-02
4.818399999999999593e-03,3.937500000000000722e-02
4.823599999999999936e-03,3.937500000000000722e-02
4.828800000000000280e-03,3.875000000000000666e-02
4.833999999999999755e-03,3.812500000000000611e-02
4.839200000000000099e-03,3.781250000000000583e-02
4.844399999999999575e-03,3.687500000000000500e-02
4.849599999999999918e-03,3.656250000000000472e-02
4.854800000000000261e-03,3.593750000000000416e-02
4.859999999999999737e-03,3.562500000000000389e-02
4.865200000000000080e-03,3.500000000000000333e-02
4.870399999999999556e-03,3.437500000000000278e-02
4.875599999999999899e-03,3.406250000000000250e-02
4.880800000000000242e-03,3.375000000000000222e-02
4.885999999999999718e-03,3.375000000000000222e-02
4.891200000000000062e-03,3.375000000000000222e-02
4.896399999999999537e-03,3.406250000000000250e-02
4.901599999999999881e-03,3.406250000000000250e-02
4.906800000000000224e-03,3.468750000000000305e-02
4.911999999999999700e-03,3.500000000000000333e-02
4.917200000000000043e-03,3.562500000000000389e-02
4.922400000000000386e-03,3.625000000000000444e-02
4.927599999999999862e-03,3.625000000000000444e-02
4.932800000000000205e-03,3.687500000000000500e-02
4.937999999999999681e-03,3.718750000000000527e-02
4.943200000000000024e-03,3.750000000000000555e-02
4.948400000000000368e-03,3.781250000000000583e-02
4.953599999999999844e-03,3.781250000000000583e-02
4.958800000000000187e-03,3.812500000000000611e-02
4.963999999999999663e-03,3.812500000000000611e-02
4.969200000000000006e-03,3.843750000000000638e-02
4.974400000000000349e-03,3.843750000000000638e-02
4.979599999999999825e-03,3.843750000000000638e-02
4.984800000000000168e-03,3.906250000000000000e-02
4.989999999999999644e-03,3.906250000000000000e-02
4.995199999999999987e-03,3.906250000000000000e-02
5.000400000000000331e-03,3.968750000000000056e-02
5.005599999999999807e-03,3.968750000000000056e-02
5.010800000000000150e-03,4.031250000000000111e-02
5.015999999999999626e-03,4.000000000000000083e-02
5.021199999999999969e-03,4.000000000000000083e-02
5.026400000000000312e-03,3.968750000000000056e-02
5.031599999999999788e-03,3.968750000000000056e-02
5.036800000000000131e-03,3.843750000000000638e-02
5.041999999999999607e-03,3.812500000000000611e-02
5.047199999999999950e-03,3.750000000000000555e-02
5.052400000000000294e-03,3.718750000000000527e-02
5.057599999999999769e-03,3.656250000000000472e-02
5.062800000000000113e-03,3.562500000000000389e-02
5.067999999999999589e-03,3.562500000000000389e-02
5.073199999999999932e-03,3.500000000000000333e-02
5.078400000000000275e-03,3.468750000000000305e-02
5.083599999999999751e-03,3.437500000000000278e-02
5.088800000000000094e-03,3.437500000000000278e-02
5.093999999999999570e-03,3.437500000000000278e-02
5.099199999999999913e-03,3.437500000000000278e-02
5.104400000000000256e-03,3.500000000000000333e-02
5.109599999999999732e-03,3.562500000000000389e-02
5.114800000000000076e-03,3.531250000000000361e-02
5.119999999999999551e-03,3.562500000000000389e-02
5.125199999999999895e-03,3.656250000000000472e-02
5.130400000000000238e-03,3.687500000000000500e-02
5.135599999999999714e-03,3.718750000000000527e-02
5.140800000000000057e-03,3.781250000000000583e-02
5.146000000000000400e-03,3.812500000000000611e-02
5.151199999999999876e-03,3.812500000000000611e-02
5.156400000000000219e-03,3.843750000000000638e-02
5.161599999999999695e-03,3.812500000000000611e-02
5.166800000000000039e-03,3.812500000000000611e-02
5.172000000000000382e-03,3.812500000000000611e-02
5.177199999999999858e-03,3.812500000000000611e-02
5.182400000000000201e-03,3.812500000000000611e-02
5.187599999999999677e-03,3.843750000000000638e-02
5.192800000000000020e-03,3.875000000000000666e-02
5.198000000000000363e-03,3.843750000000000638e-02
5.203199999999999839e-03,3.875000000000000666e-02
5.208400000000000182e-03,3.937500000000000722e-02
5.213599999999999658e-03,3.937500000000000722e-02
5.218800000000000001e-03,3.937500000000000722e-02
5.224000000000000345e-03,4.000000000000000083e-02
5.229199999999999821e-03,3.968750000000000056e-02
5.234400000000000164e-03,3.937500000000000722e-02
5.239599999999999640e-03,3.906250000000000000e-02
5.244799999999999983e-03,3.875000000000000666e-02
5.250000000000000326e-03,3.812500000000000611e-02
5.255199999999999802e-03,3.750000000000000555e-02
5.260400000000000145e-03,3.718750000000000527e-02
5.265599999999999621e-03,3.656250000000000472e-02
5.270799999999999964e-03,3.625000000000000444e-02
5.276000000000000308e-03,3.593750000000000416e-02
5.281199999999999783e-03,3.562500000000000389e-02
5.286400000000000127e-03,3.531250000000000361e-02
5.291599999999999603e-03,3.562500000000000389e-02
5.296799999999999946e-03,3.562500000000000389e-02
5.302000000000000289e-03,3.593750000000000416e-02
5.307199999999999765e-03,3.625000000000000444e-02
5.312400000000000108e-03,3.656250000000000472e-02
5.317599999999999584e-03,3.687500000000000500e-02
5.322799999999999927e-03,3.718750000000000527e-02
5.328000000000000271e-03,3.781250000000000583e-02
5.333199999999999746e-03,3.812500000000000611e-02
5.338400000000000090e-03,3.812500000000000611e-02
5.343599999999999565e-03,3.843750000000000638e-02
5.348799999999999909e-03,3.843750000000000638e-02
5.354000000000000252e-03,3.812500000000000611e-02
5.359199999999999728e-03,3.781250000000000583e-02
5.364400000000000071e-03,3.781250000000000583e-02
5.369600000000000414e-03,3.781250000000000583e-02
5.374799999999999890e-03,3.718750000000000527e-02
5.380000000000000233e-03,3.687500000000000500e-02
5.385199999999999709e-03,3.687500000000000500e-02
5.390400000000000053e-03,3.656250000000000472e-02
5.395600000000000396e-03,3.656250000000000472e-02
5.400799999999999872e-03,3.656250000000000472e-02
5.406000000000000215e-03,3.656250000000000472e-02
5.411199999999999691e-03,3.687500000000000500e-02
5.416400000000000034e-03,3.718750000000000527e-02
5.421600000000000377e-03,3.781250000000000583e-02
5.426799999999999853e-03,3.781250000000000583e-02
5.432000000000000196e-03,3.812500000000000611e-02
5.437199999999999672e-03,3.843750000000000638e-02
5.442400000000000015e-03,3.843750000000000638e-02
5.447600000000000359e-03,3.843750000000000638e-02
5.452799999999999835e-03,3.875000000000000666e-02
5.458000000000000178e-03,3.843750000000000638e-02
5.463199999999999654e-03,3.812500000000000611e-02
5.468399999999999997e-03,3.812500000000000611e-02
5.473600000000000340e-03,3.812500000000000611e-02
5.478799999999999816e-03,3.812500000000000611e-02
5.484000000000000159e-03,3.812500000000000611e-02
5.489199999999999635e-03,3.843750000000000638e-02
5.494399999999999978e-03,3.875000000000000666e-02
5.499600000000000322e-03,3.875000000000000666e-02
5.504799999999999797e-03,3.875000000000000666e-02
5.510000000000000141e-03,3.906250000000000000e-02
5.515199999999999617e-03,3.968750000000000056e-02
5.520399999999999960e-03,3.968750000000000056e-02
5.525600000000000303e-03,4.000000000000000083e-02
5.530799999999999779e-03,4.000000000000000083e-02
5.536000000000000122e-03,3.937500000000000722e-02
5.541199999999999598e-03,3.968750000000000056e-02
5.546399999999999941e-03,3.937500000000000722e-02
5.551600000000000285e-03,3.906250000000000000e-02
5.556799999999999760e-03,3.843750000000000638e-02
5.562000000000000104e-03,3.781250000000000583e-02
5.567199999999999580e-03,3.718750000000000527e-02
5.572399999999999923e-03,3.687500000000000500e-02
5.577600000000000266e-03,3.625000000000000444e-02
5.582799999999999742e-03,3.562500000000000389e-02
5.588000000000000085e-03,3.468750000000000305e-02
5.593200000000000428e-03,3.468750000000000305e-02
5.598399999999999904e-03,3.406250000000000250e-02
5.603600000000000247e-03,3.406250000000000250e-02
5.608799999999999723e-03,3.406250000000000250e-02
5.614000000000000067e-03,3.406250000000000250e-02
5.619200000000000410e-03,3.437500000000000278e-02
5.624399999999999886e-03,3.500000000000000333e-02
5.629600000000000229e-03,3.562500000000000389e-02
5.634799999999999705e-03,3.593750000000000416e-02
5.640000000000000048e-03,3.593750000000000416e-02
5.645200000000000391e-03,3.593750000000000416e-02
5.650399999999999867e-03,3.687500000000000500e-02
5.655600000000000210e-03,3.687500000000000500e-02
5.660799999999999686e-03,3.718750000000000527e-02
5.666000000000000029e-03,3.718750000000000527e-02
5.671200000000000373e-03,3.718750000000000527e-02
5.676399999999999849e-03,3.750000000000000555e-02
5.681600000000000192e-03,3.781250000000000583e-02
5.686799999999999668e-03,3.781250000000000583e-02
5.692000000000000011e-03,3.781250000000000583e-02
5.697200000000000354e-03,3.812500000000000611e-02
5.702399999999999830e-03,3.843750000000000638e-02
5.707600000000000173e-03,3.875000000000000666e-02
5.712799999999999649e-03,3.906250000000000000e-02
5.717999999999999992e-03,3.906250000000000000e-02
5.723200000000000336e-03,3.906250000000000000e-02
5.728399999999999812e-03,3.906250000000000000e-02
5.733600000000000155e-03,3.937500000000000722e-02
5.738799999999999631e-03,3.906250000000000000e-02
5.743999999999999974e-03,3.875000000000000666e-02
5.749200000000000317e-03,3.781250000000000583e-02
5.754399999999999793e-03,3.750000000000000555e-02
5.759600000000000136e-03,3.687500000000000500e-02
5.764799999999999612e-03,3.593750000000000416e-02
5.769999999999999955e-03,3.468750000000000305e-02
5.775200000000000299e-03,3.437500000000000278e-02
5.780399999999999774e-03,3.343750000000000194e-02
5.785600000000000118e-03,3.218750000000000083e-02
5.790799999999999594e-03,3.187500000000000056e-02
5.795999999999999937e-03,3.125000000000000000e-02
5.801200000000000280e-03,3.062500000000000291e-02
5.806399999999999756e-03,3.031250000000000264e-02
5.811600000000000099e-03,3.000000000000000236e-02
5.816799999999999575e-03,3.000000000000000236e-02
5.821999999999999918e-03,2.968750000000000208e-02
5.827200000000000261e-03,3.000000000000000236e-02
5.832399999999999737e-03,3.031250000000000264e-02
5.837600000000000081e-03,3.125000000000000000e-02
5.842800000000000424e-03,3.156250000000000028e-02
5.847999999999999900e-03,3.218750000000000083e-02
5.853200000000000243e-03,3.250000000000000111e-02
5.858399999999999719e-03,3.312500000000000167e-02
5.863600000000000062e-03,3.375000000000000222e-02
5.868800000000000405e-03,3.406250000000000250e-02
5.873999999999999881e-03,3.468750000000000305e-02
5.879200000000000224e-03,3.500000000000000333e-02
5.884399999999999700e-03,3.500000000000000333e-02
5.889600000000000043e-03,3.531250000000000361e-02
5.894800000000000387e-03,3.593750000000000416e-02
5.899999999999999863e-03,3.625000000000000444e-02
5.905200000000000206e-03,3.656250000000000472e-02
5.910399999999999682e-03,3.656250000000000472e-02
5.915600000000000025e-03,3.656250000000000472e-02
5.920800000000000368e-03,3.625000000000000444e-02
5.925999999999999844e-03,3.593750000000000416e-02
5.931200000000000187e-03,3.562500000000000389e-02
5.936399999999999663e-03,3.531250000000000361e-02
5.941600000000000006e-03,3.437500000000000278e-02
5.946800000000000350e-03,3.406250000000000250e-02
5.951999999999999826e-03,3.281250000000000139e-02
5.957200000000000169e-03,3.250000000000000111e-02
5.962399999999999645e-03,3.093750000000000319e-02
5.967599999999999988e-03,3.000000000000000236e-02
5.972800000000000331e-03,2.937500000000000527e-02
5.977999999999999807e-03,2.875000000000000472e-02
5.983200000000000150e-03,2.718750000000000333e-02
5.988399999999999626e-03,2.656250000000000278e-02
5.993599999999999969e-03,2.562500000000000194e-02
5.998800000000000313e-03,2.468750000000000111e-02
6.003999999999999788e-03,2.406250000000000056e-02
6.009200000000000132e-03,2.375000000000000375e-02
6.014399999999999608e-03,2.281250000000000291e-02
6.019599999999999951e-03,2.281250000000000291e-02
6.024800000000000294e-03,2.250000000000000264e-02
6.029999999999999770e-03,2.250000000000000264e-02
6.035200000000000113e-03,2.281250000000000291e-02
6.040399999999999589e-03,2.281250000000000291e-02
6.045599999999999932e-03,2.375000000000000375e-02
6.050800000000000275e-03,2.437500000000000083e-02
6.055999999999999751e-03,2.531250000000000167e-02
6.061200000000000095e-03,2.562500000000000194e-02
6.066400000000000438e-03,2.656250000000000278e-02
6.071599999999999914e-03,2.718750000000000333e-02
6.076800000000000257e-03,2.750000000000000361e-02
6.081999999999999733e-03,2.843750000000000444e-02
6.087200000000000076e-03,2.875000000000000472e-02
6.092400000000000419e-03,2.968750000000000208e-02
6.097599999999999895e-03,3.031250000000000264e-02
6.102800000000000238e-03,3.062500000000000291e-02
6.107999999999999714e-03,3.093750000000000319e-02
6.113200000000000058e-03,3.093750000000000319e-02
6.118400000000000401e-03,3.125000000000000000e-02
6.123599999999999877e-03,3.125000000000000000e-02
6.128800000000000220e-03,3.093750000000000319e-02
6.133999999999999696e-03,3.062500000000000291e-02
6.139200000000000039e-03,3.000000000000000236e-02
6.144400000000000382e-03,2.937500000000000527e-02
6.149599999999999858e-03,2.875000000000000472e-02
6.154800000000000201e-03,2.750000000000000361e-02
6.159999999999999677e-03,2.750000000000000361e-02
6.165200000000000020e-03,2.625000000000000250e-02
6.170400000000000364e-03,2.593750000000000222e-02
6.175599999999999840e-03,2.437500000000000083e-02
6.180800000000000183e-03,2.343750000000000347e-02
6.185999999999999659e-03,2.312500000000000319e-02
6.191200000000000002e-03,2.218750000000000236e-02
6.196400000000000345e-03,2.156250000000000527e-02
6.201599999999999821e-03,2.062500000000000444e-02
6.206800000000000164e-03,2.000000000000000389e-02
6.211999999999999640e-03,1.968750000000000361e-02
6.217199999999999983e-03,1.906250000000000305e-02
6.222400000000000327e-03,1.906250000000000305e-02
6.227599999999999802e-03,1.875000000000000278e-02
6.232800000000000146e-03,1.843750000000000250e-02
6.237999999999999622e-03,1.875000000000000278e-02
6.243199999999999965e-03,1.937500000000000333e-02
6.248400000000000308e-03,2.000000000000000389e-02
6.253599999999999784e-03,2.062500000000000444e-02
6.258800000000000127e-03,2.125000000000000500e-02
6.263999999999999603e-03,2.187500000000000555e-02
6.269199999999999946e-03,2.281250000000000291e-02
6.274400000000000290e-03,2.375000000000000375e-02
6.279599999999999765e-03,2.437500000000000083e-02
6.284800000000000109e-03,2.531250000000000167e-02
6.290000000000000452e-03,2.625000000000000250e-02
6.295199999999999928e-03,2.687500000000000305e-02
6.300400000000000271e-03,2.687500000000000305e-02
6.305599999999999747e-03,2.750000000000000361e-02
6.310800000000000090e-03,2.812500000000000416e-02
6.316000000000000433e-03,2.812500000000000416e-02
6.321199999999999909e-03,2.812500000000000416e-02
6.326400000000000252e-03,2.843750000000000444e-02
6.331599999999999728e-03,2.843750000000000444e-02
6.336800000000000072e-03,2.812500000000000416e-02
6.342000000000000415e-03,2.812500000000000416e-02
6.347199999999999891e-03,2.750000000000000361e-02
6.352400000000000234e-03,2.687500000000000305e-02
6.357599999999999710e-03,2.625000000000000250e-02
6.362800000000000053e-03,2.562500000000000194e-02
6.368000000000000396e-03,2.468750000000000111e-02
6.373199999999999872e-03,2.406250000000000056e-02
6.378400000000000215e-03,2.343750000000000347e-02
6.383599999999999691e-03,2.250000000000000264e-02
6.388800000000000034e-03,2.187500000000000555e-02
6.394000000000000378e-03,2.125000000000000500e-02
6.399199999999999854e-03,2.031250000000000416e-02
6.404400000000000197e-03,1.968750000000000361e-02
6.409599999999999673e-03,1.937500000000000333e-02
6.414800000000000016e-03,1.875000000000000278e-02
6.420000000000000359e-03,1.812500000000000222e-02
6.425199999999999835e-03,1.812500000000000222e-02
6.430400000000000178e-03,1.812500000000000222e-02
6.435599999999999654e-03,1.781250000000000194e-02
6.440799999999999997e-03,1.843750000000000250e-02
6.446000000000000341e-03,1.875000000000000278e-02
6.451199999999999816e-03,1.906250000000000305e-02
6.456400000000000160e-03,1.968750000000000361e-02
6.461599999999999636e-03,2.031250000000000416e-02
6.466799999999999979e-03,2.187500000000000555e-02
6.472000000000000322e-03,2.250000000000000264e-02
6.477199999999999798e-03,2.312500000000000319e-02
6.482400000000000141e-03,2.375000000000000375e-02
6.487599999999999617e-03,2.468750000000000111e-02
6.492799999999999960e-03,2.500000000000000139e-02
6.498000000000000304e-03,2.625000000000000250e-02
6.503199999999999779e-03,2.625000000000000250e-02
6.508400000000000123e-03,2.718750000000000333e-02
6.513599999999999599e-03,2.843750000000000444e-02
6.518799999999999942e-03,2.875000000000000472e-02
6.524000000000000285e-03,2.906250000000000500e-02
6.529199999999999761e-03,2.906250000000000500e-02
6.534400000000000104e-03,2.906250000000000500e-02
6.539600000000000447e-03,2.812500000000000416e-02
6.544799999999999923e-03,2.843750000000000444e-02
6.550000000000000266e-03,2.750000000000000361e-02
6.555199999999999742e-03,2.687500000000000305e-02
6.560400000000000086e-03,2.593750000000000222e-02
6.565600000000000429e-03,2.531250000000000167e-02
6.570799999999999905e-03,2.468750000000000111e-02
6.576000000000000248e-03,2.343750000000000347e-02
6.581199999999999724e-03,2.312500000000000319e-02
6.586400000000000067e-03,2.250000000000000264e-02
6.591600000000000410e-03,2.125000000000000500e-02
6.596799999999999886e-03,2.093750000000000472e-02
6.602000000000000229e-03,2.000000000000000389e-02
6.607199999999999705e-03,1.968750000000000361e-02
6.612400000000000048e-03,1.875000000000000278e-02
6.617600000000000392e-03,1.812500000000000222e-02
6.622799999999999868e-03,1.781250000000000194e-02
6.628000000000000211e-03,1.718750000000000139e-02
6.633199999999999687e-03,1.718750000000000139e-02
6.638400000000000030e-03,1.718750000000000139e-02
6.643600000000000373e-03,1.718750000000000139e-02
6.648799999999999849e-03,1.718750000000000139e-02
6.654000000000000192e-03,1.781250000000000194e-02
6.659199999999999668e-03,1.843750000000000250e-02
6.664400000000000011e-03,1.906250000000000305e-02
6.669600000000000355e-03,2.000000000000000389e-02
6.674799999999999831e-03,2.031250000000000416e-02
6.680000000000000174e-03,2.093750000000000472e-02
6.685199999999999650e-03,2.156250000000000527e-02
6.690399999999999993e-03,2.250000000000000264e-02
6.695600000000000336e-03,2.281250000000000291e-02
6.700799999999999812e-03,2.343750000000000347e-02
6.706000000000000155e-03,2.406250000000000056e-02
6.711199999999999631e-03,2.468750000000000111e-02
6.716399999999999974e-03,2.500000000000000139e-02
6.721600000000000318e-03,2.500000000000000139e-02
6.726799999999999793e-03,2.468750000000000111e-02
6.732000000000000137e-03,2.500000000000000139e-02
6.737199999999999613e-03,2.500000000000000139e-02
6.742399999999999956e-03,2.437500000000000083e-02
6.747600000000000299e-03,2.375000000000000375e-02
6.752799999999999775e-03,2.343750000000000347e-02
6.758000000000000118e-03,2.250000000000000264e-02
6.763200000000000461e-03,2.218750000000000236e-02
6.768399999999999937e-03,2.093750000000000472e-02
6.773600000000000280e-03,2.062500000000000444e-02
6.778799999999999756e-03,2.000000000000000389e-02
6.784000000000000100e-03,1.937500000000000333e-02
6.789200000000000443e-03,1.875000000000000278e-02
6.794399999999999919e-03,1.812500000000000222e-02
6.799600000000000262e-03,1.750000000000000167e-02
6.804799999999999738e-03,1.718750000000000139e-02
6.810000000000000081e-03,1.656250000000000430e-02
6.815200000000000424e-03,1.593750000000000375e-02
6.820399999999999900e-03,1.562500000000000347e-02
6.825600000000000243e-03,1.468750000000000264e-02
6.830799999999999719e-03,1.437500000000000236e-02
6.836000000000000063e-03,1.437500000000000236e-02
6.841200000000000406e-03,1.406250000000000208e-02
6.846399999999999882e-03,1.406250000000000208e-02
6.851600000000000225e-03,1.437500000000000236e-02
6.856799999999999701e-03,1.437500000000000236e-02
6.862000000000000044e-03,1.531250000000000319e-02
6.867200000000000387e-03,1.593750000000000375e-02
6.872399999999999863e-03,1.656250000000000430e-02
6.877600000000000206e-03,1.687500000000000458e-02
6.882799999999999682e-03,1.781250000000000194e-02
6.888000000000000025e-03,1.875000000000000278e-02
6.893200000000000369e-03,1.875000000000000278e-02
6.898399999999999845e-03,1.968750000000000361e-02
6.903600000000000188e-03,2.031250000000000416e-02
6.908799999999999664e-03,2.093750000000000472e-02
6.914000000000000007e-03,2.125000000000000500e-02
6.919200000000000350e-03,2.156250000000000527e-02
6.924399999999999826e-03,2.187500000000000555e-02
6.929600000000000169e-03,2.156250000000000527e-02
6.934799999999999645e-03,2.187500000000000555e-02
6.939999999999999988e-03,2.125000000000000500e-02
6.945200000000000332e-03,2.093750000000000472e-02
6.950399999999999807e-03,2.031250000000000416e-02
6.955600000000000151e-03,1.968750000000000361e-02
6.960799999999999627e-03,1.906250000000000305e-02
6.965999999999999970e-03,1.875000000000000278e-02
6.971200000000000313e-03,1.812500000000000222e-02
6.976399999999999789e-03,1.750000000000000167e-02
6.981600000000000132e-03,1.718750000000000139e-02
6.986800000000000475e-03,1.656250000000000430e-02
6.991999999999999951e-03,1.593750000000000375e-02
6.997200000000000294e-03,1.562500000000000347e-02
7.002399999999999770e-03,1.500000000000000291e-02
7.007600000000000114e-03,1.468750000000000264e-02
7.012800000000000457e-03,1.437500000000000236e-02
7.017999999999999933e-03,1.406250000000000208e-02
7.023200000000000276e-03,1.343750000000000153e-02
7.028399999999999752e-03,1.312500000000000125e-02
7.033600000000000095e-03,1.312500000000000125e-02
7.038800000000000438e-03,1.250000000000000416e-02
7.043999999999999914e-03,1.187500000000000361e-02
7.049200000000000257e-03,1.156250000000000333e-02
7.054399999999999733e-03,1.187500000000000361e-02
7.059600000000000077e-03,1.187500000000000361e-02
7.064800000000000420e-03,1.218750000000000389e-02
7.069999999999999896e-03,1.312500000000000125e-02
7.075200000000000239e-03,1.312500000000000125e-02
7.080399999999999715e-03,1.406250000000000208e-02
7.085600000000000058e-03,1.500000000000000291e-02
7.090800000000000401e-03,1.562500000000000347e-02
7.095999999999999877e-03,1.593750000000000375e-02
7.101200000000000220e-03,1.687500000000000458e-02
7.106399999999999696e-03,1.750000000000000167e-02
7.111600000000000039e-03,1.812500000000000222e-02
7.116800000000000383e-03,1.812500000000000222e-02
7.121999999999999859e-03,1.875000000000000278e-02
7.127200000000000202e-03,1.843750000000000250e-02
7.132399999999999678e-03,1.843750000000000250e-02
7.137600000000000021e-03,1.843750000000000250e-02
7.142800000000000364e-03,1.812500000000000222e-02
7.147999999999999840e-03,1.781250000000000194e-02
7.153200000000000183e-03,1.718750000000000139e-02
7.158399999999999659e-03,1.687500000000000458e-02
7.163600000000000002e-03,1.656250000000000430e-02
7.168800000000000346e-03,1.562500000000000347e-02
7.173999999999999821e-03,1.531250000000000319e-02
7.179200000000000165e-03,1.468750000000000264e-02
7.184399999999999641e-03,1.406250000000000208e-02
7.189599999999999984e-03,1.375000000000000180e-02
7.194800000000000327e-03,1.375000000000000180e-02
7.199999999999999803e-03,1.343750000000000153e-02
7.205200000000000146e-03,1.312500000000000125e-02
7.210399999999999622e-03,1.281250000000000444e-02
7.215599999999999965e-03,1.281250000000000444e-02
7.220800000000000309e-03,1.250000000000000416e-02
7.225999999999999784e-03,1.218750000000000389e-02
7.231200000000000128e-03,1.187500000000000361e-02
7.236400000000000471e-03,1.125000000000000305e-02
7.241599999999999947e-03,1.093750000000000278e-02
7.246800000000000290e-03,1.093750000000000278e-02
7.251999999999999766e-03,1.062500000000000250e-02
7.257200000000000109e-03,1.062500000000000250e-02
7.262400000000000452e-03,1.062500000000000250e-02
7.267599999999999928e-03,1.062500000000000250e-02
7.272800000000000271e-03,1.156250000000000333e-02
7.277999999999999747e-03,1.187500000000000361e-02
7.283200000000000091e-03,1.218750000000000389e-02
7.288400000000000434e-03,1.281250000000000444e-02
7.293599999999999910e-03,1.375000000000000180e-02
7.298800000000000253e-03,1.406250000000000208e-02
7.303999999999999729e-03,1.468750000000000264e-02
7.309200000000000072e-03,1.562500000000000347e-02
7.314400000000000415e-03,1.593750000000000375e-02
7.319599999999999891e-03,1.625000000000000402e-02
7.324800000000000234e-03,1.656250000000000430e-02
7.329999999999999710e-03,1.656250000000000430e-02
7.335200000000000053e-03,1.687500000000000458e-02
7.340400000000000397e-03,1.656250000000000430e-02
7.345599999999999873e-03,1.625000000000000402e-02
7.350800000000000216e-03,1.625000000000000402e-02
7.355999999999999692e-03,1.562500000000000347e-02
7.361200000000000035e-03,1.500000000000000291e-02
7.366400000000000378e-03,1.437500000000000236e-02
7.371599999999999854e-03,1.406250000000000208e-02
7.376800000000000197e-03,1.343750000000000153e-02
7.381999999999999673e-03,1.281250000000000444e-02
7.387200000000000016e-03,1.312500000000000125e-02
7.392400000000000360e-03,1.281250000000000444e-02
7.397599999999999835e-03,1.250000000000000416e-02
7.402800000000000179e-03,1.250000000000000416e-02
7.407999999999999655e-03,1.218750000000000389e-02
7.413199999999999998e-03,1.187500000000000361e-02
7.418400000000000341e-03,1.218750000000000389e-02
7.423599999999999817e-03,1.218750000000000389e-02
7.428800000000000160e-03,1.187500000000000361e-02
7.433999999999999636e-03,1.156250000000000333e-02
7.439199999999999979e-03,1.125000000000000305e-02
7.444400000000000323e-03,1.125000000000000305e-02
7.449599999999999798e-03,1.062500000000000250e-02
7.454800000000000142e-03,1.031250000000000222e-02
7.460000000000000485e-03,1.031250000000000222e-02
7.465199999999999961e-03,1.000000000000000194e-02
7.470400000000000304e-03,1.000000000000000194e-02
7.475599999999999780e-03,9.687500000000001665e-03
7.480800000000000123e-03,1.062500000000000250e-02
7.486000000000000466e-03,1.062500000000000250e-02
7.491199999999999942e-03,1.093750000000000278e-02
7.496400000000000285e-03,1.125000000000000305e-02
7.501599999999999761e-03,1.156250000000000333e-02
7.506800000000000105e-03,1.187500000000000361e-02
7.512000000000000448e-03,1.218750000000000389e-02
7.517199999999999924e-03,1.250000000000000416e-02
7.522400000000000267e-03,1.250000000000000416e-02
7.527599999999999743e-03,1.218750000000000389e-02
7.532800000000000086e-03,1.250000000000000416e-02
7.538000000000000429e-03,1.250000000000000416e-02
7.543199999999999905e-03,1.187500000000000361e-02
7.548400000000000248e-03,1.187500000000000361e-02
7.553599999999999724e-03,1.156250000000000333e-02
7.558800000000000067e-03,1.125000000000000305e-02
7.564000000000000411e-03,1.125000000000000305e-02
7.569199999999999887e-03,1.031250000000000222e-02
7.574400000000000230e-03,1.062500000000000250e-02
7.579599999999999706e-03,1.031250000000000222e-02
7.584800000000000049e-03,1.031250000000000222e-02
7.590000000000000392e-03,1.031250000000000222e-02
7.595199999999999868e-03,1.031250000000000222e-02
7.600400000000000211e-03,1.062500000000000250e-02
7.605599999999999687e-03,1.093750000000000278e-02
7.610800000000000030e-03,1.187500000000000361e-02
7.616000000000000374e-03,1.187500000000000361e-02
7.621199999999999850e-03,1.218750000000000389e-02
7.626400000000000193e-03,1.250000000000000416e-02
7.631599999999999669e-03,1.250000000000000416e-02
7.636800000000000012e-03,1.250000000000000416e-02
7.642000000000000355e-03,1.281250000000000444e-02
7.647199999999999831e-03,1.250000000000000416e-02
7.652400000000000174e-03,1.250000000000000416e-02
7.657599999999999650e-03,1.218750000000000389e-02
7.662799999999999993e-03,1.187500000000000361e-02
7.668000000000000337e-03,1.125000000000000305e-02
7.673199999999999812e-03,1.093750000000000278e-02
7.678400000000000156e-03,1.031250000000000222e-02
7.683600000000000499e-03,1.062500000000000250e-02
7.688799999999999975e-03,1.062500000000000250e-02
7.694000000000000318e-03,1.031250000000000222e-02
7.699199999999999794e-03,1.031250000000000222e-02
7.704400000000000137e-03,1.062500000000000250e-02
7.709600000000000480e-03,1.062500000000000250e-02
7.714799999999999956e-03,1.062500000000000250e-02
7.720000000000000299e-03,1.062500000000000250e-02
7.725199999999999775e-03,1.062500000000000250e-02
7.730400000000000119e-03,1.031250000000000222e-02
7.735600000000000462e-03,9.687500000000001665e-03
7.740800000000000805e-03,9.687500000000001665e-03
7.745999999999999414e-03,9.375000000000001388e-03
7.751199999999999757e-03,9.062500000000001110e-03
7.756400000000000100e-03,9.062500000000001110e-03
7.761600000000000443e-03,8.750000000000004302e-03
7.766800000000000787e-03,8.750000000000004302e-03
7.771999999999999395e-03,8.750000000000004302e-03
7.777199999999999738e-03,9.062500000000001110e-03
7.782400000000000082e-03,9.062500000000001110e-03
7.787600000000000425e-03,9.375000000000001388e-03
7.792800000000000768e-03,1.000000000000000194e-02
7.797999999999999376e-03,1.093750000000000278e-02
7.803199999999999720e-03,1.125000000000000305e-02
7.808400000000000063e-03,1.218750000000000389e-02
7.813600000000000406e-03,1.281250000000000444e-02
7.818800000000000749e-03,1.343750000000000153e-02
7.823999999999999358e-03,1.406250000000000208e-02
7.829199999999999701e-03,1.468750000000000264e-02
7.834400000000000044e-03,1.531250000000000319e-02
7.839600000000000388e-03,1.625000000000000402e-02
7.844800000000000731e-03,1.656250000000000430e-02
7.849999999999999339e-03,1.656250000000000430e-02
7.855199999999999683e-03,1.656250000000000430e-02
7.860400000000000026e-03,1.593750000000000375e-02
7.865600000000000369e-03,1.562500000000000347e-02
7.870800000000000712e-03,1.531250000000000319e-02
7.875999999999999321e-03,1.437500000000000236e-02
7.881199999999999664e-03,1.406250000000000208e-02
7.886400000000000007e-03,1.406250000000000208e-02
7.891600000000000351e-03,1.343750000000000153e-02
7.896800000000000694e-03,1.343750000000000153e-02
7.901999999999999302e-03,1.250000000000000416e-02
7.907199999999999646e-03,1.250000000000000416e-02
7.912399999999999989e-03,1.218750000000000389e-02
7.917600000000000332e-03,1.187500000000000361e-02
7.922800000000000675e-03,1.156250000000000333e-02
7.927999999999999284e-03,1.125000000000000305e-02
7.933199999999999627e-03,1.093750000000000278e-02
7.938399999999999970e-03,1.062500000000000250e-02
7.943600000000000314e-03,1.031250000000000222e-02
7.948800000000000657e-03,1.000000000000000194e-02
7.953999999999999265e-03,9.687500000000001665e-03
7.959199999999999608e-03,9.687500000000001665e-03
7.964399999999999952e-03,9.687500000000001665e-03
7.969600000000000295e-03,9.687500000000001665e-03
7.974800000000000638e-03,9.687500000000001665e-03
7.979999999999999247e-03,9.687500000000001665e-03
7.985199999999999590e-03,1.000000000000000194e-02
7.990399999999999933e-03,1.031250000000000222e-02
7.995600000000000276e-03,1.125000000000000305e-02
8.000800000000000620e-03,1.187500000000000361e-02
8.005999999999999228e-03,1.281250000000000444e-02
8.011199999999999571e-03,1.375000000000000180e-02
8.016399999999999915e-03,1.375000000000000180e-02
8.021600000000000258e-03,1.531250000000000319e-02
8.026800000000000601e-03,1.562500000000000347e-02
8.032000000000000944e-03,1.687500000000000458e-02
8.037199999999999553e-03,1.750000000000000167e-02
8.042399999999999896e-03,1.750000000000000167e-02
8.047600000000000239e-03,1.812500000000000222e-02
8.052800000000000583e-03,1.781250000000000194e-02
8.058000000000000926e-03,1.781250000000000194e-02
8.063199999999999534e-03,1.781250000000000194e-02
8.068399999999999878e-03,1.750000000000000167e-02
8.073600000000000221e-03,1.687500000000000458e-02
8.078800000000000564e-03,1.656250000000000430e-02
8.084000000000000907e-03,1.593750000000000375e-02
8.089199999999999516e-03,1.531250000000000319e-02
8.094399999999999859e-03,1.500000000000000291e-02
8.099600000000000202e-03,1.437500000000000236e-02
8.104800000000000545e-03,1.406250000000000208e-02
8.110000000000000889e-03,1.343750000000000153e-02
8.115199999999999497e-03,1.343750000000000153e-02
8.120399999999999840e-03,1.312500000000000125e-02
8.125600000000000184e-03,1.281250000000000444e-02
8.130800000000000527e-03,1.250000000000000416e-02
8.136000000000000870e-03,1.187500000000000361e-02
8.141199999999999479e-03,1.187500000000000361e-02
8.146399999999999822e-03,1.156250000000000333e-02
8.151600000000000165e-03,1.093750000000000278e-02
8.156800000000000508e-03,1.062500000000000250e-02
8.162000000000000852e-03,1.031250000000000222e-02
8.167199999999999460e-03,1.000000000000000194e-02
8.172399999999999803e-03,1.000000000000000194e-02
8.177600000000000147e-03,1.000000000000000194e-02
8.182800000000000490e-03,1.031250000000000222e-02
8.188000000000000833e-03,1.062500000000000250e-02
8.193199999999999442e-03,1.125000000000000305e-02
8.198399999999999785e-03,1.125000000000000305e-02
8.203600000000000128e-03,1.218750000000000389e-02
8.208800000000000471e-03,1.250000000000000416e-02
8.214000000000000815e-03,1.343750000000000153e-02
8.219199999999999423e-03,1.406250000000000208e-02
8.224399999999999766e-03,1.500000000000000291e-02
8.229600000000000110e-03,1.562500000000000347e-02
8.234800000000000453e-03,1.656250000000000430e-02
8.240000000000000796e-03,1.718750000000000139e-02
8.245199999999999405e-03,1.750000000000000167e-02
8.250399999999999748e-03,1.781250000000000194e-02
8.255600000000000091e-03,1.843750000000000250e-02
8.260800000000000434e-03,1.812500000000000222e-02
8.266000000000000777e-03,1.812500000000000222e-02
8.271199999999999386e-03,1.750000000000000167e-02
8.276399999999999729e-03,1.718750000000000139e-02
8.281600000000000072e-03,1.687500000000000458e-02
8.286800000000000416e-03,1.593750000000000375e-02
8.292000000000000759e-03,1.562500000000000347e-02
8.297199999999999367e-03,1.500000000000000291e-02
8.302399999999999711e-03,1.468750000000000264e-02
8.307600000000000054e-03,1.406250000000000208e-02
8.312800000000000397e-03,1.375000000000000180e-02
8.318000000000000740e-03,1.375000000000000180e-02
8.323199999999999349e-03,1.312500000000000125e-02
8.328399999999999692e-03,1.312500000000000125e-02
8.333600000000000035e-03,1.281250000000000444e-02
8.338800000000000379e-03,1.250000000000000416e-02
8.344000000000000722e-03,1.187500000000000361e-02
8.349199999999999330e-03,1.187500000000000361e-02
8.354399999999999674e-03,1.125000000000000305e-02
8.359600000000000017e-03,1.093750000000000278e-02
8.364800000000000360e-03,1.062500000000000250e-02
8.370000000000000703e-03,1.000000000000000194e-02
8.375199999999999312e-03,1.031250000000000222e-02
8.380399999999999655e-03,1.031250000000000222e-02
8.385599999999999998e-03,1.031250000000000222e-02
8.390800000000000342e-03,1.031250000000000222e-02
8.396000000000000685e-03,1.093750000000000278e-02
8.401199999999999293e-03,1.156250000000000333e-02
8.406399999999999637e-03,1.250000000000000416e-02
8.411599999999999980e-03,1.343750000000000153e-02
8.416800000000000323e-03,1.375000000000000180e-02
8.422000000000000666e-03,1.531250000000000319e-02
8.427199999999999275e-03,1.593750000000000375e-02
8.432399999999999618e-03,1.625000000000000402e-02
8.437599999999999961e-03,1.718750000000000139e-02
8.442800000000000304e-03,1.781250000000000194e-02
8.448000000000000648e-03,1.843750000000000250e-02
8.453199999999999256e-03,1.906250000000000305e-02
8.458399999999999599e-03,1.906250000000000305e-02
8.463599999999999943e-03,1.968750000000000361e-02
8.468800000000000286e-03,1.968750000000000361e-02
8.474000000000000629e-03,1.906250000000000305e-02
8.479199999999999238e-03,1.875000000000000278e-02
8.484399999999999581e-03,1.843750000000000250e-02
8.489599999999999924e-03,1.750000000000000167e-02
8.494800000000000267e-03,1.718750000000000139e-02
8.500000000000000611e-03,1.656250000000000430e-02
8.505200000000000954e-03,1.593750000000000375e-02
8.510399999999999562e-03,1.562500000000000347e-02
8.515599999999999906e-03,1.500000000000000291e-02
8.520800000000000249e-03,1.500000000000000291e-02
8.526000000000000592e-03,1.406250000000000208e-02
8.531200000000000935e-03,1.406250000000000208e-02
8.536399999999999544e-03,1.312500000000000125e-02
8.541599999999999887e-03,1.281250000000000444e-02
8.546800000000000230e-03,1.218750000000000389e-02
8.552000000000000574e-03,1.218750000000000389e-02
8.557200000000000917e-03,1.187500000000000361e-02
8.562399999999999525e-03,1.156250000000000333e-02
8.567599999999999869e-03,1.062500000000000250e-02
8.572800000000000212e-03,1.125000000000000305e-02
8.578000000000000555e-03,1.093750000000000278e-02
8.583200000000000898e-03,1.156250000000000333e-02
8.588399999999999507e-03,1.125000000000000305e-02
8.593599999999999850e-03,1.187500000000000361e-02
8.598800000000000193e-03,1.250000000000000416e-02
8.604000000000000536e-03,1.312500000000000125e-02
8.609200000000000880e-03,1.375000000000000180e-02
8.614399999999999488e-03,1.437500000000000236e-02
8.619599999999999831e-03,1.562500000000000347e-02
8.624800000000000175e-03,1.656250000000000430e-02
8.630000000000000518e-03,1.750000000000000167e-02
8.635200000000000861e-03,1.875000000000000278e-02
8.640399999999999470e-03,1.937500000000000333e-02
8.645599999999999813e-03,2.000000000000000389e-02
8.650800000000000156e-03,2.062500000000000444e-02
8.656000000000000499e-03,2.125000000000000500e-02
8.661200000000000843e-03,2.187500000000000555e-02
8.666399999999999451e-03,2.218750000000000236e-02
8.671599999999999794e-03,2.218750000000000236e-02
8.676800000000000138e-03,2.218750000000000236e-02
8.682000000000000481e-03,2.218750000000000236e-02
8.687200000000000824e-03,2.156250000000000527e-02
8.692399999999999433e-03,2.125000000000000500e-02
8.697599999999999776e-03,2.093750000000000472e-02
8.702800000000000119e-03,1.968750000000000361e-02
8.708000000000000462e-03,1.906250000000000305e-02
8.713200000000000806e-03,1.843750000000000250e-02
8.718399999999999414e-03,1.750000000000000167e-02
8.723599999999999757e-03,1.750000000000000167e-02
8.728800000000000101e-03,1.656250000000000430e-02
8.734000000000000444e-03,1.593750000000000375e-02
8.739200000000000787e-03,1.562500000000000347e-02
8.744399999999999396e-03,1.531250000000000319e-02
8.749599999999999739e-03,1.468750000000000264e-02
8.754800000000000082e-03,1.437500000000000236e-02
8.760000000000000425e-03,1.375000000000000180e-02
8.765200000000000768e-03,1.312500000000000125e-02
8.770399999999999377e-03,1.343750000000000153e-02
8.775599999999999720e-03,1.343750000000000153e-02
8.780800000000000063e-03,1.343750000000000153e-02
8.786000000000000407e-03,1.375000000000000180e-02
8.791200000000000750e-03,1.437500000000000236e-02
8.796399999999999358e-03,1.468750000000000264e-02
8.801599999999999702e-03,1.531250000000000319e-02
8.806800000000000045e-03,1.625000000000000402e-02
8.812000000000000388e-03,1.750000000000000167e-02
8.817200000000000731e-03,1.843750000000000250e-02
8.822399999999999340e-03,1.875000000000000278e-02
8.827599999999999683e-03,2.031250000000000416e-02
8.832800000000000026e-03,2.062500000000000444e-02
8.838000000000000370e-03,2.187500000000000555e-02
8.843200000000000713e-03,2.281250000000000291e-02
8.848399999999999321e-03,2.343750000000000347e-02
8.853599999999999665e-03,2.406250000000000056e-02
8.858800000000000008e-03,2.468750000000000111e-02
8.864000000000000351e-03,2.562500000000000194e-02
8.869200000000000694e-03,2.593750000000000222e-02
8.874399999999999303e-03,2.593750000000000222e-02
8.879599999999999646e-03,2.593750000000000222e-02
8.884799999999999989e-03,2.593750000000000222e-02
8.890000000000000333e-03,2.531250000000000167e-02
8.895200000000000676e-03,2.500000000000000139e-02
8.900399999999999284e-03,2.437500000000000083e-02
8.905599999999999627e-03,2.375000000000000375e-02
8.910799999999999971e-03,2.250000000000000264e-02
8.916000000000000314e-03,2.250000000000000264e-02
8.921200000000000657e-03,2.156250000000000527e-02
8.926399999999999266e-03,2.125000000000000500e-02
8.931599999999999609e-03,2.000000000000000389e-02
8.936799999999999952e-03,1.937500000000000333e-02
8.942000000000000295e-03,1.906250000000000305e-02
8.947200000000000639e-03,1.843750000000000250e-02
8.952400000000000982e-03,1.781250000000000194e-02
8.957599999999999590e-03,1.750000000000000167e-02
8.962799999999999934e-03,1.687500000000000458e-02
8.968000000000000277e-03,1.656250000000000430e-02
8.973200000000000620e-03,1.625000000000000402e-02
8.978400000000000963e-03,1.593750000000000375e-02
8.983599999999999572e-03,1.625000000000000402e-02
8.988799999999999915e-03,1.625000000000000402e-02
8.994000000000000258e-03,1.718750000000000139e-02
8.999200000000000602e-03,1.718750000000000139e-02
9.004400000000000945e-03,1.812500000000000222e-02
9.009599999999999553e-03,1.875000000000000278e-02
9.014799999999999897e-03,1.937500000000000333e-02
9.020000000000000240e-03,2.062500000000000444e-02
9.025200000000000583e-03,2.093750000000000472e-02
9.030400000000000926e-03,2.218750000000000236e-02
9.035599999999999535e-03,2.281250000000000291e-02
9.040799999999999878e-03,2.406250000000000056e-02
9.046000000000000221e-03,2.468750000000000111e-02
9.051200000000000565e-03,2.593750000000000222e-02
9.056400000000000908e-03,2.625000000000000250e-02
9.061599999999999516e-03,2.687500000000000305e-02
9.066799999999999859e-03,2.750000000000000361e-02
9.072000000000000203e-03,2.781250000000000389e-02
9.077200000000000546e-03,2.812500000000000416e-02
9.082400000000000889e-03,2.812500000000000416e-02
9.087599999999999498e-03,2.781250000000000389e-02
9.092799999999999841e-03,2.750000000000000361e-02
9.098000000000000184e-03,2.718750000000000333e-02
9.103200000000000527e-03,2.625000000000000250e-02
9.108400000000000871e-03,2.562500000000000194e-02
9.113599999999999479e-03,2.437500000000000083e-02
9.118799999999999822e-03,2.375000000000000375e-02
9.124000000000000166e-03,2.281250000000000291e-02
9.129200000000000509e-03,2.218750000000000236e-02
9.134400000000000852e-03,2.156250000000000527e-02
9.139599999999999461e-03,2.093750000000000472e-02
9.144799999999999804e-03,2.000000000000000389e-02
9.150000000000000147e-03,1.937500000000000333e-02
9.155200000000000490e-03,1.875000000000000278e-02
9.160400000000000834e-03,1.843750000000000250e-02
9.165599999999999442e-03,1.781250000000000194e-02
9.170799999999999785e-03,1.718750000000000139e-02
9.176000000000000129e-03,1.687500000000000458e-02
9.181200000000000472e-03,1.656250000000000430e-02
9.186400000000000815e-03,1.656250000000000430e-02
9.191599999999999424e-03,1.656250000000000430e-02
9.196799999999999767e-03,1.656250000000000430e-02
9.202000000000000110e-03,1.687500000000000458e-02
9.207200000000000453e-03,1.750000000000000167e-02
9.212400000000000796e-03,1.843750000000000250e-02
9.217599999999999405e-03,1.875000000000000278e-02
9.222799999999999748e-03,1.937500000000000333e-02
9.228000000000000091e-03,2.062500000000000444e-02
9.233200000000000435e-03,2.156250000000000527e-02
9.238400000000000778e-03,2.250000000000000264e-02
9.243599999999999386e-03,2.343750000000000347e-02
9.248799999999999730e-03,2.406250000000000056e-02
9.254000000000000073e-03,2.468750000000000111e-02
9.259200000000000416e-03,2.562500000000000194e-02
9.264400000000000759e-03,2.625000000000000250e-02
9.269599999999999368e-03,2.656250000000000278e-02
9.274799999999999711e-03,2.718750000000000333e-02
9.280000000000000054e-03,2.718750000000000333e-02
9.285200000000000398e-03,2.750000000000000361e-02
9.290400000000000741e-03,2.718750000000000333e-02
9.295599999999999349e-03,2.687500000000000305e-02
9.300799999999999693e-03,2.625000000000000250e-02
9.306000000000000036e-03,2.593750000000000222e-02
9.311200000000000379e-03,2.500000000000000139e-02
9.316400000000000722e-03,2.437500000000000083e-02
9.321599999999999331e-03,2.343750000000000347e-02
9.326799999999999674e-03,2.281250000000000291e-02
9.332000000000000017e-03,2.187500000000000555e-02
9.337200000000000361e-03,2.125000000000000500e-02
9.342400000000000704e-03,2.062500000000000444e-02
9.347599999999999312e-03,2.000000000000000389e-02
9.352799999999999656e-03,1.937500000000000333e-02
9.357999999999999999e-03,1.875000000000000278e-02
9.363200000000000342e-03,1.750000000000000167e-02
9.368400000000000685e-03,1.781250000000000194e-02
9.373599999999999294e-03,1.718750000000000139e-02
9.378799999999999637e-03,1.687500000000000458e-02
9.383999999999999980e-03,1.687500000000000458e-02
9.389200000000000323e-03,1.687500000000000458e-02
9.394400000000000667e-03,1.687500000000000458e-02
9.399599999999999275e-03,1.687500000000000458e-02
9.404799999999999618e-03,1.781250000000000194e-02
9.409999999999999962e-03,1.843750000000000250e-02
9.415200000000000305e-03,1.906250000000000305e-02
9.420400000000000648e-03,2.000000000000000389e-02
9.425600000000000991e-03,2.062500000000000444e-02
9.430799999999999600e-03,2.187500000000000555e-02
9.435999999999999943e-03,2.312500000000000319e-02
9.441200000000000286e-03,2.375000000000000375e-02
9.446400000000000630e-03,2.437500000000000083e-02
9.451600000000000973e-03,2.531250000000000167e-02
9.456799999999999581e-03,2.593750000000000222e-02
9.461999999999999925e-03,2.687500000000000305e-02
9.467200000000000268e-03,2.781250000000000389e-02
9.472400000000000611e-03,2.812500000000000416e-02
9.477600000000000954e-03,2.843750000000000444e-02
9.482799999999999563e-03,2.937500000000000527e-02
9.487999999999999906e-03,2.906250000000000500e-02
9.493200000000000249e-03,2.906250000000000500e-02
9.498400000000000593e-03,2.906250000000000500e-02
9.503600000000000936e-03,2.843750000000000444e-02
9.508799999999999544e-03,2.812500000000000416e-02
9.513999999999999888e-03,2.781250000000000389e-02
9.519200000000000231e-03,2.687500000000000305e-02
9.524400000000000574e-03,2.593750000000000222e-02
9.529600000000000917e-03,2.500000000000000139e-02
9.534799999999999526e-03,2.437500000000000083e-02
9.539999999999999869e-03,2.343750000000000347e-02
9.545200000000000212e-03,2.312500000000000319e-02
9.550400000000000555e-03,2.218750000000000236e-02
9.555600000000000899e-03,2.156250000000000527e-02
9.560799999999999507e-03,2.062500000000000444e-02
9.565999999999999850e-03,2.000000000000000389e-02
9.571200000000000194e-03,1.937500000000000333e-02
9.576400000000000537e-03,1.906250000000000305e-02
9.581600000000000880e-03,1.906250000000000305e-02
9.586799999999999489e-03,1.906250000000000305e-02
9.591999999999999832e-03,1.906250000000000305e-02
9.597200000000000175e-03,1.937500000000000333e-02
9.602400000000000518e-03,1.968750000000000361e-02
9.607600000000000862e-03,2.000000000000000389e-02
9.612799999999999470e-03,2.062500000000000444e-02
9.617999999999999813e-03,2.125000000000000500e-02
9.623200000000000157e-03,2.250000000000000264e-02
9.628400000000000500e-03,2.312500000000000319e-02
9.633600000000000843e-03,2.375000000000000375e-02
9.638799999999999452e-03,2.468750000000000111e-02
9.643999999999999795e-03,2.531250000000000167e-02
9.649200000000000138e-03,2.656250000000000278e-02
9.654400000000000481e-03,2.718750000000000333e-02
9.659600000000000825e-03,2.812500000000000416e-02
9.664799999999999433e-03,2.875000000000000472e-02
9.669999999999999776e-03,2.937500000000000527e-02
9.675200000000000120e-03,2.968750000000000208e-02
9.680400000000000463e-03,3.062500000000000291e-02
9.685600000000000806e-03,3.093750000000000319e-02
9.690799999999999415e-03,3.125000000000000000e-02
9.695999999999999758e-03,3.093750000000000319e-02
9.701200000000000101e-03,3.125000000000000000e-02
9.706400000000000444e-03,3.062500000000000291e-02
9.711600000000000787e-03,3.031250000000000264e-02
9.716799999999999396e-03,2.968750000000000208e-02
9.721999999999999739e-03,2.875000000000000472e-02
9.727200000000000082e-03,2.812500000000000416e-02
9.732400000000000426e-03,2.687500000000000305e-02
9.737600000000000769e-03,2.625000000000000250e-02
9.742799999999999377e-03,2.562500000000000194e-02
9.747999999999999721e-03,2.468750000000000111e-02
9.753200000000000064e-03,2.406250000000000056e-02
9.758400000000000407e-03,2.375000000000000375e-02
9.763600000000000750e-03,2.281250000000000291e-02
9.768799999999999359e-03,2.218750000000000236e-02
9.773999999999999702e-03,2.187500000000000555e-02
9.779200000000000045e-03,2.156250000000000527e-02
9.784400000000000389e-03,2.156250000000000527e-02
9.789600000000000732e-03,2.125000000000000500e-02
9.794799999999999340e-03,2.125000000000000500e-02
9.799999999999999684e-03,2.156250000000000527e-02
9.805200000000000027e-03,2.218750000000000236e-02
9.810400000000000370e-03,2.250000000000000264e-02
9.815600000000000713e-03,2.312500000000000319e-02
9.820799999999999322e-03,2.406250000000000056e-02
9.825999999999999665e-03,2.468750000000000111e-02
9.831200000000000008e-03,2.562500000000000194e-02
9.836400000000000352e-03,2.687500000000000305e-02
9.841600000000000695e-03,2.718750000000000333e-02
9.846799999999999303e-03,2.843750000000000444e-02
9.851999999999999647e-03,2.906250000000000500e-02
9.857199999999999990e-03,2.937500000000000527e-02
9.862400000000000333e-03,3.062500000000000291e-02
9.867600000000000676e-03,3.125000000000000000e-02
9.872799999999999285e-03,3.156250000000000028e-02
9.877999999999999628e-03,3.250000000000000111e-02
9.883199999999999971e-03,3.343750000000000194e-02
9.888400000000000314e-03,3.375000000000000222e-02
9.893600000000000658e-03,3.437500000000000278e-02
9.898800000000001001e-03,3.437500000000000278e-02
9.903999999999999609e-03,3.468750000000000305e-02
9.909199999999999953e-03,3.468750000000000305e-02
9.914400000000000296e-03,3.437500000000000278e-02
9.919600000000000639e-03,3.406250000000000250e-02
9.924800000000000982e-03,3.375000000000000222e-02
9.929999999999999591e-03,3.281250000000000139e-02
9.935199999999999934e-03,3.218750000000000083e-02
9.940400000000000277e-03,3.156250000000000028e-02
9.945600000000000621e-03,3.062500000000000291e-02
9.950800000000000964e-03,3.000000000000000236e-02
9.955999999999999572e-03,2.937500000000000527e-02
9.961199999999999916e-03,2.875000000000000472e-02
9.966400000000000259e-03,2.812500000000000416e-02
9.971600000000000602e-03,2.781250000000000389e-02
9.976800000000000945e-03,2.718750000000000333e-02
9.981999999999999554e-03,2.718750000000000333e-02
9.987199999999999897e-03,2.687500000000000305e-02
9.992400000000000240e-03,2.718750000000000333e-02
9.997600000000000584e-03,2.718750000000000333e-02
1.000280000000000093e-02,2.781250000000000389e-02
1.000799999999999954e-02,2.843750000000000444e-02
1.001319999999999988e-02,2.875000000000000472e-02
1.001840000000000022e-02,2.937500000000000527e-02
1.002360000000000056e-02,3.031250000000000264e-02
1.002880000000000091e-02,3.093750000000000319e-02
1.003399999999999952e-02,3.156250000000000028e-02
1.003919999999999986e-02,3.218750000000000083e-02
1.004440000000000020e-02,3.250000000000000111e-02
1.004960000000000055e-02,3.343750000000000194e-02
1.005480000000000089e-02,3.375000000000000222e-02
1.005999999999999950e-02,3.375000000000000222e-02
1.006519999999999984e-02,3.437500000000000278e-02
1.007040000000000018e-02,3.437500000000000278e-02
1.007560000000000053e-02,3.500000000000000333e-02
1.008080000000000087e-02,3.562500000000000389e-02
1.008599999999999948e-02,3.562500000000000389e-02
1.009119999999999982e-02,3.593750000000000416e-02
1.009640000000000017e-02,3.593750000000000416e-02
1.010160000000000051e-02,3.656250000000000472e-02
1.010680000000000085e-02,3.718750000000000527e-02
1.011199999999999946e-02,3.718750000000000527e-02
1.011719999999999980e-02,3.750000000000000555e-02
1.012240000000000015e-02,3.718750000000000527e-02
1.012760000000000049e-02,3.687500000000000500e-02
1.013280000000000083e-02,3.656250000000000472e-02
1.013799999999999944e-02,3.625000000000000444e-02
1.014319999999999979e-02,3.593750000000000416e-02
1.014840000000000013e-02,3.562500000000000389e-02
1.015360000000000047e-02,3.468750000000000305e-02
1.015880000000000082e-02,3.406250000000000250e-02
1.016399999999999942e-02,3.375000000000000222e-02
1.016919999999999977e-02,3.312500000000000167e-02
1.017440000000000011e-02,3.281250000000000139e-02
1.017960000000000045e-02,3.250000000000000111e-02
1.018480000000000080e-02,3.281250000000000139e-02
1.018999999999999941e-02,3.218750000000000083e-02
1.019519999999999975e-02,3.250000000000000111e-02
1.020040000000000009e-02,3.281250000000000139e-02
1.020560000000000044e-02,3.343750000000000194e-02
1.021080000000000078e-02,3.343750000000000194e-02
1.021599999999999939e-02,3.406250000000000250e-02
1.022119999999999973e-02,3.468750000000000305e-02
1.022640000000000007e-02,3.500000000000000333e-02
1.023160000000000042e-02,3.562500000000000389e-02
1.023680000000000076e-02,3.625000000000000444e-02
1.024199999999999937e-02,3.625000000000000444e-02
1.024719999999999971e-02,3.687500000000000500e-02
1.025240000000000005e-02,3.750000000000000555e-02
1.025760000000000040e-02,3.781250000000000583e-02
1.026280000000000074e-02,3.812500000000000611e-02
1.026799999999999935e-02,3.812500000000000611e-02
1.027319999999999969e-02,3.781250000000000583e-02
1.027840000000000004e-02,3.687500000000000500e-02
1.028360000000000038e-02,3.593750000000000416e-02
1.028880000000000072e-02,3.468750000000000305e-02
1.029399999999999933e-02,3.375000000000000222e-02
1.029919999999999967e-02,3.312500000000000167e-02
1.030440000000000002e-02,3.312500000000000167e-02
1.030960000000000036e-02,3.312500000000000167e-02
1.031480000000000070e-02,3.312500000000000167e-02
