PURE SILICA, ELECTRODE=TUNGSTEN, TIME=35, POLING_VOLTAGE=3700, WAVELENGTH=1.55e-06, EFFECTIVE_DISTANCE=3.1e-05, POLED_LENGTH=0.3, CORE_INDEX=1.45, POLE=MAX, AC_VOLTAGE=697.5, AC_FREQUENCY=2350, PIEZO_FREQUENCY=47.0
Time(s),Voltage(V)
1.000000000000000048e-04,1.562500000000000347e-02
1.105000000000000025e-04,1.468750000000000264e-02
1.210000000000000002e-04,1.500000000000000291e-02
1.314999999999999980e-04,1.687500000000000458e-02
1.420000000000000092e-04,1.875000000000000278e-02
1.524999999999999934e-04,2.062500000000000444e-02
1.630000000000000047e-04,2.062500000000000444e-02
1.734999999999999889e-04,2.031250000000000416e-02
1.840000000000000001e-04,1.968750000000000361e-02
1.945000000000000114e-04,1.937500000000000333e-02
2.049999999999999956e-04,1.937500000000000333e-02
2.154999999999999798e-04,1.843750000000000250e-02
2.260000000000000181e-04,1.812500000000000222e-02
2.365000000000000023e-04,1.750000000000000167e-02
2.469999999999999865e-04,1.781250000000000194e-02
2.574999999999999707e-04,1.812500000000000222e-02
2.680000000000000090e-04,1.906250000000000305e-02
2.784999999999999932e-04,2.000000000000000389e-02
2.889999999999999774e-04,2.187500000000000555e-02
2.995000000000000158e-04,2.406250000000000056e-02
3.099999999999999999e-04,2.562500000000000194e-02
3.204999999999999841e-04,2.625000000000000250e-02
3.309999999999999683e-04,2.656250000000000278e-02
3.415000000000000067e-04,2.843750000000000444e-02
3.519999999999999908e-04,2.906250000000000500e-02
3.624999999999999750e-04,3.000000000000000236e-02
3.729999999999999592e-04,3.031250000000000264e-02
3.834999999999999976e-04,3.156250000000000028e-02
3.939999999999999817e-04,3.218750000000000083e-02
4.044999999999999659e-04,3.281250000000000139e-02
4.149999999999999501e-04,3.312500000000000167e-02
4.254999999999999885e-04,3.406250000000000250e-02
4.359999999999999726e-04,3.468750000000000305e-02
4.464999999999999568e-04,3.500000000000000333e-02
4.569999999999999952e-04,3.562500000000000389e-02
4.674999999999999794e-04,3.593750000000000416e-02
4.779999999999999635e-04,3.687500000000000500e-02
4.885000000000000019e-04,3.750000000000000555e-02
4.989999999999999861e-04,3.812500000000000611e-02
5.094999999999999703e-04,3.843750000000000638e-02
5.199999999999999544e-04,3.906250000000000000e-02
5.305000000000000470e-04,3.968750000000000056e-02
5.410000000000000312e-04,4.000000000000000083e-02
5.515000000000000154e-04,4.062500000000000139e-02
5.619999999999999996e-04,4.125000000000000194e-02
5.724999999999999837e-04,4.156250000000000222e-02
5.829999999999999679e-04,4.187500000000000250e-02
5.935000000000000605e-04,4.187500000000000250e-02
6.040000000000000447e-04,4.156250000000000222e-02
6.145000000000000288e-04,4.156250000000000222e-02
6.250000000000000130e-04,4.187500000000000250e-02
6.354999999999999972e-04,4.187500000000000250e-02
6.459999999999999814e-04,4.187500000000000250e-02
6.564999999999999655e-04,4.187500000000000250e-02
6.670000000000000581e-04,4.187500000000000250e-02
6.775000000000000423e-04,4.218750000000000278e-02
6.880000000000000265e-04,4.250000000000000305e-02
6.985000000000000106e-04,4.250000000000000305e-02
7.089999999999999948e-04,4.281250000000000333e-02
7.194999999999999790e-04,4.312500000000000361e-02
7.299999999999999632e-04,4.312500000000000361e-02
7.405000000000000557e-04,4.312500000000000361e-02
7.510000000000000399e-04,4.312500000000000361e-02
7.615000000000000241e-04,4.343750000000000389e-02
7.720000000000000083e-04,4.343750000000000389e-02
7.824999999999999924e-04,4.281250000000000333e-02
7.929999999999999766e-04,4.218750000000000278e-02
8.034999999999999608e-04,4.125000000000000194e-02
8.140000000000000534e-04,4.031250000000000111e-02
8.245000000000000375e-04,3.968750000000000056e-02
8.350000000000000217e-04,3.937500000000000722e-02
8.455000000000000059e-04,3.875000000000000666e-02
8.559999999999999901e-04,3.843750000000000638e-02
8.664999999999999742e-04,3.843750000000000638e-02
8.769999999999999584e-04,3.812500000000000611e-02
8.875000000000000510e-04,3.812500000000000611e-02
8.980000000000000352e-04,3.812500000000000611e-02
9.085000000000000193e-04,3.812500000000000611e-02
9.190000000000000035e-04,3.781250000000000583e-02
9.294999999999999877e-04,3.843750000000000638e-02
9.399999999999999719e-04,3.843750000000000638e-02
9.504999999999999560e-04,3.875000000000000666e-02
9.610000000000000486e-04,3.937500000000000722e-02
9.715000000000000328e-04,3.968750000000000056e-02
9.820000000000000170e-04,4.031250000000000111e-02
9.924999999999998927e-04,4.062500000000000139e-02
1.002999999999999985e-03,4.125000000000000194e-02
1.013499999999999861e-03,4.156250000000000222e-02
1.023999999999999954e-03,4.250000000000000305e-02
1.034500000000000046e-03,4.218750000000000278e-02
1.044999999999999922e-03,4.250000000000000305e-02
1.055500000000000015e-03,4.312500000000000361e-02
1.065999999999999890e-03,4.375000000000000416e-02
1.076499999999999983e-03,4.375000000000000416e-02
1.087000000000000076e-03,4.375000000000000416e-02
1.097499999999999951e-03,4.406250000000000444e-02
1.108000000000000044e-03,4.437500000000000472e-02
1.118499999999999920e-03,4.437500000000000472e-02
1.129000000000000012e-03,4.437500000000000472e-02
1.139499999999999888e-03,4.468750000000000500e-02
1.149999999999999981e-03,4.500000000000000527e-02
1.160500000000000073e-03,4.500000000000000527e-02
1.170999999999999949e-03,4.531250000000000555e-02
1.181500000000000042e-03,4.500000000000000527e-02
1.191999999999999917e-03,4.531250000000000555e-02
1.202500000000000010e-03,4.500000000000000527e-02
1.212999999999999886e-03,4.500000000000000527e-02
1.223499999999999978e-03,4.500000000000000527e-02
1.234000000000000071e-03,4.500000000000000527e-02
1.244499999999999947e-03,4.437500000000000472e-02
1.255000000000000039e-03,4.375000000000000416e-02
1.265499999999999915e-03,4.406250000000000444e-02
1.276000000000000007e-03,4.343750000000000389e-02
1.286499999999999883e-03,4.343750000000000389e-02
1.296999999999999976e-03,4.343750000000000389e-02
1.307500000000000068e-03,4.343750000000000389e-02
1.317999999999999944e-03,4.343750000000000389e-02
1.328500000000000037e-03,4.343750000000000389e-02
1.338999999999999913e-03,4.375000000000000416e-02
1.349500000000000005e-03,4.343750000000000389e-02
1.359999999999999881e-03,4.375000000000000416e-02
1.370499999999999973e-03,4.375000000000000416e-02
1.381000000000000066e-03,4.375000000000000416e-02
1.391499999999999942e-03,4.343750000000000389e-02
1.402000000000000034e-03,4.343750000000000389e-02
1.412499999999999910e-03,4.281250000000000333e-02
1.423000000000000003e-03,4.250000000000000305e-02
1.433499999999999878e-03,4.156250000000000222e-02
1.443999999999999971e-03,4.062500000000000139e-02
1.454500000000000064e-03,4.000000000000000083e-02
1.464999999999999939e-03,3.875000000000000666e-02
1.475500000000000032e-03,3.750000000000000555e-02
1.485999999999999908e-03,3.625000000000000444e-02
1.496500000000000000e-03,3.531250000000000361e-02
1.506999999999999876e-03,3.437500000000000278e-02
1.517499999999999969e-03,3.375000000000000222e-02
1.528000000000000061e-03,3.281250000000000139e-02
1.538499999999999937e-03,3.250000000000000111e-02
1.549000000000000030e-03,3.218750000000000083e-02
1.559499999999999905e-03,3.156250000000000028e-02
1.569999999999999998e-03,3.187500000000000056e-02
1.580499999999999874e-03,3.156250000000000028e-02
1.590999999999999966e-03,3.187500000000000056e-02
1.601500000000000059e-03,3.218750000000000083e-02
1.611999999999999935e-03,3.281250000000000139e-02
1.622500000000000027e-03,3.312500000000000167e-02
1.632999999999999903e-03,3.375000000000000222e-02
1.643499999999999996e-03,3.437500000000000278e-02
1.653999999999999871e-03,3.437500000000000278e-02
1.664499999999999964e-03,3.562500000000000389e-02
1.675000000000000057e-03,3.625000000000000444e-02
1.685499999999999932e-03,3.656250000000000472e-02
1.696000000000000025e-03,3.718750000000000527e-02
1.706499999999999901e-03,3.750000000000000555e-02
1.716999999999999993e-03,3.781250000000000583e-02
1.727499999999999869e-03,3.812500000000000611e-02
1.737999999999999962e-03,3.843750000000000638e-02
1.748500000000000054e-03,3.843750000000000638e-02
1.758999999999999930e-03,3.843750000000000638e-02
1.769500000000000023e-03,3.843750000000000638e-02
1.779999999999999898e-03,3.843750000000000638e-02
1.790499999999999991e-03,3.812500000000000611e-02
1.800999999999999867e-03,3.750000000000000555e-02
1.811499999999999959e-03,3.718750000000000527e-02
1.822000000000000052e-03,3.625000000000000444e-02
1.832499999999999928e-03,3.562500000000000389e-02
1.843000000000000020e-03,3.437500000000000278e-02
1.853499999999999896e-03,3.375000000000000222e-02
1.863999999999999988e-03,3.281250000000000139e-02
1.874499999999999864e-03,3.156250000000000028e-02
1.884999999999999957e-03,3.031250000000000264e-02
1.895500000000000049e-03,2.906250000000000500e-02
1.905999999999999925e-03,2.875000000000000472e-02
1.916500000000000018e-03,2.718750000000000333e-02
1.926999999999999894e-03,2.625000000000000250e-02
1.937499999999999986e-03,2.531250000000000167e-02
1.947999999999999862e-03,2.500000000000000139e-02
1.958499999999999738e-03,2.437500000000000083e-02
1.968999999999999830e-03,2.437500000000000083e-02
1.979499999999999923e-03,2.437500000000000083e-02
1.990000000000000015e-03,2.437500000000000083e-02
2.000499999999999674e-03,2.500000000000000139e-02
2.010999999999999767e-03,2.562500000000000194e-02
2.021499999999999860e-03,2.593750000000000222e-02
2.031999999999999952e-03,2.718750000000000333e-02
2.042500000000000045e-03,2.750000000000000361e-02
2.052999999999999704e-03,2.906250000000000500e-02
2.063499999999999796e-03,3.000000000000000236e-02
2.073999999999999889e-03,3.093750000000000319e-02
2.084499999999999548e-03,3.187500000000000056e-02
2.094999999999999640e-03,3.250000000000000111e-02
2.105499999999999733e-03,3.343750000000000194e-02
2.115999999999999825e-03,3.437500000000000278e-02
2.126499999999999918e-03,3.531250000000000361e-02
2.136999999999999577e-03,3.562500000000000389e-02
2.147499999999999670e-03,3.656250000000000472e-02
2.157999999999999762e-03,3.687500000000000500e-02
2.168499999999999855e-03,3.781250000000000583e-02
2.178999999999999514e-03,3.812500000000000611e-02
2.189499999999999606e-03,3.843750000000000638e-02
2.199999999999999699e-03,3.875000000000000666e-02
2.210499999999999791e-03,3.875000000000000666e-02
2.220999999999999884e-03,3.906250000000000000e-02
2.231499999999999543e-03,3.875000000000000666e-02
2.241999999999999636e-03,3.875000000000000666e-02
2.252499999999999728e-03,3.843750000000000638e-02
2.262999999999999821e-03,3.812500000000000611e-02
2.273499999999999913e-03,3.750000000000000555e-02
2.283999999999999572e-03,3.687500000000000500e-02
2.294499999999999665e-03,3.656250000000000472e-02
2.304999999999999757e-03,3.531250000000000361e-02
2.315499999999999850e-03,3.437500000000000278e-02
2.325999999999999509e-03,3.406250000000000250e-02
2.336499999999999602e-03,3.312500000000000167e-02
2.346999999999999694e-03,3.281250000000000139e-02
2.357499999999999787e-03,3.218750000000000083e-02
2.367999999999999879e-03,3.218750000000000083e-02
2.378499999999999538e-03,3.187500000000000056e-02
2.388999999999999631e-03,3.218750000000000083e-02
2.399499999999999723e-03,3.218750000000000083e-02
2.409999999999999816e-03,3.250000000000000111e-02
2.420499999999999909e-03,3.312500000000000167e-02
2.430999999999999567e-03,3.375000000000000222e-02
2.441499999999999660e-03,3.468750000000000305e-02
2.451999999999999753e-03,3.531250000000000361e-02
2.462499999999999845e-03,3.593750000000000416e-02
2.472999999999999504e-03,3.656250000000000472e-02
2.483499999999999597e-03,3.718750000000000527e-02
2.493999999999999689e-03,3.781250000000000583e-02
2.504499999999999782e-03,3.843750000000000638e-02
2.514999999999999875e-03,3.875000000000000666e-02
2.525499999999999533e-03,3.906250000000000000e-02
2.535999999999999626e-03,3.968750000000000056e-02
2.546499999999999719e-03,3.968750000000000056e-02
2.556999999999999811e-03,4.062500000000000139e-02
2.567499999999999904e-03,4.062500000000000139e-02
2.577999999999999563e-03,4.125000000000000194e-02
2.588499999999999655e-03,4.156250000000000222e-02
2.598999999999999748e-03,4.156250000000000222e-02
2.609499999999999841e-03,4.187500000000000250e-02
2.619999999999999499e-03,4.187500000000000250e-02
2.630499999999999592e-03,4.187500000000000250e-02
2.640999999999999685e-03,4.218750000000000278e-02
2.651499999999999777e-03,4.187500000000000250e-02
2.661999999999999870e-03,4.187500000000000250e-02
2.672499999999999529e-03,4.125000000000000194e-02
2.682999999999999621e-03,4.031250000000000111e-02
2.693499999999999714e-03,4.000000000000000083e-02
2.703999999999999806e-03,3.937500000000000722e-02
2.714499999999999899e-03,3.812500000000000611e-02
2.724999999999999558e-03,3.750000000000000555e-02
2.735499999999999651e-03,3.656250000000000472e-02
2.745999999999999743e-03,3.562500000000000389e-02
2.756499999999999836e-03,3.437500000000000278e-02
2.766999999999999495e-03,3.312500000000000167e-02
2.777499999999999587e-03,3.281250000000000139e-02
2.787999999999999680e-03,3.187500000000000056e-02
2.798499999999999772e-03,3.125000000000000000e-02
2.808999999999999865e-03,3.125000000000000000e-02
2.819499999999999524e-03,3.062500000000000291e-02
2.829999999999999617e-03,3.062500000000000291e-02
2.840499999999999709e-03,3.093750000000000319e-02
2.850999999999999802e-03,3.093750000000000319e-02
2.861499999999999461e-03,3.156250000000000028e-02
2.871999999999999553e-03,3.187500000000000056e-02
2.882499999999999646e-03,3.250000000000000111e-02
2.892999999999999738e-03,3.281250000000000139e-02
2.903499999999999831e-03,3.375000000000000222e-02
2.913999999999999490e-03,3.406250000000000250e-02
2.924499999999999583e-03,3.500000000000000333e-02
2.934999999999999675e-03,3.562500000000000389e-02
2.945499999999999768e-03,3.593750000000000416e-02
2.955999999999999860e-03,3.656250000000000472e-02
2.966499999999999519e-03,3.750000000000000555e-02
2.976999999999999612e-03,3.812500000000000611e-02
2.987499999999999704e-03,3.843750000000000638e-02
2.997999999999999797e-03,3.875000000000000666e-02
3.008499999999999456e-03,3.937500000000000722e-02
3.018999999999999549e-03,3.937500000000000722e-02
3.029499999999999641e-03,3.937500000000000722e-02
3.039999999999999734e-03,3.968750000000000056e-02
3.050499999999999826e-03,3.937500000000000722e-02
3.060999999999999485e-03,3.906250000000000000e-02
3.071499999999999578e-03,3.875000000000000666e-02
3.081999999999999670e-03,3.843750000000000638e-02
3.092499999999999763e-03,3.750000000000000555e-02
3.102999999999999856e-03,3.718750000000000527e-02
3.113499999999999514e-03,3.593750000000000416e-02
3.123999999999999607e-03,3.500000000000000333e-02
3.134499999999999700e-03,3.406250000000000250e-02
3.144999999999999792e-03,3.281250000000000139e-02
3.155499999999999451e-03,3.125000000000000000e-02
3.165999999999999544e-03,3.031250000000000264e-02
3.176499999999999636e-03,2.843750000000000444e-02
3.186999999999999729e-03,2.750000000000000361e-02
3.197499999999999822e-03,2.593750000000000222e-02
3.207999999999999480e-03,2.468750000000000111e-02
3.218499999999999573e-03,2.375000000000000375e-02
3.228999999999999666e-03,2.312500000000000319e-02
3.239499999999999758e-03,2.250000000000000264e-02
3.249999999999999851e-03,2.187500000000000555e-02
3.260499999999999510e-03,2.125000000000000500e-02
3.270999999999999602e-03,2.093750000000000472e-02
3.281499999999999695e-03,2.125000000000000500e-02
3.291999999999999788e-03,2.156250000000000527e-02
3.302499999999999446e-03,2.187500000000000555e-02
3.312999999999999539e-03,2.250000000000000264e-02
3.323499999999999632e-03,2.343750000000000347e-02
3.333999999999999724e-03,2.375000000000000375e-02
3.344499999999999817e-03,2.468750000000000111e-02
3.354999999999999476e-03,2.562500000000000194e-02
3.365499999999999568e-03,2.656250000000000278e-02
3.375999999999999661e-03,2.750000000000000361e-02
3.386499999999999753e-03,2.843750000000000444e-02
3.396999999999999846e-03,2.937500000000000527e-02
3.407499999999999505e-03,3.062500000000000291e-02
3.417999999999999598e-03,3.062500000000000291e-02
3.428499999999999690e-03,3.156250000000000028e-02
3.438999999999999783e-03,3.187500000000000056e-02
3.449499999999999442e-03,3.187500000000000056e-02
3.459999999999999534e-03,3.187500000000000056e-02
3.470499999999999627e-03,3.187500000000000056e-02
3.480999999999999719e-03,3.187500000000000056e-02
3.491499999999999812e-03,3.093750000000000319e-02
3.501999999999999471e-03,3.031250000000000264e-02
3.512499999999999564e-03,2.937500000000000527e-02
3.522999999999999656e-03,2.875000000000000472e-02
3.533499999999999749e-03,2.718750000000000333e-02
3.543999999999999841e-03,2.625000000000000250e-02
3.554499999999999500e-03,2.437500000000000083e-02
3.564999999999999593e-03,2.343750000000000347e-02
3.575499999999999685e-03,2.218750000000000236e-02
3.585999999999999778e-03,2.093750000000000472e-02
3.596499999999999437e-03,1.937500000000000333e-02
3.606999999999999530e-03,1.843750000000000250e-02
3.617499999999999622e-03,1.750000000000000167e-02
3.627999999999999715e-03,1.625000000000000402e-02
3.638499999999999807e-03,1.562500000000000347e-02
3.648999999999999466e-03,1.500000000000000291e-02
3.659499999999999559e-03,1.437500000000000236e-02
3.669999999999999651e-03,1.343750000000000153e-02
3.680499999999999744e-03,1.312500000000000125e-02
3.690999999999999837e-03,1.250000000000000416e-02
3.701499999999999495e-03,1.250000000000000416e-02
3.711999999999999588e-03,1.281250000000000444e-02
3.722499999999999681e-03,1.250000000000000416e-02
3.732999999999999773e-03,1.312500000000000125e-02
3.743499999999999432e-03,1.343750000000000153e-02
3.753999999999999525e-03,1.437500000000000236e-02
3.764499999999999617e-03,1.531250000000000319e-02
3.774999999999999710e-03,1.593750000000000375e-02
3.785499999999999803e-03,1.718750000000000139e-02
3.795999999999999461e-03,1.750000000000000167e-02
3.806499999999999554e-03,1.875000000000000278e-02
3.816999999999999647e-03,1.968750000000000361e-02
3.827499999999999739e-03,2.093750000000000472e-02
3.837999999999999832e-03,2.187500000000000555e-02
3.848499999999999491e-03,2.281250000000000291e-02
3.858999999999999583e-03,2.312500000000000319e-02
3.869499999999999676e-03,2.375000000000000375e-02
3.879999999999999769e-03,2.375000000000000375e-02
3.890499999999999427e-03,2.375000000000000375e-02
3.900999999999999520e-03,2.375000000000000375e-02
3.911500000000000046e-03,2.343750000000000347e-02
3.922000000000000139e-03,2.250000000000000264e-02
3.932500000000000231e-03,2.218750000000000236e-02
3.942999999999999457e-03,2.156250000000000527e-02
3.953499999999999549e-03,2.062500000000000444e-02
3.963999999999999642e-03,1.906250000000000305e-02
3.974499999999999734e-03,1.875000000000000278e-02
3.984999999999999827e-03,1.687500000000000458e-02
3.995499999999999920e-03,1.656250000000000430e-02
4.006000000000000012e-03,1.500000000000000291e-02
4.016500000000000105e-03,1.437500000000000236e-02
4.027000000000000197e-03,1.343750000000000153e-02
4.037500000000000290e-03,1.250000000000000416e-02
4.048000000000000383e-03,1.156250000000000333e-02
4.058500000000000475e-03,1.125000000000000305e-02
4.068999999999999700e-03,1.062500000000000250e-02
4.079499999999999793e-03,9.687500000000001665e-03
4.089999999999999886e-03,9.062500000000001110e-03
4.100499999999999978e-03,8.750000000000004302e-03
4.111000000000000071e-03,8.437500000000004025e-03
4.121500000000000163e-03,8.125000000000003747e-03
4.132000000000000256e-03,7.812500000000003469e-03
4.142500000000000349e-03,7.812500000000003469e-03
4.153000000000000441e-03,7.812500000000003469e-03
4.163499999999999666e-03,8.125000000000003747e-03
4.173999999999999759e-03,8.437500000000004025e-03
4.184499999999999852e-03,8.750000000000004302e-03
4.194999999999999944e-03,9.687500000000001665e-03
4.205500000000000037e-03,1.000000000000000194e-02
4.216000000000000129e-03,1.093750000000000278e-02
4.226500000000000222e-03,1.125000000000000305e-02
4.237000000000000315e-03,1.156250000000000333e-02
4.247500000000000407e-03,1.250000000000000416e-02
4.257999999999999632e-03,1.312500000000000125e-02
4.268499999999999725e-03,1.343750000000000153e-02
4.278999999999999818e-03,1.375000000000000180e-02
4.289499999999999910e-03,1.406250000000000208e-02
4.300000000000000003e-03,1.406250000000000208e-02
4.310500000000000095e-03,1.406250000000000208e-02
4.321000000000000188e-03,1.375000000000000180e-02
4.331500000000000281e-03,1.312500000000000125e-02
4.342000000000000373e-03,1.281250000000000444e-02
4.352499999999999598e-03,1.218750000000000389e-02
4.362999999999999691e-03,1.156250000000000333e-02
4.373499999999999784e-03,1.062500000000000250e-02
4.383999999999999876e-03,1.031250000000000222e-02
4.394499999999999969e-03,9.375000000000001388e-03
4.405000000000000061e-03,9.375000000000001388e-03
4.415500000000000154e-03,8.750000000000004302e-03
4.426000000000000247e-03,8.437500000000004025e-03
4.436500000000000339e-03,7.812500000000003469e-03
4.447000000000000432e-03,7.500000000000003192e-03
4.457499999999999657e-03,7.500000000000003192e-03
4.467999999999999750e-03,6.875000000000002637e-03
4.478499999999999842e-03,7.187500000000002914e-03
4.488999999999999935e-03,6.562500000000002359e-03
4.499500000000000027e-03,6.562500000000002359e-03
4.510000000000000120e-03,5.937500000000001804e-03
4.520500000000000212e-03,5.937500000000001804e-03
4.531000000000000305e-03,5.625000000000001527e-03
4.541500000000000398e-03,5.625000000000001527e-03
4.551999999999999623e-03,5.312500000000001249e-03
4.562499999999999716e-03,5.000000000000004441e-03
4.572999999999999808e-03,5.000000000000004441e-03
4.583499999999999901e-03,4.687500000000004163e-03
4.593999999999999993e-03,5.000000000000004441e-03
4.604500000000000086e-03,5.000000000000004441e-03
4.615000000000000178e-03,5.312500000000001249e-03
4.625500000000000271e-03,5.937500000000001804e-03
4.636000000000000364e-03,5.937500000000001804e-03
4.646499999999999589e-03,6.250000000000002082e-03
4.656999999999999681e-03,7.187500000000002914e-03
4.667499999999999774e-03,7.500000000000003192e-03
4.677999999999999867e-03,8.125000000000003747e-03
4.688499999999999959e-03,8.750000000000004302e-03
4.699000000000000052e-03,8.750000000000004302e-03
4.709500000000000144e-03,8.750000000000004302e-03
4.720000000000000237e-03,9.062500000000001110e-03
4.730500000000000330e-03,9.062500000000001110e-03
4.741000000000000422e-03,9.062500000000001110e-03
4.751499999999999647e-03,8.750000000000004302e-03
4.761999999999999740e-03,8.750000000000004302e-03
4.772499999999999833e-03,8.125000000000003747e-03
4.782999999999999925e-03,7.500000000000003192e-03
4.793500000000000018e-03,7.500000000000003192e-03
4.804000000000000110e-03,6.875000000000002637e-03
4.814500000000000203e-03,6.562500000000002359e-03
4.825000000000000296e-03,6.562500000000002359e-03
4.835500000000000388e-03,5.937500000000001804e-03
4.845999999999999613e-03,5.937500000000001804e-03
4.856499999999999706e-03,5.625000000000001527e-03
4.866999999999999799e-03,5.937500000000001804e-03
4.877499999999999891e-03,5.937500000000001804e-03
4.887999999999999984e-03,6.250000000000002082e-03
4.898500000000000076e-03,5.937500000000001804e-03
4.909000000000000169e-03,6.250000000000002082e-03
4.919500000000000262e-03,6.250000000000002082e-03
4.930000000000000354e-03,5.937500000000001804e-03
4.940499999999999579e-03,5.937500000000001804e-03
4.950999999999999672e-03,5.625000000000001527e-03
4.961499999999999765e-03,5.625000000000001527e-03
4.971999999999999857e-03,5.312500000000001249e-03
4.982499999999999950e-03,5.312500000000001249e-03
4.993000000000000042e-03,5.000000000000004441e-03
5.003500000000000135e-03,4.687500000000004163e-03
5.014000000000000228e-03,4.687500000000004163e-03
5.024500000000000320e-03,4.687500000000004163e-03
5.035000000000000413e-03,4.375000000000003886e-03
5.045499999999999638e-03,4.687500000000004163e-03
5.055999999999999731e-03,5.000000000000004441e-03
5.066499999999999823e-03,5.312500000000001249e-03
5.076999999999999916e-03,5.625000000000001527e-03
5.087500000000000008e-03,5.625000000000001527e-03
5.098000000000000101e-03,5.937500000000001804e-03
5.108500000000000194e-03,6.250000000000002082e-03
5.119000000000000286e-03,6.875000000000002637e-03
5.129500000000000379e-03,6.875000000000002637e-03
5.139999999999999604e-03,6.875000000000002637e-03
5.150499999999999697e-03,6.875000000000002637e-03
5.160999999999999789e-03,6.562500000000002359e-03
5.171499999999999882e-03,6.250000000000002082e-03
5.181999999999999974e-03,6.250000000000002082e-03
5.192500000000000067e-03,5.937500000000001804e-03
5.203000000000000159e-03,5.625000000000001527e-03
5.213500000000000252e-03,5.312500000000001249e-03
5.224000000000000345e-03,5.000000000000004441e-03
5.234499999999999570e-03,5.000000000000004441e-03
5.244999999999999662e-03,4.687500000000004163e-03
5.255499999999999755e-03,4.687500000000004163e-03
5.265999999999999848e-03,5.000000000000004441e-03
5.276499999999999940e-03,5.312500000000001249e-03
5.287000000000000033e-03,5.312500000000001249e-03
5.297500000000000125e-03,5.625000000000001527e-03
5.308000000000000218e-03,5.937500000000001804e-03
5.318500000000000311e-03,6.250000000000002082e-03
5.329000000000000403e-03,6.875000000000002637e-03
5.339499999999999628e-03,7.187500000000002914e-03
5.349999999999999721e-03,6.875000000000002637e-03
5.360499999999999814e-03,7.187500000000002914e-03
5.370999999999999906e-03,7.500000000000003192e-03
5.381499999999999999e-03,7.187500000000002914e-03
5.392000000000000091e-03,7.187500000000002914e-03
5.402500000000000184e-03,6.875000000000002637e-03
5.413000000000000277e-03,6.562500000000002359e-03
5.423500000000000369e-03,6.250000000000002082e-03
5.433999999999999594e-03,5.625000000000001527e-03
5.444499999999999687e-03,5.625000000000001527e-03
5.454999999999999780e-03,5.312500000000001249e-03
5.465499999999999872e-03,5.000000000000004441e-03
5.475999999999999965e-03,5.000000000000004441e-03
5.486500000000000057e-03,5.000000000000004441e-03
5.497000000000000150e-03,5.000000000000004441e-03
5.507500000000000243e-03,5.000000000000004441e-03
5.518000000000000335e-03,5.000000000000004441e-03
5.528499999999999560e-03,5.312500000000001249e-03
5.538999999999999653e-03,4.687500000000004163e-03
5.549499999999999746e-03,5.000000000000004441e-03
5.559999999999999838e-03,4.687500000000004163e-03
5.570499999999999931e-03,4.687500000000004163e-03
5.581000000000000023e-03,4.375000000000003886e-03
5.591500000000000116e-03,4.062500000000003608e-03
5.602000000000000209e-03,4.062500000000003608e-03
5.612500000000000301e-03,3.750000000000003331e-03
5.622999999999999526e-03,4.062500000000003608e-03
5.633499999999999619e-03,4.062500000000003608e-03
5.643999999999999712e-03,4.062500000000003608e-03
5.654499999999999804e-03,4.062500000000003608e-03
5.664999999999999897e-03,4.375000000000003886e-03
5.675499999999999989e-03,4.687500000000004163e-03
5.686000000000000082e-03,5.312500000000001249e-03
5.696500000000000175e-03,5.937500000000001804e-03
5.707000000000000267e-03,6.562500000000002359e-03
5.717500000000000360e-03,7.500000000000003192e-03
5.727999999999999585e-03,8.125000000000003747e-03
5.738499999999999678e-03,9.062500000000001110e-03
5.748999999999999770e-03,1.000000000000000194e-02
5.759499999999999863e-03,1.062500000000000250e-02
5.769999999999999955e-03,1.156250000000000333e-02
5.780500000000000048e-03,1.156250000000000333e-02
5.791000000000000140e-03,1.156250000000000333e-02
5.801500000000000233e-03,1.218750000000000389e-02
5.812000000000000326e-03,1.187500000000000361e-02
5.822499999999999551e-03,1.156250000000000333e-02
5.832999999999999644e-03,1.156250000000000333e-02
5.843499999999999736e-03,1.093750000000000278e-02
5.853999999999999829e-03,1.062500000000000250e-02
5.864499999999999921e-03,1.000000000000000194e-02
5.875000000000000014e-03,9.375000000000001388e-03
5.885500000000000106e-03,8.750000000000004302e-03
5.896000000000000199e-03,8.437500000000004025e-03
5.906500000000000292e-03,7.812500000000003469e-03
5.916999999999999517e-03,7.500000000000003192e-03
5.927499999999999609e-03,7.187500000000002914e-03
5.937999999999999702e-03,6.875000000000002637e-03
5.948499999999999795e-03,6.250000000000002082e-03
5.958999999999999887e-03,5.937500000000001804e-03
5.969499999999999980e-03,5.625000000000001527e-03
5.980000000000000072e-03,5.312500000000001249e-03
5.990500000000000165e-03,5.312500000000001249e-03
6.001000000000000258e-03,5.312500000000001249e-03
6.011500000000000350e-03,5.000000000000004441e-03
6.021999999999999575e-03,4.687500000000004163e-03
6.032499999999999668e-03,4.687500000000004163e-03
6.042999999999999761e-03,5.000000000000004441e-03
6.053499999999999853e-03,5.000000000000004441e-03
6.063999999999999946e-03,5.625000000000001527e-03
6.074500000000000038e-03,5.937500000000001804e-03
6.085000000000000131e-03,7.187500000000002914e-03
6.095500000000000224e-03,7.812500000000003469e-03
6.106000000000000316e-03,9.375000000000001388e-03
6.116499999999999541e-03,1.062500000000000250e-02
6.126999999999999634e-03,1.156250000000000333e-02
6.137499999999999727e-03,1.281250000000000444e-02
6.147999999999999819e-03,1.406250000000000208e-02
6.158499999999999912e-03,1.531250000000000319e-02
6.169000000000000004e-03,1.718750000000000139e-02
6.179500000000000097e-03,1.750000000000000167e-02
6.190000000000000190e-03,1.937500000000000333e-02
6.200500000000000282e-03,2.000000000000000389e-02
6.210999999999999507e-03,2.062500000000000444e-02
6.221499999999999600e-03,2.125000000000000500e-02
6.231999999999999693e-03,2.156250000000000527e-02
6.242499999999999785e-03,2.156250000000000527e-02
6.252999999999999878e-03,2.156250000000000527e-02
6.263499999999999970e-03,2.125000000000000500e-02
6.274000000000000063e-03,2.093750000000000472e-02
6.284500000000000156e-03,1.968750000000000361e-02
6.295000000000000248e-03,1.906250000000000305e-02
6.305500000000000341e-03,1.843750000000000250e-02
6.315999999999999566e-03,1.781250000000000194e-02
6.326499999999999659e-03,1.656250000000000430e-02
6.336999999999999751e-03,1.562500000000000347e-02
6.347499999999999844e-03,1.437500000000000236e-02
6.357999999999999936e-03,1.375000000000000180e-02
6.368500000000000029e-03,1.312500000000000125e-02
6.379000000000000122e-03,1.187500000000000361e-02
6.389500000000000214e-03,1.187500000000000361e-02
6.400000000000000307e-03,1.125000000000000305e-02
6.410499999999999532e-03,1.031250000000000222e-02
6.420999999999999625e-03,9.687500000000001665e-03
6.431499999999999717e-03,9.687500000000001665e-03
6.441999999999999810e-03,9.375000000000001388e-03
6.452499999999999902e-03,9.687500000000001665e-03
6.462999999999999995e-03,9.687500000000001665e-03
6.473500000000000087e-03,1.000000000000000194e-02
6.484000000000000180e-03,1.062500000000000250e-02
6.494500000000000273e-03,1.093750000000000278e-02
6.504999999999999498e-03,1.156250000000000333e-02
6.515499999999999590e-03,1.218750000000000389e-02
6.525999999999999683e-03,1.312500000000000125e-02
6.536499999999999776e-03,1.437500000000000236e-02
6.546999999999999868e-03,1.531250000000000319e-02
6.557499999999999961e-03,1.656250000000000430e-02
6.568000000000000053e-03,1.812500000000000222e-02
6.578500000000000146e-03,1.968750000000000361e-02
6.589000000000000239e-03,2.062500000000000444e-02
6.599500000000000331e-03,2.218750000000000236e-02
6.609999999999999556e-03,2.312500000000000319e-02
6.620499999999999649e-03,2.343750000000000347e-02
6.630999999999999742e-03,2.437500000000000083e-02
6.641499999999999834e-03,2.468750000000000111e-02
6.651999999999999927e-03,2.531250000000000167e-02
6.662500000000000019e-03,2.531250000000000167e-02
6.673000000000000112e-03,2.531250000000000167e-02
6.683500000000000205e-03,2.468750000000000111e-02
6.694000000000000297e-03,2.468750000000000111e-02
6.704499999999999522e-03,2.375000000000000375e-02
6.714999999999999615e-03,2.312500000000000319e-02
6.725499999999999708e-03,2.187500000000000555e-02
6.735999999999999800e-03,2.125000000000000500e-02
6.746499999999999893e-03,2.000000000000000389e-02
6.756999999999999985e-03,1.906250000000000305e-02
6.767500000000000078e-03,1.781250000000000194e-02
6.778000000000000171e-03,1.718750000000000139e-02
6.788500000000000263e-03,1.593750000000000375e-02
6.798999999999999488e-03,1.468750000000000264e-02
6.809499999999999581e-03,1.375000000000000180e-02
6.819999999999999674e-03,1.343750000000000153e-02
6.830499999999999766e-03,1.281250000000000444e-02
6.840999999999999859e-03,1.281250000000000444e-02
6.851499999999999951e-03,1.218750000000000389e-02
6.862000000000000044e-03,1.218750000000000389e-02
6.872500000000000137e-03,1.218750000000000389e-02
6.883000000000000229e-03,1.250000000000000416e-02
6.893499999999999454e-03,1.281250000000000444e-02
6.903999999999999547e-03,1.312500000000000125e-02
6.914499999999999640e-03,1.406250000000000208e-02
6.924999999999999732e-03,1.531250000000000319e-02
6.935499999999999825e-03,1.625000000000000402e-02
6.945999999999999917e-03,1.781250000000000194e-02
6.956500000000000010e-03,1.843750000000000250e-02
6.967000000000000103e-03,2.000000000000000389e-02
6.977500000000000195e-03,2.156250000000000527e-02
6.988000000000000288e-03,2.312500000000000319e-02
6.998499999999999513e-03,2.437500000000000083e-02
7.008999999999999606e-03,2.625000000000000250e-02
7.019499999999999698e-03,2.750000000000000361e-02
7.029999999999999791e-03,2.843750000000000444e-02
7.040499999999999883e-03,2.968750000000000208e-02
7.050999999999999976e-03,3.062500000000000291e-02
7.061500000000000069e-03,3.125000000000000000e-02
7.072000000000000161e-03,3.218750000000000083e-02
7.082500000000000254e-03,3.312500000000000167e-02
7.092999999999999479e-03,3.375000000000000222e-02
7.103499999999999572e-03,3.406250000000000250e-02
7.113999999999999664e-03,3.375000000000000222e-02
7.124499999999999757e-03,3.375000000000000222e-02
7.134999999999999849e-03,3.312500000000000167e-02
7.145499999999999942e-03,3.281250000000000139e-02
7.156000000000000034e-03,3.218750000000000083e-02
7.166500000000000127e-03,3.093750000000000319e-02
7.177000000000000220e-03,3.031250000000000264e-02
7.187499999999999445e-03,2.906250000000000500e-02
7.197999999999999537e-03,2.843750000000000444e-02
7.208499999999999630e-03,2.750000000000000361e-02
7.218999999999999723e-03,2.656250000000000278e-02
7.229499999999999815e-03,2.531250000000000167e-02
7.239999999999999908e-03,2.500000000000000139e-02
7.250500000000000000e-03,2.437500000000000083e-02
7.261000000000000093e-03,2.375000000000000375e-02
7.271500000000000186e-03,2.406250000000000056e-02
7.282000000000000278e-03,2.375000000000000375e-02
7.292499999999999503e-03,2.406250000000000056e-02
7.302999999999999596e-03,2.437500000000000083e-02
7.313499999999999689e-03,2.468750000000000111e-02
7.323999999999999781e-03,2.531250000000000167e-02
7.334499999999999874e-03,2.593750000000000222e-02
7.344999999999999966e-03,2.687500000000000305e-02
7.355500000000000059e-03,2.781250000000000389e-02
7.366000000000000152e-03,2.875000000000000472e-02
7.376500000000000244e-03,3.031250000000000264e-02
7.386999999999999469e-03,3.125000000000000000e-02
7.397499999999999562e-03,3.218750000000000083e-02
7.407999999999999655e-03,3.312500000000000167e-02
7.418499999999999747e-03,3.406250000000000250e-02
7.428999999999999840e-03,3.531250000000000361e-02
7.439499999999999932e-03,3.625000000000000444e-02
7.450000000000000025e-03,3.687500000000000500e-02
7.460500000000000118e-03,3.781250000000000583e-02
7.471000000000000210e-03,3.843750000000000638e-02
7.481499999999999435e-03,3.875000000000000666e-02
7.491999999999999528e-03,3.937500000000000722e-02
7.502499999999999621e-03,3.937500000000000722e-02
7.512999999999999713e-03,4.000000000000000083e-02
7.523499999999999806e-03,4.000000000000000083e-02
7.533999999999999898e-03,4.062500000000000139e-02
7.544499999999999991e-03,4.062500000000000139e-02
7.555000000000000084e-03,4.062500000000000139e-02
7.565500000000000176e-03,4.062500000000000139e-02
7.576000000000000269e-03,4.062500000000000139e-02
7.586499999999999494e-03,4.062500000000000139e-02
7.596999999999999587e-03,3.968750000000000056e-02
7.607499999999999679e-03,3.968750000000000056e-02
7.617999999999999772e-03,3.906250000000000000e-02
7.628499999999999864e-03,3.843750000000000638e-02
7.638999999999999957e-03,3.750000000000000555e-02
7.649500000000000050e-03,3.718750000000000527e-02
7.660000000000000142e-03,3.687500000000000500e-02
7.670500000000000235e-03,3.625000000000000444e-02
7.680999999999999460e-03,3.593750000000000416e-02
7.691499999999999553e-03,3.562500000000000389e-02
7.701999999999999645e-03,3.562500000000000389e-02
7.712499999999999738e-03,3.562500000000000389e-02
7.722999999999999830e-03,3.593750000000000416e-02
7.733499999999999923e-03,3.562500000000000389e-02
7.744000000000000015e-03,3.625000000000000444e-02
7.754500000000000108e-03,3.687500000000000500e-02
7.765000000000000201e-03,3.718750000000000527e-02
7.775499999999999426e-03,3.781250000000000583e-02
7.785999999999999518e-03,3.843750000000000638e-02
7.796499999999999611e-03,3.906250000000000000e-02
7.806999999999999704e-03,3.968750000000000056e-02
7.817499999999999796e-03,4.031250000000000111e-02
7.827999999999999889e-03,4.062500000000000139e-02
7.838499999999999981e-03,4.093750000000000167e-02
7.849000000000000074e-03,4.125000000000000194e-02
7.859500000000000167e-03,4.125000000000000194e-02
7.870000000000000259e-03,4.156250000000000222e-02
7.880499999999998617e-03,4.156250000000000222e-02
7.890999999999998710e-03,4.187500000000000250e-02
7.901499999999998802e-03,4.218750000000000278e-02
7.911999999999998895e-03,4.281250000000000333e-02
7.922499999999998987e-03,4.281250000000000333e-02
7.932999999999999080e-03,4.312500000000000361e-02
7.943499999999999173e-03,4.312500000000000361e-02
7.953999999999999265e-03,4.375000000000000416e-02
7.964499999999999358e-03,4.375000000000000416e-02
7.974999999999999450e-03,4.406250000000000444e-02
7.985499999999999543e-03,4.375000000000000416e-02
7.995999999999999636e-03,4.375000000000000416e-02
8.006499999999999728e-03,4.343750000000000389e-02
8.016999999999999821e-03,4.312500000000000361e-02
8.027499999999998179e-03,4.281250000000000333e-02
8.037999999999998271e-03,4.250000000000000305e-02
8.048499999999998364e-03,4.187500000000000250e-02
8.058999999999998456e-03,4.093750000000000167e-02
8.069499999999998549e-03,4.062500000000000139e-02
8.079999999999998642e-03,3.968750000000000056e-02
8.090499999999998734e-03,3.937500000000000722e-02
8.100999999999998827e-03,3.937500000000000722e-02
8.111499999999998919e-03,3.875000000000000666e-02
8.121999999999999012e-03,3.875000000000000666e-02
8.132499999999999105e-03,3.843750000000000638e-02
8.142999999999999197e-03,3.843750000000000638e-02
8.153499999999999290e-03,3.875000000000000666e-02
8.163999999999999382e-03,3.906250000000000000e-02
8.174499999999999475e-03,3.968750000000000056e-02
8.184999999999999568e-03,3.968750000000000056e-02
8.195499999999999660e-03,4.031250000000000111e-02
8.205999999999999753e-03,4.093750000000000167e-02
8.216499999999998111e-03,4.125000000000000194e-02
8.226999999999998203e-03,4.156250000000000222e-02
8.237499999999998296e-03,4.187500000000000250e-02
8.247999999999998388e-03,4.218750000000000278e-02
8.258499999999998481e-03,4.218750000000000278e-02
8.268999999999998574e-03,4.281250000000000333e-02
8.279499999999998666e-03,4.281250000000000333e-02
8.289999999999998759e-03,4.281250000000000333e-02
8.300499999999998851e-03,4.312500000000000361e-02
8.310999999999998944e-03,4.312500000000000361e-02
8.321499999999999037e-03,4.343750000000000389e-02
8.331999999999999129e-03,4.343750000000000389e-02
8.342499999999999222e-03,4.343750000000000389e-02
8.352999999999999314e-03,4.406250000000000444e-02
8.363499999999999407e-03,4.375000000000000416e-02
8.373999999999999500e-03,4.375000000000000416e-02
8.384499999999999592e-03,4.437500000000000472e-02
8.394999999999999685e-03,4.437500000000000472e-02
8.405499999999999777e-03,4.406250000000000444e-02
8.415999999999998135e-03,4.406250000000000444e-02
8.426499999999998228e-03,4.406250000000000444e-02
8.436999999999998320e-03,4.375000000000000416e-02
8.447499999999998413e-03,4.312500000000000361e-02
8.457999999999998506e-03,4.312500000000000361e-02
8.468499999999998598e-03,4.187500000000000250e-02
8.478999999999998691e-03,4.125000000000000194e-02
8.489499999999998783e-03,4.125000000000000194e-02
8.499999999999998876e-03,4.031250000000000111e-02
8.510499999999998968e-03,4.031250000000000111e-02
8.520999999999999061e-03,4.031250000000000111e-02
8.531499999999999154e-03,4.000000000000000083e-02
8.541999999999999246e-03,4.031250000000000111e-02
8.552499999999999339e-03,4.031250000000000111e-02
8.562999999999999431e-03,4.031250000000000111e-02
8.573499999999999524e-03,4.031250000000000111e-02
8.583999999999999617e-03,4.062500000000000139e-02
8.594499999999999709e-03,4.093750000000000167e-02
8.604999999999998067e-03,4.125000000000000194e-02
8.615499999999998160e-03,4.156250000000000222e-02
8.625999999999998252e-03,4.156250000000000222e-02
8.636499999999998345e-03,4.218750000000000278e-02
8.646999999999998437e-03,4.218750000000000278e-02
8.657499999999998530e-03,4.250000000000000305e-02
8.667999999999998623e-03,4.281250000000000333e-02
8.678499999999998715e-03,4.250000000000000305e-02
8.688999999999998808e-03,4.250000000000000305e-02
8.699499999999998900e-03,4.250000000000000305e-02
8.709999999999998993e-03,4.281250000000000333e-02
8.720499999999999086e-03,4.250000000000000305e-02
8.730999999999999178e-03,4.218750000000000278e-02
8.741499999999999271e-03,4.187500000000000250e-02
8.751999999999999363e-03,4.187500000000000250e-02
8.762499999999999456e-03,4.218750000000000278e-02
8.772999999999999549e-03,4.218750000000000278e-02
8.783499999999999641e-03,4.187500000000000250e-02
8.793999999999999734e-03,4.250000000000000305e-02
8.804499999999998092e-03,4.281250000000000333e-02
8.814999999999998184e-03,4.281250000000000333e-02
8.825499999999998277e-03,4.312500000000000361e-02
8.835999999999998369e-03,4.343750000000000389e-02
8.846499999999998462e-03,4.375000000000000416e-02
8.856999999999998555e-03,4.375000000000000416e-02
8.867499999999998647e-03,4.375000000000000416e-02
8.877999999999998740e-03,4.406250000000000444e-02
8.888499999999998832e-03,4.375000000000000416e-02
8.898999999999998925e-03,4.375000000000000416e-02
8.909499999999999018e-03,4.375000000000000416e-02
8.919999999999999110e-03,4.343750000000000389e-02
8.930499999999999203e-03,4.312500000000000361e-02
8.940999999999999295e-03,4.343750000000000389e-02
8.951499999999999388e-03,4.312500000000000361e-02
8.961999999999999481e-03,4.343750000000000389e-02
8.972499999999999573e-03,4.312500000000000361e-02
8.982999999999999666e-03,4.343750000000000389e-02
8.993499999999999758e-03,4.406250000000000444e-02
9.003999999999998116e-03,4.343750000000000389e-02
9.014499999999998209e-03,4.343750000000000389e-02
9.024999999999998301e-03,4.343750000000000389e-02
9.035499999999998394e-03,4.375000000000000416e-02
9.045999999999998487e-03,4.312500000000000361e-02
9.056499999999998579e-03,4.312500000000000361e-02
9.066999999999998672e-03,4.250000000000000305e-02
9.077499999999998764e-03,4.218750000000000278e-02
9.087999999999998857e-03,4.156250000000000222e-02
9.098499999999998950e-03,4.031250000000000111e-02
9.108999999999999042e-03,3.906250000000000000e-02
9.119499999999999135e-03,3.812500000000000611e-02
9.129999999999999227e-03,3.687500000000000500e-02
9.140499999999999320e-03,3.562500000000000389e-02
9.150999999999999412e-03,3.437500000000000278e-02
9.161499999999999505e-03,3.343750000000000194e-02
9.171999999999999598e-03,3.250000000000000111e-02
9.182499999999999690e-03,3.187500000000000056e-02
9.192999999999998048e-03,3.093750000000000319e-02
9.203499999999998141e-03,3.031250000000000264e-02
9.213999999999998233e-03,2.968750000000000208e-02
9.224499999999998326e-03,2.906250000000000500e-02
9.234999999999998418e-03,2.906250000000000500e-02
9.245499999999998511e-03,2.937500000000000527e-02
9.255999999999998604e-03,2.937500000000000527e-02
9.266499999999998696e-03,2.968750000000000208e-02
9.276999999999998789e-03,3.000000000000000236e-02
9.287499999999998881e-03,3.031250000000000264e-02
9.297999999999998974e-03,3.093750000000000319e-02
9.308499999999999067e-03,3.156250000000000028e-02
9.318999999999999159e-03,3.187500000000000056e-02
9.329499999999999252e-03,3.250000000000000111e-02
9.339999999999999344e-03,3.312500000000000167e-02
9.350499999999999437e-03,3.375000000000000222e-02
9.360999999999999530e-03,3.406250000000000250e-02
9.371499999999999622e-03,3.406250000000000250e-02
9.381999999999999715e-03,3.437500000000000278e-02
9.392499999999998073e-03,3.437500000000000278e-02
9.402999999999998165e-03,3.406250000000000250e-02
9.413499999999998258e-03,3.406250000000000250e-02
9.423999999999998350e-03,3.312500000000000167e-02
9.434499999999998443e-03,3.281250000000000139e-02
9.444999999999998536e-03,3.250000000000000111e-02
9.455499999999998628e-03,3.125000000000000000e-02
9.465999999999998721e-03,3.000000000000000236e-02
9.476499999999998813e-03,2.875000000000000472e-02
9.486999999999998906e-03,2.750000000000000361e-02
9.497499999999998999e-03,2.593750000000000222e-02
9.507999999999999091e-03,2.406250000000000056e-02
9.518499999999999184e-03,2.343750000000000347e-02
9.528999999999999276e-03,2.218750000000000236e-02
9.539499999999999369e-03,2.062500000000000444e-02
9.549999999999999462e-03,1.906250000000000305e-02
9.560499999999999554e-03,1.750000000000000167e-02
9.570999999999999647e-03,1.687500000000000458e-02
9.581499999999998005e-03,1.562500000000000347e-02
9.591999999999998097e-03,1.468750000000000264e-02
9.602499999999998190e-03,1.343750000000000153e-02
9.612999999999998282e-03,1.281250000000000444e-02
9.623499999999998375e-03,1.187500000000000361e-02
9.633999999999998468e-03,1.125000000000000305e-02
9.644499999999998560e-03,1.062500000000000250e-02
9.654999999999998653e-03,1.031250000000000222e-02
9.665499999999998745e-03,9.687500000000001665e-03
9.675999999999998838e-03,9.687500000000001665e-03
9.686499999999998931e-03,1.000000000000000194e-02
9.696999999999999023e-03,1.000000000000000194e-02
9.707499999999999116e-03,1.031250000000000222e-02
9.717999999999999208e-03,1.093750000000000278e-02
9.728499999999999301e-03,1.125000000000000305e-02
9.738999999999999393e-03,1.156250000000000333e-02
9.749499999999999486e-03,1.281250000000000444e-02
9.759999999999999579e-03,1.343750000000000153e-02
9.770499999999999671e-03,1.406250000000000208e-02
9.780999999999998029e-03,1.500000000000000291e-02
9.791499999999998122e-03,1.562500000000000347e-02
9.801999999999998214e-03,1.656250000000000430e-02
9.812499999999998307e-03,1.718750000000000139e-02
9.822999999999998400e-03,1.718750000000000139e-02
9.833499999999998492e-03,1.781250000000000194e-02
9.843999999999998585e-03,1.750000000000000167e-02
9.854499999999998677e-03,1.718750000000000139e-02
9.864999999999998770e-03,1.750000000000000167e-02
9.875499999999998862e-03,1.718750000000000139e-02
9.885999999999998955e-03,1.656250000000000430e-02
9.896499999999999048e-03,1.593750000000000375e-02
9.906999999999999140e-03,1.531250000000000319e-02
9.917499999999999233e-03,1.437500000000000236e-02
9.927999999999999325e-03,1.343750000000000153e-02
9.938499999999999418e-03,1.312500000000000125e-02
9.948999999999999511e-03,1.218750000000000389e-02
9.959499999999999603e-03,1.125000000000000305e-02
9.969999999999999696e-03,1.062500000000000250e-02
9.980499999999998054e-03,1.031250000000000222e-02
9.990999999999998146e-03,9.375000000000001388e-03
1.000149999999999824e-02,8.750000000000004302e-03
1.001199999999999833e-02,8.750000000000004302e-03
1.002249999999999842e-02,7.812500000000003469e-03
1.003299999999999852e-02,7.187500000000002914e-03
1.004349999999999861e-02,6.875000000000002637e-03
1.005399999999999870e-02,6.875000000000002637e-03
1.006449999999999879e-02,6.562500000000002359e-03
1.007499999999999889e-02,6.875000000000002637e-03
1.008549999999999898e-02,6.562500000000002359e-03
1.009599999999999907e-02,7.187500000000002914e-03
1.010649999999999916e-02,7.500000000000003192e-03
1.011699999999999926e-02,7.812500000000003469e-03
1.012749999999999935e-02,8.750000000000004302e-03
1.013799999999999944e-02,9.375000000000001388e-03
1.014849999999999954e-02,1.062500000000000250e-02
1.015899999999999963e-02,1.187500000000000361e-02
1.016949999999999799e-02,1.250000000000000416e-02
1.017999999999999808e-02,1.406250000000000208e-02
1.019049999999999817e-02,1.562500000000000347e-02
1.020099999999999826e-02,1.687500000000000458e-02
1.021149999999999836e-02,1.781250000000000194e-02
1.022199999999999845e-02,1.843750000000000250e-02
1.023249999999999854e-02,1.937500000000000333e-02
1.024299999999999863e-02,1.968750000000000361e-02
1.025349999999999873e-02,2.031250000000000416e-02
1.026399999999999882e-02,2.093750000000000472e-02
1.027449999999999891e-02,2.093750000000000472e-02
1.028499999999999900e-02,2.093750000000000472e-02
1.029549999999999910e-02,2.062500000000000444e-02
1.030599999999999919e-02,2.062500000000000444e-02
1.031649999999999928e-02,2.031250000000000416e-02
1.032699999999999937e-02,1.968750000000000361e-02
1.033749999999999947e-02,1.937500000000000333e-02
1.034799999999999956e-02,1.812500000000000222e-02
1.035849999999999965e-02,1.718750000000000139e-02
1.036899999999999801e-02,1.656250000000000430e-02
1.037949999999999810e-02,1.562500000000000347e-02
1.038999999999999820e-02,1.437500000000000236e-02
1.040049999999999829e-02,1.375000000000000180e-02
1.041099999999999838e-02,1.312500000000000125e-02
1.042149999999999847e-02,1.250000000000000416e-02
1.043199999999999857e-02,1.156250000000000333e-02
1.044249999999999866e-02,1.062500000000000250e-02
1.045299999999999875e-02,1.031250000000000222e-02
1.046349999999999884e-02,9.687500000000001665e-03
1.047399999999999894e-02,9.375000000000001388e-03
1.048449999999999903e-02,8.750000000000004302e-03
1.049499999999999912e-02,8.750000000000004302e-03
1.050549999999999921e-02,8.437500000000004025e-03
1.051599999999999931e-02,8.750000000000004302e-03
1.052649999999999940e-02,8.437500000000004025e-03
1.053699999999999949e-02,9.062500000000001110e-03
1.054749999999999958e-02,9.687500000000001665e-03
1.055799999999999968e-02,1.031250000000000222e-02
1.056849999999999803e-02,1.125000000000000305e-02
1.057899999999999813e-02,1.218750000000000389e-02
1.058949999999999822e-02,1.281250000000000444e-02
1.059999999999999831e-02,1.375000000000000180e-02
1.061049999999999841e-02,1.468750000000000264e-02
1.062099999999999850e-02,1.562500000000000347e-02
1.063149999999999859e-02,1.625000000000000402e-02
1.064199999999999868e-02,1.718750000000000139e-02
1.065249999999999878e-02,1.781250000000000194e-02
1.066299999999999887e-02,1.812500000000000222e-02
1.067349999999999896e-02,1.875000000000000278e-02
1.068399999999999905e-02,1.843750000000000250e-02
1.069449999999999915e-02,1.843750000000000250e-02
1.070499999999999924e-02,1.812500000000000222e-02
1.071549999999999933e-02,1.781250000000000194e-02
1.072599999999999942e-02,1.750000000000000167e-02
1.073649999999999952e-02,1.625000000000000402e-02
1.074699999999999961e-02,1.625000000000000402e-02
1.075749999999999797e-02,1.531250000000000319e-02
1.076799999999999806e-02,1.406250000000000208e-02
1.077849999999999815e-02,1.343750000000000153e-02
1.078899999999999824e-02,1.218750000000000389e-02
1.079949999999999834e-02,1.187500000000000361e-02
1.080999999999999843e-02,1.125000000000000305e-02
1.082049999999999852e-02,1.000000000000000194e-02
1.083099999999999861e-02,9.687500000000001665e-03
1.084149999999999871e-02,9.375000000000001388e-03
1.085199999999999880e-02,9.062500000000001110e-03
1.086249999999999889e-02,8.750000000000004302e-03
1.087299999999999899e-02,8.125000000000003747e-03
1.088349999999999908e-02,7.812500000000003469e-03
1.089399999999999917e-02,7.500000000000003192e-03
1.090449999999999926e-02,6.875000000000002637e-03
1.091499999999999936e-02,6.875000000000002637e-03
1.092549999999999945e-02,6.562500000000002359e-03
1.093599999999999954e-02,6.562500000000002359e-03
1.094649999999999963e-02,5.937500000000001804e-03
1.095699999999999799e-02,5.625000000000001527e-03
1.096749999999999808e-02,5.625000000000001527e-03
1.097799999999999818e-02,5.312500000000001249e-03
1.098849999999999827e-02,5.312500000000001249e-03
1.099899999999999836e-02,5.312500000000001249e-03
1.100949999999999845e-02,5.312500000000001249e-03
1.101999999999999855e-02,5.625000000000001527e-03
1.103049999999999864e-02,5.625000000000001527e-03
1.104099999999999873e-02,5.625000000000001527e-03
1.105149999999999882e-02,5.937500000000001804e-03
1.106199999999999892e-02,5.937500000000001804e-03
1.107249999999999901e-02,6.250000000000002082e-03
1.108299999999999910e-02,5.937500000000001804e-03
1.109349999999999919e-02,5.625000000000001527e-03
1.110399999999999929e-02,5.937500000000001804e-03
1.111449999999999938e-02,5.625000000000001527e-03
1.112499999999999947e-02,5.312500000000001249e-03
1.113549999999999957e-02,5.000000000000004441e-03
1.114599999999999792e-02,5.000000000000004441e-03
1.115649999999999802e-02,4.375000000000003886e-03
1.116699999999999811e-02,4.375000000000003886e-03
1.117749999999999820e-02,4.375000000000003886e-03
1.118799999999999829e-02,4.375000000000003886e-03
1.119849999999999839e-02,4.687500000000004163e-03
1.120899999999999848e-02,5.312500000000001249e-03
1.121949999999999857e-02,5.625000000000001527e-03
1.122999999999999866e-02,6.562500000000002359e-03
1.124049999999999876e-02,7.187500000000002914e-03
1.125099999999999885e-02,8.125000000000003747e-03
1.126149999999999894e-02,9.062500000000001110e-03
1.127199999999999903e-02,1.000000000000000194e-02
1.128249999999999913e-02,1.125000000000000305e-02
1.129299999999999922e-02,1.187500000000000361e-02
1.130349999999999931e-02,1.218750000000000389e-02
1.131399999999999940e-02,1.312500000000000125e-02
1.132449999999999950e-02,1.312500000000000125e-02
1.133499999999999959e-02,1.375000000000000180e-02
1.134549999999999795e-02,1.375000000000000180e-02
1.135599999999999804e-02,1.312500000000000125e-02
1.136649999999999813e-02,1.312500000000000125e-02
1.137699999999999823e-02,1.250000000000000416e-02
1.138749999999999832e-02,1.156250000000000333e-02
1.139799999999999841e-02,1.093750000000000278e-02
1.140849999999999850e-02,1.031250000000000222e-02
1.141899999999999860e-02,9.687500000000001665e-03
1.142949999999999869e-02,9.687500000000001665e-03
1.143999999999999878e-02,8.750000000000004302e-03
1.145049999999999887e-02,8.125000000000003747e-03
1.146099999999999897e-02,8.125000000000003747e-03
1.147149999999999906e-02,7.500000000000003192e-03
1.148199999999999915e-02,7.500000000000003192e-03
1.149249999999999924e-02,7.187500000000002914e-03
1.150299999999999934e-02,6.562500000000002359e-03
1.151349999999999943e-02,6.562500000000002359e-03
1.152399999999999952e-02,5.937500000000001804e-03
1.153449999999999961e-02,5.625000000000001527e-03
1.154499999999999797e-02,5.625000000000001527e-03
1.155549999999999806e-02,5.000000000000004441e-03
1.156599999999999816e-02,5.000000000000004441e-03
1.157649999999999825e-02,4.687500000000004163e-03
1.158699999999999834e-02,4.375000000000003886e-03
1.159749999999999844e-02,4.062500000000003608e-03
1.160799999999999853e-02,4.375000000000003886e-03
1.161849999999999862e-02,5.000000000000004441e-03
1.162899999999999871e-02,4.687500000000004163e-03
1.163949999999999881e-02,5.000000000000004441e-03
1.164999999999999890e-02,5.625000000000001527e-03
1.166049999999999899e-02,6.250000000000002082e-03
1.167099999999999908e-02,6.562500000000002359e-03
1.168149999999999918e-02,7.187500000000002914e-03
1.169199999999999927e-02,7.812500000000003469e-03
1.170249999999999936e-02,8.750000000000004302e-03
1.171299999999999945e-02,9.062500000000001110e-03
1.172349999999999955e-02,9.375000000000001388e-03
1.173399999999999790e-02,9.375000000000001388e-03
1.174449999999999800e-02,9.687500000000001665e-03
1.175499999999999809e-02,9.375000000000001388e-03
1.176549999999999818e-02,9.375000000000001388e-03
1.177599999999999827e-02,9.375000000000001388e-03
1.178649999999999837e-02,8.750000000000004302e-03
1.179699999999999846e-02,8.750000000000004302e-03
1.180749999999999855e-02,8.125000000000003747e-03
1.181799999999999864e-02,7.500000000000003192e-03
1.182849999999999874e-02,7.187500000000002914e-03
1.183899999999999883e-02,6.875000000000002637e-03
1.184949999999999892e-02,6.562500000000002359e-03
1.185999999999999902e-02,5.937500000000001804e-03
1.187049999999999911e-02,5.937500000000001804e-03
1.188099999999999920e-02,5.625000000000001527e-03
1.189149999999999929e-02,5.937500000000001804e-03
1.190199999999999939e-02,5.625000000000001527e-03
1.191249999999999948e-02,5.625000000000001527e-03
1.192299999999999957e-02,5.937500000000001804e-03
1.193349999999999793e-02,5.312500000000001249e-03
1.194399999999999802e-02,5.312500000000001249e-03
1.195449999999999811e-02,5.312500000000001249e-03
1.196499999999999821e-02,5.000000000000004441e-03
1.197549999999999830e-02,4.687500000000004163e-03
1.198599999999999839e-02,4.687500000000004163e-03
1.199649999999999848e-02,4.375000000000003886e-03
1.200699999999999858e-02,4.062500000000003608e-03
1.201749999999999867e-02,4.062500000000003608e-03
1.202799999999999876e-02,4.062500000000003608e-03
1.203849999999999885e-02,4.062500000000003608e-03
1.204899999999999895e-02,4.375000000000003886e-03
1.205949999999999904e-02,4.687500000000004163e-03
1.206999999999999913e-02,5.000000000000004441e-03
1.208049999999999922e-02,5.625000000000001527e-03
1.209099999999999932e-02,6.562500000000002359e-03
1.210149999999999941e-02,6.875000000000002637e-03
1.211199999999999950e-02,8.125000000000003747e-03
1.212249999999999960e-02,9.062500000000001110e-03
1.213299999999999795e-02,1.000000000000000194e-02
1.214349999999999805e-02,1.000000000000000194e-02
1.215399999999999814e-02,1.093750000000000278e-02
1.216449999999999823e-02,1.156250000000000333e-02
1.217499999999999832e-02,1.156250000000000333e-02
1.218549999999999842e-02,1.218750000000000389e-02
1.219599999999999851e-02,1.250000000000000416e-02
1.220649999999999860e-02,1.218750000000000389e-02
1.221699999999999869e-02,1.218750000000000389e-02
1.222749999999999879e-02,1.156250000000000333e-02
1.223799999999999888e-02,1.125000000000000305e-02
1.224849999999999897e-02,1.062500000000000250e-02
1.225899999999999906e-02,1.031250000000000222e-02
1.226949999999999916e-02,9.375000000000001388e-03
1.227999999999999925e-02,9.062500000000001110e-03
1.229049999999999934e-02,8.437500000000004025e-03
1.230099999999999943e-02,8.125000000000003747e-03
1.231149999999999953e-02,7.500000000000003192e-03
1.232199999999999789e-02,7.187500000000002914e-03
1.233249999999999798e-02,6.875000000000002637e-03
1.234299999999999807e-02,6.562500000000002359e-03
1.235349999999999816e-02,5.937500000000001804e-03
1.236399999999999826e-02,5.937500000000001804e-03
1.237449999999999835e-02,5.937500000000001804e-03
1.238499999999999844e-02,5.625000000000001527e-03
1.239549999999999853e-02,5.312500000000001249e-03
1.240599999999999863e-02,5.000000000000004441e-03
1.241649999999999872e-02,5.312500000000001249e-03
1.242699999999999881e-02,5.312500000000001249e-03
1.243749999999999890e-02,5.625000000000001527e-03
1.244799999999999900e-02,6.250000000000002082e-03
1.245849999999999909e-02,6.562500000000002359e-03
1.246899999999999918e-02,7.500000000000003192e-03
1.247949999999999927e-02,8.125000000000003747e-03
1.248999999999999937e-02,9.687500000000001665e-03
1.250049999999999946e-02,1.093750000000000278e-02
1.251099999999999955e-02,1.156250000000000333e-02
1.252149999999999791e-02,1.343750000000000153e-02
1.253199999999999800e-02,1.531250000000000319e-02
1.254249999999999809e-02,1.625000000000000402e-02
1.255299999999999819e-02,1.718750000000000139e-02
1.256349999999999828e-02,1.937500000000000333e-02
1.257399999999999837e-02,2.000000000000000389e-02
1.258449999999999847e-02,2.125000000000000500e-02
1.259499999999999856e-02,2.187500000000000555e-02
1.260549999999999865e-02,2.250000000000000264e-02
1.261599999999999874e-02,2.312500000000000319e-02
1.262649999999999884e-02,2.343750000000000347e-02
1.263699999999999893e-02,2.312500000000000319e-02
1.264749999999999902e-02,2.281250000000000291e-02
1.265799999999999911e-02,2.218750000000000236e-02
1.266849999999999921e-02,2.218750000000000236e-02
1.267899999999999930e-02,2.125000000000000500e-02
1.268949999999999939e-02,2.062500000000000444e-02
1.269999999999999948e-02,2.031250000000000416e-02
1.271049999999999784e-02,1.906250000000000305e-02
1.272099999999999793e-02,1.812500000000000222e-02
1.273149999999999803e-02,1.781250000000000194e-02
1.274199999999999812e-02,1.718750000000000139e-02
1.275249999999999821e-02,1.625000000000000402e-02
1.276299999999999830e-02,1.562500000000000347e-02
1.277349999999999840e-02,1.500000000000000291e-02
1.278399999999999849e-02,1.468750000000000264e-02
1.279449999999999858e-02,1.406250000000000208e-02
1.280499999999999867e-02,1.437500000000000236e-02
1.281549999999999877e-02,1.406250000000000208e-02
1.282599999999999886e-02,1.468750000000000264e-02
1.283649999999999895e-02,1.468750000000000264e-02
1.284699999999999905e-02,1.531250000000000319e-02
1.285749999999999914e-02,1.562500000000000347e-02
1.286799999999999923e-02,1.687500000000000458e-02
1.287849999999999932e-02,1.781250000000000194e-02
1.288899999999999942e-02,1.968750000000000361e-02
1.289949999999999951e-02,2.093750000000000472e-02
1.290999999999999787e-02,2.218750000000000236e-02
1.292049999999999796e-02,2.375000000000000375e-02
1.293099999999999805e-02,2.500000000000000139e-02
1.294149999999999814e-02,2.656250000000000278e-02
1.295199999999999824e-02,2.812500000000000416e-02
1.296249999999999833e-02,2.906250000000000500e-02
1.297299999999999842e-02,3.062500000000000291e-02
1.298349999999999851e-02,3.218750000000000083e-02
1.299399999999999861e-02,3.312500000000000167e-02
1.300449999999999870e-02,3.437500000000000278e-02
1.301499999999999879e-02,3.468750000000000305e-02
1.302549999999999888e-02,3.625000000000000444e-02
1.303599999999999898e-02,3.687500000000000500e-02
1.304649999999999907e-02,3.750000000000000555e-02
1.305699999999999916e-02,3.781250000000000583e-02
1.306749999999999926e-02,3.812500000000000611e-02
1.307799999999999935e-02,3.843750000000000638e-02
1.308849999999999944e-02,3.781250000000000583e-02
1.309899999999999953e-02,3.718750000000000527e-02
1.310949999999999789e-02,3.687500000000000500e-02
1.311999999999999798e-02,3.625000000000000444e-02
1.313049999999999808e-02,3.468750000000000305e-02
1.314099999999999817e-02,3.375000000000000222e-02
1.315149999999999826e-02,3.281250000000000139e-02
1.316199999999999835e-02,3.187500000000000056e-02
1.317249999999999845e-02,3.062500000000000291e-02
1.318299999999999854e-02,3.000000000000000236e-02
1.319349999999999863e-02,2.875000000000000472e-02
1.320399999999999872e-02,2.812500000000000416e-02
1.321449999999999882e-02,2.718750000000000333e-02
1.322499999999999891e-02,2.687500000000000305e-02
1.323549999999999900e-02,2.625000000000000250e-02
1.324599999999999909e-02,2.625000000000000250e-02
1.325649999999999919e-02,2.625000000000000250e-02
1.326699999999999928e-02,2.625000000000000250e-02
1.327749999999999937e-02,2.656250000000000278e-02
1.328799999999999946e-02,2.718750000000000333e-02
1.329849999999999782e-02,2.718750000000000333e-02
1.330899999999999792e-02,2.781250000000000389e-02
1.331949999999999801e-02,2.906250000000000500e-02
1.332999999999999810e-02,3.000000000000000236e-02
1.334049999999999819e-02,3.062500000000000291e-02
1.335099999999999829e-02,3.125000000000000000e-02
1.336149999999999838e-02,3.218750000000000083e-02
1.337199999999999847e-02,3.312500000000000167e-02
1.338249999999999856e-02,3.406250000000000250e-02
1.339299999999999866e-02,3.468750000000000305e-02
1.340349999999999875e-02,3.562500000000000389e-02
1.341399999999999884e-02,3.625000000000000444e-02
1.342449999999999893e-02,3.718750000000000527e-02
1.343499999999999903e-02,3.781250000000000583e-02
1.344549999999999912e-02,3.812500000000000611e-02
1.345599999999999921e-02,3.843750000000000638e-02
1.346649999999999930e-02,3.875000000000000666e-02
1.347699999999999940e-02,3.906250000000000000e-02
1.348749999999999949e-02,3.906250000000000000e-02
1.349799999999999785e-02,3.812500000000000611e-02
1.350849999999999794e-02,3.843750000000000638e-02
1.351899999999999803e-02,3.750000000000000555e-02
1.352949999999999812e-02,3.718750000000000527e-02
1.353999999999999822e-02,3.625000000000000444e-02
1.355049999999999831e-02,3.531250000000000361e-02
1.356099999999999840e-02,3.437500000000000278e-02
1.357149999999999850e-02,3.312500000000000167e-02
1.358199999999999859e-02,3.218750000000000083e-02
1.359249999999999868e-02,3.125000000000000000e-02
1.360299999999999877e-02,3.062500000000000291e-02
1.361349999999999887e-02,2.968750000000000208e-02
1.362399999999999896e-02,2.875000000000000472e-02
1.363449999999999905e-02,2.812500000000000416e-02
1.364499999999999914e-02,2.781250000000000389e-02
1.365549999999999924e-02,2.750000000000000361e-02
1.366599999999999933e-02,2.750000000000000361e-02
1.367649999999999942e-02,2.718750000000000333e-02
1.368699999999999778e-02,2.750000000000000361e-02
1.369749999999999787e-02,2.812500000000000416e-02
1.370799999999999796e-02,2.843750000000000444e-02
1.371849999999999806e-02,2.875000000000000472e-02
1.372899999999999815e-02,2.937500000000000527e-02
1.373949999999999824e-02,3.062500000000000291e-02
1.374999999999999833e-02,3.156250000000000028e-02
1.376049999999999843e-02,3.218750000000000083e-02
1.377099999999999852e-02,3.406250000000000250e-02
1.378149999999999861e-02,3.437500000000000278e-02
1.379199999999999871e-02,3.531250000000000361e-02
1.380249999999999880e-02,3.625000000000000444e-02
1.381299999999999889e-02,3.750000000000000555e-02
1.382349999999999898e-02,3.812500000000000611e-02
1.383399999999999908e-02,3.937500000000000722e-02
1.384449999999999917e-02,3.968750000000000056e-02
1.385499999999999926e-02,4.031250000000000111e-02
1.386549999999999935e-02,4.093750000000000167e-02
1.387599999999999945e-02,4.156250000000000222e-02
1.388649999999999780e-02,4.187500000000000250e-02
1.389699999999999790e-02,4.218750000000000278e-02
1.390749999999999799e-02,4.250000000000000305e-02
1.391799999999999808e-02,4.281250000000000333e-02
1.392849999999999817e-02,4.281250000000000333e-02
1.393899999999999827e-02,4.218750000000000278e-02
1.394949999999999836e-02,4.187500000000000250e-02
1.395999999999999845e-02,4.187500000000000250e-02
1.397049999999999854e-02,4.125000000000000194e-02
1.398099999999999864e-02,4.031250000000000111e-02
1.399149999999999873e-02,3.937500000000000722e-02
1.400199999999999882e-02,3.812500000000000611e-02
1.401249999999999891e-02,3.750000000000000555e-02
1.402299999999999901e-02,3.656250000000000472e-02
1.403349999999999910e-02,3.593750000000000416e-02
1.404399999999999919e-02,3.437500000000000278e-02
1.405449999999999929e-02,3.406250000000000250e-02
1.406499999999999938e-02,3.343750000000000194e-02
1.407549999999999947e-02,3.312500000000000167e-02
1.408599999999999783e-02,3.281250000000000139e-02
1.409649999999999792e-02,3.281250000000000139e-02
1.410699999999999801e-02,3.281250000000000139e-02
1.411749999999999811e-02,3.281250000000000139e-02
1.412799999999999820e-02,3.312500000000000167e-02
1.413849999999999829e-02,3.375000000000000222e-02
1.414899999999999838e-02,3.437500000000000278e-02
1.415949999999999848e-02,3.468750000000000305e-02
1.416999999999999857e-02,3.562500000000000389e-02
1.418049999999999866e-02,3.625000000000000444e-02
1.419099999999999875e-02,3.718750000000000527e-02
1.420149999999999885e-02,3.812500000000000611e-02
1.421199999999999894e-02,3.875000000000000666e-02
1.422249999999999903e-02,3.937500000000000722e-02
1.423299999999999912e-02,3.937500000000000722e-02
1.424349999999999922e-02,4.031250000000000111e-02
1.425399999999999931e-02,4.093750000000000167e-02
1.426449999999999940e-02,4.093750000000000167e-02
1.427499999999999776e-02,4.156250000000000222e-02
1.428549999999999785e-02,4.218750000000000278e-02
1.429599999999999795e-02,4.218750000000000278e-02
1.430649999999999804e-02,4.250000000000000305e-02
1.431699999999999813e-02,4.281250000000000333e-02
1.432749999999999822e-02,4.281250000000000333e-02
1.433799999999999832e-02,4.281250000000000333e-02
1.434849999999999841e-02,4.312500000000000361e-02
1.435899999999999850e-02,4.312500000000000361e-02
1.436949999999999859e-02,4.281250000000000333e-02
1.437999999999999869e-02,4.218750000000000278e-02
1.439049999999999878e-02,4.156250000000000222e-02
1.440099999999999887e-02,4.125000000000000194e-02
1.441149999999999896e-02,4.093750000000000167e-02
1.442199999999999906e-02,3.968750000000000056e-02
1.443249999999999915e-02,3.937500000000000722e-02
1.444299999999999924e-02,3.843750000000000638e-02
1.445349999999999933e-02,3.781250000000000583e-02
1.446399999999999943e-02,3.718750000000000527e-02
1.447449999999999778e-02,3.625000000000000444e-02
1.448499999999999788e-02,3.625000000000000444e-02
1.449549999999999797e-02,3.562500000000000389e-02
1.450599999999999806e-02,3.531250000000000361e-02
1.451649999999999816e-02,3.531250000000000361e-02
1.452699999999999825e-02,3.562500000000000389e-02
1.453749999999999834e-02,3.562500000000000389e-02
1.454799999999999843e-02,3.625000000000000444e-02
1.455849999999999853e-02,3.656250000000000472e-02
1.456899999999999862e-02,3.718750000000000527e-02
1.457949999999999871e-02,3.750000000000000555e-02
1.458999999999999880e-02,3.812500000000000611e-02
1.460049999999999890e-02,3.875000000000000666e-02
1.461099999999999899e-02,3.937500000000000722e-02
1.462149999999999908e-02,4.000000000000000083e-02
1.463199999999999917e-02,4.062500000000000139e-02
1.464249999999999927e-02,4.125000000000000194e-02
1.465299999999999936e-02,4.156250000000000222e-02
1.466349999999999945e-02,4.156250000000000222e-02
1.467399999999999781e-02,4.187500000000000250e-02
1.468449999999999790e-02,4.187500000000000250e-02
1.469499999999999799e-02,4.218750000000000278e-02
1.470549999999999809e-02,4.250000000000000305e-02
1.471599999999999818e-02,4.281250000000000333e-02
1.472649999999999827e-02,4.312500000000000361e-02
1.473699999999999836e-02,4.312500000000000361e-02
1.474749999999999846e-02,4.281250000000000333e-02
1.475799999999999855e-02,4.343750000000000389e-02
1.476849999999999864e-02,4.406250000000000444e-02
1.477899999999999874e-02,4.406250000000000444e-02
1.478949999999999883e-02,4.406250000000000444e-02
1.479999999999999892e-02,4.406250000000000444e-02
1.481049999999999901e-02,4.343750000000000389e-02
1.482099999999999911e-02,4.406250000000000444e-02
1.483149999999999920e-02,4.375000000000000416e-02
1.484199999999999929e-02,4.312500000000000361e-02
1.485249999999999938e-02,4.312500000000000361e-02
1.486299999999999774e-02,4.281250000000000333e-02
1.487349999999999783e-02,4.187500000000000250e-02
1.488399999999999793e-02,4.187500000000000250e-02
1.489449999999999802e-02,4.156250000000000222e-02
1.490499999999999811e-02,4.125000000000000194e-02
1.491549999999999820e-02,4.125000000000000194e-02
1.492599999999999830e-02,4.093750000000000167e-02
1.493649999999999839e-02,4.062500000000000139e-02
1.494699999999999848e-02,4.062500000000000139e-02
1.495749999999999857e-02,4.093750000000000167e-02
1.496799999999999867e-02,4.125000000000000194e-02
1.497849999999999876e-02,4.156250000000000222e-02
1.498899999999999885e-02,4.187500000000000250e-02
1.499949999999999894e-02,4.218750000000000278e-02
1.500999999999999904e-02,4.218750000000000278e-02
1.502049999999999913e-02,4.281250000000000333e-02
1.503099999999999922e-02,4.281250000000000333e-02
1.504149999999999932e-02,4.343750000000000389e-02
1.505199999999999941e-02,4.343750000000000389e-02
1.506249999999999777e-02,4.343750000000000389e-02
1.507299999999999786e-02,4.375000000000000416e-02
1.508349999999999795e-02,4.406250000000000444e-02
1.509399999999999804e-02,4.375000000000000416e-02
1.510449999999999814e-02,4.375000000000000416e-02
1.511499999999999823e-02,4.406250000000000444e-02
1.512549999999999832e-02,4.406250000000000444e-02
1.513599999999999841e-02,4.375000000000000416e-02
1.514649999999999851e-02,4.375000000000000416e-02
1.515699999999999860e-02,4.406250000000000444e-02
1.516749999999999869e-02,4.375000000000000416e-02
1.517799999999999878e-02,4.406250000000000444e-02
1.518849999999999888e-02,4.437500000000000472e-02
1.519899999999999897e-02,4.468750000000000500e-02
1.520949999999999906e-02,4.468750000000000500e-02
1.521999999999999915e-02,4.437500000000000472e-02
1.523049999999999925e-02,4.468750000000000500e-02
1.524099999999999934e-02,4.437500000000000472e-02
1.525149999999999770e-02,4.406250000000000444e-02
1.526199999999999779e-02,4.343750000000000389e-02
1.527249999999999788e-02,4.312500000000000361e-02
1.528299999999999798e-02,4.281250000000000333e-02
1.529349999999999807e-02,4.218750000000000278e-02
1.530399999999999816e-02,4.187500000000000250e-02
1.531449999999999825e-02,4.187500000000000250e-02
1.532499999999999835e-02,4.156250000000000222e-02
1.533549999999999844e-02,4.093750000000000167e-02
1.534599999999999853e-02,4.093750000000000167e-02
1.535649999999999862e-02,4.093750000000000167e-02
1.536699999999999872e-02,4.093750000000000167e-02
1.537749999999999881e-02,4.125000000000000194e-02
1.538799999999999890e-02,4.156250000000000222e-02
1.539849999999999899e-02,4.125000000000000194e-02
1.540899999999999909e-02,4.187500000000000250e-02
1.541949999999999918e-02,4.187500000000000250e-02
1.542999999999999927e-02,4.250000000000000305e-02
1.544049999999999936e-02,4.281250000000000333e-02
1.545099999999999772e-02,4.281250000000000333e-02
1.546149999999999781e-02,4.312500000000000361e-02
1.547199999999999791e-02,4.343750000000000389e-02
1.548249999999999800e-02,4.343750000000000389e-02
1.549299999999999809e-02,4.343750000000000389e-02
1.550349999999999819e-02,4.312500000000000361e-02
1.551399999999999828e-02,4.281250000000000333e-02
1.552449999999999837e-02,4.250000000000000305e-02
1.553499999999999846e-02,4.250000000000000305e-02
1.554549999999999856e-02,4.250000000000000305e-02
1.555599999999999865e-02,4.218750000000000278e-02
1.556649999999999874e-02,4.156250000000000222e-02
1.557699999999999883e-02,4.156250000000000222e-02
1.558749999999999893e-02,4.156250000000000222e-02
1.559799999999999902e-02,4.187500000000000250e-02
1.560849999999999911e-02,4.187500000000000250e-02
1.561899999999999920e-02,4.218750000000000278e-02
1.562950000000000103e-02,4.250000000000000305e-02
1.564000000000000112e-02,4.281250000000000333e-02
1.565049999999999775e-02,4.312500000000000361e-02
1.566099999999999784e-02,4.312500000000000361e-02
1.567149999999999793e-02,4.312500000000000361e-02
1.568199999999999802e-02,4.312500000000000361e-02
1.569249999999999812e-02,4.312500000000000361e-02
1.570299999999999821e-02,4.343750000000000389e-02
1.571349999999999830e-02,4.312500000000000361e-02
1.572399999999999839e-02,4.312500000000000361e-02
1.573449999999999849e-02,4.312500000000000361e-02
1.574499999999999858e-02,4.250000000000000305e-02
1.575549999999999867e-02,4.250000000000000305e-02
1.576599999999999877e-02,4.250000000000000305e-02
1.577649999999999886e-02,4.250000000000000305e-02
1.578699999999999895e-02,4.281250000000000333e-02
1.579749999999999904e-02,4.250000000000000305e-02
1.580799999999999914e-02,4.250000000000000305e-02
1.581849999999999923e-02,4.281250000000000333e-02
1.582899999999999932e-02,4.312500000000000361e-02
1.583949999999999941e-02,4.343750000000000389e-02
1.584999999999999951e-02,4.343750000000000389e-02
1.586049999999999960e-02,4.343750000000000389e-02
1.587099999999999969e-02,4.375000000000000416e-02
1.588149999999999978e-02,4.375000000000000416e-02
1.589199999999999988e-02,4.375000000000000416e-02
1.590249999999999997e-02,4.343750000000000389e-02
1.591300000000000006e-02,4.343750000000000389e-02
1.592350000000000015e-02,4.281250000000000333e-02
1.593400000000000025e-02,4.218750000000000278e-02
1.594449999999999687e-02,4.187500000000000250e-02
1.595499999999999696e-02,4.156250000000000222e-02
1.596549999999999706e-02,4.093750000000000167e-02
1.597599999999999715e-02,4.062500000000000139e-02
1.598649999999999724e-02,4.062500000000000139e-02
1.599699999999999733e-02,4.000000000000000083e-02
1.600749999999999743e-02,4.000000000000000083e-02
1.601799999999999752e-02,3.968750000000000056e-02
1.602849999999999761e-02,4.031250000000000111e-02
1.603899999999999770e-02,4.031250000000000111e-02
1.604949999999999780e-02,4.062500000000000139e-02
1.605999999999999789e-02,4.093750000000000167e-02
1.607049999999999798e-02,4.125000000000000194e-02
1.608099999999999807e-02,4.125000000000000194e-02
1.609149999999999817e-02,4.187500000000000250e-02
1.610199999999999826e-02,4.187500000000000250e-02
1.611249999999999835e-02,4.218750000000000278e-02
1.612299999999999844e-02,4.218750000000000278e-02
1.613349999999999854e-02,4.218750000000000278e-02
1.614399999999999863e-02,4.187500000000000250e-02
1.615449999999999872e-02,4.218750000000000278e-02
1.616499999999999881e-02,4.187500000000000250e-02
1.617549999999999891e-02,4.187500000000000250e-02
1.618599999999999900e-02,4.250000000000000305e-02
1.619649999999999909e-02,4.250000000000000305e-02
1.620699999999999918e-02,4.250000000000000305e-02
1.621749999999999928e-02,4.250000000000000305e-02
1.622799999999999937e-02,4.312500000000000361e-02
1.623849999999999946e-02,4.312500000000000361e-02
1.624899999999999956e-02,4.343750000000000389e-02
1.625949999999999965e-02,4.375000000000000416e-02
1.626999999999999974e-02,4.343750000000000389e-02
1.628049999999999983e-02,4.375000000000000416e-02
1.629099999999999993e-02,4.375000000000000416e-02
1.630150000000000002e-02,4.343750000000000389e-02
1.631200000000000011e-02,4.343750000000000389e-02
1.632250000000000020e-02,4.281250000000000333e-02
1.633299999999999683e-02,4.218750000000000278e-02
1.634349999999999692e-02,4.156250000000000222e-02
1.635399999999999701e-02,4.062500000000000139e-02
1.636449999999999710e-02,4.031250000000000111e-02
1.637499999999999720e-02,3.937500000000000722e-02
1.638549999999999729e-02,3.812500000000000611e-02
1.639599999999999738e-02,3.750000000000000555e-02
1.640649999999999747e-02,3.687500000000000500e-02
1.641699999999999757e-02,3.625000000000000444e-02
1.642749999999999766e-02,3.593750000000000416e-02
1.643799999999999775e-02,3.531250000000000361e-02
1.644849999999999784e-02,3.531250000000000361e-02
1.645899999999999794e-02,3.531250000000000361e-02
1.646949999999999803e-02,3.531250000000000361e-02
1.647999999999999812e-02,3.562500000000000389e-02
1.649049999999999822e-02,3.593750000000000416e-02
1.650099999999999831e-02,3.625000000000000444e-02
1.651149999999999840e-02,3.687500000000000500e-02
1.652199999999999849e-02,3.687500000000000500e-02
1.653249999999999859e-02,3.781250000000000583e-02
1.654299999999999868e-02,3.812500000000000611e-02
1.655349999999999877e-02,3.875000000000000666e-02
1.656399999999999886e-02,3.937500000000000722e-02
1.657449999999999896e-02,3.968750000000000056e-02
1.658499999999999905e-02,4.031250000000000111e-02
1.659549999999999914e-02,4.062500000000000139e-02
1.660599999999999923e-02,4.093750000000000167e-02
1.661649999999999933e-02,4.125000000000000194e-02
1.662699999999999942e-02,4.187500000000000250e-02
1.663749999999999951e-02,4.218750000000000278e-02
1.664799999999999960e-02,4.187500000000000250e-02
1.665849999999999970e-02,4.218750000000000278e-02
1.666899999999999979e-02,4.218750000000000278e-02
1.667949999999999988e-02,4.187500000000000250e-02
1.668999999999999997e-02,4.156250000000000222e-02
1.670050000000000007e-02,4.125000000000000194e-02
1.671100000000000016e-02,4.093750000000000167e-02
1.672149999999999678e-02,4.031250000000000111e-02
1.673199999999999688e-02,3.937500000000000722e-02
1.674249999999999697e-02,3.843750000000000638e-02
1.675299999999999706e-02,3.750000000000000555e-02
1.676349999999999715e-02,3.625000000000000444e-02
1.677399999999999725e-02,3.468750000000000305e-02
1.678449999999999734e-02,3.375000000000000222e-02
1.679499999999999743e-02,3.187500000000000056e-02
1.680549999999999752e-02,3.093750000000000319e-02
1.681599999999999762e-02,3.031250000000000264e-02
1.682649999999999771e-02,2.875000000000000472e-02
1.683699999999999780e-02,2.843750000000000444e-02
1.684749999999999789e-02,2.687500000000000305e-02
1.685799999999999799e-02,2.656250000000000278e-02
1.686849999999999808e-02,2.656250000000000278e-02
1.687899999999999817e-02,2.593750000000000222e-02
1.688949999999999826e-02,2.625000000000000250e-02
1.689999999999999836e-02,2.625000000000000250e-02
1.691049999999999845e-02,2.687500000000000305e-02
1.692099999999999854e-02,2.750000000000000361e-02
1.693149999999999863e-02,2.843750000000000444e-02
1.694199999999999873e-02,2.843750000000000444e-02
1.695249999999999882e-02,2.968750000000000208e-02
1.696299999999999891e-02,3.062500000000000291e-02
1.697349999999999901e-02,3.125000000000000000e-02
1.698399999999999910e-02,3.218750000000000083e-02
1.699449999999999919e-02,3.312500000000000167e-02
1.700499999999999928e-02,3.437500000000000278e-02
1.701549999999999938e-02,3.531250000000000361e-02
1.702599999999999947e-02,3.593750000000000416e-02
1.703649999999999956e-02,3.656250000000000472e-02
1.704699999999999965e-02,3.687500000000000500e-02
1.705749999999999975e-02,3.750000000000000555e-02
1.706799999999999984e-02,3.750000000000000555e-02
1.707849999999999993e-02,3.750000000000000555e-02
1.708900000000000002e-02,3.750000000000000555e-02
1.709950000000000012e-02,3.718750000000000527e-02
1.710999999999999674e-02,3.687500000000000500e-02
1.712049999999999683e-02,3.625000000000000444e-02
1.713099999999999692e-02,3.562500000000000389e-02
1.714149999999999702e-02,3.468750000000000305e-02
1.715199999999999711e-02,3.406250000000000250e-02
1.716249999999999720e-02,3.312500000000000167e-02
1.717299999999999729e-02,3.093750000000000319e-02
1.718349999999999739e-02,3.062500000000000291e-02
1.719399999999999748e-02,2.875000000000000472e-02
1.720449999999999757e-02,2.750000000000000361e-02
1.721499999999999767e-02,2.656250000000000278e-02
1.722549999999999776e-02,2.468750000000000111e-02
1.723599999999999785e-02,2.375000000000000375e-02
1.724649999999999794e-02,2.250000000000000264e-02
1.725699999999999804e-02,2.187500000000000555e-02
1.726749999999999813e-02,2.062500000000000444e-02
1.727799999999999822e-02,2.000000000000000389e-02
1.728849999999999831e-02,1.937500000000000333e-02
1.729899999999999841e-02,1.906250000000000305e-02
1.730949999999999850e-02,1.875000000000000278e-02
1.731999999999999859e-02,1.875000000000000278e-02
1.733049999999999868e-02,1.906250000000000305e-02
1.734099999999999878e-02,1.968750000000000361e-02
1.735149999999999887e-02,2.000000000000000389e-02
1.736199999999999896e-02,2.062500000000000444e-02
1.737249999999999905e-02,2.156250000000000527e-02
1.738299999999999915e-02,2.250000000000000264e-02
1.739349999999999924e-02,2.375000000000000375e-02
1.740399999999999933e-02,2.500000000000000139e-02
1.741449999999999942e-02,2.593750000000000222e-02
1.742499999999999952e-02,2.718750000000000333e-02
1.743549999999999961e-02,2.843750000000000444e-02
1.744599999999999970e-02,2.937500000000000527e-02
1.745649999999999979e-02,3.062500000000000291e-02
1.746699999999999989e-02,3.093750000000000319e-02
1.747749999999999998e-02,3.187500000000000056e-02
1.748800000000000007e-02,3.250000000000000111e-02
1.749850000000000017e-02,3.281250000000000139e-02
1.750899999999999679e-02,3.312500000000000167e-02
1.751949999999999688e-02,3.312500000000000167e-02
1.752999999999999697e-02,3.312500000000000167e-02
1.754049999999999707e-02,3.312500000000000167e-02
1.755099999999999716e-02,3.250000000000000111e-02
1.756149999999999725e-02,3.187500000000000056e-02
1.757199999999999734e-02,3.187500000000000056e-02
1.758249999999999744e-02,3.093750000000000319e-02
1.759299999999999753e-02,3.031250000000000264e-02
1.760349999999999762e-02,2.906250000000000500e-02
1.761399999999999771e-02,2.812500000000000416e-02
1.762449999999999781e-02,2.656250000000000278e-02
1.763499999999999790e-02,2.562500000000000194e-02
1.764549999999999799e-02,2.468750000000000111e-02
1.765599999999999808e-02,2.375000000000000375e-02
1.766649999999999818e-02,2.250000000000000264e-02
1.767699999999999827e-02,2.187500000000000555e-02
1.768749999999999836e-02,2.125000000000000500e-02
1.769799999999999846e-02,2.031250000000000416e-02
1.770849999999999855e-02,2.000000000000000389e-02
1.771899999999999864e-02,1.968750000000000361e-02
1.772949999999999873e-02,1.968750000000000361e-02
1.773999999999999883e-02,2.000000000000000389e-02
1.775049999999999892e-02,2.000000000000000389e-02
1.776099999999999901e-02,2.093750000000000472e-02
1.777149999999999910e-02,2.156250000000000527e-02
1.778199999999999920e-02,2.187500000000000555e-02
1.779249999999999929e-02,2.312500000000000319e-02
1.780299999999999938e-02,2.437500000000000083e-02
1.781349999999999947e-02,2.500000000000000139e-02
1.782399999999999957e-02,2.625000000000000250e-02
1.783449999999999966e-02,2.687500000000000305e-02
1.784499999999999975e-02,2.812500000000000416e-02
1.785549999999999984e-02,2.968750000000000208e-02
1.786599999999999994e-02,3.031250000000000264e-02
1.787650000000000003e-02,3.125000000000000000e-02
1.788700000000000012e-02,3.187500000000000056e-02
1.789749999999999674e-02,3.281250000000000139e-02
1.790799999999999684e-02,3.312500000000000167e-02
1.791849999999999693e-02,3.343750000000000194e-02
1.792899999999999702e-02,3.375000000000000222e-02
1.793949999999999712e-02,3.375000000000000222e-02
1.794999999999999721e-02,3.406250000000000250e-02
1.796049999999999730e-02,3.406250000000000250e-02
1.797099999999999739e-02,3.375000000000000222e-02
1.798149999999999749e-02,3.343750000000000194e-02
1.799199999999999758e-02,3.281250000000000139e-02
1.800249999999999767e-02,3.156250000000000028e-02
1.801299999999999776e-02,3.062500000000000291e-02
1.802349999999999786e-02,2.968750000000000208e-02
1.803399999999999795e-02,2.875000000000000472e-02
1.804449999999999804e-02,2.750000000000000361e-02
1.805499999999999813e-02,2.593750000000000222e-02
1.806549999999999823e-02,2.468750000000000111e-02
1.807599999999999832e-02,2.406250000000000056e-02
1.808649999999999841e-02,2.250000000000000264e-02
1.809699999999999850e-02,2.156250000000000527e-02
1.810749999999999860e-02,2.093750000000000472e-02
1.811799999999999869e-02,2.000000000000000389e-02
1.812849999999999878e-02,1.937500000000000333e-02
1.813899999999999887e-02,1.875000000000000278e-02
1.814949999999999897e-02,1.843750000000000250e-02
1.815999999999999906e-02,1.843750000000000250e-02
1.817049999999999915e-02,1.812500000000000222e-02
1.818099999999999924e-02,1.843750000000000250e-02
1.819149999999999934e-02,1.875000000000000278e-02
1.820199999999999943e-02,1.937500000000000333e-02
1.821249999999999952e-02,2.000000000000000389e-02
1.822299999999999962e-02,2.093750000000000472e-02
1.823349999999999971e-02,2.187500000000000555e-02
1.824399999999999980e-02,2.281250000000000291e-02
1.825449999999999989e-02,2.343750000000000347e-02
1.826499999999999999e-02,2.468750000000000111e-02
1.827550000000000008e-02,2.531250000000000167e-02
1.828599999999999670e-02,2.625000000000000250e-02
1.829649999999999679e-02,2.718750000000000333e-02
1.830699999999999689e-02,2.781250000000000389e-02
1.831749999999999698e-02,2.843750000000000444e-02
1.832799999999999707e-02,2.937500000000000527e-02
1.833849999999999716e-02,2.968750000000000208e-02
1.834899999999999726e-02,2.937500000000000527e-02
1.835949999999999735e-02,2.937500000000000527e-02
1.836999999999999744e-02,2.937500000000000527e-02
1.838049999999999753e-02,2.906250000000000500e-02
1.839099999999999763e-02,2.812500000000000416e-02
1.840149999999999772e-02,2.781250000000000389e-02
1.841199999999999781e-02,2.687500000000000305e-02
1.842249999999999791e-02,2.593750000000000222e-02
1.843299999999999800e-02,2.500000000000000139e-02
1.844349999999999809e-02,2.343750000000000347e-02
1.845399999999999818e-02,2.250000000000000264e-02
1.846449999999999828e-02,2.156250000000000527e-02
1.847499999999999837e-02,2.000000000000000389e-02
1.848549999999999846e-02,1.875000000000000278e-02
1.849599999999999855e-02,1.718750000000000139e-02
1.850649999999999865e-02,1.687500000000000458e-02
1.851699999999999874e-02,1.531250000000000319e-02
1.852749999999999883e-02,1.437500000000000236e-02
1.853799999999999892e-02,1.343750000000000153e-02
1.854849999999999902e-02,1.312500000000000125e-02
1.855899999999999911e-02,1.250000000000000416e-02
1.856949999999999920e-02,1.156250000000000333e-02
1.857999999999999929e-02,1.093750000000000278e-02
1.859049999999999939e-02,1.093750000000000278e-02
1.860099999999999948e-02,1.093750000000000278e-02
1.861149999999999957e-02,1.093750000000000278e-02
1.862199999999999966e-02,1.125000000000000305e-02
1.863249999999999976e-02,1.156250000000000333e-02
1.864299999999999985e-02,1.218750000000000389e-02
1.865349999999999994e-02,1.218750000000000389e-02
1.866400000000000003e-02,1.375000000000000180e-02
1.867449999999999666e-02,1.437500000000000236e-02
1.868499999999999675e-02,1.500000000000000291e-02
1.869549999999999684e-02,1.593750000000000375e-02
1.870599999999999694e-02,1.687500000000000458e-02
1.871649999999999703e-02,1.781250000000000194e-02
1.872699999999999712e-02,1.812500000000000222e-02
1.873749999999999721e-02,1.906250000000000305e-02
1.874799999999999731e-02,1.875000000000000278e-02
1.875849999999999740e-02,1.937500000000000333e-02
1.876899999999999749e-02,1.937500000000000333e-02
1.877949999999999758e-02,1.937500000000000333e-02
1.878999999999999768e-02,1.875000000000000278e-02
1.880049999999999777e-02,1.843750000000000250e-02
1.881099999999999786e-02,1.781250000000000194e-02
1.882149999999999795e-02,1.750000000000000167e-02
1.883199999999999805e-02,1.656250000000000430e-02
1.884249999999999814e-02,1.562500000000000347e-02
1.885299999999999823e-02,1.437500000000000236e-02
1.886349999999999832e-02,1.375000000000000180e-02
1.887399999999999842e-02,1.218750000000000389e-02
1.888449999999999851e-02,1.156250000000000333e-02
1.889499999999999860e-02,1.093750000000000278e-02
1.890549999999999869e-02,1.062500000000000250e-02
1.891599999999999879e-02,1.000000000000000194e-02
1.892649999999999888e-02,9.375000000000001388e-03
1.893699999999999897e-02,9.062500000000001110e-03
1.894749999999999907e-02,8.437500000000004025e-03
1.895799999999999916e-02,7.812500000000003469e-03
1.896849999999999925e-02,7.812500000000003469e-03
1.897899999999999934e-02,6.875000000000002637e-03
1.898949999999999944e-02,6.875000000000002637e-03
1.899999999999999953e-02,6.562500000000002359e-03
1.901049999999999962e-02,6.250000000000002082e-03
1.902099999999999971e-02,6.250000000000002082e-03
1.903149999999999981e-02,5.625000000000001527e-03
1.904199999999999990e-02,5.625000000000001527e-03
1.905249999999999999e-02,5.625000000000001527e-03
1.906299999999999661e-02,5.937500000000001804e-03
1.907349999999999671e-02,6.562500000000002359e-03
1.908399999999999680e-02,6.875000000000002637e-03
1.909449999999999689e-02,7.812500000000003469e-03
1.910499999999999698e-02,8.125000000000003747e-03
1.911549999999999708e-02,9.062500000000001110e-03
1.912599999999999717e-02,9.687500000000001665e-03
1.913649999999999726e-02,1.031250000000000222e-02
1.914699999999999736e-02,1.093750000000000278e-02
1.915749999999999745e-02,1.156250000000000333e-02
1.916799999999999754e-02,1.187500000000000361e-02
1.917849999999999763e-02,1.250000000000000416e-02
1.918899999999999773e-02,1.312500000000000125e-02
1.919949999999999782e-02,1.312500000000000125e-02
1.920999999999999791e-02,1.281250000000000444e-02
1.922049999999999800e-02,1.250000000000000416e-02
1.923099999999999810e-02,1.250000000000000416e-02
1.924149999999999819e-02,1.187500000000000361e-02
1.925199999999999828e-02,1.156250000000000333e-02
1.926249999999999837e-02,1.125000000000000305e-02
1.927299999999999847e-02,1.000000000000000194e-02
1.928349999999999856e-02,9.687500000000001665e-03
1.929399999999999865e-02,9.062500000000001110e-03
1.930449999999999874e-02,8.437500000000004025e-03
1.931499999999999884e-02,8.125000000000003747e-03
1.932549999999999893e-02,7.812500000000003469e-03
1.933599999999999902e-02,7.500000000000003192e-03
1.934649999999999911e-02,7.187500000000002914e-03
1.935699999999999921e-02,6.562500000000002359e-03
1.936749999999999930e-02,6.562500000000002359e-03
1.937799999999999939e-02,6.562500000000002359e-03
1.938849999999999948e-02,6.250000000000002082e-03
1.939899999999999958e-02,5.937500000000001804e-03
1.940949999999999967e-02,5.625000000000001527e-03
1.941999999999999976e-02,5.312500000000001249e-03
1.943049999999999986e-02,5.000000000000004441e-03
1.944099999999999995e-02,5.000000000000004441e-03
1.945150000000000004e-02,4.687500000000004163e-03
1.946199999999999666e-02,4.687500000000004163e-03
1.947249999999999676e-02,5.000000000000004441e-03
1.948299999999999685e-02,5.000000000000004441e-03
1.949349999999999694e-02,5.625000000000001527e-03
1.950399999999999703e-02,6.250000000000002082e-03
1.951449999999999713e-02,6.875000000000002637e-03
1.952499999999999722e-02,7.812500000000003469e-03
1.953549999999999731e-02,8.437500000000004025e-03
1.954599999999999740e-02,9.062500000000001110e-03
1.955649999999999750e-02,1.031250000000000222e-02
1.956699999999999759e-02,1.156250000000000333e-02
1.957749999999999768e-02,1.218750000000000389e-02
1.958799999999999777e-02,1.281250000000000444e-02
1.959849999999999787e-02,1.312500000000000125e-02
1.960899999999999796e-02,1.375000000000000180e-02
1.961949999999999805e-02,1.406250000000000208e-02
1.962999999999999814e-02,1.437500000000000236e-02
1.964049999999999824e-02,1.437500000000000236e-02
1.965099999999999833e-02,1.468750000000000264e-02
1.966149999999999842e-02,1.406250000000000208e-02
1.967199999999999852e-02,1.375000000000000180e-02
1.968249999999999861e-02,1.343750000000000153e-02
1.969299999999999870e-02,1.281250000000000444e-02
1.970349999999999879e-02,1.218750000000000389e-02
1.971399999999999889e-02,1.156250000000000333e-02
1.972449999999999898e-02,1.093750000000000278e-02
1.973499999999999907e-02,1.031250000000000222e-02
1.974549999999999916e-02,9.687500000000001665e-03
1.975599999999999926e-02,9.375000000000001388e-03
1.976649999999999935e-02,8.437500000000004025e-03
1.977699999999999944e-02,8.125000000000003747e-03
1.978749999999999953e-02,7.500000000000003192e-03
1.979799999999999963e-02,7.187500000000002914e-03
1.980849999999999972e-02,6.562500000000002359e-03
1.981899999999999981e-02,6.875000000000002637e-03
1.982949999999999990e-02,6.250000000000002082e-03
1.984000000000000000e-02,5.625000000000001527e-03
1.985049999999999662e-02,5.937500000000001804e-03
1.986099999999999671e-02,5.312500000000001249e-03
1.987149999999999681e-02,5.625000000000001527e-03
1.988199999999999690e-02,5.625000000000001527e-03
1.989249999999999699e-02,5.625000000000001527e-03
1.990299999999999708e-02,5.937500000000001804e-03
1.991349999999999718e-02,6.250000000000002082e-03
1.992399999999999727e-02,6.875000000000002637e-03
1.993449999999999736e-02,7.812500000000003469e-03
1.994499999999999745e-02,8.437500000000004025e-03
1.995549999999999755e-02,8.750000000000004302e-03
1.996599999999999764e-02,1.031250000000000222e-02
1.997649999999999773e-02,1.062500000000000250e-02
1.998699999999999782e-02,1.187500000000000361e-02
1.999749999999999792e-02,1.250000000000000416e-02
2.000799999999999801e-02,1.312500000000000125e-02
2.001849999999999810e-02,1.343750000000000153e-02
2.002899999999999819e-02,1.406250000000000208e-02
2.003949999999999829e-02,1.437500000000000236e-02
2.004999999999999838e-02,1.437500000000000236e-02
2.006049999999999847e-02,1.406250000000000208e-02
2.007099999999999856e-02,1.406250000000000208e-02
2.008149999999999866e-02,1.406250000000000208e-02
2.009199999999999875e-02,1.312500000000000125e-02
2.010249999999999884e-02,1.281250000000000444e-02
2.011299999999999893e-02,1.187500000000000361e-02
2.012349999999999903e-02,1.125000000000000305e-02
2.013399999999999912e-02,1.031250000000000222e-02
2.014449999999999921e-02,1.031250000000000222e-02
2.015499999999999931e-02,9.375000000000001388e-03
2.016549999999999940e-02,8.750000000000004302e-03
2.017599999999999949e-02,8.437500000000004025e-03
2.018649999999999958e-02,7.812500000000003469e-03
2.019699999999999968e-02,7.500000000000003192e-03
2.020749999999999977e-02,7.500000000000003192e-03
2.021799999999999986e-02,7.187500000000002914e-03
2.022849999999999995e-02,6.875000000000002637e-03
2.023899999999999658e-02,6.875000000000002637e-03
2.024949999999999667e-02,6.562500000000002359e-03
2.025999999999999676e-02,6.250000000000002082e-03
2.027049999999999685e-02,6.250000000000002082e-03
2.028099999999999695e-02,5.312500000000001249e-03
2.029149999999999704e-02,5.312500000000001249e-03
2.030199999999999713e-02,5.312500000000001249e-03
2.031249999999999722e-02,4.687500000000004163e-03
2.032299999999999732e-02,5.000000000000004441e-03
2.033349999999999741e-02,4.687500000000004163e-03
2.034399999999999750e-02,4.687500000000004163e-03
2.035449999999999759e-02,5.312500000000001249e-03
2.036499999999999769e-02,5.312500000000001249e-03
2.037549999999999778e-02,5.625000000000001527e-03
2.038599999999999787e-02,5.625000000000001527e-03
2.039649999999999797e-02,6.250000000000002082e-03
2.040699999999999806e-02,6.562500000000002359e-03
2.041749999999999815e-02,6.562500000000002359e-03
2.042799999999999824e-02,7.187500000000002914e-03
2.043849999999999834e-02,7.500000000000003192e-03
2.044899999999999843e-02,7.500000000000003192e-03
2.045949999999999852e-02,7.500000000000003192e-03
2.046999999999999861e-02,7.187500000000002914e-03
2.048049999999999871e-02,7.187500000000002914e-03
2.049099999999999880e-02,7.187500000000002914e-03
2.050149999999999889e-02,6.562500000000002359e-03
2.051199999999999898e-02,6.250000000000002082e-03
2.052249999999999908e-02,5.937500000000001804e-03
2.053299999999999917e-02,5.625000000000001527e-03
2.054349999999999926e-02,5.312500000000001249e-03
2.055399999999999935e-02,5.312500000000001249e-03
2.056449999999999945e-02,5.312500000000001249e-03
2.057499999999999954e-02,5.625000000000001527e-03
2.058549999999999963e-02,5.625000000000001527e-03
2.059599999999999972e-02,5.937500000000001804e-03
2.060649999999999982e-02,6.250000000000002082e-03
2.061699999999999991e-02,6.562500000000002359e-03
2.062749999999999653e-02,7.187500000000002914e-03
2.063799999999999663e-02,7.500000000000003192e-03
2.064849999999999672e-02,8.125000000000003747e-03
2.065899999999999681e-02,8.750000000000004302e-03
2.066949999999999690e-02,8.750000000000004302e-03
2.067999999999999700e-02,8.750000000000004302e-03
2.069049999999999709e-02,9.062500000000001110e-03
2.070099999999999718e-02,8.750000000000004302e-03
2.071149999999999727e-02,8.750000000000004302e-03
2.072199999999999737e-02,8.750000000000004302e-03
2.073249999999999746e-02,8.437500000000004025e-03
2.074299999999999755e-02,7.500000000000003192e-03
2.075349999999999764e-02,7.187500000000002914e-03
2.076399999999999774e-02,6.875000000000002637e-03
2.077449999999999783e-02,6.562500000000002359e-03
2.078499999999999792e-02,6.250000000000002082e-03
2.079549999999999801e-02,5.937500000000001804e-03
2.080599999999999811e-02,5.625000000000001527e-03
2.081649999999999820e-02,5.625000000000001527e-03
2.082699999999999829e-02,5.625000000000001527e-03
2.083749999999999838e-02,5.312500000000001249e-03
2.084799999999999848e-02,5.625000000000001527e-03
2.085849999999999857e-02,5.000000000000004441e-03
2.086899999999999866e-02,5.312500000000001249e-03
2.087949999999999875e-02,5.312500000000001249e-03
2.088999999999999885e-02,5.000000000000004441e-03
2.090049999999999894e-02,5.000000000000004441e-03
2.091099999999999903e-02,5.000000000000004441e-03
2.092149999999999913e-02,4.687500000000004163e-03
2.093199999999999922e-02,4.062500000000003608e-03
2.094249999999999931e-02,4.062500000000003608e-03
2.095299999999999940e-02,4.062500000000003608e-03
2.096349999999999950e-02,4.062500000000003608e-03
2.097399999999999959e-02,4.062500000000003608e-03
2.098449999999999968e-02,4.062500000000003608e-03
2.099499999999999977e-02,4.375000000000003886e-03
2.100549999999999987e-02,4.687500000000004163e-03
2.101599999999999996e-02,5.000000000000004441e-03
2.102649999999999658e-02,5.625000000000001527e-03
2.103699999999999667e-02,6.250000000000002082e-03
2.104749999999999677e-02,7.187500000000002914e-03
2.105799999999999686e-02,7.812500000000003469e-03
2.106849999999999695e-02,8.125000000000003747e-03
2.107899999999999704e-02,8.750000000000004302e-03
2.108949999999999714e-02,9.062500000000001110e-03
