PURE SILICA, ELECTRODE=TUNGSTEN, TIME=35, POLING_VOLTAGE=3700, WAVELENGTH=1.55e-06, EFFECTIVE_DISTANCE=3.1e-05, POLED_LENGTH=0.3, CORE_INDEX=1.45, POLE=MAX, AC_VOLTAGE=358.125, AC_FREQUENCY=850, PIEZO_FREQUENCY=17.0
Time(s),Voltage(V)
4.000000000000000192e-04,3.781250000000000583e-02
4.290000000000000193e-04,3.781250000000000583e-02
4.580000000000000195e-04,3.843750000000000638e-02
4.870000000000000197e-04,3.906250000000000000e-02
5.159999999999999656e-04,3.937500000000000722e-02
5.450000000000000200e-04,3.906250000000000000e-02
5.740000000000000744e-04,3.687500000000000500e-02
6.030000000000000204e-04,3.562500000000000389e-02
6.319999999999999663e-04,3.468750000000000305e-02
6.610000000000000207e-04,3.375000000000000222e-02
6.900000000000000751e-04,3.406250000000000250e-02
7.190000000000000210e-04,3.437500000000000278e-02
7.479999999999999670e-04,3.406250000000000250e-02
7.770000000000000214e-04,3.281250000000000139e-02
8.060000000000000758e-04,3.218750000000000083e-02
8.350000000000000217e-04,3.031250000000000264e-02
8.639999999999999677e-04,2.875000000000000472e-02
8.929999999999999136e-04,2.812500000000000416e-02
9.220000000000000764e-04,2.812500000000000416e-02
9.510000000000000224e-04,2.937500000000000527e-02
9.799999999999999684e-04,2.937500000000000527e-02
1.008999999999999914e-03,2.875000000000000472e-02
1.038000000000000077e-03,2.843750000000000444e-02
1.067000000000000023e-03,2.718750000000000333e-02
1.095999999999999969e-03,2.687500000000000305e-02
1.124999999999999915e-03,2.750000000000000361e-02
1.154000000000000078e-03,2.812500000000000416e-02
1.183000000000000024e-03,2.843750000000000444e-02
1.211999999999999970e-03,3.125000000000000000e-02
1.240999999999999916e-03,3.218750000000000083e-02
1.270000000000000078e-03,3.343750000000000194e-02
1.299000000000000024e-03,3.437500000000000278e-02
1.327999999999999970e-03,3.500000000000000333e-02
1.356999999999999916e-03,3.625000000000000444e-02
1.385999999999999862e-03,3.750000000000000555e-02
1.415000000000000025e-03,3.906250000000000000e-02
1.443999999999999971e-03,4.000000000000000083e-02
1.472999999999999917e-03,4.062500000000000139e-02
1.502000000000000080e-03,4.156250000000000222e-02
1.531000000000000026e-03,4.156250000000000222e-02
1.559999999999999972e-03,4.187500000000000250e-02
1.588999999999999918e-03,4.218750000000000278e-02
1.617999999999999864e-03,4.218750000000000278e-02
1.647000000000000026e-03,4.218750000000000278e-02
1.675999999999999972e-03,4.187500000000000250e-02
1.704999999999999918e-03,4.156250000000000222e-02
1.734000000000000081e-03,4.093750000000000167e-02
1.763000000000000027e-03,4.062500000000000139e-02
1.791999999999999973e-03,4.062500000000000139e-02
1.820999999999999919e-03,3.937500000000000722e-02
1.849999999999999865e-03,3.843750000000000638e-02
1.879000000000000028e-03,3.687500000000000500e-02
1.907999999999999974e-03,3.687500000000000500e-02
1.936999999999999920e-03,3.500000000000000333e-02
1.966000000000000299e-03,3.468750000000000305e-02
1.995000000000000245e-03,3.406250000000000250e-02
2.024000000000000191e-03,3.312500000000000167e-02
2.053000000000000137e-03,3.281250000000000139e-02
2.082000000000000083e-03,3.218750000000000083e-02
2.111000000000000029e-03,3.218750000000000083e-02
2.139999999999999975e-03,3.250000000000000111e-02
2.168999999999999921e-03,3.312500000000000167e-02
2.198000000000000301e-03,3.312500000000000167e-02
2.227000000000000247e-03,3.375000000000000222e-02
2.256000000000000193e-03,3.468750000000000305e-02
2.285000000000000139e-03,3.468750000000000305e-02
2.314000000000000085e-03,3.500000000000000333e-02
2.343000000000000031e-03,3.562500000000000389e-02
2.371999999999999977e-03,3.750000000000000555e-02
2.401000000000000356e-03,3.812500000000000611e-02
2.430000000000000302e-03,3.906250000000000000e-02
2.459000000000000248e-03,3.968750000000000056e-02
2.488000000000000194e-03,3.968750000000000056e-02
2.517000000000000140e-03,4.000000000000000083e-02
2.546000000000000086e-03,4.062500000000000139e-02
2.575000000000000032e-03,4.125000000000000194e-02
2.604000000000000412e-03,4.218750000000000278e-02
2.633000000000000358e-03,4.281250000000000333e-02
2.662000000000000303e-03,4.375000000000000416e-02
2.691000000000000249e-03,4.375000000000000416e-02
2.720000000000000195e-03,4.406250000000000444e-02
2.749000000000000141e-03,4.468750000000000500e-02
2.778000000000000087e-03,4.468750000000000500e-02
2.807000000000000033e-03,4.468750000000000500e-02
2.835999999999999979e-03,4.468750000000000500e-02
2.865000000000000359e-03,4.406250000000000444e-02
2.894000000000000305e-03,4.406250000000000444e-02
2.923000000000000251e-03,4.312500000000000361e-02
2.952000000000000197e-03,4.250000000000000305e-02
2.981000000000000143e-03,4.093750000000000167e-02
3.010000000000000089e-03,3.968750000000000056e-02
3.039000000000000035e-03,3.937500000000000722e-02
3.068000000000000414e-03,3.843750000000000638e-02
3.097000000000000360e-03,3.812500000000000611e-02
3.126000000000000306e-03,3.718750000000000527e-02
3.155000000000000252e-03,3.593750000000000416e-02
3.184000000000000198e-03,3.562500000000000389e-02
3.213000000000000144e-03,3.500000000000000333e-02
3.242000000000000090e-03,3.437500000000000278e-02
3.271000000000000036e-03,3.437500000000000278e-02
3.299999999999999982e-03,3.406250000000000250e-02
3.329000000000000362e-03,3.406250000000000250e-02
3.358000000000000308e-03,3.437500000000000278e-02
3.387000000000000254e-03,3.437500000000000278e-02
3.416000000000000199e-03,3.437500000000000278e-02
3.445000000000000145e-03,3.500000000000000333e-02
3.474000000000000091e-03,3.500000000000000333e-02
3.503000000000000037e-03,3.593750000000000416e-02
3.532000000000000417e-03,3.625000000000000444e-02
3.561000000000000363e-03,3.781250000000000583e-02
3.590000000000000309e-03,3.937500000000000722e-02
3.619000000000000255e-03,4.000000000000000083e-02
3.648000000000000201e-03,4.125000000000000194e-02
3.677000000000000147e-03,4.187500000000000250e-02
3.706000000000000093e-03,4.218750000000000278e-02
3.735000000000000039e-03,4.312500000000000361e-02
3.763999999999999985e-03,4.406250000000000444e-02
3.793000000000000364e-03,4.437500000000000472e-02
3.822000000000000310e-03,4.531250000000000555e-02
3.851000000000000256e-03,4.562500000000000583e-02
3.880000000000000202e-03,4.593750000000000611e-02
3.909000000000000148e-03,4.593750000000000611e-02
3.937999999999999660e-03,4.656250000000000666e-02
3.967000000000000040e-03,4.624999999999999944e-02
3.996000000000000420e-03,4.656250000000000666e-02
4.024999999999999932e-03,4.624999999999999944e-02
4.054000000000000312e-03,4.656250000000000666e-02
4.082999999999999824e-03,4.624999999999999944e-02
4.112000000000000204e-03,4.624999999999999944e-02
4.140999999999999716e-03,4.593750000000000611e-02
4.170000000000000095e-03,4.562500000000000583e-02
4.198999999999999608e-03,4.531250000000000555e-02
4.227999999999999987e-03,4.500000000000000527e-02
4.257000000000000367e-03,4.468750000000000500e-02
4.285999999999999879e-03,4.500000000000000527e-02
4.315000000000000259e-03,4.437500000000000472e-02
4.343999999999999771e-03,4.406250000000000444e-02
4.373000000000000151e-03,4.343750000000000389e-02
4.402000000000000531e-03,4.312500000000000361e-02
4.431000000000000043e-03,4.281250000000000333e-02
4.460000000000000422e-03,4.250000000000000305e-02
4.488999999999999935e-03,4.218750000000000278e-02
4.518000000000000314e-03,4.250000000000000305e-02
4.546999999999999827e-03,4.281250000000000333e-02
4.576000000000000206e-03,4.281250000000000333e-02
4.605000000000000586e-03,4.281250000000000333e-02
4.634000000000000098e-03,4.281250000000000333e-02
4.663000000000000478e-03,4.312500000000000361e-02
4.691999999999999990e-03,4.375000000000000416e-02
4.721000000000000370e-03,4.406250000000000444e-02
4.749999999999999882e-03,4.406250000000000444e-02
4.779000000000000262e-03,4.468750000000000500e-02
4.808000000000000641e-03,4.500000000000000527e-02
4.837000000000000154e-03,4.531250000000000555e-02
4.866000000000000533e-03,4.562500000000000583e-02
4.895000000000000046e-03,4.562500000000000583e-02
4.924000000000000425e-03,4.624999999999999944e-02
4.952999999999999937e-03,4.593750000000000611e-02
4.982000000000000317e-03,4.593750000000000611e-02
5.010999999999999829e-03,4.593750000000000611e-02
5.040000000000000209e-03,4.593750000000000611e-02
5.069000000000000589e-03,4.562500000000000583e-02
5.098000000000000101e-03,4.562500000000000583e-02
5.127000000000000481e-03,4.593750000000000611e-02
5.155999999999999993e-03,4.562500000000000583e-02
5.185000000000000372e-03,4.593750000000000611e-02
5.213999999999999885e-03,4.531250000000000555e-02
5.243000000000000264e-03,4.562500000000000583e-02
5.271999999999999777e-03,4.562500000000000583e-02
5.301000000000000156e-03,4.562500000000000583e-02
5.330000000000000536e-03,4.593750000000000611e-02
5.359000000000000048e-03,4.593750000000000611e-02
5.388000000000000428e-03,4.593750000000000611e-02
5.416999999999999940e-03,4.593750000000000611e-02
5.446000000000000320e-03,4.593750000000000611e-02
5.474999999999999832e-03,4.593750000000000611e-02
5.504000000000000212e-03,4.562500000000000583e-02
5.533000000000000591e-03,4.593750000000000611e-02
5.562000000000000104e-03,4.562500000000000583e-02
5.591000000000000483e-03,4.562500000000000583e-02
5.619999999999999996e-03,4.593750000000000611e-02
5.649000000000000375e-03,4.562500000000000583e-02
5.677999999999999887e-03,4.562500000000000583e-02
5.707000000000000267e-03,4.593750000000000611e-02
5.736000000000000647e-03,4.593750000000000611e-02
5.765000000000000159e-03,4.624999999999999944e-02
5.794000000000000539e-03,4.624999999999999944e-02
5.823000000000000051e-03,4.624999999999999944e-02
5.852000000000000431e-03,4.624999999999999944e-02
5.880999999999999943e-03,4.593750000000000611e-02
5.910000000000000323e-03,4.624999999999999944e-02
5.938999999999999835e-03,4.624999999999999944e-02
5.968000000000000214e-03,4.593750000000000611e-02
5.997000000000000594e-03,4.531250000000000555e-02
6.026000000000000106e-03,4.531250000000000555e-02
6.055000000000000486e-03,4.437500000000000472e-02
6.083999999999999998e-03,4.437500000000000472e-02
6.113000000000000378e-03,4.375000000000000416e-02
6.141999999999999890e-03,4.343750000000000389e-02
6.171000000000000270e-03,4.312500000000000361e-02
6.199999999999999782e-03,4.312500000000000361e-02
6.229000000000000162e-03,4.281250000000000333e-02
6.258000000000000541e-03,4.281250000000000333e-02
6.287000000000000054e-03,4.281250000000000333e-02
6.316000000000000433e-03,4.281250000000000333e-02
6.344999999999999946e-03,4.343750000000000389e-02
6.374000000000000325e-03,4.343750000000000389e-02
6.402999999999999838e-03,4.375000000000000416e-02
6.432000000000000217e-03,4.437500000000000472e-02
6.461000000000000597e-03,4.406250000000000444e-02
6.490000000000000109e-03,4.437500000000000472e-02
6.519000000000000489e-03,4.468750000000000500e-02
6.548000000000000001e-03,4.500000000000000527e-02
6.577000000000000381e-03,4.500000000000000527e-02
6.605999999999999893e-03,4.531250000000000555e-02
6.635000000000000273e-03,4.531250000000000555e-02
6.664000000000000652e-03,4.562500000000000583e-02
6.693000000000000164e-03,4.531250000000000555e-02
6.722000000000000544e-03,4.562500000000000583e-02
6.751000000000000056e-03,4.562500000000000583e-02
6.780000000000000436e-03,4.562500000000000583e-02
6.808999999999999948e-03,4.562500000000000583e-02
6.838000000000000328e-03,4.562500000000000583e-02
6.866999999999999840e-03,4.593750000000000611e-02
6.896000000000000220e-03,4.593750000000000611e-02
6.925000000000000600e-03,4.593750000000000611e-02
6.954000000000000112e-03,4.593750000000000611e-02
6.983000000000000491e-03,4.593750000000000611e-02
7.012000000000000004e-03,4.593750000000000611e-02
7.041000000000000383e-03,4.562500000000000583e-02
7.069999999999999896e-03,4.593750000000000611e-02
7.099000000000000275e-03,4.562500000000000583e-02
7.127999999999999788e-03,4.531250000000000555e-02
7.157000000000000167e-03,4.468750000000000500e-02
7.186000000000000547e-03,4.406250000000000444e-02
7.215000000000000059e-03,4.375000000000000416e-02
7.244000000000000439e-03,4.281250000000000333e-02
7.272999999999999951e-03,4.187500000000000250e-02
7.302000000000000331e-03,4.093750000000000167e-02
7.330999999999999843e-03,4.062500000000000139e-02
7.360000000000000223e-03,3.937500000000000722e-02
7.389000000000000602e-03,3.937500000000000722e-02
7.418000000000000115e-03,3.875000000000000666e-02
7.447000000000000494e-03,3.843750000000000638e-02
7.476000000000000006e-03,3.812500000000000611e-02
7.505000000000000386e-03,3.812500000000000611e-02
7.533999999999999898e-03,3.812500000000000611e-02
7.563000000000000278e-03,3.843750000000000638e-02
7.592000000000000658e-03,3.843750000000000638e-02
7.621000000000000170e-03,3.906250000000000000e-02
7.650000000000000550e-03,3.937500000000000722e-02
7.679000000000000062e-03,3.968750000000000056e-02
7.708000000000000441e-03,4.062500000000000139e-02
7.736999999999999954e-03,4.093750000000000167e-02
7.766000000000000333e-03,4.187500000000000250e-02
7.794999999999999846e-03,4.187500000000000250e-02
7.823999999999999358e-03,4.281250000000000333e-02
7.853000000000000605e-03,4.312500000000000361e-02
7.882000000000000117e-03,4.375000000000000416e-02
7.910999999999999630e-03,4.406250000000000444e-02
7.939999999999999142e-03,4.406250000000000444e-02
7.969000000000000389e-03,4.468750000000000500e-02
7.997999999999999901e-03,4.500000000000000527e-02
8.026999999999999413e-03,4.500000000000000527e-02
8.055999999999998926e-03,4.500000000000000527e-02
8.085000000000000173e-03,4.531250000000000555e-02
8.113999999999999685e-03,4.531250000000000555e-02
8.142999999999999197e-03,4.531250000000000555e-02
8.172000000000000444e-03,4.531250000000000555e-02
8.200999999999999956e-03,4.500000000000000527e-02
8.229999999999999469e-03,4.500000000000000527e-02
8.258999999999998981e-03,4.468750000000000500e-02
8.287999999999998493e-03,4.406250000000000444e-02
8.316999999999999740e-03,4.375000000000000416e-02
8.345999999999999253e-03,4.312500000000000361e-02
8.374999999999998765e-03,4.250000000000000305e-02
8.404000000000000012e-03,4.093750000000000167e-02
8.432999999999999524e-03,4.093750000000000167e-02
8.461999999999999036e-03,3.968750000000000056e-02
8.490999999999998549e-03,3.781250000000000583e-02
8.519999999999999796e-03,3.750000000000000555e-02
8.548999999999999308e-03,3.593750000000000416e-02
8.577999999999998820e-03,3.562500000000000389e-02
8.607000000000000067e-03,3.437500000000000278e-02
8.635999999999999580e-03,3.406250000000000250e-02
8.664999999999999092e-03,3.343750000000000194e-02
8.693999999999998604e-03,3.343750000000000194e-02
8.722999999999999851e-03,3.281250000000000139e-02
8.751999999999999363e-03,3.281250000000000139e-02
8.780999999999998876e-03,3.312500000000000167e-02
8.810000000000000123e-03,3.343750000000000194e-02
8.838999999999999635e-03,3.343750000000000194e-02
8.867999999999999147e-03,3.406250000000000250e-02
8.896999999999998660e-03,3.500000000000000333e-02
8.925999999999999907e-03,3.562500000000000389e-02
8.954999999999999419e-03,3.593750000000000416e-02
8.983999999999998931e-03,3.656250000000000472e-02
9.013000000000000178e-03,3.750000000000000555e-02
9.041999999999999690e-03,3.781250000000000583e-02
9.070999999999999203e-03,3.812500000000000611e-02
9.099999999999998715e-03,3.843750000000000638e-02
9.128999999999999962e-03,3.875000000000000666e-02
9.157999999999999474e-03,3.906250000000000000e-02
9.186999999999998986e-03,3.937500000000000722e-02
9.216000000000000233e-03,3.968750000000000056e-02
9.244999999999999746e-03,3.937500000000000722e-02
9.273999999999999258e-03,3.906250000000000000e-02
9.302999999999998770e-03,3.875000000000000666e-02
9.332000000000000017e-03,3.875000000000000666e-02
9.360999999999999530e-03,3.812500000000000611e-02
9.389999999999999042e-03,3.781250000000000583e-02
9.418999999999998554e-03,3.687500000000000500e-02
9.447999999999999801e-03,3.625000000000000444e-02
9.476999999999999313e-03,3.531250000000000361e-02
9.505999999999998826e-03,3.406250000000000250e-02
9.535000000000000073e-03,3.312500000000000167e-02
9.563999999999999585e-03,3.281250000000000139e-02
9.592999999999999097e-03,3.093750000000000319e-02
9.621999999999998610e-03,2.968750000000000208e-02
9.650999999999999857e-03,2.875000000000000472e-02
9.679999999999999369e-03,2.750000000000000361e-02
9.708999999999998881e-03,2.687500000000000305e-02
9.738000000000000128e-03,2.656250000000000278e-02
9.766999999999999640e-03,2.625000000000000250e-02
9.795999999999999153e-03,2.531250000000000167e-02
9.824999999999998665e-03,2.531250000000000167e-02
9.853999999999999912e-03,2.562500000000000194e-02
9.882999999999999424e-03,2.562500000000000194e-02
9.911999999999998937e-03,2.593750000000000222e-02
9.941000000000000184e-03,2.656250000000000278e-02
9.969999999999999696e-03,2.718750000000000333e-02
9.998999999999999208e-03,2.812500000000000416e-02
1.002799999999999872e-02,2.906250000000000500e-02
1.005699999999999997e-02,2.968750000000000208e-02
1.008599999999999948e-02,3.156250000000000028e-02
1.011499999999999899e-02,3.156250000000000028e-02
1.014399999999999850e-02,3.250000000000000111e-02
1.017299999999999975e-02,3.281250000000000139e-02
1.020199999999999926e-02,3.375000000000000222e-02
1.023099999999999878e-02,3.468750000000000305e-02
1.026000000000000002e-02,3.468750000000000305e-02
1.028899999999999954e-02,3.531250000000000361e-02
1.031799999999999905e-02,3.562500000000000389e-02
1.034699999999999856e-02,3.562500000000000389e-02
1.037599999999999981e-02,3.593750000000000416e-02
1.040499999999999932e-02,3.562500000000000389e-02
1.043399999999999883e-02,3.531250000000000361e-02
1.046300000000000008e-02,3.500000000000000333e-02
1.049199999999999959e-02,3.437500000000000278e-02
1.052099999999999910e-02,3.375000000000000222e-02
1.054999999999999861e-02,3.281250000000000139e-02
1.057899999999999986e-02,3.218750000000000083e-02
1.060799999999999937e-02,3.125000000000000000e-02
1.063699999999999889e-02,2.937500000000000527e-02
1.066600000000000013e-02,2.843750000000000444e-02
1.069499999999999965e-02,2.750000000000000361e-02
1.072399999999999916e-02,2.593750000000000222e-02
1.075299999999999867e-02,2.406250000000000056e-02
1.078199999999999992e-02,2.281250000000000291e-02
1.081099999999999943e-02,2.156250000000000527e-02
1.083999999999999894e-02,2.062500000000000444e-02
1.086900000000000019e-02,2.000000000000000389e-02
1.089799999999999970e-02,1.875000000000000278e-02
1.092699999999999921e-02,1.843750000000000250e-02
1.095599999999999873e-02,1.750000000000000167e-02
1.098499999999999997e-02,1.687500000000000458e-02
1.101399999999999949e-02,1.718750000000000139e-02
1.104299999999999900e-02,1.718750000000000139e-02
1.107200000000000024e-02,1.750000000000000167e-02
1.110099999999999976e-02,1.843750000000000250e-02
1.112999999999999927e-02,1.875000000000000278e-02
1.115899999999999878e-02,1.968750000000000361e-02
1.118800000000000003e-02,2.000000000000000389e-02
1.121699999999999954e-02,2.156250000000000527e-02
1.124599999999999905e-02,2.250000000000000264e-02
1.127499999999999857e-02,2.375000000000000375e-02
1.130399999999999981e-02,2.468750000000000111e-02
1.133299999999999932e-02,2.562500000000000194e-02
1.136199999999999884e-02,2.687500000000000305e-02
1.139100000000000008e-02,2.843750000000000444e-02
1.141999999999999960e-02,2.875000000000000472e-02
1.144899999999999911e-02,2.968750000000000208e-02
1.147799999999999862e-02,3.031250000000000264e-02
1.150699999999999987e-02,3.156250000000000028e-02
1.153599999999999938e-02,3.156250000000000028e-02
1.156499999999999889e-02,3.187500000000000056e-02
1.159400000000000014e-02,3.218750000000000083e-02
1.162299999999999965e-02,3.218750000000000083e-02
1.165199999999999916e-02,3.218750000000000083e-02
1.168099999999999868e-02,3.156250000000000028e-02
1.170999999999999992e-02,3.125000000000000000e-02
1.173899999999999944e-02,3.000000000000000236e-02
1.176799999999999895e-02,2.906250000000000500e-02
1.179700000000000019e-02,2.843750000000000444e-02
1.182599999999999971e-02,2.687500000000000305e-02
1.185499999999999922e-02,2.531250000000000167e-02
1.188399999999999873e-02,2.406250000000000056e-02
1.191299999999999998e-02,2.312500000000000319e-02
1.194199999999999949e-02,2.156250000000000527e-02
1.197099999999999900e-02,2.031250000000000416e-02
1.199999999999999852e-02,1.843750000000000250e-02
1.202899999999999976e-02,1.781250000000000194e-02
1.205799999999999927e-02,1.593750000000000375e-02
1.208699999999999879e-02,1.531250000000000319e-02
1.211600000000000003e-02,1.406250000000000208e-02
1.214499999999999955e-02,1.406250000000000208e-02
1.217399999999999906e-02,1.312500000000000125e-02
1.220299999999999857e-02,1.281250000000000444e-02
1.223199999999999982e-02,1.250000000000000416e-02
1.226099999999999933e-02,1.250000000000000416e-02
1.228999999999999884e-02,1.281250000000000444e-02
1.231900000000000009e-02,1.312500000000000125e-02
1.234799999999999960e-02,1.406250000000000208e-02
1.237699999999999911e-02,1.437500000000000236e-02
1.240599999999999863e-02,1.531250000000000319e-02
1.243499999999999987e-02,1.593750000000000375e-02
1.246399999999999939e-02,1.750000000000000167e-02
1.249299999999999890e-02,1.750000000000000167e-02
1.252200000000000014e-02,1.812500000000000222e-02
1.255099999999999966e-02,1.906250000000000305e-02
1.257999999999999917e-02,2.062500000000000444e-02
1.260899999999999868e-02,2.093750000000000472e-02
1.263799999999999993e-02,2.156250000000000527e-02
1.266699999999999944e-02,2.218750000000000236e-02
1.269599999999999895e-02,2.281250000000000291e-02
1.272500000000000020e-02,2.250000000000000264e-02
1.275399999999999971e-02,2.281250000000000291e-02
1.278299999999999922e-02,2.250000000000000264e-02
1.281199999999999874e-02,2.218750000000000236e-02
1.284099999999999998e-02,2.218750000000000236e-02
1.286999999999999950e-02,2.125000000000000500e-02
1.289899999999999901e-02,2.093750000000000472e-02
1.292800000000000026e-02,2.000000000000000389e-02
1.295699999999999977e-02,1.875000000000000278e-02
1.298599999999999928e-02,1.843750000000000250e-02
1.301499999999999879e-02,1.625000000000000402e-02
1.304400000000000004e-02,1.500000000000000291e-02
1.307299999999999955e-02,1.468750000000000264e-02
1.310199999999999906e-02,1.250000000000000416e-02
1.313099999999999858e-02,1.125000000000000305e-02
1.315999999999999982e-02,9.687500000000001665e-03
1.318899999999999934e-02,9.375000000000001388e-03
1.321799999999999885e-02,8.125000000000003747e-03
1.324700000000000009e-02,7.812500000000003469e-03
1.327599999999999961e-02,6.562500000000002359e-03
1.330499999999999912e-02,6.562500000000002359e-03
1.333399999999999863e-02,5.937500000000001804e-03
1.336299999999999988e-02,5.000000000000004441e-03
1.339199999999999939e-02,5.000000000000004441e-03
1.342099999999999890e-02,4.687500000000004163e-03
1.345000000000000015e-02,4.687500000000004163e-03
1.347899999999999966e-02,5.000000000000004441e-03
1.350799999999999917e-02,5.312500000000001249e-03
1.353699999999999869e-02,5.312500000000001249e-03
1.356599999999999993e-02,6.250000000000002082e-03
1.359499999999999945e-02,6.562500000000002359e-03
1.362399999999999896e-02,7.500000000000003192e-03
1.365300000000000021e-02,7.500000000000003192e-03
1.368199999999999972e-02,8.125000000000003747e-03
1.371099999999999923e-02,9.062500000000001110e-03
1.373999999999999874e-02,1.000000000000000194e-02
1.376899999999999999e-02,1.031250000000000222e-02
1.379799999999999950e-02,1.062500000000000250e-02
1.382699999999999901e-02,1.125000000000000305e-02
1.385599999999999853e-02,1.218750000000000389e-02
1.388499999999999977e-02,1.218750000000000389e-02
1.391399999999999929e-02,1.250000000000000416e-02
1.394299999999999880e-02,1.250000000000000416e-02
1.397200000000000004e-02,1.250000000000000416e-02
1.400099999999999956e-02,1.250000000000000416e-02
1.402999999999999907e-02,1.250000000000000416e-02
1.405899999999999858e-02,1.187500000000000361e-02
1.408799999999999983e-02,1.187500000000000361e-02
1.411699999999999934e-02,1.125000000000000305e-02
1.414599999999999885e-02,1.031250000000000222e-02
1.417500000000000010e-02,1.000000000000000194e-02
1.420399999999999961e-02,8.750000000000004302e-03
1.423299999999999912e-02,8.125000000000003747e-03
1.426199999999999864e-02,7.500000000000003192e-03
1.429099999999999988e-02,6.875000000000002637e-03
1.431999999999999940e-02,6.250000000000002082e-03
1.434899999999999891e-02,5.312500000000001249e-03
1.437800000000000016e-02,5.000000000000004441e-03
1.440699999999999967e-02,4.375000000000003886e-03
1.443599999999999918e-02,4.375000000000003886e-03
1.446499999999999869e-02,4.062500000000003608e-03
1.449399999999999994e-02,3.750000000000003331e-03
1.452299999999999945e-02,3.437500000000003053e-03
1.455199999999999896e-02,3.437500000000003053e-03
1.458100000000000021e-02,3.437500000000003053e-03
1.460999999999999972e-02,3.437500000000003053e-03
1.463899999999999924e-02,3.750000000000003331e-03
1.466799999999999875e-02,4.062500000000003608e-03
1.469699999999999999e-02,4.062500000000003608e-03
1.472599999999999951e-02,4.375000000000003886e-03
1.475499999999999902e-02,5.312500000000001249e-03
1.478400000000000027e-02,5.312500000000001249e-03
1.481299999999999978e-02,6.250000000000002082e-03
1.484199999999999929e-02,6.562500000000002359e-03
1.487099999999999880e-02,6.875000000000002637e-03
1.490000000000000005e-02,7.812500000000003469e-03
1.492899999999999956e-02,8.437500000000004025e-03
1.495799999999999907e-02,9.062500000000001110e-03
1.498699999999999859e-02,9.375000000000001388e-03
1.501599999999999983e-02,9.687500000000001665e-03
1.504499999999999935e-02,9.687500000000001665e-03
1.507399999999999886e-02,1.000000000000000194e-02
1.510300000000000011e-02,1.000000000000000194e-02
1.513199999999999962e-02,9.687500000000001665e-03
1.516099999999999913e-02,1.000000000000000194e-02
1.518999999999999864e-02,9.375000000000001388e-03
1.521899999999999989e-02,9.062500000000001110e-03
1.524799999999999940e-02,8.437500000000004025e-03
1.527699999999999891e-02,8.437500000000004025e-03
1.530600000000000016e-02,7.500000000000003192e-03
1.533499999999999967e-02,6.562500000000002359e-03
1.536399999999999919e-02,6.562500000000002359e-03
1.539299999999999870e-02,5.625000000000001527e-03
1.542199999999999994e-02,5.000000000000004441e-03
1.545099999999999946e-02,4.687500000000004163e-03
1.547999999999999897e-02,4.062500000000003608e-03
1.550900000000000022e-02,3.437500000000003053e-03
1.553799999999999973e-02,3.437500000000003053e-03
1.556699999999999924e-02,3.125000000000002776e-03
1.559599999999999875e-02,2.812500000000002498e-03
1.562500000000000000e-02,2.812500000000002498e-03
1.565400000000000125e-02,2.500000000000002220e-03
1.568299999999999902e-02,2.500000000000002220e-03
1.571200000000000027e-02,2.500000000000002220e-03
1.574100000000000152e-02,2.187500000000001943e-03
1.576999999999999930e-02,2.500000000000002220e-03
1.579900000000000054e-02,2.812500000000002498e-03
1.582800000000000179e-02,2.187500000000001943e-03
1.585699999999999957e-02,2.812500000000002498e-03
1.588600000000000081e-02,3.125000000000002776e-03
1.591499999999999859e-02,3.437500000000003053e-03
1.594399999999999984e-02,3.125000000000002776e-03
1.597300000000000109e-02,3.750000000000003331e-03
1.600199999999999886e-02,4.375000000000003886e-03
1.603100000000000011e-02,5.000000000000004441e-03
1.606000000000000136e-02,5.937500000000001804e-03
1.608900000000000260e-02,6.250000000000002082e-03
1.611800000000000038e-02,6.250000000000002082e-03
1.614700000000000163e-02,6.875000000000002637e-03
1.617599999999999941e-02,7.187500000000002914e-03
1.620500000000000065e-02,8.125000000000003747e-03
1.623400000000000190e-02,7.812500000000003469e-03
1.626299999999999968e-02,8.437500000000004025e-03
1.629200000000000093e-02,8.125000000000003747e-03
1.632100000000000217e-02,8.125000000000003747e-03
1.634999999999999995e-02,7.500000000000003192e-03
1.637900000000000120e-02,7.500000000000003192e-03
1.640800000000000244e-02,6.875000000000002637e-03
1.643700000000000022e-02,6.250000000000002082e-03
1.646600000000000147e-02,5.937500000000001804e-03
1.649500000000000272e-02,5.312500000000001249e-03
1.652400000000000049e-02,4.687500000000004163e-03
1.655300000000000174e-02,4.375000000000003886e-03
1.658199999999999952e-02,3.750000000000003331e-03
1.661100000000000076e-02,3.437500000000003053e-03
1.664000000000000201e-02,3.125000000000002776e-03
1.666899999999999979e-02,2.812500000000002498e-03
1.669800000000000104e-02,3.125000000000002776e-03
1.672700000000000228e-02,3.125000000000002776e-03
1.675600000000000006e-02,3.125000000000002776e-03
1.678500000000000131e-02,3.437500000000003053e-03
1.681400000000000255e-02,3.125000000000002776e-03
1.684300000000000033e-02,3.437500000000003053e-03
1.687200000000000158e-02,3.750000000000003331e-03
1.690100000000000283e-02,3.750000000000003331e-03
1.693000000000000060e-02,3.750000000000003331e-03
1.695900000000000185e-02,3.750000000000003331e-03
1.698799999999999963e-02,3.437500000000003053e-03
1.701700000000000088e-02,3.437500000000003053e-03
1.704600000000000212e-02,3.125000000000002776e-03
1.707499999999999990e-02,2.812500000000002498e-03
1.710400000000000115e-02,2.812500000000002498e-03
1.713300000000000239e-02,2.812500000000002498e-03
1.716200000000000017e-02,2.500000000000002220e-03
1.719100000000000142e-02,2.812500000000002498e-03
1.722000000000000267e-02,2.500000000000002220e-03
1.724900000000000044e-02,2.187500000000001943e-03
1.727800000000000169e-02,2.187500000000001943e-03
1.730699999999999947e-02,2.187500000000001943e-03
1.733600000000000071e-02,2.500000000000002220e-03
1.736500000000000196e-02,2.187500000000001943e-03
1.739399999999999974e-02,2.187500000000001943e-03
1.742300000000000099e-02,2.187500000000001943e-03
1.745200000000000223e-02,2.187500000000001943e-03
1.748100000000000001e-02,1.875000000000001665e-03
1.751000000000000126e-02,2.187500000000001943e-03
1.753900000000000250e-02,2.187500000000001943e-03
1.756800000000000028e-02,2.500000000000002220e-03
1.759700000000000153e-02,2.187500000000001943e-03
1.762600000000000278e-02,2.187500000000001943e-03
1.765500000000000055e-02,2.500000000000002220e-03
1.768400000000000180e-02,2.187500000000001943e-03
1.771299999999999958e-02,2.187500000000001943e-03
1.774200000000000083e-02,2.500000000000002220e-03
1.777100000000000207e-02,3.125000000000002776e-03
1.779999999999999985e-02,3.437500000000003053e-03
1.782900000000000110e-02,3.750000000000003331e-03
1.785800000000000234e-02,4.375000000000003886e-03
1.788700000000000012e-02,5.000000000000004441e-03
1.791600000000000137e-02,5.625000000000001527e-03
1.794500000000000262e-02,5.937500000000001804e-03
1.797400000000000039e-02,6.562500000000002359e-03
1.800300000000000164e-02,6.562500000000002359e-03
1.803200000000000289e-02,6.875000000000002637e-03
1.806100000000000066e-02,6.875000000000002637e-03
1.809000000000000191e-02,7.500000000000003192e-03
1.811899999999999969e-02,7.187500000000002914e-03
1.814800000000000094e-02,6.875000000000002637e-03
1.817700000000000218e-02,6.562500000000002359e-03
1.820599999999999996e-02,5.937500000000001804e-03
1.823500000000000121e-02,6.250000000000002082e-03
1.826400000000000245e-02,5.625000000000001527e-03
1.829300000000000023e-02,5.312500000000001249e-03
1.832200000000000148e-02,5.000000000000004441e-03
1.835100000000000273e-02,4.062500000000003608e-03
1.838000000000000050e-02,4.062500000000003608e-03
1.840900000000000175e-02,3.750000000000003331e-03
1.843799999999999953e-02,3.437500000000003053e-03
1.846700000000000078e-02,3.125000000000002776e-03
1.849600000000000202e-02,3.437500000000003053e-03
1.852499999999999980e-02,2.812500000000002498e-03
1.855400000000000105e-02,2.812500000000002498e-03
1.858300000000000229e-02,2.500000000000002220e-03
1.861200000000000007e-02,2.500000000000002220e-03
1.864100000000000132e-02,2.500000000000002220e-03
1.867000000000000257e-02,2.500000000000002220e-03
1.869900000000000034e-02,2.187500000000001943e-03
1.872800000000000159e-02,2.187500000000001943e-03
1.875700000000000284e-02,2.187500000000001943e-03
1.878600000000000061e-02,2.500000000000002220e-03
1.881500000000000186e-02,2.500000000000002220e-03
1.884399999999999964e-02,2.812500000000002498e-03
1.887300000000000089e-02,3.125000000000002776e-03
1.890200000000000213e-02,3.437500000000003053e-03
1.893099999999999991e-02,4.062500000000003608e-03
1.896000000000000116e-02,4.375000000000003886e-03
1.898900000000000240e-02,5.000000000000004441e-03
1.901800000000000018e-02,5.937500000000001804e-03
1.904700000000000143e-02,6.250000000000002082e-03
1.907600000000000268e-02,7.500000000000003192e-03
1.910500000000000045e-02,7.812500000000003469e-03
1.913400000000000170e-02,8.750000000000004302e-03
1.916299999999999948e-02,9.062500000000001110e-03
1.919200000000000073e-02,9.687500000000001665e-03
1.922100000000000197e-02,9.687500000000001665e-03
1.924999999999999975e-02,1.000000000000000194e-02
1.927900000000000100e-02,9.687500000000001665e-03
1.930800000000000224e-02,1.000000000000000194e-02
1.933700000000000002e-02,9.375000000000001388e-03
1.936600000000000127e-02,9.062500000000001110e-03
1.939500000000000252e-02,8.750000000000004302e-03
1.942400000000000029e-02,8.125000000000003747e-03
1.945300000000000154e-02,7.500000000000003192e-03
1.948200000000000279e-02,6.875000000000002637e-03
1.951100000000000056e-02,6.562500000000002359e-03
1.954000000000000181e-02,5.937500000000001804e-03
1.956899999999999959e-02,5.000000000000004441e-03
1.959800000000000084e-02,4.687500000000004163e-03
1.962700000000000208e-02,4.375000000000003886e-03
1.965599999999999986e-02,4.062500000000003608e-03
1.968500000000000111e-02,3.750000000000003331e-03
1.971400000000000236e-02,3.750000000000003331e-03
1.974300000000000013e-02,3.437500000000003053e-03
1.977200000000000138e-02,3.437500000000003053e-03
1.980100000000000263e-02,3.125000000000002776e-03
1.983000000000000040e-02,3.750000000000003331e-03
1.985900000000000165e-02,3.750000000000003331e-03
1.988799999999999943e-02,3.750000000000003331e-03
1.991700000000000068e-02,4.062500000000003608e-03
1.994600000000000192e-02,4.375000000000003886e-03
1.997499999999999970e-02,4.687500000000004163e-03
2.000400000000000095e-02,5.000000000000004441e-03
2.003300000000000219e-02,5.312500000000001249e-03
2.006199999999999997e-02,6.562500000000002359e-03
2.009100000000000122e-02,7.500000000000003192e-03
2.012000000000000247e-02,7.812500000000003469e-03
2.014900000000000024e-02,1.000000000000000194e-02
2.017800000000000149e-02,1.000000000000000194e-02
2.020700000000000274e-02,1.187500000000000361e-02
2.023600000000000051e-02,1.250000000000000416e-02
2.026500000000000176e-02,1.281250000000000444e-02
2.029399999999999954e-02,1.468750000000000264e-02
2.032300000000000079e-02,1.468750000000000264e-02
2.035200000000000203e-02,1.625000000000000402e-02
2.038099999999999981e-02,1.625000000000000402e-02
2.041000000000000106e-02,1.656250000000000430e-02
2.043900000000000231e-02,1.656250000000000430e-02
2.046800000000000008e-02,1.656250000000000430e-02
2.049700000000000133e-02,1.593750000000000375e-02
2.052600000000000258e-02,1.562500000000000347e-02
2.055500000000000035e-02,1.500000000000000291e-02
2.058400000000000160e-02,1.468750000000000264e-02
2.061300000000000285e-02,1.375000000000000180e-02
2.064200000000000063e-02,1.281250000000000444e-02
2.067100000000000187e-02,1.156250000000000333e-02
2.069999999999999965e-02,1.093750000000000278e-02
2.072900000000000090e-02,1.000000000000000194e-02
2.075800000000000214e-02,1.000000000000000194e-02
2.078699999999999992e-02,8.750000000000004302e-03
2.081600000000000117e-02,8.437500000000004025e-03
2.084500000000000242e-02,8.125000000000003747e-03
2.087400000000000019e-02,7.812500000000003469e-03
2.090300000000000144e-02,7.500000000000003192e-03
2.093200000000000269e-02,6.875000000000002637e-03
2.096100000000000046e-02,7.187500000000002914e-03
2.099000000000000171e-02,7.500000000000003192e-03
2.101899999999999949e-02,7.500000000000003192e-03
2.104800000000000074e-02,7.812500000000003469e-03
2.107700000000000198e-02,8.125000000000003747e-03
2.110599999999999976e-02,8.437500000000004025e-03
2.113500000000000101e-02,9.375000000000001388e-03
2.116400000000000226e-02,1.062500000000000250e-02
2.119300000000000003e-02,1.093750000000000278e-02
2.122200000000000128e-02,1.250000000000000416e-02
2.125100000000000253e-02,1.375000000000000180e-02
2.128000000000000030e-02,1.500000000000000291e-02
2.130900000000000155e-02,1.656250000000000430e-02
2.133800000000000280e-02,1.718750000000000139e-02
2.136700000000000058e-02,1.906250000000000305e-02
2.139600000000000182e-02,2.125000000000000500e-02
2.142499999999999960e-02,2.125000000000000500e-02
2.145400000000000085e-02,2.375000000000000375e-02
2.148300000000000209e-02,2.437500000000000083e-02
2.151199999999999987e-02,2.531250000000000167e-02
2.154100000000000112e-02,2.656250000000000278e-02
2.157000000000000237e-02,2.656250000000000278e-02
2.159900000000000014e-02,2.718750000000000333e-02
2.162800000000000139e-02,2.718750000000000333e-02
2.165700000000000264e-02,2.687500000000000305e-02
2.168600000000000042e-02,2.718750000000000333e-02
2.171500000000000166e-02,2.687500000000000305e-02
2.174400000000000291e-02,2.625000000000000250e-02
2.177300000000000069e-02,2.531250000000000167e-02
2.180200000000000193e-02,2.468750000000000111e-02
2.183099999999999971e-02,2.343750000000000347e-02
2.186000000000000096e-02,2.250000000000000264e-02
2.188900000000000221e-02,2.187500000000000555e-02
2.191799999999999998e-02,2.062500000000000444e-02
2.194700000000000123e-02,1.968750000000000361e-02
2.197600000000000248e-02,1.843750000000000250e-02
2.200500000000000025e-02,1.781250000000000194e-02
2.203400000000000150e-02,1.656250000000000430e-02
2.206300000000000275e-02,1.625000000000000402e-02
2.209200000000000053e-02,1.531250000000000319e-02
2.212100000000000177e-02,1.437500000000000236e-02
2.214999999999999955e-02,1.437500000000000236e-02
2.217900000000000080e-02,1.406250000000000208e-02
2.220800000000000204e-02,1.406250000000000208e-02
2.223699999999999982e-02,1.406250000000000208e-02
2.226600000000000107e-02,1.437500000000000236e-02
2.229500000000000232e-02,1.500000000000000291e-02
2.232400000000000009e-02,1.531250000000000319e-02
2.235300000000000134e-02,1.656250000000000430e-02
2.238200000000000259e-02,1.718750000000000139e-02
2.241100000000000037e-02,1.812500000000000222e-02
2.244000000000000161e-02,1.906250000000000305e-02
2.246900000000000286e-02,2.000000000000000389e-02
2.249800000000000064e-02,2.187500000000000555e-02
2.252700000000000188e-02,2.343750000000000347e-02
2.255599999999999966e-02,2.468750000000000111e-02
2.258500000000000091e-02,2.593750000000000222e-02
2.261400000000000216e-02,2.812500000000000416e-02
2.264299999999999993e-02,2.812500000000000416e-02
2.267200000000000118e-02,3.000000000000000236e-02
2.270100000000000243e-02,3.062500000000000291e-02
2.273000000000000020e-02,3.125000000000000000e-02
2.275900000000000145e-02,3.125000000000000000e-02
2.278800000000000270e-02,3.125000000000000000e-02
2.281700000000000048e-02,3.156250000000000028e-02
2.284600000000000172e-02,3.156250000000000028e-02
2.287499999999999950e-02,3.093750000000000319e-02
2.290400000000000075e-02,3.062500000000000291e-02
2.293300000000000199e-02,3.000000000000000236e-02
2.296199999999999977e-02,2.875000000000000472e-02
2.299100000000000102e-02,2.781250000000000389e-02
2.302000000000000227e-02,2.687500000000000305e-02
2.304900000000000004e-02,2.656250000000000278e-02
2.307800000000000129e-02,2.531250000000000167e-02
2.310700000000000254e-02,2.500000000000000139e-02
2.313600000000000032e-02,2.437500000000000083e-02
2.316500000000000156e-02,2.312500000000000319e-02
2.319400000000000281e-02,2.281250000000000291e-02
2.322300000000000059e-02,2.218750000000000236e-02
2.325200000000000183e-02,2.218750000000000236e-02
2.328099999999999961e-02,2.187500000000000555e-02
2.331000000000000086e-02,2.187500000000000555e-02
2.333900000000000211e-02,2.187500000000000555e-02
2.336799999999999988e-02,2.218750000000000236e-02
2.339700000000000113e-02,2.250000000000000264e-02
2.342600000000000238e-02,2.312500000000000319e-02
2.345500000000000015e-02,2.375000000000000375e-02
2.348400000000000140e-02,2.437500000000000083e-02
2.351300000000000265e-02,2.593750000000000222e-02
2.354200000000000043e-02,2.625000000000000250e-02
2.357100000000000167e-02,2.750000000000000361e-02
2.359999999999999945e-02,2.843750000000000444e-02
2.362900000000000070e-02,3.000000000000000236e-02
2.365800000000000194e-02,3.187500000000000056e-02
2.368699999999999972e-02,3.312500000000000167e-02
2.371600000000000097e-02,3.468750000000000305e-02
2.374500000000000222e-02,3.562500000000000389e-02
2.377399999999999999e-02,3.718750000000000527e-02
2.380300000000000124e-02,3.843750000000000638e-02
2.383200000000000249e-02,3.906250000000000000e-02
2.386100000000000027e-02,3.937500000000000722e-02
2.389000000000000151e-02,4.031250000000000111e-02
2.391900000000000276e-02,4.093750000000000167e-02
2.394800000000000054e-02,4.093750000000000167e-02
2.397700000000000178e-02,4.125000000000000194e-02
2.400599999999999956e-02,4.093750000000000167e-02
2.403500000000000081e-02,4.062500000000000139e-02
2.406400000000000206e-02,4.000000000000000083e-02
2.409299999999999983e-02,3.937500000000000722e-02
2.412200000000000108e-02,3.781250000000000583e-02
2.415100000000000233e-02,3.687500000000000500e-02
2.418000000000000010e-02,3.625000000000000444e-02
2.420900000000000135e-02,3.531250000000000361e-02
2.423800000000000260e-02,3.375000000000000222e-02
2.426700000000000038e-02,3.281250000000000139e-02
2.429600000000000162e-02,3.187500000000000056e-02
2.432500000000000287e-02,3.062500000000000291e-02
2.435400000000000065e-02,3.000000000000000236e-02
2.438300000000000189e-02,2.843750000000000444e-02
2.441199999999999967e-02,2.812500000000000416e-02
2.444100000000000092e-02,2.781250000000000389e-02
2.447000000000000217e-02,2.718750000000000333e-02
2.449899999999999994e-02,2.718750000000000333e-02
2.452800000000000119e-02,2.687500000000000305e-02
2.455700000000000244e-02,2.750000000000000361e-02
2.458600000000000022e-02,2.750000000000000361e-02
2.461500000000000146e-02,2.812500000000000416e-02
2.464400000000000271e-02,2.875000000000000472e-02
2.467300000000000049e-02,2.937500000000000527e-02
2.470200000000000173e-02,3.000000000000000236e-02
2.473099999999999951e-02,3.093750000000000319e-02
2.476000000000000076e-02,3.250000000000000111e-02
2.478900000000000201e-02,3.343750000000000194e-02
2.481799999999999978e-02,3.437500000000000278e-02
2.484700000000000103e-02,3.562500000000000389e-02
2.487600000000000228e-02,3.625000000000000444e-02
2.490500000000000005e-02,3.781250000000000583e-02
2.493400000000000130e-02,3.968750000000000056e-02
2.496300000000000255e-02,4.031250000000000111e-02
2.499200000000000033e-02,4.156250000000000222e-02
2.502100000000000157e-02,4.187500000000000250e-02
2.505000000000000282e-02,4.218750000000000278e-02
2.507900000000000060e-02,4.312500000000000361e-02
2.510800000000000184e-02,4.375000000000000416e-02
2.513699999999999962e-02,4.406250000000000444e-02
2.516600000000000087e-02,4.406250000000000444e-02
2.519500000000000212e-02,4.406250000000000444e-02
2.522399999999999989e-02,4.343750000000000389e-02
2.525300000000000114e-02,4.343750000000000389e-02
2.528200000000000239e-02,4.281250000000000333e-02
2.531100000000000017e-02,4.281250000000000333e-02
2.534000000000000141e-02,4.187500000000000250e-02
2.536900000000000266e-02,4.125000000000000194e-02
2.539800000000000044e-02,4.031250000000000111e-02
2.542700000000000168e-02,3.937500000000000722e-02
2.545600000000000293e-02,3.843750000000000638e-02
2.548500000000000071e-02,3.750000000000000555e-02
2.551400000000000196e-02,3.750000000000000555e-02
2.554299999999999973e-02,3.656250000000000472e-02
2.557200000000000098e-02,3.593750000000000416e-02
2.560100000000000223e-02,3.531250000000000361e-02
2.563000000000000000e-02,3.468750000000000305e-02
2.565900000000000125e-02,3.468750000000000305e-02
2.568800000000000250e-02,3.468750000000000305e-02
2.571700000000000028e-02,3.468750000000000305e-02
2.574600000000000152e-02,3.500000000000000333e-02
2.577500000000000277e-02,3.500000000000000333e-02
2.580400000000000055e-02,3.562500000000000389e-02
2.583300000000000179e-02,3.656250000000000472e-02
2.586199999999999957e-02,3.718750000000000527e-02
2.589100000000000082e-02,3.718750000000000527e-02
2.592000000000000207e-02,3.812500000000000611e-02
2.594899999999999984e-02,3.937500000000000722e-02
2.597800000000000109e-02,4.031250000000000111e-02
2.600700000000000234e-02,4.062500000000000139e-02
2.603600000000000012e-02,4.187500000000000250e-02
2.606500000000000136e-02,4.250000000000000305e-02
2.609400000000000261e-02,4.312500000000000361e-02
2.612300000000000039e-02,4.375000000000000416e-02
2.615200000000000163e-02,4.437500000000000472e-02
2.618100000000000288e-02,4.468750000000000500e-02
2.621000000000000066e-02,4.531250000000000555e-02
2.623900000000000191e-02,4.531250000000000555e-02
2.626799999999999968e-02,4.593750000000000611e-02
2.629700000000000093e-02,4.562500000000000583e-02
2.632600000000000218e-02,4.562500000000000583e-02
2.635499999999999995e-02,4.593750000000000611e-02
2.638400000000000120e-02,4.562500000000000583e-02
2.641300000000000245e-02,4.562500000000000583e-02
2.644200000000000023e-02,4.531250000000000555e-02
2.647100000000000147e-02,4.500000000000000527e-02
2.650000000000000272e-02,4.437500000000000472e-02
2.652900000000000050e-02,4.375000000000000416e-02
2.655800000000000174e-02,4.343750000000000389e-02
2.658699999999999952e-02,4.312500000000000361e-02
2.661600000000000077e-02,4.250000000000000305e-02
2.664500000000000202e-02,4.187500000000000250e-02
2.667399999999999979e-02,4.093750000000000167e-02
2.670300000000000104e-02,4.093750000000000167e-02
2.673200000000000229e-02,4.062500000000000139e-02
2.676100000000000007e-02,4.000000000000000083e-02
2.679000000000000131e-02,3.968750000000000056e-02
2.681900000000000256e-02,3.937500000000000722e-02
2.684800000000000034e-02,3.937500000000000722e-02
2.687700000000000158e-02,3.937500000000000722e-02
2.690600000000000283e-02,3.937500000000000722e-02
2.693500000000000061e-02,3.968750000000000056e-02
2.696400000000000186e-02,4.031250000000000111e-02
2.699299999999999963e-02,4.062500000000000139e-02
2.702200000000000088e-02,4.093750000000000167e-02
2.705100000000000213e-02,4.156250000000000222e-02
2.707999999999999990e-02,4.218750000000000278e-02
2.710900000000000115e-02,4.250000000000000305e-02
2.713800000000000240e-02,4.312500000000000361e-02
2.716700000000000018e-02,4.375000000000000416e-02
2.719600000000000142e-02,4.375000000000000416e-02
2.722500000000000267e-02,4.437500000000000472e-02
2.725400000000000045e-02,4.531250000000000555e-02
2.728300000000000169e-02,4.562500000000000583e-02
2.731199999999999947e-02,4.624999999999999944e-02
2.734100000000000072e-02,4.593750000000000611e-02
2.737000000000000197e-02,4.593750000000000611e-02
2.739899999999999974e-02,4.593750000000000611e-02
2.742800000000000099e-02,4.624999999999999944e-02
2.745700000000000224e-02,4.624999999999999944e-02
2.748600000000000002e-02,4.656250000000000666e-02
2.751500000000000126e-02,4.624999999999999944e-02
2.754400000000000251e-02,4.593750000000000611e-02
2.757300000000000029e-02,4.624999999999999944e-02
2.760200000000000153e-02,4.624999999999999944e-02
2.763100000000000278e-02,4.624999999999999944e-02
2.766000000000000056e-02,4.624999999999999944e-02
2.768900000000000181e-02,4.593750000000000611e-02
2.771799999999999958e-02,4.593750000000000611e-02
2.774700000000000083e-02,4.593750000000000611e-02
2.777600000000000208e-02,4.593750000000000611e-02
2.780499999999999985e-02,4.562500000000000583e-02
2.783400000000000110e-02,4.562500000000000583e-02
2.786300000000000235e-02,4.562500000000000583e-02
2.789200000000000013e-02,4.531250000000000555e-02
2.792100000000000137e-02,4.531250000000000555e-02
2.795000000000000262e-02,4.531250000000000555e-02
2.797900000000000040e-02,4.531250000000000555e-02
2.800800000000000164e-02,4.531250000000000555e-02
2.803700000000000289e-02,4.531250000000000555e-02
2.806600000000000067e-02,4.500000000000000527e-02
2.809500000000000192e-02,4.531250000000000555e-02
2.812399999999999969e-02,4.562500000000000583e-02
2.815300000000000094e-02,4.531250000000000555e-02
2.818200000000000219e-02,4.562500000000000583e-02
2.821099999999999997e-02,4.593750000000000611e-02
2.824000000000000121e-02,4.593750000000000611e-02
2.826900000000000246e-02,4.593750000000000611e-02
2.829800000000000024e-02,4.624999999999999944e-02
2.832700000000000148e-02,4.624999999999999944e-02
2.835600000000000273e-02,4.656250000000000666e-02
2.838500000000000051e-02,4.624999999999999944e-02
2.841400000000000176e-02,4.593750000000000611e-02
2.844299999999999953e-02,4.593750000000000611e-02
2.847200000000000078e-02,4.593750000000000611e-02
2.850100000000000203e-02,4.562500000000000583e-02
2.852999999999999980e-02,4.562500000000000583e-02
2.855900000000000105e-02,4.562500000000000583e-02
2.858800000000000230e-02,4.593750000000000611e-02
2.861700000000000008e-02,4.562500000000000583e-02
2.864600000000000132e-02,4.562500000000000583e-02
2.867500000000000257e-02,4.562500000000000583e-02
2.870400000000000035e-02,4.562500000000000583e-02
2.873300000000000159e-02,4.562500000000000583e-02
2.876200000000000284e-02,4.562500000000000583e-02
2.879100000000000062e-02,4.593750000000000611e-02
2.882000000000000187e-02,4.593750000000000611e-02
2.884899999999999964e-02,4.593750000000000611e-02
2.887800000000000089e-02,4.593750000000000611e-02
2.890700000000000214e-02,4.593750000000000611e-02
2.893599999999999992e-02,4.593750000000000611e-02
2.896500000000000116e-02,4.593750000000000611e-02
2.899400000000000241e-02,4.562500000000000583e-02
2.902300000000000019e-02,4.562500000000000583e-02
2.905200000000000143e-02,4.562500000000000583e-02
2.908100000000000268e-02,4.531250000000000555e-02
2.911000000000000046e-02,4.562500000000000583e-02
2.913900000000000171e-02,4.562500000000000583e-02
2.916800000000000295e-02,4.562500000000000583e-02
2.919700000000000073e-02,4.562500000000000583e-02
2.922600000000000198e-02,4.562500000000000583e-02
2.925499999999999975e-02,4.562500000000000583e-02
2.928400000000000100e-02,4.562500000000000583e-02
2.931300000000000225e-02,4.593750000000000611e-02
2.934200000000000003e-02,4.593750000000000611e-02
2.937100000000000127e-02,4.624999999999999944e-02
2.940000000000000252e-02,4.593750000000000611e-02
2.942900000000000030e-02,4.593750000000000611e-02
2.945800000000000154e-02,4.562500000000000583e-02
2.948700000000000279e-02,4.531250000000000555e-02
2.951600000000000057e-02,4.500000000000000527e-02
2.954500000000000182e-02,4.500000000000000527e-02
2.957399999999999959e-02,4.375000000000000416e-02
2.960300000000000084e-02,4.343750000000000389e-02
2.963200000000000209e-02,4.343750000000000389e-02
2.966099999999999987e-02,4.218750000000000278e-02
2.969000000000000111e-02,4.250000000000000305e-02
2.971900000000000236e-02,4.156250000000000222e-02
2.974800000000000014e-02,4.125000000000000194e-02
2.977700000000000138e-02,4.125000000000000194e-02
2.980600000000000263e-02,4.125000000000000194e-02
2.983500000000000041e-02,4.156250000000000222e-02
2.986400000000000166e-02,4.187500000000000250e-02
2.989300000000000290e-02,4.187500000000000250e-02
2.992200000000000068e-02,4.250000000000000305e-02
2.995100000000000193e-02,4.250000000000000305e-02
2.997999999999999970e-02,4.312500000000000361e-02
3.000900000000000095e-02,4.312500000000000361e-02
3.003800000000000220e-02,4.375000000000000416e-02
3.006699999999999998e-02,4.406250000000000444e-02
3.009600000000000122e-02,4.437500000000000472e-02
3.012500000000000247e-02,4.468750000000000500e-02
3.015400000000000025e-02,4.500000000000000527e-02
3.018300000000000149e-02,4.531250000000000555e-02
3.021200000000000274e-02,4.531250000000000555e-02
3.024100000000000052e-02,4.531250000000000555e-02
3.027000000000000177e-02,4.562500000000000583e-02
3.029899999999999954e-02,4.562500000000000583e-02
3.032800000000000079e-02,4.562500000000000583e-02
3.035700000000000204e-02,4.593750000000000611e-02
3.038599999999999982e-02,4.593750000000000611e-02
3.041500000000000106e-02,4.593750000000000611e-02
3.044400000000000231e-02,4.593750000000000611e-02
3.047300000000000009e-02,4.593750000000000611e-02
3.050200000000000133e-02,4.624999999999999944e-02
3.053100000000000258e-02,4.593750000000000611e-02
3.056000000000000036e-02,4.562500000000000583e-02
3.058900000000000161e-02,4.562500000000000583e-02
3.061800000000000285e-02,4.531250000000000555e-02
3.064700000000000063e-02,4.500000000000000527e-02
3.067600000000000188e-02,4.437500000000000472e-02
3.070499999999999965e-02,4.375000000000000416e-02
3.073400000000000090e-02,4.281250000000000333e-02
3.076300000000000215e-02,4.281250000000000333e-02
3.079199999999999993e-02,4.187500000000000250e-02
3.082100000000000117e-02,4.062500000000000139e-02
3.085000000000000242e-02,4.000000000000000083e-02
3.087900000000000020e-02,3.875000000000000666e-02
3.090800000000000144e-02,3.812500000000000611e-02
3.093700000000000269e-02,3.718750000000000527e-02
3.096600000000000047e-02,3.718750000000000527e-02
3.099500000000000172e-02,3.656250000000000472e-02
3.102399999999999949e-02,3.625000000000000444e-02
3.105300000000000074e-02,3.656250000000000472e-02
3.108200000000000199e-02,3.625000000000000444e-02
3.111099999999999977e-02,3.687500000000000500e-02
3.114000000000000101e-02,3.750000000000000555e-02
3.116900000000000226e-02,3.781250000000000583e-02
3.119800000000000004e-02,3.812500000000000611e-02
3.122700000000000128e-02,3.937500000000000722e-02
3.125599999999999906e-02,3.937500000000000722e-02
3.128500000000000031e-02,4.062500000000000139e-02
3.131400000000000156e-02,4.125000000000000194e-02
3.134300000000000280e-02,4.218750000000000278e-02
3.137199999999999711e-02,4.250000000000000305e-02
3.140099999999999836e-02,4.312500000000000361e-02
3.142999999999999960e-02,4.343750000000000389e-02
3.145900000000000085e-02,4.343750000000000389e-02
3.148800000000000210e-02,4.437500000000000472e-02
3.151699999999999641e-02,4.406250000000000444e-02
3.154599999999999765e-02,4.468750000000000500e-02
3.157499999999999890e-02,4.468750000000000500e-02
3.160400000000000015e-02,4.468750000000000500e-02
3.163300000000000139e-02,4.468750000000000500e-02
3.166199999999999570e-02,4.468750000000000500e-02
3.169099999999999695e-02,4.500000000000000527e-02
3.171999999999999820e-02,4.468750000000000500e-02
3.174899999999999944e-02,4.437500000000000472e-02
3.177800000000000069e-02,4.406250000000000444e-02
3.180699999999999500e-02,4.375000000000000416e-02
3.183599999999999625e-02,4.312500000000000361e-02
3.186499999999999749e-02,4.218750000000000278e-02
3.189399999999999874e-02,4.156250000000000222e-02
3.192299999999999999e-02,4.093750000000000167e-02
3.195199999999999430e-02,4.031250000000000111e-02
3.198099999999999554e-02,3.968750000000000056e-02
3.200999999999999679e-02,3.937500000000000722e-02
3.203899999999999804e-02,3.843750000000000638e-02
3.206799999999999928e-02,3.812500000000000611e-02
3.209700000000000053e-02,3.750000000000000555e-02
3.212599999999999484e-02,3.718750000000000527e-02
3.215499999999999609e-02,3.750000000000000555e-02
3.218399999999999733e-02,3.718750000000000527e-02
3.221299999999999858e-02,3.750000000000000555e-02
3.224199999999999983e-02,3.781250000000000583e-02
3.227100000000000107e-02,3.812500000000000611e-02
3.229999999999999538e-02,3.843750000000000638e-02
3.232899999999999663e-02,3.937500000000000722e-02
3.235799999999999788e-02,3.968750000000000056e-02
3.238699999999999912e-02,4.000000000000000083e-02
3.241600000000000037e-02,4.093750000000000167e-02
3.244499999999999468e-02,4.156250000000000222e-02
3.247399999999999592e-02,4.218750000000000278e-02
3.250299999999999717e-02,4.281250000000000333e-02
3.253199999999999842e-02,4.312500000000000361e-02
3.256099999999999967e-02,4.375000000000000416e-02
3.259000000000000091e-02,4.375000000000000416e-02
3.261899999999999522e-02,4.406250000000000444e-02
3.264799999999999647e-02,4.437500000000000472e-02
3.267699999999999771e-02,4.437500000000000472e-02
3.270599999999999896e-02,4.500000000000000527e-02
3.273500000000000021e-02,4.531250000000000555e-02
3.276399999999999452e-02,4.531250000000000555e-02
3.279299999999999576e-02,4.531250000000000555e-02
3.282199999999999701e-02,4.562500000000000583e-02
3.285099999999999826e-02,4.562500000000000583e-02
3.287999999999999950e-02,4.562500000000000583e-02
3.290900000000000075e-02,4.531250000000000555e-02
3.293799999999999506e-02,4.500000000000000527e-02
3.296699999999999631e-02,4.437500000000000472e-02
3.299599999999999755e-02,4.437500000000000472e-02
3.302499999999999880e-02,4.406250000000000444e-02
3.305400000000000005e-02,4.343750000000000389e-02
3.308299999999999436e-02,4.281250000000000333e-02
3.311199999999999560e-02,4.218750000000000278e-02
3.314099999999999685e-02,4.125000000000000194e-02
3.316999999999999810e-02,4.062500000000000139e-02
3.319899999999999934e-02,4.000000000000000083e-02
3.322800000000000059e-02,3.937500000000000722e-02
3.325699999999999490e-02,3.906250000000000000e-02
3.328599999999999615e-02,3.906250000000000000e-02
3.331499999999999739e-02,3.875000000000000666e-02
3.334399999999999864e-02,3.843750000000000638e-02
3.337299999999999989e-02,3.843750000000000638e-02
3.340200000000000113e-02,3.843750000000000638e-02
3.343099999999999544e-02,3.875000000000000666e-02
3.345999999999999669e-02,3.906250000000000000e-02
3.348899999999999794e-02,4.000000000000000083e-02
3.351799999999999918e-02,4.062500000000000139e-02
3.354700000000000043e-02,4.093750000000000167e-02
3.357599999999999474e-02,4.093750000000000167e-02
3.360499999999999599e-02,4.187500000000000250e-02
3.363399999999999723e-02,4.250000000000000305e-02
3.366299999999999848e-02,4.281250000000000333e-02
3.369199999999999973e-02,4.281250000000000333e-02
3.372100000000000097e-02,4.343750000000000389e-02
3.374999999999999528e-02,4.375000000000000416e-02
3.377899999999999653e-02,4.406250000000000444e-02
3.380799999999999778e-02,4.406250000000000444e-02
3.383699999999999902e-02,4.500000000000000527e-02
3.386600000000000027e-02,4.468750000000000500e-02
3.389499999999999458e-02,4.500000000000000527e-02
3.392399999999999582e-02,4.531250000000000555e-02
3.395299999999999707e-02,4.531250000000000555e-02
3.398199999999999832e-02,4.531250000000000555e-02
3.401099999999999957e-02,4.500000000000000527e-02
3.404000000000000081e-02,4.500000000000000527e-02
3.406899999999999512e-02,4.468750000000000500e-02
3.409799999999999637e-02,4.406250000000000444e-02
3.412699999999999761e-02,4.375000000000000416e-02
3.415599999999999886e-02,4.312500000000000361e-02
3.418500000000000011e-02,4.250000000000000305e-02
3.421399999999999442e-02,4.156250000000000222e-02
3.424299999999999566e-02,4.062500000000000139e-02
3.427199999999999691e-02,3.937500000000000722e-02
3.430099999999999816e-02,3.750000000000000555e-02
3.432999999999999940e-02,3.656250000000000472e-02
3.435900000000000065e-02,3.531250000000000361e-02
3.438799999999999496e-02,3.468750000000000305e-02
3.441699999999999621e-02,3.281250000000000139e-02
3.444599999999999745e-02,3.218750000000000083e-02
3.447499999999999870e-02,3.093750000000000319e-02
3.450399999999999995e-02,3.093750000000000319e-02
3.453300000000000120e-02,3.031250000000000264e-02
3.456199999999999550e-02,2.968750000000000208e-02
3.459099999999999675e-02,2.968750000000000208e-02
3.461999999999999800e-02,3.000000000000000236e-02
3.464899999999999924e-02,3.031250000000000264e-02
3.467800000000000049e-02,3.125000000000000000e-02
3.470699999999999480e-02,3.250000000000000111e-02
3.473599999999999605e-02,3.281250000000000139e-02
3.476499999999999729e-02,3.343750000000000194e-02
3.479399999999999854e-02,3.437500000000000278e-02
3.482299999999999979e-02,3.531250000000000361e-02
3.485200000000000103e-02,3.593750000000000416e-02
3.488099999999999534e-02,3.625000000000000444e-02
3.490999999999999659e-02,3.750000000000000555e-02
3.493899999999999784e-02,3.812500000000000611e-02
3.496799999999999908e-02,3.812500000000000611e-02
3.499700000000000033e-02,3.875000000000000666e-02
3.502599999999999464e-02,3.906250000000000000e-02
3.505499999999999589e-02,3.937500000000000722e-02
3.508399999999999713e-02,3.937500000000000722e-02
3.511299999999999838e-02,3.968750000000000056e-02
3.514199999999999963e-02,3.968750000000000056e-02
3.517100000000000087e-02,3.937500000000000722e-02
3.519999999999999518e-02,3.937500000000000722e-02
3.522899999999999643e-02,3.937500000000000722e-02
3.525799999999999768e-02,3.812500000000000611e-02
3.528699999999999892e-02,3.750000000000000555e-02
3.531600000000000017e-02,3.656250000000000472e-02
3.534499999999999448e-02,3.593750000000000416e-02
3.537399999999999572e-02,3.437500000000000278e-02
3.540299999999999697e-02,3.406250000000000250e-02
3.543199999999999822e-02,3.250000000000000111e-02
3.546099999999999947e-02,3.156250000000000028e-02
3.549000000000000071e-02,3.093750000000000319e-02
3.551899999999999502e-02,3.000000000000000236e-02
3.554799999999999627e-02,2.875000000000000472e-02
3.557699999999999751e-02,2.812500000000000416e-02
3.560599999999999876e-02,2.687500000000000305e-02
3.563500000000000001e-02,2.625000000000000250e-02
3.566400000000000126e-02,2.593750000000000222e-02
3.569299999999999556e-02,2.531250000000000167e-02
3.572199999999999681e-02,2.531250000000000167e-02
3.575099999999999806e-02,2.562500000000000194e-02
3.577999999999999931e-02,2.593750000000000222e-02
3.580900000000000055e-02,2.687500000000000305e-02
3.583799999999999486e-02,2.687500000000000305e-02
3.586699999999999611e-02,2.718750000000000333e-02
3.589599999999999735e-02,2.843750000000000444e-02
3.592499999999999860e-02,2.937500000000000527e-02
3.595399999999999985e-02,2.968750000000000208e-02
3.598300000000000110e-02,3.093750000000000319e-02
3.601199999999999540e-02,3.218750000000000083e-02
3.604099999999999665e-02,3.312500000000000167e-02
3.606999999999999790e-02,3.437500000000000278e-02
3.609899999999999914e-02,3.468750000000000305e-02
3.612800000000000039e-02,3.593750000000000416e-02
3.615699999999999470e-02,3.687500000000000500e-02
3.618599999999999595e-02,3.718750000000000527e-02
3.621499999999999719e-02,3.781250000000000583e-02
3.624399999999999844e-02,3.812500000000000611e-02
3.627299999999999969e-02,3.843750000000000638e-02
3.630200000000000093e-02,3.843750000000000638e-02
3.633099999999999524e-02,3.875000000000000666e-02
3.635999999999999649e-02,3.843750000000000638e-02
3.638899999999999774e-02,3.843750000000000638e-02
3.641799999999999898e-02,3.750000000000000555e-02
3.644700000000000023e-02,3.750000000000000555e-02
3.647599999999999454e-02,3.687500000000000500e-02
3.650499999999999579e-02,3.625000000000000444e-02
3.653399999999999703e-02,3.562500000000000389e-02
3.656299999999999828e-02,3.468750000000000305e-02
3.659199999999999953e-02,3.406250000000000250e-02
3.662100000000000077e-02,3.250000000000000111e-02
3.664999999999999508e-02,3.156250000000000028e-02
3.667899999999999633e-02,3.125000000000000000e-02
3.670799999999999758e-02,3.000000000000000236e-02
3.673699999999999882e-02,2.906250000000000500e-02
3.676600000000000007e-02,2.843750000000000444e-02
3.679499999999999438e-02,2.750000000000000361e-02
3.682399999999999562e-02,2.687500000000000305e-02
3.685299999999999687e-02,2.656250000000000278e-02
3.688199999999999812e-02,2.625000000000000250e-02
3.691099999999999937e-02,2.656250000000000278e-02
3.694000000000000061e-02,2.656250000000000278e-02
3.696899999999999492e-02,2.687500000000000305e-02
3.699799999999999617e-02,2.718750000000000333e-02
3.702699999999999741e-02,2.843750000000000444e-02
3.705599999999999866e-02,2.937500000000000527e-02
3.708499999999999991e-02,2.906250000000000500e-02
3.711400000000000116e-02,3.062500000000000291e-02
3.714299999999999546e-02,3.125000000000000000e-02
3.717199999999999671e-02,3.218750000000000083e-02
3.720099999999999796e-02,3.281250000000000139e-02
3.722999999999999921e-02,3.375000000000000222e-02
3.725900000000000045e-02,3.437500000000000278e-02
3.728799999999999476e-02,3.562500000000000389e-02
3.731699999999999601e-02,3.625000000000000444e-02
3.734599999999999725e-02,3.656250000000000472e-02
3.737499999999999850e-02,3.750000000000000555e-02
3.740399999999999975e-02,3.812500000000000611e-02
3.743300000000000100e-02,3.781250000000000583e-02
3.746199999999999530e-02,3.812500000000000611e-02
3.749099999999999655e-02,3.812500000000000611e-02
3.751999999999999780e-02,3.812500000000000611e-02
3.754899999999999904e-02,3.781250000000000583e-02
3.757800000000000029e-02,3.750000000000000555e-02
3.760699999999999460e-02,3.687500000000000500e-02
3.763599999999999585e-02,3.593750000000000416e-02
3.766499999999999709e-02,3.500000000000000333e-02
3.769399999999999834e-02,3.468750000000000305e-02
3.772299999999999959e-02,3.375000000000000222e-02
3.775200000000000083e-02,3.156250000000000028e-02
3.778099999999999514e-02,3.031250000000000264e-02
3.780999999999999639e-02,2.906250000000000500e-02
3.783899999999999764e-02,2.750000000000000361e-02
3.786799999999999888e-02,2.656250000000000278e-02
3.789700000000000013e-02,2.562500000000000194e-02
3.792599999999999444e-02,2.406250000000000056e-02
3.795499999999999569e-02,2.312500000000000319e-02
3.798399999999999693e-02,2.250000000000000264e-02
3.801299999999999818e-02,2.218750000000000236e-02
3.804199999999999943e-02,2.156250000000000527e-02
3.807100000000000067e-02,2.156250000000000527e-02
3.809999999999999498e-02,2.156250000000000527e-02
3.812899999999999623e-02,2.156250000000000527e-02
3.815799999999999748e-02,2.187500000000000555e-02
3.818699999999999872e-02,2.218750000000000236e-02
3.821599999999999997e-02,2.281250000000000291e-02
3.824500000000000122e-02,2.406250000000000056e-02
3.827399999999999552e-02,2.468750000000000111e-02
3.830299999999999677e-02,2.500000000000000139e-02
3.833199999999999802e-02,2.625000000000000250e-02
3.836099999999999927e-02,2.687500000000000305e-02
3.839000000000000051e-02,2.718750000000000333e-02
3.841899999999999482e-02,2.750000000000000361e-02
3.844799999999999607e-02,2.875000000000000472e-02
3.847699999999999732e-02,2.875000000000000472e-02
3.850599999999999856e-02,2.906250000000000500e-02
3.853499999999999981e-02,2.968750000000000208e-02
3.856400000000000106e-02,2.968750000000000208e-02
3.859299999999999536e-02,2.937500000000000527e-02
3.862199999999999661e-02,2.937500000000000527e-02
3.865099999999999786e-02,2.937500000000000527e-02
3.867999999999999911e-02,2.875000000000000472e-02
3.870900000000000035e-02,2.843750000000000444e-02
3.873799999999999466e-02,2.750000000000000361e-02
3.876699999999999591e-02,2.687500000000000305e-02
3.879599999999999715e-02,2.562500000000000194e-02
3.882499999999999840e-02,2.500000000000000139e-02
3.885399999999999965e-02,2.343750000000000347e-02
3.888300000000000090e-02,2.343750000000000347e-02
3.891199999999999520e-02,2.125000000000000500e-02
3.894099999999999645e-02,2.000000000000000389e-02
3.896999999999999770e-02,1.843750000000000250e-02
3.899899999999999894e-02,1.656250000000000430e-02
3.902800000000000019e-02,1.625000000000000402e-02
3.905699999999999450e-02,1.406250000000000208e-02
3.908599999999999575e-02,1.375000000000000180e-02
3.911499999999999699e-02,1.218750000000000389e-02
3.914399999999999824e-02,1.125000000000000305e-02
3.917299999999999949e-02,1.093750000000000278e-02
3.920200000000000073e-02,1.031250000000000222e-02
3.923099999999999504e-02,9.375000000000001388e-03
3.925999999999999629e-02,9.375000000000001388e-03
3.928899999999999754e-02,9.687500000000001665e-03
3.931799999999999878e-02,9.687500000000001665e-03
3.934700000000000003e-02,9.687500000000001665e-03
3.937599999999999434e-02,1.062500000000000250e-02
3.940499999999999559e-02,1.156250000000000333e-02
3.943399999999999683e-02,1.250000000000000416e-02
3.946299999999999808e-02,1.312500000000000125e-02
3.949199999999999933e-02,1.406250000000000208e-02
3.952100000000000057e-02,1.625000000000000402e-02
3.954999999999999488e-02,1.781250000000000194e-02
3.957899999999999613e-02,1.812500000000000222e-02
3.960799999999999738e-02,1.937500000000000333e-02
3.963699999999999862e-02,2.093750000000000472e-02
3.966599999999999987e-02,2.156250000000000527e-02
3.969500000000000112e-02,2.281250000000000291e-02
3.972399999999999542e-02,2.312500000000000319e-02
3.975299999999999667e-02,2.375000000000000375e-02
3.978199999999999792e-02,2.406250000000000056e-02
3.981099999999999917e-02,2.437500000000000083e-02
3.984000000000000041e-02,2.437500000000000083e-02
3.986899999999999472e-02,2.406250000000000056e-02
3.989799999999999597e-02,2.437500000000000083e-02
3.992699999999999722e-02,2.343750000000000347e-02
3.995599999999999846e-02,2.250000000000000264e-02
3.998499999999999971e-02,2.187500000000000555e-02
4.001400000000000096e-02,2.093750000000000472e-02
4.004299999999999526e-02,1.937500000000000333e-02
4.007199999999999651e-02,1.875000000000000278e-02
4.010099999999999776e-02,1.781250000000000194e-02
4.012999999999999901e-02,1.593750000000000375e-02
4.015900000000000025e-02,1.500000000000000291e-02
4.018799999999999456e-02,1.375000000000000180e-02
4.021699999999999581e-02,1.281250000000000444e-02
4.024599999999999705e-02,1.156250000000000333e-02
4.027499999999999830e-02,1.125000000000000305e-02
4.030399999999999955e-02,1.031250000000000222e-02
4.033300000000000080e-02,9.687500000000001665e-03
4.036199999999999510e-02,9.375000000000001388e-03
4.039099999999999635e-02,8.437500000000004025e-03
4.041999999999999760e-02,8.437500000000004025e-03
4.044899999999999884e-02,8.437500000000004025e-03
4.047800000000000009e-02,8.437500000000004025e-03
4.050699999999999440e-02,8.750000000000004302e-03
4.053599999999999565e-02,8.750000000000004302e-03
4.056499999999999689e-02,9.375000000000001388e-03
4.059399999999999814e-02,1.031250000000000222e-02
4.062299999999999939e-02,1.093750000000000278e-02
4.065200000000000063e-02,1.125000000000000305e-02
4.068099999999999494e-02,1.250000000000000416e-02
4.070999999999999619e-02,1.343750000000000153e-02
4.073899999999999744e-02,1.375000000000000180e-02
4.076799999999999868e-02,1.468750000000000264e-02
4.079699999999999993e-02,1.593750000000000375e-02
4.082600000000000118e-02,1.718750000000000139e-02
4.085499999999999549e-02,1.750000000000000167e-02
4.088399999999999673e-02,1.812500000000000222e-02
4.091299999999999798e-02,1.875000000000000278e-02
4.094199999999999923e-02,1.906250000000000305e-02
4.097100000000000047e-02,1.937500000000000333e-02
4.099999999999999478e-02,1.937500000000000333e-02
4.102899999999999603e-02,1.906250000000000305e-02
4.105799999999999728e-02,1.875000000000000278e-02
4.108699999999999852e-02,1.812500000000000222e-02
4.111599999999999977e-02,1.781250000000000194e-02
4.114500000000000102e-02,1.718750000000000139e-02
4.117399999999999533e-02,1.656250000000000430e-02
4.120299999999999657e-02,1.562500000000000347e-02
4.123199999999999782e-02,1.437500000000000236e-02
4.126099999999999907e-02,1.312500000000000125e-02
4.129000000000000031e-02,1.218750000000000389e-02
4.131899999999999462e-02,1.156250000000000333e-02
4.134799999999999587e-02,1.093750000000000278e-02
4.137699999999999712e-02,1.031250000000000222e-02
4.140599999999999836e-02,9.687500000000001665e-03
4.143499999999999961e-02,8.750000000000004302e-03
4.146400000000000086e-02,8.125000000000003747e-03
4.149299999999999516e-02,7.500000000000003192e-03
4.152199999999999641e-02,7.187500000000002914e-03
4.155099999999999766e-02,7.187500000000002914e-03
4.157999999999999891e-02,7.187500000000002914e-03
4.160900000000000015e-02,7.187500000000002914e-03
4.163799999999999446e-02,7.500000000000003192e-03
4.166699999999999571e-02,7.500000000000003192e-03
4.169599999999999695e-02,8.125000000000003747e-03
4.172499999999999820e-02,9.062500000000001110e-03
4.175399999999999945e-02,9.375000000000001388e-03
4.178300000000000070e-02,1.031250000000000222e-02
4.181199999999999500e-02,1.093750000000000278e-02
4.184099999999999625e-02,1.156250000000000333e-02
4.186999999999999750e-02,1.218750000000000389e-02
4.189899999999999874e-02,1.281250000000000444e-02
4.192799999999999999e-02,1.375000000000000180e-02
4.195700000000000124e-02,1.406250000000000208e-02
4.198599999999999555e-02,1.468750000000000264e-02
4.201499999999999679e-02,1.593750000000000375e-02
4.204399999999999804e-02,1.562500000000000347e-02
4.207299999999999929e-02,1.625000000000000402e-02
4.210200000000000053e-02,1.656250000000000430e-02
4.213099999999999484e-02,1.656250000000000430e-02
4.215999999999999609e-02,1.625000000000000402e-02
4.218899999999999734e-02,1.593750000000000375e-02
4.221799999999999858e-02,1.562500000000000347e-02
4.224699999999999983e-02,1.500000000000000291e-02
4.227600000000000108e-02,1.406250000000000208e-02
4.230499999999999539e-02,1.375000000000000180e-02
4.233399999999999663e-02,1.250000000000000416e-02
4.236299999999999788e-02,1.125000000000000305e-02
4.239199999999999913e-02,1.031250000000000222e-02
4.242100000000000037e-02,1.000000000000000194e-02
4.244999999999999468e-02,8.750000000000004302e-03
4.247899999999999593e-02,7.812500000000003469e-03
4.250799999999999718e-02,6.875000000000002637e-03
4.253699999999999842e-02,6.250000000000002082e-03
4.256599999999999967e-02,5.312500000000001249e-03
4.259500000000000092e-02,4.375000000000003886e-03
4.262399999999999523e-02,3.750000000000003331e-03
4.265299999999999647e-02,3.750000000000003331e-03
4.268199999999999772e-02,3.437500000000003053e-03
4.271099999999999897e-02,3.125000000000002776e-03
4.274000000000000021e-02,2.812500000000002498e-03
4.276899999999999452e-02,2.812500000000002498e-03
4.279799999999999577e-02,2.500000000000002220e-03
4.282699999999999702e-02,2.500000000000002220e-03
4.285599999999999826e-02,2.187500000000001943e-03
4.288499999999999951e-02,2.500000000000002220e-03
4.291400000000000076e-02,2.500000000000002220e-03
4.294299999999999506e-02,2.500000000000002220e-03
4.297199999999999631e-02,2.812500000000002498e-03
4.300099999999999756e-02,3.125000000000002776e-03
4.302999999999999881e-02,3.125000000000002776e-03
4.305900000000000005e-02,3.750000000000003331e-03
4.308800000000000130e-02,4.687500000000004163e-03
4.311699999999999561e-02,5.000000000000004441e-03
4.314599999999999685e-02,5.312500000000001249e-03
4.317499999999999810e-02,5.937500000000001804e-03
4.320399999999999935e-02,6.562500000000002359e-03
4.323300000000000060e-02,7.187500000000002914e-03
4.326199999999999490e-02,7.500000000000003192e-03
4.329099999999999615e-02,7.812500000000003469e-03
4.331999999999999740e-02,8.125000000000003747e-03
4.334899999999999864e-02,8.437500000000004025e-03
4.337799999999999989e-02,8.437500000000004025e-03
4.340700000000000114e-02,8.750000000000004302e-03
4.343599999999999545e-02,8.750000000000004302e-03
4.346499999999999669e-02,8.437500000000004025e-03
4.349399999999999794e-02,8.437500000000004025e-03
4.352299999999999919e-02,7.812500000000003469e-03
4.355200000000000043e-02,7.187500000000002914e-03
4.358099999999999474e-02,6.562500000000002359e-03
4.360999999999999599e-02,6.250000000000002082e-03
4.363899999999999724e-02,5.937500000000001804e-03
4.366799999999999848e-02,5.312500000000001249e-03
4.369699999999999973e-02,4.687500000000004163e-03
4.372600000000000098e-02,4.062500000000003608e-03
4.375499999999999529e-02,4.062500000000003608e-03
4.378399999999999653e-02,3.125000000000002776e-03
4.381299999999999778e-02,3.125000000000002776e-03
4.384199999999999903e-02,3.125000000000002776e-03
4.387100000000000027e-02,2.812500000000002498e-03
4.389999999999999458e-02,2.812500000000002498e-03
4.392899999999999583e-02,2.500000000000002220e-03
4.395799999999999708e-02,2.500000000000002220e-03
4.398699999999999832e-02,2.187500000000001943e-03
4.401599999999999957e-02,2.187500000000001943e-03
4.404500000000000082e-02,1.875000000000001665e-03
4.407399999999999513e-02,2.187500000000001943e-03
4.410299999999999637e-02,2.187500000000001943e-03
4.413199999999999762e-02,1.875000000000001665e-03
4.416099999999999887e-02,2.187500000000001943e-03
4.419000000000000011e-02,2.187500000000001943e-03
4.421899999999999442e-02,2.187500000000001943e-03
4.424799999999999567e-02,2.187500000000001943e-03
4.427699999999999692e-02,2.500000000000002220e-03
4.430599999999999816e-02,2.812500000000002498e-03
4.433499999999999941e-02,2.812500000000002498e-03
4.436400000000000066e-02,2.812500000000002498e-03
4.439299999999999496e-02,2.812500000000002498e-03
4.442199999999999621e-02,3.125000000000002776e-03
4.445099999999999746e-02,3.125000000000002776e-03
4.447999999999999871e-02,2.812500000000002498e-03
4.450899999999999995e-02,3.125000000000002776e-03
4.453800000000000120e-02,3.125000000000002776e-03
4.456699999999999551e-02,2.812500000000002498e-03
4.459599999999999675e-02,2.812500000000002498e-03
4.462499999999999800e-02,2.812500000000002498e-03
4.465399999999999925e-02,2.812500000000002498e-03
4.468300000000000050e-02,2.812500000000002498e-03
4.471199999999999480e-02,2.500000000000002220e-03
4.474099999999999605e-02,2.500000000000002220e-03
4.476999999999999730e-02,2.187500000000001943e-03
4.479899999999999854e-02,2.187500000000001943e-03
4.482799999999999979e-02,2.187500000000001943e-03
4.485700000000000104e-02,1.875000000000001665e-03
4.488599999999999535e-02,2.187500000000001943e-03
4.491499999999999659e-02,2.187500000000001943e-03
4.494399999999999784e-02,2.187500000000001943e-03
4.497299999999999909e-02,2.187500000000001943e-03
4.500200000000000033e-02,2.187500000000001943e-03
4.503099999999999464e-02,2.187500000000001943e-03
4.505999999999999589e-02,2.187500000000001943e-03
4.508899999999999714e-02,1.875000000000001665e-03
4.511799999999999838e-02,2.187500000000001943e-03
4.514699999999999963e-02,2.500000000000002220e-03
4.517600000000000088e-02,2.187500000000001943e-03
4.520499999999999519e-02,2.187500000000001943e-03
4.523399999999999643e-02,2.187500000000001943e-03
4.526299999999999768e-02,2.187500000000001943e-03
4.529199999999999893e-02,2.187500000000001943e-03
4.532100000000000017e-02,2.500000000000002220e-03
4.534999999999999448e-02,2.187500000000001943e-03
4.537899999999999573e-02,2.812500000000002498e-03
4.540799999999999698e-02,2.812500000000002498e-03
4.543699999999999822e-02,2.812500000000002498e-03
4.546599999999999947e-02,3.437500000000003053e-03
4.549500000000000072e-02,3.437500000000003053e-03
4.552399999999999503e-02,3.750000000000003331e-03
4.555299999999999627e-02,4.062500000000003608e-03
4.558199999999999752e-02,4.062500000000003608e-03
4.561099999999999877e-02,4.062500000000003608e-03
4.564000000000000001e-02,4.062500000000003608e-03
4.566900000000000126e-02,3.750000000000003331e-03
4.569799999999999557e-02,3.750000000000003331e-03
4.572699999999999682e-02,3.437500000000003053e-03
4.575599999999999806e-02,3.437500000000003053e-03
4.578499999999999931e-02,3.437500000000003053e-03
4.581400000000000056e-02,3.125000000000002776e-03
4.584299999999999486e-02,2.812500000000002498e-03
4.587199999999999611e-02,2.500000000000002220e-03
4.590099999999999736e-02,2.812500000000002498e-03
4.592999999999999861e-02,2.187500000000001943e-03
4.595899999999999985e-02,2.812500000000002498e-03
4.598800000000000110e-02,2.812500000000002498e-03
4.601699999999999541e-02,2.500000000000002220e-03
4.604599999999999665e-02,3.437500000000003053e-03
4.607499999999999790e-02,3.437500000000003053e-03
4.610399999999999915e-02,3.437500000000003053e-03
4.613300000000000040e-02,4.062500000000003608e-03
4.616199999999999470e-02,4.687500000000004163e-03
4.619099999999999595e-02,4.375000000000003886e-03
4.621999999999999720e-02,4.687500000000004163e-03
4.624899999999999844e-02,5.000000000000004441e-03
4.627799999999999969e-02,5.000000000000004441e-03
4.630700000000000094e-02,5.000000000000004441e-03
4.633599999999999525e-02,4.687500000000004163e-03
4.636499999999999649e-02,4.062500000000003608e-03
4.639399999999999774e-02,3.750000000000003331e-03
4.642299999999999899e-02,3.437500000000003053e-03
4.645200000000000023e-02,3.125000000000002776e-03
4.648099999999999454e-02,2.812500000000002498e-03
4.650999999999999579e-02,2.812500000000002498e-03
4.653899999999999704e-02,2.812500000000002498e-03
4.656799999999999828e-02,2.812500000000002498e-03
4.659699999999999953e-02,2.812500000000002498e-03
4.662600000000000078e-02,2.500000000000002220e-03
4.665499999999999509e-02,3.125000000000002776e-03
4.668399999999999633e-02,2.500000000000002220e-03
4.671299999999999758e-02,3.125000000000002776e-03
4.674199999999999883e-02,3.437500000000003053e-03
4.677100000000000007e-02,3.437500000000003053e-03
4.679999999999999438e-02,3.437500000000003053e-03
4.682899999999999563e-02,3.437500000000003053e-03
4.685799999999999688e-02,3.750000000000003331e-03
4.688699999999999812e-02,3.750000000000003331e-03
4.691599999999999937e-02,3.750000000000003331e-03
4.694500000000000062e-02,3.437500000000003053e-03
4.697399999999999493e-02,3.437500000000003053e-03
4.700299999999999617e-02,3.125000000000002776e-03
4.703199999999999742e-02,3.437500000000003053e-03
4.706099999999999867e-02,3.125000000000002776e-03
4.708999999999999991e-02,2.500000000000002220e-03
4.711900000000000116e-02,2.500000000000002220e-03
4.714799999999999547e-02,2.500000000000002220e-03
4.717699999999999672e-02,2.500000000000002220e-03
4.720599999999999796e-02,2.812500000000002498e-03
4.723499999999999921e-02,3.125000000000002776e-03
4.726400000000000046e-02,2.812500000000002498e-03
4.729299999999999476e-02,3.437500000000003053e-03
4.732199999999999601e-02,3.437500000000003053e-03
4.735099999999999726e-02,4.062500000000003608e-03
4.737999999999999851e-02,4.375000000000003886e-03
4.740899999999999975e-02,4.687500000000004163e-03
4.743800000000000100e-02,4.687500000000004163e-03
4.746699999999999531e-02,4.687500000000004163e-03
4.749599999999999655e-02,5.000000000000004441e-03
4.752499999999999780e-02,5.000000000000004441e-03
4.755399999999999905e-02,5.000000000000004441e-03
4.758300000000000030e-02,5.000000000000004441e-03
4.761199999999999460e-02,4.687500000000004163e-03
4.764099999999999585e-02,4.375000000000003886e-03
4.766999999999999710e-02,3.750000000000003331e-03
4.769899999999999834e-02,3.437500000000003053e-03
4.772799999999999959e-02,3.437500000000003053e-03
4.775700000000000084e-02,3.125000000000002776e-03
4.778599999999999515e-02,2.812500000000002498e-03
4.781499999999999639e-02,2.500000000000002220e-03
4.784399999999999764e-02,2.812500000000002498e-03
4.787299999999999889e-02,2.187500000000001943e-03
4.790200000000000014e-02,2.500000000000002220e-03
4.793099999999999444e-02,2.500000000000002220e-03
4.795999999999999569e-02,2.500000000000002220e-03
4.798899999999999694e-02,2.187500000000001943e-03
4.801799999999999818e-02,2.187500000000001943e-03
4.804699999999999943e-02,2.187500000000001943e-03
4.807600000000000068e-02,2.187500000000001943e-03
4.810499999999999499e-02,2.187500000000001943e-03
4.813399999999999623e-02,2.187500000000001943e-03
4.816299999999999748e-02,1.875000000000001665e-03
4.819199999999999873e-02,2.187500000000001943e-03
4.822099999999999997e-02,1.875000000000001665e-03
4.825000000000000122e-02,1.875000000000001665e-03
4.827899999999999553e-02,2.187500000000001943e-03
4.830799999999999678e-02,2.187500000000001943e-03
4.833699999999999802e-02,2.187500000000001943e-03
4.836599999999999927e-02,2.500000000000002220e-03
4.839500000000000052e-02,3.125000000000002776e-03
4.842399999999999483e-02,3.750000000000003331e-03
4.845299999999999607e-02,3.750000000000003331e-03
4.848199999999999732e-02,4.687500000000004163e-03
4.851099999999999857e-02,4.687500000000004163e-03
4.853999999999999981e-02,5.312500000000001249e-03
4.856900000000000106e-02,5.625000000000001527e-03
4.859799999999999537e-02,5.937500000000001804e-03
4.862699999999999662e-02,6.250000000000002082e-03
4.865599999999999786e-02,6.250000000000002082e-03
4.868499999999999911e-02,6.562500000000002359e-03
4.871400000000000036e-02,5.937500000000001804e-03
4.874299999999999466e-02,6.250000000000002082e-03
4.877199999999999591e-02,5.625000000000001527e-03
4.880099999999999716e-02,5.625000000000001527e-03
4.882999999999999841e-02,5.000000000000004441e-03
4.885899999999999965e-02,5.000000000000004441e-03
4.888800000000000090e-02,4.062500000000003608e-03
4.891699999999999521e-02,4.062500000000003608e-03
4.894599999999999645e-02,3.750000000000003331e-03
4.897499999999999770e-02,3.750000000000003331e-03
4.900399999999999895e-02,3.437500000000003053e-03
4.903300000000000020e-02,3.125000000000002776e-03
4.906199999999999450e-02,2.812500000000002498e-03
4.909099999999999575e-02,2.812500000000002498e-03
4.911999999999999700e-02,2.500000000000002220e-03
4.914899999999999824e-02,2.812500000000002498e-03
4.917799999999999949e-02,2.500000000000002220e-03
4.920700000000000074e-02,2.187500000000001943e-03
4.923599999999999505e-02,2.500000000000002220e-03
4.926499999999999629e-02,2.187500000000001943e-03
4.929399999999999754e-02,2.500000000000002220e-03
4.932299999999999879e-02,2.500000000000002220e-03
4.935200000000000004e-02,2.187500000000001943e-03
4.938100000000000128e-02,2.500000000000002220e-03
4.940999999999999559e-02,2.812500000000002498e-03
4.943899999999999684e-02,3.437500000000003053e-03
4.946799999999999808e-02,3.437500000000003053e-03
4.949699999999999933e-02,4.375000000000003886e-03
4.952600000000000058e-02,5.312500000000001249e-03
4.955499999999999489e-02,5.937500000000001804e-03
4.958399999999999613e-02,6.562500000000002359e-03
4.961299999999999738e-02,8.750000000000004302e-03
4.964199999999999863e-02,9.687500000000001665e-03
4.967099999999999987e-02,1.031250000000000222e-02
4.970000000000000112e-02,1.125000000000000305e-02
4.972899999999999543e-02,1.156250000000000333e-02
4.975799999999999668e-02,1.281250000000000444e-02
4.978699999999999792e-02,1.250000000000000416e-02
4.981599999999999917e-02,1.250000000000000416e-02
4.984500000000000042e-02,1.250000000000000416e-02
4.987399999999999473e-02,1.218750000000000389e-02
4.990299999999999597e-02,1.187500000000000361e-02
4.993199999999999722e-02,1.156250000000000333e-02
4.996099999999999847e-02,1.031250000000000222e-02
4.998999999999999971e-02,1.000000000000000194e-02
5.001900000000000096e-02,9.687500000000001665e-03
5.004799999999999527e-02,8.750000000000004302e-03
5.007699999999999652e-02,8.125000000000003747e-03
5.010599999999999776e-02,7.187500000000002914e-03
5.013499999999999901e-02,6.562500000000002359e-03
5.016400000000000026e-02,5.937500000000001804e-03
5.019299999999999456e-02,5.312500000000001249e-03
5.022199999999999581e-02,5.000000000000004441e-03
5.025099999999999706e-02,4.687500000000004163e-03
5.027999999999999831e-02,4.375000000000003886e-03
5.030899999999999955e-02,4.062500000000003608e-03
5.033800000000000080e-02,3.750000000000003331e-03
5.036699999999999511e-02,3.437500000000003053e-03
5.039599999999999635e-02,3.437500000000003053e-03
5.042499999999999760e-02,3.437500000000003053e-03
5.045399999999999885e-02,3.750000000000003331e-03
5.048300000000000010e-02,3.750000000000003331e-03
5.051200000000000134e-02,4.062500000000003608e-03
5.054099999999999565e-02,4.375000000000003886e-03
5.056999999999999690e-02,4.687500000000004163e-03
5.059899999999999815e-02,5.625000000000001527e-03
5.062799999999999939e-02,6.250000000000002082e-03
5.065700000000000064e-02,6.875000000000002637e-03
5.068599999999999495e-02,7.812500000000003469e-03
5.071499999999999619e-02,9.375000000000001388e-03
5.074399999999999744e-02,1.062500000000000250e-02
5.077299999999999869e-02,1.156250000000000333e-02
5.080199999999999994e-02,1.281250000000000444e-02
5.083100000000000118e-02,1.375000000000000180e-02
5.085999999999999549e-02,1.437500000000000236e-02
5.088899999999999674e-02,1.531250000000000319e-02
5.091799999999999798e-02,1.593750000000000375e-02
5.094699999999999923e-02,1.656250000000000430e-02
5.097600000000000048e-02,1.687500000000000458e-02
5.100499999999999479e-02,1.718750000000000139e-02
5.103399999999999603e-02,1.687500000000000458e-02
5.106299999999999728e-02,1.687500000000000458e-02
5.109199999999999853e-02,1.656250000000000430e-02
5.112099999999999977e-02,1.593750000000000375e-02
5.115000000000000102e-02,1.468750000000000264e-02
5.117899999999999533e-02,1.343750000000000153e-02
5.120799999999999658e-02,1.250000000000000416e-02
5.123699999999999782e-02,1.125000000000000305e-02
5.126599999999999907e-02,1.031250000000000222e-02
5.129500000000000032e-02,8.750000000000004302e-03
5.132399999999999463e-02,8.437500000000004025e-03
5.135299999999999587e-02,7.812500000000003469e-03
5.138199999999999712e-02,6.562500000000002359e-03
5.141099999999999837e-02,5.937500000000001804e-03
5.143999999999999961e-02,5.312500000000001249e-03
5.146900000000000086e-02,5.000000000000004441e-03
5.149799999999999517e-02,4.375000000000003886e-03
5.152699999999999642e-02,4.687500000000004163e-03
5.155599999999999766e-02,4.062500000000003608e-03
5.158499999999999891e-02,4.375000000000003886e-03
5.161400000000000016e-02,3.750000000000003331e-03
5.164299999999999446e-02,4.062500000000003608e-03
5.167199999999999571e-02,3.750000000000003331e-03
5.170099999999999696e-02,4.062500000000003608e-03
5.172999999999999821e-02,4.375000000000003886e-03
5.175899999999999945e-02,5.312500000000001249e-03
5.178800000000000070e-02,6.250000000000002082e-03
5.181699999999999501e-02,6.250000000000002082e-03
5.184599999999999625e-02,7.812500000000003469e-03
5.187499999999999750e-02,8.437500000000004025e-03
5.190399999999999875e-02,9.062500000000001110e-03
5.193300000000000000e-02,1.031250000000000222e-02
5.196200000000000124e-02,1.187500000000000361e-02
5.199099999999999555e-02,1.312500000000000125e-02
5.201999999999999680e-02,1.343750000000000153e-02
5.204899999999999805e-02,1.562500000000000347e-02
5.207799999999999929e-02,1.656250000000000430e-02
5.210700000000000054e-02,1.750000000000000167e-02
5.213599999999999485e-02,1.812500000000000222e-02
5.216499999999999609e-02,1.875000000000000278e-02
5.219399999999999734e-02,1.906250000000000305e-02
5.222299999999999859e-02,1.906250000000000305e-02
5.225199999999999984e-02,1.906250000000000305e-02
5.228100000000000108e-02,1.875000000000000278e-02
5.230999999999999539e-02,1.843750000000000250e-02
5.233899999999999664e-02,1.718750000000000139e-02
5.236799999999999788e-02,1.687500000000000458e-02
5.239699999999999913e-02,1.656250000000000430e-02
5.242600000000000038e-02,1.500000000000000291e-02
5.245499999999999469e-02,1.468750000000000264e-02
5.248399999999999593e-02,1.343750000000000153e-02
5.251299999999999718e-02,1.218750000000000389e-02
5.254199999999999843e-02,1.187500000000000361e-02
5.257099999999999967e-02,1.125000000000000305e-02
5.260000000000000092e-02,1.031250000000000222e-02
5.262899999999999523e-02,9.687500000000001665e-03
5.265799999999999648e-02,9.062500000000001110e-03
5.268699999999999772e-02,8.437500000000004025e-03
5.271599999999999897e-02,8.125000000000003747e-03
5.274500000000000022e-02,7.812500000000003469e-03
5.277399999999999453e-02,7.500000000000003192e-03
5.280299999999999577e-02,7.500000000000003192e-03
5.283199999999999702e-02,6.875000000000002637e-03
5.286099999999999827e-02,7.500000000000003192e-03
5.288999999999999951e-02,7.187500000000002914e-03
5.291900000000000076e-02,7.812500000000003469e-03
5.294799999999999507e-02,8.125000000000003747e-03
5.297699999999999632e-02,8.437500000000004025e-03
5.300599999999999756e-02,9.062500000000001110e-03
5.303499999999999881e-02,1.031250000000000222e-02
5.306400000000000006e-02,1.093750000000000278e-02
5.309300000000000130e-02,1.156250000000000333e-02
5.312199999999999561e-02,1.218750000000000389e-02
5.315099999999999686e-02,1.406250000000000208e-02
5.317999999999999811e-02,1.468750000000000264e-02
5.320899999999999935e-02,1.531250000000000319e-02
5.323800000000000060e-02,1.656250000000000430e-02
5.326699999999999491e-02,1.750000000000000167e-02
5.329599999999999616e-02,1.781250000000000194e-02
5.332499999999999740e-02,1.812500000000000222e-02
5.335399999999999865e-02,1.875000000000000278e-02
5.338299999999999990e-02,1.843750000000000250e-02
5.341200000000000114e-02,1.875000000000000278e-02
5.344099999999999545e-02,1.812500000000000222e-02
5.346999999999999670e-02,1.781250000000000194e-02
5.349899999999999795e-02,1.687500000000000458e-02
5.352799999999999919e-02,1.625000000000000402e-02
5.355700000000000044e-02,1.593750000000000375e-02
5.358599999999999475e-02,1.468750000000000264e-02
5.361499999999999599e-02,1.437500000000000236e-02
5.364399999999999724e-02,1.343750000000000153e-02
5.367299999999999849e-02,1.281250000000000444e-02
5.370199999999999974e-02,1.156250000000000333e-02
5.373100000000000098e-02,1.093750000000000278e-02
5.375999999999999529e-02,1.062500000000000250e-02
5.378899999999999654e-02,9.687500000000001665e-03
5.381799999999999778e-02,9.375000000000001388e-03
5.384699999999999903e-02,9.062500000000001110e-03
5.387600000000000028e-02,8.750000000000004302e-03
5.390499999999999459e-02,8.750000000000004302e-03
5.393399999999999583e-02,8.750000000000004302e-03
5.396299999999999708e-02,8.750000000000004302e-03
5.399199999999999833e-02,9.062500000000001110e-03
5.402099999999999957e-02,9.062500000000001110e-03
5.405000000000000082e-02,9.687500000000001665e-03
5.407899999999999513e-02,1.000000000000000194e-02
5.410799999999999638e-02,1.031250000000000222e-02
5.413699999999999762e-02,1.093750000000000278e-02
5.416599999999999887e-02,1.218750000000000389e-02
5.419500000000000012e-02,1.250000000000000416e-02
5.422399999999999443e-02,1.343750000000000153e-02
5.425299999999999567e-02,1.468750000000000264e-02
5.428199999999999692e-02,1.625000000000000402e-02
5.431099999999999817e-02,1.718750000000000139e-02
5.433999999999999941e-02,1.843750000000000250e-02
5.436900000000000066e-02,1.906250000000000305e-02
5.439799999999999497e-02,2.000000000000000389e-02
5.442699999999999622e-02,2.093750000000000472e-02
5.445599999999999746e-02,2.093750000000000472e-02
5.448499999999999871e-02,2.125000000000000500e-02
5.451399999999999996e-02,2.125000000000000500e-02
5.454300000000000120e-02,2.093750000000000472e-02
5.457199999999999551e-02,2.062500000000000444e-02
5.460099999999999676e-02,2.000000000000000389e-02
5.462999999999999801e-02,1.906250000000000305e-02
5.465899999999999925e-02,1.812500000000000222e-02
5.468800000000000050e-02,1.750000000000000167e-02
5.471699999999999481e-02,1.531250000000000319e-02
5.474599999999999606e-02,1.531250000000000319e-02
5.477499999999999730e-02,1.343750000000000153e-02
5.480399999999999855e-02,1.250000000000000416e-02
5.483299999999999980e-02,1.187500000000000361e-02
5.486200000000000104e-02,1.062500000000000250e-02
5.489099999999999535e-02,9.687500000000001665e-03
5.491999999999999660e-02,8.437500000000004025e-03
5.494899999999999785e-02,8.437500000000004025e-03
5.497799999999999909e-02,7.500000000000003192e-03
5.500700000000000034e-02,7.187500000000002914e-03
5.503599999999999465e-02,6.875000000000002637e-03
5.506499999999999589e-02,6.875000000000002637e-03
5.509399999999999714e-02,6.875000000000002637e-03
5.512299999999999839e-02,6.875000000000002637e-03
5.515199999999999964e-02,7.500000000000003192e-03
5.518100000000000088e-02,7.500000000000003192e-03
5.520999999999999519e-02,8.125000000000003747e-03
5.523899999999999644e-02,8.750000000000004302e-03
5.526799999999999768e-02,9.062500000000001110e-03
5.529699999999999893e-02,1.000000000000000194e-02
5.532600000000000018e-02,1.218750000000000389e-02
5.535499999999999449e-02,1.218750000000000389e-02
5.538399999999999573e-02,1.437500000000000236e-02
5.541299999999999698e-02,1.531250000000000319e-02
5.544199999999999823e-02,1.687500000000000458e-02
5.547099999999999947e-02,1.875000000000000278e-02
5.550000000000000072e-02,1.937500000000000333e-02
5.552899999999999503e-02,2.031250000000000416e-02
5.555799999999999628e-02,2.156250000000000527e-02
5.558699999999999752e-02,2.250000000000000264e-02
5.561599999999999877e-02,2.375000000000000375e-02
5.564500000000000002e-02,2.375000000000000375e-02
5.567400000000000126e-02,2.437500000000000083e-02
5.570299999999999557e-02,2.468750000000000111e-02
5.573199999999999682e-02,2.468750000000000111e-02
5.576099999999999807e-02,2.375000000000000375e-02
5.578999999999999931e-02,2.375000000000000375e-02
5.581900000000000056e-02,2.312500000000000319e-02
5.584799999999999487e-02,2.218750000000000236e-02
5.587699999999999612e-02,2.062500000000000444e-02
5.590599999999999736e-02,1.968750000000000361e-02
5.593499999999999861e-02,1.875000000000000278e-02
5.596399999999999986e-02,1.718750000000000139e-02
5.599300000000000110e-02,1.656250000000000430e-02
5.602199999999999541e-02,1.500000000000000291e-02
5.605099999999999666e-02,1.406250000000000208e-02
5.607999999999999791e-02,1.312500000000000125e-02
5.610899999999999915e-02,1.218750000000000389e-02
5.613800000000000040e-02,1.156250000000000333e-02
5.616699999999999471e-02,1.031250000000000222e-02
5.619599999999999596e-02,1.031250000000000222e-02
5.622499999999999720e-02,9.375000000000001388e-03
5.625399999999999845e-02,9.375000000000001388e-03
5.628299999999999970e-02,9.375000000000001388e-03
5.631200000000000094e-02,9.375000000000001388e-03
5.634099999999999525e-02,9.375000000000001388e-03
5.636999999999999650e-02,9.687500000000001665e-03
5.639899999999999775e-02,1.031250000000000222e-02
5.642799999999999899e-02,1.062500000000000250e-02
5.645700000000000024e-02,1.125000000000000305e-02
5.648599999999999455e-02,1.218750000000000389e-02
5.651499999999999579e-02,1.343750000000000153e-02
5.654399999999999704e-02,1.406250000000000208e-02
5.657299999999999829e-02,1.625000000000000402e-02
5.660199999999999954e-02,1.718750000000000139e-02
5.663100000000000078e-02,1.906250000000000305e-02
5.665999999999999509e-02,1.937500000000000333e-02
5.668899999999999634e-02,2.125000000000000500e-02
5.671799999999999758e-02,2.281250000000000291e-02
5.674699999999999883e-02,2.343750000000000347e-02
5.677600000000000008e-02,2.500000000000000139e-02
5.680500000000000133e-02,2.593750000000000222e-02
5.683399999999999563e-02,2.687500000000000305e-02
5.686299999999999688e-02,2.718750000000000333e-02
5.689199999999999813e-02,2.781250000000000389e-02
5.692099999999999937e-02,2.718750000000000333e-02
5.695000000000000062e-02,2.687500000000000305e-02
5.697899999999999493e-02,2.625000000000000250e-02
5.700799999999999618e-02,2.625000000000000250e-02
5.703699999999999742e-02,2.593750000000000222e-02
5.706599999999999867e-02,2.437500000000000083e-02
5.709499999999999992e-02,2.406250000000000056e-02
5.712400000000000116e-02,2.218750000000000236e-02
5.715299999999999547e-02,2.187500000000000555e-02
5.718199999999999672e-02,2.093750000000000472e-02
5.721099999999999797e-02,1.937500000000000333e-02
5.723999999999999921e-02,1.812500000000000222e-02
5.726900000000000046e-02,1.718750000000000139e-02
5.729799999999999477e-02,1.656250000000000430e-02
5.732699999999999602e-02,1.593750000000000375e-02
5.735599999999999726e-02,1.500000000000000291e-02
5.738499999999999851e-02,1.437500000000000236e-02
5.741399999999999976e-02,1.375000000000000180e-02
5.744300000000000100e-02,1.343750000000000153e-02
5.747199999999999531e-02,1.312500000000000125e-02
5.750099999999999656e-02,1.312500000000000125e-02
5.752999999999999781e-02,1.312500000000000125e-02
5.755899999999999905e-02,1.375000000000000180e-02
5.758800000000000030e-02,1.375000000000000180e-02
5.761699999999999461e-02,1.406250000000000208e-02
5.764599999999999586e-02,1.500000000000000291e-02
5.767499999999999710e-02,1.625000000000000402e-02
5.770399999999999835e-02,1.687500000000000458e-02
5.773299999999999960e-02,1.843750000000000250e-02
5.776200000000000084e-02,1.968750000000000361e-02
5.779099999999999515e-02,2.031250000000000416e-02
5.781999999999999640e-02,2.218750000000000236e-02
5.784899999999999765e-02,2.343750000000000347e-02
5.787799999999999889e-02,2.500000000000000139e-02
5.790700000000000014e-02,2.625000000000000250e-02
5.793600000000000139e-02,2.687500000000000305e-02
5.796499999999999569e-02,2.812500000000000416e-02
5.799399999999999694e-02,2.843750000000000444e-02
5.802299999999999819e-02,2.968750000000000208e-02
5.805199999999999944e-02,2.968750000000000208e-02
5.808100000000000068e-02,3.000000000000000236e-02
5.810999999999999499e-02,2.968750000000000208e-02
5.813899999999999624e-02,2.937500000000000527e-02
5.816799999999999748e-02,2.906250000000000500e-02
5.819699999999999873e-02,2.812500000000000416e-02
5.822599999999999998e-02,2.781250000000000389e-02
5.825500000000000123e-02,2.625000000000000250e-02
5.828399999999999553e-02,2.531250000000000167e-02
5.831299999999999678e-02,2.437500000000000083e-02
5.834199999999999803e-02,2.375000000000000375e-02
5.837099999999999927e-02,2.312500000000000319e-02
