PURE SILICA, ELECTRODE=TUNGSTEN, TIME=35, POLING_VOLTAGE=3700, WAVELENGTH=1.55e-06, EFFECTIVE_DISTANCE=3.1e-05, POLED_LENGTH=0.3, CORE_INDEX=1.45, POLE=MAX, AC_VOLTAGE=1069.0, AC_FREQUENCY=5400, PIEZO_FREQUENCY=108.0
Time(s),Voltage(V)
-1.000000000000000048e-04,4.656250000000000666e-02
-9.529999999999999897e-05,4.624999999999999944e-02
-9.060000000000000670e-05,4.624999999999999944e-02
-8.590000000000000088e-05,4.593750000000000611e-02
-8.120000000000000861e-05,4.562500000000000583e-02
-7.650000000000000279e-05,4.531250000000000555e-02
-7.180000000000001052e-05,4.531250000000000555e-02
-6.710000000000000469e-05,4.500000000000000527e-02
-6.239999999999999887e-05,4.468750000000000500e-02
-5.770000000000000660e-05,4.437500000000000472e-02
-5.300000000000000755e-05,4.406250000000000444e-02
-4.830000000000000851e-05,4.343750000000000389e-02
-4.360000000000000269e-05,4.250000000000000305e-02
-3.890000000000001042e-05,4.218750000000000278e-02
-3.420000000000000459e-05,4.093750000000000167e-02
-2.950000000000001232e-05,4.062500000000000139e-02
-2.480000000000000650e-05,3.968750000000000056e-02
-2.010000000000000068e-05,3.906250000000000000e-02
-1.540000000000000841e-05,3.843750000000000638e-02
-1.070000000000000259e-05,3.781250000000000583e-02
-6.000000000000010316e-06,3.750000000000000555e-02
-1.300000000000004494e-06,3.750000000000000555e-02
3.399999999999987776e-06,3.718750000000000527e-02
8.099999999999993598e-06,3.718750000000000527e-02
1.279999999999999942e-05,3.687500000000000500e-02
1.749999999999999169e-05,3.718750000000000527e-02
2.219999999999998396e-05,3.781250000000000583e-02
2.689999999999998978e-05,3.812500000000000611e-02
3.159999999999999561e-05,3.875000000000000666e-02
3.630000000000000143e-05,3.968750000000000056e-02
4.099999999999998015e-05,4.000000000000000083e-02
4.569999999999998597e-05,4.000000000000000083e-02
5.039999999999999179e-05,3.937500000000000722e-02
5.509999999999999761e-05,3.812500000000000611e-02
5.980000000000000343e-05,3.750000000000000555e-02
6.449999999999998215e-05,3.781250000000000583e-02
6.919999999999998797e-05,3.875000000000000666e-02
7.389999999999999380e-05,3.812500000000000611e-02
7.859999999999999962e-05,3.750000000000000555e-02
8.329999999999997834e-05,3.593750000000000416e-02
8.799999999999998416e-05,3.500000000000000333e-02
9.269999999999998998e-05,3.406250000000000250e-02
9.739999999999999580e-05,3.343750000000000194e-02
1.021000000000000016e-04,3.375000000000000222e-02
1.067999999999999803e-04,3.500000000000000333e-02
1.114999999999999862e-04,3.531250000000000361e-02
1.161999999999999920e-04,3.593750000000000416e-02
1.208999999999999978e-04,3.531250000000000361e-02
1.256000000000000172e-04,3.468750000000000305e-02
1.302999999999999688e-04,3.437500000000000278e-02
1.349999999999999746e-04,3.312500000000000167e-02
1.396999999999999804e-04,3.281250000000000139e-02
1.443999999999999863e-04,3.250000000000000111e-02
1.490999999999999921e-04,3.281250000000000139e-02
1.537999999999999979e-04,3.343750000000000194e-02
1.585000000000000037e-04,3.375000000000000222e-02
1.632000000000000096e-04,3.468750000000000305e-02
1.679000000000000154e-04,3.531250000000000361e-02
1.726000000000000212e-04,3.656250000000000472e-02
1.773000000000000270e-04,3.750000000000000555e-02
1.819999999999999786e-04,3.781250000000000583e-02
1.866999999999999845e-04,3.812500000000000611e-02
1.913999999999999903e-04,3.906250000000000000e-02
1.960999999999999961e-04,3.937500000000000722e-02
2.008000000000000019e-04,3.937500000000000722e-02
2.055000000000000077e-04,3.968750000000000056e-02
2.102000000000000136e-04,3.937500000000000722e-02
2.149000000000000194e-04,3.968750000000000056e-02
2.196000000000000252e-04,3.968750000000000056e-02
2.242999999999999768e-04,4.000000000000000083e-02
2.289999999999999826e-04,4.031250000000000111e-02
2.336999999999999885e-04,4.031250000000000111e-02
2.383999999999999943e-04,3.968750000000000056e-02
2.431000000000000001e-04,4.000000000000000083e-02
2.478000000000000059e-04,3.968750000000000056e-02
2.525000000000000118e-04,3.937500000000000722e-02
2.572000000000000176e-04,3.937500000000000722e-02
2.619000000000000234e-04,3.968750000000000056e-02
2.665999999999999750e-04,3.937500000000000722e-02
2.712999999999999808e-04,3.906250000000000000e-02
2.759999999999999867e-04,3.875000000000000666e-02
2.806999999999999925e-04,3.750000000000000555e-02
2.853999999999999983e-04,3.656250000000000472e-02
2.901000000000000041e-04,3.593750000000000416e-02
2.948000000000000100e-04,3.531250000000000361e-02
2.995000000000000158e-04,3.500000000000000333e-02
3.042000000000000216e-04,3.531250000000000361e-02
3.088999999999999732e-04,3.625000000000000444e-02
3.135999999999999790e-04,3.687500000000000500e-02
3.182999999999999849e-04,3.781250000000000583e-02
3.229999999999999907e-04,3.812500000000000611e-02
3.276999999999999965e-04,3.906250000000000000e-02
3.324000000000000023e-04,3.906250000000000000e-02
3.371000000000000081e-04,3.937500000000000722e-02
3.418000000000000140e-04,3.937500000000000722e-02
3.465000000000000198e-04,3.937500000000000722e-02
3.512000000000000256e-04,3.906250000000000000e-02
3.558999999999999772e-04,3.937500000000000722e-02
3.605999999999999830e-04,3.937500000000000722e-02
3.652999999999999889e-04,3.937500000000000722e-02
3.699999999999999947e-04,3.937500000000000722e-02
3.747000000000000005e-04,3.937500000000000722e-02
3.794000000000000063e-04,3.937500000000000722e-02
3.841000000000000122e-04,3.906250000000000000e-02
3.887999999999999638e-04,3.906250000000000000e-02
3.935000000000000238e-04,3.843750000000000638e-02
3.981999999999999754e-04,3.750000000000000555e-02
4.029000000000000354e-04,3.687500000000000500e-02
4.075999999999999871e-04,3.562500000000000389e-02
4.123000000000000471e-04,3.500000000000000333e-02
4.169999999999999987e-04,3.437500000000000278e-02
4.216999999999999503e-04,3.343750000000000194e-02
4.264000000000000104e-04,3.343750000000000194e-02
4.310999999999999620e-04,3.281250000000000139e-02
4.358000000000000220e-04,3.312500000000000167e-02
4.404999999999999736e-04,3.312500000000000167e-02
4.452000000000000336e-04,3.312500000000000167e-02
4.498999999999999853e-04,3.312500000000000167e-02
4.546000000000000453e-04,3.375000000000000222e-02
4.592999999999999969e-04,3.375000000000000222e-02
4.639999999999999485e-04,3.375000000000000222e-02
4.687000000000000085e-04,3.375000000000000222e-02
4.733999999999999602e-04,3.406250000000000250e-02
4.781000000000000202e-04,3.437500000000000278e-02
4.827999999999999718e-04,3.468750000000000305e-02
4.875000000000000318e-04,3.468750000000000305e-02
4.921999999999999292e-04,3.531250000000000361e-02
4.968999999999999893e-04,3.562500000000000389e-02
5.015999999999999409e-04,3.593750000000000416e-02
5.062999999999998925e-04,3.625000000000000444e-02
5.109999999999999525e-04,3.687500000000000500e-02
5.156999999999999041e-04,3.781250000000000583e-02
5.203999999999999642e-04,3.812500000000000611e-02
5.250999999999999158e-04,3.875000000000000666e-02
5.297999999999999758e-04,3.937500000000000722e-02
5.344999999999999274e-04,4.000000000000000083e-02
5.391999999999999875e-04,4.000000000000000083e-02
5.438999999999999391e-04,4.062500000000000139e-02
5.485999999999998907e-04,4.062500000000000139e-02
5.532999999999999507e-04,4.062500000000000139e-02
5.579999999999999023e-04,4.062500000000000139e-02
5.626999999999999624e-04,4.062500000000000139e-02
5.673999999999999140e-04,4.062500000000000139e-02
5.720999999999999740e-04,4.000000000000000083e-02
5.767999999999999256e-04,3.968750000000000056e-02
5.814999999999999857e-04,3.937500000000000722e-02
5.861999999999999373e-04,3.906250000000000000e-02
5.908999999999998889e-04,3.875000000000000666e-02
5.955999999999999489e-04,3.843750000000000638e-02
6.002999999999999005e-04,3.843750000000000638e-02
6.049999999999999606e-04,3.843750000000000638e-02
6.096999999999999122e-04,3.781250000000000583e-02
6.143999999999999722e-04,3.781250000000000583e-02
6.190999999999999238e-04,3.750000000000000555e-02
6.237999999999999838e-04,3.718750000000000527e-02
6.284999999999999355e-04,3.687500000000000500e-02
6.331999999999998871e-04,3.750000000000000555e-02
6.378999999999999471e-04,3.750000000000000555e-02
6.425999999999998987e-04,3.781250000000000583e-02
6.472999999999999587e-04,3.812500000000000611e-02
6.519999999999999104e-04,3.843750000000000638e-02
6.566999999999999704e-04,3.843750000000000638e-02
6.613999999999999220e-04,3.843750000000000638e-02
6.660999999999999820e-04,3.843750000000000638e-02
6.707999999999999336e-04,3.843750000000000638e-02
6.754999999999998853e-04,3.843750000000000638e-02
6.801999999999999453e-04,3.937500000000000722e-02
6.848999999999998969e-04,3.937500000000000722e-02
6.895999999999999569e-04,3.968750000000000056e-02
6.942999999999999085e-04,4.093750000000000167e-02
6.989999999999999686e-04,4.093750000000000167e-02
7.036999999999999202e-04,4.187500000000000250e-02
7.083999999999999802e-04,4.218750000000000278e-02
7.130999999999999318e-04,4.281250000000000333e-02
7.177999999999998835e-04,4.343750000000000389e-02
7.224999999999999435e-04,4.406250000000000444e-02
7.271999999999998951e-04,4.437500000000000472e-02
7.318999999999999551e-04,4.500000000000000527e-02
7.365999999999999067e-04,4.531250000000000555e-02
7.412999999999999668e-04,4.562500000000000583e-02
7.459999999999999184e-04,4.624999999999999944e-02
7.506999999999999784e-04,4.656250000000000666e-02
7.553999999999999300e-04,4.687500000000000000e-02
7.600999999999998816e-04,4.687500000000000000e-02
7.647999999999999417e-04,4.687500000000000000e-02
7.694999999999998933e-04,4.687500000000000000e-02
7.741999999999999533e-04,4.656250000000000666e-02
7.788999999999999049e-04,4.656250000000000666e-02
7.835999999999999650e-04,4.656250000000000666e-02
7.882999999999999166e-04,4.624999999999999944e-02
7.929999999999999766e-04,4.624999999999999944e-02
7.976999999999999282e-04,4.593750000000000611e-02
8.023999999999999883e-04,4.593750000000000611e-02
8.070999999999999399e-04,4.593750000000000611e-02
8.117999999999998915e-04,4.624999999999999944e-02
8.164999999999999515e-04,4.593750000000000611e-02
8.211999999999999031e-04,4.624999999999999944e-02
8.258999999999999632e-04,4.687500000000000000e-02
8.305999999999999148e-04,4.718750000000000722e-02
8.352999999999999748e-04,4.750000000000000056e-02
8.399999999999999264e-04,4.718750000000000722e-02
8.446999999999999864e-04,4.718750000000000722e-02
8.493999999999999381e-04,4.781250000000000777e-02
8.540999999999998897e-04,4.781250000000000777e-02
8.587999999999999497e-04,4.812500000000000111e-02
8.634999999999999013e-04,4.843750000000000139e-02
8.681999999999999613e-04,4.875000000000000167e-02
8.728999999999999130e-04,4.875000000000000167e-02
8.775999999999998646e-04,4.937500000000000222e-02
8.822999999999999246e-04,4.968750000000000250e-02
8.869999999999999846e-04,5.031250000000000305e-02
8.916999999999998278e-04,5.062500000000000333e-02
8.963999999999998879e-04,5.062500000000000333e-02
9.010999999999999479e-04,5.093750000000000361e-02
9.058000000000000079e-04,5.125000000000000389e-02
9.104999999999998511e-04,5.156250000000000416e-02
9.151999999999999112e-04,5.187500000000000444e-02
9.198999999999999712e-04,5.218750000000000472e-02
9.246000000000000312e-04,5.218750000000000472e-02
9.292999999999998744e-04,5.250000000000000500e-02
9.339999999999999344e-04,5.250000000000000500e-02
9.386999999999999945e-04,5.250000000000000500e-02
9.433999999999998377e-04,5.250000000000000500e-02
9.480999999999998977e-04,5.250000000000000500e-02
9.527999999999999577e-04,5.250000000000000500e-02
9.575000000000000178e-04,5.218750000000000472e-02
9.621999999999998610e-04,5.187500000000000444e-02
9.668999999999999210e-04,5.187500000000000444e-02
9.715999999999999810e-04,5.093750000000000361e-02
9.762999999999998242e-04,5.125000000000000389e-02
9.809999999999998842e-04,5.093750000000000361e-02
9.856999999999999443e-04,5.093750000000000361e-02
9.904000000000000043e-04,5.031250000000000305e-02
9.950999999999998475e-04,5.062500000000000333e-02
9.997999999999999075e-04,5.031250000000000305e-02
1.004499999999999968e-03,5.062500000000000333e-02
1.009200000000000028e-03,5.062500000000000333e-02
1.013899999999999871e-03,5.062500000000000333e-02
1.018599999999999931e-03,5.062500000000000333e-02
1.023299999999999991e-03,5.093750000000000361e-02
1.027999999999999834e-03,5.125000000000000389e-02
1.032699999999999894e-03,5.125000000000000389e-02
1.037399999999999954e-03,5.187500000000000444e-02
1.042100000000000014e-03,5.218750000000000472e-02
1.046799999999999857e-03,5.187500000000000444e-02
1.051499999999999917e-03,5.218750000000000472e-02
1.056199999999999977e-03,5.250000000000000500e-02
1.060899999999999821e-03,5.312500000000000555e-02
1.065599999999999881e-03,5.312500000000000555e-02
1.070299999999999941e-03,5.375000000000000611e-02
1.075000000000000001e-03,5.375000000000000611e-02
1.079699999999999844e-03,5.375000000000000611e-02
1.084399999999999904e-03,5.375000000000000611e-02
1.089099999999999964e-03,5.437500000000000666e-02
1.093800000000000024e-03,5.406249999999999944e-02
1.098499999999999867e-03,5.468750000000000000e-02
1.103199999999999927e-03,5.468750000000000000e-02
1.107899999999999987e-03,5.468750000000000000e-02
1.112599999999999830e-03,5.500000000000000722e-02
1.117299999999999890e-03,5.531250000000000056e-02
1.121999999999999950e-03,5.531250000000000056e-02
1.126700000000000011e-03,5.500000000000000722e-02
1.131399999999999854e-03,5.562500000000000777e-02
1.136099999999999914e-03,5.531250000000000056e-02
1.140799999999999974e-03,5.531250000000000056e-02
1.145500000000000034e-03,5.562500000000000777e-02
1.150199999999999877e-03,5.562500000000000777e-02
1.154899999999999937e-03,5.562500000000000777e-02
1.159599999999999997e-03,5.531250000000000056e-02
1.164299999999999840e-03,5.562500000000000777e-02
1.168999999999999900e-03,5.531250000000000056e-02
1.173699999999999960e-03,5.562500000000000777e-02
1.178400000000000020e-03,5.562500000000000777e-02
1.183099999999999864e-03,5.562500000000000777e-02
1.187799999999999924e-03,5.562500000000000777e-02
1.192499999999999984e-03,5.562500000000000777e-02
1.197199999999999827e-03,5.593750000000000111e-02
1.201899999999999887e-03,5.593750000000000111e-02
1.206599999999999947e-03,5.625000000000000833e-02
1.211300000000000007e-03,5.625000000000000833e-02
1.215999999999999850e-03,5.625000000000000833e-02
1.220699999999999910e-03,5.656250000000000167e-02
1.225399999999999970e-03,5.656250000000000167e-02
1.230100000000000030e-03,5.718750000000000222e-02
1.234799999999999873e-03,5.718750000000000222e-02
1.239499999999999933e-03,5.687500000000000888e-02
1.244199999999999993e-03,5.750000000000000250e-02
1.248899999999999837e-03,5.750000000000000250e-02
1.253599999999999897e-03,5.750000000000000250e-02
1.258299999999999957e-03,5.750000000000000250e-02
1.263000000000000017e-03,5.718750000000000222e-02
1.267699999999999860e-03,5.687500000000000888e-02
1.272399999999999920e-03,5.687500000000000888e-02
1.277099999999999980e-03,5.718750000000000222e-02
1.281799999999999823e-03,5.687500000000000888e-02
1.286499999999999883e-03,5.718750000000000222e-02
1.291199999999999943e-03,5.687500000000000888e-02
1.295900000000000003e-03,5.718750000000000222e-02
1.300599999999999846e-03,5.750000000000000250e-02
1.305299999999999907e-03,5.750000000000000250e-02
1.309999999999999967e-03,5.750000000000000250e-02
1.314700000000000027e-03,5.781250000000000278e-02
1.319399999999999870e-03,5.781250000000000278e-02
1.324099999999999930e-03,5.781250000000000278e-02
1.328799999999999990e-03,5.750000000000000250e-02
1.333499999999999833e-03,5.781250000000000278e-02
1.338199999999999893e-03,5.781250000000000278e-02
1.342899999999999953e-03,5.750000000000000250e-02
1.347600000000000013e-03,5.750000000000000250e-02
1.352299999999999856e-03,5.750000000000000250e-02
1.356999999999999916e-03,5.750000000000000250e-02
1.361699999999999976e-03,5.781250000000000278e-02
1.366399999999999820e-03,5.750000000000000250e-02
1.371099999999999880e-03,5.750000000000000250e-02
1.375799999999999940e-03,5.750000000000000250e-02
1.380500000000000000e-03,5.781250000000000278e-02
1.385199999999999843e-03,5.812500000000000305e-02
1.389899999999999903e-03,5.781250000000000278e-02
1.394599999999999963e-03,5.812500000000000305e-02
1.399300000000000023e-03,5.812500000000000305e-02
1.403999999999999866e-03,5.812500000000000305e-02
1.408699999999999926e-03,5.843750000000000333e-02
1.413399999999999986e-03,5.843750000000000333e-02
1.418099999999999829e-03,5.875000000000000361e-02
1.422799999999999889e-03,5.843750000000000333e-02
1.427499999999999949e-03,5.843750000000000333e-02
1.432200000000000010e-03,5.812500000000000305e-02
1.436899999999999853e-03,5.781250000000000278e-02
1.441599999999999913e-03,5.750000000000000250e-02
1.446299999999999973e-03,5.718750000000000222e-02
1.450999999999999816e-03,5.718750000000000222e-02
1.455699999999999876e-03,5.656250000000000167e-02
1.460399999999999936e-03,5.656250000000000167e-02
1.465099999999999996e-03,5.593750000000000111e-02
1.469799999999999839e-03,5.625000000000000833e-02
1.474499999999999899e-03,5.593750000000000111e-02
1.479199999999999959e-03,5.593750000000000111e-02
1.483900000000000019e-03,5.625000000000000833e-02
1.488599999999999863e-03,5.625000000000000833e-02
1.493299999999999923e-03,5.656250000000000167e-02
1.497999999999999983e-03,5.625000000000000833e-02
1.502699999999999826e-03,5.687500000000000888e-02
1.507399999999999886e-03,5.687500000000000888e-02
1.512099999999999946e-03,5.687500000000000888e-02
1.516800000000000006e-03,5.718750000000000222e-02
1.521499999999999849e-03,5.718750000000000222e-02
1.526199999999999909e-03,5.718750000000000222e-02
1.530899999999999969e-03,5.750000000000000250e-02
1.535599999999999812e-03,5.750000000000000250e-02
1.540299999999999872e-03,5.750000000000000250e-02
1.544999999999999932e-03,5.781250000000000278e-02
1.549699999999999992e-03,5.750000000000000250e-02
1.554399999999999836e-03,5.750000000000000250e-02
1.559099999999999896e-03,5.718750000000000222e-02
1.563799999999999956e-03,5.750000000000000250e-02
1.568500000000000016e-03,5.750000000000000250e-02
1.573199999999999859e-03,5.781250000000000278e-02
1.577899999999999919e-03,5.781250000000000278e-02
1.582599999999999979e-03,5.781250000000000278e-02
1.587299999999999822e-03,5.781250000000000278e-02
1.591999999999999882e-03,5.781250000000000278e-02
1.596699999999999942e-03,5.781250000000000278e-02
1.601400000000000002e-03,5.781250000000000278e-02
1.606099999999999845e-03,5.750000000000000250e-02
1.610799999999999906e-03,5.718750000000000222e-02
1.615499999999999966e-03,5.718750000000000222e-02
1.620199999999999809e-03,5.625000000000000833e-02
1.624899999999999869e-03,5.625000000000000833e-02
1.629599999999999929e-03,5.562500000000000777e-02
1.634299999999999989e-03,5.531250000000000056e-02
1.638999999999999832e-03,5.468750000000000000e-02
1.643699999999999892e-03,5.437500000000000666e-02
1.648399999999999952e-03,5.437500000000000666e-02
1.653100000000000012e-03,5.375000000000000611e-02
1.657799999999999855e-03,5.375000000000000611e-02
1.662499999999999915e-03,5.312500000000000555e-02
1.667199999999999975e-03,5.343749999999999889e-02
1.671899999999999819e-03,5.343749999999999889e-02
1.676599999999999879e-03,5.375000000000000611e-02
1.681299999999999939e-03,5.375000000000000611e-02
1.685999999999999999e-03,5.343749999999999889e-02
1.690699999999999842e-03,5.406249999999999944e-02
1.695399999999999902e-03,5.437500000000000666e-02
1.700099999999999962e-03,5.468750000000000000e-02
1.704800000000000022e-03,5.468750000000000000e-02
1.709499999999999865e-03,5.468750000000000000e-02
1.714199999999999925e-03,5.531250000000000056e-02
1.718899999999999985e-03,5.500000000000000722e-02
1.723599999999999828e-03,5.531250000000000056e-02
1.728299999999999888e-03,5.562500000000000777e-02
1.732999999999999948e-03,5.562500000000000777e-02
1.737700000000000009e-03,5.500000000000000722e-02
1.742399999999999852e-03,5.500000000000000722e-02
1.747099999999999912e-03,5.531250000000000056e-02
1.751799999999999972e-03,5.500000000000000722e-02
1.756499999999999815e-03,5.500000000000000722e-02
1.761199999999999875e-03,5.531250000000000056e-02
1.765899999999999935e-03,5.500000000000000722e-02
1.770599999999999995e-03,5.468750000000000000e-02
1.775299999999999838e-03,5.500000000000000722e-02
1.779999999999999898e-03,5.468750000000000000e-02
1.784699999999999958e-03,5.468750000000000000e-02
1.789400000000000018e-03,5.437500000000000666e-02
1.794099999999999862e-03,5.437500000000000666e-02
1.798799999999999922e-03,5.343749999999999889e-02
1.803499999999999982e-03,5.312500000000000555e-02
1.808199999999999825e-03,5.250000000000000500e-02
1.812899999999999885e-03,5.218750000000000472e-02
1.817599999999999945e-03,5.156250000000000416e-02
1.822300000000000005e-03,5.156250000000000416e-02
1.826999999999999848e-03,5.031250000000000305e-02
1.831699999999999908e-03,5.062500000000000333e-02
1.836399999999999968e-03,5.000000000000000278e-02
1.841099999999999811e-03,4.906250000000000194e-02
1.845799999999999871e-03,4.906250000000000194e-02
1.850499999999999931e-03,4.875000000000000167e-02
1.855199999999999775e-03,4.875000000000000167e-02
1.859900000000000051e-03,4.875000000000000167e-02
1.864599999999999895e-03,4.906250000000000194e-02
1.869299999999999738e-03,4.906250000000000194e-02
1.874000000000000015e-03,4.968750000000000250e-02
1.878699999999999858e-03,4.968750000000000250e-02
1.883399999999999701e-03,5.000000000000000278e-02
1.888099999999999978e-03,5.000000000000000278e-02
1.892799999999999821e-03,5.062500000000000333e-02
1.897500000000000098e-03,5.062500000000000333e-02
1.902199999999999941e-03,5.062500000000000333e-02
1.906899999999999784e-03,5.093750000000000361e-02
1.911600000000000061e-03,5.093750000000000361e-02
1.916299999999999904e-03,5.062500000000000333e-02
1.920999999999999748e-03,5.062500000000000333e-02
1.925700000000000025e-03,5.093750000000000361e-02
1.930399999999999868e-03,5.031250000000000305e-02
1.935099999999999711e-03,5.031250000000000305e-02
1.939799999999999988e-03,5.000000000000000278e-02
1.944499999999999831e-03,5.000000000000000278e-02
1.949200000000000108e-03,5.000000000000000278e-02
1.953900000000000168e-03,4.968750000000000250e-02
1.958600000000000011e-03,4.968750000000000250e-02
1.963300000000000288e-03,4.937500000000000222e-02
1.968000000000000131e-03,4.937500000000000222e-02
1.972699999999999974e-03,4.937500000000000222e-02
1.977400000000000251e-03,4.843750000000000139e-02
1.982100000000000094e-03,4.812500000000000111e-02
1.986799999999999938e-03,4.718750000000000722e-02
1.991500000000000214e-03,4.687500000000000000e-02
1.996200000000000058e-03,4.593750000000000611e-02
2.000900000000000335e-03,4.531250000000000555e-02
2.005600000000000178e-03,4.437500000000000472e-02
2.010300000000000021e-03,4.437500000000000472e-02
2.015000000000000298e-03,4.312500000000000361e-02
2.019700000000000141e-03,4.218750000000000278e-02
2.024399999999999984e-03,4.156250000000000222e-02
2.029100000000000261e-03,4.125000000000000194e-02
2.033800000000000104e-03,4.093750000000000167e-02
2.038499999999999947e-03,4.062500000000000139e-02
2.043200000000000224e-03,4.031250000000000111e-02
2.047900000000000068e-03,4.031250000000000111e-02
2.052599999999999911e-03,4.031250000000000111e-02
2.057300000000000188e-03,4.031250000000000111e-02
2.062000000000000031e-03,4.062500000000000139e-02
2.066700000000000308e-03,4.093750000000000167e-02
2.071400000000000151e-03,4.062500000000000139e-02
2.076099999999999994e-03,4.093750000000000167e-02
2.080800000000000271e-03,4.125000000000000194e-02
2.085500000000000114e-03,4.125000000000000194e-02
2.090199999999999957e-03,4.125000000000000194e-02
2.094900000000000234e-03,4.125000000000000194e-02
2.099600000000000077e-03,4.125000000000000194e-02
2.104299999999999921e-03,4.093750000000000167e-02
2.109000000000000197e-03,4.093750000000000167e-02
2.113700000000000041e-03,4.062500000000000139e-02
2.118400000000000317e-03,4.000000000000000083e-02
2.123100000000000161e-03,4.000000000000000083e-02
2.127800000000000004e-03,3.937500000000000722e-02
2.132500000000000281e-03,3.937500000000000722e-02
2.137200000000000124e-03,3.875000000000000666e-02
2.141899999999999967e-03,3.875000000000000666e-02
2.146600000000000244e-03,3.843750000000000638e-02
2.151300000000000087e-03,3.750000000000000555e-02
2.155999999999999930e-03,3.750000000000000555e-02
2.160700000000000207e-03,3.718750000000000527e-02
2.165400000000000050e-03,3.625000000000000444e-02
2.170100000000000327e-03,3.593750000000000416e-02
2.174800000000000171e-03,3.531250000000000361e-02
2.179500000000000014e-03,3.468750000000000305e-02
2.184200000000000291e-03,3.343750000000000194e-02
2.188900000000000134e-03,3.281250000000000139e-02
2.193599999999999977e-03,3.218750000000000083e-02
2.198300000000000254e-03,3.125000000000000000e-02
2.203000000000000097e-03,3.093750000000000319e-02
2.207699999999999940e-03,3.031250000000000264e-02
2.212400000000000217e-03,2.968750000000000208e-02
2.217100000000000060e-03,2.906250000000000500e-02
2.221799999999999903e-03,2.906250000000000500e-02
2.226500000000000180e-03,2.875000000000000472e-02
2.231200000000000024e-03,2.843750000000000444e-02
2.235900000000000300e-03,2.875000000000000472e-02
2.240600000000000144e-03,2.843750000000000444e-02
2.245299999999999987e-03,2.875000000000000472e-02
2.250000000000000264e-03,2.875000000000000472e-02
2.254700000000000107e-03,2.906250000000000500e-02
2.259399999999999950e-03,2.968750000000000208e-02
2.264100000000000227e-03,2.968750000000000208e-02
2.268800000000000070e-03,3.000000000000000236e-02
2.273499999999999913e-03,3.000000000000000236e-02
2.278200000000000190e-03,3.000000000000000236e-02
2.282900000000000033e-03,2.968750000000000208e-02
2.287600000000000310e-03,3.000000000000000236e-02
2.292300000000000153e-03,2.937500000000000527e-02
2.296999999999999997e-03,2.968750000000000208e-02
2.301700000000000274e-03,2.937500000000000527e-02
2.306400000000000117e-03,2.906250000000000500e-02
2.311099999999999960e-03,2.875000000000000472e-02
2.315800000000000237e-03,2.843750000000000444e-02
2.320500000000000080e-03,2.843750000000000444e-02
2.325199999999999923e-03,2.812500000000000416e-02
2.329900000000000200e-03,2.781250000000000389e-02
2.334600000000000043e-03,2.781250000000000389e-02
2.339300000000000320e-03,2.718750000000000333e-02
2.344000000000000163e-03,2.687500000000000305e-02
2.348700000000000006e-03,2.625000000000000250e-02
2.353400000000000283e-03,2.593750000000000222e-02
2.358100000000000127e-03,2.562500000000000194e-02
2.362799999999999970e-03,2.468750000000000111e-02
2.367500000000000247e-03,2.406250000000000056e-02
2.372200000000000090e-03,2.375000000000000375e-02
2.376899999999999933e-03,2.312500000000000319e-02
2.381600000000000210e-03,2.281250000000000291e-02
2.386300000000000053e-03,2.187500000000000555e-02
2.391000000000000330e-03,2.156250000000000527e-02
2.395700000000000173e-03,2.156250000000000527e-02
2.400400000000000016e-03,2.062500000000000444e-02
2.405100000000000293e-03,2.031250000000000416e-02
2.409800000000000136e-03,2.031250000000000416e-02
2.414499999999999980e-03,2.031250000000000416e-02
2.419200000000000256e-03,2.000000000000000389e-02
2.423900000000000100e-03,2.031250000000000416e-02
2.428599999999999943e-03,2.031250000000000416e-02
2.433300000000000220e-03,2.062500000000000444e-02
2.438000000000000063e-03,2.125000000000000500e-02
2.442699999999999906e-03,2.093750000000000472e-02
2.447400000000000183e-03,2.125000000000000500e-02
2.452100000000000026e-03,2.187500000000000555e-02
2.456800000000000303e-03,2.156250000000000527e-02
2.461500000000000146e-03,2.187500000000000555e-02
2.466199999999999989e-03,2.218750000000000236e-02
2.470900000000000266e-03,2.187500000000000555e-02
2.475600000000000109e-03,2.187500000000000555e-02
2.480299999999999953e-03,2.187500000000000555e-02
2.485000000000000230e-03,2.218750000000000236e-02
2.489700000000000073e-03,2.187500000000000555e-02
2.494399999999999916e-03,2.125000000000000500e-02
2.499100000000000193e-03,2.125000000000000500e-02
2.503800000000000036e-03,2.125000000000000500e-02
2.508500000000000313e-03,2.062500000000000444e-02
2.513200000000000156e-03,2.031250000000000416e-02
2.517899999999999999e-03,2.031250000000000416e-02
2.522600000000000276e-03,1.968750000000000361e-02
2.527300000000000119e-03,1.968750000000000361e-02
2.531999999999999963e-03,1.937500000000000333e-02
2.536700000000000239e-03,1.875000000000000278e-02
2.541400000000000083e-03,1.843750000000000250e-02
2.546099999999999926e-03,1.781250000000000194e-02
2.550800000000000203e-03,1.750000000000000167e-02
2.555500000000000046e-03,1.750000000000000167e-02
2.560200000000000323e-03,1.687500000000000458e-02
2.564900000000000166e-03,1.625000000000000402e-02
2.569600000000000009e-03,1.531250000000000319e-02
2.574300000000000286e-03,1.531250000000000319e-02
2.579000000000000129e-03,1.468750000000000264e-02
2.583699999999999972e-03,1.437500000000000236e-02
2.588400000000000249e-03,1.406250000000000208e-02
2.593100000000000092e-03,1.375000000000000180e-02
2.597799999999999936e-03,1.375000000000000180e-02
2.602500000000000212e-03,1.375000000000000180e-02
2.607200000000000056e-03,1.312500000000000125e-02
2.611899999999999899e-03,1.312500000000000125e-02
2.616600000000000176e-03,1.375000000000000180e-02
2.621300000000000019e-03,1.375000000000000180e-02
2.626000000000000296e-03,1.406250000000000208e-02
2.630700000000000139e-03,1.375000000000000180e-02
2.635399999999999982e-03,1.375000000000000180e-02
2.640100000000000259e-03,1.406250000000000208e-02
2.644800000000000102e-03,1.375000000000000180e-02
2.649499999999999945e-03,1.375000000000000180e-02
2.654200000000000222e-03,1.375000000000000180e-02
2.658900000000000065e-03,1.375000000000000180e-02
2.663599999999999909e-03,1.343750000000000153e-02
2.668300000000000186e-03,1.312500000000000125e-02
2.673000000000000029e-03,1.312500000000000125e-02
2.677700000000000306e-03,1.281250000000000444e-02
2.682400000000000149e-03,1.250000000000000416e-02
2.687099999999999992e-03,1.218750000000000389e-02
2.691800000000000269e-03,1.218750000000000389e-02
2.696500000000000112e-03,1.218750000000000389e-02
2.701199999999999955e-03,1.187500000000000361e-02
2.705900000000000232e-03,1.156250000000000333e-02
2.710600000000000075e-03,1.125000000000000305e-02
2.715299999999999919e-03,1.125000000000000305e-02
2.720000000000000195e-03,1.062500000000000250e-02
2.724700000000000039e-03,1.062500000000000250e-02
2.729400000000000315e-03,1.031250000000000222e-02
2.734100000000000159e-03,1.000000000000000194e-02
2.738800000000000002e-03,9.687500000000001665e-03
2.743500000000000279e-03,9.687500000000001665e-03
2.748200000000000122e-03,9.375000000000001388e-03
2.752899999999999965e-03,9.062500000000001110e-03
2.757600000000000242e-03,9.062500000000001110e-03
2.762300000000000085e-03,8.750000000000004302e-03
2.766999999999999928e-03,8.750000000000004302e-03
2.771700000000000205e-03,8.437500000000004025e-03
2.776400000000000048e-03,8.125000000000003747e-03
2.781099999999999892e-03,7.812500000000003469e-03
2.785800000000000168e-03,7.812500000000003469e-03
2.790500000000000012e-03,7.812500000000003469e-03
2.795200000000000289e-03,7.812500000000003469e-03
2.799900000000000132e-03,7.812500000000003469e-03
2.804599999999999975e-03,7.812500000000003469e-03
2.809300000000000252e-03,7.812500000000003469e-03
2.814000000000000095e-03,8.125000000000003747e-03
2.818699999999999938e-03,8.125000000000003747e-03
2.823400000000000215e-03,7.812500000000003469e-03
2.828100000000000058e-03,8.125000000000003747e-03
2.832799999999999901e-03,8.437500000000004025e-03
2.837500000000000178e-03,8.125000000000003747e-03
2.842200000000000022e-03,8.437500000000004025e-03
2.846900000000000298e-03,8.437500000000004025e-03
2.851600000000000142e-03,8.125000000000003747e-03
2.856299999999999985e-03,7.812500000000003469e-03
2.861000000000000262e-03,7.500000000000003192e-03
2.865700000000000105e-03,7.812500000000003469e-03
2.870399999999999948e-03,7.500000000000003192e-03
2.875100000000000225e-03,7.500000000000003192e-03
2.879800000000000068e-03,7.187500000000002914e-03
2.884499999999999911e-03,7.187500000000002914e-03
2.889200000000000188e-03,7.187500000000002914e-03
2.893900000000000031e-03,6.875000000000002637e-03
2.898600000000000308e-03,6.875000000000002637e-03
2.903300000000000151e-03,6.875000000000002637e-03
2.907999999999999995e-03,6.562500000000002359e-03
2.912700000000000271e-03,6.562500000000002359e-03
2.917400000000000115e-03,6.875000000000002637e-03
2.922099999999999958e-03,6.250000000000002082e-03
2.926800000000000235e-03,5.937500000000001804e-03
2.931500000000000078e-03,5.937500000000001804e-03
2.936199999999999921e-03,5.937500000000001804e-03
2.940900000000000198e-03,6.250000000000002082e-03
2.945600000000000041e-03,6.250000000000002082e-03
2.950300000000000318e-03,5.937500000000001804e-03
2.955000000000000161e-03,5.937500000000001804e-03
2.959700000000000004e-03,5.625000000000001527e-03
2.964400000000000281e-03,5.625000000000001527e-03
2.969100000000000125e-03,5.625000000000001527e-03
2.973799999999999968e-03,5.312500000000001249e-03
2.978500000000000245e-03,5.625000000000001527e-03
2.983200000000000088e-03,5.312500000000001249e-03
2.987899999999999931e-03,5.312500000000001249e-03
2.992600000000000208e-03,5.312500000000001249e-03
2.997300000000000051e-03,5.312500000000001249e-03
3.001999999999999894e-03,5.312500000000001249e-03
3.006700000000000171e-03,5.625000000000001527e-03
3.011400000000000014e-03,5.937500000000001804e-03
3.016100000000000291e-03,5.312500000000001249e-03
3.020800000000000134e-03,5.312500000000001249e-03
3.025499999999999978e-03,5.312500000000001249e-03
3.030200000000000254e-03,5.312500000000001249e-03
3.034900000000000098e-03,5.000000000000004441e-03
3.039599999999999941e-03,5.000000000000004441e-03
3.044300000000000218e-03,5.000000000000004441e-03
3.049000000000000061e-03,5.000000000000004441e-03
3.053699999999999904e-03,5.000000000000004441e-03
3.058400000000000181e-03,4.687500000000004163e-03
3.063100000000000024e-03,5.000000000000004441e-03
3.067800000000000301e-03,4.687500000000004163e-03
3.072500000000000144e-03,4.687500000000004163e-03
3.077199999999999987e-03,4.687500000000004163e-03
3.081900000000000264e-03,4.687500000000004163e-03
3.086600000000000107e-03,4.375000000000003886e-03
3.091299999999999951e-03,4.687500000000004163e-03
3.096000000000000228e-03,4.687500000000004163e-03
3.100700000000000071e-03,4.687500000000004163e-03
3.105399999999999914e-03,5.000000000000004441e-03
3.110100000000000191e-03,5.312500000000001249e-03
3.114800000000000034e-03,5.625000000000001527e-03
3.119500000000000311e-03,5.625000000000001527e-03
3.124200000000000154e-03,5.937500000000001804e-03
3.128899999999999997e-03,6.250000000000002082e-03
3.133600000000000274e-03,6.250000000000002082e-03
3.138300000000000117e-03,6.250000000000002082e-03
3.142999999999999960e-03,6.250000000000002082e-03
3.147700000000000237e-03,6.562500000000002359e-03
3.152400000000000081e-03,6.562500000000002359e-03
3.157099999999999924e-03,6.562500000000002359e-03
3.161800000000000201e-03,6.562500000000002359e-03
3.166500000000000044e-03,6.250000000000002082e-03
3.171199999999999887e-03,6.250000000000002082e-03
3.175900000000000164e-03,5.937500000000001804e-03
3.180600000000000007e-03,5.937500000000001804e-03
3.185300000000000284e-03,5.937500000000001804e-03
3.190000000000000127e-03,5.937500000000001804e-03
3.194699999999999970e-03,5.937500000000001804e-03
3.199400000000000247e-03,5.937500000000001804e-03
3.204100000000000090e-03,5.312500000000001249e-03
3.208799999999999934e-03,5.625000000000001527e-03
3.213500000000000210e-03,5.625000000000001527e-03
3.218200000000000054e-03,5.312500000000001249e-03
3.222899999999999897e-03,5.625000000000001527e-03
3.227600000000000174e-03,5.312500000000001249e-03
3.232300000000000017e-03,5.625000000000001527e-03
3.237000000000000294e-03,5.625000000000001527e-03
3.241700000000000137e-03,5.625000000000001527e-03
3.246399999999999980e-03,5.625000000000001527e-03
3.251100000000000257e-03,5.625000000000001527e-03
3.255800000000000100e-03,5.625000000000001527e-03
3.260499999999999943e-03,6.250000000000002082e-03
3.265200000000000220e-03,5.937500000000001804e-03
3.269900000000000063e-03,5.937500000000001804e-03
3.274599999999999907e-03,6.562500000000002359e-03
3.279300000000000184e-03,5.937500000000001804e-03
3.284000000000000027e-03,5.937500000000001804e-03
3.288700000000000304e-03,6.562500000000002359e-03
3.293400000000000147e-03,6.875000000000002637e-03
3.298099999999999990e-03,7.187500000000002914e-03
3.302800000000000267e-03,7.812500000000003469e-03
3.307500000000000110e-03,8.125000000000003747e-03
3.312199999999999953e-03,8.750000000000004302e-03
3.316900000000000230e-03,8.750000000000004302e-03
3.321600000000000073e-03,9.062500000000001110e-03
3.326299999999999917e-03,9.687500000000001665e-03
3.331000000000000193e-03,9.375000000000001388e-03
3.335700000000000037e-03,9.687500000000001665e-03
3.340399999999999880e-03,9.375000000000001388e-03
3.345100000000000157e-03,9.375000000000001388e-03
3.349800000000000000e-03,9.375000000000001388e-03
3.354500000000000277e-03,9.375000000000001388e-03
3.359200000000000120e-03,9.062500000000001110e-03
3.363899999999999963e-03,8.750000000000004302e-03
3.368600000000000240e-03,8.750000000000004302e-03
3.373300000000000083e-03,8.437500000000004025e-03
3.377999999999999926e-03,8.125000000000003747e-03
3.382700000000000203e-03,8.437500000000004025e-03
3.387400000000000046e-03,8.437500000000004025e-03
3.392099999999999890e-03,7.812500000000003469e-03
3.396800000000000166e-03,7.812500000000003469e-03
3.401500000000000010e-03,7.812500000000003469e-03
3.406200000000000287e-03,8.125000000000003747e-03
3.410900000000000130e-03,8.125000000000003747e-03
3.415599999999999973e-03,7.812500000000003469e-03
3.420300000000000250e-03,8.125000000000003747e-03
3.425000000000000093e-03,8.125000000000003747e-03
3.429699999999999936e-03,8.437500000000004025e-03
3.434400000000000213e-03,8.750000000000004302e-03
3.439100000000000056e-03,8.437500000000004025e-03
3.443799999999999899e-03,8.437500000000004025e-03
3.448500000000000176e-03,9.062500000000001110e-03
3.453200000000000019e-03,9.062500000000001110e-03
3.457900000000000296e-03,9.375000000000001388e-03
3.462600000000000140e-03,9.687500000000001665e-03
3.467299999999999983e-03,1.031250000000000222e-02
3.472000000000000260e-03,1.062500000000000250e-02
3.476700000000000103e-03,1.125000000000000305e-02
3.481399999999999946e-03,1.218750000000000389e-02
3.486100000000000223e-03,1.250000000000000416e-02
3.490800000000000066e-03,1.312500000000000125e-02
3.495499999999999909e-03,1.343750000000000153e-02
3.500200000000000186e-03,1.437500000000000236e-02
3.504900000000000029e-03,1.500000000000000291e-02
3.509600000000000306e-03,1.531250000000000319e-02
3.514300000000000149e-03,1.562500000000000347e-02
3.518999999999999993e-03,1.593750000000000375e-02
3.523700000000000269e-03,1.625000000000000402e-02
3.528400000000000113e-03,1.625000000000000402e-02
3.533099999999999956e-03,1.625000000000000402e-02
3.537800000000000233e-03,1.625000000000000402e-02
3.542500000000000076e-03,1.625000000000000402e-02
3.547199999999999919e-03,1.593750000000000375e-02
3.551900000000000196e-03,1.562500000000000347e-02
3.556600000000000039e-03,1.531250000000000319e-02
3.561299999999999882e-03,1.531250000000000319e-02
3.566000000000000159e-03,1.500000000000000291e-02
3.570700000000000002e-03,1.468750000000000264e-02
3.575400000000000279e-03,1.468750000000000264e-02
3.580100000000000122e-03,1.468750000000000264e-02
3.584799999999999966e-03,1.468750000000000264e-02
3.589500000000000243e-03,1.468750000000000264e-02
3.594200000000000086e-03,1.468750000000000264e-02
3.598899999999999929e-03,1.500000000000000291e-02
3.603600000000000206e-03,1.562500000000000347e-02
3.608300000000000049e-03,1.531250000000000319e-02
3.612999999999999892e-03,1.593750000000000375e-02
3.617700000000000169e-03,1.593750000000000375e-02
3.622400000000000012e-03,1.625000000000000402e-02
3.627100000000000289e-03,1.656250000000000430e-02
3.631800000000000132e-03,1.625000000000000402e-02
3.636499999999999976e-03,1.687500000000000458e-02
3.641200000000000252e-03,1.718750000000000139e-02
3.645900000000000096e-03,1.750000000000000167e-02
3.650599999999999939e-03,1.843750000000000250e-02
3.655300000000000216e-03,1.906250000000000305e-02
3.660000000000000059e-03,1.968750000000000361e-02
3.664699999999999902e-03,2.031250000000000416e-02
3.669400000000000179e-03,2.125000000000000500e-02
3.674100000000000022e-03,2.156250000000000527e-02
3.678800000000000299e-03,2.218750000000000236e-02
3.683500000000000142e-03,2.281250000000000291e-02
3.688199999999999985e-03,2.375000000000000375e-02
3.692900000000000262e-03,2.406250000000000056e-02
3.697600000000000105e-03,2.468750000000000111e-02
3.702299999999999949e-03,2.500000000000000139e-02
3.707000000000000225e-03,2.531250000000000167e-02
3.711700000000000069e-03,2.562500000000000194e-02
3.716399999999999912e-03,2.531250000000000167e-02
3.721100000000000189e-03,2.531250000000000167e-02
3.725800000000000032e-03,2.500000000000000139e-02
3.730499999999999875e-03,2.500000000000000139e-02
3.735200000000000152e-03,2.468750000000000111e-02
3.739899999999999995e-03,2.437500000000000083e-02
3.744600000000000272e-03,2.437500000000000083e-02
3.749300000000000115e-03,2.437500000000000083e-02
3.753999999999999958e-03,2.406250000000000056e-02
3.758700000000000235e-03,2.375000000000000375e-02
3.763400000000000079e-03,2.406250000000000056e-02
3.768099999999999922e-03,2.375000000000000375e-02
3.772800000000000199e-03,2.406250000000000056e-02
3.777500000000000042e-03,2.406250000000000056e-02
3.782199999999999885e-03,2.406250000000000056e-02
3.786900000000000162e-03,2.437500000000000083e-02
3.791600000000000005e-03,2.468750000000000111e-02
3.796300000000000282e-03,2.437500000000000083e-02
3.801000000000000125e-03,2.500000000000000139e-02
3.805699999999999968e-03,2.500000000000000139e-02
3.810399999999999811e-03,2.531250000000000167e-02
3.815099999999999655e-03,2.562500000000000194e-02
3.819800000000000365e-03,2.593750000000000222e-02
3.824500000000000208e-03,2.625000000000000250e-02
3.829200000000000052e-03,2.656250000000000278e-02
3.833899999999999895e-03,2.718750000000000333e-02
3.838599999999999738e-03,2.781250000000000389e-02
3.843300000000000449e-03,2.812500000000000416e-02
3.848000000000000292e-03,2.875000000000000472e-02
3.852700000000000135e-03,2.937500000000000527e-02
3.857399999999999978e-03,3.031250000000000264e-02
3.862099999999999821e-03,3.093750000000000319e-02
3.866799999999999665e-03,3.125000000000000000e-02
3.871500000000000375e-03,3.187500000000000056e-02
3.876200000000000218e-03,3.250000000000000111e-02
3.880900000000000061e-03,3.250000000000000111e-02
3.885599999999999905e-03,3.312500000000000167e-02
3.890299999999999748e-03,3.312500000000000167e-02
3.895000000000000458e-03,3.375000000000000222e-02
3.899700000000000302e-03,3.343750000000000194e-02
3.904400000000000145e-03,3.312500000000000167e-02
3.909099999999999554e-03,3.312500000000000167e-02
3.913799999999999397e-03,3.312500000000000167e-02
3.918499999999999241e-03,3.281250000000000139e-02
3.923199999999999951e-03,3.250000000000000111e-02
3.927899999999999794e-03,3.218750000000000083e-02
3.932599999999999638e-03,3.187500000000000056e-02
3.937299999999999481e-03,3.187500000000000056e-02
3.941999999999999324e-03,3.187500000000000056e-02
3.946700000000000035e-03,3.156250000000000028e-02
3.951399999999999878e-03,3.156250000000000028e-02
3.956099999999999721e-03,3.156250000000000028e-02
3.960799999999999564e-03,3.156250000000000028e-02
3.965499999999999407e-03,3.187500000000000056e-02
3.970199999999999250e-03,3.218750000000000083e-02
3.974899999999999961e-03,3.218750000000000083e-02
3.979599999999999804e-03,3.218750000000000083e-02
3.984299999999999647e-03,3.250000000000000111e-02
3.988999999999999491e-03,3.312500000000000167e-02
3.993699999999999334e-03,3.343750000000000194e-02
3.998400000000000044e-03,3.343750000000000194e-02
4.003099999999999888e-03,3.406250000000000250e-02
4.007799999999999731e-03,3.406250000000000250e-02
4.012499999999999574e-03,3.437500000000000278e-02
4.017199999999999417e-03,3.531250000000000361e-02
4.021899999999999260e-03,3.562500000000000389e-02
4.026599999999999971e-03,3.625000000000000444e-02
4.031299999999999814e-03,3.718750000000000527e-02
4.035999999999999657e-03,3.781250000000000583e-02
4.040699999999999500e-03,3.843750000000000638e-02
4.045399999999999344e-03,3.875000000000000666e-02
4.050100000000000054e-03,3.937500000000000722e-02
4.054799999999999897e-03,4.000000000000000083e-02
4.059499999999999741e-03,4.031250000000000111e-02
4.064199999999999584e-03,4.093750000000000167e-02
4.068899999999999427e-03,4.125000000000000194e-02
4.073599999999999270e-03,4.125000000000000194e-02
4.078299999999999981e-03,4.187500000000000250e-02
4.082999999999999824e-03,4.187500000000000250e-02
4.087699999999999667e-03,4.187500000000000250e-02
4.092399999999999510e-03,4.218750000000000278e-02
4.097099999999999353e-03,4.187500000000000250e-02
4.101800000000000064e-03,4.187500000000000250e-02
4.106499999999999907e-03,4.187500000000000250e-02
4.111199999999999750e-03,4.125000000000000194e-02
4.115899999999999594e-03,4.093750000000000167e-02
4.120599999999999437e-03,4.093750000000000167e-02
4.125299999999999280e-03,4.093750000000000167e-02
4.129999999999999991e-03,4.062500000000000139e-02
4.134699999999999834e-03,4.093750000000000167e-02
4.139399999999999677e-03,4.062500000000000139e-02
4.144099999999999520e-03,4.093750000000000167e-02
4.148799999999999363e-03,4.062500000000000139e-02
4.153500000000000074e-03,4.093750000000000167e-02
4.158199999999999917e-03,4.125000000000000194e-02
4.162899999999999760e-03,4.156250000000000222e-02
4.167599999999999603e-03,4.187500000000000250e-02
4.172299999999999447e-03,4.187500000000000250e-02
4.176999999999999290e-03,4.218750000000000278e-02
4.181700000000000000e-03,4.250000000000000305e-02
4.186399999999999844e-03,4.281250000000000333e-02
4.191099999999999687e-03,4.312500000000000361e-02
4.195799999999999530e-03,4.312500000000000361e-02
4.200499999999999373e-03,4.406250000000000444e-02
4.205199999999999216e-03,4.437500000000000472e-02
4.209899999999999927e-03,4.468750000000000500e-02
4.214599999999999770e-03,4.531250000000000555e-02
4.219299999999999613e-03,4.593750000000000611e-02
4.223999999999999456e-03,4.624999999999999944e-02
4.228699999999999300e-03,4.656250000000000666e-02
4.233400000000000010e-03,4.718750000000000722e-02
4.238099999999999853e-03,4.750000000000000056e-02
4.242799999999999697e-03,4.750000000000000056e-02
4.247499999999999540e-03,4.843750000000000139e-02
4.252199999999999383e-03,4.875000000000000167e-02
4.256899999999999226e-03,4.875000000000000167e-02
4.261599999999999937e-03,4.875000000000000167e-02
4.266299999999999780e-03,4.937500000000000222e-02
4.270999999999999623e-03,4.906250000000000194e-02
4.275699999999999466e-03,4.906250000000000194e-02
4.280399999999999310e-03,4.875000000000000167e-02
4.285100000000000020e-03,4.906250000000000194e-02
4.289799999999999863e-03,4.843750000000000139e-02
4.294499999999999706e-03,4.843750000000000139e-02
4.299199999999999550e-03,4.843750000000000139e-02
4.303899999999999393e-03,4.781250000000000777e-02
4.308599999999999236e-03,4.750000000000000056e-02
4.313299999999999947e-03,4.750000000000000056e-02
4.317999999999999790e-03,4.750000000000000056e-02
4.322699999999999633e-03,4.750000000000000056e-02
4.327399999999999476e-03,4.750000000000000056e-02
4.332099999999999319e-03,4.750000000000000056e-02
4.336800000000000030e-03,4.781250000000000777e-02
4.341499999999999873e-03,4.750000000000000056e-02
4.346199999999999716e-03,4.781250000000000777e-02
4.350899999999999559e-03,4.812500000000000111e-02
4.355599999999999403e-03,4.812500000000000111e-02
4.360299999999999246e-03,4.843750000000000139e-02
4.364999999999999956e-03,4.843750000000000139e-02
4.369699999999999800e-03,4.843750000000000139e-02
4.374399999999999643e-03,4.906250000000000194e-02
4.379099999999999486e-03,4.906250000000000194e-02
4.383799999999999329e-03,4.937500000000000222e-02
4.388500000000000040e-03,4.968750000000000250e-02
4.393199999999999883e-03,5.031250000000000305e-02
4.397899999999999726e-03,5.062500000000000333e-02
4.402599999999999569e-03,5.093750000000000361e-02
4.407299999999999413e-03,5.125000000000000389e-02
4.411999999999999256e-03,5.156250000000000416e-02
4.416699999999999966e-03,5.187500000000000444e-02
4.421399999999999809e-03,5.218750000000000472e-02
4.426099999999999653e-03,5.250000000000000500e-02
4.430799999999999496e-03,5.250000000000000500e-02
4.435499999999999339e-03,5.281250000000000527e-02
4.440200000000000050e-03,5.343749999999999889e-02
4.444899999999999893e-03,5.343749999999999889e-02
4.449599999999999736e-03,5.375000000000000611e-02
4.454299999999999579e-03,5.375000000000000611e-02
4.458999999999999422e-03,5.375000000000000611e-02
4.463699999999999266e-03,5.375000000000000611e-02
4.468399999999999976e-03,5.375000000000000611e-02
4.473099999999999819e-03,5.375000000000000611e-02
4.477799999999999662e-03,5.343749999999999889e-02
4.482499999999999506e-03,5.375000000000000611e-02
4.487199999999999349e-03,5.343749999999999889e-02
4.491900000000000059e-03,5.343749999999999889e-02
4.496599999999999903e-03,5.312500000000000555e-02
4.501299999999999746e-03,5.312500000000000555e-02
4.505999999999999589e-03,5.375000000000000611e-02
4.510699999999999432e-03,5.343749999999999889e-02
4.515399999999999275e-03,5.343749999999999889e-02
4.520099999999999986e-03,5.343749999999999889e-02
4.524799999999999829e-03,5.343749999999999889e-02
4.529499999999999672e-03,5.343749999999999889e-02
4.534199999999999516e-03,5.375000000000000611e-02
4.538899999999999359e-03,5.406249999999999944e-02
4.543599999999999202e-03,5.406249999999999944e-02
4.548299999999999912e-03,5.437500000000000666e-02
4.552999999999999756e-03,5.437500000000000666e-02
4.557699999999999599e-03,5.468750000000000000e-02
4.562399999999999442e-03,5.500000000000000722e-02
4.567099999999999285e-03,5.531250000000000056e-02
4.571799999999999996e-03,5.531250000000000056e-02
4.576499999999999839e-03,5.531250000000000056e-02
4.581199999999999682e-03,5.562500000000000777e-02
4.585899999999999525e-03,5.531250000000000056e-02
4.590599999999999369e-03,5.562500000000000777e-02
4.595299999999999212e-03,5.562500000000000777e-02
4.599999999999999922e-03,5.562500000000000777e-02
4.604699999999999765e-03,5.531250000000000056e-02
4.609399999999999609e-03,5.562500000000000777e-02
4.614099999999999452e-03,5.593750000000000111e-02
4.618799999999999295e-03,5.562500000000000777e-02
4.623500000000000006e-03,5.562500000000000777e-02
4.628199999999999849e-03,5.593750000000000111e-02
4.632899999999999692e-03,5.625000000000000833e-02
4.637599999999999535e-03,5.593750000000000111e-02
4.642299999999999378e-03,5.625000000000000833e-02
4.646999999999999222e-03,5.656250000000000167e-02
4.651699999999999932e-03,5.656250000000000167e-02
4.656399999999999775e-03,5.656250000000000167e-02
4.661099999999999619e-03,5.687500000000000888e-02
4.665799999999999462e-03,5.656250000000000167e-02
4.670499999999999305e-03,5.687500000000000888e-02
4.675200000000000015e-03,5.687500000000000888e-02
4.679899999999999859e-03,5.687500000000000888e-02
4.684599999999999702e-03,5.687500000000000888e-02
4.689299999999999545e-03,5.687500000000000888e-02
4.693999999999999388e-03,5.718750000000000222e-02
4.698699999999999231e-03,5.687500000000000888e-02
4.703399999999999942e-03,5.687500000000000888e-02
4.708099999999999785e-03,5.687500000000000888e-02
4.712799999999999628e-03,5.687500000000000888e-02
4.717499999999999472e-03,5.718750000000000222e-02
4.722199999999999315e-03,5.687500000000000888e-02
4.726900000000000025e-03,5.718750000000000222e-02
4.731599999999999868e-03,5.750000000000000250e-02
4.736299999999999712e-03,5.750000000000000250e-02
4.740999999999999555e-03,5.750000000000000250e-02
4.745699999999999398e-03,5.781250000000000278e-02
4.750399999999999241e-03,5.750000000000000250e-02
4.755099999999999952e-03,5.812500000000000305e-02
4.759799999999999795e-03,5.750000000000000250e-02
4.764499999999999638e-03,5.781250000000000278e-02
4.769199999999999481e-03,5.750000000000000250e-02
4.773899999999999325e-03,5.718750000000000222e-02
4.778600000000000035e-03,5.687500000000000888e-02
4.783299999999999878e-03,5.687500000000000888e-02
4.787999999999999722e-03,5.687500000000000888e-02
4.792699999999999565e-03,5.625000000000000833e-02
4.797399999999999408e-03,5.593750000000000111e-02
4.802099999999999251e-03,5.625000000000000833e-02
4.806799999999999962e-03,5.562500000000000777e-02
4.811499999999999805e-03,5.593750000000000111e-02
4.816199999999999648e-03,5.562500000000000777e-02
4.820899999999999491e-03,5.562500000000000777e-02
4.825599999999999334e-03,5.593750000000000111e-02
4.830300000000000045e-03,5.625000000000000833e-02
4.834999999999999888e-03,5.625000000000000833e-02
4.839699999999999731e-03,5.656250000000000167e-02
4.844399999999999575e-03,5.656250000000000167e-02
4.849099999999999418e-03,5.687500000000000888e-02
4.853799999999999261e-03,5.687500000000000888e-02
4.858499999999999971e-03,5.718750000000000222e-02
4.863199999999999815e-03,5.718750000000000222e-02
4.867899999999999658e-03,5.687500000000000888e-02
4.872599999999999501e-03,5.718750000000000222e-02
4.877299999999999344e-03,5.718750000000000222e-02
4.882000000000000055e-03,5.718750000000000222e-02
4.886699999999999898e-03,5.718750000000000222e-02
4.891399999999999741e-03,5.687500000000000888e-02
4.896099999999999584e-03,5.718750000000000222e-02
4.900799999999999428e-03,5.687500000000000888e-02
4.905499999999999271e-03,5.656250000000000167e-02
4.910199999999999981e-03,5.687500000000000888e-02
4.914899999999999824e-03,5.687500000000000888e-02
4.919599999999999668e-03,5.656250000000000167e-02
4.924299999999999511e-03,5.656250000000000167e-02
4.928999999999999354e-03,5.687500000000000888e-02
4.933699999999999197e-03,5.656250000000000167e-02
4.938399999999999908e-03,5.625000000000000833e-02
4.943099999999999751e-03,5.625000000000000833e-02
4.947799999999999594e-03,5.562500000000000777e-02
4.952499999999999437e-03,5.500000000000000722e-02
4.957199999999999281e-03,5.468750000000000000e-02
4.961899999999999991e-03,5.437500000000000666e-02
4.966599999999999834e-03,5.343749999999999889e-02
4.971299999999999678e-03,5.312500000000000555e-02
4.975999999999999521e-03,5.281250000000000527e-02
4.980699999999999364e-03,5.218750000000000472e-02
4.985399999999999207e-03,5.187500000000000444e-02
4.990099999999999918e-03,5.156250000000000416e-02
4.994799999999999761e-03,5.125000000000000389e-02
4.999499999999999604e-03,5.093750000000000361e-02
5.004199999999999447e-03,5.093750000000000361e-02
5.008899999999999290e-03,5.062500000000000333e-02
5.013600000000000001e-03,5.093750000000000361e-02
5.018299999999999844e-03,5.125000000000000389e-02
5.022999999999999687e-03,5.125000000000000389e-02
5.027699999999999531e-03,5.156250000000000416e-02
5.032399999999999374e-03,5.187500000000000444e-02
5.037099999999999217e-03,5.187500000000000444e-02
5.041799999999999927e-03,5.218750000000000472e-02
5.046499999999999771e-03,5.218750000000000472e-02
5.051199999999999614e-03,5.187500000000000444e-02
5.055899999999999457e-03,5.218750000000000472e-02
5.060599999999999300e-03,5.218750000000000472e-02
5.065300000000000011e-03,5.218750000000000472e-02
5.069999999999999854e-03,5.218750000000000472e-02
5.074699999999999697e-03,5.187500000000000444e-02
5.079399999999999540e-03,5.187500000000000444e-02
5.084099999999999384e-03,5.187500000000000444e-02
5.088799999999999227e-03,5.125000000000000389e-02
5.093499999999999937e-03,5.125000000000000389e-02
5.098199999999999781e-03,5.125000000000000389e-02
5.102899999999999624e-03,5.093750000000000361e-02
5.107599999999999467e-03,5.093750000000000361e-02
5.112299999999999310e-03,5.093750000000000361e-02
5.117000000000000021e-03,5.062500000000000333e-02
5.121699999999999864e-03,5.031250000000000305e-02
5.126399999999999707e-03,5.000000000000000278e-02
5.131099999999999550e-03,4.937500000000000222e-02
5.135799999999999393e-03,4.906250000000000194e-02
5.140499999999999237e-03,4.875000000000000167e-02
5.145199999999999947e-03,4.781250000000000777e-02
5.149899999999999790e-03,4.718750000000000722e-02
5.154599999999999634e-03,4.656250000000000666e-02
5.159299999999999477e-03,4.593750000000000611e-02
5.163999999999999320e-03,4.562500000000000583e-02
5.168700000000000030e-03,4.468750000000000500e-02
5.173399999999999874e-03,4.468750000000000500e-02
5.178099999999999717e-03,4.437500000000000472e-02
5.182799999999999560e-03,4.375000000000000416e-02
5.187499999999999403e-03,4.375000000000000416e-02
5.192199999999999246e-03,4.343750000000000389e-02
5.196899999999999957e-03,4.375000000000000416e-02
5.201599999999999800e-03,4.343750000000000389e-02
5.206299999999999643e-03,4.375000000000000416e-02
5.210999999999999487e-03,4.406250000000000444e-02
5.215699999999999330e-03,4.437500000000000472e-02
5.220400000000000040e-03,4.500000000000000527e-02
5.225099999999999884e-03,4.500000000000000527e-02
5.229799999999999727e-03,4.500000000000000527e-02
5.234499999999999570e-03,4.531250000000000555e-02
5.239199999999999413e-03,4.531250000000000555e-02
5.243899999999999256e-03,4.531250000000000555e-02
5.248599999999999967e-03,4.562500000000000583e-02
5.253299999999999810e-03,4.531250000000000555e-02
5.257999999999999653e-03,4.562500000000000583e-02
5.262699999999999496e-03,4.531250000000000555e-02
5.267399999999999340e-03,4.531250000000000555e-02
5.272099999999999183e-03,4.500000000000000527e-02
5.276799999999999893e-03,4.500000000000000527e-02
5.281499999999999737e-03,4.468750000000000500e-02
5.286199999999999580e-03,4.468750000000000500e-02
5.290899999999999423e-03,4.406250000000000444e-02
5.295599999999999266e-03,4.375000000000000416e-02
5.300299999999999977e-03,4.375000000000000416e-02
5.304999999999999820e-03,4.375000000000000416e-02
5.309699999999999663e-03,4.343750000000000389e-02
5.314399999999999506e-03,4.250000000000000305e-02
5.319099999999999349e-03,4.218750000000000278e-02
5.323799999999999193e-03,4.156250000000000222e-02
5.328499999999999903e-03,4.062500000000000139e-02
5.333199999999999746e-03,4.031250000000000111e-02
5.337899999999999590e-03,3.968750000000000056e-02
5.342599999999999433e-03,3.843750000000000638e-02
5.347299999999999276e-03,3.812500000000000611e-02
5.351999999999999987e-03,3.750000000000000555e-02
5.356699999999999830e-03,3.656250000000000472e-02
5.361399999999999673e-03,3.625000000000000444e-02
5.366099999999999516e-03,3.593750000000000416e-02
5.370799999999999359e-03,3.562500000000000389e-02
5.375499999999999202e-03,3.562500000000000389e-02
5.380199999999999913e-03,3.531250000000000361e-02
5.384899999999999756e-03,3.531250000000000361e-02
5.389599999999999599e-03,3.531250000000000361e-02
5.394299999999999443e-03,3.593750000000000416e-02
5.398999999999999286e-03,3.625000000000000444e-02
5.403699999999999996e-03,3.625000000000000444e-02
5.408399999999999840e-03,3.625000000000000444e-02
5.413099999999999683e-03,3.656250000000000472e-02
5.417799999999999526e-03,3.656250000000000472e-02
5.422499999999999369e-03,3.687500000000000500e-02
5.427199999999999212e-03,3.718750000000000527e-02
5.431899999999999923e-03,3.687500000000000500e-02
5.436599999999999766e-03,3.718750000000000527e-02
5.441299999999999609e-03,3.656250000000000472e-02
5.445999999999999452e-03,3.625000000000000444e-02
5.450699999999999296e-03,3.656250000000000472e-02
5.455400000000000006e-03,3.593750000000000416e-02
5.460099999999999849e-03,3.562500000000000389e-02
5.464799999999999693e-03,3.562500000000000389e-02
5.469499999999999536e-03,3.500000000000000333e-02
5.474199999999999379e-03,3.500000000000000333e-02
5.478899999999999222e-03,3.500000000000000333e-02
5.483599999999999933e-03,3.437500000000000278e-02
5.488299999999999776e-03,3.406250000000000250e-02
5.492999999999999619e-03,3.375000000000000222e-02
5.497699999999999462e-03,3.312500000000000167e-02
5.502399999999999305e-03,3.250000000000000111e-02
5.507100000000000016e-03,3.218750000000000083e-02
5.511799999999999859e-03,3.156250000000000028e-02
5.516499999999999702e-03,3.062500000000000291e-02
5.521199999999999546e-03,2.968750000000000208e-02
5.525899999999999389e-03,2.875000000000000472e-02
5.530599999999999232e-03,2.843750000000000444e-02
5.535299999999999943e-03,2.812500000000000416e-02
5.539999999999999786e-03,2.750000000000000361e-02
5.544699999999999629e-03,2.687500000000000305e-02
5.549399999999999472e-03,2.625000000000000250e-02
5.554099999999999315e-03,2.593750000000000222e-02
5.558800000000000026e-03,2.531250000000000167e-02
5.563499999999999869e-03,2.531250000000000167e-02
5.568199999999999712e-03,2.531250000000000167e-02
5.572899999999999555e-03,2.531250000000000167e-02
5.577599999999999399e-03,2.562500000000000194e-02
5.582299999999999242e-03,2.593750000000000222e-02
5.586999999999999952e-03,2.593750000000000222e-02
5.591699999999999796e-03,2.656250000000000278e-02
5.596399999999999639e-03,2.656250000000000278e-02
5.601099999999999482e-03,2.656250000000000278e-02
5.605799999999999325e-03,2.687500000000000305e-02
5.610500000000000036e-03,2.687500000000000305e-02
5.615199999999999879e-03,2.656250000000000278e-02
5.619899999999999722e-03,2.656250000000000278e-02
5.624599999999999565e-03,2.656250000000000278e-02
5.629299999999999408e-03,2.625000000000000250e-02
5.633999999999999252e-03,2.656250000000000278e-02
5.638699999999999962e-03,2.593750000000000222e-02
5.643399999999999805e-03,2.593750000000000222e-02
5.648099999999999649e-03,2.531250000000000167e-02
5.652799999999999492e-03,2.500000000000000139e-02
5.657499999999999335e-03,2.500000000000000139e-02
5.662199999999999178e-03,2.468750000000000111e-02
5.666899999999999889e-03,2.468750000000000111e-02
5.671599999999999732e-03,2.437500000000000083e-02
5.676299999999999575e-03,2.375000000000000375e-02
5.680999999999999418e-03,2.375000000000000375e-02
5.685699999999999261e-03,2.312500000000000319e-02
5.690399999999999972e-03,2.250000000000000264e-02
5.695099999999999815e-03,2.187500000000000555e-02
5.699799999999999658e-03,2.125000000000000500e-02
5.704499999999999502e-03,2.125000000000000500e-02
5.709199999999999345e-03,2.062500000000000444e-02
5.713899999999999188e-03,2.000000000000000389e-02
5.718599999999999899e-03,1.937500000000000333e-02
5.723299999999999742e-03,1.875000000000000278e-02
5.727999999999999585e-03,1.875000000000000278e-02
5.732699999999999428e-03,1.812500000000000222e-02
5.737399999999999271e-03,1.781250000000000194e-02
5.742099999999999982e-03,1.781250000000000194e-02
5.746799999999999825e-03,1.750000000000000167e-02
5.751499999999999668e-03,1.750000000000000167e-02
5.756199999999999511e-03,1.750000000000000167e-02
5.760899999999999355e-03,1.750000000000000167e-02
5.765599999999999198e-03,1.750000000000000167e-02
5.770299999999999908e-03,1.812500000000000222e-02
5.774999999999999752e-03,1.812500000000000222e-02
5.779699999999999595e-03,1.843750000000000250e-02
5.784399999999999438e-03,1.843750000000000250e-02
5.789099999999999281e-03,1.875000000000000278e-02
5.793799999999999992e-03,1.875000000000000278e-02
5.798499999999999835e-03,1.875000000000000278e-02
5.803199999999999678e-03,1.875000000000000278e-02
5.807899999999999521e-03,1.875000000000000278e-02
5.812599999999999364e-03,1.875000000000000278e-02
5.817299999999999208e-03,1.843750000000000250e-02
5.821999999999999918e-03,1.843750000000000250e-02
5.826699999999999761e-03,1.812500000000000222e-02
5.831399999999999605e-03,1.781250000000000194e-02
5.836099999999999448e-03,1.781250000000000194e-02
5.840799999999999291e-03,1.750000000000000167e-02
5.845500000000000002e-03,1.718750000000000139e-02
5.850199999999999845e-03,1.718750000000000139e-02
5.854899999999999688e-03,1.718750000000000139e-02
5.859599999999999531e-03,1.687500000000000458e-02
5.864299999999999374e-03,1.656250000000000430e-02
5.868999999999999218e-03,1.593750000000000375e-02
5.873699999999999928e-03,1.593750000000000375e-02
5.878399999999999771e-03,1.500000000000000291e-02
5.883099999999999614e-03,1.468750000000000264e-02
5.887799999999999458e-03,1.437500000000000236e-02
5.892499999999999301e-03,1.375000000000000180e-02
5.897200000000000011e-03,1.343750000000000153e-02
5.901899999999999855e-03,1.343750000000000153e-02
5.906599999999999698e-03,1.281250000000000444e-02
5.911299999999999541e-03,1.218750000000000389e-02
5.915999999999999384e-03,1.250000000000000416e-02
5.920699999999999227e-03,1.187500000000000361e-02
5.925399999999999938e-03,1.156250000000000333e-02
5.930099999999999781e-03,1.156250000000000333e-02
5.934799999999999624e-03,1.125000000000000305e-02
5.939499999999999467e-03,1.125000000000000305e-02
5.944199999999999311e-03,1.125000000000000305e-02
5.948900000000000021e-03,1.125000000000000305e-02
5.953599999999999864e-03,1.125000000000000305e-02
5.958299999999999708e-03,1.156250000000000333e-02
5.962999999999999551e-03,1.187500000000000361e-02
5.967699999999999394e-03,1.187500000000000361e-02
5.972399999999999237e-03,1.187500000000000361e-02
5.977099999999999948e-03,1.156250000000000333e-02
5.981799999999999791e-03,1.187500000000000361e-02
5.986499999999999634e-03,1.187500000000000361e-02
5.991199999999999477e-03,1.187500000000000361e-02
5.995899999999999321e-03,1.156250000000000333e-02
6.000600000000000031e-03,1.156250000000000333e-02
6.005299999999999874e-03,1.093750000000000278e-02
6.009999999999999717e-03,1.093750000000000278e-02
6.014699999999999561e-03,1.093750000000000278e-02
6.019399999999999404e-03,1.031250000000000222e-02
6.024099999999999247e-03,1.031250000000000222e-02
6.028799999999999958e-03,1.031250000000000222e-02
6.033499999999999801e-03,1.000000000000000194e-02
6.038199999999999644e-03,9.687500000000001665e-03
6.042899999999999487e-03,9.375000000000001388e-03
6.047599999999999330e-03,9.375000000000001388e-03
6.052299999999999174e-03,8.750000000000004302e-03
6.056999999999999884e-03,8.750000000000004302e-03
6.061699999999999727e-03,8.750000000000004302e-03
6.066399999999999570e-03,8.750000000000004302e-03
6.071099999999999414e-03,8.437500000000004025e-03
6.075799999999999257e-03,8.125000000000003747e-03
6.080499999999999967e-03,8.125000000000003747e-03
6.085199999999999811e-03,7.812500000000003469e-03
6.089899999999999654e-03,7.812500000000003469e-03
6.094599999999999497e-03,7.812500000000003469e-03
6.099299999999999340e-03,7.500000000000003192e-03
6.103999999999999183e-03,7.500000000000003192e-03
6.108699999999999894e-03,7.187500000000002914e-03
6.113399999999999737e-03,7.187500000000002914e-03
6.118099999999999580e-03,7.187500000000002914e-03
6.122799999999999424e-03,6.875000000000002637e-03
6.127499999999999267e-03,6.562500000000002359e-03
6.132199999999999977e-03,6.875000000000002637e-03
6.136899999999999820e-03,6.562500000000002359e-03
6.141599999999999664e-03,6.875000000000002637e-03
6.146299999999999507e-03,6.875000000000002637e-03
6.150999999999999350e-03,6.875000000000002637e-03
6.155699999999999193e-03,6.875000000000002637e-03
6.160399999999999904e-03,6.562500000000002359e-03
6.165099999999999747e-03,6.562500000000002359e-03
6.169799999999999590e-03,6.875000000000002637e-03
6.174499999999999433e-03,6.562500000000002359e-03
6.179199999999999277e-03,6.875000000000002637e-03
6.183899999999999987e-03,6.562500000000002359e-03
6.188599999999999830e-03,6.562500000000002359e-03
6.193299999999999673e-03,6.250000000000002082e-03
6.197999999999999517e-03,6.250000000000002082e-03
6.202699999999999360e-03,6.250000000000002082e-03
6.207399999999999203e-03,5.937500000000001804e-03
6.212099999999999914e-03,5.937500000000001804e-03
6.216799999999999757e-03,5.625000000000001527e-03
6.221499999999999600e-03,5.625000000000001527e-03
6.226199999999999443e-03,5.625000000000001527e-03
6.230899999999999286e-03,5.625000000000001527e-03
6.235599999999999997e-03,5.312500000000001249e-03
6.240299999999999840e-03,5.625000000000001527e-03
6.244999999999999683e-03,5.312500000000001249e-03
6.249699999999999527e-03,5.312500000000001249e-03
6.254399999999999370e-03,5.625000000000001527e-03
6.259099999999999213e-03,5.625000000000001527e-03
6.263799999999999923e-03,5.625000000000001527e-03
6.268499999999999767e-03,5.625000000000001527e-03
6.273199999999999610e-03,5.625000000000001527e-03
6.277899999999999453e-03,5.625000000000001527e-03
6.282599999999999296e-03,5.312500000000001249e-03
6.287300000000000007e-03,5.625000000000001527e-03
6.291999999999999850e-03,5.312500000000001249e-03
6.296699999999999693e-03,5.625000000000001527e-03
6.301399999999999536e-03,5.312500000000001249e-03
6.306099999999999380e-03,5.312500000000001249e-03
6.310799999999999223e-03,5.312500000000001249e-03
6.315499999999999933e-03,5.000000000000004441e-03
6.320199999999999776e-03,5.312500000000001249e-03
6.324899999999999620e-03,5.312500000000001249e-03
6.329599999999999463e-03,5.312500000000001249e-03
6.334299999999999306e-03,5.000000000000004441e-03
6.339000000000000017e-03,4.687500000000004163e-03
6.343699999999999860e-03,5.000000000000004441e-03
6.348399999999999703e-03,5.000000000000004441e-03
6.353099999999999546e-03,5.000000000000004441e-03
6.357799999999999389e-03,5.000000000000004441e-03
6.362499999999999233e-03,5.000000000000004441e-03
6.367199999999999943e-03,4.687500000000004163e-03
6.371899999999999786e-03,4.687500000000004163e-03
6.376599999999999629e-03,4.687500000000004163e-03
6.381299999999999473e-03,4.375000000000003886e-03
6.385999999999999316e-03,4.687500000000004163e-03
6.390699999999999159e-03,4.687500000000004163e-03
6.395399999999999870e-03,4.687500000000004163e-03
6.400099999999999713e-03,4.687500000000004163e-03
6.404799999999999556e-03,4.687500000000004163e-03
6.409499999999999399e-03,4.062500000000003608e-03
6.414199999999999242e-03,4.375000000000003886e-03
6.418899999999999953e-03,4.375000000000003886e-03
6.423599999999999796e-03,4.375000000000003886e-03
6.428299999999999639e-03,4.375000000000003886e-03
6.432999999999999483e-03,4.375000000000003886e-03
6.437699999999999326e-03,5.000000000000004441e-03
6.442399999999999169e-03,5.000000000000004441e-03
6.447099999999999879e-03,5.312500000000001249e-03
6.451799999999999723e-03,5.312500000000001249e-03
6.456499999999999566e-03,5.312500000000001249e-03
6.461199999999999409e-03,5.312500000000001249e-03
6.465899999999999252e-03,5.625000000000001527e-03
6.470599999999999963e-03,5.937500000000001804e-03
6.475299999999999806e-03,5.937500000000001804e-03
6.479999999999999649e-03,5.625000000000001527e-03
6.484699999999999492e-03,6.250000000000002082e-03
6.489399999999999336e-03,5.625000000000001527e-03
6.494099999999999179e-03,5.625000000000001527e-03
6.498799999999999889e-03,5.625000000000001527e-03
6.503499999999999732e-03,5.625000000000001527e-03
6.508199999999999576e-03,5.312500000000001249e-03
6.512899999999999419e-03,5.000000000000004441e-03
6.517599999999999262e-03,5.312500000000001249e-03
6.522299999999999973e-03,5.000000000000004441e-03
6.526999999999999816e-03,5.000000000000004441e-03
6.531699999999999659e-03,5.000000000000004441e-03
6.536399999999999502e-03,4.687500000000004163e-03
6.541099999999999345e-03,4.687500000000004163e-03
6.545799999999999189e-03,4.687500000000004163e-03
6.550499999999999899e-03,5.000000000000004441e-03
6.555199999999999742e-03,4.687500000000004163e-03
6.559899999999999586e-03,4.375000000000003886e-03
6.564599999999999429e-03,4.687500000000004163e-03
6.569299999999999272e-03,4.687500000000004163e-03
6.573999999999999982e-03,5.000000000000004441e-03
6.578699999999999826e-03,4.687500000000004163e-03
6.583399999999999669e-03,4.687500000000004163e-03
6.588099999999999512e-03,5.000000000000004441e-03
6.592799999999999355e-03,4.687500000000004163e-03
6.597499999999999198e-03,4.687500000000004163e-03
6.602199999999999909e-03,5.000000000000004441e-03
6.606899999999999752e-03,5.000000000000004441e-03
6.611599999999999595e-03,5.000000000000004441e-03
6.616299999999999439e-03,5.000000000000004441e-03
6.620999999999999282e-03,5.625000000000001527e-03
6.625699999999999992e-03,5.937500000000001804e-03
6.630399999999999835e-03,6.250000000000002082e-03
6.635099999999999679e-03,6.562500000000002359e-03
6.639799999999999522e-03,6.875000000000002637e-03
6.644499999999999365e-03,7.187500000000002914e-03
6.649199999999999208e-03,7.500000000000003192e-03
6.653899999999999919e-03,7.500000000000003192e-03
6.658599999999999762e-03,7.812500000000003469e-03
6.663299999999999605e-03,8.125000000000003747e-03
6.667999999999999448e-03,8.125000000000003747e-03
6.672699999999999292e-03,8.125000000000003747e-03
6.677400000000000002e-03,7.812500000000003469e-03
6.682099999999999845e-03,7.812500000000003469e-03
6.686799999999999689e-03,7.812500000000003469e-03
6.691499999999999532e-03,7.500000000000003192e-03
6.696199999999999375e-03,7.187500000000002914e-03
6.700899999999999218e-03,7.500000000000003192e-03
6.705599999999999929e-03,7.187500000000002914e-03
6.710299999999999772e-03,7.187500000000002914e-03
6.714999999999999615e-03,6.875000000000002637e-03
6.719699999999999458e-03,6.562500000000002359e-03
6.724399999999999301e-03,6.562500000000002359e-03
6.729100000000000012e-03,6.250000000000002082e-03
6.733799999999999855e-03,6.562500000000002359e-03
6.738499999999999698e-03,6.562500000000002359e-03
6.743199999999999542e-03,6.562500000000002359e-03
6.747899999999999385e-03,6.562500000000002359e-03
6.752599999999999228e-03,6.562500000000002359e-03
6.757299999999999938e-03,6.562500000000002359e-03
6.761999999999999782e-03,6.562500000000002359e-03
6.766699999999999625e-03,6.562500000000002359e-03
6.771399999999999468e-03,7.187500000000002914e-03
6.776099999999999311e-03,6.875000000000002637e-03
6.780799999999999154e-03,6.875000000000002637e-03
6.785499999999999865e-03,6.875000000000002637e-03
6.790199999999999708e-03,7.500000000000003192e-03
6.794899999999999551e-03,7.812500000000003469e-03
6.799599999999999395e-03,7.812500000000003469e-03
6.804299999999999238e-03,8.125000000000003747e-03
6.808999999999999948e-03,8.750000000000004302e-03
6.813699999999999792e-03,9.375000000000001388e-03
6.818399999999999635e-03,9.375000000000001388e-03
6.823099999999999478e-03,1.031250000000000222e-02
6.827799999999999321e-03,1.093750000000000278e-02
6.832499999999999164e-03,1.125000000000000305e-02
6.837199999999999875e-03,1.125000000000000305e-02
6.841899999999999718e-03,1.156250000000000333e-02
6.846599999999999561e-03,1.218750000000000389e-02
6.851299999999999404e-03,1.187500000000000361e-02
6.855999999999999248e-03,1.187500000000000361e-02
6.860699999999999958e-03,1.187500000000000361e-02
6.865399999999999801e-03,1.218750000000000389e-02
6.870099999999999645e-03,1.187500000000000361e-02
6.874799999999999488e-03,1.156250000000000333e-02
6.879499999999999331e-03,1.125000000000000305e-02
6.884199999999999174e-03,1.125000000000000305e-02
6.888899999999999885e-03,1.093750000000000278e-02
6.893599999999999728e-03,1.062500000000000250e-02
6.898299999999999571e-03,1.062500000000000250e-02
6.902999999999999414e-03,1.031250000000000222e-02
6.907699999999999257e-03,1.031250000000000222e-02
6.912399999999999968e-03,1.031250000000000222e-02
6.917099999999999811e-03,1.000000000000000194e-02
6.921799999999999654e-03,1.000000000000000194e-02
6.926499999999999498e-03,1.000000000000000194e-02
6.931199999999999341e-03,1.031250000000000222e-02
6.935899999999999184e-03,1.031250000000000222e-02
6.940599999999999895e-03,1.000000000000000194e-02
6.945299999999999738e-03,1.062500000000000250e-02
6.949999999999999581e-03,1.062500000000000250e-02
6.954699999999999424e-03,1.062500000000000250e-02
6.959399999999999267e-03,1.031250000000000222e-02
6.964099999999999978e-03,1.062500000000000250e-02
6.968799999999999821e-03,1.093750000000000278e-02
6.973499999999999664e-03,1.125000000000000305e-02
6.978199999999999507e-03,1.187500000000000361e-02
6.982899999999999351e-03,1.218750000000000389e-02
6.987599999999999194e-03,1.250000000000000416e-02
6.992299999999999904e-03,1.312500000000000125e-02
6.996999999999999748e-03,1.312500000000000125e-02
7.001699999999999591e-03,1.406250000000000208e-02
7.006399999999999434e-03,1.437500000000000236e-02
7.011099999999999277e-03,1.500000000000000291e-02
7.015799999999999988e-03,1.531250000000000319e-02
7.020499999999999831e-03,1.593750000000000375e-02
7.025199999999999674e-03,1.656250000000000430e-02
7.029899999999999517e-03,1.687500000000000458e-02
7.034599999999999360e-03,1.687500000000000458e-02
7.039299999999999204e-03,1.687500000000000458e-02
7.043999999999999914e-03,2.250000000000000264e-02
7.048699999999999757e-03,2.187500000000000555e-02
7.053399999999999601e-03,2.187500000000000555e-02
7.058099999999999444e-03,2.156250000000000527e-02
7.062799999999999287e-03,2.125000000000000500e-02
7.067499999999999998e-03,2.093750000000000472e-02
7.072199999999999841e-03,2.062500000000000444e-02
7.076899999999999684e-03,2.000000000000000389e-02
7.081599999999999527e-03,2.000000000000000389e-02
7.086299999999999370e-03,1.937500000000000333e-02
7.090999999999999213e-03,1.968750000000000361e-02
7.095699999999999924e-03,1.906250000000000305e-02
7.100399999999999767e-03,1.906250000000000305e-02
7.105099999999999610e-03,1.875000000000000278e-02
7.109799999999999454e-03,1.875000000000000278e-02
7.114499999999999297e-03,1.906250000000000305e-02
7.119200000000000007e-03,1.875000000000000278e-02
7.123899999999999851e-03,1.875000000000000278e-02
7.128599999999999694e-03,1.875000000000000278e-02
7.133299999999999537e-03,1.906250000000000305e-02
7.137999999999999380e-03,1.906250000000000305e-02
7.142699999999999223e-03,1.906250000000000305e-02
7.147399999999999934e-03,1.906250000000000305e-02
7.152099999999999777e-03,1.906250000000000305e-02
7.156799999999999620e-03,1.937500000000000333e-02
7.161499999999999463e-03,1.968750000000000361e-02
7.166199999999999307e-03,2.000000000000000389e-02
7.170899999999999150e-03,2.031250000000000416e-02
7.175599999999999860e-03,2.093750000000000472e-02
7.180299999999999704e-03,2.156250000000000527e-02
7.184999999999999547e-03,2.187500000000000555e-02
7.189699999999999390e-03,2.250000000000000264e-02
7.194399999999999233e-03,2.281250000000000291e-02
7.199099999999999944e-03,2.312500000000000319e-02
7.203799999999999787e-03,2.343750000000000347e-02
7.208499999999999630e-03,2.406250000000000056e-02
7.213199999999999473e-03,2.437500000000000083e-02
7.217899999999999316e-03,2.406250000000000056e-02
7.222599999999999160e-03,2.468750000000000111e-02
7.227299999999999870e-03,2.468750000000000111e-02
7.231999999999999713e-03,2.468750000000000111e-02
7.236699999999999557e-03,2.437500000000000083e-02
7.241399999999999400e-03,2.437500000000000083e-02
7.246099999999999243e-03,2.406250000000000056e-02
7.250799999999999954e-03,2.343750000000000347e-02
7.255499999999999797e-03,2.281250000000000291e-02
7.260199999999999640e-03,2.281250000000000291e-02
7.264899999999999483e-03,2.250000000000000264e-02
7.269599999999999326e-03,2.218750000000000236e-02
7.274299999999999169e-03,2.156250000000000527e-02
7.278999999999999880e-03,2.156250000000000527e-02
7.283699999999999723e-03,2.125000000000000500e-02
7.288399999999999566e-03,2.125000000000000500e-02
7.293099999999999410e-03,2.125000000000000500e-02
7.297799999999999253e-03,2.093750000000000472e-02
7.302499999999999963e-03,2.156250000000000527e-02
7.307199999999999807e-03,2.125000000000000500e-02
7.311899999999999650e-03,2.156250000000000527e-02
7.316599999999999493e-03,2.156250000000000527e-02
7.321299999999999336e-03,2.156250000000000527e-02
7.325999999999999179e-03,2.187500000000000555e-02
7.330699999999999890e-03,2.187500000000000555e-02
7.335399999999999733e-03,2.218750000000000236e-02
7.340099999999999576e-03,2.218750000000000236e-02
7.344799999999999419e-03,2.250000000000000264e-02
7.349499999999999263e-03,2.312500000000000319e-02
7.354199999999999973e-03,2.343750000000000347e-02
7.358899999999999816e-03,2.406250000000000056e-02
7.363599999999999660e-03,2.468750000000000111e-02
7.368299999999999503e-03,2.531250000000000167e-02
7.372999999999999346e-03,2.593750000000000222e-02
7.377699999999999189e-03,2.625000000000000250e-02
7.382399999999999900e-03,2.687500000000000305e-02
7.387099999999999743e-03,2.718750000000000333e-02
7.391799999999999586e-03,2.812500000000000416e-02
7.396499999999999429e-03,2.812500000000000416e-02
7.401199999999999272e-03,2.843750000000000444e-02
7.405899999999999983e-03,2.906250000000000500e-02
7.410599999999999826e-03,2.906250000000000500e-02
7.415299999999999669e-03,2.906250000000000500e-02
7.419999999999999513e-03,2.937500000000000527e-02
7.424699999999999356e-03,2.875000000000000472e-02
7.429399999999999199e-03,2.875000000000000472e-02
7.434099999999999910e-03,2.843750000000000444e-02
7.438799999999999753e-03,2.781250000000000389e-02
7.443499999999999596e-03,2.781250000000000389e-02
7.448199999999999439e-03,2.750000000000000361e-02
7.452899999999999282e-03,2.718750000000000333e-02
7.457599999999999993e-03,2.687500000000000305e-02
7.462299999999999836e-03,2.687500000000000305e-02
7.466999999999999679e-03,2.687500000000000305e-02
7.471699999999999522e-03,2.687500000000000305e-02
7.476399999999999366e-03,2.687500000000000305e-02
7.481099999999999209e-03,2.656250000000000278e-02
7.485799999999999919e-03,2.718750000000000333e-02
7.490499999999999763e-03,2.750000000000000361e-02
7.495199999999999606e-03,2.750000000000000361e-02
7.499899999999999449e-03,2.750000000000000361e-02
7.504599999999999292e-03,2.781250000000000389e-02
7.509299999999999135e-03,2.812500000000000416e-02
7.513999999999999846e-03,2.843750000000000444e-02
7.518699999999999689e-03,2.843750000000000444e-02
7.523399999999999532e-03,2.906250000000000500e-02
7.528099999999999375e-03,2.937500000000000527e-02
7.532799999999999219e-03,3.031250000000000264e-02
7.537499999999999929e-03,3.062500000000000291e-02
7.542199999999999772e-03,3.156250000000000028e-02
7.546899999999999616e-03,3.187500000000000056e-02
7.551599999999999459e-03,3.281250000000000139e-02
7.556299999999999302e-03,3.312500000000000167e-02
7.560999999999999145e-03,3.375000000000000222e-02
7.565699999999999856e-03,3.437500000000000278e-02
7.570399999999999699e-03,3.531250000000000361e-02
7.575099999999999542e-03,3.562500000000000389e-02
7.579799999999999385e-03,3.625000000000000444e-02
7.584499999999999229e-03,3.656250000000000472e-02
7.589199999999999939e-03,3.718750000000000527e-02
7.593899999999999782e-03,3.750000000000000555e-02
7.598599999999999625e-03,3.750000000000000555e-02
7.603299999999999469e-03,3.781250000000000583e-02
7.607999999999999312e-03,3.812500000000000611e-02
7.612699999999999155e-03,3.781250000000000583e-02
7.617399999999999866e-03,3.781250000000000583e-02
7.622099999999999709e-03,3.781250000000000583e-02
7.626799999999999552e-03,3.750000000000000555e-02
7.631499999999999395e-03,3.718750000000000527e-02
7.636199999999999238e-03,3.718750000000000527e-02
7.640899999999999949e-03,3.687500000000000500e-02
7.645599999999999792e-03,3.656250000000000472e-02
7.650299999999999635e-03,3.656250000000000472e-02
7.654999999999999478e-03,3.687500000000000500e-02
7.659699999999999322e-03,3.687500000000000500e-02
7.664399999999999165e-03,3.718750000000000527e-02
7.669099999999999875e-03,3.750000000000000555e-02
7.673799999999999719e-03,3.781250000000000583e-02
7.678499999999999562e-03,3.781250000000000583e-02
7.683199999999999405e-03,3.843750000000000638e-02
7.687899999999999248e-03,3.812500000000000611e-02
7.692599999999999959e-03,3.875000000000000666e-02
7.697299999999999802e-03,3.906250000000000000e-02
7.701999999999999645e-03,3.937500000000000722e-02
7.706699999999999488e-03,4.000000000000000083e-02
7.711399999999999332e-03,4.062500000000000139e-02
7.716099999999999175e-03,4.062500000000000139e-02
7.720799999999999018e-03,4.156250000000000222e-02
7.725499999999998861e-03,4.125000000000000194e-02
7.730199999999998704e-03,4.218750000000000278e-02
7.734900000000000282e-03,4.312500000000000361e-02
7.739600000000000125e-03,4.281250000000000333e-02
7.744299999999999969e-03,4.406250000000000444e-02
7.748999999999999812e-03,4.406250000000000444e-02
7.753699999999999655e-03,4.437500000000000472e-02
7.758399999999999498e-03,4.531250000000000555e-02
7.763099999999999341e-03,4.562500000000000583e-02
7.767799999999999185e-03,4.593750000000000611e-02
7.772499999999999028e-03,4.624999999999999944e-02
7.777199999999998871e-03,4.656250000000000666e-02
7.781899999999998714e-03,4.687500000000000000e-02
7.786600000000000292e-03,4.718750000000000722e-02
7.791300000000000135e-03,4.718750000000000722e-02
7.795999999999999978e-03,4.718750000000000722e-02
7.800699999999999822e-03,4.718750000000000722e-02
7.805399999999999665e-03,4.718750000000000722e-02
7.810099999999999508e-03,4.687500000000000000e-02
7.814800000000000219e-03,4.687500000000000000e-02
7.819500000000000062e-03,4.687500000000000000e-02
7.824199999999999905e-03,4.656250000000000666e-02
7.828899999999999748e-03,4.656250000000000666e-02
7.833599999999999591e-03,4.656250000000000666e-02
7.838300000000001169e-03,4.656250000000000666e-02
7.843000000000001012e-03,4.656250000000000666e-02
7.847700000000000856e-03,4.687500000000000000e-02
7.852400000000000699e-03,4.687500000000000000e-02
7.857100000000000542e-03,4.718750000000000722e-02
7.861800000000000385e-03,4.750000000000000056e-02
7.866500000000000228e-03,4.750000000000000056e-02
7.871200000000000072e-03,4.781250000000000777e-02
7.875899999999999915e-03,4.843750000000000139e-02
7.880599999999999758e-03,4.875000000000000167e-02
7.885299999999999601e-03,4.875000000000000167e-02
7.890000000000001179e-03,4.937500000000000222e-02
7.894700000000001022e-03,4.937500000000000222e-02
7.899400000000000865e-03,4.968750000000000250e-02
7.904100000000000709e-03,5.031250000000000305e-02
7.908800000000000552e-03,5.093750000000000361e-02
7.913500000000000395e-03,5.062500000000000333e-02
7.918200000000000238e-03,5.093750000000000361e-02
7.922900000000000081e-03,5.125000000000000389e-02
7.927599999999999925e-03,5.156250000000000416e-02
7.932299999999999768e-03,5.156250000000000416e-02
7.936999999999999611e-03,5.218750000000000472e-02
7.941700000000001189e-03,5.218750000000000472e-02
7.946400000000001032e-03,5.312500000000000555e-02
7.951100000000000875e-03,5.281250000000000527e-02
7.955800000000000718e-03,5.312500000000000555e-02
7.960500000000000562e-03,5.281250000000000527e-02
7.965200000000000405e-03,5.343749999999999889e-02
7.969900000000000248e-03,5.343749999999999889e-02
7.974600000000000091e-03,5.375000000000000611e-02
7.979299999999999934e-03,5.406249999999999944e-02
7.983999999999999778e-03,5.406249999999999944e-02
7.988699999999999621e-03,5.406249999999999944e-02
7.993400000000001199e-03,5.406249999999999944e-02
7.998100000000001042e-03,5.437500000000000666e-02
8.002800000000000885e-03,5.437500000000000666e-02
8.007500000000000728e-03,5.406249999999999944e-02
8.012200000000000571e-03,5.437500000000000666e-02
8.016900000000000415e-03,5.437500000000000666e-02
8.021600000000000258e-03,5.406249999999999944e-02
8.026300000000000101e-03,5.437500000000000666e-02
8.030999999999999944e-03,5.437500000000000666e-02
8.035699999999999787e-03,5.437500000000000666e-02
8.040399999999999631e-03,5.437500000000000666e-02
8.045100000000001209e-03,5.468750000000000000e-02
8.049800000000001052e-03,5.468750000000000000e-02
8.054500000000000895e-03,5.468750000000000000e-02
8.059200000000000738e-03,5.531250000000000056e-02
8.063900000000000581e-03,5.531250000000000056e-02
8.068600000000000425e-03,5.531250000000000056e-02
8.073300000000000268e-03,5.562500000000000777e-02
8.078000000000000111e-03,5.562500000000000777e-02
8.082699999999999954e-03,5.593750000000000111e-02
8.087399999999999797e-03,5.593750000000000111e-02
8.092099999999999640e-03,5.593750000000000111e-02
8.096800000000001218e-03,5.593750000000000111e-02
8.101500000000001062e-03,5.593750000000000111e-02
8.106200000000000905e-03,5.593750000000000111e-02
8.110900000000000748e-03,5.593750000000000111e-02
8.115600000000000591e-03,5.593750000000000111e-02
8.120300000000000434e-03,5.531250000000000056e-02
8.125000000000000278e-03,5.531250000000000056e-02
8.129700000000000121e-03,5.531250000000000056e-02
8.134399999999999964e-03,5.531250000000000056e-02
8.139099999999999807e-03,5.500000000000000722e-02
8.143799999999999650e-03,5.531250000000000056e-02
8.148500000000001228e-03,5.531250000000000056e-02
8.153200000000001071e-03,5.531250000000000056e-02
8.157900000000000915e-03,5.562500000000000777e-02
8.162600000000000758e-03,5.562500000000000777e-02
8.167300000000000601e-03,5.593750000000000111e-02
8.172000000000000444e-03,5.593750000000000111e-02
8.176700000000000287e-03,5.625000000000000833e-02
8.181400000000000131e-03,5.593750000000000111e-02
8.186099999999999974e-03,5.625000000000000833e-02
8.190799999999999817e-03,5.656250000000000167e-02
8.195499999999999660e-03,5.625000000000000833e-02
8.200200000000001238e-03,5.687500000000000888e-02
8.204900000000001081e-03,5.656250000000000167e-02
8.209600000000000924e-03,5.656250000000000167e-02
8.214300000000000768e-03,5.625000000000000833e-02
8.219000000000000611e-03,5.656250000000000167e-02
8.223700000000000454e-03,5.656250000000000167e-02
8.228400000000000297e-03,5.687500000000000888e-02
8.233100000000000140e-03,5.656250000000000167e-02
8.237799999999999984e-03,5.687500000000000888e-02
8.242499999999999827e-03,5.687500000000000888e-02
8.247199999999999670e-03,5.687500000000000888e-02
8.251900000000001248e-03,5.687500000000000888e-02
8.256600000000001091e-03,5.718750000000000222e-02
8.261300000000000934e-03,5.687500000000000888e-02
8.266000000000000777e-03,5.718750000000000222e-02
8.270700000000000621e-03,5.687500000000000888e-02
8.275400000000000464e-03,5.718750000000000222e-02
8.280100000000000307e-03,5.656250000000000167e-02
8.284800000000000150e-03,5.656250000000000167e-02
8.289499999999999993e-03,5.656250000000000167e-02
8.294199999999999837e-03,5.593750000000000111e-02
8.298899999999999680e-03,5.531250000000000056e-02
8.303600000000001258e-03,5.562500000000000777e-02
8.308300000000001101e-03,5.531250000000000056e-02
8.313000000000000944e-03,5.468750000000000000e-02
8.317700000000000787e-03,5.468750000000000000e-02
8.322400000000000631e-03,5.468750000000000000e-02
8.327100000000000474e-03,5.406249999999999944e-02
8.331800000000000317e-03,5.437500000000000666e-02
8.336500000000000160e-03,5.468750000000000000e-02
8.341200000000000003e-03,5.437500000000000666e-02
8.345899999999999846e-03,5.468750000000000000e-02
8.350599999999999690e-03,5.468750000000000000e-02
8.355300000000001268e-03,5.500000000000000722e-02
8.360000000000001111e-03,5.531250000000000056e-02
8.364700000000000954e-03,5.531250000000000056e-02
8.369400000000000797e-03,5.562500000000000777e-02
8.374100000000000640e-03,5.562500000000000777e-02
8.378800000000000484e-03,5.562500000000000777e-02
8.383500000000000327e-03,5.593750000000000111e-02
8.388200000000000170e-03,5.593750000000000111e-02
8.392900000000000013e-03,5.593750000000000111e-02
8.397599999999999856e-03,5.625000000000000833e-02
8.402299999999999700e-03,5.625000000000000833e-02
8.407000000000001277e-03,5.625000000000000833e-02
8.411700000000001121e-03,5.593750000000000111e-02
8.416400000000000964e-03,5.625000000000000833e-02
8.421100000000000807e-03,5.593750000000000111e-02
8.425800000000000650e-03,5.593750000000000111e-02
8.430500000000000493e-03,5.625000000000000833e-02
8.435200000000000337e-03,5.625000000000000833e-02
8.439900000000000180e-03,5.656250000000000167e-02
8.444600000000000023e-03,5.625000000000000833e-02
8.449299999999999866e-03,5.656250000000000167e-02
8.453999999999999709e-03,5.625000000000000833e-02
8.458699999999999553e-03,5.593750000000000111e-02
8.463400000000001130e-03,5.593750000000000111e-02
8.468100000000000974e-03,5.562500000000000777e-02
8.472800000000000817e-03,5.500000000000000722e-02
8.477500000000000660e-03,5.468750000000000000e-02
8.482200000000000503e-03,5.468750000000000000e-02
8.486900000000000346e-03,5.437500000000000666e-02
8.491600000000000190e-03,5.375000000000000611e-02
8.496300000000000033e-03,5.343749999999999889e-02
8.500999999999999876e-03,5.343749999999999889e-02
8.505699999999999719e-03,5.312500000000000555e-02
8.510399999999999562e-03,5.281250000000000527e-02
8.515100000000001140e-03,5.281250000000000527e-02
8.519800000000000983e-03,5.281250000000000527e-02
8.524500000000000827e-03,5.281250000000000527e-02
8.529200000000000670e-03,5.281250000000000527e-02
8.533900000000000513e-03,5.281250000000000527e-02
8.538600000000000356e-03,5.343749999999999889e-02
8.543300000000000199e-03,5.375000000000000611e-02
8.548000000000000043e-03,5.375000000000000611e-02
8.552699999999999886e-03,5.406249999999999944e-02
8.557399999999999729e-03,5.437500000000000666e-02
8.562099999999999572e-03,5.437500000000000666e-02
8.566800000000001150e-03,5.437500000000000666e-02
8.571500000000000993e-03,5.468750000000000000e-02
8.576200000000000837e-03,5.468750000000000000e-02
8.580900000000000680e-03,5.468750000000000000e-02
8.585600000000000523e-03,5.468750000000000000e-02
8.590300000000000366e-03,5.468750000000000000e-02
8.595000000000000209e-03,5.468750000000000000e-02
8.599700000000000052e-03,5.468750000000000000e-02
8.604399999999999896e-03,5.437500000000000666e-02
8.609099999999999739e-03,5.500000000000000722e-02
8.613799999999999582e-03,5.468750000000000000e-02
8.618500000000001160e-03,5.468750000000000000e-02
8.623200000000001003e-03,5.468750000000000000e-02
8.627900000000000846e-03,5.468750000000000000e-02
8.632600000000000690e-03,5.468750000000000000e-02
8.637300000000000533e-03,5.468750000000000000e-02
8.642000000000000376e-03,5.468750000000000000e-02
8.646700000000000219e-03,5.437500000000000666e-02
8.651400000000000062e-03,5.437500000000000666e-02
8.656099999999999905e-03,5.375000000000000611e-02
8.660799999999999749e-03,5.343749999999999889e-02
8.665499999999999592e-03,5.312500000000000555e-02
8.670200000000001170e-03,5.250000000000000500e-02
8.674900000000001013e-03,5.218750000000000472e-02
8.679600000000000856e-03,5.156250000000000416e-02
8.684300000000000699e-03,5.156250000000000416e-02
8.689000000000000543e-03,5.093750000000000361e-02
8.693700000000000386e-03,5.125000000000000389e-02
8.698400000000000229e-03,5.062500000000000333e-02
8.703100000000000072e-03,5.062500000000000333e-02
8.707799999999999915e-03,5.062500000000000333e-02
8.712499999999999759e-03,5.062500000000000333e-02
8.717199999999999602e-03,5.093750000000000361e-02
8.721900000000001180e-03,5.093750000000000361e-02
8.726600000000001023e-03,5.156250000000000416e-02
8.731300000000000866e-03,5.156250000000000416e-02
8.736000000000000709e-03,5.187500000000000444e-02
8.740700000000000552e-03,5.218750000000000472e-02
8.745400000000000396e-03,5.218750000000000472e-02
8.750100000000000239e-03,5.281250000000000527e-02
8.754800000000000082e-03,5.250000000000000500e-02
8.759499999999999925e-03,5.281250000000000527e-02
8.764199999999999768e-03,5.312500000000000555e-02
8.768899999999999612e-03,5.312500000000000555e-02
8.773600000000001189e-03,5.312500000000000555e-02
8.778300000000001033e-03,5.343749999999999889e-02
8.783000000000000876e-03,5.312500000000000555e-02
8.787700000000000719e-03,5.281250000000000527e-02
8.792400000000000562e-03,5.281250000000000527e-02
8.797100000000000405e-03,5.281250000000000527e-02
8.801800000000000249e-03,5.312500000000000555e-02
8.806500000000000092e-03,5.281250000000000527e-02
8.811199999999999935e-03,5.312500000000000555e-02
8.815899999999999778e-03,5.281250000000000527e-02
8.820599999999999621e-03,5.250000000000000500e-02
8.825300000000001199e-03,5.281250000000000527e-02
8.830000000000001042e-03,5.250000000000000500e-02
8.834700000000000886e-03,5.218750000000000472e-02
8.839400000000000729e-03,5.187500000000000444e-02
8.844100000000000572e-03,5.125000000000000389e-02
8.848800000000000415e-03,5.062500000000000333e-02
8.853500000000000258e-03,5.031250000000000305e-02
8.858200000000000102e-03,5.000000000000000278e-02
8.862899999999999945e-03,4.968750000000000250e-02
8.867599999999999788e-03,4.906250000000000194e-02
8.872299999999999631e-03,4.843750000000000139e-02
8.877000000000001209e-03,4.812500000000000111e-02
8.881700000000001052e-03,4.812500000000000111e-02
8.886400000000000896e-03,4.781250000000000777e-02
8.891100000000000739e-03,4.750000000000000056e-02
8.895800000000000582e-03,4.750000000000000056e-02
8.900500000000000425e-03,4.781250000000000777e-02
8.905200000000000268e-03,4.843750000000000139e-02
8.909900000000000111e-03,4.812500000000000111e-02
8.914599999999999955e-03,4.875000000000000167e-02
8.919299999999999798e-03,4.906250000000000194e-02
8.923999999999999641e-03,4.937500000000000222e-02
8.928700000000001219e-03,4.968750000000000250e-02
8.933400000000001062e-03,5.000000000000000278e-02
8.938100000000000905e-03,5.031250000000000305e-02
8.942800000000000749e-03,5.000000000000000278e-02
8.947500000000000592e-03,5.031250000000000305e-02
8.952200000000000435e-03,5.062500000000000333e-02
8.956900000000000278e-03,5.062500000000000333e-02
8.961600000000000121e-03,5.031250000000000305e-02
8.966299999999999965e-03,5.031250000000000305e-02
8.970999999999999808e-03,5.000000000000000278e-02
8.975699999999999651e-03,5.031250000000000305e-02
8.980400000000001229e-03,4.968750000000000250e-02
8.985100000000001072e-03,5.000000000000000278e-02
8.989800000000000915e-03,5.031250000000000305e-02
8.994500000000000758e-03,4.937500000000000222e-02
8.999200000000000602e-03,4.968750000000000250e-02
9.003900000000000445e-03,4.968750000000000250e-02
9.008600000000000288e-03,4.937500000000000222e-02
9.013300000000000131e-03,4.937500000000000222e-02
9.017999999999999974e-03,4.875000000000000167e-02
9.022699999999999818e-03,4.875000000000000167e-02
9.027399999999999661e-03,4.812500000000000111e-02
9.032100000000001239e-03,4.781250000000000777e-02
9.036800000000001082e-03,4.718750000000000722e-02
9.041500000000000925e-03,4.656250000000000666e-02
9.046200000000000768e-03,4.593750000000000611e-02
9.050900000000000611e-03,4.500000000000000527e-02
9.055600000000000455e-03,4.500000000000000527e-02
9.060300000000000298e-03,4.406250000000000444e-02
9.065000000000000141e-03,4.375000000000000416e-02
9.069699999999999984e-03,4.343750000000000389e-02
9.074399999999999827e-03,4.343750000000000389e-02
9.079099999999999671e-03,4.343750000000000389e-02
9.083800000000001248e-03,4.375000000000000416e-02
9.088500000000001092e-03,4.375000000000000416e-02
9.093200000000000935e-03,4.375000000000000416e-02
9.097900000000000778e-03,4.406250000000000444e-02
9.102600000000000621e-03,4.468750000000000500e-02
9.107300000000000464e-03,4.468750000000000500e-02
9.112000000000000308e-03,4.500000000000000527e-02
9.116700000000000151e-03,4.531250000000000555e-02
9.121399999999999994e-03,4.531250000000000555e-02
9.126099999999999837e-03,4.531250000000000555e-02
9.130799999999999680e-03,4.562500000000000583e-02
9.135500000000001258e-03,4.531250000000000555e-02
9.140200000000001102e-03,4.562500000000000583e-02
9.144900000000000945e-03,4.593750000000000611e-02
9.149600000000000788e-03,4.531250000000000555e-02
9.154300000000000631e-03,4.531250000000000555e-02
9.159000000000000474e-03,4.468750000000000500e-02
9.163700000000000317e-03,4.468750000000000500e-02
9.168400000000000161e-03,4.437500000000000472e-02
9.173100000000000004e-03,4.437500000000000472e-02
9.177799999999999847e-03,4.406250000000000444e-02
9.182499999999999690e-03,4.406250000000000444e-02
9.187199999999999533e-03,4.375000000000000416e-02
9.191900000000001111e-03,4.312500000000000361e-02
9.196600000000000955e-03,4.312500000000000361e-02
9.201300000000000798e-03,4.250000000000000305e-02
9.206000000000000641e-03,4.218750000000000278e-02
9.210700000000000484e-03,4.125000000000000194e-02
9.215400000000000327e-03,4.093750000000000167e-02
9.220100000000000171e-03,3.937500000000000722e-02
9.224800000000000014e-03,3.906250000000000000e-02
9.229499999999999857e-03,3.875000000000000666e-02
9.234199999999999700e-03,3.781250000000000583e-02
9.238899999999999543e-03,3.750000000000000555e-02
9.243600000000001121e-03,3.656250000000000472e-02
9.248300000000000964e-03,3.625000000000000444e-02
9.253000000000000808e-03,3.593750000000000416e-02
9.257700000000000651e-03,3.531250000000000361e-02
9.262400000000000494e-03,3.531250000000000361e-02
9.267100000000000337e-03,3.531250000000000361e-02
9.271800000000000180e-03,3.531250000000000361e-02
9.276500000000000024e-03,3.531250000000000361e-02
9.281199999999999867e-03,3.593750000000000416e-02
9.285899999999999710e-03,3.625000000000000444e-02
9.290599999999999553e-03,3.718750000000000527e-02
9.295300000000001131e-03,3.781250000000000583e-02
