PURE SILICA, ELECTRODE=TUNGSTEN, TIME=35, POLING_VOLTAGE=3700, WAVELENGTH=1.55e-06, EFFECTIVE_DISTANCE=3.1e-05, POLED_LENGTH=0.3, CORE_INDEX=1.45, POLE=MAX, AC_VOLTAGE=1125.0, AC_FREQUENCY=4050, PIEZO_FREQUENCY=81.0
Time(s),Voltage(V)
0.000000000000000000e+00,7.812500000000003469e-03
6.199999999999999931e-06,7.500000000000003192e-03
1.239999999999999986e-05,7.812500000000003469e-03
1.859999999999999810e-05,7.500000000000003192e-03
2.479999999999999972e-05,7.500000000000003192e-03
3.100000000000000135e-05,7.812500000000003469e-03
3.719999999999999620e-05,9.062500000000001110e-03
4.339999999999999782e-05,1.000000000000000194e-02
4.959999999999999945e-05,1.125000000000000305e-02
5.580000000000000107e-05,1.312500000000000125e-02
6.200000000000000270e-05,1.468750000000000264e-02
6.820000000000000433e-05,1.750000000000000167e-02
7.439999999999999240e-05,1.843750000000000250e-02
8.059999999999999402e-05,1.968750000000000361e-02
8.679999999999999565e-05,2.062500000000000444e-02
9.299999999999999727e-05,2.000000000000000389e-02
9.919999999999999890e-05,1.968750000000000361e-02
1.054000000000000005e-04,2.125000000000000500e-02
1.116000000000000021e-04,2.093750000000000472e-02
1.178000000000000038e-04,2.031250000000000416e-02
1.240000000000000054e-04,1.968750000000000361e-02
1.301999999999999935e-04,2.031250000000000416e-02
1.364000000000000087e-04,2.125000000000000500e-02
1.425999999999999967e-04,2.125000000000000500e-02
1.487999999999999848e-04,2.093750000000000472e-02
1.550000000000000000e-04,2.093750000000000472e-02
1.611999999999999880e-04,2.031250000000000416e-02
1.674000000000000032e-04,1.937500000000000333e-02
1.735999999999999913e-04,1.875000000000000278e-02
1.798000000000000065e-04,1.812500000000000222e-02
1.859999999999999945e-04,1.750000000000000167e-02
1.922000000000000097e-04,1.656250000000000430e-02
1.983999999999999978e-04,1.625000000000000402e-02
2.045999999999999859e-04,1.625000000000000402e-02
2.108000000000000010e-04,1.593750000000000375e-02
2.169999999999999891e-04,1.500000000000000291e-02
2.232000000000000043e-04,1.406250000000000208e-02
2.293999999999999924e-04,1.406250000000000208e-02
2.356000000000000075e-04,1.343750000000000153e-02
2.417999999999999956e-04,1.343750000000000153e-02
2.480000000000000108e-04,1.312500000000000125e-02
2.541999999999999989e-04,1.250000000000000416e-02
2.603999999999999869e-04,1.218750000000000389e-02
2.665999999999999750e-04,1.156250000000000333e-02
2.728000000000000173e-04,1.125000000000000305e-02
2.790000000000000054e-04,1.093750000000000278e-02
2.851999999999999934e-04,1.093750000000000278e-02
2.913999999999999815e-04,1.093750000000000278e-02
2.975999999999999696e-04,1.093750000000000278e-02
3.038000000000000119e-04,1.093750000000000278e-02
3.099999999999999999e-04,1.031250000000000222e-02
3.161999999999999880e-04,1.000000000000000194e-02
3.223999999999999761e-04,1.062500000000000250e-02
3.286000000000000184e-04,1.062500000000000250e-02
3.348000000000000064e-04,1.031250000000000222e-02
3.409999999999999945e-04,1.000000000000000194e-02
3.471999999999999826e-04,1.000000000000000194e-02
3.533999999999999707e-04,9.687500000000001665e-03
3.596000000000000130e-04,9.375000000000001388e-03
3.658000000000000010e-04,8.750000000000004302e-03
3.719999999999999891e-04,8.750000000000004302e-03
3.781999999999999772e-04,8.437500000000004025e-03
3.844000000000000195e-04,7.812500000000003469e-03
3.906000000000000075e-04,7.812500000000003469e-03
3.967999999999999956e-04,8.125000000000003747e-03
4.029999999999999837e-04,8.437500000000004025e-03
4.091999999999999717e-04,8.750000000000004302e-03
4.154000000000000140e-04,9.375000000000001388e-03
4.216000000000000021e-04,9.062500000000001110e-03
4.277999999999999902e-04,9.062500000000001110e-03
4.339999999999999782e-04,8.750000000000004302e-03
4.402000000000000205e-04,8.437500000000004025e-03
4.464000000000000086e-04,8.437500000000004025e-03
4.525999999999999967e-04,8.125000000000003747e-03
4.587999999999999847e-04,7.812500000000003469e-03
4.649999999999999728e-04,7.812500000000003469e-03
4.712000000000000151e-04,7.500000000000003192e-03
4.774000000000000032e-04,7.187500000000002914e-03
4.835999999999999912e-04,7.187500000000002914e-03
4.897999999999999793e-04,7.187500000000002914e-03
4.960000000000000216e-04,6.875000000000002637e-03
5.021999999999999555e-04,6.562500000000002359e-03
5.083999999999999977e-04,6.250000000000002082e-03
5.146000000000000400e-04,6.250000000000002082e-03
5.207999999999999739e-04,6.250000000000002082e-03
5.270000000000000162e-04,6.250000000000002082e-03
5.331999999999999500e-04,5.625000000000001527e-03
5.393999999999999923e-04,5.937500000000001804e-03
5.456000000000000346e-04,5.937500000000001804e-03
5.517999999999999685e-04,5.937500000000001804e-03
5.580000000000000107e-04,5.625000000000001527e-03
5.641999999999999446e-04,5.312500000000001249e-03
5.703999999999999869e-04,5.625000000000001527e-03
5.766000000000000292e-04,5.625000000000001527e-03
5.827999999999999630e-04,5.312500000000001249e-03
5.890000000000000053e-04,5.312500000000001249e-03
5.951999999999999392e-04,5.312500000000001249e-03
6.013999999999999815e-04,5.937500000000001804e-03
6.076000000000000238e-04,5.937500000000001804e-03
6.137999999999999576e-04,6.250000000000002082e-03
6.199999999999999999e-04,5.937500000000001804e-03
6.262000000000000422e-04,5.937500000000001804e-03
6.323999999999999760e-04,5.625000000000001527e-03
6.386000000000000183e-04,5.625000000000001527e-03
6.447999999999999522e-04,5.625000000000001527e-03
6.509999999999999945e-04,5.312500000000001249e-03
6.572000000000000368e-04,5.312500000000001249e-03
6.633999999999999706e-04,5.000000000000004441e-03
6.696000000000000129e-04,5.312500000000001249e-03
6.757999999999999468e-04,5.312500000000001249e-03
6.819999999999999890e-04,5.312500000000001249e-03
6.882000000000000313e-04,5.312500000000001249e-03
6.943999999999999652e-04,5.312500000000001249e-03
7.006000000000000075e-04,5.312500000000001249e-03
7.067999999999999413e-04,5.312500000000001249e-03
7.129999999999999836e-04,4.687500000000004163e-03
7.192000000000000259e-04,4.687500000000004163e-03
7.253999999999999598e-04,4.687500000000004163e-03
7.316000000000000020e-04,4.687500000000004163e-03
7.378000000000000443e-04,4.687500000000004163e-03
7.439999999999999782e-04,4.687500000000004163e-03
7.502000000000000205e-04,4.687500000000004163e-03
7.563999999999999543e-04,4.375000000000003886e-03
7.625999999999999966e-04,4.375000000000003886e-03
7.688000000000000389e-04,4.062500000000003608e-03
7.749999999999999728e-04,4.062500000000003608e-03
7.812000000000000150e-04,3.750000000000003331e-03
7.873999999999999489e-04,4.375000000000003886e-03
7.935999999999999912e-04,4.062500000000003608e-03
7.998000000000000335e-04,4.375000000000003886e-03
8.059999999999999673e-04,4.062500000000003608e-03
8.122000000000000096e-04,4.375000000000003886e-03
8.183999999999999435e-04,4.375000000000003886e-03
8.245999999999999858e-04,4.687500000000004163e-03
8.308000000000000280e-04,5.000000000000004441e-03
8.369999999999999619e-04,4.687500000000004163e-03
8.432000000000000042e-04,5.312500000000001249e-03
8.493999999999999381e-04,5.312500000000001249e-03
8.555999999999999803e-04,5.312500000000001249e-03
8.618000000000000226e-04,5.312500000000001249e-03
8.679999999999999565e-04,5.312500000000001249e-03
8.741999999999999988e-04,5.312500000000001249e-03
8.804000000000000411e-04,5.312500000000001249e-03
8.865999999999999749e-04,5.312500000000001249e-03
8.928000000000000172e-04,5.000000000000004441e-03
8.989999999999999511e-04,5.000000000000004441e-03
9.051999999999999933e-04,4.687500000000004163e-03
9.114000000000000356e-04,5.000000000000004441e-03
9.175999999999999695e-04,5.312500000000001249e-03
9.238000000000000118e-04,5.000000000000004441e-03
9.299999999999999456e-04,5.000000000000004441e-03
9.361999999999999879e-04,5.312500000000001249e-03
9.424000000000000302e-04,5.000000000000004441e-03
9.485999999999999641e-04,4.687500000000004163e-03
9.548000000000000063e-04,5.000000000000004441e-03
9.609999999999999402e-04,5.000000000000004441e-03
9.671999999999999825e-04,5.000000000000004441e-03
9.734000000000000248e-04,4.375000000000003886e-03
9.795999999999999586e-04,4.687500000000004163e-03
9.858000000000000009e-04,4.687500000000004163e-03
9.920000000000000432e-04,4.375000000000003886e-03
9.982000000000000855e-04,4.375000000000003886e-03
1.004399999999999911e-03,4.375000000000003886e-03
1.010599999999999953e-03,4.687500000000004163e-03
1.016799999999999995e-03,4.062500000000003608e-03
1.023000000000000038e-03,4.062500000000003608e-03
1.029200000000000080e-03,4.062500000000003608e-03
1.035399999999999906e-03,4.062500000000003608e-03
1.041599999999999948e-03,4.062500000000003608e-03
1.047799999999999990e-03,4.062500000000003608e-03
1.054000000000000032e-03,4.062500000000003608e-03
1.060200000000000075e-03,4.375000000000003886e-03
1.066399999999999900e-03,4.687500000000004163e-03
1.072599999999999942e-03,4.687500000000004163e-03
1.078799999999999985e-03,5.312500000000001249e-03
1.085000000000000027e-03,5.625000000000001527e-03
1.091200000000000069e-03,5.625000000000001527e-03
1.097399999999999895e-03,5.625000000000001527e-03
1.103599999999999937e-03,5.625000000000001527e-03
1.109799999999999979e-03,5.312500000000001249e-03
1.116000000000000021e-03,5.625000000000001527e-03
1.122200000000000064e-03,5.625000000000001527e-03
1.128399999999999889e-03,5.625000000000001527e-03
1.134599999999999932e-03,5.312500000000001249e-03
1.140799999999999974e-03,5.312500000000001249e-03
1.147000000000000016e-03,5.000000000000004441e-03
1.153200000000000058e-03,5.312500000000001249e-03
1.159399999999999884e-03,4.687500000000004163e-03
1.165599999999999926e-03,4.687500000000004163e-03
1.171799999999999968e-03,4.687500000000004163e-03
1.178000000000000011e-03,4.687500000000004163e-03
1.184200000000000053e-03,4.687500000000004163e-03
1.190399999999999878e-03,4.687500000000004163e-03
1.196599999999999921e-03,4.375000000000003886e-03
1.202799999999999963e-03,4.375000000000003886e-03
1.209000000000000005e-03,4.375000000000003886e-03
1.215200000000000048e-03,4.375000000000003886e-03
1.221400000000000090e-03,4.062500000000003608e-03
1.227599999999999915e-03,4.687500000000004163e-03
1.233799999999999958e-03,4.375000000000003886e-03
1.240000000000000000e-03,4.062500000000003608e-03
1.246200000000000042e-03,4.375000000000003886e-03
1.252400000000000084e-03,4.062500000000003608e-03
1.258599999999999910e-03,4.062500000000003608e-03
1.264799999999999952e-03,4.375000000000003886e-03
1.270999999999999994e-03,4.062500000000003608e-03
1.277200000000000037e-03,4.375000000000003886e-03
1.283400000000000079e-03,4.375000000000003886e-03
1.289599999999999904e-03,4.687500000000004163e-03
1.295799999999999947e-03,5.000000000000004441e-03
1.301999999999999989e-03,5.000000000000004441e-03
1.308200000000000031e-03,5.625000000000001527e-03
1.314400000000000074e-03,5.937500000000001804e-03
1.320599999999999899e-03,6.562500000000002359e-03
1.326799999999999941e-03,7.187500000000002914e-03
1.332999999999999984e-03,7.812500000000003469e-03
1.339200000000000026e-03,7.812500000000003469e-03
1.345400000000000068e-03,8.437500000000004025e-03
1.351599999999999894e-03,8.125000000000003747e-03
1.357799999999999936e-03,8.750000000000004302e-03
1.363999999999999978e-03,8.750000000000004302e-03
1.370200000000000020e-03,8.437500000000004025e-03
1.376400000000000063e-03,8.437500000000004025e-03
1.382599999999999888e-03,8.125000000000003747e-03
1.388799999999999930e-03,7.812500000000003469e-03
1.394999999999999973e-03,7.812500000000003469e-03
1.401200000000000015e-03,7.500000000000003192e-03
1.407400000000000057e-03,7.187500000000002914e-03
1.413599999999999883e-03,7.187500000000002914e-03
1.419799999999999925e-03,6.875000000000002637e-03
1.425999999999999967e-03,6.562500000000002359e-03
1.432200000000000010e-03,6.562500000000002359e-03
1.438400000000000052e-03,6.250000000000002082e-03
1.444599999999999877e-03,6.562500000000002359e-03
1.450799999999999920e-03,6.250000000000002082e-03
1.456999999999999962e-03,6.250000000000002082e-03
1.463200000000000004e-03,6.250000000000002082e-03
1.469400000000000046e-03,6.562500000000002359e-03
1.475600000000000089e-03,6.562500000000002359e-03
1.481799999999999914e-03,6.875000000000002637e-03
1.487999999999999956e-03,6.875000000000002637e-03
1.494199999999999999e-03,6.875000000000002637e-03
1.500400000000000041e-03,7.187500000000002914e-03
1.506600000000000083e-03,6.875000000000002637e-03
1.512799999999999909e-03,7.187500000000002914e-03
1.518999999999999951e-03,7.187500000000002914e-03
1.525199999999999993e-03,7.500000000000003192e-03
1.531400000000000036e-03,7.812500000000003469e-03
1.537600000000000078e-03,8.125000000000003747e-03
1.543799999999999903e-03,8.437500000000004025e-03
1.549999999999999946e-03,9.375000000000001388e-03
1.556199999999999988e-03,1.000000000000000194e-02
1.562400000000000030e-03,1.031250000000000222e-02
1.568600000000000072e-03,1.093750000000000278e-02
1.574799999999999898e-03,1.187500000000000361e-02
1.580999999999999940e-03,1.250000000000000416e-02
1.587199999999999982e-03,1.312500000000000125e-02
1.593400000000000025e-03,1.312500000000000125e-02
1.599600000000000067e-03,1.406250000000000208e-02
1.605799999999999892e-03,1.406250000000000208e-02
1.611999999999999935e-03,1.406250000000000208e-02
1.618199999999999977e-03,1.437500000000000236e-02
1.624400000000000019e-03,1.437500000000000236e-02
1.630600000000000062e-03,1.406250000000000208e-02
1.636799999999999887e-03,1.343750000000000153e-02
1.642999999999999929e-03,1.312500000000000125e-02
1.649199999999999972e-03,1.281250000000000444e-02
1.655400000000000014e-03,1.250000000000000416e-02
1.661600000000000056e-03,1.250000000000000416e-02
1.667799999999999882e-03,1.187500000000000361e-02
1.673999999999999924e-03,1.156250000000000333e-02
1.680199999999999966e-03,1.156250000000000333e-02
1.686400000000000008e-03,1.156250000000000333e-02
1.692600000000000051e-03,1.156250000000000333e-02
1.698799999999999876e-03,1.156250000000000333e-02
1.704999999999999918e-03,1.125000000000000305e-02
1.711199999999999961e-03,1.156250000000000333e-02
1.717400000000000003e-03,1.218750000000000389e-02
1.723600000000000045e-03,1.218750000000000389e-02
1.729800000000000088e-03,1.281250000000000444e-02
1.735999999999999913e-03,1.250000000000000416e-02
1.742199999999999955e-03,1.250000000000000416e-02
1.748399999999999998e-03,1.312500000000000125e-02
1.754600000000000040e-03,1.312500000000000125e-02
1.760800000000000082e-03,1.312500000000000125e-02
1.766999999999999908e-03,1.312500000000000125e-02
1.773199999999999950e-03,1.375000000000000180e-02
1.779399999999999992e-03,1.375000000000000180e-02
1.785600000000000034e-03,1.437500000000000236e-02
1.791800000000000077e-03,1.500000000000000291e-02
1.797999999999999902e-03,1.625000000000000402e-02
1.804199999999999944e-03,1.750000000000000167e-02
1.810399999999999987e-03,1.750000000000000167e-02
1.816600000000000029e-03,1.906250000000000305e-02
1.822800000000000071e-03,1.968750000000000361e-02
1.828999999999999897e-03,2.031250000000000416e-02
1.835199999999999939e-03,2.093750000000000472e-02
1.841399999999999981e-03,2.125000000000000500e-02
1.847600000000000024e-03,2.187500000000000555e-02
1.853800000000000066e-03,2.187500000000000555e-02
1.859999999999999891e-03,2.218750000000000236e-02
1.866199999999999934e-03,2.187500000000000555e-02
1.872399999999999976e-03,2.125000000000000500e-02
1.878600000000000018e-03,2.062500000000000444e-02
1.884800000000000060e-03,2.000000000000000389e-02
1.890999999999999886e-03,1.937500000000000333e-02
1.897199999999999928e-03,1.906250000000000305e-02
1.903399999999999970e-03,1.875000000000000278e-02
1.909600000000000013e-03,1.812500000000000222e-02
1.915800000000000055e-03,1.812500000000000222e-02
1.921999999999999880e-03,1.781250000000000194e-02
1.928199999999999923e-03,1.750000000000000167e-02
1.934399999999999965e-03,1.750000000000000167e-02
1.940600000000000007e-03,1.718750000000000139e-02
1.946800000000000050e-03,1.750000000000000167e-02
1.952999999999999875e-03,1.718750000000000139e-02
1.959199999999999917e-03,1.781250000000000194e-02
1.965399999999999960e-03,1.750000000000000167e-02
1.971600000000000002e-03,1.781250000000000194e-02
1.977800000000000044e-03,1.812500000000000222e-02
1.984000000000000086e-03,1.843750000000000250e-02
1.990200000000000129e-03,1.875000000000000278e-02
1.996400000000000171e-03,1.906250000000000305e-02
2.002599999999999780e-03,1.937500000000000333e-02
2.008799999999999822e-03,1.968750000000000361e-02
2.014999999999999864e-03,2.000000000000000389e-02
2.021199999999999906e-03,2.093750000000000472e-02
2.027399999999999949e-03,2.187500000000000555e-02
2.033599999999999991e-03,2.156250000000000527e-02
2.039800000000000033e-03,2.281250000000000291e-02
2.046000000000000076e-03,2.406250000000000056e-02
2.052200000000000118e-03,2.468750000000000111e-02
2.058400000000000160e-03,2.562500000000000194e-02
2.064599999999999769e-03,2.718750000000000333e-02
2.070799999999999811e-03,2.812500000000000416e-02
2.076999999999999853e-03,2.906250000000000500e-02
2.083199999999999896e-03,2.968750000000000208e-02
2.089399999999999938e-03,3.062500000000000291e-02
2.095599999999999980e-03,3.156250000000000028e-02
2.101800000000000022e-03,3.156250000000000028e-02
2.108000000000000065e-03,3.218750000000000083e-02
2.114200000000000107e-03,3.218750000000000083e-02
2.120400000000000149e-03,3.187500000000000056e-02
2.126600000000000192e-03,3.156250000000000028e-02
2.132799999999999800e-03,3.093750000000000319e-02
2.138999999999999842e-03,3.031250000000000264e-02
2.145199999999999885e-03,2.968750000000000208e-02
2.151399999999999927e-03,2.968750000000000208e-02
2.157599999999999969e-03,2.937500000000000527e-02
2.163800000000000012e-03,2.875000000000000472e-02
2.170000000000000054e-03,2.906250000000000500e-02
2.176200000000000096e-03,2.906250000000000500e-02
2.182400000000000138e-03,2.875000000000000472e-02
2.188600000000000181e-03,2.906250000000000500e-02
2.194799999999999789e-03,2.937500000000000527e-02
2.200999999999999832e-03,2.968750000000000208e-02
2.207199999999999874e-03,3.000000000000000236e-02
2.213399999999999916e-03,3.031250000000000264e-02
2.219599999999999958e-03,3.093750000000000319e-02
2.225800000000000001e-03,3.125000000000000000e-02
2.232000000000000043e-03,3.218750000000000083e-02
2.238200000000000085e-03,3.218750000000000083e-02
2.244400000000000128e-03,3.250000000000000111e-02
2.250600000000000170e-03,3.281250000000000139e-02
2.256799999999999778e-03,3.312500000000000167e-02
2.262999999999999821e-03,3.375000000000000222e-02
2.269199999999999863e-03,3.437500000000000278e-02
2.275399999999999905e-03,3.500000000000000333e-02
2.281599999999999948e-03,3.562500000000000389e-02
2.287799999999999990e-03,3.625000000000000444e-02
2.294000000000000032e-03,3.718750000000000527e-02
2.300200000000000074e-03,3.750000000000000555e-02
2.306400000000000117e-03,3.843750000000000638e-02
2.312600000000000159e-03,3.937500000000000722e-02
2.318799999999999768e-03,3.968750000000000056e-02
2.324999999999999810e-03,4.031250000000000111e-02
2.331199999999999852e-03,4.125000000000000194e-02
2.337399999999999894e-03,4.156250000000000222e-02
2.343599999999999937e-03,4.187500000000000250e-02
2.349799999999999979e-03,4.250000000000000305e-02
2.356000000000000021e-03,4.281250000000000333e-02
2.362200000000000064e-03,4.250000000000000305e-02
2.368400000000000106e-03,4.218750000000000278e-02
2.374600000000000148e-03,4.156250000000000222e-02
2.380799999999999757e-03,4.093750000000000167e-02
2.386999999999999799e-03,4.031250000000000111e-02
2.393199999999999841e-03,4.000000000000000083e-02
2.399399999999999884e-03,3.968750000000000056e-02
2.405599999999999926e-03,3.906250000000000000e-02
2.411799999999999968e-03,3.843750000000000638e-02
2.418000000000000010e-03,3.812500000000000611e-02
2.424200000000000053e-03,3.812500000000000611e-02
2.430400000000000095e-03,3.781250000000000583e-02
2.436600000000000137e-03,3.750000000000000555e-02
2.442800000000000180e-03,3.781250000000000583e-02
2.448999999999999788e-03,3.843750000000000638e-02
2.455199999999999830e-03,3.875000000000000666e-02
2.461399999999999873e-03,3.875000000000000666e-02
2.467599999999999915e-03,3.906250000000000000e-02
2.473799999999999957e-03,3.968750000000000056e-02
2.480000000000000000e-03,3.968750000000000056e-02
2.486200000000000042e-03,4.062500000000000139e-02
2.492400000000000084e-03,4.062500000000000139e-02
2.498600000000000126e-03,4.062500000000000139e-02
2.504800000000000169e-03,4.062500000000000139e-02
2.510999999999999777e-03,4.125000000000000194e-02
2.517199999999999820e-03,4.187500000000000250e-02
2.523399999999999862e-03,4.250000000000000305e-02
2.529599999999999904e-03,4.281250000000000333e-02
2.535799999999999946e-03,4.343750000000000389e-02
2.541999999999999989e-03,4.375000000000000416e-02
2.548200000000000031e-03,4.437500000000000472e-02
2.554400000000000073e-03,4.468750000000000500e-02
2.560600000000000116e-03,4.562500000000000583e-02
2.566800000000000158e-03,4.593750000000000611e-02
2.572999999999999766e-03,4.656250000000000666e-02
2.579199999999999809e-03,4.750000000000000056e-02
2.585399999999999851e-03,4.781250000000000777e-02
2.591599999999999893e-03,4.781250000000000777e-02
2.597799999999999936e-03,4.812500000000000111e-02
2.603999999999999978e-03,4.843750000000000139e-02
2.610200000000000020e-03,4.875000000000000167e-02
2.616400000000000062e-03,4.843750000000000139e-02
2.622600000000000105e-03,4.812500000000000111e-02
2.628800000000000147e-03,4.750000000000000056e-02
2.634999999999999756e-03,4.687500000000000000e-02
2.641199999999999798e-03,4.656250000000000666e-02
2.647399999999999840e-03,4.656250000000000666e-02
2.653599999999999882e-03,4.624999999999999944e-02
2.659799999999999925e-03,4.562500000000000583e-02
2.665999999999999967e-03,4.562500000000000583e-02
2.672200000000000009e-03,4.562500000000000583e-02
2.678400000000000052e-03,4.531250000000000555e-02
2.684600000000000094e-03,4.562500000000000583e-02
2.690800000000000136e-03,4.593750000000000611e-02
2.697000000000000178e-03,4.593750000000000611e-02
2.703199999999999787e-03,4.593750000000000611e-02
2.709399999999999829e-03,4.624999999999999944e-02
2.715599999999999872e-03,4.656250000000000666e-02
2.721799999999999914e-03,4.718750000000000722e-02
2.727999999999999956e-03,4.718750000000000722e-02
2.734199999999999998e-03,4.750000000000000056e-02
2.740400000000000041e-03,4.750000000000000056e-02
2.746600000000000083e-03,4.781250000000000777e-02
2.752800000000000125e-03,4.781250000000000777e-02
2.759000000000000168e-03,4.812500000000000111e-02
2.765199999999999776e-03,4.843750000000000139e-02
2.771399999999999818e-03,4.906250000000000194e-02
2.777599999999999861e-03,4.937500000000000222e-02
2.783799999999999903e-03,4.968750000000000250e-02
2.789999999999999945e-03,5.031250000000000305e-02
2.796199999999999988e-03,5.031250000000000305e-02
2.802400000000000030e-03,5.093750000000000361e-02
2.808600000000000072e-03,5.125000000000000389e-02
2.814800000000000114e-03,5.187500000000000444e-02
2.821000000000000157e-03,5.187500000000000444e-02
2.827199999999999765e-03,5.218750000000000472e-02
2.833399999999999808e-03,5.281250000000000527e-02
2.839599999999999850e-03,5.312500000000000555e-02
2.845799999999999892e-03,5.343749999999999889e-02
2.851999999999999934e-03,5.343749999999999889e-02
2.858199999999999977e-03,5.312500000000000555e-02
2.864400000000000019e-03,5.281250000000000527e-02
2.870600000000000061e-03,5.250000000000000500e-02
2.876800000000000104e-03,5.187500000000000444e-02
2.883000000000000146e-03,5.125000000000000389e-02
2.889199999999999754e-03,5.062500000000000333e-02
2.895399999999999797e-03,5.031250000000000305e-02
2.901599999999999839e-03,4.968750000000000250e-02
2.907799999999999881e-03,5.000000000000000278e-02
2.913999999999999924e-03,4.937500000000000222e-02
2.920199999999999966e-03,4.906250000000000194e-02
2.926400000000000008e-03,4.875000000000000167e-02
2.932600000000000050e-03,4.906250000000000194e-02
2.938800000000000093e-03,4.906250000000000194e-02
2.945000000000000135e-03,4.937500000000000222e-02
2.951200000000000177e-03,4.937500000000000222e-02
2.957399999999999786e-03,4.937500000000000222e-02
2.963599999999999828e-03,4.968750000000000250e-02
2.969799999999999870e-03,4.968750000000000250e-02
2.975999999999999913e-03,5.031250000000000305e-02
2.982199999999999955e-03,5.031250000000000305e-02
2.988399999999999997e-03,5.031250000000000305e-02
2.994600000000000040e-03,5.093750000000000361e-02
3.000800000000000082e-03,5.062500000000000333e-02
3.007000000000000124e-03,5.093750000000000361e-02
3.013200000000000166e-03,5.156250000000000416e-02
3.019399999999999775e-03,5.156250000000000416e-02
3.025599999999999817e-03,5.187500000000000444e-02
3.031799999999999860e-03,5.218750000000000472e-02
3.037999999999999902e-03,5.281250000000000527e-02
3.044199999999999944e-03,5.281250000000000527e-02
3.050399999999999986e-03,5.343749999999999889e-02
3.056600000000000029e-03,5.343749999999999889e-02
3.062800000000000071e-03,5.343749999999999889e-02
3.069000000000000113e-03,5.406249999999999944e-02
3.075200000000000156e-03,5.437500000000000666e-02
3.081399999999999764e-03,5.437500000000000666e-02
3.087599999999999806e-03,5.468750000000000000e-02
3.093799999999999849e-03,5.468750000000000000e-02
3.099999999999999891e-03,5.500000000000000722e-02
3.106199999999999933e-03,5.531250000000000056e-02
3.112399999999999976e-03,5.468750000000000000e-02
3.118600000000000018e-03,5.437500000000000666e-02
3.124800000000000060e-03,5.468750000000000000e-02
3.131000000000000102e-03,5.437500000000000666e-02
3.137200000000000145e-03,5.375000000000000611e-02
3.143399999999999753e-03,5.375000000000000611e-02
3.149599999999999796e-03,5.375000000000000611e-02
3.155799999999999838e-03,5.343749999999999889e-02
3.161999999999999880e-03,5.343749999999999889e-02
3.168199999999999922e-03,5.312500000000000555e-02
3.174399999999999965e-03,5.343749999999999889e-02
3.180600000000000007e-03,5.343749999999999889e-02
3.186800000000000049e-03,5.375000000000000611e-02
3.193000000000000092e-03,5.343749999999999889e-02
3.199200000000000134e-03,5.406249999999999944e-02
3.205400000000000176e-03,5.437500000000000666e-02
3.211599999999999785e-03,5.468750000000000000e-02
3.217799999999999827e-03,5.500000000000000722e-02
3.223999999999999869e-03,5.468750000000000000e-02
3.230199999999999912e-03,5.531250000000000056e-02
3.236399999999999954e-03,5.531250000000000056e-02
3.242599999999999996e-03,5.593750000000000111e-02
3.248800000000000038e-03,5.593750000000000111e-02
3.255000000000000081e-03,5.625000000000000833e-02
3.261200000000000123e-03,5.656250000000000167e-02
3.267400000000000165e-03,5.656250000000000167e-02
3.273599999999999774e-03,5.687500000000000888e-02
3.279799999999999816e-03,5.687500000000000888e-02
3.285999999999999859e-03,5.718750000000000222e-02
3.292199999999999901e-03,5.656250000000000167e-02
3.298399999999999943e-03,5.656250000000000167e-02
3.304599999999999985e-03,5.687500000000000888e-02
3.310800000000000028e-03,5.687500000000000888e-02
3.317000000000000070e-03,5.687500000000000888e-02
3.323200000000000112e-03,5.687500000000000888e-02
3.329400000000000154e-03,5.718750000000000222e-02
3.335599999999999763e-03,5.718750000000000222e-02
3.341799999999999805e-03,5.781250000000000278e-02
3.347999999999999848e-03,5.781250000000000278e-02
3.354199999999999890e-03,5.781250000000000278e-02
3.360399999999999932e-03,5.781250000000000278e-02
3.366599999999999974e-03,5.750000000000000250e-02
3.372800000000000017e-03,5.750000000000000250e-02
3.379000000000000059e-03,5.781250000000000278e-02
3.385200000000000101e-03,5.718750000000000222e-02
3.391400000000000144e-03,5.718750000000000222e-02
3.397599999999999752e-03,5.718750000000000222e-02
3.403799999999999795e-03,5.687500000000000888e-02
3.409999999999999837e-03,5.687500000000000888e-02
3.416199999999999879e-03,5.687500000000000888e-02
3.422399999999999921e-03,5.656250000000000167e-02
3.428599999999999964e-03,5.687500000000000888e-02
3.434800000000000006e-03,5.656250000000000167e-02
3.441000000000000048e-03,5.687500000000000888e-02
3.447200000000000090e-03,5.687500000000000888e-02
3.453400000000000133e-03,5.687500000000000888e-02
3.459600000000000175e-03,5.687500000000000888e-02
3.465799999999999784e-03,5.718750000000000222e-02
3.471999999999999826e-03,5.718750000000000222e-02
3.478199999999999868e-03,5.718750000000000222e-02
3.484399999999999911e-03,5.718750000000000222e-02
3.490599999999999953e-03,5.781250000000000278e-02
3.496799999999999995e-03,5.781250000000000278e-02
3.503000000000000037e-03,5.781250000000000278e-02
3.509200000000000080e-03,5.750000000000000250e-02
3.515400000000000122e-03,5.750000000000000250e-02
3.521600000000000164e-03,5.718750000000000222e-02
3.527799999999999773e-03,5.656250000000000167e-02
3.533999999999999815e-03,5.625000000000000833e-02
3.540199999999999857e-03,5.562500000000000777e-02
3.546399999999999900e-03,5.562500000000000777e-02
3.552599999999999942e-03,5.468750000000000000e-02
3.558799999999999984e-03,5.468750000000000000e-02
3.565000000000000027e-03,5.406249999999999944e-02
3.571200000000000069e-03,5.406249999999999944e-02
3.577400000000000111e-03,5.406249999999999944e-02
3.583600000000000153e-03,5.406249999999999944e-02
3.589799999999999762e-03,5.406249999999999944e-02
3.595999999999999804e-03,5.406249999999999944e-02
3.602199999999999847e-03,5.468750000000000000e-02
3.608399999999999889e-03,5.468750000000000000e-02
3.614599999999999931e-03,5.500000000000000722e-02
3.620799999999999973e-03,5.500000000000000722e-02
3.627000000000000016e-03,5.531250000000000056e-02
3.633200000000000058e-03,5.500000000000000722e-02
3.639400000000000100e-03,5.531250000000000056e-02
3.645600000000000143e-03,5.562500000000000777e-02
3.651799999999999751e-03,5.562500000000000777e-02
3.657999999999999793e-03,5.593750000000000111e-02
3.664199999999999836e-03,5.562500000000000777e-02
3.670399999999999878e-03,5.562500000000000777e-02
3.676599999999999920e-03,5.562500000000000777e-02
3.682799999999999963e-03,5.531250000000000056e-02
3.689000000000000005e-03,5.531250000000000056e-02
3.695200000000000047e-03,5.531250000000000056e-02
3.701400000000000089e-03,5.468750000000000000e-02
3.707600000000000132e-03,5.468750000000000000e-02
3.713800000000000174e-03,5.468750000000000000e-02
3.719999999999999783e-03,5.468750000000000000e-02
3.726199999999999825e-03,5.468750000000000000e-02
3.732399999999999867e-03,5.437500000000000666e-02
3.738599999999999909e-03,5.437500000000000666e-02
3.744799999999999952e-03,5.406249999999999944e-02
3.750999999999999994e-03,5.343749999999999889e-02
3.757200000000000036e-03,5.312500000000000555e-02
3.763400000000000079e-03,5.250000000000000500e-02
3.769600000000000121e-03,5.187500000000000444e-02
3.775800000000000163e-03,5.125000000000000389e-02
3.781999999999999772e-03,5.093750000000000361e-02
3.788199999999999814e-03,5.000000000000000278e-02
3.794399999999999856e-03,4.906250000000000194e-02
3.800599999999999899e-03,4.843750000000000139e-02
3.806799999999999941e-03,4.750000000000000056e-02
3.812999999999999983e-03,4.718750000000000722e-02
3.819200000000000025e-03,4.718750000000000722e-02
3.825400000000000068e-03,4.656250000000000666e-02
3.831600000000000110e-03,4.656250000000000666e-02
3.837800000000000152e-03,4.656250000000000666e-02
3.843999999999999761e-03,4.718750000000000722e-02
3.850199999999999803e-03,4.750000000000000056e-02
3.856399999999999845e-03,4.781250000000000777e-02
3.862599999999999888e-03,4.843750000000000139e-02
3.868799999999999930e-03,4.875000000000000167e-02
3.874999999999999972e-03,4.937500000000000222e-02
3.881200000000000015e-03,4.937500000000000222e-02
3.887400000000000057e-03,4.937500000000000222e-02
3.893600000000000099e-03,4.968750000000000250e-02
3.899800000000000141e-03,5.000000000000000278e-02
3.905999999999999750e-03,5.000000000000000278e-02
3.912200000000000226e-03,5.031250000000000305e-02
3.918399999999999835e-03,5.031250000000000305e-02
3.924600000000000311e-03,5.000000000000000278e-02
3.930799999999999919e-03,5.000000000000000278e-02
3.936999999999999528e-03,4.968750000000000250e-02
3.943200000000000004e-03,4.906250000000000194e-02
3.949399999999999612e-03,4.906250000000000194e-02
3.955600000000000088e-03,4.906250000000000194e-02
3.961799999999999697e-03,4.875000000000000167e-02
3.968000000000000173e-03,4.875000000000000167e-02
3.974199999999999781e-03,4.843750000000000139e-02
3.980400000000000257e-03,4.812500000000000111e-02
3.986599999999999866e-03,4.812500000000000111e-02
3.992800000000000342e-03,4.812500000000000111e-02
3.998999999999999951e-03,4.718750000000000722e-02
4.005199999999999559e-03,4.656250000000000666e-02
4.011400000000000035e-03,4.593750000000000611e-02
4.017599999999999644e-03,4.468750000000000500e-02
4.023800000000000120e-03,4.437500000000000472e-02
4.029999999999999728e-03,4.312500000000000361e-02
4.036200000000000204e-03,4.218750000000000278e-02
4.042399999999999813e-03,4.187500000000000250e-02
4.048600000000000289e-03,4.093750000000000167e-02
4.054799999999999897e-03,4.000000000000000083e-02
4.061000000000000373e-03,3.937500000000000722e-02
4.067199999999999982e-03,3.875000000000000666e-02
4.073399999999999591e-03,3.843750000000000638e-02
4.079600000000000067e-03,3.843750000000000638e-02
4.085799999999999675e-03,3.843750000000000638e-02
4.092000000000000151e-03,3.843750000000000638e-02
4.098199999999999760e-03,3.937500000000000722e-02
4.104400000000000236e-03,3.968750000000000056e-02
4.110599999999999844e-03,4.031250000000000111e-02
4.116800000000000320e-03,4.062500000000000139e-02
4.122999999999999929e-03,4.062500000000000139e-02
4.129199999999999537e-03,4.093750000000000167e-02
4.135400000000000013e-03,4.125000000000000194e-02
4.141599999999999622e-03,4.156250000000000222e-02
4.147800000000000098e-03,4.156250000000000222e-02
4.153999999999999707e-03,4.156250000000000222e-02
4.160200000000000183e-03,4.156250000000000222e-02
4.166399999999999791e-03,4.093750000000000167e-02
4.172600000000000267e-03,4.093750000000000167e-02
4.178799999999999876e-03,4.062500000000000139e-02
4.185000000000000352e-03,4.031250000000000111e-02
4.191199999999999960e-03,3.968750000000000056e-02
4.197399999999999569e-03,3.937500000000000722e-02
4.203600000000000045e-03,3.906250000000000000e-02
4.209799999999999653e-03,3.875000000000000666e-02
4.216000000000000129e-03,3.843750000000000638e-02
4.222199999999999738e-03,3.812500000000000611e-02
4.228400000000000214e-03,3.812500000000000611e-02
4.234599999999999823e-03,3.750000000000000555e-02
4.240800000000000299e-03,3.687500000000000500e-02
4.246999999999999907e-03,3.625000000000000444e-02
4.253200000000000383e-03,3.562500000000000389e-02
4.259399999999999992e-03,3.468750000000000305e-02
4.265599999999999600e-03,3.406250000000000250e-02
4.271800000000000076e-03,3.312500000000000167e-02
4.277999999999999685e-03,3.218750000000000083e-02
4.284200000000000161e-03,3.156250000000000028e-02
4.290399999999999769e-03,3.031250000000000264e-02
4.296600000000000245e-03,2.968750000000000208e-02
4.302799999999999854e-03,2.906250000000000500e-02
4.309000000000000330e-03,2.812500000000000416e-02
4.315199999999999939e-03,2.812500000000000416e-02
4.321399999999999547e-03,2.750000000000000361e-02
4.327600000000000023e-03,2.750000000000000361e-02
4.333799999999999632e-03,2.812500000000000416e-02
4.340000000000000108e-03,2.781250000000000389e-02
4.346199999999999716e-03,2.875000000000000472e-02
4.352400000000000192e-03,2.937500000000000527e-02
4.358599999999999801e-03,2.968750000000000208e-02
4.364800000000000277e-03,3.062500000000000291e-02
4.370999999999999885e-03,3.093750000000000319e-02
4.377200000000000361e-03,3.156250000000000028e-02
4.383399999999999970e-03,3.187500000000000056e-02
4.389599999999999579e-03,3.187500000000000056e-02
4.395800000000000055e-03,3.218750000000000083e-02
4.401999999999999663e-03,3.218750000000000083e-02
4.408200000000000139e-03,3.218750000000000083e-02
4.414399999999999748e-03,3.187500000000000056e-02
4.420600000000000224e-03,3.125000000000000000e-02
4.426799999999999832e-03,3.125000000000000000e-02
4.433000000000000308e-03,3.125000000000000000e-02
4.439199999999999917e-03,3.062500000000000291e-02
4.445399999999999525e-03,3.031250000000000264e-02
4.451600000000000001e-03,3.000000000000000236e-02
4.457799999999999610e-03,2.968750000000000208e-02
4.464000000000000086e-03,2.937500000000000527e-02
4.470199999999999695e-03,2.937500000000000527e-02
4.476400000000000171e-03,2.875000000000000472e-02
4.482599999999999779e-03,2.843750000000000444e-02
4.488800000000000255e-03,2.781250000000000389e-02
4.494999999999999864e-03,2.750000000000000361e-02
4.501200000000000340e-03,2.687500000000000305e-02
4.507399999999999948e-03,2.625000000000000250e-02
4.513599999999999557e-03,2.531250000000000167e-02
4.519800000000000033e-03,2.468750000000000111e-02
4.525999999999999641e-03,2.375000000000000375e-02
4.532200000000000117e-03,2.312500000000000319e-02
4.538399999999999726e-03,2.218750000000000236e-02
4.544600000000000202e-03,2.156250000000000527e-02
4.550799999999999811e-03,2.093750000000000472e-02
4.557000000000000287e-03,2.031250000000000416e-02
4.563199999999999895e-03,1.968750000000000361e-02
4.569400000000000371e-03,1.937500000000000333e-02
4.575599999999999980e-03,1.906250000000000305e-02
4.581799999999999588e-03,1.906250000000000305e-02
4.588000000000000064e-03,1.937500000000000333e-02
4.594199999999999673e-03,2.000000000000000389e-02
4.600400000000000149e-03,2.031250000000000416e-02
4.606599999999999757e-03,2.062500000000000444e-02
4.612800000000000233e-03,2.125000000000000500e-02
4.618999999999999842e-03,2.156250000000000527e-02
4.625200000000000318e-03,2.187500000000000555e-02
4.631399999999999927e-03,2.218750000000000236e-02
4.637599999999999535e-03,2.218750000000000236e-02
4.643800000000000011e-03,2.218750000000000236e-02
4.649999999999999620e-03,2.187500000000000555e-02
4.656200000000000096e-03,2.187500000000000555e-02
4.662399999999999704e-03,2.156250000000000527e-02
4.668600000000000180e-03,2.156250000000000527e-02
4.674799999999999789e-03,2.125000000000000500e-02
4.681000000000000265e-03,2.062500000000000444e-02
4.687199999999999873e-03,2.031250000000000416e-02
4.693400000000000349e-03,1.968750000000000361e-02
4.699599999999999958e-03,1.968750000000000361e-02
4.705799999999999567e-03,1.937500000000000333e-02
4.712000000000000043e-03,1.875000000000000278e-02
4.718199999999999651e-03,1.906250000000000305e-02
4.724400000000000127e-03,1.906250000000000305e-02
4.730599999999999736e-03,1.875000000000000278e-02
4.736800000000000212e-03,1.781250000000000194e-02
4.742999999999999820e-03,1.750000000000000167e-02
4.749200000000000296e-03,1.718750000000000139e-02
4.755399999999999905e-03,1.625000000000000402e-02
4.761599999999999513e-03,1.593750000000000375e-02
4.767799999999999989e-03,1.531250000000000319e-02
4.773999999999999598e-03,1.500000000000000291e-02
4.780200000000000074e-03,1.406250000000000208e-02
4.786399999999999683e-03,1.343750000000000153e-02
4.792600000000000159e-03,1.343750000000000153e-02
4.798799999999999767e-03,1.281250000000000444e-02
4.805000000000000243e-03,1.250000000000000416e-02
4.811199999999999852e-03,1.187500000000000361e-02
4.817400000000000328e-03,1.187500000000000361e-02
4.823599999999999936e-03,1.187500000000000361e-02
4.829799999999999545e-03,1.156250000000000333e-02
4.836000000000000021e-03,1.187500000000000361e-02
4.842199999999999629e-03,1.218750000000000389e-02
4.848400000000000105e-03,1.250000000000000416e-02
4.854599999999999714e-03,1.281250000000000444e-02
4.860800000000000190e-03,1.312500000000000125e-02
4.866999999999999799e-03,1.343750000000000153e-02
4.873200000000000275e-03,1.375000000000000180e-02
4.879399999999999883e-03,1.375000000000000180e-02
4.885600000000000359e-03,1.406250000000000208e-02
4.891799999999999968e-03,1.406250000000000208e-02
4.897999999999999576e-03,1.375000000000000180e-02
4.904200000000000052e-03,1.343750000000000153e-02
4.910399999999999661e-03,1.343750000000000153e-02
4.916600000000000137e-03,1.343750000000000153e-02
4.922799999999999745e-03,1.312500000000000125e-02
4.929000000000000221e-03,1.250000000000000416e-02
4.935199999999999830e-03,1.218750000000000389e-02
4.941400000000000306e-03,1.187500000000000361e-02
4.947599999999999915e-03,1.218750000000000389e-02
4.953799999999999523e-03,1.156250000000000333e-02
4.959999999999999999e-03,1.125000000000000305e-02
4.966199999999999608e-03,1.093750000000000278e-02
4.972400000000000084e-03,1.093750000000000278e-02
4.978599999999999692e-03,1.062500000000000250e-02
4.984800000000000168e-03,1.031250000000000222e-02
4.990999999999999777e-03,9.687500000000001665e-03
4.997200000000000253e-03,9.687500000000001665e-03
5.003399999999999861e-03,9.375000000000001388e-03
5.009600000000000337e-03,8.750000000000004302e-03
5.015799999999999946e-03,8.437500000000004025e-03
5.021999999999999555e-03,8.750000000000004302e-03
5.028200000000000031e-03,8.437500000000004025e-03
5.034399999999999639e-03,7.812500000000003469e-03
5.040600000000000115e-03,8.125000000000003747e-03
5.046799999999999724e-03,7.812500000000003469e-03
5.053000000000000200e-03,7.500000000000003192e-03
5.059199999999999808e-03,7.500000000000003192e-03
5.065400000000000284e-03,7.187500000000002914e-03
5.071599999999999893e-03,6.875000000000002637e-03
5.077800000000000369e-03,6.875000000000002637e-03
5.083999999999999977e-03,6.875000000000002637e-03
5.090199999999999586e-03,7.187500000000002914e-03
5.096400000000000062e-03,7.187500000000002914e-03
5.102599999999999671e-03,7.500000000000003192e-03
5.108800000000000147e-03,7.812500000000003469e-03
5.114999999999999755e-03,7.812500000000003469e-03
5.121200000000000231e-03,8.125000000000003747e-03
5.127399999999999840e-03,7.812500000000003469e-03
5.133600000000000316e-03,8.125000000000003747e-03
5.139799999999999924e-03,8.125000000000003747e-03
5.145999999999999533e-03,8.125000000000003747e-03
5.152200000000000009e-03,7.812500000000003469e-03
5.158399999999999617e-03,8.125000000000003747e-03
5.164600000000000093e-03,7.500000000000003192e-03
5.170799999999999702e-03,7.500000000000003192e-03
5.177000000000000178e-03,7.187500000000002914e-03
5.183199999999999787e-03,7.187500000000002914e-03
5.189400000000000263e-03,6.875000000000002637e-03
5.195599999999999871e-03,6.562500000000002359e-03
5.201800000000000347e-03,6.875000000000002637e-03
5.207999999999999956e-03,6.562500000000002359e-03
5.214199999999999564e-03,6.562500000000002359e-03
5.220400000000000040e-03,6.562500000000002359e-03
5.226599999999999649e-03,6.250000000000002082e-03
5.232800000000000125e-03,5.937500000000001804e-03
5.238999999999999733e-03,5.625000000000001527e-03
5.245200000000000209e-03,5.937500000000001804e-03
5.251399999999999818e-03,5.625000000000001527e-03
5.257600000000000294e-03,5.937500000000001804e-03
5.263799999999999903e-03,5.937500000000001804e-03
5.269999999999999511e-03,5.937500000000001804e-03
5.276199999999999987e-03,5.625000000000001527e-03
5.282399999999999596e-03,5.625000000000001527e-03
5.288600000000000072e-03,5.625000000000001527e-03
5.294799999999999680e-03,5.625000000000001527e-03
5.301000000000000156e-03,5.937500000000001804e-03
5.307199999999999765e-03,5.937500000000001804e-03
5.313400000000000241e-03,5.625000000000001527e-03
5.319599999999999849e-03,5.312500000000001249e-03
5.325800000000000325e-03,5.312500000000001249e-03
5.331999999999999934e-03,5.312500000000001249e-03
5.338199999999999543e-03,5.312500000000001249e-03
5.344400000000000019e-03,5.312500000000001249e-03
5.350599999999999627e-03,5.312500000000001249e-03
5.356800000000000103e-03,5.625000000000001527e-03
5.362999999999999712e-03,5.625000000000001527e-03
5.369200000000000188e-03,5.312500000000001249e-03
5.375399999999999796e-03,5.312500000000001249e-03
5.381600000000000272e-03,5.312500000000001249e-03
5.387799999999999881e-03,5.312500000000001249e-03
5.394000000000000357e-03,5.000000000000004441e-03
5.400199999999999965e-03,5.000000000000004441e-03
5.406399999999999574e-03,5.000000000000004441e-03
5.412600000000000050e-03,4.687500000000004163e-03
5.418799999999999659e-03,4.687500000000004163e-03
5.425000000000000135e-03,4.687500000000004163e-03
5.431199999999999743e-03,4.687500000000004163e-03
5.437400000000000219e-03,4.687500000000004163e-03
5.443599999999999828e-03,4.687500000000004163e-03
5.449800000000000304e-03,4.375000000000003886e-03
5.455999999999999912e-03,5.625000000000001527e-03
5.462199999999999521e-03,5.312500000000001249e-03
5.468399999999999997e-03,5.312500000000001249e-03
5.474599999999999606e-03,5.625000000000001527e-03
5.480800000000000081e-03,5.937500000000001804e-03
5.486999999999999690e-03,5.937500000000001804e-03
5.493200000000000166e-03,6.250000000000002082e-03
5.499399999999999775e-03,6.562500000000002359e-03
5.505600000000000251e-03,7.500000000000003192e-03
5.511799999999999859e-03,7.500000000000003192e-03
5.518000000000000335e-03,8.437500000000004025e-03
5.524199999999999944e-03,9.062500000000001110e-03
5.530399999999999552e-03,9.375000000000001388e-03
5.536600000000000028e-03,9.687500000000001665e-03
5.542799999999999637e-03,1.031250000000000222e-02
5.549000000000000113e-03,1.062500000000000250e-02
5.555199999999999722e-03,1.093750000000000278e-02
5.561400000000000197e-03,1.093750000000000278e-02
5.567599999999999806e-03,1.093750000000000278e-02
5.573800000000000282e-03,1.062500000000000250e-02
5.579999999999999891e-03,1.031250000000000222e-02
5.586200000000000367e-03,1.000000000000000194e-02
5.592399999999999975e-03,1.000000000000000194e-02
5.598599999999999584e-03,9.375000000000001388e-03
5.604800000000000060e-03,9.375000000000001388e-03
5.610999999999999668e-03,9.062500000000001110e-03
5.617200000000000144e-03,8.750000000000004302e-03
5.623399999999999753e-03,8.437500000000004025e-03
5.629600000000000229e-03,8.125000000000003747e-03
5.635799999999999838e-03,8.125000000000003747e-03
5.642000000000000313e-03,7.812500000000003469e-03
5.648199999999999922e-03,8.125000000000003747e-03
5.654399999999999531e-03,7.812500000000003469e-03
5.660600000000000007e-03,7.812500000000003469e-03
5.666799999999999615e-03,8.125000000000003747e-03
5.673000000000000091e-03,8.125000000000003747e-03
5.679199999999999700e-03,8.125000000000003747e-03
5.685400000000000176e-03,8.125000000000003747e-03
5.691599999999999784e-03,8.437500000000004025e-03
5.697800000000000260e-03,8.437500000000004025e-03
5.703999999999999869e-03,8.437500000000004025e-03
5.710200000000000345e-03,8.437500000000004025e-03
5.716399999999999954e-03,8.437500000000004025e-03
5.722599999999999562e-03,8.750000000000004302e-03
5.728800000000000038e-03,8.750000000000004302e-03
5.734999999999999647e-03,9.062500000000001110e-03
5.741200000000000123e-03,9.375000000000001388e-03
5.747399999999999731e-03,9.687500000000001665e-03
5.753600000000000207e-03,1.031250000000000222e-02
5.759799999999999816e-03,1.093750000000000278e-02
5.766000000000000292e-03,1.156250000000000333e-02
5.772199999999999900e-03,1.187500000000000361e-02
5.778399999999999509e-03,1.218750000000000389e-02
5.784599999999999985e-03,1.312500000000000125e-02
5.790799999999999594e-03,1.281250000000000444e-02
5.797000000000000069e-03,1.375000000000000180e-02
5.803199999999999678e-03,1.406250000000000208e-02
5.809400000000000154e-03,1.375000000000000180e-02
5.815599999999999763e-03,1.375000000000000180e-02
5.821800000000000239e-03,1.343750000000000153e-02
5.827999999999999847e-03,1.312500000000000125e-02
5.834200000000000323e-03,1.250000000000000416e-02
5.840399999999999932e-03,1.218750000000000389e-02
5.846599999999999540e-03,1.156250000000000333e-02
5.852800000000000016e-03,1.156250000000000333e-02
5.858999999999999625e-03,1.125000000000000305e-02
5.865200000000000101e-03,1.062500000000000250e-02
5.871399999999999710e-03,1.031250000000000222e-02
5.877600000000000185e-03,1.031250000000000222e-02
5.883799999999999794e-03,1.000000000000000194e-02
5.890000000000000270e-03,9.687500000000001665e-03
5.896199999999999879e-03,9.687500000000001665e-03
5.902400000000000355e-03,1.000000000000000194e-02
5.908599999999999963e-03,9.687500000000001665e-03
5.914799999999999572e-03,1.000000000000000194e-02
5.921000000000000048e-03,1.031250000000000222e-02
5.927199999999999656e-03,1.031250000000000222e-02
5.933400000000000132e-03,1.031250000000000222e-02
5.939599999999999741e-03,1.062500000000000250e-02
5.945800000000000217e-03,1.062500000000000250e-02
5.951999999999999826e-03,1.062500000000000250e-02
5.958200000000000301e-03,1.125000000000000305e-02
5.964399999999999910e-03,1.062500000000000250e-02
5.970599999999999519e-03,1.125000000000000305e-02
5.976799999999999995e-03,1.156250000000000333e-02
5.982999999999999603e-03,1.218750000000000389e-02
5.989200000000000079e-03,1.250000000000000416e-02
5.995399999999999688e-03,1.312500000000000125e-02
6.001600000000000164e-03,1.437500000000000236e-02
6.007799999999999772e-03,1.468750000000000264e-02
6.014000000000000248e-03,1.562500000000000347e-02
6.020199999999999857e-03,1.625000000000000402e-02
6.026400000000000333e-03,1.687500000000000458e-02
6.032599999999999942e-03,1.750000000000000167e-02
6.038799999999999550e-03,1.812500000000000222e-02
6.045000000000000026e-03,1.875000000000000278e-02
6.051199999999999635e-03,1.906250000000000305e-02
6.057400000000000111e-03,1.906250000000000305e-02
6.063599999999999719e-03,1.937500000000000333e-02
6.069800000000000195e-03,1.875000000000000278e-02
6.075999999999999804e-03,1.843750000000000250e-02
6.082200000000000280e-03,1.812500000000000222e-02
6.088399999999999888e-03,1.781250000000000194e-02
6.094600000000000364e-03,1.687500000000000458e-02
6.100799999999999973e-03,1.656250000000000430e-02
6.106999999999999582e-03,1.656250000000000430e-02
6.113200000000000058e-03,1.625000000000000402e-02
6.119399999999999666e-03,1.593750000000000375e-02
6.125600000000000142e-03,1.562500000000000347e-02
6.131799999999999751e-03,1.531250000000000319e-02
6.138000000000000227e-03,1.500000000000000291e-02
6.144199999999999835e-03,1.531250000000000319e-02
6.150400000000000311e-03,1.562500000000000347e-02
6.156599999999999920e-03,1.531250000000000319e-02
6.162799999999999528e-03,1.593750000000000375e-02
6.169000000000000004e-03,1.625000000000000402e-02
6.175199999999999613e-03,1.656250000000000430e-02
6.181400000000000089e-03,1.656250000000000430e-02
6.187599999999999698e-03,1.687500000000000458e-02
6.193800000000000174e-03,1.718750000000000139e-02
6.199999999999999782e-03,1.718750000000000139e-02
6.206200000000000258e-03,1.718750000000000139e-02
6.212399999999999867e-03,1.750000000000000167e-02
6.218600000000000343e-03,1.812500000000000222e-02
6.224799999999999951e-03,1.812500000000000222e-02
6.230999999999999560e-03,1.906250000000000305e-02
6.237200000000000036e-03,2.000000000000000389e-02
6.243399999999999644e-03,2.062500000000000444e-02
6.249600000000000120e-03,2.156250000000000527e-02
6.255799999999999729e-03,2.187500000000000555e-02
6.262000000000000205e-03,2.312500000000000319e-02
6.268199999999999814e-03,2.375000000000000375e-02
6.274400000000000290e-03,2.468750000000000111e-02
6.280599999999999898e-03,2.468750000000000111e-02
6.286799999999999507e-03,2.593750000000000222e-02
6.292999999999999983e-03,2.625000000000000250e-02
6.299199999999999591e-03,2.656250000000000278e-02
6.305400000000000067e-03,2.687500000000000305e-02
6.311599999999999676e-03,2.625000000000000250e-02
6.317800000000000152e-03,2.625000000000000250e-02
6.323999999999999760e-03,2.562500000000000194e-02
6.330200000000000236e-03,2.531250000000000167e-02
6.336399999999999845e-03,2.406250000000000056e-02
6.342600000000000321e-03,2.406250000000000056e-02
6.348799999999999930e-03,2.375000000000000375e-02
6.354999999999999538e-03,2.343750000000000347e-02
6.361200000000000014e-03,2.281250000000000291e-02
6.367399999999999623e-03,2.281250000000000291e-02
6.373600000000000099e-03,2.250000000000000264e-02
6.379799999999999707e-03,2.250000000000000264e-02
6.386000000000000183e-03,2.218750000000000236e-02
6.392199999999999792e-03,2.250000000000000264e-02
6.398400000000000268e-03,2.250000000000000264e-02
6.404599999999999876e-03,2.281250000000000291e-02
6.410800000000000352e-03,2.312500000000000319e-02
6.416999999999999961e-03,2.343750000000000347e-02
6.423199999999999570e-03,2.343750000000000347e-02
6.429400000000000046e-03,2.437500000000000083e-02
6.435599999999999654e-03,2.437500000000000083e-02
6.441800000000000130e-03,2.468750000000000111e-02
6.447999999999999739e-03,2.468750000000000111e-02
6.454200000000000215e-03,2.500000000000000139e-02
6.460399999999999823e-03,2.531250000000000167e-02
6.466600000000000299e-03,2.593750000000000222e-02
6.472799999999999908e-03,2.687500000000000305e-02
6.478999999999999516e-03,2.718750000000000333e-02
6.485199999999999992e-03,2.781250000000000389e-02
6.491399999999999601e-03,2.875000000000000472e-02
6.497600000000000077e-03,2.968750000000000208e-02
6.503799999999999686e-03,3.031250000000000264e-02
6.510000000000000162e-03,3.125000000000000000e-02
6.516199999999999770e-03,3.187500000000000056e-02
6.522400000000000246e-03,3.281250000000000139e-02
6.528599999999999855e-03,3.312500000000000167e-02
6.534800000000000331e-03,3.375000000000000222e-02
6.540999999999999939e-03,3.437500000000000278e-02
6.547199999999999548e-03,3.500000000000000333e-02
6.553400000000000024e-03,3.468750000000000305e-02
6.559599999999999632e-03,3.468750000000000305e-02
6.565800000000000108e-03,3.468750000000000305e-02
6.571999999999999717e-03,3.406250000000000250e-02
6.578200000000000193e-03,3.406250000000000250e-02
6.584399999999999802e-03,3.312500000000000167e-02
6.590600000000000278e-03,3.250000000000000111e-02
6.596799999999999886e-03,3.218750000000000083e-02
6.602999999999999495e-03,3.187500000000000056e-02
6.609199999999999971e-03,3.125000000000000000e-02
6.615399999999999579e-03,3.156250000000000028e-02
6.621600000000000055e-03,3.093750000000000319e-02
6.627799999999999664e-03,3.093750000000000319e-02
6.634000000000000140e-03,3.093750000000000319e-02
6.640199999999999748e-03,3.125000000000000000e-02
6.646400000000000224e-03,3.156250000000000028e-02
6.652599999999999833e-03,3.156250000000000028e-02
6.658800000000000309e-03,3.187500000000000056e-02
6.664999999999999918e-03,3.281250000000000139e-02
6.671199999999999526e-03,3.281250000000000139e-02
6.677400000000000002e-03,3.343750000000000194e-02
6.683599999999999611e-03,3.343750000000000194e-02
6.689800000000000087e-03,3.406250000000000250e-02
6.695999999999999695e-03,3.406250000000000250e-02
6.702200000000000171e-03,3.468750000000000305e-02
6.708399999999999780e-03,3.437500000000000278e-02
6.714600000000000256e-03,3.531250000000000361e-02
6.720799999999999864e-03,3.593750000000000416e-02
6.727000000000000340e-03,3.687500000000000500e-02
6.733199999999999949e-03,3.718750000000000527e-02
6.739399999999999558e-03,3.781250000000000583e-02
6.745600000000000034e-03,3.843750000000000638e-02
6.751799999999999642e-03,3.906250000000000000e-02
6.758000000000000118e-03,4.000000000000000083e-02
6.764199999999999727e-03,4.031250000000000111e-02
6.770400000000000203e-03,4.125000000000000194e-02
6.776599999999999811e-03,4.125000000000000194e-02
6.782800000000000287e-03,4.218750000000000278e-02
6.788999999999999896e-03,4.281250000000000333e-02
6.795199999999999504e-03,4.312500000000000361e-02
6.801399999999999980e-03,4.343750000000000389e-02
6.807599999999999589e-03,4.343750000000000389e-02
6.813800000000000065e-03,4.312500000000000361e-02
6.819999999999999674e-03,4.250000000000000305e-02
6.826200000000000150e-03,4.187500000000000250e-02
6.832399999999999758e-03,4.156250000000000222e-02
6.838600000000000234e-03,4.093750000000000167e-02
6.844799999999999843e-03,4.031250000000000111e-02
6.851000000000000319e-03,4.000000000000000083e-02
6.857199999999999927e-03,4.000000000000000083e-02
6.863399999999999536e-03,3.906250000000000000e-02
6.869600000000000012e-03,3.937500000000000722e-02
6.875799999999999620e-03,3.906250000000000000e-02
6.882000000000000096e-03,3.906250000000000000e-02
6.888199999999999705e-03,3.906250000000000000e-02
6.894400000000000181e-03,3.937500000000000722e-02
6.900599999999999790e-03,3.937500000000000722e-02
6.906800000000000266e-03,3.968750000000000056e-02
6.912999999999999874e-03,4.031250000000000111e-02
6.919200000000000350e-03,4.062500000000000139e-02
6.925399999999999959e-03,4.125000000000000194e-02
6.931599999999999567e-03,4.125000000000000194e-02
6.937800000000000043e-03,4.125000000000000194e-02
6.943999999999999652e-03,4.156250000000000222e-02
6.950200000000000128e-03,4.156250000000000222e-02
6.956399999999999736e-03,4.218750000000000278e-02
6.962600000000000212e-03,4.250000000000000305e-02
6.968799999999999821e-03,4.281250000000000333e-02
6.975000000000000297e-03,4.343750000000000389e-02
6.981199999999999906e-03,4.375000000000000416e-02
6.987399999999999514e-03,4.437500000000000472e-02
6.993599999999999990e-03,4.500000000000000527e-02
6.999799999999999599e-03,4.562500000000000583e-02
7.006000000000000075e-03,4.624999999999999944e-02
7.012199999999999683e-03,4.624999999999999944e-02
7.018400000000000159e-03,4.718750000000000722e-02
7.024599999999999768e-03,4.750000000000000056e-02
7.030800000000000244e-03,4.781250000000000777e-02
7.036999999999999852e-03,4.812500000000000111e-02
7.043200000000000328e-03,4.843750000000000139e-02
7.049399999999999937e-03,4.843750000000000139e-02
7.055599999999999546e-03,4.875000000000000167e-02
7.061800000000000022e-03,4.812500000000000111e-02
7.067999999999999630e-03,4.781250000000000777e-02
7.074200000000000106e-03,4.718750000000000722e-02
7.080399999999999715e-03,4.656250000000000666e-02
7.086600000000000191e-03,4.593750000000000611e-02
7.092799999999999799e-03,4.593750000000000611e-02
7.099000000000000275e-03,4.500000000000000527e-02
7.105199999999999884e-03,4.468750000000000500e-02
7.111399999999999492e-03,4.437500000000000472e-02
7.117599999999999968e-03,4.437500000000000472e-02
7.123799999999999577e-03,4.406250000000000444e-02
7.130000000000000053e-03,4.406250000000000444e-02
7.136199999999999662e-03,4.375000000000000416e-02
7.142400000000000138e-03,4.406250000000000444e-02
7.148599999999999746e-03,4.437500000000000472e-02
7.154800000000000222e-03,4.468750000000000500e-02
7.160999999999999831e-03,4.468750000000000500e-02
7.167200000000000307e-03,4.500000000000000527e-02
7.173399999999999915e-03,4.500000000000000527e-02
7.179599999999999524e-03,4.500000000000000527e-02
7.185800000000000000e-03,4.531250000000000555e-02
7.191999999999999608e-03,4.531250000000000555e-02
7.198200000000000084e-03,4.531250000000000555e-02
7.204399999999999693e-03,4.531250000000000555e-02
7.210600000000000169e-03,4.593750000000000611e-02
7.216799999999999778e-03,4.593750000000000611e-02
7.223000000000000254e-03,4.687500000000000000e-02
7.229199999999999862e-03,4.687500000000000000e-02
7.235400000000000338e-03,4.718750000000000722e-02
7.241599999999999947e-03,4.781250000000000777e-02
7.247799999999999555e-03,4.812500000000000111e-02
7.254000000000000031e-03,4.843750000000000139e-02
7.260199999999999640e-03,4.875000000000000167e-02
7.266400000000000116e-03,4.937500000000000222e-02
7.272599999999999724e-03,4.968750000000000250e-02
7.278800000000000200e-03,5.000000000000000278e-02
7.284999999999999809e-03,5.031250000000000305e-02
7.291200000000000285e-03,5.062500000000000333e-02
7.297399999999999894e-03,5.062500000000000333e-02
7.303599999999999502e-03,5.062500000000000333e-02
7.309799999999999978e-03,5.031250000000000305e-02
7.315999999999999587e-03,5.000000000000000278e-02
7.322200000000000063e-03,4.968750000000000250e-02
7.328399999999999671e-03,4.906250000000000194e-02
7.334600000000000147e-03,4.812500000000000111e-02
7.340799999999999756e-03,4.812500000000000111e-02
7.347000000000000232e-03,4.750000000000000056e-02
7.353199999999999840e-03,4.687500000000000000e-02
7.359400000000000316e-03,4.718750000000000722e-02
7.365599999999999925e-03,4.687500000000000000e-02
7.371799999999999534e-03,4.687500000000000000e-02
7.378000000000000010e-03,4.656250000000000666e-02
7.384199999999999618e-03,4.656250000000000666e-02
7.390400000000000094e-03,4.656250000000000666e-02
7.396599999999999703e-03,4.687500000000000000e-02
7.402800000000000179e-03,4.718750000000000722e-02
7.408999999999999787e-03,4.750000000000000056e-02
7.415200000000000263e-03,4.781250000000000777e-02
7.421399999999999872e-03,4.812500000000000111e-02
7.427600000000000348e-03,4.812500000000000111e-02
7.433799999999999956e-03,4.812500000000000111e-02
7.439999999999999565e-03,4.843750000000000139e-02
7.446200000000000041e-03,4.843750000000000139e-02
7.452399999999999650e-03,4.906250000000000194e-02
7.458600000000000126e-03,4.937500000000000222e-02
7.464799999999999734e-03,4.968750000000000250e-02
7.471000000000000210e-03,4.968750000000000250e-02
7.477199999999999819e-03,5.031250000000000305e-02
7.483400000000000295e-03,5.093750000000000361e-02
7.489599999999999903e-03,5.093750000000000361e-02
7.495799999999999512e-03,5.156250000000000416e-02
7.501999999999999988e-03,5.187500000000000444e-02
7.508199999999999597e-03,5.218750000000000472e-02
7.514400000000000072e-03,5.250000000000000500e-02
7.520599999999999681e-03,5.281250000000000527e-02
7.526800000000000157e-03,5.312500000000000555e-02
7.532999999999999766e-03,5.343749999999999889e-02
7.539200000000000242e-03,5.375000000000000611e-02
7.545399999999999850e-03,5.343749999999999889e-02
7.551600000000000326e-03,5.343749999999999889e-02
7.557799999999999935e-03,5.312500000000000555e-02
7.563999999999999543e-03,5.312500000000000555e-02
7.570200000000000019e-03,5.218750000000000472e-02
7.576399999999999628e-03,5.187500000000000444e-02
7.582600000000000104e-03,5.125000000000000389e-02
7.588799999999999712e-03,5.156250000000000416e-02
7.595000000000000188e-03,5.125000000000000389e-02
7.601199999999999797e-03,5.062500000000000333e-02
7.607400000000000273e-03,5.031250000000000305e-02
7.613599999999999882e-03,5.000000000000000278e-02
7.619799999999999490e-03,5.000000000000000278e-02
7.625999999999999966e-03,5.031250000000000305e-02
7.632199999999999575e-03,5.000000000000000278e-02
7.638400000000000051e-03,5.031250000000000305e-02
7.644599999999999659e-03,5.031250000000000305e-02
7.650800000000000135e-03,5.062500000000000333e-02
7.656999999999999744e-03,5.093750000000000361e-02
7.663200000000000220e-03,5.093750000000000361e-02
7.669399999999999828e-03,5.125000000000000389e-02
7.675600000000000304e-03,5.125000000000000389e-02
7.681799999999999913e-03,5.156250000000000416e-02
7.687999999999999522e-03,5.156250000000000416e-02
7.694199999999999998e-03,5.218750000000000472e-02
7.700399999999999606e-03,5.218750000000000472e-02
7.706600000000000082e-03,5.218750000000000472e-02
7.712799999999999691e-03,5.281250000000000527e-02
7.719000000000000167e-03,5.281250000000000527e-02
7.725199999999999775e-03,5.281250000000000527e-02
7.731400000000000251e-03,5.343749999999999889e-02
7.737599999999999860e-03,5.343749999999999889e-02
7.743800000000000336e-03,5.375000000000000611e-02
7.749999999999999944e-03,5.437500000000000666e-02
7.756199999999999553e-03,5.406249999999999944e-02
7.762400000000000029e-03,5.437500000000000666e-02
7.768599999999999638e-03,5.468750000000000000e-02
7.774800000000000114e-03,5.468750000000000000e-02
7.780999999999999722e-03,5.500000000000000722e-02
7.787200000000000198e-03,5.531250000000000056e-02
7.793399999999999807e-03,5.531250000000000056e-02
7.799600000000000283e-03,5.531250000000000056e-02
7.805799999999999891e-03,5.468750000000000000e-02
7.811999999999999500e-03,5.500000000000000722e-02
7.818199999999999109e-03,5.437500000000000666e-02
7.824400000000000452e-03,5.375000000000000611e-02
7.830600000000000060e-03,5.343749999999999889e-02
7.836799999999999669e-03,5.343749999999999889e-02
7.842999999999999278e-03,5.312500000000000555e-02
7.849200000000000621e-03,5.281250000000000527e-02
7.855400000000000230e-03,5.250000000000000500e-02
7.861599999999999838e-03,5.250000000000000500e-02
7.867799999999999447e-03,5.250000000000000500e-02
7.873999999999999055e-03,5.250000000000000500e-02
7.880200000000000399e-03,5.281250000000000527e-02
7.886400000000000007e-03,5.281250000000000527e-02
7.892599999999999616e-03,5.312500000000000555e-02
7.898799999999999225e-03,5.312500000000000555e-02
7.905000000000000568e-03,5.343749999999999889e-02
7.911200000000000176e-03,5.343749999999999889e-02
7.917399999999999785e-03,5.406249999999999944e-02
7.923599999999999394e-03,5.406249999999999944e-02
7.929800000000000737e-03,5.437500000000000666e-02
7.936000000000000346e-03,5.437500000000000666e-02
7.942199999999999954e-03,5.468750000000000000e-02
7.948399999999999563e-03,5.468750000000000000e-02
7.954599999999999171e-03,5.468750000000000000e-02
7.960800000000000515e-03,5.500000000000000722e-02
7.967000000000000123e-03,5.500000000000000722e-02
7.973199999999999732e-03,5.531250000000000056e-02
7.979399999999999341e-03,5.531250000000000056e-02
7.985600000000000684e-03,5.500000000000000722e-02
7.991800000000000292e-03,5.562500000000000777e-02
7.997999999999999901e-03,5.531250000000000056e-02
8.004199999999999510e-03,5.562500000000000777e-02
8.010399999999999118e-03,5.562500000000000777e-02
8.016600000000000462e-03,5.562500000000000777e-02
8.022800000000000070e-03,5.562500000000000777e-02
8.028999999999999679e-03,5.625000000000000833e-02
8.035199999999999287e-03,5.625000000000000833e-02
8.041400000000000631e-03,5.656250000000000167e-02
8.047600000000000239e-03,5.625000000000000833e-02
8.053799999999999848e-03,5.656250000000000167e-02
8.059999999999999457e-03,5.625000000000000833e-02
8.066199999999999065e-03,5.625000000000000833e-02
8.072400000000000408e-03,5.593750000000000111e-02
8.078600000000000017e-03,5.593750000000000111e-02
8.084799999999999626e-03,5.562500000000000777e-02
8.090999999999999234e-03,5.562500000000000777e-02
8.097200000000000578e-03,5.531250000000000056e-02
8.103400000000000186e-03,5.468750000000000000e-02
8.109599999999999795e-03,5.500000000000000722e-02
8.115799999999999403e-03,5.500000000000000722e-02
8.122000000000000747e-03,5.468750000000000000e-02
8.128200000000000355e-03,5.500000000000000722e-02
8.134399999999999964e-03,5.468750000000000000e-02
8.140599999999999573e-03,5.531250000000000056e-02
8.146799999999999181e-03,5.562500000000000777e-02
8.153000000000000524e-03,5.531250000000000056e-02
8.159200000000000133e-03,5.562500000000000777e-02
8.165399999999999742e-03,5.562500000000000777e-02
8.171599999999999350e-03,5.593750000000000111e-02
8.177800000000000694e-03,5.593750000000000111e-02
8.184000000000000302e-03,5.625000000000000833e-02
8.190199999999999911e-03,5.625000000000000833e-02
8.196399999999999519e-03,5.656250000000000167e-02
8.202599999999999128e-03,5.687500000000000888e-02
8.208800000000000471e-03,5.656250000000000167e-02
8.215000000000000080e-03,5.656250000000000167e-02
8.221199999999999689e-03,5.687500000000000888e-02
8.227399999999999297e-03,5.687500000000000888e-02
8.233600000000000640e-03,5.656250000000000167e-02
8.239800000000000249e-03,5.625000000000000833e-02
8.245999999999999858e-03,5.625000000000000833e-02
8.252199999999999466e-03,5.625000000000000833e-02
8.258399999999999075e-03,5.593750000000000111e-02
8.264600000000000418e-03,5.625000000000000833e-02
8.270800000000000027e-03,5.625000000000000833e-02
8.276999999999999635e-03,5.625000000000000833e-02
8.283199999999999244e-03,5.656250000000000167e-02
8.289400000000000587e-03,5.656250000000000167e-02
8.295600000000000196e-03,5.656250000000000167e-02
8.301799999999999805e-03,5.687500000000000888e-02
8.307999999999999413e-03,5.656250000000000167e-02
8.314200000000000756e-03,5.656250000000000167e-02
8.320400000000000365e-03,5.656250000000000167e-02
8.326599999999999974e-03,5.625000000000000833e-02
8.332799999999999582e-03,5.625000000000000833e-02
8.338999999999999191e-03,5.593750000000000111e-02
8.345200000000000534e-03,5.656250000000000167e-02
8.351400000000000143e-03,5.625000000000000833e-02
8.357599999999999751e-03,5.593750000000000111e-02
8.363799999999999360e-03,5.593750000000000111e-02
8.370000000000000703e-03,5.625000000000000833e-02
8.376200000000000312e-03,5.593750000000000111e-02
8.382399999999999921e-03,5.625000000000000833e-02
8.388599999999999529e-03,5.625000000000000833e-02
8.394799999999999138e-03,5.625000000000000833e-02
8.401000000000000481e-03,5.625000000000000833e-02
8.407200000000000090e-03,5.656250000000000167e-02
8.413399999999999698e-03,5.656250000000000167e-02
8.419599999999999307e-03,5.687500000000000888e-02
8.425800000000000650e-03,5.687500000000000888e-02
8.432000000000000259e-03,5.687500000000000888e-02
8.438199999999999867e-03,5.718750000000000222e-02
8.444399999999999476e-03,5.718750000000000222e-02
8.450599999999999085e-03,5.687500000000000888e-02
8.456800000000000428e-03,5.687500000000000888e-02
8.463000000000000037e-03,5.656250000000000167e-02
8.469199999999999645e-03,5.593750000000000111e-02
8.475399999999999254e-03,5.625000000000000833e-02
8.481600000000000597e-03,5.562500000000000777e-02
8.487800000000000206e-03,5.531250000000000056e-02
8.493999999999999814e-03,5.500000000000000722e-02
8.500199999999999423e-03,5.468750000000000000e-02
8.506400000000000766e-03,5.468750000000000000e-02
8.512600000000000375e-03,5.437500000000000666e-02
8.518799999999999983e-03,5.468750000000000000e-02
8.524999999999999592e-03,5.468750000000000000e-02
8.531199999999999201e-03,5.468750000000000000e-02
8.537400000000000544e-03,5.531250000000000056e-02
8.543600000000000153e-03,5.531250000000000056e-02
8.549799999999999761e-03,5.531250000000000056e-02
8.555999999999999370e-03,5.531250000000000056e-02
8.562200000000000713e-03,5.562500000000000777e-02
8.568400000000000322e-03,5.531250000000000056e-02
8.574599999999999930e-03,5.562500000000000777e-02
8.580799999999999539e-03,5.562500000000000777e-02
8.586999999999999147e-03,5.562500000000000777e-02
8.593200000000000491e-03,5.531250000000000056e-02
8.599400000000000099e-03,5.562500000000000777e-02
8.605599999999999708e-03,5.562500000000000777e-02
8.611799999999999317e-03,5.562500000000000777e-02
8.618000000000000660e-03,5.562500000000000777e-02
8.624200000000000269e-03,5.562500000000000777e-02
8.630399999999999877e-03,5.593750000000000111e-02
8.636599999999999486e-03,5.593750000000000111e-02
8.642799999999999094e-03,5.625000000000000833e-02
8.649000000000000438e-03,5.593750000000000111e-02
8.655200000000000046e-03,5.625000000000000833e-02
8.661399999999999655e-03,5.625000000000000833e-02
8.667599999999999263e-03,5.625000000000000833e-02
8.673800000000000607e-03,5.687500000000000888e-02
8.680000000000000215e-03,5.687500000000000888e-02
8.686199999999999824e-03,5.687500000000000888e-02
8.692399999999999433e-03,5.687500000000000888e-02
8.698599999999999041e-03,5.656250000000000167e-02
8.704800000000000385e-03,5.656250000000000167e-02
8.710999999999999993e-03,5.625000000000000833e-02
8.717199999999999602e-03,5.625000000000000833e-02
8.723399999999999210e-03,5.562500000000000777e-02
8.729600000000000554e-03,5.531250000000000056e-02
8.735800000000000162e-03,5.531250000000000056e-02
8.741999999999999771e-03,5.500000000000000722e-02
8.748199999999999379e-03,5.437500000000000666e-02
8.754400000000000723e-03,5.437500000000000666e-02
8.760600000000000331e-03,5.437500000000000666e-02
8.766799999999999940e-03,5.437500000000000666e-02
8.772999999999999549e-03,5.406249999999999944e-02
8.779199999999999157e-03,5.437500000000000666e-02
8.785400000000000501e-03,5.500000000000000722e-02
8.791600000000000109e-03,5.531250000000000056e-02
8.797799999999999718e-03,5.531250000000000056e-02
8.803999999999999326e-03,5.531250000000000056e-02
8.810200000000000670e-03,5.531250000000000056e-02
8.816400000000000278e-03,5.562500000000000777e-02
8.822599999999999887e-03,5.593750000000000111e-02
8.828799999999999495e-03,5.562500000000000777e-02
8.834999999999999104e-03,5.593750000000000111e-02
8.841200000000000447e-03,5.562500000000000777e-02
8.847400000000000056e-03,5.562500000000000777e-02
8.853599999999999665e-03,5.562500000000000777e-02
8.859799999999999273e-03,5.593750000000000111e-02
8.866000000000000617e-03,5.593750000000000111e-02
8.872200000000000225e-03,5.593750000000000111e-02
8.878399999999999834e-03,5.593750000000000111e-02
8.884599999999999442e-03,5.593750000000000111e-02
8.890799999999999051e-03,5.625000000000000833e-02
8.897000000000000394e-03,5.593750000000000111e-02
8.903200000000000003e-03,5.593750000000000111e-02
8.909399999999999611e-03,5.656250000000000167e-02
8.915599999999999220e-03,5.656250000000000167e-02
8.921800000000000563e-03,5.656250000000000167e-02
8.928000000000000172e-03,5.656250000000000167e-02
8.934199999999999781e-03,5.656250000000000167e-02
8.940399999999999389e-03,5.656250000000000167e-02
8.946600000000000733e-03,5.625000000000000833e-02
8.952800000000000341e-03,5.593750000000000111e-02
8.958999999999999950e-03,5.562500000000000777e-02
8.965199999999999558e-03,5.531250000000000056e-02
8.971399999999999167e-03,5.500000000000000722e-02
8.977600000000000510e-03,5.437500000000000666e-02
8.983800000000000119e-03,5.437500000000000666e-02
8.989999999999999727e-03,5.375000000000000611e-02
8.996199999999999336e-03,5.343749999999999889e-02
9.002400000000000679e-03,5.343749999999999889e-02
9.008600000000000288e-03,5.312500000000000555e-02
9.014799999999999897e-03,5.312500000000000555e-02
9.020999999999999505e-03,5.343749999999999889e-02
9.027199999999999114e-03,5.343749999999999889e-02
9.033400000000000457e-03,5.343749999999999889e-02
9.039600000000000066e-03,5.375000000000000611e-02
9.045799999999999674e-03,5.437500000000000666e-02
9.051999999999999283e-03,5.437500000000000666e-02
9.058200000000000626e-03,5.468750000000000000e-02
9.064400000000000235e-03,5.468750000000000000e-02
9.070599999999999843e-03,5.500000000000000722e-02
9.076799999999999452e-03,5.468750000000000000e-02
9.082999999999999061e-03,5.500000000000000722e-02
9.089200000000000404e-03,5.531250000000000056e-02
9.095400000000000013e-03,5.531250000000000056e-02
9.101599999999999621e-03,5.531250000000000056e-02
9.107799999999999230e-03,5.531250000000000056e-02
9.114000000000000573e-03,5.500000000000000722e-02
9.120200000000000182e-03,5.500000000000000722e-02
9.126399999999999790e-03,5.500000000000000722e-02
9.132599999999999399e-03,5.531250000000000056e-02
9.138800000000000742e-03,5.500000000000000722e-02
9.145000000000000351e-03,5.468750000000000000e-02
9.151199999999999959e-03,5.531250000000000056e-02
9.157399999999999568e-03,5.500000000000000722e-02
9.163599999999999177e-03,5.531250000000000056e-02
9.169800000000000520e-03,5.531250000000000056e-02
9.176000000000000129e-03,5.531250000000000056e-02
9.182199999999999737e-03,5.500000000000000722e-02
9.188399999999999346e-03,5.500000000000000722e-02
9.194600000000000689e-03,5.437500000000000666e-02
9.200800000000000298e-03,5.406249999999999944e-02
9.206999999999999906e-03,5.375000000000000611e-02
9.213199999999999515e-03,5.375000000000000611e-02
9.219399999999999124e-03,5.281250000000000527e-02
9.225600000000000467e-03,5.187500000000000444e-02
9.231800000000000075e-03,5.156250000000000416e-02
9.237999999999999684e-03,5.125000000000000389e-02
9.244199999999999293e-03,5.062500000000000333e-02
9.250400000000000636e-03,5.031250000000000305e-02
9.256600000000000245e-03,5.000000000000000278e-02
9.262799999999999853e-03,5.000000000000000278e-02
9.268999999999999462e-03,5.000000000000000278e-02
9.275199999999999070e-03,5.000000000000000278e-02
9.281400000000000414e-03,5.031250000000000305e-02
9.287600000000000022e-03,5.093750000000000361e-02
9.293799999999999631e-03,5.125000000000000389e-02
9.299999999999999239e-03,5.156250000000000416e-02
9.306200000000000583e-03,5.125000000000000389e-02
9.312400000000000191e-03,5.187500000000000444e-02
9.318599999999999800e-03,5.218750000000000472e-02
9.324799999999999409e-03,5.218750000000000472e-02
9.331000000000000752e-03,5.218750000000000472e-02
9.337200000000000361e-03,5.218750000000000472e-02
9.343399999999999969e-03,5.250000000000000500e-02
9.349599999999999578e-03,5.250000000000000500e-02
9.355799999999999186e-03,5.218750000000000472e-02
9.362000000000000530e-03,5.250000000000000500e-02
9.368200000000000138e-03,5.250000000000000500e-02
9.374399999999999747e-03,5.218750000000000472e-02
9.380599999999999355e-03,5.218750000000000472e-02
9.386800000000000699e-03,5.187500000000000444e-02
9.393000000000000307e-03,5.187500000000000444e-02
9.399199999999999916e-03,5.187500000000000444e-02
9.405399999999999525e-03,5.187500000000000444e-02
9.411599999999999133e-03,5.218750000000000472e-02
9.417800000000000477e-03,5.187500000000000444e-02
9.424000000000000085e-03,5.218750000000000472e-02
9.430199999999999694e-03,5.187500000000000444e-02
9.436399999999999302e-03,5.156250000000000416e-02
9.442600000000000646e-03,5.125000000000000389e-02
9.448800000000000254e-03,5.062500000000000333e-02
9.454999999999999863e-03,5.000000000000000278e-02
9.461199999999999471e-03,4.937500000000000222e-02
9.467399999999999080e-03,4.875000000000000167e-02
9.473600000000000423e-03,4.781250000000000777e-02
9.479800000000000032e-03,4.750000000000000056e-02
9.485999999999999641e-03,4.687500000000000000e-02
9.492199999999999249e-03,4.593750000000000611e-02
9.498400000000000593e-03,4.562500000000000583e-02
9.504600000000000201e-03,4.562500000000000583e-02
9.510799999999999810e-03,4.531250000000000555e-02
9.516999999999999418e-03,4.562500000000000583e-02
9.523199999999999027e-03,4.593750000000000611e-02
9.529400000000000370e-03,4.624999999999999944e-02
9.535599999999999979e-03,4.656250000000000666e-02
9.541799999999999587e-03,4.687500000000000000e-02
9.547999999999999196e-03,4.750000000000000056e-02
9.554200000000000539e-03,4.781250000000000777e-02
9.560400000000000148e-03,4.812500000000000111e-02
9.566599999999999757e-03,4.875000000000000167e-02
9.572799999999999365e-03,4.906250000000000194e-02
9.579000000000000709e-03,4.875000000000000167e-02
9.585200000000000317e-03,4.906250000000000194e-02
9.591399999999999926e-03,4.937500000000000222e-02
9.597599999999999534e-03,4.937500000000000222e-02
9.603799999999999143e-03,4.937500000000000222e-02
9.610000000000000486e-03,4.937500000000000222e-02
9.616200000000000095e-03,4.937500000000000222e-02
9.622399999999999703e-03,4.906250000000000194e-02
9.628599999999999312e-03,4.875000000000000167e-02
9.634800000000000655e-03,4.906250000000000194e-02
9.641000000000000264e-03,4.906250000000000194e-02
9.647199999999999873e-03,4.875000000000000167e-02
9.653399999999999481e-03,4.875000000000000167e-02
9.659599999999999090e-03,4.906250000000000194e-02
9.665800000000000433e-03,4.906250000000000194e-02
9.672000000000000042e-03,4.843750000000000139e-02
9.678199999999999650e-03,4.875000000000000167e-02
9.684399999999999259e-03,4.812500000000000111e-02
9.690600000000000602e-03,4.718750000000000722e-02
9.696800000000000211e-03,4.718750000000000722e-02
9.702999999999999819e-03,4.593750000000000611e-02
9.709199999999999428e-03,4.562500000000000583e-02
9.715399999999999037e-03,4.437500000000000472e-02
9.721600000000000380e-03,4.375000000000000416e-02
9.727799999999999989e-03,4.281250000000000333e-02
9.733999999999999597e-03,4.250000000000000305e-02
9.740199999999999206e-03,4.187500000000000250e-02
9.746400000000000549e-03,4.156250000000000222e-02
9.752600000000000158e-03,4.093750000000000167e-02
9.758799999999999766e-03,4.093750000000000167e-02
9.764999999999999375e-03,4.125000000000000194e-02
9.771200000000000718e-03,4.156250000000000222e-02
9.777400000000000327e-03,4.156250000000000222e-02
9.783599999999999935e-03,4.250000000000000305e-02
9.789799999999999544e-03,4.281250000000000333e-02
9.795999999999999153e-03,4.343750000000000389e-02
9.802200000000000496e-03,4.406250000000000444e-02
9.808400000000000105e-03,4.406250000000000444e-02
9.814599999999999713e-03,4.500000000000000527e-02
9.820799999999999322e-03,4.500000000000000527e-02
9.827000000000000665e-03,4.500000000000000527e-02
9.833200000000000274e-03,4.531250000000000555e-02
9.839399999999999882e-03,4.531250000000000555e-02
9.845599999999999491e-03,4.531250000000000555e-02
9.851799999999999100e-03,4.531250000000000555e-02
9.858000000000000443e-03,4.562500000000000583e-02
9.864200000000000051e-03,4.500000000000000527e-02
9.870399999999999660e-03,4.500000000000000527e-02
9.876599999999999269e-03,4.468750000000000500e-02
9.882800000000000612e-03,4.468750000000000500e-02
9.889000000000000221e-03,4.468750000000000500e-02
9.895199999999999829e-03,4.437500000000000472e-02
9.901399999999999438e-03,4.437500000000000472e-02
9.907599999999999046e-03,4.437500000000000472e-02
9.913800000000000390e-03,4.406250000000000444e-02
9.919999999999999998e-03,4.406250000000000444e-02
9.926199999999999607e-03,4.406250000000000444e-02
9.932399999999999216e-03,4.312500000000000361e-02
9.938600000000000559e-03,4.250000000000000305e-02
9.944800000000000167e-03,4.187500000000000250e-02
9.950999999999999776e-03,4.062500000000000139e-02
9.957199999999999385e-03,4.062500000000000139e-02
9.963400000000000728e-03,3.937500000000000722e-02
9.969600000000000337e-03,3.875000000000000666e-02
9.975799999999999945e-03,3.812500000000000611e-02
9.981999999999999554e-03,3.750000000000000555e-02
9.988199999999999162e-03,3.687500000000000500e-02
9.994400000000000506e-03,3.625000000000000444e-02
1.000060000000000011e-02,3.593750000000000416e-02
1.000679999999999972e-02,3.562500000000000389e-02
1.001299999999999933e-02,3.593750000000000416e-02
1.001920000000000067e-02,3.625000000000000444e-02
1.002540000000000028e-02,3.656250000000000472e-02
1.003159999999999989e-02,3.718750000000000527e-02
1.003779999999999950e-02,3.781250000000000583e-02
1.004399999999999911e-02,3.843750000000000638e-02
1.005020000000000045e-02,3.906250000000000000e-02
1.005640000000000006e-02,3.937500000000000722e-02
1.006259999999999967e-02,3.937500000000000722e-02
1.006879999999999928e-02,4.000000000000000083e-02
1.007500000000000062e-02,4.031250000000000111e-02
1.008120000000000023e-02,4.062500000000000139e-02
1.008739999999999984e-02,4.031250000000000111e-02
1.009359999999999945e-02,4.031250000000000111e-02
1.009979999999999906e-02,4.062500000000000139e-02
1.010600000000000040e-02,4.031250000000000111e-02
1.011220000000000001e-02,4.000000000000000083e-02
1.011839999999999962e-02,3.968750000000000056e-02
1.012459999999999923e-02,3.968750000000000056e-02
1.013080000000000057e-02,3.937500000000000722e-02
1.013700000000000018e-02,3.937500000000000722e-02
1.014319999999999979e-02,3.937500000000000722e-02
1.014939999999999939e-02,3.937500000000000722e-02
1.015560000000000074e-02,3.937500000000000722e-02
1.016180000000000035e-02,3.906250000000000000e-02
1.016799999999999995e-02,3.875000000000000666e-02
1.017419999999999956e-02,3.812500000000000611e-02
1.018039999999999917e-02,3.781250000000000583e-02
1.018660000000000052e-02,3.750000000000000555e-02
1.019280000000000012e-02,3.625000000000000444e-02
1.019899999999999973e-02,3.593750000000000416e-02
1.020519999999999934e-02,3.531250000000000361e-02
1.021140000000000068e-02,3.437500000000000278e-02
1.021760000000000029e-02,3.375000000000000222e-02
1.022379999999999990e-02,3.312500000000000167e-02
1.022999999999999951e-02,3.218750000000000083e-02
1.023619999999999912e-02,3.156250000000000028e-02
1.024240000000000046e-02,3.187500000000000056e-02
1.024860000000000007e-02,3.125000000000000000e-02
1.025479999999999968e-02,3.125000000000000000e-02
1.026099999999999929e-02,3.093750000000000319e-02
1.026720000000000063e-02,3.156250000000000028e-02
1.027340000000000024e-02,3.218750000000000083e-02
1.027959999999999985e-02,3.281250000000000139e-02
1.028579999999999946e-02,3.343750000000000194e-02
1.029199999999999907e-02,3.437500000000000278e-02
1.029820000000000041e-02,3.500000000000000333e-02
1.030440000000000002e-02,3.562500000000000389e-02
1.031059999999999963e-02,3.593750000000000416e-02
1.031679999999999923e-02,3.625000000000000444e-02
1.032300000000000058e-02,3.625000000000000444e-02
1.032920000000000019e-02,3.656250000000000472e-02
1.033539999999999980e-02,3.687500000000000500e-02
1.034159999999999940e-02,3.687500000000000500e-02
1.034780000000000075e-02,3.687500000000000500e-02
1.035400000000000036e-02,3.656250000000000472e-02
1.036019999999999996e-02,3.656250000000000472e-02
1.036639999999999957e-02,3.625000000000000444e-02
1.037259999999999918e-02,3.625000000000000444e-02
1.037880000000000053e-02,3.593750000000000416e-02
1.038500000000000013e-02,3.593750000000000416e-02
1.039119999999999974e-02,3.593750000000000416e-02
1.039739999999999935e-02,3.593750000000000416e-02
1.040360000000000069e-02,3.593750000000000416e-02
1.040980000000000030e-02,3.593750000000000416e-02
1.041599999999999991e-02,3.531250000000000361e-02
1.042219999999999952e-02,3.531250000000000361e-02
1.042839999999999913e-02,3.468750000000000305e-02
1.043460000000000047e-02,3.375000000000000222e-02
1.044080000000000008e-02,3.312500000000000167e-02
1.044699999999999969e-02,3.250000000000000111e-02
1.045319999999999930e-02,3.187500000000000056e-02
1.045940000000000064e-02,3.093750000000000319e-02
1.046560000000000025e-02,3.031250000000000264e-02
1.047179999999999986e-02,3.000000000000000236e-02
1.047799999999999947e-02,2.937500000000000527e-02
1.048419999999999908e-02,2.843750000000000444e-02
1.049040000000000042e-02,2.812500000000000416e-02
1.049660000000000003e-02,2.750000000000000361e-02
1.050279999999999964e-02,2.781250000000000389e-02
1.050899999999999924e-02,2.781250000000000389e-02
1.051520000000000059e-02,2.875000000000000472e-02
1.052140000000000020e-02,2.875000000000000472e-02
1.052759999999999981e-02,2.968750000000000208e-02
1.053379999999999941e-02,3.000000000000000236e-02
1.053999999999999902e-02,3.093750000000000319e-02
1.054620000000000037e-02,3.156250000000000028e-02
1.055239999999999997e-02,3.156250000000000028e-02
1.055859999999999958e-02,3.250000000000000111e-02
1.056479999999999919e-02,3.250000000000000111e-02
1.057100000000000053e-02,3.281250000000000139e-02
1.057720000000000014e-02,3.281250000000000139e-02
1.058339999999999975e-02,3.312500000000000167e-02
1.058959999999999936e-02,3.312500000000000167e-02
1.059580000000000070e-02,3.312500000000000167e-02
1.060200000000000031e-02,3.281250000000000139e-02
1.060819999999999992e-02,3.281250000000000139e-02
1.061439999999999953e-02,3.250000000000000111e-02
1.062059999999999914e-02,3.218750000000000083e-02
1.062680000000000048e-02,3.250000000000000111e-02
1.063300000000000009e-02,3.218750000000000083e-02
1.063919999999999970e-02,3.250000000000000111e-02
1.064539999999999931e-02,3.218750000000000083e-02
1.065160000000000065e-02,3.218750000000000083e-02
1.065780000000000026e-02,3.187500000000000056e-02
1.066399999999999987e-02,3.156250000000000028e-02
1.067019999999999948e-02,3.125000000000000000e-02
1.067639999999999909e-02,3.093750000000000319e-02
1.068260000000000043e-02,3.000000000000000236e-02
1.068880000000000004e-02,2.937500000000000527e-02
1.069499999999999965e-02,2.875000000000000472e-02
1.070119999999999925e-02,2.812500000000000416e-02
1.070740000000000060e-02,2.750000000000000361e-02
1.071360000000000021e-02,2.687500000000000305e-02
1.071979999999999981e-02,2.625000000000000250e-02
1.072599999999999942e-02,2.531250000000000167e-02
1.073219999999999903e-02,2.531250000000000167e-02
1.073840000000000038e-02,2.468750000000000111e-02
1.074459999999999998e-02,2.406250000000000056e-02
1.075079999999999959e-02,2.406250000000000056e-02
1.075699999999999920e-02,2.468750000000000111e-02
1.076320000000000054e-02,2.468750000000000111e-02
1.076940000000000015e-02,2.531250000000000167e-02
1.077559999999999976e-02,2.625000000000000250e-02
1.078179999999999937e-02,2.656250000000000278e-02
1.078800000000000071e-02,2.718750000000000333e-02
1.079420000000000032e-02,2.718750000000000333e-02
1.080039999999999993e-02,2.781250000000000389e-02
1.080659999999999954e-02,2.875000000000000472e-02
1.081279999999999915e-02,2.906250000000000500e-02
1.081900000000000049e-02,2.906250000000000500e-02
1.082520000000000010e-02,2.906250000000000500e-02
1.083139999999999971e-02,2.937500000000000527e-02
1.083759999999999932e-02,2.906250000000000500e-02
1.084380000000000066e-02,2.875000000000000472e-02
1.085000000000000027e-02,2.843750000000000444e-02
1.085619999999999988e-02,2.843750000000000444e-02
1.086239999999999949e-02,2.781250000000000389e-02
1.086859999999999910e-02,2.781250000000000389e-02
1.087480000000000044e-02,2.750000000000000361e-02
1.088100000000000005e-02,2.750000000000000361e-02
1.088719999999999966e-02,2.750000000000000361e-02
1.089339999999999926e-02,2.718750000000000333e-02
1.089960000000000061e-02,2.718750000000000333e-02
1.090580000000000022e-02,2.687500000000000305e-02
1.091199999999999982e-02,2.656250000000000278e-02
1.091819999999999943e-02,2.593750000000000222e-02
1.092439999999999904e-02,2.531250000000000167e-02
1.093060000000000039e-02,2.500000000000000139e-02
1.093679999999999999e-02,2.437500000000000083e-02
1.094299999999999960e-02,2.375000000000000375e-02
1.094919999999999921e-02,2.281250000000000291e-02
1.095540000000000055e-02,2.218750000000000236e-02
1.096160000000000016e-02,2.156250000000000527e-02
1.096779999999999977e-02,2.093750000000000472e-02
1.097399999999999938e-02,2.062500000000000444e-02
1.098020000000000072e-02,2.000000000000000389e-02
1.098640000000000033e-02,1.968750000000000361e-02
1.099259999999999994e-02,1.937500000000000333e-02
1.099879999999999955e-02,1.937500000000000333e-02
1.100499999999999916e-02,1.937500000000000333e-02
1.101120000000000050e-02,2.000000000000000389e-02
1.101740000000000011e-02,2.031250000000000416e-02
1.102359999999999972e-02,2.093750000000000472e-02
1.102979999999999933e-02,2.156250000000000527e-02
1.103600000000000067e-02,2.250000000000000264e-02
1.104220000000000028e-02,2.281250000000000291e-02
1.104839999999999989e-02,2.312500000000000319e-02
1.105459999999999950e-02,2.343750000000000347e-02
1.106079999999999910e-02,2.375000000000000375e-02
1.106700000000000045e-02,2.406250000000000056e-02
1.107320000000000006e-02,2.375000000000000375e-02
1.107939999999999967e-02,2.406250000000000056e-02
1.108559999999999927e-02,2.406250000000000056e-02
1.109180000000000062e-02,2.406250000000000056e-02
1.109800000000000023e-02,2.375000000000000375e-02
1.110419999999999983e-02,2.343750000000000347e-02
1.111039999999999944e-02,2.312500000000000319e-02
1.111659999999999905e-02,2.281250000000000291e-02
1.112280000000000039e-02,2.281250000000000291e-02
1.112900000000000000e-02,2.281250000000000291e-02
1.113519999999999961e-02,2.218750000000000236e-02
1.114139999999999922e-02,2.218750000000000236e-02
1.114760000000000056e-02,2.218750000000000236e-02
1.115380000000000017e-02,2.187500000000000555e-02
1.115999999999999978e-02,2.125000000000000500e-02
1.116619999999999939e-02,2.093750000000000472e-02
1.117240000000000073e-02,2.031250000000000416e-02
1.117860000000000034e-02,2.000000000000000389e-02
1.118479999999999995e-02,1.906250000000000305e-02
1.119099999999999956e-02,1.843750000000000250e-02
1.119719999999999917e-02,1.812500000000000222e-02
1.120340000000000051e-02,1.718750000000000139e-02
1.120960000000000012e-02,1.687500000000000458e-02
1.121579999999999973e-02,1.656250000000000430e-02
1.122199999999999934e-02,1.562500000000000347e-02
1.122820000000000068e-02,1.531250000000000319e-02
1.123440000000000029e-02,1.531250000000000319e-02
1.124059999999999990e-02,1.531250000000000319e-02
1.124679999999999951e-02,1.500000000000000291e-02
1.125299999999999911e-02,1.531250000000000319e-02
1.125920000000000046e-02,1.562500000000000347e-02
1.126540000000000007e-02,1.625000000000000402e-02
1.127159999999999968e-02,1.687500000000000458e-02
1.127779999999999928e-02,1.718750000000000139e-02
1.128400000000000063e-02,1.781250000000000194e-02
1.129020000000000024e-02,1.843750000000000250e-02
1.129639999999999984e-02,1.875000000000000278e-02
1.130259999999999945e-02,1.906250000000000305e-02
1.130879999999999906e-02,1.937500000000000333e-02
1.131500000000000040e-02,1.968750000000000361e-02
1.132120000000000001e-02,1.937500000000000333e-02
1.132739999999999962e-02,1.968750000000000361e-02
1.133359999999999923e-02,1.937500000000000333e-02
1.133980000000000057e-02,1.937500000000000333e-02
1.134600000000000018e-02,1.906250000000000305e-02
1.135219999999999979e-02,1.906250000000000305e-02
1.135839999999999940e-02,1.875000000000000278e-02
1.136459999999999901e-02,1.875000000000000278e-02
1.137080000000000035e-02,1.843750000000000250e-02
1.137699999999999996e-02,1.843750000000000250e-02
1.138319999999999957e-02,1.843750000000000250e-02
1.138939999999999918e-02,1.843750000000000250e-02
1.139560000000000052e-02,1.812500000000000222e-02
1.140180000000000013e-02,1.750000000000000167e-02
1.140799999999999974e-02,1.781250000000000194e-02
1.141419999999999935e-02,1.718750000000000139e-02
1.142040000000000069e-02,1.656250000000000430e-02
1.142660000000000030e-02,1.593750000000000375e-02
1.143279999999999991e-02,1.562500000000000347e-02
1.143899999999999952e-02,1.562500000000000347e-02
1.144519999999999912e-02,1.468750000000000264e-02
1.145140000000000047e-02,1.437500000000000236e-02
1.145760000000000008e-02,1.406250000000000208e-02
1.146379999999999968e-02,1.312500000000000125e-02
1.146999999999999929e-02,1.312500000000000125e-02
1.147620000000000064e-02,1.281250000000000444e-02
1.148240000000000025e-02,1.250000000000000416e-02
1.148859999999999985e-02,1.281250000000000444e-02
1.149479999999999946e-02,1.250000000000000416e-02
1.150099999999999907e-02,1.218750000000000389e-02
1.150720000000000041e-02,1.312500000000000125e-02
1.151340000000000002e-02,1.343750000000000153e-02
1.151959999999999963e-02,1.406250000000000208e-02
1.152579999999999924e-02,1.468750000000000264e-02
1.153200000000000058e-02,1.562500000000000347e-02
1.153820000000000019e-02,1.593750000000000375e-02
1.154439999999999980e-02,1.625000000000000402e-02
1.155059999999999941e-02,1.656250000000000430e-02
1.155679999999999902e-02,1.687500000000000458e-02
1.156300000000000036e-02,1.656250000000000430e-02
1.156919999999999997e-02,1.718750000000000139e-02
1.157539999999999958e-02,1.718750000000000139e-02
1.158159999999999919e-02,1.718750000000000139e-02
1.158780000000000053e-02,1.687500000000000458e-02
1.159400000000000014e-02,1.656250000000000430e-02
1.160019999999999975e-02,1.625000000000000402e-02
1.160639999999999936e-02,1.625000000000000402e-02
1.161260000000000070e-02,1.593750000000000375e-02
1.161880000000000031e-02,1.593750000000000375e-02
1.162499999999999992e-02,1.562500000000000347e-02
1.163119999999999953e-02,1.562500000000000347e-02
1.163739999999999913e-02,1.531250000000000319e-02
1.164360000000000048e-02,1.531250000000000319e-02
1.164980000000000009e-02,1.500000000000000291e-02
1.165599999999999969e-02,1.468750000000000264e-02
1.166219999999999930e-02,1.437500000000000236e-02
1.166840000000000065e-02,1.375000000000000180e-02
1.167460000000000025e-02,1.312500000000000125e-02
1.168079999999999986e-02,1.281250000000000444e-02
1.168699999999999947e-02,1.218750000000000389e-02
1.169319999999999908e-02,1.218750000000000389e-02
1.169940000000000042e-02,1.156250000000000333e-02
1.170560000000000003e-02,1.156250000000000333e-02
1.171179999999999964e-02,1.093750000000000278e-02
1.171799999999999925e-02,1.093750000000000278e-02
1.172420000000000059e-02,1.031250000000000222e-02
1.173040000000000020e-02,1.000000000000000194e-02
1.173659999999999981e-02,9.687500000000001665e-03
1.174279999999999942e-02,9.687500000000001665e-03
1.174899999999999903e-02,1.000000000000000194e-02
1.175520000000000037e-02,1.031250000000000222e-02
1.176139999999999998e-02,1.093750000000000278e-02
1.176759999999999959e-02,1.093750000000000278e-02
1.177379999999999920e-02,1.156250000000000333e-02
1.178000000000000054e-02,1.187500000000000361e-02
1.178620000000000015e-02,1.218750000000000389e-02
1.179239999999999976e-02,1.218750000000000389e-02
1.179859999999999937e-02,1.250000000000000416e-02
1.180480000000000071e-02,1.281250000000000444e-02
1.181100000000000032e-02,1.250000000000000416e-02
1.181719999999999993e-02,1.250000000000000416e-02
1.182339999999999954e-02,1.250000000000000416e-02
1.182959999999999914e-02,1.218750000000000389e-02
1.183580000000000049e-02,1.187500000000000361e-02
1.184200000000000010e-02,1.187500000000000361e-02
1.184819999999999970e-02,1.156250000000000333e-02
1.185439999999999931e-02,1.125000000000000305e-02
1.186060000000000066e-02,1.125000000000000305e-02
1.186680000000000026e-02,1.062500000000000250e-02
1.187299999999999987e-02,1.031250000000000222e-02
1.187919999999999948e-02,1.031250000000000222e-02
1.188539999999999909e-02,1.031250000000000222e-02
1.189160000000000043e-02,9.687500000000001665e-03
1.189780000000000004e-02,9.687500000000001665e-03
1.190399999999999965e-02,9.375000000000001388e-03
1.191019999999999926e-02,8.750000000000004302e-03
1.191640000000000060e-02,9.062500000000001110e-03
1.192260000000000021e-02,8.437500000000004025e-03
1.192879999999999982e-02,8.125000000000003747e-03
1.193499999999999943e-02,8.125000000000003747e-03
1.194119999999999904e-02,7.500000000000003192e-03
1.194740000000000038e-02,7.812500000000003469e-03
1.195359999999999999e-02,7.500000000000003192e-03
1.195979999999999960e-02,7.187500000000002914e-03
1.196599999999999921e-02,7.187500000000002914e-03
1.197220000000000055e-02,6.875000000000002637e-03
1.197840000000000016e-02,6.875000000000002637e-03
1.198459999999999977e-02,6.562500000000002359e-03
1.199079999999999938e-02,6.562500000000002359e-03
1.199700000000000072e-02,6.250000000000002082e-03
1.200320000000000033e-02,6.875000000000002637e-03
1.200939999999999994e-02,6.562500000000002359e-03
1.201559999999999954e-02,7.187500000000002914e-03
1.202179999999999915e-02,7.187500000000002914e-03
1.202800000000000050e-02,7.500000000000003192e-03
1.203420000000000011e-02,7.500000000000003192e-03
1.204039999999999971e-02,7.500000000000003192e-03
1.204659999999999932e-02,8.125000000000003747e-03
1.205280000000000067e-02,7.812500000000003469e-03
1.205900000000000027e-02,7.812500000000003469e-03
1.206519999999999988e-02,7.812500000000003469e-03
1.207139999999999949e-02,7.812500000000003469e-03
1.207759999999999910e-02,7.500000000000003192e-03
1.208380000000000044e-02,7.812500000000003469e-03
1.209000000000000005e-02,7.500000000000003192e-03
1.209619999999999966e-02,7.500000000000003192e-03
1.210239999999999927e-02,7.187500000000002914e-03
1.210860000000000061e-02,6.875000000000002637e-03
1.211480000000000022e-02,7.187500000000002914e-03
1.212099999999999983e-02,6.875000000000002637e-03
1.212719999999999944e-02,6.875000000000002637e-03
1.213339999999999905e-02,6.562500000000002359e-03
1.213960000000000039e-02,6.562500000000002359e-03
1.214580000000000000e-02,6.562500000000002359e-03
1.215199999999999961e-02,6.562500000000002359e-03
1.215819999999999922e-02,5.937500000000001804e-03
1.216440000000000056e-02,5.937500000000001804e-03
1.217060000000000017e-02,5.625000000000001527e-03
1.217679999999999978e-02,5.625000000000001527e-03
1.218299999999999939e-02,5.937500000000001804e-03
1.218920000000000073e-02,5.937500000000001804e-03
1.219540000000000034e-02,5.625000000000001527e-03
1.220159999999999995e-02,5.625000000000001527e-03
1.220779999999999955e-02,5.312500000000001249e-03
1.221399999999999916e-02,5.312500000000001249e-03
1.222020000000000051e-02,5.625000000000001527e-03
1.222640000000000012e-02,5.000000000000004441e-03
1.223259999999999972e-02,5.000000000000004441e-03
1.223879999999999933e-02,5.000000000000004441e-03
1.224500000000000068e-02,5.000000000000004441e-03
1.225120000000000028e-02,5.000000000000004441e-03
1.225739999999999989e-02,5.000000000000004441e-03
1.226359999999999950e-02,5.312500000000001249e-03
1.226979999999999911e-02,5.625000000000001527e-03
1.227600000000000045e-02,5.312500000000001249e-03
1.228220000000000006e-02,5.625000000000001527e-03
1.228839999999999967e-02,5.625000000000001527e-03
1.229459999999999928e-02,5.937500000000001804e-03
1.230080000000000062e-02,5.937500000000001804e-03
1.230700000000000023e-02,5.625000000000001527e-03
1.231319999999999984e-02,5.625000000000001527e-03
1.231939999999999945e-02,5.625000000000001527e-03
1.232559999999999906e-02,5.625000000000001527e-03
1.233180000000000040e-02,5.312500000000001249e-03
1.233800000000000001e-02,5.625000000000001527e-03
1.234419999999999962e-02,5.312500000000001249e-03
1.235039999999999923e-02,5.000000000000004441e-03
1.235660000000000057e-02,4.687500000000004163e-03
1.236280000000000018e-02,4.687500000000004163e-03
1.236899999999999979e-02,5.000000000000004441e-03
1.237519999999999940e-02,4.687500000000004163e-03
1.238139999999999900e-02,5.312500000000001249e-03
1.238760000000000035e-02,6.250000000000002082e-03
1.239379999999999996e-02,7.187500000000002914e-03
