PURE SILICA, ELECTRODE=TUNGSTEN, TIME=35, POLING_VOLTAGE=3700, WAVELENGTH=1.55e-06, EFFECTIVE_DISTANCE=3.1e-05, POLED_LENGTH=0.3, CORE_INDEX=1.45, POLE=MAX, AC_VOLTAGE=800.625, AC_FREQUENCY=2950, PIEZO_FREQUENCY=59.0
Time(s),Voltage(V)
1.200000000000000030e-04,1.781250000000000194e-02
1.284000000000000039e-04,1.750000000000000167e-02
1.367999999999999913e-04,1.843750000000000250e-02
1.452000000000000057e-04,1.781250000000000194e-02
1.535999999999999930e-04,1.687500000000000458e-02
1.620000000000000075e-04,1.593750000000000375e-02
1.703999999999999948e-04,1.562500000000000347e-02
1.788000000000000093e-04,1.593750000000000375e-02
1.871999999999999966e-04,1.718750000000000139e-02
1.955999999999999839e-04,1.843750000000000250e-02
2.039999999999999984e-04,1.968750000000000361e-02
2.124000000000000128e-04,2.187500000000000555e-02
2.208000000000000002e-04,2.281250000000000291e-02
2.291999999999999875e-04,2.343750000000000347e-02
2.375999999999999748e-04,2.343750000000000347e-02
2.460000000000000164e-04,2.468750000000000111e-02
2.544000000000000037e-04,2.500000000000000139e-02
2.627999999999999911e-04,2.625000000000000250e-02
2.711999999999999784e-04,2.781250000000000389e-02
2.795999999999999657e-04,2.781250000000000389e-02
2.880000000000000073e-04,2.875000000000000472e-02
2.963999999999999946e-04,2.875000000000000472e-02
3.047999999999999820e-04,2.843750000000000444e-02
3.131999999999999693e-04,2.687500000000000305e-02
3.215999999999999566e-04,2.531250000000000167e-02
3.299999999999999982e-04,2.406250000000000056e-02
3.383999999999999855e-04,2.343750000000000347e-02
3.467999999999999729e-04,2.250000000000000264e-02
3.551999999999999602e-04,2.187500000000000555e-02
3.636000000000000018e-04,2.031250000000000416e-02
3.719999999999999891e-04,1.968750000000000361e-02
3.803999999999999764e-04,1.906250000000000305e-02
3.887999999999999638e-04,1.750000000000000167e-02
3.971999999999999511e-04,1.687500000000000458e-02
4.055999999999999384e-04,1.593750000000000375e-02
4.139999999999999800e-04,1.531250000000000319e-02
4.223999999999999673e-04,1.406250000000000208e-02
4.307999999999999547e-04,1.406250000000000208e-02
4.391999999999999420e-04,1.281250000000000444e-02
4.475999999999999836e-04,1.218750000000000389e-02
4.559999999999999709e-04,1.187500000000000361e-02
4.643999999999999582e-04,1.187500000000000361e-02
4.727999999999999456e-04,1.156250000000000333e-02
4.811999999999999329e-04,1.062500000000000250e-02
4.895999999999999745e-04,1.062500000000000250e-02
4.979999999999999618e-04,1.031250000000000222e-02
5.063999999999999491e-04,1.000000000000000194e-02
5.147999999999999365e-04,1.000000000000000194e-02
5.231999999999999238e-04,1.000000000000000194e-02
5.316000000000000196e-04,1.093750000000000278e-02
5.400000000000000069e-04,1.093750000000000278e-02
5.483999999999999942e-04,1.156250000000000333e-02
5.567999999999999816e-04,1.312500000000000125e-02
5.651999999999999689e-04,1.406250000000000208e-02
5.735999999999999563e-04,1.531250000000000319e-02
5.819999999999999436e-04,1.593750000000000375e-02
5.903999999999999309e-04,1.656250000000000430e-02
5.987999999999999183e-04,1.718750000000000139e-02
6.072000000000000140e-04,1.718750000000000139e-02
6.155999999999998929e-04,1.750000000000000167e-02
6.239999999999999887e-04,1.875000000000000278e-02
6.323999999999999760e-04,1.906250000000000305e-02
6.407999999999999634e-04,1.968750000000000361e-02
6.491999999999999507e-04,2.000000000000000389e-02
6.575999999999999381e-04,1.968750000000000361e-02
6.659999999999999254e-04,1.906250000000000305e-02
6.743999999999999127e-04,1.906250000000000305e-02
6.827999999999999001e-04,1.875000000000000278e-02
6.911999999999998874e-04,1.812500000000000222e-02
6.995999999999999832e-04,1.718750000000000139e-02
7.079999999999999705e-04,1.625000000000000402e-02
7.163999999999999578e-04,1.562500000000000347e-02
7.247999999999999452e-04,1.531250000000000319e-02
7.331999999999999325e-04,1.437500000000000236e-02
7.415999999999999199e-04,1.343750000000000153e-02
7.499999999999999072e-04,1.250000000000000416e-02
7.583999999999998945e-04,1.187500000000000361e-02
7.667999999999998819e-04,1.187500000000000361e-02
7.751999999999999776e-04,1.125000000000000305e-02
7.835999999999999650e-04,1.062500000000000250e-02
7.919999999999999523e-04,1.031250000000000222e-02
8.003999999999999396e-04,9.687500000000001665e-03
8.087999999999999270e-04,9.375000000000001388e-03
8.171999999999999143e-04,9.062500000000001110e-03
8.255999999999999017e-04,9.062500000000001110e-03
8.339999999999998890e-04,8.750000000000004302e-03
8.423999999999998763e-04,9.062500000000001110e-03
8.507999999999999721e-04,9.062500000000001110e-03
8.591999999999999594e-04,9.687500000000001665e-03
8.675999999999999468e-04,1.062500000000000250e-02
8.759999999999999341e-04,1.156250000000000333e-02
8.843999999999999214e-04,1.281250000000000444e-02
8.927999999999999088e-04,1.562500000000000347e-02
9.011999999999998961e-04,1.687500000000000458e-02
9.095999999999998835e-04,1.812500000000000222e-02
9.179999999999998708e-04,2.031250000000000416e-02
9.263999999999998581e-04,2.125000000000000500e-02
9.347999999999999539e-04,2.250000000000000264e-02
9.431999999999999412e-04,2.312500000000000319e-02
9.515999999999999286e-04,2.406250000000000056e-02
9.599999999999999159e-04,2.437500000000000083e-02
9.683999999999999032e-04,2.437500000000000083e-02
9.767999999999998906e-04,2.468750000000000111e-02
9.851999999999998779e-04,2.500000000000000139e-02
9.935999999999998653e-04,2.437500000000000083e-02
1.001999999999999853e-03,2.375000000000000375e-02
1.010400000000000057e-03,2.312500000000000319e-02
1.018800000000000044e-03,2.187500000000000555e-02
1.027200000000000031e-03,2.125000000000000500e-02
1.035600000000000019e-03,2.000000000000000389e-02
1.044000000000000006e-03,1.906250000000000305e-02
1.052399999999999993e-03,1.781250000000000194e-02
1.060799999999999981e-03,1.656250000000000430e-02
1.069199999999999968e-03,1.625000000000000402e-02
1.077599999999999955e-03,1.562500000000000347e-02
1.085999999999999943e-03,1.406250000000000208e-02
1.094399999999999930e-03,1.312500000000000125e-02
1.102799999999999917e-03,1.312500000000000125e-02
1.111199999999999905e-03,1.218750000000000389e-02
1.119600000000000109e-03,1.125000000000000305e-02
1.128000000000000096e-03,1.093750000000000278e-02
1.136400000000000084e-03,1.031250000000000222e-02
1.144800000000000071e-03,1.000000000000000194e-02
1.153200000000000058e-03,9.687500000000001665e-03
1.161600000000000046e-03,9.687500000000001665e-03
1.170000000000000033e-03,9.687500000000001665e-03
1.178400000000000020e-03,1.031250000000000222e-02
1.186800000000000008e-03,1.093750000000000278e-02
1.195199999999999995e-03,1.218750000000000389e-02
1.203599999999999982e-03,1.343750000000000153e-02
1.211999999999999970e-03,1.406250000000000208e-02
1.220399999999999957e-03,1.593750000000000375e-02
1.228799999999999944e-03,1.687500000000000458e-02
1.237199999999999932e-03,1.812500000000000222e-02
1.245599999999999919e-03,2.000000000000000389e-02
1.253999999999999906e-03,2.156250000000000527e-02
1.262399999999999894e-03,2.250000000000000264e-02
1.270799999999999881e-03,2.375000000000000375e-02
1.279200000000000085e-03,2.468750000000000111e-02
1.287600000000000073e-03,2.625000000000000250e-02
1.296000000000000060e-03,2.625000000000000250e-02
1.304400000000000047e-03,2.656250000000000278e-02
1.312800000000000035e-03,2.687500000000000305e-02
1.321200000000000022e-03,2.687500000000000305e-02
1.329600000000000009e-03,2.687500000000000305e-02
1.337999999999999997e-03,2.656250000000000278e-02
1.346399999999999984e-03,2.562500000000000194e-02
1.354799999999999971e-03,2.531250000000000167e-02
1.363199999999999959e-03,2.468750000000000111e-02
1.371599999999999946e-03,2.375000000000000375e-02
1.379999999999999933e-03,2.343750000000000347e-02
1.388399999999999921e-03,2.250000000000000264e-02
1.396799999999999908e-03,2.187500000000000555e-02
1.405199999999999895e-03,2.031250000000000416e-02
1.413599999999999883e-03,2.000000000000000389e-02
1.421999999999999870e-03,1.906250000000000305e-02
1.430400000000000074e-03,1.875000000000000278e-02
1.438800000000000062e-03,1.781250000000000194e-02
1.447200000000000049e-03,1.718750000000000139e-02
1.455600000000000036e-03,1.687500000000000458e-02
1.464000000000000024e-03,1.593750000000000375e-02
1.472400000000000011e-03,1.562500000000000347e-02
1.480799999999999998e-03,1.562500000000000347e-02
1.489199999999999986e-03,1.500000000000000291e-02
1.497599999999999973e-03,1.531250000000000319e-02
1.505999999999999960e-03,1.531250000000000319e-02
1.514399999999999948e-03,1.562500000000000347e-02
1.522799999999999935e-03,1.625000000000000402e-02
1.531199999999999922e-03,1.750000000000000167e-02
1.539599999999999910e-03,1.812500000000000222e-02
1.547999999999999897e-03,1.937500000000000333e-02
1.556399999999999884e-03,2.031250000000000416e-02
1.564799999999999872e-03,2.187500000000000555e-02
1.573199999999999859e-03,2.343750000000000347e-02
1.581600000000000063e-03,2.437500000000000083e-02
1.590000000000000050e-03,2.531250000000000167e-02
1.598400000000000038e-03,2.687500000000000305e-02
1.606800000000000025e-03,2.843750000000000444e-02
1.615200000000000012e-03,2.937500000000000527e-02
1.623600000000000000e-03,3.062500000000000291e-02
1.631999999999999987e-03,3.125000000000000000e-02
1.640399999999999974e-03,3.187500000000000056e-02
1.648799999999999962e-03,3.218750000000000083e-02
1.657199999999999949e-03,3.250000000000000111e-02
1.665599999999999936e-03,3.250000000000000111e-02
1.673999999999999924e-03,3.218750000000000083e-02
1.682399999999999911e-03,3.156250000000000028e-02
1.690799999999999899e-03,3.125000000000000000e-02
1.699199999999999886e-03,3.031250000000000264e-02
1.707599999999999873e-03,2.968750000000000208e-02
1.715999999999999861e-03,2.843750000000000444e-02
1.724399999999999848e-03,2.718750000000000333e-02
1.732799999999999835e-03,2.656250000000000278e-02
1.741200000000000039e-03,2.500000000000000139e-02
1.749600000000000027e-03,2.375000000000000375e-02
1.758000000000000014e-03,2.343750000000000347e-02
1.766400000000000001e-03,2.156250000000000527e-02
1.774799999999999989e-03,2.062500000000000444e-02
1.783199999999999976e-03,1.968750000000000361e-02
1.791599999999999963e-03,1.906250000000000305e-02
1.799999999999999951e-03,1.843750000000000250e-02
1.808399999999999938e-03,1.781250000000000194e-02
1.816799999999999925e-03,1.750000000000000167e-02
1.825199999999999913e-03,1.656250000000000430e-02
1.833599999999999900e-03,1.625000000000000402e-02
1.841999999999999887e-03,1.625000000000000402e-02
1.850399999999999875e-03,1.593750000000000375e-02
1.858799999999999862e-03,1.625000000000000402e-02
1.867199999999999849e-03,1.656250000000000430e-02
1.875599999999999837e-03,1.718750000000000139e-02
1.883999999999999824e-03,1.812500000000000222e-02
1.892400000000000028e-03,1.968750000000000361e-02
1.900800000000000016e-03,2.031250000000000416e-02
1.909200000000000003e-03,2.156250000000000527e-02
1.917599999999999990e-03,2.250000000000000264e-02
1.925999999999999978e-03,2.375000000000000375e-02
1.934399999999999965e-03,2.562500000000000194e-02
1.942799999999999952e-03,2.687500000000000305e-02
1.951199999999999940e-03,2.812500000000000416e-02
1.959599999999999710e-03,2.937500000000000527e-02
1.967999999999999697e-03,2.968750000000000208e-02
1.976399999999999685e-03,3.000000000000000236e-02
1.984799999999999672e-03,3.093750000000000319e-02
1.993199999999999660e-03,3.125000000000000000e-02
2.001599999999999647e-03,3.093750000000000319e-02
2.009999999999999634e-03,3.093750000000000319e-02
2.018399999999999622e-03,3.031250000000000264e-02
2.026799999999999609e-03,3.031250000000000264e-02
2.035199999999999596e-03,2.906250000000000500e-02
2.043600000000000017e-03,2.843750000000000444e-02
2.052000000000000005e-03,2.781250000000000389e-02
2.060399999999999992e-03,2.625000000000000250e-02
2.068799999999999979e-03,2.562500000000000194e-02
2.077199999999999533e-03,2.406250000000000056e-02
2.085599999999999520e-03,2.375000000000000375e-02
2.093999999999999508e-03,2.250000000000000264e-02
2.102399999999999495e-03,2.093750000000000472e-02
2.110799999999999482e-03,2.062500000000000444e-02
2.119199999999999903e-03,1.968750000000000361e-02
2.127599999999999891e-03,1.906250000000000305e-02
2.135999999999999878e-03,1.875000000000000278e-02
2.144399999999999865e-03,1.781250000000000194e-02
2.152799999999999853e-03,1.781250000000000194e-02
2.161199999999999840e-03,1.750000000000000167e-02
2.169599999999999827e-03,1.750000000000000167e-02
2.177999999999999815e-03,1.718750000000000139e-02
2.186399999999999802e-03,1.781250000000000194e-02
2.194799999999999789e-03,1.812500000000000222e-02
2.203199999999999777e-03,1.843750000000000250e-02
2.211599999999999764e-03,1.968750000000000361e-02
2.219999999999999751e-03,2.093750000000000472e-02
2.228399999999999739e-03,2.187500000000000555e-02
2.236799999999999726e-03,2.312500000000000319e-02
2.245199999999999713e-03,2.437500000000000083e-02
2.253599999999999701e-03,2.531250000000000167e-02
2.261999999999999688e-03,2.593750000000000222e-02
2.270399999999999675e-03,2.750000000000000361e-02
2.278799999999999663e-03,2.843750000000000444e-02
2.287199999999999650e-03,3.000000000000000236e-02
2.295599999999999637e-03,3.093750000000000319e-02
2.303999999999999625e-03,3.187500000000000056e-02
2.312399999999999612e-03,3.250000000000000111e-02
2.320799999999999599e-03,3.281250000000000139e-02
2.329199999999999587e-03,3.375000000000000222e-02
2.337599999999999574e-03,3.406250000000000250e-02
2.345999999999999561e-03,3.437500000000000278e-02
2.354399999999999549e-03,3.468750000000000305e-02
2.362799999999999536e-03,3.406250000000000250e-02
2.371199999999999523e-03,3.375000000000000222e-02
2.379599999999999511e-03,3.343750000000000194e-02
2.387999999999999498e-03,3.312500000000000167e-02
2.396399999999999485e-03,3.218750000000000083e-02
2.404799999999999473e-03,3.156250000000000028e-02
2.413199999999999460e-03,3.062500000000000291e-02
2.421599999999999447e-03,3.031250000000000264e-02
2.429999999999999868e-03,2.875000000000000472e-02
2.438399999999999856e-03,2.812500000000000416e-02
2.446799999999999843e-03,2.750000000000000361e-02
2.455199999999999830e-03,2.687500000000000305e-02
2.463599999999999818e-03,2.625000000000000250e-02
2.471999999999999805e-03,2.562500000000000194e-02
2.480399999999999792e-03,2.531250000000000167e-02
2.488799999999999780e-03,2.468750000000000111e-02
2.497199999999999767e-03,2.468750000000000111e-02
2.505599999999999754e-03,2.437500000000000083e-02
2.513999999999999742e-03,2.468750000000000111e-02
2.522399999999999729e-03,2.531250000000000167e-02
2.530799999999999716e-03,2.562500000000000194e-02
2.539199999999999704e-03,2.718750000000000333e-02
2.547599999999999691e-03,2.781250000000000389e-02
2.555999999999999679e-03,2.906250000000000500e-02
2.564399999999999666e-03,3.031250000000000264e-02
2.572799999999999653e-03,3.093750000000000319e-02
2.581199999999999641e-03,3.218750000000000083e-02
2.589599999999999628e-03,3.312500000000000167e-02
2.597999999999999615e-03,3.312500000000000167e-02
2.606399999999999603e-03,3.437500000000000278e-02
2.614799999999999590e-03,3.531250000000000361e-02
2.623199999999999577e-03,3.593750000000000416e-02
2.631599999999999565e-03,3.656250000000000472e-02
2.639999999999999552e-03,3.687500000000000500e-02
2.648399999999999539e-03,3.750000000000000555e-02
2.656799999999999527e-03,3.812500000000000611e-02
2.665199999999999514e-03,3.875000000000000666e-02
2.673599999999999501e-03,3.937500000000000722e-02
2.681999999999999489e-03,4.031250000000000111e-02
2.690399999999999476e-03,4.062500000000000139e-02
2.698799999999999463e-03,4.093750000000000167e-02
2.707199999999999451e-03,4.093750000000000167e-02
2.715599999999999438e-03,4.093750000000000167e-02
2.723999999999999425e-03,4.062500000000000139e-02
2.732399999999999846e-03,4.062500000000000139e-02
2.740799999999999834e-03,4.062500000000000139e-02
2.749199999999999821e-03,3.968750000000000056e-02
2.757599999999999808e-03,3.937500000000000722e-02
2.765999999999999796e-03,3.843750000000000638e-02
2.774399999999999783e-03,3.812500000000000611e-02
2.782799999999999770e-03,3.718750000000000527e-02
2.791199999999999758e-03,3.656250000000000472e-02
2.799599999999999745e-03,3.656250000000000472e-02
2.807999999999999732e-03,3.593750000000000416e-02
2.816399999999999720e-03,3.562500000000000389e-02
2.824799999999999707e-03,3.562500000000000389e-02
2.833199999999999694e-03,3.531250000000000361e-02
2.841599999999999682e-03,3.531250000000000361e-02
2.849999999999999669e-03,3.531250000000000361e-02
2.858399999999999656e-03,3.562500000000000389e-02
2.866799999999999644e-03,3.593750000000000416e-02
2.875199999999999631e-03,3.625000000000000444e-02
2.883599999999999618e-03,3.687500000000000500e-02
2.891999999999999606e-03,3.750000000000000555e-02
2.900399999999999593e-03,3.781250000000000583e-02
2.908799999999999580e-03,3.875000000000000666e-02
2.917199999999999568e-03,3.875000000000000666e-02
2.925599999999999555e-03,3.937500000000000722e-02
2.933999999999999542e-03,3.937500000000000722e-02
2.942399999999999530e-03,3.968750000000000056e-02
2.950799999999999517e-03,3.968750000000000056e-02
2.959199999999999504e-03,3.968750000000000056e-02
2.967599999999999492e-03,4.000000000000000083e-02
2.975999999999999479e-03,4.031250000000000111e-02
2.984399999999999466e-03,4.093750000000000167e-02
2.992799999999999454e-03,4.093750000000000167e-02
3.001199999999999441e-03,4.187500000000000250e-02
3.009599999999999428e-03,4.156250000000000222e-02
3.017999999999999416e-03,4.250000000000000305e-02
3.026399999999999403e-03,4.281250000000000333e-02
3.034799999999999390e-03,4.312500000000000361e-02
3.043199999999999811e-03,4.312500000000000361e-02
3.051599999999999799e-03,4.312500000000000361e-02
3.059999999999999786e-03,4.281250000000000333e-02
3.068399999999999773e-03,4.312500000000000361e-02
3.076799999999999761e-03,4.281250000000000333e-02
3.085199999999999748e-03,4.250000000000000305e-02
3.093599999999999735e-03,4.218750000000000278e-02
3.101999999999999723e-03,4.187500000000000250e-02
3.110399999999999710e-03,4.125000000000000194e-02
3.118799999999999698e-03,4.125000000000000194e-02
3.127199999999999685e-03,4.093750000000000167e-02
3.135599999999999672e-03,4.062500000000000139e-02
3.143999999999999660e-03,4.031250000000000111e-02
3.152399999999999647e-03,4.031250000000000111e-02
3.160799999999999634e-03,4.031250000000000111e-02
3.169199999999999622e-03,4.031250000000000111e-02
3.177599999999999609e-03,4.062500000000000139e-02
3.185999999999999596e-03,4.062500000000000139e-02
3.194399999999999584e-03,4.093750000000000167e-02
3.202799999999999571e-03,4.125000000000000194e-02
3.211199999999999558e-03,4.156250000000000222e-02
3.219599999999999546e-03,4.187500000000000250e-02
3.227999999999999533e-03,4.187500000000000250e-02
3.236399999999999520e-03,4.187500000000000250e-02
3.244799999999999508e-03,4.125000000000000194e-02
3.253199999999999495e-03,4.125000000000000194e-02
3.261599999999999482e-03,4.062500000000000139e-02
3.269999999999999470e-03,3.968750000000000056e-02
3.278399999999999457e-03,3.875000000000000666e-02
3.286799999999999444e-03,3.843750000000000638e-02
3.295199999999999432e-03,3.750000000000000555e-02
3.303599999999999419e-03,3.750000000000000555e-02
3.311999999999999406e-03,3.656250000000000472e-02
3.320399999999999394e-03,3.593750000000000416e-02
3.328799999999999381e-03,3.625000000000000444e-02
3.337199999999999368e-03,3.562500000000000389e-02
3.345599999999999356e-03,3.593750000000000416e-02
3.353999999999999777e-03,3.625000000000000444e-02
3.362399999999999764e-03,3.656250000000000472e-02
3.370799999999999751e-03,3.687500000000000500e-02
3.379199999999999739e-03,3.750000000000000555e-02
3.387599999999999726e-03,3.781250000000000583e-02
3.395999999999999713e-03,3.875000000000000666e-02
3.404399999999999701e-03,3.906250000000000000e-02
3.412799999999999688e-03,3.906250000000000000e-02
3.421199999999999675e-03,3.937500000000000722e-02
3.429599999999999663e-03,4.000000000000000083e-02
3.437999999999999650e-03,4.000000000000000083e-02
3.446399999999999637e-03,4.000000000000000083e-02
3.454799999999999625e-03,4.000000000000000083e-02
3.463199999999999612e-03,4.000000000000000083e-02
3.471599999999999599e-03,4.062500000000000139e-02
3.479999999999999587e-03,4.031250000000000111e-02
3.488399999999999574e-03,4.000000000000000083e-02
3.496799999999999561e-03,4.000000000000000083e-02
3.505199999999999549e-03,3.968750000000000056e-02
3.513599999999999536e-03,3.968750000000000056e-02
3.521999999999999523e-03,4.000000000000000083e-02
3.530399999999999511e-03,4.031250000000000111e-02
3.538799999999999498e-03,4.062500000000000139e-02
3.547199999999999485e-03,4.062500000000000139e-02
3.555599999999999473e-03,4.093750000000000167e-02
3.563999999999999460e-03,4.125000000000000194e-02
3.572399999999999447e-03,4.125000000000000194e-02
3.580799999999999435e-03,4.156250000000000222e-02
3.589199999999999422e-03,4.125000000000000194e-02
3.597599999999999409e-03,4.093750000000000167e-02
3.605999999999999397e-03,4.062500000000000139e-02
3.614399999999999384e-03,4.062500000000000139e-02
3.622799999999999371e-03,4.031250000000000111e-02
3.631199999999999359e-03,4.031250000000000111e-02
3.639599999999999346e-03,3.968750000000000056e-02
3.647999999999999333e-03,4.000000000000000083e-02
3.656399999999999754e-03,4.000000000000000083e-02
3.664799999999999742e-03,4.000000000000000083e-02
3.673199999999999729e-03,4.031250000000000111e-02
3.681599999999999717e-03,4.031250000000000111e-02
3.689999999999999704e-03,4.093750000000000167e-02
3.698399999999999691e-03,4.156250000000000222e-02
3.706799999999999679e-03,4.218750000000000278e-02
3.715199999999999666e-03,4.218750000000000278e-02
3.723599999999999653e-03,4.218750000000000278e-02
3.731999999999999641e-03,4.218750000000000278e-02
3.740399999999999628e-03,4.250000000000000305e-02
3.748799999999999615e-03,4.218750000000000278e-02
3.757199999999999603e-03,4.187500000000000250e-02
3.765599999999999590e-03,4.187500000000000250e-02
3.773999999999999577e-03,4.125000000000000194e-02
3.782399999999999565e-03,4.125000000000000194e-02
3.790799999999999552e-03,4.062500000000000139e-02
3.799199999999999539e-03,4.000000000000000083e-02
3.807599999999999527e-03,3.968750000000000056e-02
3.815999999999999514e-03,3.937500000000000722e-02
3.824399999999999501e-03,3.937500000000000722e-02
3.832799999999999489e-03,3.906250000000000000e-02
3.841199999999999476e-03,3.906250000000000000e-02
3.849599999999999463e-03,3.906250000000000000e-02
3.857999999999999451e-03,3.906250000000000000e-02
3.866399999999999438e-03,3.937500000000000722e-02
3.874799999999999425e-03,3.937500000000000722e-02
3.883199999999999413e-03,3.968750000000000056e-02
3.891599999999999400e-03,4.031250000000000111e-02
3.899999999999999387e-03,4.093750000000000167e-02
3.908399999999999375e-03,4.093750000000000167e-02
3.916799999999999796e-03,4.062500000000000139e-02
3.925199999999999349e-03,4.125000000000000194e-02
3.933599999999999770e-03,4.093750000000000167e-02
3.941999999999999324e-03,4.093750000000000167e-02
3.950399999999999745e-03,4.062500000000000139e-02
3.958799999999999299e-03,4.062500000000000139e-02
3.967199999999999720e-03,4.031250000000000111e-02
3.975600000000000141e-03,4.000000000000000083e-02
3.983999999999999694e-03,3.968750000000000056e-02
3.992400000000000115e-03,3.937500000000000722e-02
4.000799999999999669e-03,3.906250000000000000e-02
4.009200000000000090e-03,3.906250000000000000e-02
4.017599999999999644e-03,3.937500000000000722e-02
4.026000000000000065e-03,3.968750000000000056e-02
4.034399999999999618e-03,4.000000000000000083e-02
4.042800000000000039e-03,4.062500000000000139e-02
4.051199999999999593e-03,4.093750000000000167e-02
4.059600000000000014e-03,4.125000000000000194e-02
4.067999999999999568e-03,4.187500000000000250e-02
4.076399999999999989e-03,4.187500000000000250e-02
4.084799999999999542e-03,4.218750000000000278e-02
4.093199999999999963e-03,4.218750000000000278e-02
4.101599999999999517e-03,4.250000000000000305e-02
4.109999999999999938e-03,4.281250000000000333e-02
4.118400000000000359e-03,4.250000000000000305e-02
4.126799999999999913e-03,4.281250000000000333e-02
4.135200000000000334e-03,4.250000000000000305e-02
4.143599999999999887e-03,4.281250000000000333e-02
4.152000000000000308e-03,4.281250000000000333e-02
4.160399999999999862e-03,4.281250000000000333e-02
4.168800000000000283e-03,4.312500000000000361e-02
4.177199999999999837e-03,4.312500000000000361e-02
4.185600000000000258e-03,4.343750000000000389e-02
4.193999999999999811e-03,4.312500000000000361e-02
4.202400000000000233e-03,4.343750000000000389e-02
4.210799999999999786e-03,4.375000000000000416e-02
4.219200000000000207e-03,4.406250000000000444e-02
4.227599999999999761e-03,4.375000000000000416e-02
4.236000000000000182e-03,4.375000000000000416e-02
4.244399999999999736e-03,4.312500000000000361e-02
4.252800000000000157e-03,4.281250000000000333e-02
4.261199999999999710e-03,4.187500000000000250e-02
4.269600000000000131e-03,4.125000000000000194e-02
4.277999999999999685e-03,4.062500000000000139e-02
4.286400000000000106e-03,3.937500000000000722e-02
4.294799999999999660e-03,3.875000000000000666e-02
4.303200000000000081e-03,3.781250000000000583e-02
4.311599999999999634e-03,3.656250000000000472e-02
4.320000000000000055e-03,3.625000000000000444e-02
4.328399999999999609e-03,3.500000000000000333e-02
4.336800000000000030e-03,3.437500000000000278e-02
4.345199999999999584e-03,3.437500000000000278e-02
4.353600000000000005e-03,3.437500000000000278e-02
4.361999999999999558e-03,3.437500000000000278e-02
4.370399999999999979e-03,3.468750000000000305e-02
4.378799999999999533e-03,3.500000000000000333e-02
4.387199999999999954e-03,3.531250000000000361e-02
4.395599999999999508e-03,3.593750000000000416e-02
4.403999999999999929e-03,3.625000000000000444e-02
4.412399999999999482e-03,3.656250000000000472e-02
4.420799999999999903e-03,3.718750000000000527e-02
4.429200000000000324e-03,3.812500000000000611e-02
4.437599999999999878e-03,3.843750000000000638e-02
4.446000000000000299e-03,3.875000000000000666e-02
4.454399999999999853e-03,3.937500000000000722e-02
4.462800000000000274e-03,3.968750000000000056e-02
4.471199999999999827e-03,4.031250000000000111e-02
4.479600000000000248e-03,4.031250000000000111e-02
4.487999999999999802e-03,4.062500000000000139e-02
4.496400000000000223e-03,4.093750000000000167e-02
4.504799999999999777e-03,4.125000000000000194e-02
4.513200000000000198e-03,4.156250000000000222e-02
4.521599999999999751e-03,4.156250000000000222e-02
4.530000000000000172e-03,4.187500000000000250e-02
4.538399999999999726e-03,4.187500000000000250e-02
4.546800000000000147e-03,4.187500000000000250e-02
4.555199999999999701e-03,4.187500000000000250e-02
4.563600000000000122e-03,4.125000000000000194e-02
4.571999999999999675e-03,4.093750000000000167e-02
4.580400000000000096e-03,4.031250000000000111e-02
4.588799999999999650e-03,3.937500000000000722e-02
4.597200000000000071e-03,3.781250000000000583e-02
4.605599999999999625e-03,3.687500000000000500e-02
4.614000000000000046e-03,3.500000000000000333e-02
4.622399999999999599e-03,3.343750000000000194e-02
4.630800000000000020e-03,3.218750000000000083e-02
4.639199999999999574e-03,3.062500000000000291e-02
4.647599999999999995e-03,3.000000000000000236e-02
4.655999999999999549e-03,2.843750000000000444e-02
4.664399999999999970e-03,2.718750000000000333e-02
4.672799999999999523e-03,2.625000000000000250e-02
4.681199999999999944e-03,2.437500000000000083e-02
4.689599999999999498e-03,2.406250000000000056e-02
4.697999999999999919e-03,2.375000000000000375e-02
4.706399999999999473e-03,2.312500000000000319e-02
4.714799999999999894e-03,2.312500000000000319e-02
4.723199999999999447e-03,2.343750000000000347e-02
4.731599999999999868e-03,2.406250000000000056e-02
4.740000000000000289e-03,2.406250000000000056e-02
4.748399999999999843e-03,2.468750000000000111e-02
4.756800000000000264e-03,2.531250000000000167e-02
4.765199999999999818e-03,2.593750000000000222e-02
4.773600000000000239e-03,2.718750000000000333e-02
4.781999999999999792e-03,2.843750000000000444e-02
4.790400000000000214e-03,2.937500000000000527e-02
4.798799999999999767e-03,3.031250000000000264e-02
4.807200000000000188e-03,3.062500000000000291e-02
4.815599999999999742e-03,3.218750000000000083e-02
4.824000000000000163e-03,3.281250000000000139e-02
4.832399999999999717e-03,3.312500000000000167e-02
4.840800000000000138e-03,3.375000000000000222e-02
4.849199999999999691e-03,3.437500000000000278e-02
4.857600000000000112e-03,3.468750000000000305e-02
4.865999999999999666e-03,3.500000000000000333e-02
4.874400000000000087e-03,3.531250000000000361e-02
4.882799999999999641e-03,3.562500000000000389e-02
4.891200000000000062e-03,3.531250000000000361e-02
4.899599999999999615e-03,3.531250000000000361e-02
4.908000000000000036e-03,3.468750000000000305e-02
4.916399999999999590e-03,3.437500000000000278e-02
4.924800000000000011e-03,3.343750000000000194e-02
4.933199999999999565e-03,3.187500000000000056e-02
4.941599999999999986e-03,3.125000000000000000e-02
4.949999999999999539e-03,2.968750000000000208e-02
4.958399999999999960e-03,2.843750000000000444e-02
4.966799999999999514e-03,2.687500000000000305e-02
4.975199999999999935e-03,2.593750000000000222e-02
4.983599999999999489e-03,2.406250000000000056e-02
4.991999999999999910e-03,2.312500000000000319e-02
5.000399999999999463e-03,2.187500000000000555e-02
5.008799999999999884e-03,2.125000000000000500e-02
5.017199999999999438e-03,2.000000000000000389e-02
5.025599999999999859e-03,1.937500000000000333e-02
5.033999999999999413e-03,1.875000000000000278e-02
5.042399999999999834e-03,1.875000000000000278e-02
5.050800000000000255e-03,1.875000000000000278e-02
5.059199999999999808e-03,1.843750000000000250e-02
5.067600000000000229e-03,1.875000000000000278e-02
5.075999999999999783e-03,1.937500000000000333e-02
5.084400000000000204e-03,2.000000000000000389e-02
5.092799999999999758e-03,2.031250000000000416e-02
5.101200000000000179e-03,2.125000000000000500e-02
5.109599999999999732e-03,2.187500000000000555e-02
5.118000000000000153e-03,2.281250000000000291e-02
5.126399999999999707e-03,2.406250000000000056e-02
5.134800000000000128e-03,2.500000000000000139e-02
5.143199999999999682e-03,2.562500000000000194e-02
5.151600000000000103e-03,2.656250000000000278e-02
5.159999999999999656e-03,2.687500000000000305e-02
5.168400000000000077e-03,2.781250000000000389e-02
5.176799999999999631e-03,2.843750000000000444e-02
5.185200000000000052e-03,2.875000000000000472e-02
5.193599999999999606e-03,2.937500000000000527e-02
5.202000000000000027e-03,2.968750000000000208e-02
5.210399999999999580e-03,2.937500000000000527e-02
5.218800000000000001e-03,2.937500000000000527e-02
5.227199999999999555e-03,2.968750000000000208e-02
5.235599999999999976e-03,2.875000000000000472e-02
5.243999999999999530e-03,2.843750000000000444e-02
5.252399999999999951e-03,2.843750000000000444e-02
5.260799999999999504e-03,2.687500000000000305e-02
5.269199999999999925e-03,2.656250000000000278e-02
5.277599999999999479e-03,2.500000000000000139e-02
5.285999999999999900e-03,2.437500000000000083e-02
5.294399999999999454e-03,2.312500000000000319e-02
5.302799999999999875e-03,2.156250000000000527e-02
5.311199999999999428e-03,2.031250000000000416e-02
5.319599999999999849e-03,1.906250000000000305e-02
5.327999999999999403e-03,1.843750000000000250e-02
5.336399999999999824e-03,1.781250000000000194e-02
5.344800000000000245e-03,1.625000000000000402e-02
5.353199999999999799e-03,1.593750000000000375e-02
5.361600000000000220e-03,1.531250000000000319e-02
5.369999999999999774e-03,1.468750000000000264e-02
5.378400000000000195e-03,1.468750000000000264e-02
5.386799999999999748e-03,1.406250000000000208e-02
5.395200000000000169e-03,1.437500000000000236e-02
5.403599999999999723e-03,1.468750000000000264e-02
5.412000000000000144e-03,1.500000000000000291e-02
5.420399999999999698e-03,1.625000000000000402e-02
5.428800000000000119e-03,1.718750000000000139e-02
5.437199999999999672e-03,1.812500000000000222e-02
5.445600000000000093e-03,1.875000000000000278e-02
5.453999999999999647e-03,1.968750000000000361e-02
5.462400000000000068e-03,2.093750000000000472e-02
5.470799999999999622e-03,2.218750000000000236e-02
5.479200000000000043e-03,2.312500000000000319e-02
5.487599999999999596e-03,2.468750000000000111e-02
5.496000000000000017e-03,2.562500000000000194e-02
5.504399999999999571e-03,2.656250000000000278e-02
5.512799999999999992e-03,2.687500000000000305e-02
5.521199999999999546e-03,2.750000000000000361e-02
5.529599999999999967e-03,2.843750000000000444e-02
5.537999999999999520e-03,2.906250000000000500e-02
5.546399999999999941e-03,2.968750000000000208e-02
5.554799999999999495e-03,2.968750000000000208e-02
5.563199999999999916e-03,3.000000000000000236e-02
5.571599999999999470e-03,3.031250000000000264e-02
5.579999999999999891e-03,3.062500000000000291e-02
5.588399999999999444e-03,2.968750000000000208e-02
5.596799999999999865e-03,2.906250000000000500e-02
5.605199999999999419e-03,2.781250000000000389e-02
5.613599999999999840e-03,2.750000000000000361e-02
5.621999999999999394e-03,2.687500000000000305e-02
5.630399999999999815e-03,2.500000000000000139e-02
5.638799999999999368e-03,2.406250000000000056e-02
5.647199999999999789e-03,2.312500000000000319e-02
5.655600000000000210e-03,2.156250000000000527e-02
5.663999999999999764e-03,2.062500000000000444e-02
5.672400000000000185e-03,2.000000000000000389e-02
5.680799999999999739e-03,1.937500000000000333e-02
5.689200000000000160e-03,1.843750000000000250e-02
5.697599999999999713e-03,1.781250000000000194e-02
5.706000000000000134e-03,1.718750000000000139e-02
5.714399999999999688e-03,1.656250000000000430e-02
5.722800000000000109e-03,1.656250000000000430e-02
5.731199999999999663e-03,1.687500000000000458e-02
5.739600000000000084e-03,1.687500000000000458e-02
5.747999999999999637e-03,1.718750000000000139e-02
5.756400000000000058e-03,1.812500000000000222e-02
5.764799999999999612e-03,1.812500000000000222e-02
5.773200000000000033e-03,1.906250000000000305e-02
5.781599999999999587e-03,2.031250000000000416e-02
5.790000000000000008e-03,2.031250000000000416e-02
5.798399999999999561e-03,2.187500000000000555e-02
5.806799999999999982e-03,2.281250000000000291e-02
5.815199999999999536e-03,2.406250000000000056e-02
5.823599999999999957e-03,2.468750000000000111e-02
5.831999999999999511e-03,2.500000000000000139e-02
5.840399999999999932e-03,2.593750000000000222e-02
5.848799999999999485e-03,2.656250000000000278e-02
5.857199999999999906e-03,2.718750000000000333e-02
5.865599999999999460e-03,2.718750000000000333e-02
5.873999999999999881e-03,2.781250000000000389e-02
5.882399999999999435e-03,2.781250000000000389e-02
5.890799999999999856e-03,2.781250000000000389e-02
5.899199999999999409e-03,2.781250000000000389e-02
5.907599999999999831e-03,2.781250000000000389e-02
5.915999999999999384e-03,2.687500000000000305e-02
5.924399999999999805e-03,2.593750000000000222e-02
5.932799999999999359e-03,2.500000000000000139e-02
5.941199999999999780e-03,2.406250000000000056e-02
5.949599999999999334e-03,2.250000000000000264e-02
5.957999999999999755e-03,2.187500000000000555e-02
5.966400000000000176e-03,2.062500000000000444e-02
5.974799999999999729e-03,1.937500000000000333e-02
5.983200000000000150e-03,1.875000000000000278e-02
5.991599999999999704e-03,1.781250000000000194e-02
6.000000000000000125e-03,1.656250000000000430e-02
6.008399999999999679e-03,1.593750000000000375e-02
6.016800000000000100e-03,1.500000000000000291e-02
6.025199999999999653e-03,1.437500000000000236e-02
6.033600000000000074e-03,1.375000000000000180e-02
6.041999999999999628e-03,1.312500000000000125e-02
6.050400000000000049e-03,1.250000000000000416e-02
6.058799999999999603e-03,1.156250000000000333e-02
6.067200000000000024e-03,1.125000000000000305e-02
6.075599999999999577e-03,1.093750000000000278e-02
6.083999999999999998e-03,1.062500000000000250e-02
6.092399999999999552e-03,1.062500000000000250e-02
6.100799999999999973e-03,1.093750000000000278e-02
6.109199999999999527e-03,1.125000000000000305e-02
6.117599999999999948e-03,1.125000000000000305e-02
6.125999999999999501e-03,1.187500000000000361e-02
6.134399999999999922e-03,1.218750000000000389e-02
6.142799999999999476e-03,1.312500000000000125e-02
6.151199999999999897e-03,1.343750000000000153e-02
6.159599999999999451e-03,1.406250000000000208e-02
6.167999999999999872e-03,1.468750000000000264e-02
6.176399999999999425e-03,1.500000000000000291e-02
6.184799999999999846e-03,1.531250000000000319e-02
6.193199999999999400e-03,1.562500000000000347e-02
6.201599999999999821e-03,1.562500000000000347e-02
6.209999999999999375e-03,1.562500000000000347e-02
6.218399999999999796e-03,1.562500000000000347e-02
6.226799999999999349e-03,1.562500000000000347e-02
6.235199999999999770e-03,1.500000000000000291e-02
6.243599999999999324e-03,1.468750000000000264e-02
6.251999999999999745e-03,1.406250000000000208e-02
6.260399999999999299e-03,1.312500000000000125e-02
6.268799999999999720e-03,1.250000000000000416e-02
6.277200000000000141e-03,1.218750000000000389e-02
6.285599999999999694e-03,1.187500000000000361e-02
6.294000000000000115e-03,1.125000000000000305e-02
6.302399999999999669e-03,1.093750000000000278e-02
6.310800000000000090e-03,1.093750000000000278e-02
6.319199999999999644e-03,1.062500000000000250e-02
6.327600000000000065e-03,1.062500000000000250e-02
6.335999999999999618e-03,1.062500000000000250e-02
6.344400000000000039e-03,1.062500000000000250e-02
6.352799999999999593e-03,1.093750000000000278e-02
6.361200000000000014e-03,1.093750000000000278e-02
6.369599999999999568e-03,1.093750000000000278e-02
6.377999999999999989e-03,1.093750000000000278e-02
6.386399999999999542e-03,1.062500000000000250e-02
6.394799999999999963e-03,1.031250000000000222e-02
6.403199999999999517e-03,9.687500000000001665e-03
6.411599999999999938e-03,9.375000000000001388e-03
6.419999999999999492e-03,9.062500000000001110e-03
6.428399999999999913e-03,8.750000000000004302e-03
6.436799999999999466e-03,8.437500000000004025e-03
6.445199999999999887e-03,7.812500000000003469e-03
6.453599999999999441e-03,7.500000000000003192e-03
6.461999999999999862e-03,7.812500000000003469e-03
6.470399999999999416e-03,7.187500000000002914e-03
6.478799999999999837e-03,7.500000000000003192e-03
6.487199999999999390e-03,7.812500000000003469e-03
6.495599999999999812e-03,7.812500000000003469e-03
6.503999999999999365e-03,8.125000000000003747e-03
6.512399999999999786e-03,7.812500000000003469e-03
6.520799999999999340e-03,7.500000000000003192e-03
6.529199999999999761e-03,8.125000000000003747e-03
6.537599999999999315e-03,7.812500000000003469e-03
6.545999999999999736e-03,7.812500000000003469e-03
6.554399999999999289e-03,8.125000000000003747e-03
6.562799999999999710e-03,7.500000000000003192e-03
6.571199999999999264e-03,7.500000000000003192e-03
6.579599999999999685e-03,6.875000000000002637e-03
6.588000000000000106e-03,6.875000000000002637e-03
6.596399999999999660e-03,6.562500000000002359e-03
6.604800000000000081e-03,6.250000000000002082e-03
6.613199999999999634e-03,6.250000000000002082e-03
6.621600000000000055e-03,5.937500000000001804e-03
6.629999999999999609e-03,6.250000000000002082e-03
6.638400000000000030e-03,6.562500000000002359e-03
6.646799999999999584e-03,7.187500000000002914e-03
6.655200000000000005e-03,7.500000000000003192e-03
6.663599999999999558e-03,8.125000000000003747e-03
6.671999999999999979e-03,9.375000000000001388e-03
6.680399999999999533e-03,9.687500000000001665e-03
6.688799999999999954e-03,1.031250000000000222e-02
6.697199999999999508e-03,1.093750000000000278e-02
6.705599999999999929e-03,1.125000000000000305e-02
6.713999999999999482e-03,1.156250000000000333e-02
6.722399999999999903e-03,1.156250000000000333e-02
6.730799999999999457e-03,1.156250000000000333e-02
6.739199999999999878e-03,1.125000000000000305e-02
6.747599999999999432e-03,1.093750000000000278e-02
6.755999999999999853e-03,1.031250000000000222e-02
6.764399999999999406e-03,1.000000000000000194e-02
6.772799999999999827e-03,9.687500000000001665e-03
6.781199999999999381e-03,9.062500000000001110e-03
6.789599999999999802e-03,8.750000000000004302e-03
6.797999999999999356e-03,8.750000000000004302e-03
6.806399999999999777e-03,8.125000000000003747e-03
6.814799999999999330e-03,7.812500000000003469e-03
6.823199999999999751e-03,7.812500000000003469e-03
6.831599999999999305e-03,8.125000000000003747e-03
6.839999999999999726e-03,8.125000000000003747e-03
6.848399999999999280e-03,7.812500000000003469e-03
6.856799999999999701e-03,7.500000000000003192e-03
6.865199999999999254e-03,7.500000000000003192e-03
6.873599999999999675e-03,7.187500000000002914e-03
6.882000000000000096e-03,7.187500000000002914e-03
6.890399999999999650e-03,6.875000000000002637e-03
6.898800000000000071e-03,7.187500000000002914e-03
6.907199999999999625e-03,6.562500000000002359e-03
6.915600000000000046e-03,6.250000000000002082e-03
6.923999999999999599e-03,5.937500000000001804e-03
6.932400000000000020e-03,6.250000000000002082e-03
6.940799999999999574e-03,5.625000000000001527e-03
6.949199999999999995e-03,5.625000000000001527e-03
6.957599999999999549e-03,5.937500000000001804e-03
6.965999999999999970e-03,6.562500000000002359e-03
6.974399999999999523e-03,6.562500000000002359e-03
6.982799999999999944e-03,7.500000000000003192e-03
6.991199999999999498e-03,8.750000000000004302e-03
6.999599999999999919e-03,9.687500000000001665e-03
7.007999999999999473e-03,1.000000000000000194e-02
7.016399999999999894e-03,1.187500000000000361e-02
7.024799999999999447e-03,1.218750000000000389e-02
7.033199999999999869e-03,1.343750000000000153e-02
7.041599999999999422e-03,1.406250000000000208e-02
7.049999999999999843e-03,1.500000000000000291e-02
7.058399999999999397e-03,1.531250000000000319e-02
7.066799999999999818e-03,1.531250000000000319e-02
7.075199999999999372e-03,1.562500000000000347e-02
7.083599999999999793e-03,1.593750000000000375e-02
7.091999999999999346e-03,1.500000000000000291e-02
7.100399999999999767e-03,1.468750000000000264e-02
7.108799999999999321e-03,1.437500000000000236e-02
7.117199999999999742e-03,1.375000000000000180e-02
7.125599999999999296e-03,1.312500000000000125e-02
7.133999999999999717e-03,1.250000000000000416e-02
7.142399999999999270e-03,1.156250000000000333e-02
7.150799999999999691e-03,1.093750000000000278e-02
7.159199999999999245e-03,1.000000000000000194e-02
7.167599999999999666e-03,9.687500000000001665e-03
7.175999999999999220e-03,9.687500000000001665e-03
7.184399999999999641e-03,9.375000000000001388e-03
7.192800000000000062e-03,8.750000000000004302e-03
7.201199999999999615e-03,8.437500000000004025e-03
7.209600000000000036e-03,8.125000000000003747e-03
7.217999999999999590e-03,7.812500000000003469e-03
7.226400000000000011e-03,7.500000000000003192e-03
7.234799999999999565e-03,7.187500000000002914e-03
7.243199999999999986e-03,6.875000000000002637e-03
7.251599999999999539e-03,6.562500000000002359e-03
7.259999999999999960e-03,6.250000000000002082e-03
7.268399999999999514e-03,5.937500000000001804e-03
7.276799999999999935e-03,5.937500000000001804e-03
7.285199999999999489e-03,5.937500000000001804e-03
7.293599999999999910e-03,5.937500000000001804e-03
7.301999999999999463e-03,6.562500000000002359e-03
7.310399999999999884e-03,6.562500000000002359e-03
7.318799999999999438e-03,7.187500000000002914e-03
7.327199999999999859e-03,8.125000000000003747e-03
7.335599999999999413e-03,8.750000000000004302e-03
7.343999999999999834e-03,1.031250000000000222e-02
7.352399999999999387e-03,1.093750000000000278e-02
7.360799999999999808e-03,1.187500000000000361e-02
7.369199999999999362e-03,1.250000000000000416e-02
7.377599999999999783e-03,1.343750000000000153e-02
7.385999999999999337e-03,1.406250000000000208e-02
7.394399999999999758e-03,1.468750000000000264e-02
7.402799999999999311e-03,1.437500000000000236e-02
7.411199999999999732e-03,1.468750000000000264e-02
7.419599999999999286e-03,1.468750000000000264e-02
7.427999999999999707e-03,1.437500000000000236e-02
7.436399999999999261e-03,1.375000000000000180e-02
7.444799999999999682e-03,1.312500000000000125e-02
7.453199999999999235e-03,1.281250000000000444e-02
7.461599999999999656e-03,1.187500000000000361e-02
7.469999999999999210e-03,1.156250000000000333e-02
7.478399999999999631e-03,1.093750000000000278e-02
7.486799999999999185e-03,1.031250000000000222e-02
7.495199999999999606e-03,1.000000000000000194e-02
7.503600000000000027e-03,9.375000000000001388e-03
7.511999999999999580e-03,9.062500000000001110e-03
7.520400000000000001e-03,8.437500000000004025e-03
7.528799999999999555e-03,8.125000000000003747e-03
7.537199999999999976e-03,8.125000000000003747e-03
7.545599999999999530e-03,7.500000000000003192e-03
7.553999999999999951e-03,7.187500000000002914e-03
7.562399999999999504e-03,6.875000000000002637e-03
7.570799999999999925e-03,6.250000000000002082e-03
7.579199999999999479e-03,6.250000000000002082e-03
7.587599999999999900e-03,6.250000000000002082e-03
7.595999999999999454e-03,5.937500000000001804e-03
7.604399999999999875e-03,6.250000000000002082e-03
7.612799999999999429e-03,6.250000000000002082e-03
7.621199999999999850e-03,6.562500000000002359e-03
7.629599999999999403e-03,6.875000000000002637e-03
7.637999999999999824e-03,8.125000000000003747e-03
7.646399999999999378e-03,9.375000000000001388e-03
7.654799999999999799e-03,1.000000000000000194e-02
7.663199999999999353e-03,1.187500000000000361e-02
7.671599999999999774e-03,1.312500000000000125e-02
7.679999999999999327e-03,1.468750000000000264e-02
7.688399999999999748e-03,1.593750000000000375e-02
7.696799999999999302e-03,1.812500000000000222e-02
7.705199999999999723e-03,1.906250000000000305e-02
7.713599999999999277e-03,2.062500000000000444e-02
7.721999999999999698e-03,2.156250000000000527e-02
7.730399999999999251e-03,2.281250000000000291e-02
7.738799999999999672e-03,2.312500000000000319e-02
7.747199999999999226e-03,2.375000000000000375e-02
7.755599999999999647e-03,2.406250000000000056e-02
7.763999999999999201e-03,2.437500000000000083e-02
7.772399999999999622e-03,2.468750000000000111e-02
7.780799999999999175e-03,2.406250000000000056e-02
7.789199999999999596e-03,2.406250000000000056e-02
7.797599999999999150e-03,2.312500000000000319e-02
7.805999999999999571e-03,2.250000000000000264e-02
7.814399999999999125e-03,2.187500000000000555e-02
7.822799999999999546e-03,2.125000000000000500e-02
7.831199999999999967e-03,2.031250000000000416e-02
7.839599999999998653e-03,1.968750000000000361e-02
7.847999999999999074e-03,1.906250000000000305e-02
7.856399999999999495e-03,1.812500000000000222e-02
7.864799999999999916e-03,1.750000000000000167e-02
7.873199999999998602e-03,1.687500000000000458e-02
7.881599999999999023e-03,1.656250000000000430e-02
7.889999999999999444e-03,1.500000000000000291e-02
7.898399999999999865e-03,1.531250000000000319e-02
7.906799999999998552e-03,1.406250000000000208e-02
7.915199999999998973e-03,1.437500000000000236e-02
7.923599999999999394e-03,1.375000000000000180e-02
7.931999999999999815e-03,1.406250000000000208e-02
7.940400000000000236e-03,1.437500000000000236e-02
7.948799999999998922e-03,1.468750000000000264e-02
7.957199999999999343e-03,1.562500000000000347e-02
7.965599999999999764e-03,1.625000000000000402e-02
7.974000000000000185e-03,1.750000000000000167e-02
7.982399999999998871e-03,1.906250000000000305e-02
7.990799999999999292e-03,1.968750000000000361e-02
7.999199999999999713e-03,2.187500000000000555e-02
8.007600000000000134e-03,2.218750000000000236e-02
8.015999999999998821e-03,2.437500000000000083e-02
8.024399999999999242e-03,2.531250000000000167e-02
8.032799999999999663e-03,2.718750000000000333e-02
8.041200000000000084e-03,2.843750000000000444e-02
8.049599999999998770e-03,2.968750000000000208e-02
8.057999999999999191e-03,3.062500000000000291e-02
8.066399999999999612e-03,3.125000000000000000e-02
8.074800000000000033e-03,3.250000000000000111e-02
8.083199999999998719e-03,3.375000000000000222e-02
8.091599999999999140e-03,3.375000000000000222e-02
8.099999999999999561e-03,3.468750000000000305e-02
8.108399999999999982e-03,3.500000000000000333e-02
8.116800000000000403e-03,3.468750000000000305e-02
8.125199999999999090e-03,3.468750000000000305e-02
8.133599999999999511e-03,3.437500000000000278e-02
8.141999999999999932e-03,3.406250000000000250e-02
8.150400000000000353e-03,3.312500000000000167e-02
8.158799999999999039e-03,3.281250000000000139e-02
8.167199999999999460e-03,3.218750000000000083e-02
8.175599999999999881e-03,3.093750000000000319e-02
8.184000000000000302e-03,3.062500000000000291e-02
8.192399999999998988e-03,2.906250000000000500e-02
8.200799999999999410e-03,2.906250000000000500e-02
8.209199999999999831e-03,2.812500000000000416e-02
8.217600000000000252e-03,2.750000000000000361e-02
8.225999999999998938e-03,2.687500000000000305e-02
8.234399999999999359e-03,2.625000000000000250e-02
8.242799999999999780e-03,2.625000000000000250e-02
8.251200000000000201e-03,2.562500000000000194e-02
8.259599999999998887e-03,2.562500000000000194e-02
8.267999999999999308e-03,2.562500000000000194e-02
8.276399999999999729e-03,2.562500000000000194e-02
8.284800000000000150e-03,2.593750000000000222e-02
8.293199999999998837e-03,2.656250000000000278e-02
8.301599999999999258e-03,2.750000000000000361e-02
8.309999999999999679e-03,2.781250000000000389e-02
8.318400000000000100e-03,2.968750000000000208e-02
8.326799999999998786e-03,3.062500000000000291e-02
8.335199999999999207e-03,3.156250000000000028e-02
8.343599999999999628e-03,3.218750000000000083e-02
8.352000000000000049e-03,3.343750000000000194e-02
8.360399999999998735e-03,3.406250000000000250e-02
8.368799999999999156e-03,3.500000000000000333e-02
8.377199999999999577e-03,3.562500000000000389e-02
8.385599999999999998e-03,3.656250000000000472e-02
8.393999999999998685e-03,3.718750000000000527e-02
8.402399999999999106e-03,3.781250000000000583e-02
8.410799999999999527e-03,3.906250000000000000e-02
8.419199999999999948e-03,3.906250000000000000e-02
8.427600000000000369e-03,3.968750000000000056e-02
8.435999999999999055e-03,4.000000000000000083e-02
8.444399999999999476e-03,4.031250000000000111e-02
8.452799999999999897e-03,4.000000000000000083e-02
8.461200000000000318e-03,3.968750000000000056e-02
8.469599999999999004e-03,3.906250000000000000e-02
8.477999999999999425e-03,3.812500000000000611e-02
8.486399999999999846e-03,3.750000000000000555e-02
8.494800000000000267e-03,3.593750000000000416e-02
8.503199999999998954e-03,3.500000000000000333e-02
8.511599999999999375e-03,3.375000000000000222e-02
8.519999999999999796e-03,3.250000000000000111e-02
8.528400000000000217e-03,3.093750000000000319e-02
8.536799999999998903e-03,3.000000000000000236e-02
8.545199999999999324e-03,2.906250000000000500e-02
8.553599999999999745e-03,2.750000000000000361e-02
8.562000000000000166e-03,2.656250000000000278e-02
8.570399999999998852e-03,2.531250000000000167e-02
8.578799999999999273e-03,2.437500000000000083e-02
8.587199999999999694e-03,2.375000000000000375e-02
8.595600000000000115e-03,2.281250000000000291e-02
8.603999999999998802e-03,2.218750000000000236e-02
8.612399999999999223e-03,2.187500000000000555e-02
8.620799999999999644e-03,2.156250000000000527e-02
8.629200000000000065e-03,2.156250000000000527e-02
8.637599999999998751e-03,2.156250000000000527e-02
8.645999999999999172e-03,2.218750000000000236e-02
8.654399999999999593e-03,2.250000000000000264e-02
8.662800000000000014e-03,2.343750000000000347e-02
8.671199999999998700e-03,2.468750000000000111e-02
8.679599999999999121e-03,2.593750000000000222e-02
8.687999999999999542e-03,2.687500000000000305e-02
8.696399999999999963e-03,2.750000000000000361e-02
8.704799999999998650e-03,2.875000000000000472e-02
8.713199999999999071e-03,3.000000000000000236e-02
8.721599999999999492e-03,3.093750000000000319e-02
8.729999999999999913e-03,3.187500000000000056e-02
8.738400000000000334e-03,3.281250000000000139e-02
8.746799999999999020e-03,3.406250000000000250e-02
8.755199999999999441e-03,3.437500000000000278e-02
8.763599999999999862e-03,3.468750000000000305e-02
8.772000000000000283e-03,3.468750000000000305e-02
8.780399999999998970e-03,3.531250000000000361e-02
8.788799999999999391e-03,3.531250000000000361e-02
8.797199999999999812e-03,3.500000000000000333e-02
8.805600000000000233e-03,3.437500000000000278e-02
8.813999999999998919e-03,3.375000000000000222e-02
8.822399999999999340e-03,3.281250000000000139e-02
8.830799999999999761e-03,3.218750000000000083e-02
8.839200000000000182e-03,3.093750000000000319e-02
8.847599999999998868e-03,3.031250000000000264e-02
8.855999999999999289e-03,2.968750000000000208e-02
8.864399999999999710e-03,2.812500000000000416e-02
8.872800000000000131e-03,2.718750000000000333e-02
8.881199999999998818e-03,2.656250000000000278e-02
8.889599999999999239e-03,2.562500000000000194e-02
8.897999999999999660e-03,2.500000000000000139e-02
8.906400000000000081e-03,2.406250000000000056e-02
8.914799999999998767e-03,2.375000000000000375e-02
8.923199999999999188e-03,2.343750000000000347e-02
8.931599999999999609e-03,2.281250000000000291e-02
8.940000000000000030e-03,2.218750000000000236e-02
8.948399999999998716e-03,2.218750000000000236e-02
8.956799999999999137e-03,2.250000000000000264e-02
8.965199999999999558e-03,2.281250000000000291e-02
8.973599999999999979e-03,2.312500000000000319e-02
8.981999999999998666e-03,2.406250000000000056e-02
8.990399999999999087e-03,2.468750000000000111e-02
8.998799999999999508e-03,2.531250000000000167e-02
9.007199999999999929e-03,2.687500000000000305e-02
9.015599999999998615e-03,2.750000000000000361e-02
9.023999999999999036e-03,2.906250000000000500e-02
9.032399999999999457e-03,3.031250000000000264e-02
9.040799999999999878e-03,3.125000000000000000e-02
9.049200000000000299e-03,3.156250000000000028e-02
9.057599999999998985e-03,3.343750000000000194e-02
9.065999999999999406e-03,3.406250000000000250e-02
9.074399999999999827e-03,3.531250000000000361e-02
9.082800000000000248e-03,3.562500000000000389e-02
9.091199999999998935e-03,3.656250000000000472e-02
9.099599999999999356e-03,3.687500000000000500e-02
9.107999999999999777e-03,3.750000000000000555e-02
9.116400000000000198e-03,3.781250000000000583e-02
9.124799999999998884e-03,3.781250000000000583e-02
9.133199999999999305e-03,3.781250000000000583e-02
9.141599999999999726e-03,3.750000000000000555e-02
9.150000000000000147e-03,3.656250000000000472e-02
9.158399999999998833e-03,3.625000000000000444e-02
9.166799999999999254e-03,3.531250000000000361e-02
9.175199999999999675e-03,3.468750000000000305e-02
9.183600000000000096e-03,3.281250000000000139e-02
9.191999999999998783e-03,3.281250000000000139e-02
9.200399999999999204e-03,3.093750000000000319e-02
9.208799999999999625e-03,3.000000000000000236e-02
9.217200000000000046e-03,2.906250000000000500e-02
9.225599999999998732e-03,2.812500000000000416e-02
9.233999999999999153e-03,2.750000000000000361e-02
9.242399999999999574e-03,2.656250000000000278e-02
9.250799999999999995e-03,2.593750000000000222e-02
9.259199999999998681e-03,2.562500000000000194e-02
9.267599999999999102e-03,2.468750000000000111e-02
9.275999999999999523e-03,2.468750000000000111e-02
9.284399999999999945e-03,2.468750000000000111e-02
9.292799999999998631e-03,2.468750000000000111e-02
9.301199999999999052e-03,2.468750000000000111e-02
9.309599999999999473e-03,2.531250000000000167e-02
9.317999999999999894e-03,2.625000000000000250e-02
9.326399999999998580e-03,2.750000000000000361e-02
9.334799999999999001e-03,2.812500000000000416e-02
9.343199999999999422e-03,2.937500000000000527e-02
9.351599999999999843e-03,3.000000000000000236e-02
9.360000000000000264e-03,3.187500000000000056e-02
9.368399999999998951e-03,3.250000000000000111e-02
9.376799999999999372e-03,3.375000000000000222e-02
9.385199999999999793e-03,3.406250000000000250e-02
9.393600000000000214e-03,3.531250000000000361e-02
9.401999999999998900e-03,3.562500000000000389e-02
9.410399999999999321e-03,3.656250000000000472e-02
9.418799999999999742e-03,3.718750000000000527e-02
9.427200000000000163e-03,3.781250000000000583e-02
9.435599999999998849e-03,3.843750000000000638e-02
9.443999999999999270e-03,3.906250000000000000e-02
9.452399999999999691e-03,3.937500000000000722e-02
9.460800000000000112e-03,4.031250000000000111e-02
9.469199999999998799e-03,4.031250000000000111e-02
9.477599999999999220e-03,4.031250000000000111e-02
9.485999999999999641e-03,3.968750000000000056e-02
9.494400000000000062e-03,3.968750000000000056e-02
9.502799999999998748e-03,3.968750000000000056e-02
9.511199999999999169e-03,3.937500000000000722e-02
9.519599999999999590e-03,3.906250000000000000e-02
9.528000000000000011e-03,3.812500000000000611e-02
9.536399999999998697e-03,3.750000000000000555e-02
9.544799999999999118e-03,3.687500000000000500e-02
9.553199999999999539e-03,3.625000000000000444e-02
9.561599999999999960e-03,3.593750000000000416e-02
9.569999999999998647e-03,3.531250000000000361e-02
9.578399999999999068e-03,3.468750000000000305e-02
9.586799999999999489e-03,3.437500000000000278e-02
9.595199999999999910e-03,3.406250000000000250e-02
9.603599999999998596e-03,3.406250000000000250e-02
9.611999999999999017e-03,3.375000000000000222e-02
9.620399999999999438e-03,3.406250000000000250e-02
9.628799999999999859e-03,3.406250000000000250e-02
9.637199999999998545e-03,3.468750000000000305e-02
9.645599999999998966e-03,3.531250000000000361e-02
9.653999999999999387e-03,3.531250000000000361e-02
9.662399999999999808e-03,3.593750000000000416e-02
9.670800000000000229e-03,3.625000000000000444e-02
9.679199999999998916e-03,3.750000000000000555e-02
9.687599999999999337e-03,3.750000000000000555e-02
9.695999999999999758e-03,3.781250000000000583e-02
9.704400000000000179e-03,3.812500000000000611e-02
9.712799999999998865e-03,3.812500000000000611e-02
9.721199999999999286e-03,3.875000000000000666e-02
9.729599999999999707e-03,3.843750000000000638e-02
9.738000000000000128e-03,3.906250000000000000e-02
9.746399999999998814e-03,3.875000000000000666e-02
9.754799999999999235e-03,3.906250000000000000e-02
9.763199999999999656e-03,3.968750000000000056e-02
9.771600000000000077e-03,3.968750000000000056e-02
9.779999999999998764e-03,4.062500000000000139e-02
9.788399999999999185e-03,4.093750000000000167e-02
9.796799999999999606e-03,4.125000000000000194e-02
9.805200000000000027e-03,4.187500000000000250e-02
9.813599999999998713e-03,4.250000000000000305e-02
9.821999999999999134e-03,4.250000000000000305e-02
9.830399999999999555e-03,4.218750000000000278e-02
9.838799999999999976e-03,4.250000000000000305e-02
9.847199999999998662e-03,4.187500000000000250e-02
9.855599999999999083e-03,4.187500000000000250e-02
9.863999999999999505e-03,4.125000000000000194e-02
9.872399999999999926e-03,4.093750000000000167e-02
9.880799999999998612e-03,4.000000000000000083e-02
9.889199999999999033e-03,4.000000000000000083e-02
9.897599999999999454e-03,3.906250000000000000e-02
9.905999999999999875e-03,3.875000000000000666e-02
9.914399999999998561e-03,3.812500000000000611e-02
9.922799999999998982e-03,3.812500000000000611e-02
9.931199999999999403e-03,3.781250000000000583e-02
9.939599999999999824e-03,3.750000000000000555e-02
9.947999999999998511e-03,3.781250000000000583e-02
9.956399999999998932e-03,3.781250000000000583e-02
9.964799999999999353e-03,3.781250000000000583e-02
9.973199999999999774e-03,3.843750000000000638e-02
9.981600000000000195e-03,3.875000000000000666e-02
9.989999999999998881e-03,3.937500000000000722e-02
9.998399999999999302e-03,3.968750000000000056e-02
1.000679999999999972e-02,4.062500000000000139e-02
1.001520000000000014e-02,4.093750000000000167e-02
1.002359999999999883e-02,4.125000000000000194e-02
1.003199999999999925e-02,4.125000000000000194e-02
1.004039999999999967e-02,4.125000000000000194e-02
1.004880000000000009e-02,4.062500000000000139e-02
1.005719999999999878e-02,4.062500000000000139e-02
1.006559999999999920e-02,4.031250000000000111e-02
1.007399999999999962e-02,4.000000000000000083e-02
1.008240000000000004e-02,3.968750000000000056e-02
1.009079999999999873e-02,3.968750000000000056e-02
1.009919999999999915e-02,3.937500000000000722e-02
1.010759999999999957e-02,3.968750000000000056e-02
1.011599999999999999e-02,3.968750000000000056e-02
1.012439999999999868e-02,4.000000000000000083e-02
1.013279999999999910e-02,4.062500000000000139e-02
1.014119999999999952e-02,4.125000000000000194e-02
1.014959999999999994e-02,4.125000000000000194e-02
1.015799999999999863e-02,4.156250000000000222e-02
1.016639999999999905e-02,4.187500000000000250e-02
1.017479999999999947e-02,4.218750000000000278e-02
1.018319999999999989e-02,4.218750000000000278e-02
1.019159999999999858e-02,4.187500000000000250e-02
1.019999999999999900e-02,4.218750000000000278e-02
1.020839999999999942e-02,4.218750000000000278e-02
1.021679999999999984e-02,4.187500000000000250e-02
1.022519999999999853e-02,4.156250000000000222e-02
1.023359999999999895e-02,4.156250000000000222e-02
1.024199999999999937e-02,4.125000000000000194e-02
1.025039999999999979e-02,4.156250000000000222e-02
1.025880000000000021e-02,4.062500000000000139e-02
1.026719999999999890e-02,4.062500000000000139e-02
1.027559999999999932e-02,4.062500000000000139e-02
1.028399999999999974e-02,4.062500000000000139e-02
1.029240000000000016e-02,4.000000000000000083e-02
1.030079999999999885e-02,4.062500000000000139e-02
1.030919999999999927e-02,4.031250000000000111e-02
1.031759999999999969e-02,4.062500000000000139e-02
1.032600000000000011e-02,4.093750000000000167e-02
1.033439999999999880e-02,4.125000000000000194e-02
1.034279999999999922e-02,4.125000000000000194e-02
1.035119999999999964e-02,4.187500000000000250e-02
1.035960000000000006e-02,4.156250000000000222e-02
1.036799999999999874e-02,4.125000000000000194e-02
1.037639999999999917e-02,4.125000000000000194e-02
1.038479999999999959e-02,4.093750000000000167e-02
1.039320000000000001e-02,4.062500000000000139e-02
1.040159999999999869e-02,4.000000000000000083e-02
1.040999999999999912e-02,3.968750000000000056e-02
1.041839999999999954e-02,3.937500000000000722e-02
1.042679999999999996e-02,3.906250000000000000e-02
1.043519999999999864e-02,3.875000000000000666e-02
1.044359999999999906e-02,3.875000000000000666e-02
1.045199999999999949e-02,3.875000000000000666e-02
1.046039999999999991e-02,3.906250000000000000e-02
1.046879999999999859e-02,3.937500000000000722e-02
1.047719999999999901e-02,3.968750000000000056e-02
1.048559999999999943e-02,4.000000000000000083e-02
1.049399999999999986e-02,4.062500000000000139e-02
1.050239999999999854e-02,4.093750000000000167e-02
1.051079999999999896e-02,4.093750000000000167e-02
1.051919999999999938e-02,4.125000000000000194e-02
1.052759999999999981e-02,4.187500000000000250e-02
1.053599999999999849e-02,4.156250000000000222e-02
1.054439999999999891e-02,4.156250000000000222e-02
1.055279999999999933e-02,4.187500000000000250e-02
1.056119999999999975e-02,4.187500000000000250e-02
1.056960000000000018e-02,4.187500000000000250e-02
1.057799999999999886e-02,4.187500000000000250e-02
1.058639999999999928e-02,4.218750000000000278e-02
1.059479999999999970e-02,4.218750000000000278e-02
1.060320000000000012e-02,4.218750000000000278e-02
1.061159999999999881e-02,4.218750000000000278e-02
1.061999999999999923e-02,4.218750000000000278e-02
1.062839999999999965e-02,4.250000000000000305e-02
1.063680000000000007e-02,4.281250000000000333e-02
1.064519999999999876e-02,4.312500000000000361e-02
1.065359999999999918e-02,4.312500000000000361e-02
1.066199999999999960e-02,3.781250000000000583e-02
1.067040000000000002e-02,3.781250000000000583e-02
1.067879999999999871e-02,3.687500000000000500e-02
1.068719999999999913e-02,3.625000000000000444e-02
1.069559999999999955e-02,3.531250000000000361e-02
1.070399999999999997e-02,3.437500000000000278e-02
1.071239999999999866e-02,3.281250000000000139e-02
1.072079999999999908e-02,3.187500000000000056e-02
1.072919999999999950e-02,3.000000000000000236e-02
1.073759999999999992e-02,2.937500000000000527e-02
1.074599999999999861e-02,2.750000000000000361e-02
1.075439999999999903e-02,2.625000000000000250e-02
1.076279999999999945e-02,2.531250000000000167e-02
1.077119999999999987e-02,2.437500000000000083e-02
1.077959999999999856e-02,2.375000000000000375e-02
1.078799999999999898e-02,2.312500000000000319e-02
1.079639999999999940e-02,2.281250000000000291e-02
1.080479999999999982e-02,2.250000000000000264e-02
1.081319999999999851e-02,2.281250000000000291e-02
1.082159999999999893e-02,2.281250000000000291e-02
1.082999999999999935e-02,2.375000000000000375e-02
1.083839999999999977e-02,2.406250000000000056e-02
1.084679999999999846e-02,2.468750000000000111e-02
1.085519999999999888e-02,2.562500000000000194e-02
1.086359999999999930e-02,2.593750000000000222e-02
1.087199999999999972e-02,2.750000000000000361e-02
1.088040000000000014e-02,2.781250000000000389e-02
1.088879999999999883e-02,2.937500000000000527e-02
1.089719999999999925e-02,2.968750000000000208e-02
1.090559999999999967e-02,3.031250000000000264e-02
1.091400000000000009e-02,3.125000000000000000e-02
1.092239999999999878e-02,3.218750000000000083e-02
1.093079999999999920e-02,3.281250000000000139e-02
1.093919999999999962e-02,3.343750000000000194e-02
1.094760000000000004e-02,3.375000000000000222e-02
1.095599999999999873e-02,3.468750000000000305e-02
1.096439999999999915e-02,3.468750000000000305e-02
1.097279999999999957e-02,3.531250000000000361e-02
1.098119999999999999e-02,3.562500000000000389e-02
1.098959999999999868e-02,3.562500000000000389e-02
1.099799999999999910e-02,3.562500000000000389e-02
1.100639999999999952e-02,3.500000000000000333e-02
1.101479999999999994e-02,3.468750000000000305e-02
1.102319999999999862e-02,3.406250000000000250e-02
1.103159999999999905e-02,3.375000000000000222e-02
1.103999999999999947e-02,3.250000000000000111e-02
1.104839999999999989e-02,3.125000000000000000e-02
1.105679999999999857e-02,3.031250000000000264e-02
1.106519999999999899e-02,2.937500000000000527e-02
1.107359999999999942e-02,2.750000000000000361e-02
1.108199999999999984e-02,2.656250000000000278e-02
1.109039999999999852e-02,2.562500000000000194e-02
1.109879999999999894e-02,2.468750000000000111e-02
1.110719999999999937e-02,2.343750000000000347e-02
1.111559999999999979e-02,2.281250000000000291e-02
1.112399999999999847e-02,2.250000000000000264e-02
1.113239999999999889e-02,2.187500000000000555e-02
1.114079999999999931e-02,2.187500000000000555e-02
1.114919999999999974e-02,2.218750000000000236e-02
1.115759999999999842e-02,2.218750000000000236e-02
1.116599999999999884e-02,2.281250000000000291e-02
1.117439999999999926e-02,2.343750000000000347e-02
1.118279999999999968e-02,2.375000000000000375e-02
1.119120000000000011e-02,2.468750000000000111e-02
1.119959999999999879e-02,2.562500000000000194e-02
1.120799999999999921e-02,2.625000000000000250e-02
1.121639999999999963e-02,2.750000000000000361e-02
1.122480000000000006e-02,2.812500000000000416e-02
1.123319999999999874e-02,2.906250000000000500e-02
1.124159999999999916e-02,3.000000000000000236e-02
1.124999999999999958e-02,3.062500000000000291e-02
1.125840000000000000e-02,3.187500000000000056e-02
1.126679999999999869e-02,3.281250000000000139e-02
1.127519999999999911e-02,3.281250000000000139e-02
1.128359999999999953e-02,3.343750000000000194e-02
1.129199999999999995e-02,3.406250000000000250e-02
1.130039999999999864e-02,3.437500000000000278e-02
1.130879999999999906e-02,3.437500000000000278e-02
1.131719999999999948e-02,3.468750000000000305e-02
1.132559999999999990e-02,3.468750000000000305e-02
1.133399999999999859e-02,3.437500000000000278e-02
1.134239999999999901e-02,3.468750000000000305e-02
1.135079999999999943e-02,3.375000000000000222e-02
1.135919999999999985e-02,3.312500000000000167e-02
1.136759999999999854e-02,3.250000000000000111e-02
1.137599999999999896e-02,3.062500000000000291e-02
1.138439999999999938e-02,2.968750000000000208e-02
1.139279999999999980e-02,2.843750000000000444e-02
1.140119999999999849e-02,2.687500000000000305e-02
1.140959999999999891e-02,2.562500000000000194e-02
1.141799999999999933e-02,2.468750000000000111e-02
1.142639999999999975e-02,2.375000000000000375e-02
1.143479999999999844e-02,2.187500000000000555e-02
1.144319999999999886e-02,2.156250000000000527e-02
1.145159999999999928e-02,2.062500000000000444e-02
1.145999999999999970e-02,1.937500000000000333e-02
1.146839999999999839e-02,1.906250000000000305e-02
1.147679999999999881e-02,1.843750000000000250e-02
1.148519999999999923e-02,1.843750000000000250e-02
1.149359999999999965e-02,1.843750000000000250e-02
1.150200000000000007e-02,1.843750000000000250e-02
1.151039999999999876e-02,1.875000000000000278e-02
1.151879999999999918e-02,1.968750000000000361e-02
1.152719999999999960e-02,2.000000000000000389e-02
1.153560000000000002e-02,2.093750000000000472e-02
1.154399999999999871e-02,2.187500000000000555e-02
1.155239999999999913e-02,2.343750000000000347e-02
1.156079999999999955e-02,2.406250000000000056e-02
1.156919999999999997e-02,2.500000000000000139e-02
1.157759999999999866e-02,2.593750000000000222e-02
1.158599999999999908e-02,2.687500000000000305e-02
1.159439999999999950e-02,2.781250000000000389e-02
1.160279999999999992e-02,2.875000000000000472e-02
1.161119999999999861e-02,2.906250000000000500e-02
1.161959999999999903e-02,3.031250000000000264e-02
1.162799999999999945e-02,3.031250000000000264e-02
1.163639999999999987e-02,3.125000000000000000e-02
1.164479999999999855e-02,3.125000000000000000e-02
1.165319999999999898e-02,3.156250000000000028e-02
1.166159999999999940e-02,3.187500000000000056e-02
1.166999999999999982e-02,3.156250000000000028e-02
1.167839999999999850e-02,3.156250000000000028e-02
1.168679999999999893e-02,3.093750000000000319e-02
1.169519999999999935e-02,3.031250000000000264e-02
1.170359999999999977e-02,2.968750000000000208e-02
1.171199999999999845e-02,2.875000000000000472e-02
1.172039999999999887e-02,2.781250000000000389e-02
1.172879999999999930e-02,2.625000000000000250e-02
1.173719999999999972e-02,2.500000000000000139e-02
1.174559999999999840e-02,2.406250000000000056e-02
1.175399999999999882e-02,2.250000000000000264e-02
1.176239999999999924e-02,2.156250000000000527e-02
1.177079999999999967e-02,2.062500000000000444e-02
1.177919999999999835e-02,1.937500000000000333e-02
1.178759999999999877e-02,1.875000000000000278e-02
1.179599999999999919e-02,1.812500000000000222e-02
1.180439999999999962e-02,1.781250000000000194e-02
1.181280000000000004e-02,1.687500000000000458e-02
1.182119999999999872e-02,1.656250000000000430e-02
1.182959999999999914e-02,1.656250000000000430e-02
1.183799999999999956e-02,1.687500000000000458e-02
1.184639999999999999e-02,1.687500000000000458e-02
1.185479999999999867e-02,1.750000000000000167e-02
1.186319999999999909e-02,1.781250000000000194e-02
1.187159999999999951e-02,1.875000000000000278e-02
1.187999999999999994e-02,1.906250000000000305e-02
1.188839999999999862e-02,2.062500000000000444e-02
1.189679999999999904e-02,2.125000000000000500e-02
1.190519999999999946e-02,2.156250000000000527e-02
1.191359999999999988e-02,2.250000000000000264e-02
1.192199999999999857e-02,2.375000000000000375e-02
1.193039999999999899e-02,2.406250000000000056e-02
1.193879999999999941e-02,2.531250000000000167e-02
1.194719999999999983e-02,2.562500000000000194e-02
1.195559999999999852e-02,2.656250000000000278e-02
1.196399999999999894e-02,2.687500000000000305e-02
1.197239999999999936e-02,2.718750000000000333e-02
1.198079999999999978e-02,2.781250000000000389e-02
1.198919999999999847e-02,2.750000000000000361e-02
1.199759999999999889e-02,2.781250000000000389e-02
1.200599999999999931e-02,2.781250000000000389e-02
1.201439999999999973e-02,2.718750000000000333e-02
1.202279999999999842e-02,2.656250000000000278e-02
1.203119999999999884e-02,2.562500000000000194e-02
1.203959999999999926e-02,2.500000000000000139e-02
1.204799999999999968e-02,2.406250000000000056e-02
1.205639999999999837e-02,2.250000000000000264e-02
1.206479999999999879e-02,2.218750000000000236e-02
1.207319999999999921e-02,2.031250000000000416e-02
1.208159999999999963e-02,1.937500000000000333e-02
1.208999999999999832e-02,1.812500000000000222e-02
1.209839999999999874e-02,1.750000000000000167e-02
1.210679999999999916e-02,1.656250000000000430e-02
1.211519999999999958e-02,1.562500000000000347e-02
1.212360000000000000e-02,1.468750000000000264e-02
1.213199999999999869e-02,1.406250000000000208e-02
1.214039999999999911e-02,1.375000000000000180e-02
1.214879999999999953e-02,1.281250000000000444e-02
1.215719999999999995e-02,1.250000000000000416e-02
1.216559999999999864e-02,1.250000000000000416e-02
1.217399999999999906e-02,1.250000000000000416e-02
1.218239999999999948e-02,1.281250000000000444e-02
1.219079999999999990e-02,1.281250000000000444e-02
1.219919999999999859e-02,1.375000000000000180e-02
1.220759999999999901e-02,1.406250000000000208e-02
1.221599999999999943e-02,1.531250000000000319e-02
1.222439999999999985e-02,1.593750000000000375e-02
1.223279999999999854e-02,1.625000000000000402e-02
1.224119999999999896e-02,1.750000000000000167e-02
1.224959999999999938e-02,1.843750000000000250e-02
1.225799999999999980e-02,2.000000000000000389e-02
1.226639999999999849e-02,2.031250000000000416e-02
1.227479999999999891e-02,2.125000000000000500e-02
1.228319999999999933e-02,2.187500000000000555e-02
1.229159999999999975e-02,2.250000000000000264e-02
1.229999999999999843e-02,2.343750000000000347e-02
1.230839999999999886e-02,2.406250000000000056e-02
1.231679999999999928e-02,2.437500000000000083e-02
1.232519999999999970e-02,2.437500000000000083e-02
1.233359999999999838e-02,2.468750000000000111e-02
1.234199999999999880e-02,2.437500000000000083e-02
1.235039999999999923e-02,2.437500000000000083e-02
1.235879999999999965e-02,2.406250000000000056e-02
1.236719999999999833e-02,2.312500000000000319e-02
1.237559999999999875e-02,2.187500000000000555e-02
1.238399999999999918e-02,2.187500000000000555e-02
1.239239999999999960e-02,2.000000000000000389e-02
1.240079999999999828e-02,1.906250000000000305e-02
1.240919999999999870e-02,1.843750000000000250e-02
1.241759999999999912e-02,1.750000000000000167e-02
1.242599999999999955e-02,1.656250000000000430e-02
1.243439999999999997e-02,1.531250000000000319e-02
1.244279999999999865e-02,1.468750000000000264e-02
1.245119999999999907e-02,1.406250000000000208e-02
1.245959999999999950e-02,1.343750000000000153e-02
1.246799999999999992e-02,1.218750000000000389e-02
1.247639999999999860e-02,1.218750000000000389e-02
1.248479999999999902e-02,1.156250000000000333e-02
1.249319999999999944e-02,1.093750000000000278e-02
1.250159999999999987e-02,1.062500000000000250e-02
1.250999999999999855e-02,1.093750000000000278e-02
1.251839999999999897e-02,1.000000000000000194e-02
1.252679999999999939e-02,1.062500000000000250e-02
1.253519999999999981e-02,1.062500000000000250e-02
1.254359999999999850e-02,1.093750000000000278e-02
1.255199999999999892e-02,1.187500000000000361e-02
1.256039999999999934e-02,1.250000000000000416e-02
1.256879999999999976e-02,1.281250000000000444e-02
1.257719999999999845e-02,1.406250000000000208e-02
1.258559999999999887e-02,1.437500000000000236e-02
1.259399999999999929e-02,1.562500000000000347e-02
1.260239999999999971e-02,1.593750000000000375e-02
1.261079999999999840e-02,1.718750000000000139e-02
1.261919999999999882e-02,1.750000000000000167e-02
1.262759999999999924e-02,1.812500000000000222e-02
1.263599999999999966e-02,1.875000000000000278e-02
1.264439999999999835e-02,1.875000000000000278e-02
1.265279999999999877e-02,1.937500000000000333e-02
1.266119999999999919e-02,1.937500000000000333e-02
1.266959999999999961e-02,1.937500000000000333e-02
1.267799999999999830e-02,1.937500000000000333e-02
1.268639999999999872e-02,1.875000000000000278e-02
1.269479999999999914e-02,1.875000000000000278e-02
1.270319999999999956e-02,1.781250000000000194e-02
1.271159999999999825e-02,1.718750000000000139e-02
1.271999999999999867e-02,1.656250000000000430e-02
1.272839999999999909e-02,1.593750000000000375e-02
1.273679999999999951e-02,1.531250000000000319e-02
1.274519999999999993e-02,1.437500000000000236e-02
1.275359999999999862e-02,1.375000000000000180e-02
1.276199999999999904e-02,1.281250000000000444e-02
1.277039999999999946e-02,1.187500000000000361e-02
1.277879999999999988e-02,1.156250000000000333e-02
1.278719999999999857e-02,1.125000000000000305e-02
1.279559999999999899e-02,1.062500000000000250e-02
1.280399999999999941e-02,1.062500000000000250e-02
1.281239999999999983e-02,1.000000000000000194e-02
1.282079999999999852e-02,9.375000000000001388e-03
1.282919999999999894e-02,8.750000000000004302e-03
1.283759999999999936e-02,8.750000000000004302e-03
1.284599999999999978e-02,8.437500000000004025e-03
1.285439999999999847e-02,8.125000000000003747e-03
1.286279999999999889e-02,8.125000000000003747e-03
1.287119999999999931e-02,8.437500000000004025e-03
1.287959999999999973e-02,9.062500000000001110e-03
1.288799999999999842e-02,9.062500000000001110e-03
1.289639999999999884e-02,1.000000000000000194e-02
1.290479999999999926e-02,1.093750000000000278e-02
1.291319999999999968e-02,1.187500000000000361e-02
1.292159999999999836e-02,1.250000000000000416e-02
1.292999999999999879e-02,1.375000000000000180e-02
1.293839999999999921e-02,1.437500000000000236e-02
1.294679999999999963e-02,1.593750000000000375e-02
1.295519999999999831e-02,1.625000000000000402e-02
1.296359999999999874e-02,1.687500000000000458e-02
1.297199999999999916e-02,1.781250000000000194e-02
1.298039999999999958e-02,1.812500000000000222e-02
1.298879999999999826e-02,1.875000000000000278e-02
1.299719999999999868e-02,1.875000000000000278e-02
1.300559999999999911e-02,1.937500000000000333e-02
1.301399999999999953e-02,1.937500000000000333e-02
1.302239999999999821e-02,1.906250000000000305e-02
1.303079999999999863e-02,1.875000000000000278e-02
1.303919999999999906e-02,1.843750000000000250e-02
1.304759999999999948e-02,1.750000000000000167e-02
1.305599999999999990e-02,1.687500000000000458e-02
1.306439999999999858e-02,1.625000000000000402e-02
1.307279999999999900e-02,1.531250000000000319e-02
1.308119999999999943e-02,1.468750000000000264e-02
1.308959999999999985e-02,1.343750000000000153e-02
1.309799999999999853e-02,1.312500000000000125e-02
1.310639999999999895e-02,1.218750000000000389e-02
1.311479999999999937e-02,1.218750000000000389e-02
1.312319999999999980e-02,1.156250000000000333e-02
1.313159999999999848e-02,1.062500000000000250e-02
1.313999999999999890e-02,1.062500000000000250e-02
1.314839999999999932e-02,9.687500000000001665e-03
1.315679999999999975e-02,9.687500000000001665e-03
1.316519999999999843e-02,9.375000000000001388e-03
1.317359999999999885e-02,8.750000000000004302e-03
1.318199999999999927e-02,8.437500000000004025e-03
1.319039999999999969e-02,8.437500000000004025e-03
1.319879999999999838e-02,8.125000000000003747e-03
1.320719999999999880e-02,8.125000000000003747e-03
1.321559999999999922e-02,8.437500000000004025e-03
1.322399999999999964e-02,9.062500000000001110e-03
1.323239999999999833e-02,9.687500000000001665e-03
1.324079999999999875e-02,1.031250000000000222e-02
1.324919999999999917e-02,1.093750000000000278e-02
1.325759999999999959e-02,1.187500000000000361e-02
1.326599999999999828e-02,1.312500000000000125e-02
1.327439999999999870e-02,1.406250000000000208e-02
1.328279999999999912e-02,1.437500000000000236e-02
1.329119999999999954e-02,1.562500000000000347e-02
1.329959999999999823e-02,1.625000000000000402e-02
1.330799999999999865e-02,1.687500000000000458e-02
1.331639999999999907e-02,1.750000000000000167e-02
1.332479999999999949e-02,1.812500000000000222e-02
1.333319999999999991e-02,1.843750000000000250e-02
1.334159999999999860e-02,1.875000000000000278e-02
1.334999999999999902e-02,1.875000000000000278e-02
1.335839999999999944e-02,1.875000000000000278e-02
1.336679999999999986e-02,1.875000000000000278e-02
1.337519999999999855e-02,1.843750000000000250e-02
1.338359999999999897e-02,1.781250000000000194e-02
1.339199999999999939e-02,1.656250000000000430e-02
1.340039999999999981e-02,1.625000000000000402e-02
1.340879999999999850e-02,1.562500000000000347e-02
1.341719999999999892e-02,1.468750000000000264e-02
1.342559999999999934e-02,1.406250000000000208e-02
1.343399999999999976e-02,1.281250000000000444e-02
1.344239999999999845e-02,1.250000000000000416e-02
1.345079999999999887e-02,1.156250000000000333e-02
1.345919999999999929e-02,1.125000000000000305e-02
1.346759999999999971e-02,1.062500000000000250e-02
1.347599999999999840e-02,1.031250000000000222e-02
1.348439999999999882e-02,9.687500000000001665e-03
1.349279999999999924e-02,9.375000000000001388e-03
1.350119999999999966e-02,9.062500000000001110e-03
1.350959999999999835e-02,8.750000000000004302e-03
1.351799999999999877e-02,8.437500000000004025e-03
1.352639999999999919e-02,8.437500000000004025e-03
1.353479999999999961e-02,8.437500000000004025e-03
1.354319999999999830e-02,8.750000000000004302e-03
1.355159999999999872e-02,8.750000000000004302e-03
1.355999999999999914e-02,9.375000000000001388e-03
1.356839999999999956e-02,1.000000000000000194e-02
1.357679999999999824e-02,1.093750000000000278e-02
1.358519999999999867e-02,1.093750000000000278e-02
1.359359999999999909e-02,1.250000000000000416e-02
1.360199999999999951e-02,1.281250000000000444e-02
1.361039999999999819e-02,1.375000000000000180e-02
1.361879999999999862e-02,1.468750000000000264e-02
1.362719999999999904e-02,1.562500000000000347e-02
1.363559999999999946e-02,1.656250000000000430e-02
1.364399999999999988e-02,1.687500000000000458e-02
1.365239999999999856e-02,1.750000000000000167e-02
1.366079999999999899e-02,1.750000000000000167e-02
1.366919999999999941e-02,1.812500000000000222e-02
1.367759999999999983e-02,1.843750000000000250e-02
1.368599999999999851e-02,1.843750000000000250e-02
1.369439999999999893e-02,1.843750000000000250e-02
1.370279999999999936e-02,1.812500000000000222e-02
1.371119999999999978e-02,1.781250000000000194e-02
1.371959999999999846e-02,1.718750000000000139e-02
1.372799999999999888e-02,1.625000000000000402e-02
1.373639999999999931e-02,1.562500000000000347e-02
1.374479999999999973e-02,1.468750000000000264e-02
1.375319999999999841e-02,1.406250000000000208e-02
1.376159999999999883e-02,1.343750000000000153e-02
1.376999999999999925e-02,1.250000000000000416e-02
1.377839999999999968e-02,1.218750000000000389e-02
1.378679999999999836e-02,1.156250000000000333e-02
1.379519999999999878e-02,1.125000000000000305e-02
1.380359999999999920e-02,1.093750000000000278e-02
1.381199999999999962e-02,1.062500000000000250e-02
1.382039999999999831e-02,1.000000000000000194e-02
1.382879999999999873e-02,1.000000000000000194e-02
1.383719999999999915e-02,9.375000000000001388e-03
1.384559999999999957e-02,9.375000000000001388e-03
1.385399999999999826e-02,8.750000000000004302e-03
1.386239999999999868e-02,8.125000000000003747e-03
1.387079999999999910e-02,7.812500000000003469e-03
1.387919999999999952e-02,7.500000000000003192e-03
1.388759999999999821e-02,7.500000000000003192e-03
1.389599999999999863e-02,7.812500000000003469e-03
1.390439999999999905e-02,7.812500000000003469e-03
1.391279999999999947e-02,8.125000000000003747e-03
1.392119999999999816e-02,8.437500000000004025e-03
1.392959999999999858e-02,9.062500000000001110e-03
1.393799999999999900e-02,9.375000000000001388e-03
1.394639999999999942e-02,1.031250000000000222e-02
1.395479999999999984e-02,1.093750000000000278e-02
1.396319999999999853e-02,1.187500000000000361e-02
1.397159999999999895e-02,1.187500000000000361e-02
1.397999999999999937e-02,1.250000000000000416e-02
1.398839999999999979e-02,1.281250000000000444e-02
1.399679999999999848e-02,1.312500000000000125e-02
1.400519999999999890e-02,1.312500000000000125e-02
1.401359999999999932e-02,1.343750000000000153e-02
1.402199999999999974e-02,1.343750000000000153e-02
1.403039999999999843e-02,1.343750000000000153e-02
1.403879999999999885e-02,1.312500000000000125e-02
1.404719999999999927e-02,1.312500000000000125e-02
1.405559999999999969e-02,1.218750000000000389e-02
1.406399999999999838e-02,1.187500000000000361e-02
1.407239999999999880e-02,1.125000000000000305e-02
1.408079999999999922e-02,1.093750000000000278e-02
1.408919999999999964e-02,1.031250000000000222e-02
1.409759999999999833e-02,9.687500000000001665e-03
1.410599999999999875e-02,9.375000000000001388e-03
1.411439999999999917e-02,9.062500000000001110e-03
1.412279999999999959e-02,9.062500000000001110e-03
1.413119999999999828e-02,8.750000000000004302e-03
1.413959999999999870e-02,8.437500000000004025e-03
1.414799999999999912e-02,8.125000000000003747e-03
1.415639999999999954e-02,8.125000000000003747e-03
1.416479999999999823e-02,8.125000000000003747e-03
1.417319999999999865e-02,7.812500000000003469e-03
1.418159999999999907e-02,7.500000000000003192e-03
1.418999999999999949e-02,7.187500000000002914e-03
1.419839999999999818e-02,6.875000000000002637e-03
1.420679999999999860e-02,6.562500000000002359e-03
1.421519999999999902e-02,6.562500000000002359e-03
1.422359999999999944e-02,6.250000000000002082e-03
1.423199999999999812e-02,6.875000000000002637e-03
1.424039999999999855e-02,6.562500000000002359e-03
1.424879999999999897e-02,7.187500000000002914e-03
1.425719999999999939e-02,7.187500000000002914e-03
1.426559999999999981e-02,8.125000000000003747e-03
1.427399999999999849e-02,8.750000000000004302e-03
1.428239999999999892e-02,9.062500000000001110e-03
1.429079999999999934e-02,9.687500000000001665e-03
1.429919999999999976e-02,1.031250000000000222e-02
1.430759999999999844e-02,1.093750000000000278e-02
1.431599999999999887e-02,1.156250000000000333e-02
1.432439999999999929e-02,1.187500000000000361e-02
1.433279999999999971e-02,1.218750000000000389e-02
1.434119999999999839e-02,1.281250000000000444e-02
1.434959999999999881e-02,1.281250000000000444e-02
1.435799999999999924e-02,1.250000000000000416e-02
1.436639999999999966e-02,1.281250000000000444e-02
1.437479999999999834e-02,1.250000000000000416e-02
1.438319999999999876e-02,1.250000000000000416e-02
1.439159999999999918e-02,1.187500000000000361e-02
1.439999999999999961e-02,1.125000000000000305e-02
1.440839999999999829e-02,1.093750000000000278e-02
1.441679999999999871e-02,1.062500000000000250e-02
1.442519999999999913e-02,1.000000000000000194e-02
1.443359999999999956e-02,9.375000000000001388e-03
1.444199999999999824e-02,9.062500000000001110e-03
1.445039999999999866e-02,9.062500000000001110e-03
1.445879999999999908e-02,8.750000000000004302e-03
1.446719999999999950e-02,8.437500000000004025e-03
1.447559999999999819e-02,8.750000000000004302e-03
1.448399999999999861e-02,8.750000000000004302e-03
1.449239999999999903e-02,8.437500000000004025e-03
1.450079999999999945e-02,8.125000000000003747e-03
1.450919999999999814e-02,8.125000000000003747e-03
1.451759999999999856e-02,7.812500000000003469e-03
1.452599999999999898e-02,7.500000000000003192e-03
1.453439999999999940e-02,7.187500000000002914e-03
1.454279999999999809e-02,7.187500000000002914e-03
1.455119999999999851e-02,6.562500000000002359e-03
1.455959999999999893e-02,6.562500000000002359e-03
1.456799999999999935e-02,6.562500000000002359e-03
1.457639999999999977e-02,6.875000000000002637e-03
1.458479999999999846e-02,6.875000000000002637e-03
1.459319999999999888e-02,7.187500000000002914e-03
1.460159999999999930e-02,7.500000000000003192e-03
1.460999999999999972e-02,8.437500000000004025e-03
1.461839999999999841e-02,9.062500000000001110e-03
1.462679999999999883e-02,9.687500000000001665e-03
1.463519999999999925e-02,1.031250000000000222e-02
1.464359999999999967e-02,1.093750000000000278e-02
1.465199999999999836e-02,1.125000000000000305e-02
1.466039999999999878e-02,1.156250000000000333e-02
1.466879999999999920e-02,1.250000000000000416e-02
1.467719999999999962e-02,1.250000000000000416e-02
1.468559999999999831e-02,1.250000000000000416e-02
1.469399999999999873e-02,1.250000000000000416e-02
1.470239999999999915e-02,1.250000000000000416e-02
1.471079999999999957e-02,1.250000000000000416e-02
1.471919999999999826e-02,1.218750000000000389e-02
1.472759999999999868e-02,1.187500000000000361e-02
1.473599999999999910e-02,1.156250000000000333e-02
1.474439999999999952e-02,1.093750000000000278e-02
1.475279999999999821e-02,1.031250000000000222e-02
1.476119999999999863e-02,9.375000000000001388e-03
1.476959999999999905e-02,9.375000000000001388e-03
1.477799999999999947e-02,9.062500000000001110e-03
1.478639999999999816e-02,9.062500000000001110e-03
1.479479999999999858e-02,8.750000000000004302e-03
1.480319999999999900e-02,9.062500000000001110e-03
1.481159999999999942e-02,8.750000000000004302e-03
1.481999999999999811e-02,9.062500000000001110e-03
1.482839999999999853e-02,9.062500000000001110e-03
1.483679999999999895e-02,9.062500000000001110e-03
1.484519999999999937e-02,8.750000000000004302e-03
1.485359999999999805e-02,8.750000000000004302e-03
1.486199999999999848e-02,8.437500000000004025e-03
1.487039999999999890e-02,8.125000000000003747e-03
1.487879999999999932e-02,7.812500000000003469e-03
1.488719999999999974e-02,7.187500000000002914e-03
1.489559999999999843e-02,7.187500000000002914e-03
1.490399999999999885e-02,6.875000000000002637e-03
1.491239999999999927e-02,6.875000000000002637e-03
1.492079999999999969e-02,6.562500000000002359e-03
1.492919999999999837e-02,6.250000000000002082e-03
1.493759999999999880e-02,6.562500000000002359e-03
1.494599999999999922e-02,6.562500000000002359e-03
1.495439999999999964e-02,6.562500000000002359e-03
1.496279999999999832e-02,6.562500000000002359e-03
1.497119999999999874e-02,7.187500000000002914e-03
1.497959999999999917e-02,7.187500000000002914e-03
1.498799999999999959e-02,7.187500000000002914e-03
1.499639999999999827e-02,7.187500000000002914e-03
1.500479999999999869e-02,7.187500000000002914e-03
1.501319999999999912e-02,7.500000000000003192e-03
1.502159999999999954e-02,6.875000000000002637e-03
1.502999999999999822e-02,7.187500000000002914e-03
1.503839999999999864e-02,6.562500000000002359e-03
1.504679999999999906e-02,6.562500000000002359e-03
1.505519999999999949e-02,5.937500000000001804e-03
1.506359999999999817e-02,5.625000000000001527e-03
1.507199999999999859e-02,5.625000000000001527e-03
1.508039999999999901e-02,5.625000000000001527e-03
1.508879999999999943e-02,5.625000000000001527e-03
1.509719999999999812e-02,5.937500000000001804e-03
1.510559999999999854e-02,6.250000000000002082e-03
1.511399999999999896e-02,7.187500000000002914e-03
1.512239999999999938e-02,8.125000000000003747e-03
1.513079999999999807e-02,8.750000000000004302e-03
1.513919999999999849e-02,9.687500000000001665e-03
1.514759999999999891e-02,1.062500000000000250e-02
1.515599999999999933e-02,1.187500000000000361e-02
1.516439999999999802e-02,1.250000000000000416e-02
1.517279999999999844e-02,1.406250000000000208e-02
1.518119999999999886e-02,1.406250000000000208e-02
1.518959999999999928e-02,1.500000000000000291e-02
1.519799999999999970e-02,1.500000000000000291e-02
1.520639999999999839e-02,1.500000000000000291e-02
1.521479999999999881e-02,1.531250000000000319e-02
1.522319999999999923e-02,1.437500000000000236e-02
1.523159999999999965e-02,1.406250000000000208e-02
1.523999999999999834e-02,1.375000000000000180e-02
1.524839999999999876e-02,1.281250000000000444e-02
1.525679999999999918e-02,1.281250000000000444e-02
1.526519999999999960e-02,1.187500000000000361e-02
1.527359999999999829e-02,1.125000000000000305e-02
1.528199999999999871e-02,1.062500000000000250e-02
1.529039999999999913e-02,1.000000000000000194e-02
1.529879999999999955e-02,1.000000000000000194e-02
1.530719999999999824e-02,9.375000000000001388e-03
1.531559999999999866e-02,8.750000000000004302e-03
1.532399999999999908e-02,8.437500000000004025e-03
1.533239999999999950e-02,8.125000000000003747e-03
1.534079999999999819e-02,7.812500000000003469e-03
1.534919999999999861e-02,7.812500000000003469e-03
1.535759999999999903e-02,6.875000000000002637e-03
1.536599999999999945e-02,6.562500000000002359e-03
1.537439999999999814e-02,6.562500000000002359e-03
1.538279999999999856e-02,6.250000000000002082e-03
1.539119999999999898e-02,5.937500000000001804e-03
1.539959999999999940e-02,5.937500000000001804e-03
1.540799999999999809e-02,6.250000000000002082e-03
1.541639999999999851e-02,6.562500000000002359e-03
1.542479999999999893e-02,6.875000000000002637e-03
1.543319999999999935e-02,7.187500000000002914e-03
1.544159999999999804e-02,8.125000000000003747e-03
1.544999999999999846e-02,9.375000000000001388e-03
1.545839999999999888e-02,1.062500000000000250e-02
1.546679999999999930e-02,1.156250000000000333e-02
1.547519999999999799e-02,1.312500000000000125e-02
1.548359999999999841e-02,1.406250000000000208e-02
1.549199999999999883e-02,1.562500000000000347e-02
1.550039999999999925e-02,1.718750000000000139e-02
1.550879999999999967e-02,1.812500000000000222e-02
1.551719999999999836e-02,1.937500000000000333e-02
1.552559999999999878e-02,2.093750000000000472e-02
1.553399999999999920e-02,2.062500000000000444e-02
1.554239999999999962e-02,2.156250000000000527e-02
1.555079999999999830e-02,2.156250000000000527e-02
1.555919999999999873e-02,2.156250000000000527e-02
1.556759999999999915e-02,2.156250000000000527e-02
1.557599999999999957e-02,2.125000000000000500e-02
1.558439999999999825e-02,2.093750000000000472e-02
1.559279999999999868e-02,1.968750000000000361e-02
1.560119999999999910e-02,1.937500000000000333e-02
1.560959999999999952e-02,1.843750000000000250e-02
1.561799999999999820e-02,1.750000000000000167e-02
1.562639999999999862e-02,1.687500000000000458e-02
1.563479999999999731e-02,1.625000000000000402e-02
1.564319999999999947e-02,1.500000000000000291e-02
1.565159999999999815e-02,1.500000000000000291e-02
1.565999999999999684e-02,1.406250000000000208e-02
1.566839999999999899e-02,1.312500000000000125e-02
1.567679999999999768e-02,1.281250000000000444e-02
1.568519999999999637e-02,1.218750000000000389e-02
1.569359999999999852e-02,1.156250000000000333e-02
1.570199999999999721e-02,1.156250000000000333e-02
1.571039999999999937e-02,1.125000000000000305e-02
1.571879999999999805e-02,1.062500000000000250e-02
1.572719999999999674e-02,1.062500000000000250e-02
1.573559999999999889e-02,1.125000000000000305e-02
1.574399999999999758e-02,1.093750000000000278e-02
1.575239999999999627e-02,1.156250000000000333e-02
1.576079999999999842e-02,1.187500000000000361e-02
1.576919999999999711e-02,1.312500000000000125e-02
1.577759999999999579e-02,1.375000000000000180e-02
1.578599999999999795e-02,1.562500000000000347e-02
1.579439999999999664e-02,1.656250000000000430e-02
1.580279999999999879e-02,1.843750000000000250e-02
1.581119999999999748e-02,1.875000000000000278e-02
1.581959999999999616e-02,2.062500000000000444e-02
1.582799999999999832e-02,2.218750000000000236e-02
1.583639999999999701e-02,2.343750000000000347e-02
1.584479999999999569e-02,2.406250000000000056e-02
1.585319999999999785e-02,2.531250000000000167e-02
1.586159999999999654e-02,2.687500000000000305e-02
1.586999999999999869e-02,2.781250000000000389e-02
1.587839999999999738e-02,2.812500000000000416e-02
1.588679999999999606e-02,2.843750000000000444e-02
1.589519999999999822e-02,2.875000000000000472e-02
1.590359999999999691e-02,2.843750000000000444e-02
1.591199999999999559e-02,2.812500000000000416e-02
1.592039999999999775e-02,2.750000000000000361e-02
1.592879999999999643e-02,2.687500000000000305e-02
1.593719999999999859e-02,2.593750000000000222e-02
1.594559999999999728e-02,2.468750000000000111e-02
1.595399999999999596e-02,2.406250000000000056e-02
1.596239999999999812e-02,2.312500000000000319e-02
1.597079999999999680e-02,2.187500000000000555e-02
1.597919999999999549e-02,2.062500000000000444e-02
1.598759999999999765e-02,1.968750000000000361e-02
1.599599999999999633e-02,1.906250000000000305e-02
1.600439999999999849e-02,1.875000000000000278e-02
1.601279999999999717e-02,1.750000000000000167e-02
1.602119999999999586e-02,1.656250000000000430e-02
1.602959999999999802e-02,1.562500000000000347e-02
1.603799999999999670e-02,1.500000000000000291e-02
1.604639999999999539e-02,1.437500000000000236e-02
1.605479999999999755e-02,1.406250000000000208e-02
1.606319999999999623e-02,1.343750000000000153e-02
1.607159999999999839e-02,1.312500000000000125e-02
1.607999999999999707e-02,1.312500000000000125e-02
1.608839999999999576e-02,1.343750000000000153e-02
1.609679999999999792e-02,1.312500000000000125e-02
1.610519999999999660e-02,1.437500000000000236e-02
1.611359999999999876e-02,1.531250000000000319e-02
1.612199999999999744e-02,1.656250000000000430e-02
1.613039999999999613e-02,1.687500000000000458e-02
1.613879999999999829e-02,1.906250000000000305e-02
1.614719999999999697e-02,1.968750000000000361e-02
1.615559999999999566e-02,2.031250000000000416e-02
1.616399999999999781e-02,2.250000000000000264e-02
1.617239999999999650e-02,2.312500000000000319e-02
1.618079999999999866e-02,2.375000000000000375e-02
1.618919999999999734e-02,2.531250000000000167e-02
1.619759999999999603e-02,2.562500000000000194e-02
1.620599999999999818e-02,2.593750000000000222e-02
1.621439999999999687e-02,2.656250000000000278e-02
1.622279999999999556e-02,2.687500000000000305e-02
1.623119999999999771e-02,2.687500000000000305e-02
1.623959999999999640e-02,2.625000000000000250e-02
1.624799999999999855e-02,2.562500000000000194e-02
1.625639999999999724e-02,2.468750000000000111e-02
1.626479999999999593e-02,2.343750000000000347e-02
1.627319999999999808e-02,2.281250000000000291e-02
1.628159999999999677e-02,2.187500000000000555e-02
1.628999999999999546e-02,2.125000000000000500e-02
1.629839999999999761e-02,1.937500000000000333e-02
1.630679999999999630e-02,1.875000000000000278e-02
1.631519999999999845e-02,1.812500000000000222e-02
1.632359999999999714e-02,1.656250000000000430e-02
1.633199999999999583e-02,1.593750000000000375e-02
1.634039999999999798e-02,1.531250000000000319e-02
1.634879999999999667e-02,1.437500000000000236e-02
1.635719999999999535e-02,1.343750000000000153e-02
1.636559999999999751e-02,1.250000000000000416e-02
1.637399999999999620e-02,1.187500000000000361e-02
1.638239999999999835e-02,1.156250000000000333e-02
1.639079999999999704e-02,1.062500000000000250e-02
1.639919999999999572e-02,1.000000000000000194e-02
1.640759999999999788e-02,1.000000000000000194e-02
1.641599999999999657e-02,1.000000000000000194e-02
1.642439999999999872e-02,9.687500000000001665e-03
1.643279999999999741e-02,9.062500000000001110e-03
1.644119999999999610e-02,9.375000000000001388e-03
1.644959999999999825e-02,9.687500000000001665e-03
1.645799999999999694e-02,1.000000000000000194e-02
1.646639999999999562e-02,1.125000000000000305e-02
1.647479999999999778e-02,1.156250000000000333e-02
1.648319999999999647e-02,1.281250000000000444e-02
1.649159999999999862e-02,1.375000000000000180e-02
1.649999999999999731e-02,1.437500000000000236e-02
1.650839999999999599e-02,1.593750000000000375e-02
1.651679999999999815e-02,1.656250000000000430e-02
1.652519999999999684e-02,1.718750000000000139e-02
1.653359999999999552e-02,1.781250000000000194e-02
1.654199999999999768e-02,1.812500000000000222e-02
1.655039999999999636e-02,1.812500000000000222e-02
1.655879999999999852e-02,1.812500000000000222e-02
1.656719999999999721e-02,1.812500000000000222e-02
1.657559999999999589e-02,1.750000000000000167e-02
1.658399999999999805e-02,1.687500000000000458e-02
1.659239999999999673e-02,1.593750000000000375e-02
1.660079999999999542e-02,1.531250000000000319e-02
1.660919999999999758e-02,1.468750000000000264e-02
1.661759999999999626e-02,1.375000000000000180e-02
1.662599999999999842e-02,1.312500000000000125e-02
1.663439999999999711e-02,1.218750000000000389e-02
1.664279999999999579e-02,1.218750000000000389e-02
1.665119999999999795e-02,1.156250000000000333e-02
1.665959999999999663e-02,1.093750000000000278e-02
1.666799999999999532e-02,1.062500000000000250e-02
1.667639999999999748e-02,1.000000000000000194e-02
1.668479999999999616e-02,9.687500000000001665e-03
1.669319999999999832e-02,9.687500000000001665e-03
1.670159999999999700e-02,9.062500000000001110e-03
1.670999999999999569e-02,8.750000000000004302e-03
1.671839999999999785e-02,8.750000000000004302e-03
1.672679999999999653e-02,8.125000000000003747e-03
1.673519999999999869e-02,7.812500000000003469e-03
1.674359999999999737e-02,7.500000000000003192e-03
1.675199999999999606e-02,7.187500000000002914e-03
1.676039999999999822e-02,6.875000000000002637e-03
1.676879999999999690e-02,6.562500000000002359e-03
1.677719999999999559e-02,6.562500000000002359e-03
1.678559999999999774e-02,6.562500000000002359e-03
1.679399999999999643e-02,6.562500000000002359e-03
1.680239999999999859e-02,7.187500000000002914e-03
1.681079999999999727e-02,7.812500000000003469e-03
1.681919999999999596e-02,8.750000000000004302e-03
1.682759999999999811e-02,9.375000000000001388e-03
1.683599999999999680e-02,1.031250000000000222e-02
1.684439999999999549e-02,1.125000000000000305e-02
1.685279999999999764e-02,1.187500000000000361e-02
1.686119999999999633e-02,1.312500000000000125e-02
1.686959999999999849e-02,1.343750000000000153e-02
1.687799999999999717e-02,1.406250000000000208e-02
1.688639999999999586e-02,1.406250000000000208e-02
1.689479999999999801e-02,1.437500000000000236e-02
1.690319999999999670e-02,1.437500000000000236e-02
1.691159999999999539e-02,1.406250000000000208e-02
