PURE SILICA, ELECTRODE=TUNGSTEN, TIME=35, POLING_VOLTAGE=3700, WAVELENGTH=1.55e-06, EFFECTIVE_DISTANCE=3.1e-05, POLED_LENGTH=0.3, CORE_INDEX=1.45, POLE=MAX, AC_VOLTAGE=831.25, AC_FREQUENCY=350, PIEZO_FREQUENCY=7.0
Time(s),Voltage(V)
-4.000000000000000192e-04,3.687500000000000500e-02
-3.280000000000000038e-04,3.281250000000000139e-02
-2.560000000000000426e-04,3.062500000000000291e-02
-1.840000000000000272e-04,2.750000000000000361e-02
-1.120000000000000119e-04,2.656250000000000278e-02
-3.999999999999999650e-05,2.625000000000000250e-02
3.199999999999996467e-05,2.625000000000000250e-02
1.039999999999999800e-04,2.750000000000000361e-02
1.759999999999999954e-04,3.125000000000000000e-02
2.480000000000000108e-04,3.250000000000000111e-02
3.200000000000000262e-04,3.937500000000000722e-02
3.920000000000000416e-04,3.437500000000000278e-02
4.639999999999999485e-04,3.093750000000000319e-02
5.360000000000000181e-04,2.906250000000000500e-02
6.080000000000000335e-04,2.906250000000000500e-02
6.800000000000000488e-04,3.312500000000000167e-02
7.520000000000000642e-04,3.093750000000000319e-02
8.240000000000000796e-04,3.437500000000000278e-02
8.960000000000000950e-04,3.218750000000000083e-02
9.680000000000001104e-04,2.812500000000000416e-02
1.040000000000000126e-03,2.750000000000000361e-02
1.112000000000000141e-03,2.750000000000000361e-02
1.184000000000000156e-03,2.437500000000000083e-02
1.256000000000000172e-03,2.468750000000000111e-02
1.327999999999999970e-03,2.656250000000000278e-02
1.399999999999999986e-03,2.812500000000000416e-02
1.472000000000000001e-03,3.093750000000000319e-02
1.544000000000000017e-03,3.593750000000000416e-02
1.616000000000000032e-03,3.843750000000000638e-02
1.688000000000000047e-03,4.218750000000000278e-02
1.760000000000000063e-03,4.624999999999999944e-02
1.832000000000000078e-03,4.968750000000000250e-02
1.904000000000000093e-03,5.156250000000000416e-02
1.975999999999999892e-03,5.312500000000000555e-02
2.047999999999999907e-03,5.343749999999999889e-02
2.119999999999999923e-03,5.375000000000000611e-02
2.191999999999999938e-03,5.375000000000000611e-02
2.263999999999999953e-03,5.218750000000000472e-02
2.335999999999999969e-03,4.937500000000000222e-02
2.407999999999999984e-03,4.375000000000000416e-02
2.480000000000000000e-03,4.156250000000000222e-02
2.552000000000000015e-03,3.750000000000000555e-02
2.624000000000000030e-03,3.437500000000000278e-02
2.696000000000000046e-03,3.375000000000000222e-02
2.768000000000000061e-03,3.343750000000000194e-02
2.840000000000000076e-03,3.312500000000000167e-02
2.912000000000000092e-03,3.031250000000000264e-02
2.984000000000000107e-03,3.062500000000000291e-02
3.055999999999999689e-03,3.156250000000000028e-02
3.127999999999999704e-03,3.343750000000000194e-02
3.199999999999999720e-03,3.500000000000000333e-02
3.271999999999999735e-03,3.562500000000000389e-02
3.343999999999999750e-03,3.312500000000000167e-02
3.415999999999999766e-03,3.093750000000000319e-02
3.487999999999999781e-03,2.687500000000000305e-02
3.559999999999999797e-03,2.437500000000000083e-02
3.631999999999999812e-03,2.125000000000000500e-02
3.703999999999999827e-03,1.906250000000000305e-02
3.775999999999999843e-03,1.781250000000000194e-02
3.847999999999999858e-03,1.406250000000000208e-02
3.919999999999999873e-03,1.312500000000000125e-02
3.991999999999999889e-03,1.187500000000000361e-02
4.063999999999999904e-03,1.062500000000000250e-02
4.135999999999999920e-03,1.062500000000000250e-02
4.207999999999999935e-03,1.093750000000000278e-02
4.279999999999999950e-03,1.250000000000000416e-02
4.351999999999999966e-03,1.437500000000000236e-02
4.423999999999999981e-03,1.906250000000000305e-02
4.495999999999999996e-03,2.187500000000000555e-02
4.568000000000000012e-03,2.531250000000000167e-02
4.640000000000000027e-03,3.093750000000000319e-02
4.712000000000000043e-03,3.406250000000000250e-02
4.784000000000000058e-03,3.468750000000000305e-02
4.856000000000000073e-03,3.593750000000000416e-02
4.928000000000000089e-03,3.562500000000000389e-02
5.000000000000000104e-03,3.468750000000000305e-02
5.072000000000000119e-03,3.437500000000000278e-02
5.144000000000000135e-03,3.218750000000000083e-02
5.216000000000000150e-03,3.062500000000000291e-02
5.288000000000000166e-03,2.843750000000000444e-02
5.360000000000000181e-03,2.687500000000000305e-02
5.432000000000000196e-03,2.531250000000000167e-02
5.504000000000000212e-03,2.437500000000000083e-02
5.576000000000000227e-03,2.343750000000000347e-02
5.648000000000000242e-03,2.312500000000000319e-02
5.720000000000000258e-03,2.312500000000000319e-02
5.792000000000000273e-03,2.343750000000000347e-02
5.864000000000000289e-03,2.343750000000000347e-02
5.936000000000000304e-03,2.406250000000000056e-02
6.008000000000000319e-03,2.656250000000000278e-02
6.080000000000000335e-03,2.718750000000000333e-02
6.152000000000000350e-03,2.687500000000000305e-02
6.224000000000000365e-03,2.437500000000000083e-02
6.296000000000000381e-03,2.031250000000000416e-02
6.368000000000000396e-03,1.843750000000000250e-02
6.440000000000000412e-03,1.531250000000000319e-02
6.511999999999999560e-03,1.343750000000000153e-02
6.583999999999999575e-03,1.250000000000000416e-02
6.655999999999999590e-03,1.156250000000000333e-02
6.727999999999999606e-03,1.031250000000000222e-02
6.799999999999999621e-03,9.687500000000001665e-03
6.871999999999999637e-03,9.375000000000001388e-03
6.943999999999999652e-03,9.062500000000001110e-03
7.015999999999999667e-03,9.375000000000001388e-03
7.087999999999999683e-03,1.156250000000000333e-02
7.159999999999999698e-03,1.437500000000000236e-02
7.231999999999999713e-03,1.875000000000000278e-02
7.303999999999999729e-03,2.218750000000000236e-02
7.375999999999999744e-03,2.593750000000000222e-02
7.448000000000000627e-03,2.968750000000000208e-02
7.519999999999999775e-03,3.281250000000000139e-02
7.592000000000000658e-03,3.437500000000000278e-02
7.663999999999999806e-03,3.437500000000000278e-02
7.736000000000000688e-03,3.375000000000000222e-02
7.807999999999999836e-03,3.281250000000000139e-02
7.880000000000001587e-03,3.000000000000000236e-02
7.952000000000000735e-03,2.750000000000000361e-02
8.024000000000001617e-03,2.531250000000000167e-02
8.096000000000000765e-03,2.312500000000000319e-02
8.168000000000001648e-03,2.187500000000000555e-02
8.240000000000000796e-03,1.968750000000000361e-02
8.312000000000001679e-03,1.843750000000000250e-02
8.384000000000000827e-03,1.750000000000000167e-02
8.456000000000001710e-03,1.843750000000000250e-02
8.528000000000000858e-03,2.031250000000000416e-02
8.600000000000001740e-03,2.312500000000000319e-02
8.672000000000000888e-03,2.593750000000000222e-02
8.744000000000001771e-03,3.031250000000000264e-02
8.816000000000000919e-03,3.375000000000000222e-02
8.888000000000000067e-03,3.687500000000000500e-02
8.960000000000000950e-03,3.843750000000000638e-02
9.032000000000000098e-03,3.718750000000000527e-02
9.104000000000000981e-03,3.437500000000000278e-02
9.176000000000000129e-03,2.968750000000000208e-02
9.248000000000001011e-03,2.718750000000000333e-02
9.320000000000000159e-03,2.156250000000000527e-02
9.392000000000001042e-03,1.937500000000000333e-02
9.464000000000000190e-03,1.687500000000000458e-02
9.536000000000001073e-03,1.562500000000000347e-02
9.608000000000000221e-03,1.312500000000000125e-02
9.680000000000001104e-03,1.218750000000000389e-02
9.752000000000000252e-03,1.093750000000000278e-02
9.824000000000001134e-03,1.093750000000000278e-02
9.896000000000000282e-03,1.187500000000000361e-02
9.968000000000001165e-03,1.468750000000000264e-02
1.004000000000000031e-02,1.812500000000000222e-02
1.011200000000000120e-02,2.218750000000000236e-02
1.018400000000000034e-02,2.750000000000000361e-02
1.025600000000000123e-02,3.093750000000000319e-02
1.032800000000000037e-02,3.531250000000000361e-02
1.040000000000000126e-02,3.906250000000000000e-02
1.047200000000000041e-02,4.031250000000000111e-02
1.054400000000000129e-02,4.125000000000000194e-02
1.061600000000000044e-02,4.125000000000000194e-02
1.068800000000000132e-02,4.062500000000000139e-02
1.076000000000000047e-02,3.750000000000000555e-02
1.083200000000000135e-02,3.468750000000000305e-02
1.090400000000000050e-02,3.218750000000000083e-02
1.097600000000000138e-02,2.906250000000000500e-02
1.104800000000000053e-02,2.781250000000000389e-02
1.112000000000000141e-02,2.593750000000000222e-02
1.119200000000000056e-02,2.531250000000000167e-02
1.126400000000000144e-02,2.531250000000000167e-02
1.133600000000000059e-02,2.687500000000000305e-02
1.140800000000000147e-02,2.906250000000000500e-02
1.148000000000000062e-02,3.093750000000000319e-02
1.155200000000000150e-02,3.312500000000000167e-02
1.162400000000000065e-02,3.468750000000000305e-02
1.169600000000000153e-02,3.656250000000000472e-02
1.176800000000000068e-02,3.687500000000000500e-02
1.184000000000000156e-02,3.687500000000000500e-02
1.191200000000000071e-02,3.406250000000000250e-02
1.198400000000000160e-02,3.062500000000000291e-02
1.205600000000000074e-02,2.718750000000000333e-02
1.212800000000000163e-02,2.406250000000000056e-02
1.220000000000000077e-02,2.000000000000000389e-02
1.227200000000000166e-02,1.812500000000000222e-02
1.234400000000000081e-02,1.625000000000000402e-02
1.241600000000000169e-02,1.406250000000000208e-02
1.248800000000000084e-02,1.281250000000000444e-02
1.256000000000000172e-02,1.187500000000000361e-02
1.263200000000000087e-02,1.156250000000000333e-02
1.270400000000000175e-02,1.250000000000000416e-02
1.277600000000000090e-02,1.375000000000000180e-02
1.284800000000000178e-02,1.718750000000000139e-02
1.292000000000000093e-02,2.250000000000000264e-02
1.299200000000000181e-02,2.812500000000000416e-02
1.306400000000000096e-02,3.593750000000000416e-02
1.313600000000000184e-02,3.906250000000000000e-02
1.320800000000000099e-02,4.250000000000000305e-02
1.328000000000000187e-02,4.437500000000000472e-02
1.335200000000000102e-02,4.500000000000000527e-02
1.342400000000000017e-02,4.406250000000000444e-02
1.349600000000000105e-02,4.187500000000000250e-02
1.356800000000000020e-02,3.812500000000000611e-02
1.364000000000000108e-02,3.343750000000000194e-02
1.371200000000000023e-02,2.843750000000000444e-02
1.378400000000000111e-02,2.468750000000000111e-02
1.385600000000000026e-02,2.125000000000000500e-02
1.392800000000000114e-02,1.812500000000000222e-02
1.400000000000000029e-02,1.500000000000000291e-02
1.407200000000000117e-02,1.406250000000000208e-02
1.414400000000000032e-02,1.375000000000000180e-02
1.421600000000000120e-02,1.406250000000000208e-02
1.428800000000000035e-02,1.562500000000000347e-02
1.436000000000000124e-02,1.843750000000000250e-02
1.443200000000000038e-02,2.187500000000000555e-02
1.450400000000000127e-02,2.593750000000000222e-02
1.457600000000000041e-02,2.843750000000000444e-02
1.464800000000000130e-02,3.093750000000000319e-02
1.472000000000000045e-02,3.093750000000000319e-02
1.479200000000000133e-02,2.937500000000000527e-02
1.486400000000000048e-02,2.656250000000000278e-02
1.493600000000000136e-02,2.062500000000000444e-02
1.500800000000000051e-02,1.625000000000000402e-02
1.508000000000000139e-02,1.406250000000000208e-02
1.515200000000000054e-02,9.062500000000001110e-03
1.522400000000000142e-02,6.875000000000002637e-03
1.529600000000000230e-02,5.312500000000001249e-03
1.536800000000000145e-02,4.375000000000003886e-03
1.544000000000000060e-02,3.125000000000002776e-03
1.551199999999999975e-02,3.125000000000002776e-03
1.558400000000000236e-02,2.812500000000002498e-03
1.565599999999999978e-02,3.125000000000002776e-03
1.572799999999999893e-02,4.062500000000003608e-03
1.579999999999999807e-02,7.500000000000003192e-03
1.587200000000000069e-02,1.031250000000000222e-02
1.594399999999999984e-02,1.312500000000000125e-02
1.601599999999999899e-02,2.000000000000000389e-02
1.608799999999999814e-02,2.468750000000000111e-02
1.616000000000000075e-02,2.625000000000000250e-02
1.623199999999999990e-02,2.781250000000000389e-02
1.630399999999999905e-02,2.781250000000000389e-02
1.637599999999999820e-02,2.781250000000000389e-02
1.644800000000000081e-02,2.531250000000000167e-02
1.651999999999999996e-02,2.125000000000000500e-02
1.659199999999999911e-02,1.656250000000000430e-02
1.666399999999999826e-02,1.437500000000000236e-02
1.673600000000000088e-02,1.125000000000000305e-02
1.680800000000000002e-02,8.125000000000003747e-03
1.687999999999999917e-02,6.875000000000002637e-03
1.695199999999999832e-02,6.250000000000002082e-03
1.702400000000000094e-02,6.250000000000002082e-03
1.709600000000000009e-02,6.562500000000002359e-03
1.716799999999999923e-02,7.812500000000003469e-03
1.723999999999999838e-02,9.062500000000001110e-03
1.731200000000000100e-02,1.125000000000000305e-02
1.738400000000000015e-02,1.625000000000000402e-02
1.745599999999999929e-02,1.906250000000000305e-02
1.752799999999999844e-02,2.062500000000000444e-02
1.760000000000000106e-02,2.062500000000000444e-02
1.767200000000000021e-02,1.906250000000000305e-02
1.774399999999999936e-02,1.687500000000000458e-02
1.781599999999999850e-02,1.437500000000000236e-02
1.788800000000000112e-02,1.062500000000000250e-02
1.796000000000000027e-02,7.812500000000003469e-03
1.803199999999999942e-02,5.625000000000001527e-03
1.810399999999999857e-02,4.687500000000004163e-03
1.817599999999999771e-02,3.437500000000003053e-03
1.824800000000000033e-02,3.125000000000002776e-03
1.831999999999999948e-02,3.125000000000002776e-03
1.839199999999999863e-02,3.750000000000003331e-03
1.846399999999999778e-02,3.750000000000003331e-03
1.853600000000000039e-02,3.437500000000003053e-03
1.860799999999999954e-02,2.812500000000002498e-03
1.867999999999999869e-02,3.125000000000002776e-03
1.875199999999999784e-02,4.375000000000003886e-03
1.882400000000000045e-02,6.250000000000002082e-03
1.889599999999999960e-02,1.031250000000000222e-02
1.896799999999999875e-02,1.343750000000000153e-02
1.903999999999999790e-02,1.562500000000000347e-02
1.911200000000000052e-02,1.687500000000000458e-02
1.918399999999999966e-02,1.718750000000000139e-02
1.925599999999999881e-02,1.718750000000000139e-02
1.932799999999999796e-02,1.500000000000000291e-02
1.940000000000000058e-02,1.218750000000000389e-02
1.947199999999999973e-02,1.000000000000000194e-02
1.954399999999999887e-02,8.125000000000003747e-03
1.961599999999999802e-02,6.250000000000002082e-03
1.968800000000000064e-02,4.375000000000003886e-03
1.975999999999999979e-02,4.062500000000003608e-03
1.983199999999999893e-02,3.750000000000003331e-03
1.990399999999999808e-02,3.125000000000002776e-03
1.997600000000000070e-02,3.125000000000002776e-03
2.004799999999999985e-02,2.812500000000002498e-03
2.011999999999999900e-02,2.812500000000002498e-03
2.019199999999999814e-02,3.125000000000002776e-03
2.026400000000000076e-02,4.062500000000003608e-03
2.033599999999999991e-02,5.000000000000004441e-03
2.040799999999999906e-02,5.312500000000001249e-03
2.047999999999999821e-02,4.687500000000004163e-03
2.055200000000000082e-02,4.375000000000003886e-03
2.062399999999999997e-02,3.437500000000003053e-03
2.069599999999999912e-02,2.812500000000002498e-03
2.076799999999999827e-02,2.500000000000002220e-03
2.084000000000000088e-02,2.812500000000002498e-03
2.091200000000000003e-02,3.125000000000002776e-03
2.098399999999999918e-02,3.750000000000003331e-03
2.105599999999999833e-02,3.750000000000003331e-03
2.112800000000000095e-02,5.000000000000004441e-03
2.120000000000000009e-02,6.562500000000002359e-03
2.127199999999999924e-02,7.187500000000002914e-03
2.134399999999999839e-02,7.187500000000002914e-03
2.141600000000000101e-02,6.250000000000002082e-03
2.148800000000000016e-02,5.000000000000004441e-03
2.155999999999999930e-02,4.062500000000003608e-03
2.163199999999999845e-02,3.125000000000002776e-03
2.170400000000000107e-02,3.125000000000002776e-03
2.177600000000000022e-02,4.062500000000003608e-03
2.184799999999999937e-02,4.687500000000004163e-03
2.191999999999999851e-02,6.250000000000002082e-03
2.199200000000000113e-02,6.875000000000002637e-03
2.206400000000000028e-02,7.187500000000002914e-03
2.213599999999999943e-02,7.812500000000003469e-03
2.220799999999999857e-02,7.187500000000002914e-03
2.228000000000000119e-02,5.937500000000001804e-03
2.235200000000000034e-02,5.000000000000004441e-03
2.242399999999999949e-02,3.750000000000003331e-03
2.249599999999999864e-02,3.750000000000003331e-03
2.256800000000000125e-02,3.437500000000003053e-03
2.264000000000000040e-02,3.437500000000003053e-03
2.271199999999999955e-02,4.062500000000003608e-03
2.278399999999999870e-02,4.062500000000003608e-03
2.285599999999999785e-02,3.437500000000003053e-03
2.292800000000000046e-02,3.750000000000003331e-03
2.299999999999999961e-02,3.125000000000002776e-03
2.307199999999999876e-02,2.812500000000002498e-03
2.314399999999999791e-02,2.812500000000002498e-03
2.321600000000000052e-02,2.500000000000002220e-03
2.328799999999999967e-02,2.187500000000001943e-03
2.335999999999999882e-02,2.187500000000001943e-03
2.343199999999999797e-02,2.500000000000002220e-03
2.350400000000000059e-02,2.500000000000002220e-03
2.357599999999999973e-02,2.812500000000002498e-03
2.364799999999999888e-02,3.125000000000002776e-03
2.371999999999999803e-02,3.750000000000003331e-03
2.379200000000000065e-02,4.062500000000003608e-03
2.386399999999999980e-02,4.687500000000004163e-03
2.393599999999999894e-02,5.000000000000004441e-03
2.400799999999999809e-02,5.937500000000001804e-03
2.408000000000000071e-02,6.250000000000002082e-03
2.415199999999999986e-02,6.562500000000002359e-03
2.422399999999999901e-02,6.250000000000002082e-03
2.429599999999999815e-02,5.625000000000001527e-03
2.436800000000000077e-02,4.687500000000004163e-03
2.443999999999999992e-02,3.437500000000003053e-03
2.451199999999999907e-02,3.125000000000002776e-03
2.458399999999999821e-02,2.812500000000002498e-03
2.465600000000000083e-02,3.125000000000002776e-03
2.472799999999999998e-02,2.812500000000002498e-03
2.479999999999999913e-02,3.437500000000003053e-03
2.487199999999999828e-02,3.125000000000002776e-03
2.494400000000000089e-02,3.437500000000003053e-03
2.501600000000000004e-02,3.750000000000003331e-03
2.508799999999999919e-02,3.437500000000003053e-03
2.515999999999999834e-02,3.437500000000003053e-03
2.523200000000000096e-02,2.812500000000002498e-03
2.530400000000000010e-02,3.125000000000002776e-03
2.537599999999999925e-02,2.812500000000002498e-03
2.544799999999999840e-02,2.812500000000002498e-03
2.552000000000000102e-02,2.812500000000002498e-03
2.559200000000000016e-02,3.125000000000002776e-03
2.566399999999999931e-02,3.125000000000002776e-03
2.573599999999999846e-02,2.812500000000002498e-03
2.580800000000000108e-02,3.125000000000002776e-03
2.588000000000000023e-02,2.812500000000002498e-03
2.595199999999999937e-02,2.812500000000002498e-03
2.602399999999999852e-02,2.812500000000002498e-03
2.609600000000000114e-02,2.812500000000002498e-03
2.616800000000000029e-02,3.437500000000003053e-03
2.623999999999999944e-02,5.000000000000004441e-03
2.631199999999999858e-02,6.562500000000002359e-03
2.638400000000000120e-02,8.750000000000004302e-03
2.645600000000000035e-02,1.000000000000000194e-02
2.652799999999999950e-02,1.250000000000000416e-02
2.659999999999999865e-02,1.343750000000000153e-02
2.667200000000000126e-02,1.406250000000000208e-02
2.674400000000000041e-02,1.468750000000000264e-02
2.681599999999999956e-02,1.500000000000000291e-02
2.688799999999999871e-02,1.406250000000000208e-02
2.696000000000000132e-02,1.312500000000000125e-02
2.703200000000000047e-02,1.218750000000000389e-02
2.710399999999999962e-02,1.093750000000000278e-02
2.717599999999999877e-02,8.750000000000004302e-03
2.724799999999999792e-02,5.937500000000001804e-03
2.732000000000000053e-02,4.062500000000003608e-03
2.739199999999999968e-02,3.437500000000003053e-03
2.746399999999999883e-02,3.125000000000002776e-03
2.753599999999999798e-02,3.125000000000002776e-03
2.760800000000000060e-02,3.125000000000002776e-03
2.767999999999999974e-02,2.812500000000002498e-03
2.775199999999999889e-02,2.187500000000001943e-03
2.782399999999999804e-02,2.500000000000002220e-03
2.789600000000000066e-02,2.500000000000002220e-03
2.796799999999999981e-02,2.500000000000002220e-03
2.803999999999999895e-02,3.125000000000002776e-03
2.811199999999999810e-02,3.437500000000003053e-03
2.818400000000000072e-02,4.687500000000004163e-03
2.825599999999999987e-02,5.312500000000001249e-03
2.832799999999999901e-02,5.937500000000001804e-03
2.839999999999999816e-02,6.250000000000002082e-03
2.847200000000000078e-02,6.250000000000002082e-03
2.854399999999999993e-02,5.625000000000001527e-03
2.861599999999999908e-02,5.000000000000004441e-03
2.868799999999999822e-02,4.062500000000003608e-03
2.876000000000000084e-02,3.437500000000003053e-03
2.883199999999999999e-02,3.125000000000002776e-03
2.890399999999999914e-02,2.812500000000002498e-03
2.897599999999999829e-02,2.812500000000002498e-03
2.904800000000000090e-02,3.437500000000003053e-03
2.912000000000000005e-02,4.375000000000003886e-03
2.919199999999999920e-02,7.187500000000002914e-03
2.926399999999999835e-02,9.375000000000001388e-03
2.933600000000000096e-02,1.312500000000000125e-02
2.940800000000000011e-02,1.406250000000000208e-02
2.947999999999999926e-02,1.718750000000000139e-02
2.955199999999999841e-02,1.906250000000000305e-02
2.962400000000000103e-02,2.093750000000000472e-02
2.969600000000000017e-02,2.187500000000000555e-02
2.976799999999999932e-02,2.343750000000000347e-02
2.983999999999999847e-02,2.343750000000000347e-02
2.991200000000000109e-02,2.281250000000000291e-02
2.998400000000000024e-02,2.125000000000000500e-02
3.005599999999999938e-02,1.750000000000000167e-02
3.012799999999999853e-02,1.531250000000000319e-02
3.020000000000000115e-02,1.125000000000000305e-02
3.027200000000000030e-02,8.125000000000003747e-03
3.034399999999999945e-02,6.562500000000002359e-03
3.041599999999999859e-02,4.687500000000004163e-03
3.048800000000000121e-02,4.687500000000004163e-03
3.056000000000000036e-02,4.375000000000003886e-03
3.063199999999999951e-02,5.000000000000004441e-03
3.070399999999999865e-02,5.625000000000001527e-03
3.077600000000000127e-02,6.562500000000002359e-03
3.084800000000000042e-02,8.125000000000003747e-03
3.091999999999999957e-02,9.062500000000001110e-03
3.099200000000000219e-02,1.000000000000000194e-02
3.106399999999999786e-02,1.000000000000000194e-02
3.113600000000000048e-02,9.687500000000001665e-03
3.120800000000000310e-02,9.375000000000001388e-03
3.128000000000000225e-02,8.750000000000004302e-03
3.135200000000000486e-02,7.812500000000003469e-03
3.142400000000000054e-02,7.187500000000002914e-03
3.149600000000000316e-02,6.562500000000002359e-03
3.156800000000000578e-02,5.625000000000001527e-03
3.164000000000000146e-02,4.375000000000003886e-03
3.171200000000000407e-02,4.062500000000003608e-03
3.178400000000000669e-02,4.062500000000003608e-03
3.185600000000000237e-02,5.000000000000004441e-03
3.192800000000000499e-02,7.812500000000003469e-03
3.200000000000000067e-02,1.218750000000000389e-02
3.207200000000000328e-02,1.562500000000000347e-02
3.214400000000000590e-02,2.156250000000000527e-02
3.221600000000000158e-02,2.562500000000000194e-02
3.228800000000000420e-02,2.718750000000000333e-02
3.235999999999999988e-02,3.093750000000000319e-02
3.243200000000000249e-02,3.343750000000000194e-02
3.250400000000000511e-02,3.343750000000000194e-02
3.257600000000000079e-02,3.375000000000000222e-02
3.264800000000000341e-02,3.343750000000000194e-02
3.272000000000000602e-02,3.218750000000000083e-02
3.279200000000000170e-02,2.937500000000000527e-02
3.286400000000000432e-02,2.500000000000000139e-02
3.293600000000000000e-02,2.062500000000000444e-02
3.300800000000000262e-02,1.437500000000000236e-02
3.308000000000000523e-02,1.093750000000000278e-02
3.315200000000000091e-02,8.750000000000004302e-03
3.322400000000000353e-02,7.500000000000003192e-03
3.329600000000000615e-02,6.250000000000002082e-03
3.336800000000000183e-02,6.250000000000002082e-03
3.344000000000000444e-02,7.812500000000003469e-03
3.351200000000000012e-02,9.062500000000001110e-03
3.358400000000000274e-02,1.156250000000000333e-02
3.365600000000000536e-02,1.625000000000000402e-02
3.372800000000000104e-02,2.000000000000000389e-02
3.380000000000000365e-02,2.312500000000000319e-02
3.387200000000000627e-02,2.625000000000000250e-02
3.394400000000000195e-02,2.843750000000000444e-02
3.401600000000000457e-02,2.937500000000000527e-02
3.408800000000000024e-02,3.062500000000000291e-02
3.416000000000000286e-02,2.937500000000000527e-02
3.423200000000000548e-02,2.781250000000000389e-02
3.430400000000000116e-02,2.531250000000000167e-02
3.437600000000000378e-02,2.156250000000000527e-02
3.444800000000000639e-02,1.843750000000000250e-02
3.452000000000000207e-02,1.500000000000000291e-02
3.459200000000000469e-02,1.281250000000000444e-02
3.466400000000000037e-02,1.093750000000000278e-02
3.473600000000000299e-02,1.156250000000000333e-02
3.480800000000000560e-02,1.500000000000000291e-02
3.488000000000000128e-02,1.781250000000000194e-02
3.495200000000000390e-02,2.125000000000000500e-02
3.502400000000000652e-02,2.468750000000000111e-02
3.509600000000000219e-02,2.968750000000000208e-02
3.516800000000000481e-02,3.343750000000000194e-02
3.524000000000000049e-02,3.812500000000000611e-02
3.531200000000000311e-02,4.093750000000000167e-02
3.538400000000000573e-02,4.375000000000000416e-02
3.545600000000000140e-02,4.500000000000000527e-02
3.552800000000000402e-02,4.531250000000000555e-02
3.560000000000000664e-02,4.468750000000000500e-02
3.567200000000000232e-02,4.218750000000000278e-02
3.574400000000000494e-02,3.718750000000000527e-02
3.581600000000000061e-02,3.156250000000000028e-02
3.588800000000000323e-02,2.406250000000000056e-02
3.596000000000000585e-02,2.125000000000000500e-02
3.603200000000000153e-02,1.593750000000000375e-02
3.610400000000000414e-02,1.000000000000000194e-02
3.617600000000000676e-02,8.437500000000004025e-03
3.624800000000000244e-02,8.125000000000003747e-03
3.632000000000000506e-02,8.437500000000004025e-03
3.639200000000000074e-02,9.687500000000001665e-03
3.646400000000000335e-02,1.156250000000000333e-02
3.653600000000000597e-02,1.468750000000000264e-02
3.660800000000000165e-02,1.906250000000000305e-02
3.668000000000000427e-02,2.500000000000000139e-02
3.675199999999999995e-02,2.937500000000000527e-02
3.682400000000000256e-02,3.250000000000000111e-02
3.689600000000000518e-02,3.656250000000000472e-02
3.696800000000000086e-02,3.843750000000000638e-02
3.704000000000000348e-02,3.937500000000000722e-02
3.711200000000000609e-02,3.843750000000000638e-02
3.718400000000000177e-02,3.781250000000000583e-02
3.725600000000000439e-02,3.593750000000000416e-02
3.732800000000000007e-02,3.250000000000000111e-02
3.740000000000000269e-02,3.000000000000000236e-02
3.747200000000000530e-02,2.781250000000000389e-02
3.754400000000000098e-02,2.687500000000000305e-02
3.761600000000000360e-02,2.812500000000000416e-02
3.768800000000000622e-02,3.156250000000000028e-02
3.776000000000000190e-02,3.281250000000000139e-02
3.783200000000000451e-02,3.656250000000000472e-02
3.790400000000000019e-02,3.812500000000000611e-02
3.797600000000000281e-02,4.312500000000000361e-02
3.804800000000000543e-02,4.624999999999999944e-02
3.812000000000000111e-02,4.843750000000000139e-02
3.819200000000000372e-02,5.125000000000000389e-02
3.826400000000000634e-02,5.312500000000000555e-02
3.833600000000000202e-02,5.468750000000000000e-02
3.840800000000000464e-02,5.625000000000000833e-02
3.848000000000000032e-02,5.750000000000000250e-02
3.855200000000000293e-02,5.656250000000000167e-02
3.862400000000000555e-02,5.437500000000000666e-02
3.869600000000000123e-02,5.062500000000000333e-02
3.876800000000000385e-02,4.562500000000000583e-02
3.884000000000000646e-02,4.000000000000000083e-02
3.891200000000000214e-02,3.625000000000000444e-02
3.898400000000000476e-02,3.093750000000000319e-02
3.905600000000000044e-02,2.875000000000000472e-02
3.912800000000000306e-02,2.812500000000000416e-02
3.920000000000000567e-02,2.656250000000000278e-02
3.927200000000000135e-02,2.687500000000000305e-02
3.934400000000000397e-02,2.843750000000000444e-02
3.941600000000000659e-02,3.312500000000000167e-02
3.948800000000000227e-02,3.687500000000000500e-02
3.956000000000000488e-02,3.843750000000000638e-02
3.963200000000000056e-02,4.250000000000000305e-02
3.970400000000000318e-02,4.624999999999999944e-02
3.977600000000000580e-02,4.875000000000000167e-02
3.984800000000000147e-02,5.218750000000000472e-02
3.992000000000000409e-02,5.375000000000000611e-02
3.999200000000000671e-02,5.406249999999999944e-02
4.006400000000000239e-02,5.375000000000000611e-02
4.013600000000000501e-02,5.312500000000000555e-02
4.020800000000000068e-02,5.218750000000000472e-02
4.028000000000000330e-02,5.062500000000000333e-02
4.035200000000000592e-02,4.781250000000000777e-02
4.042400000000000160e-02,4.781250000000000777e-02
4.049600000000000422e-02,4.937500000000000222e-02
4.056800000000000683e-02,5.062500000000000333e-02
4.064000000000000251e-02,5.093750000000000361e-02
4.071200000000000513e-02,5.312500000000000555e-02
4.078400000000000081e-02,5.468750000000000000e-02
4.085600000000000342e-02,5.593750000000000111e-02
4.092800000000000604e-02,5.875000000000000361e-02
4.100000000000000172e-02,6.000000000000000472e-02
4.107200000000000434e-02,6.093750000000000555e-02
4.114400000000000002e-02,6.062500000000000527e-02
4.121600000000000263e-02,6.093750000000000555e-02
4.128800000000000525e-02,6.124999999999999889e-02
4.136000000000000093e-02,6.156250000000000611e-02
4.143200000000000355e-02,6.093750000000000555e-02
4.150400000000000617e-02,6.062500000000000527e-02
4.157600000000000184e-02,6.000000000000000472e-02
4.164800000000000446e-02,5.718750000000000222e-02
4.172000000000000014e-02,5.343749999999999889e-02
4.179200000000000276e-02,5.125000000000000389e-02
4.186400000000000537e-02,4.656250000000000666e-02
4.193600000000000105e-02,4.468750000000000500e-02
4.200800000000000367e-02,4.250000000000000305e-02
4.208000000000000629e-02,4.156250000000000222e-02
4.215200000000000197e-02,4.156250000000000222e-02
4.222400000000000458e-02,4.312500000000000361e-02
4.229600000000000026e-02,4.468750000000000500e-02
4.236800000000000288e-02,4.781250000000000777e-02
4.244000000000000550e-02,5.062500000000000333e-02
4.251200000000000118e-02,5.281250000000000527e-02
4.258400000000000379e-02,5.468750000000000000e-02
4.265600000000000641e-02,5.593750000000000111e-02
4.272800000000000209e-02,5.687500000000000888e-02
4.280000000000000471e-02,5.781250000000000278e-02
4.287200000000000039e-02,5.843750000000000333e-02
4.294400000000000300e-02,5.843750000000000333e-02
4.301600000000000562e-02,5.875000000000000361e-02
4.308800000000000130e-02,5.812500000000000305e-02
4.316000000000000392e-02,5.781250000000000278e-02
4.323200000000000653e-02,5.781250000000000278e-02
4.330400000000000221e-02,5.843750000000000333e-02
4.337600000000000483e-02,5.968750000000000444e-02
4.344800000000000051e-02,6.000000000000000472e-02
4.352000000000000313e-02,6.000000000000000472e-02
4.359200000000000574e-02,6.062500000000000527e-02
4.366400000000000142e-02,6.124999999999999889e-02
4.373600000000000404e-02,6.187499999999999944e-02
4.380800000000000666e-02,6.218750000000000666e-02
4.388000000000000234e-02,6.218750000000000666e-02
4.395200000000000495e-02,6.187499999999999944e-02
4.402400000000000063e-02,6.031250000000000500e-02
4.409600000000000325e-02,6.000000000000000472e-02
4.416800000000000587e-02,5.937500000000000416e-02
4.424000000000000155e-02,5.968750000000000444e-02
4.431200000000000416e-02,5.968750000000000444e-02
4.438400000000000678e-02,6.000000000000000472e-02
4.445600000000000246e-02,6.093750000000000555e-02
4.452800000000000508e-02,6.062500000000000527e-02
4.460000000000000075e-02,6.000000000000000472e-02
4.467200000000000337e-02,5.906250000000000389e-02
4.474400000000000599e-02,5.906250000000000389e-02
4.481600000000000167e-02,5.906250000000000389e-02
4.488800000000000429e-02,5.875000000000000361e-02
4.496000000000000690e-02,5.843750000000000333e-02
4.503200000000000258e-02,5.812500000000000305e-02
4.510400000000000520e-02,5.812500000000000305e-02
4.517600000000000088e-02,5.843750000000000333e-02
4.524800000000000350e-02,5.906250000000000389e-02
4.532000000000000611e-02,5.906250000000000389e-02
4.539200000000000179e-02,5.875000000000000361e-02
4.546400000000000441e-02,5.968750000000000444e-02
4.553600000000000703e-02,6.000000000000000472e-02
4.560800000000000270e-02,6.062500000000000527e-02
4.568000000000000532e-02,6.062500000000000527e-02
4.575200000000000100e-02,6.031250000000000500e-02
4.582400000000000362e-02,6.062500000000000527e-02
4.589600000000000624e-02,6.062500000000000527e-02
4.596800000000000191e-02,6.031250000000000500e-02
4.604000000000000453e-02,6.031250000000000500e-02
4.611200000000000021e-02,6.093750000000000555e-02
4.618400000000000283e-02,6.124999999999999889e-02
4.625600000000000545e-02,6.156250000000000611e-02
4.632800000000000112e-02,6.093750000000000555e-02
4.640000000000000374e-02,6.062500000000000527e-02
4.647200000000000636e-02,6.062500000000000527e-02
4.654400000000000204e-02,6.062500000000000527e-02
4.661600000000000465e-02,6.031250000000000500e-02
4.668800000000000033e-02,6.062500000000000527e-02
4.676000000000000295e-02,6.000000000000000472e-02
4.683200000000000557e-02,5.937500000000000416e-02
4.690400000000000125e-02,5.968750000000000444e-02
4.697600000000000386e-02,5.968750000000000444e-02
4.704800000000000648e-02,6.062500000000000527e-02
4.712000000000000216e-02,6.124999999999999889e-02
4.719200000000000478e-02,6.124999999999999889e-02
4.726400000000000046e-02,6.156250000000000611e-02
4.733600000000000307e-02,6.093750000000000555e-02
4.740800000000000569e-02,6.031250000000000500e-02
4.748000000000000137e-02,5.812500000000000305e-02
4.755200000000000399e-02,5.812500000000000305e-02
4.762400000000000660e-02,5.843750000000000333e-02
4.769600000000000228e-02,5.875000000000000361e-02
4.776800000000000490e-02,5.937500000000000416e-02
4.784000000000000058e-02,5.968750000000000444e-02
4.791200000000000320e-02,5.968750000000000444e-02
4.798400000000000581e-02,6.000000000000000472e-02
4.805600000000000149e-02,6.000000000000000472e-02
4.812800000000000411e-02,6.031250000000000500e-02
4.820000000000000673e-02,6.000000000000000472e-02
4.827200000000000241e-02,6.000000000000000472e-02
4.834400000000000502e-02,6.031250000000000500e-02
4.841600000000000070e-02,6.093750000000000555e-02
4.848800000000000332e-02,6.062500000000000527e-02
4.856000000000000594e-02,6.062500000000000527e-02
4.863200000000000162e-02,6.093750000000000555e-02
4.870400000000000423e-02,6.062500000000000527e-02
4.877600000000000685e-02,6.062500000000000527e-02
4.884800000000000253e-02,6.031250000000000500e-02
4.892000000000000515e-02,6.062500000000000527e-02
4.899200000000000083e-02,6.124999999999999889e-02
4.906400000000000344e-02,6.187499999999999944e-02
4.913600000000000606e-02,6.156250000000000611e-02
4.920800000000000174e-02,6.062500000000000527e-02
4.928000000000000436e-02,5.906250000000000389e-02
4.935200000000000697e-02,5.812500000000000305e-02
4.942400000000000265e-02,5.687500000000000888e-02
4.949600000000000527e-02,5.625000000000000833e-02
4.956800000000000095e-02,5.562500000000000777e-02
4.964000000000000357e-02,5.593750000000000111e-02
4.971200000000000618e-02,5.531250000000000056e-02
4.978400000000000186e-02,5.531250000000000056e-02
4.985600000000000448e-02,5.656250000000000167e-02
4.992800000000000710e-02,5.750000000000000250e-02
5.000000000000000278e-02,5.875000000000000361e-02
5.007200000000000539e-02,6.062500000000000527e-02
5.014400000000000107e-02,6.093750000000000555e-02
5.021600000000000369e-02,6.062500000000000527e-02
5.028800000000000631e-02,5.968750000000000444e-02
5.036000000000000199e-02,5.875000000000000361e-02
5.043200000000000460e-02,5.875000000000000361e-02
5.050400000000000028e-02,5.968750000000000444e-02
5.057600000000000290e-02,6.031250000000000500e-02
5.064800000000000552e-02,6.062500000000000527e-02
5.072000000000000119e-02,6.062500000000000527e-02
5.079200000000000381e-02,6.000000000000000472e-02
5.086400000000000643e-02,5.937500000000000416e-02
5.093600000000000211e-02,5.875000000000000361e-02
5.100800000000000473e-02,5.843750000000000333e-02
5.108000000000000040e-02,5.812500000000000305e-02
5.115200000000000302e-02,5.843750000000000333e-02
5.122400000000000564e-02,5.906250000000000389e-02
5.129600000000000132e-02,5.906250000000000389e-02
5.136800000000000394e-02,6.000000000000000472e-02
5.144000000000000655e-02,6.031250000000000500e-02
5.151200000000000223e-02,6.031250000000000500e-02
5.158400000000000485e-02,6.031250000000000500e-02
5.165600000000000053e-02,6.062500000000000527e-02
5.172800000000000314e-02,6.031250000000000500e-02
5.180000000000000576e-02,6.062500000000000527e-02
5.187200000000000144e-02,6.156250000000000611e-02
5.194400000000000406e-02,6.093750000000000555e-02
5.201600000000000668e-02,5.843750000000000333e-02
5.208800000000000235e-02,5.500000000000000722e-02
5.216000000000000497e-02,5.250000000000000500e-02
5.223200000000000065e-02,4.843750000000000139e-02
5.230400000000000327e-02,4.562500000000000583e-02
5.237600000000000589e-02,4.218750000000000278e-02
5.244800000000000156e-02,4.125000000000000194e-02
5.252000000000000418e-02,3.968750000000000056e-02
5.259200000000000680e-02,4.000000000000000083e-02
5.266400000000000248e-02,4.093750000000000167e-02
5.273600000000000509e-02,4.343750000000000389e-02
5.280800000000000077e-02,4.875000000000000167e-02
5.288000000000000339e-02,5.343749999999999889e-02
5.295200000000000601e-02,5.687500000000000888e-02
5.302400000000000169e-02,5.812500000000000305e-02
5.309600000000000430e-02,5.968750000000000444e-02
5.316800000000000692e-02,5.937500000000000416e-02
5.324000000000000260e-02,5.875000000000000361e-02
5.331200000000000522e-02,5.906250000000000389e-02
5.338400000000000090e-02,5.968750000000000444e-02
5.345600000000000351e-02,6.062500000000000527e-02
5.352800000000000613e-02,6.124999999999999889e-02
5.360000000000000181e-02,6.031250000000000500e-02
5.367200000000000443e-02,5.875000000000000361e-02
5.374400000000000704e-02,5.687500000000000888e-02
5.381600000000000272e-02,5.531250000000000056e-02
5.388800000000000534e-02,5.250000000000000500e-02
5.396000000000000102e-02,5.093750000000000361e-02
5.403200000000000364e-02,5.031250000000000305e-02
5.410400000000000625e-02,4.968750000000000250e-02
5.417600000000000193e-02,5.031250000000000305e-02
5.424800000000000455e-02,5.250000000000000500e-02
5.432000000000000717e-02,5.468750000000000000e-02
5.439200000000000285e-02,5.593750000000000111e-02
5.446400000000000546e-02,5.781250000000000278e-02
5.453600000000000114e-02,5.968750000000000444e-02
5.460800000000000376e-02,5.968750000000000444e-02
5.468000000000000638e-02,6.031250000000000500e-02
5.475200000000000206e-02,6.156250000000000611e-02
5.482400000000000467e-02,6.156250000000000611e-02
5.489600000000000035e-02,6.000000000000000472e-02
5.496800000000000297e-02,5.750000000000000250e-02
5.504000000000000559e-02,5.562500000000000777e-02
5.511200000000000127e-02,5.218750000000000472e-02
5.518400000000000388e-02,4.687500000000000000e-02
5.525600000000000650e-02,4.468750000000000500e-02
5.532800000000000218e-02,3.843750000000000638e-02
5.540000000000000480e-02,3.625000000000000444e-02
5.547200000000000047e-02,3.312500000000000167e-02
5.554400000000000309e-02,3.062500000000000291e-02
5.561600000000000571e-02,3.000000000000000236e-02
5.568800000000000139e-02,3.187500000000000056e-02
5.576000000000000401e-02,3.437500000000000278e-02
5.583200000000000662e-02,3.843750000000000638e-02
5.590400000000000230e-02,4.468750000000000500e-02
5.597600000000000492e-02,4.812500000000000111e-02
5.604800000000000060e-02,5.093750000000000361e-02
5.612000000000000322e-02,5.437500000000000666e-02
5.619200000000000583e-02,5.593750000000000111e-02
5.626400000000000151e-02,5.687500000000000888e-02
5.633600000000000413e-02,5.687500000000000888e-02
5.640800000000000675e-02,5.625000000000000833e-02
5.648000000000000242e-02,5.437500000000000666e-02
5.655200000000000504e-02,5.218750000000000472e-02
5.662400000000000072e-02,4.937500000000000222e-02
5.669600000000000334e-02,4.531250000000000555e-02
5.676800000000000596e-02,4.125000000000000194e-02
5.684000000000000163e-02,3.812500000000000611e-02
5.691200000000000425e-02,3.562500000000000389e-02
5.698400000000000687e-02,3.250000000000000111e-02
5.705600000000000255e-02,3.187500000000000056e-02
5.712800000000000517e-02,3.156250000000000028e-02
5.720000000000000084e-02,3.250000000000000111e-02
5.727200000000000346e-02,3.468750000000000305e-02
5.734400000000000608e-02,3.781250000000000583e-02
5.741600000000000176e-02,4.031250000000000111e-02
5.748800000000000437e-02,4.281250000000000333e-02
5.756000000000000699e-02,4.343750000000000389e-02
5.763200000000000267e-02,4.406250000000000444e-02
5.770400000000000529e-02,4.250000000000000305e-02
5.777600000000000097e-02,4.062500000000000139e-02
5.784800000000000358e-02,3.843750000000000638e-02
5.792000000000000620e-02,3.656250000000000472e-02
5.799200000000000188e-02,3.250000000000000111e-02
5.806400000000000450e-02,3.125000000000000000e-02
5.813600000000000712e-02,2.812500000000000416e-02
5.820800000000000279e-02,2.625000000000000250e-02
5.828000000000000541e-02,2.437500000000000083e-02
5.835200000000000109e-02,2.343750000000000347e-02
5.842400000000000371e-02,2.312500000000000319e-02
5.849600000000000632e-02,2.437500000000000083e-02
5.856800000000000200e-02,2.562500000000000194e-02
5.864000000000000462e-02,3.093750000000000319e-02
5.871200000000000724e-02,3.625000000000000444e-02
5.878400000000000292e-02,3.968750000000000056e-02
5.885600000000000553e-02,4.281250000000000333e-02
5.892800000000000121e-02,4.468750000000000500e-02
5.900000000000000383e-02,4.500000000000000527e-02
5.907200000000000645e-02,4.562500000000000583e-02
5.914400000000000213e-02,4.562500000000000583e-02
5.921600000000000474e-02,4.437500000000000472e-02
5.928800000000000736e-02,4.343750000000000389e-02
5.936000000000000304e-02,4.125000000000000194e-02
5.943200000000000566e-02,3.843750000000000638e-02
5.950400000000000134e-02,3.593750000000000416e-02
5.957600000000000395e-02,3.468750000000000305e-02
5.964800000000000657e-02,3.156250000000000028e-02
5.972000000000000225e-02,2.875000000000000472e-02
5.979200000000000487e-02,2.687500000000000305e-02
5.986400000000000055e-02,2.531250000000000167e-02
5.993600000000000316e-02,2.500000000000000139e-02
6.000800000000000578e-02,2.468750000000000111e-02
6.008000000000000146e-02,2.500000000000000139e-02
6.015200000000000408e-02,2.593750000000000222e-02
6.022400000000000669e-02,2.781250000000000389e-02
6.029600000000000237e-02,2.906250000000000500e-02
6.036800000000000499e-02,3.031250000000000264e-02
6.044000000000000067e-02,3.031250000000000264e-02
6.051200000000000329e-02,2.843750000000000444e-02
6.058400000000000590e-02,2.687500000000000305e-02
6.065600000000000158e-02,2.406250000000000056e-02
6.072800000000000420e-02,2.125000000000000500e-02
6.080000000000000682e-02,2.031250000000000416e-02
6.087200000000000250e-02,1.750000000000000167e-02
6.094400000000000511e-02,1.375000000000000180e-02
6.101600000000000079e-02,1.187500000000000361e-02
6.108800000000000341e-02,1.000000000000000194e-02
6.116000000000000603e-02,8.750000000000004302e-03
6.123200000000000170e-02,7.500000000000003192e-03
6.130400000000000432e-02,7.187500000000002914e-03
6.137600000000000694e-02,7.812500000000003469e-03
6.144800000000000262e-02,9.375000000000001388e-03
6.152000000000000524e-02,1.062500000000000250e-02
6.159200000000000091e-02,1.437500000000000236e-02
6.166400000000000353e-02,1.687500000000000458e-02
6.173600000000000615e-02,2.187500000000000555e-02
6.180800000000000183e-02,2.625000000000000250e-02
6.188000000000000445e-02,2.812500000000000416e-02
6.195200000000000706e-02,3.031250000000000264e-02
6.202400000000000274e-02,3.281250000000000139e-02
6.209600000000000536e-02,3.375000000000000222e-02
6.216800000000000104e-02,3.250000000000000111e-02
6.224000000000000365e-02,3.062500000000000291e-02
6.231200000000000627e-02,2.906250000000000500e-02
6.238400000000000889e-02,2.500000000000000139e-02
6.245599999999999763e-02,2.375000000000000375e-02
6.252800000000000025e-02,2.031250000000000416e-02
6.260000000000000286e-02,1.906250000000000305e-02
6.267200000000000548e-02,1.687500000000000458e-02
6.274400000000000810e-02,1.625000000000000402e-02
6.281600000000001072e-02,1.625000000000000402e-02
6.288799999999999946e-02,1.656250000000000430e-02
6.296000000000000207e-02,1.656250000000000430e-02
6.303200000000000469e-02,1.750000000000000167e-02
6.310400000000000731e-02,1.812500000000000222e-02
6.317600000000000993e-02,1.843750000000000250e-02
6.324799999999999867e-02,1.875000000000000278e-02
6.332000000000000128e-02,1.687500000000000458e-02
6.339200000000000390e-02,1.531250000000000319e-02
6.346400000000000652e-02,1.218750000000000389e-02
6.353600000000000914e-02,1.093750000000000278e-02
6.360799999999999788e-02,9.375000000000001388e-03
6.368000000000000049e-02,7.500000000000003192e-03
6.375200000000000311e-02,6.250000000000002082e-03
6.382400000000000573e-02,5.312500000000001249e-03
6.389600000000000835e-02,5.000000000000004441e-03
6.396800000000001096e-02,5.000000000000004441e-03
6.403999999999999970e-02,4.375000000000003886e-03
6.411200000000000232e-02,4.375000000000003886e-03
6.418400000000000494e-02,5.000000000000004441e-03
6.425600000000000755e-02,5.937500000000001804e-03
6.432800000000001017e-02,8.437500000000004025e-03
6.439999999999999891e-02,1.187500000000000361e-02
6.447200000000000153e-02,1.468750000000000264e-02
6.454400000000000415e-02,1.750000000000000167e-02
6.461600000000000676e-02,2.062500000000000444e-02
6.468800000000000938e-02,2.250000000000000264e-02
6.475999999999999812e-02,2.343750000000000347e-02
6.483200000000000074e-02,2.375000000000000375e-02
6.490400000000000336e-02,2.343750000000000347e-02
6.497600000000000597e-02,2.218750000000000236e-02
6.504800000000000859e-02,2.062500000000000444e-02
6.511999999999999733e-02,1.843750000000000250e-02
6.519199999999999995e-02,1.781250000000000194e-02
6.526400000000000257e-02,1.625000000000000402e-02
6.533600000000000518e-02,1.437500000000000236e-02
6.540800000000000780e-02,1.312500000000000125e-02
6.548000000000001042e-02,1.312500000000000125e-02
6.555199999999999916e-02,1.281250000000000444e-02
6.562400000000000178e-02,1.375000000000000180e-02
6.569600000000000439e-02,1.468750000000000264e-02
6.576800000000000701e-02,1.562500000000000347e-02
6.584000000000000963e-02,1.687500000000000458e-02
6.591199999999999837e-02,2.000000000000000389e-02
6.598400000000000098e-02,2.125000000000000500e-02
6.605600000000000360e-02,2.343750000000000347e-02
6.612800000000000622e-02,2.312500000000000319e-02
6.620000000000000884e-02,2.093750000000000472e-02
6.627199999999999758e-02,1.906250000000000305e-02
6.634400000000000019e-02,1.500000000000000291e-02
6.641600000000000281e-02,1.218750000000000389e-02
6.648800000000000543e-02,1.000000000000000194e-02
6.656000000000000805e-02,6.875000000000002637e-03
6.663200000000001066e-02,5.937500000000001804e-03
6.670399999999999940e-02,4.687500000000004163e-03
6.677600000000000202e-02,4.062500000000003608e-03
6.684800000000000464e-02,3.437500000000003053e-03
6.692000000000000726e-02,2.812500000000002498e-03
6.699200000000000987e-02,2.500000000000002220e-03
6.706399999999999861e-02,2.812500000000002498e-03
6.713600000000000123e-02,3.437500000000003053e-03
6.720800000000000385e-02,4.375000000000003886e-03
6.728000000000000647e-02,8.125000000000003747e-03
6.735200000000000908e-02,1.093750000000000278e-02
6.742399999999999782e-02,1.343750000000000153e-02
6.749600000000000044e-02,1.781250000000000194e-02
6.756800000000000306e-02,1.906250000000000305e-02
6.764000000000000568e-02,2.000000000000000389e-02
6.771200000000000829e-02,2.062500000000000444e-02
6.778400000000001091e-02,2.000000000000000389e-02
6.785599999999999965e-02,1.843750000000000250e-02
6.792800000000000227e-02,1.812500000000000222e-02
6.800000000000000488e-02,1.625000000000000402e-02
6.807200000000000750e-02,1.437500000000000236e-02
6.814400000000001012e-02,1.250000000000000416e-02
6.821599999999999886e-02,1.187500000000000361e-02
6.828800000000000148e-02,1.093750000000000278e-02
6.836000000000000409e-02,1.000000000000000194e-02
6.843200000000000671e-02,1.031250000000000222e-02
6.850400000000000933e-02,1.031250000000000222e-02
6.857599999999999807e-02,1.156250000000000333e-02
6.864800000000000069e-02,1.343750000000000153e-02
6.872000000000000330e-02,1.562500000000000347e-02
6.879200000000000592e-02,1.812500000000000222e-02
6.886400000000000854e-02,1.937500000000000333e-02
6.893599999999999728e-02,1.968750000000000361e-02
6.900799999999999990e-02,1.906250000000000305e-02
6.908000000000000251e-02,1.531250000000000319e-02
6.915200000000000513e-02,1.281250000000000444e-02
6.922400000000000775e-02,1.062500000000000250e-02
6.929600000000001037e-02,8.125000000000003747e-03
6.936799999999999911e-02,6.875000000000002637e-03
6.944000000000000172e-02,5.000000000000004441e-03
6.951200000000000434e-02,4.062500000000003608e-03
6.958400000000000696e-02,4.062500000000003608e-03
6.965600000000000958e-02,3.437500000000003053e-03
6.972799999999999832e-02,3.437500000000003053e-03
6.980000000000000093e-02,3.125000000000002776e-03
6.987200000000000355e-02,3.437500000000003053e-03
6.994400000000000617e-02,3.750000000000003331e-03
7.001600000000000878e-02,5.312500000000001249e-03
7.008799999999999752e-02,7.812500000000003469e-03
7.016000000000000014e-02,1.187500000000000361e-02
7.023200000000000276e-02,1.531250000000000319e-02
7.030400000000000538e-02,1.968750000000000361e-02
7.037600000000000799e-02,2.031250000000000416e-02
7.044800000000001061e-02,2.093750000000000472e-02
7.051999999999999935e-02,2.031250000000000416e-02
7.059200000000000197e-02,1.906250000000000305e-02
7.066400000000000459e-02,1.656250000000000430e-02
7.073600000000000720e-02,1.437500000000000236e-02
7.080800000000000982e-02,1.000000000000000194e-02
7.087999999999999856e-02,8.125000000000003747e-03
7.095200000000000118e-02,6.562500000000002359e-03
7.102400000000000380e-02,5.312500000000001249e-03
7.109600000000000641e-02,4.375000000000003886e-03
7.116800000000000903e-02,4.375000000000003886e-03
7.123999999999999777e-02,4.062500000000003608e-03
7.131200000000000039e-02,4.062500000000003608e-03
7.138400000000000301e-02,4.687500000000004163e-03
7.145600000000000562e-02,5.625000000000001527e-03
7.152800000000000824e-02,7.500000000000003192e-03
7.160000000000001086e-02,9.687500000000001665e-03
7.167199999999999960e-02,1.156250000000000333e-02
7.174400000000000222e-02,1.281250000000000444e-02
7.181600000000000483e-02,1.343750000000000153e-02
7.188800000000000745e-02,1.250000000000000416e-02
7.196000000000001007e-02,1.093750000000000278e-02
7.203199999999999881e-02,8.437500000000004025e-03
7.210400000000000142e-02,5.937500000000001804e-03
7.217600000000000404e-02,4.062500000000003608e-03
7.224800000000000666e-02,3.750000000000003331e-03
7.232000000000000928e-02,3.125000000000002776e-03
7.239199999999999802e-02,2.812500000000002498e-03
7.246400000000000063e-02,2.500000000000002220e-03
7.253600000000000325e-02,3.125000000000002776e-03
7.260800000000000587e-02,2.812500000000002498e-03
7.268000000000000849e-02,3.125000000000002776e-03
7.275200000000001110e-02,2.812500000000002498e-03
7.282399999999999984e-02,2.500000000000002220e-03
7.289600000000000246e-02,3.125000000000002776e-03
7.296800000000000508e-02,5.312500000000001249e-03
7.304000000000000770e-02,7.187500000000002914e-03
7.311200000000001031e-02,1.093750000000000278e-02
7.318399999999999905e-02,1.437500000000000236e-02
7.325600000000000167e-02,1.625000000000000402e-02
7.332800000000000429e-02,1.687500000000000458e-02
7.340000000000000691e-02,1.656250000000000430e-02
7.347200000000000952e-02,1.593750000000000375e-02
7.354399999999999826e-02,1.406250000000000208e-02
7.361600000000000088e-02,1.093750000000000278e-02
7.368800000000000350e-02,8.437500000000004025e-03
7.376000000000000612e-02,6.250000000000002082e-03
7.383200000000000873e-02,4.687500000000004163e-03
7.390399999999999747e-02,4.375000000000003886e-03
7.397600000000000009e-02,3.437500000000003053e-03
7.404800000000000271e-02,3.437500000000003053e-03
7.412000000000000532e-02,3.437500000000003053e-03
7.419200000000000794e-02,2.812500000000002498e-03
7.426400000000001056e-02,3.125000000000002776e-03
7.433599999999999930e-02,3.125000000000002776e-03
7.440800000000000192e-02,3.750000000000003331e-03
7.448000000000000453e-02,5.312500000000001249e-03
7.455200000000000715e-02,6.562500000000002359e-03
7.462400000000000977e-02,7.187500000000002914e-03
7.469599999999999851e-02,7.187500000000002914e-03
7.476800000000000113e-02,5.937500000000001804e-03
7.484000000000000374e-02,4.687500000000004163e-03
7.491200000000000636e-02,4.062500000000003608e-03
7.498400000000000898e-02,3.125000000000002776e-03
7.505599999999999772e-02,3.750000000000003331e-03
7.512800000000000034e-02,3.750000000000003331e-03
7.520000000000000295e-02,5.000000000000004441e-03
7.527200000000000557e-02,6.250000000000002082e-03
7.534400000000000819e-02,8.750000000000004302e-03
7.541600000000001081e-02,1.062500000000000250e-02
7.548799999999999955e-02,1.156250000000000333e-02
7.556000000000000216e-02,1.125000000000000305e-02
7.563200000000000478e-02,9.375000000000001388e-03
7.570400000000000740e-02,8.750000000000004302e-03
7.577600000000001002e-02,5.937500000000001804e-03
7.584799999999999875e-02,4.687500000000004163e-03
7.592000000000000137e-02,4.375000000000003886e-03
7.599200000000000399e-02,5.312500000000001249e-03
7.606400000000000661e-02,7.500000000000003192e-03
7.613600000000000922e-02,9.062500000000001110e-03
7.620799999999999796e-02,9.687500000000001665e-03
7.628000000000000058e-02,9.687500000000001665e-03
7.635200000000000320e-02,9.687500000000001665e-03
7.642400000000000582e-02,8.125000000000003747e-03
7.649600000000000843e-02,6.875000000000002637e-03
7.656800000000001105e-02,5.000000000000004441e-03
7.663999999999999979e-02,4.375000000000003886e-03
7.671200000000000241e-02,3.750000000000003331e-03
7.678400000000000503e-02,4.062500000000003608e-03
7.685600000000000764e-02,4.375000000000003886e-03
7.692800000000001026e-02,4.687500000000004163e-03
7.699999999999999900e-02,4.687500000000004163e-03
7.707200000000000162e-02,4.687500000000004163e-03
7.714400000000000424e-02,3.750000000000003331e-03
7.721600000000000685e-02,3.125000000000002776e-03
7.728800000000000947e-02,2.812500000000002498e-03
7.735999999999999821e-02,2.500000000000002220e-03
7.743200000000000083e-02,3.125000000000002776e-03
7.750400000000000345e-02,3.750000000000003331e-03
7.757600000000000606e-02,3.750000000000003331e-03
7.764800000000000868e-02,3.437500000000003053e-03
7.772000000000001130e-02,3.125000000000002776e-03
7.779200000000000004e-02,2.812500000000002498e-03
7.786400000000000265e-02,2.812500000000002498e-03
7.793600000000000527e-02,3.437500000000003053e-03
7.800800000000000789e-02,3.750000000000003331e-03
7.808000000000001051e-02,5.000000000000004441e-03
7.815199999999999925e-02,6.250000000000002082e-03
7.822400000000000186e-02,8.750000000000004302e-03
7.829600000000000448e-02,1.156250000000000333e-02
7.836800000000000710e-02,1.250000000000000416e-02
7.844000000000000972e-02,1.375000000000000180e-02
7.851199999999999846e-02,1.281250000000000444e-02
7.858400000000000107e-02,1.062500000000000250e-02
7.865600000000000369e-02,7.500000000000003192e-03
7.872800000000000631e-02,5.937500000000001804e-03
7.880000000000000893e-02,4.375000000000003886e-03
7.887199999999999767e-02,3.750000000000003331e-03
7.894400000000000028e-02,4.062500000000003608e-03
7.901600000000000290e-02,4.375000000000003886e-03
7.908800000000000552e-02,5.000000000000004441e-03
7.916000000000000814e-02,5.312500000000001249e-03
7.923200000000001075e-02,6.250000000000002082e-03
7.930399999999999949e-02,5.937500000000001804e-03
7.937600000000000211e-02,5.625000000000001527e-03
7.944800000000000473e-02,5.000000000000004441e-03
7.952000000000000735e-02,4.062500000000003608e-03
7.959200000000000996e-02,3.437500000000003053e-03
7.966399999999999870e-02,3.125000000000002776e-03
7.973600000000000132e-02,3.125000000000002776e-03
7.980800000000000394e-02,3.437500000000003053e-03
7.988000000000000655e-02,3.750000000000003331e-03
7.995200000000000917e-02,4.062500000000003608e-03
8.002399999999999791e-02,3.437500000000003053e-03
8.009600000000000053e-02,3.125000000000002776e-03
8.016800000000000315e-02,2.812500000000002498e-03
8.024000000000000576e-02,2.500000000000002220e-03
8.031200000000000838e-02,2.500000000000002220e-03
8.038400000000001100e-02,2.187500000000001943e-03
8.045599999999999974e-02,1.875000000000001665e-03
8.052800000000000236e-02,2.187500000000001943e-03
8.060000000000000497e-02,3.125000000000002776e-03
8.067200000000000759e-02,3.437500000000003053e-03
8.074400000000001021e-02,4.375000000000003886e-03
8.081599999999999895e-02,4.687500000000004163e-03
8.088800000000000157e-02,5.937500000000001804e-03
8.096000000000000418e-02,6.250000000000002082e-03
8.103200000000000680e-02,6.875000000000002637e-03
8.110400000000000942e-02,7.187500000000002914e-03
8.117599999999999816e-02,8.125000000000003747e-03
8.124800000000000078e-02,8.437500000000004025e-03
8.132000000000000339e-02,8.437500000000004025e-03
8.139200000000000601e-02,7.812500000000003469e-03
8.146400000000000863e-02,6.875000000000002637e-03
8.153600000000001125e-02,5.000000000000004441e-03
8.160799999999999998e-02,4.375000000000003886e-03
8.168000000000000260e-02,3.125000000000002776e-03
8.175200000000000522e-02,2.812500000000002498e-03
8.182400000000000784e-02,2.812500000000002498e-03
8.189600000000001045e-02,2.500000000000002220e-03
8.196799999999999919e-02,2.500000000000002220e-03
8.204000000000000181e-02,2.500000000000002220e-03
8.211200000000000443e-02,2.187500000000001943e-03
8.218400000000000705e-02,2.500000000000002220e-03
8.225600000000000966e-02,2.500000000000002220e-03
8.232799999999999840e-02,3.125000000000002776e-03
8.240000000000000102e-02,4.062500000000003608e-03
8.247200000000000364e-02,5.312500000000001249e-03
8.254400000000000626e-02,5.625000000000001527e-03
8.261600000000000887e-02,5.937500000000001804e-03
8.268799999999999761e-02,6.875000000000002637e-03
8.276000000000000023e-02,6.562500000000002359e-03
8.283200000000000285e-02,5.937500000000001804e-03
8.290400000000000547e-02,5.312500000000001249e-03
8.297600000000000808e-02,4.687500000000004163e-03
8.304800000000001070e-02,3.750000000000003331e-03
8.311999999999999944e-02,3.125000000000002776e-03
8.319200000000000206e-02,2.812500000000002498e-03
8.326400000000000468e-02,2.812500000000002498e-03
8.333600000000000729e-02,2.500000000000002220e-03
8.340800000000000991e-02,2.812500000000002498e-03
8.347999999999999865e-02,3.437500000000003053e-03
8.355200000000000127e-02,4.062500000000003608e-03
8.362400000000000388e-02,5.937500000000001804e-03
8.369600000000000650e-02,7.500000000000003192e-03
8.376800000000000912e-02,9.687500000000001665e-03
8.383999999999999786e-02,1.093750000000000278e-02
8.391200000000000048e-02,1.312500000000000125e-02
8.398400000000000309e-02,1.406250000000000208e-02
8.405600000000000571e-02,1.593750000000000375e-02
8.412800000000000833e-02,1.656250000000000430e-02
8.420000000000001095e-02,1.656250000000000430e-02
8.427199999999999969e-02,1.531250000000000319e-02
8.434400000000000230e-02,1.312500000000000125e-02
8.441600000000000492e-02,1.031250000000000222e-02
8.448800000000000754e-02,6.875000000000002637e-03
8.456000000000001016e-02,5.000000000000004441e-03
8.463199999999999890e-02,4.375000000000003886e-03
8.470400000000000151e-02,3.437500000000003053e-03
8.477600000000000413e-02,2.812500000000002498e-03
8.484800000000000675e-02,2.500000000000002220e-03
8.492000000000000937e-02,2.500000000000002220e-03
8.499199999999999811e-02,2.500000000000002220e-03
8.506400000000000072e-02,2.187500000000001943e-03
8.513600000000000334e-02,2.500000000000002220e-03
8.520800000000000596e-02,2.812500000000002498e-03
8.528000000000000858e-02,3.125000000000002776e-03
8.535200000000001119e-02,3.437500000000003053e-03
8.542399999999999993e-02,3.437500000000003053e-03
8.549600000000000255e-02,4.375000000000003886e-03
8.556800000000000517e-02,4.375000000000003886e-03
8.564000000000000778e-02,5.937500000000001804e-03
8.571200000000001040e-02,5.937500000000001804e-03
8.578399999999999914e-02,6.562500000000002359e-03
8.585600000000000176e-02,6.250000000000002082e-03
8.592800000000000438e-02,6.250000000000002082e-03
8.600000000000000699e-02,5.937500000000001804e-03
8.607200000000000961e-02,6.250000000000002082e-03
8.614399999999999835e-02,7.500000000000003192e-03
8.621600000000000097e-02,1.031250000000000222e-02
8.628800000000000359e-02,1.187500000000000361e-02
8.636000000000000620e-02,1.406250000000000208e-02
8.643200000000000882e-02,1.750000000000000167e-02
8.650400000000001144e-02,1.875000000000000278e-02
8.657600000000000018e-02,2.156250000000000527e-02
8.664800000000000280e-02,2.312500000000000319e-02
8.672000000000000541e-02,2.375000000000000375e-02
8.679200000000000803e-02,2.437500000000000083e-02
8.686400000000001065e-02,2.468750000000000111e-02
8.693599999999999939e-02,2.468750000000000111e-02
8.700800000000000201e-02,2.375000000000000375e-02
8.708000000000000462e-02,2.125000000000000500e-02
8.715200000000000724e-02,2.000000000000000389e-02
8.722400000000000986e-02,1.437500000000000236e-02
8.729599999999999860e-02,1.062500000000000250e-02
8.736800000000000122e-02,8.437500000000004025e-03
8.744000000000000383e-02,6.562500000000002359e-03
8.751200000000000645e-02,5.000000000000004441e-03
8.758400000000000907e-02,3.750000000000003331e-03
8.765599999999999781e-02,3.125000000000002776e-03
8.772800000000000042e-02,3.437500000000003053e-03
8.780000000000000304e-02,3.750000000000003331e-03
8.787200000000000566e-02,4.062500000000003608e-03
8.794400000000000828e-02,5.000000000000004441e-03
8.801600000000001089e-02,6.250000000000002082e-03
8.808799999999999963e-02,7.812500000000003469e-03
8.816000000000000225e-02,8.750000000000004302e-03
8.823200000000000487e-02,1.031250000000000222e-02
8.830400000000000749e-02,1.093750000000000278e-02
8.837600000000001010e-02,1.187500000000000361e-02
8.844799999999999884e-02,1.156250000000000333e-02
8.852000000000000146e-02,1.031250000000000222e-02
8.859200000000000408e-02,9.062500000000001110e-03
8.866400000000000670e-02,7.812500000000003469e-03
8.873600000000000931e-02,6.875000000000002637e-03
8.880799999999999805e-02,5.312500000000001249e-03
8.888000000000000067e-02,4.687500000000004163e-03
8.895200000000000329e-02,3.750000000000003331e-03
8.902400000000000591e-02,3.750000000000003331e-03
8.909600000000000852e-02,4.375000000000003886e-03
8.916800000000001114e-02,6.250000000000002082e-03
8.923999999999999988e-02,7.812500000000003469e-03
8.931200000000000250e-02,8.750000000000004302e-03
8.938400000000000512e-02,1.093750000000000278e-02
8.945600000000000773e-02,1.343750000000000153e-02
8.952800000000001035e-02,1.625000000000000402e-02
8.959999999999999909e-02,1.750000000000000167e-02
8.967200000000000171e-02,1.968750000000000361e-02
8.974400000000000432e-02,2.125000000000000500e-02
8.981600000000000694e-02,2.156250000000000527e-02
8.988800000000000956e-02,2.156250000000000527e-02
8.995999999999999830e-02,1.906250000000000305e-02
9.003200000000000092e-02,1.656250000000000430e-02
9.010400000000000353e-02,1.343750000000000153e-02
9.017600000000000615e-02,1.062500000000000250e-02
9.024800000000000877e-02,8.437500000000004025e-03
9.032000000000001139e-02,6.250000000000002082e-03
9.039200000000000013e-02,4.375000000000003886e-03
9.046400000000000274e-02,3.750000000000003331e-03
9.053600000000000536e-02,3.437500000000003053e-03
9.060800000000000798e-02,3.750000000000003331e-03
9.068000000000001060e-02,4.062500000000003608e-03
9.075199999999999934e-02,4.062500000000003608e-03
9.082400000000000195e-02,5.625000000000001527e-03
9.089600000000000457e-02,6.875000000000002637e-03
9.096800000000000719e-02,7.812500000000003469e-03
9.104000000000000981e-02,8.437500000000004025e-03
9.111199999999999855e-02,9.062500000000001110e-03
9.118400000000000116e-02,9.062500000000001110e-03
9.125600000000000378e-02,9.375000000000001388e-03
9.132800000000000640e-02,9.062500000000001110e-03
9.140000000000000902e-02,8.437500000000004025e-03
9.147200000000001163e-02,7.500000000000003192e-03
9.154400000000000037e-02,5.937500000000001804e-03
9.161600000000000299e-02,5.000000000000004441e-03
9.168800000000000561e-02,4.062500000000003608e-03
9.176000000000000822e-02,3.750000000000003331e-03
9.183200000000001084e-02,3.750000000000003331e-03
9.190399999999999958e-02,4.062500000000003608e-03
9.197600000000000220e-02,5.937500000000001804e-03
9.204800000000000482e-02,8.125000000000003747e-03
9.212000000000000743e-02,1.093750000000000278e-02
9.219200000000001005e-02,1.406250000000000208e-02
9.226399999999999879e-02,1.875000000000000278e-02
9.233600000000000141e-02,2.281250000000000291e-02
9.240800000000000403e-02,2.468750000000000111e-02
9.248000000000000664e-02,2.625000000000000250e-02
9.255200000000000926e-02,2.656250000000000278e-02
9.262399999999999800e-02,2.718750000000000333e-02
9.269600000000000062e-02,2.656250000000000278e-02
9.276800000000000324e-02,2.500000000000000139e-02
9.284000000000000585e-02,2.156250000000000527e-02
9.291200000000000847e-02,1.625000000000000402e-02
9.298400000000001109e-02,1.312500000000000125e-02
9.305599999999999983e-02,8.750000000000004302e-03
9.312800000000000245e-02,6.250000000000002082e-03
9.320000000000000506e-02,4.687500000000004163e-03
9.327200000000000768e-02,3.437500000000003053e-03
9.334400000000001030e-02,2.812500000000002498e-03
9.341599999999999904e-02,2.500000000000002220e-03
9.348800000000000165e-02,2.500000000000002220e-03
9.356000000000000427e-02,3.125000000000002776e-03
9.363200000000000689e-02,4.375000000000003886e-03
9.370400000000000951e-02,6.875000000000002637e-03
9.377599999999999825e-02,8.750000000000004302e-03
9.384800000000000086e-02,1.375000000000000180e-02
9.392000000000000348e-02,1.593750000000000375e-02
9.399200000000000610e-02,1.906250000000000305e-02
9.406400000000000872e-02,2.156250000000000527e-02
9.413600000000001133e-02,2.250000000000000264e-02
9.420800000000000007e-02,2.250000000000000264e-02
9.428000000000000269e-02,2.093750000000000472e-02
9.435200000000000531e-02,1.968750000000000361e-02
9.442400000000000793e-02,1.687500000000000458e-02
9.449600000000001054e-02,1.437500000000000236e-02
9.456799999999999928e-02,1.062500000000000250e-02
9.464000000000000190e-02,9.062500000000001110e-03
9.471200000000000452e-02,8.750000000000004302e-03
9.478400000000000714e-02,9.375000000000001388e-03
9.485600000000000975e-02,1.250000000000000416e-02
9.492799999999999849e-02,1.468750000000000264e-02
9.500000000000000111e-02,1.937500000000000333e-02
9.507200000000000373e-02,2.187500000000000555e-02
9.514400000000000635e-02,2.656250000000000278e-02
9.521600000000000896e-02,3.125000000000000000e-02
9.528800000000001158e-02,3.406250000000000250e-02
9.536000000000000032e-02,3.656250000000000472e-02
9.543200000000000294e-02,3.812500000000000611e-02
9.550400000000000555e-02,4.031250000000000111e-02
9.557600000000000817e-02,4.093750000000000167e-02
9.564800000000001079e-02,4.062500000000000139e-02
9.571999999999999953e-02,3.656250000000000472e-02
9.579200000000000215e-02,3.156250000000000028e-02
9.586400000000000476e-02,2.718750000000000333e-02
9.593600000000000738e-02,1.968750000000000361e-02
9.600800000000001000e-02,1.437500000000000236e-02
9.607999999999999874e-02,1.093750000000000278e-02
9.615200000000000136e-02,7.187500000000002914e-03
9.622400000000000397e-02,6.562500000000002359e-03
9.629600000000000659e-02,6.250000000000002082e-03
9.636800000000000921e-02,5.937500000000001804e-03
9.643999999999999795e-02,7.500000000000003192e-03
9.651200000000000057e-02,8.750000000000004302e-03
9.658400000000000318e-02,1.250000000000000416e-02
9.665600000000000580e-02,1.687500000000000458e-02
9.672800000000000842e-02,2.062500000000000444e-02
9.680000000000001104e-02,2.375000000000000375e-02
9.687199999999999978e-02,2.687500000000000305e-02
9.694400000000000239e-02,2.875000000000000472e-02
9.701600000000000501e-02,3.031250000000000264e-02
9.708800000000000763e-02,3.093750000000000319e-02
9.716000000000001025e-02,3.031250000000000264e-02
9.723199999999999898e-02,2.812500000000000416e-02
9.730400000000000160e-02,2.625000000000000250e-02
9.737600000000000422e-02,2.375000000000000375e-02
9.744800000000000684e-02,2.031250000000000416e-02
9.752000000000000945e-02,1.750000000000000167e-02
9.759199999999999819e-02,1.718750000000000139e-02
9.766400000000000081e-02,1.812500000000000222e-02
9.773600000000000343e-02,2.156250000000000527e-02
9.780800000000000605e-02,2.375000000000000375e-02
9.788000000000000866e-02,2.843750000000000444e-02
9.795200000000001128e-02,3.187500000000000056e-02
9.802400000000000002e-02,3.562500000000000389e-02
9.809600000000000264e-02,3.906250000000000000e-02
9.816800000000000526e-02,4.218750000000000278e-02
9.824000000000000787e-02,4.500000000000000527e-02
9.831200000000001049e-02,4.624999999999999944e-02
9.838399999999999923e-02,4.781250000000000777e-02
9.845600000000000185e-02,4.812500000000000111e-02
9.852800000000000447e-02,4.687500000000000000e-02
9.860000000000000708e-02,4.406250000000000444e-02
9.867200000000000970e-02,3.937500000000000722e-02
9.874399999999999844e-02,3.500000000000000333e-02
9.881600000000000106e-02,3.125000000000000000e-02
9.888800000000000368e-02,2.343750000000000347e-02
9.896000000000000629e-02,1.937500000000000333e-02
9.903200000000000891e-02,1.750000000000000167e-02
9.910400000000001153e-02,1.593750000000000375e-02
9.917600000000000027e-02,1.562500000000000347e-02
9.924800000000000288e-02,1.531250000000000319e-02
9.932000000000000550e-02,1.750000000000000167e-02
9.939200000000000812e-02,1.937500000000000333e-02
9.946400000000001074e-02,2.312500000000000319e-02
9.953599999999999948e-02,2.500000000000000139e-02
9.960800000000000209e-02,2.906250000000000500e-02
9.968000000000000471e-02,3.250000000000000111e-02
9.975200000000000733e-02,3.437500000000000278e-02
9.982400000000000995e-02,3.656250000000000472e-02
9.989599999999999869e-02,3.843750000000000638e-02
9.996800000000000130e-02,3.906250000000000000e-02
1.000400000000000039e-01,3.812500000000000611e-02
1.001120000000000065e-01,3.718750000000000527e-02
1.001840000000000092e-01,3.562500000000000389e-02
1.002560000000000118e-01,3.281250000000000139e-02
1.003280000000000005e-01,3.000000000000000236e-02
1.004000000000000031e-01,2.812500000000000416e-02
1.004720000000000057e-01,2.906250000000000500e-02
1.005440000000000084e-01,3.093750000000000319e-02
1.006160000000000110e-01,3.406250000000000250e-02
1.006879999999999997e-01,3.531250000000000361e-02
1.007600000000000023e-01,3.875000000000000666e-02
1.008320000000000050e-01,4.187500000000000250e-02
1.009040000000000076e-01,4.531250000000000555e-02
1.009760000000000102e-01,4.875000000000000167e-02
1.010479999999999989e-01,5.062500000000000333e-02
1.011200000000000015e-01,5.187500000000000444e-02
1.011920000000000042e-01,5.375000000000000611e-02
1.012640000000000068e-01,5.468750000000000000e-02
1.013360000000000094e-01,5.468750000000000000e-02
1.014079999999999981e-01,5.406249999999999944e-02
1.014800000000000008e-01,5.156250000000000416e-02
1.015520000000000034e-01,4.781250000000000777e-02
1.016240000000000060e-01,4.593750000000000611e-02
1.016960000000000086e-01,3.937500000000000722e-02
1.017680000000000112e-01,3.250000000000000111e-02
1.018400000000000000e-01,2.812500000000000416e-02
1.019120000000000026e-01,2.625000000000000250e-02
1.019840000000000052e-01,2.250000000000000264e-02
1.020560000000000078e-01,2.000000000000000389e-02
1.021280000000000104e-01,2.000000000000000389e-02
1.021999999999999992e-01,2.062500000000000444e-02
1.022720000000000018e-01,2.218750000000000236e-02
1.023440000000000044e-01,2.406250000000000056e-02
1.024160000000000070e-01,2.562500000000000194e-02
1.024880000000000096e-01,2.812500000000000416e-02
1.025599999999999984e-01,2.968750000000000208e-02
1.026320000000000010e-01,3.250000000000000111e-02
1.027040000000000036e-01,3.437500000000000278e-02
1.027760000000000062e-01,3.593750000000000416e-02
1.028480000000000089e-01,3.593750000000000416e-02
1.029200000000000115e-01,3.625000000000000444e-02
1.029920000000000002e-01,3.625000000000000444e-02
1.030640000000000028e-01,3.500000000000000333e-02
1.031360000000000054e-01,3.343750000000000194e-02
1.032080000000000081e-01,3.312500000000000167e-02
1.032800000000000107e-01,3.281250000000000139e-02
1.033519999999999994e-01,3.437500000000000278e-02
1.034240000000000020e-01,3.625000000000000444e-02
1.034960000000000047e-01,3.750000000000000555e-02
1.035680000000000073e-01,3.937500000000000722e-02
1.036400000000000099e-01,4.031250000000000111e-02
1.037119999999999986e-01,4.250000000000000305e-02
1.037840000000000013e-01,4.406250000000000444e-02
1.038560000000000039e-01,4.500000000000000527e-02
1.039280000000000065e-01,4.562500000000000583e-02
1.040000000000000091e-01,4.593750000000000611e-02
1.040720000000000117e-01,4.718750000000000722e-02
1.041440000000000005e-01,4.781250000000000777e-02
1.042160000000000031e-01,4.812500000000000111e-02
1.042880000000000057e-01,4.718750000000000722e-02
1.043600000000000083e-01,4.531250000000000555e-02
1.044320000000000109e-01,4.281250000000000333e-02
1.045039999999999997e-01,3.843750000000000638e-02
1.045760000000000023e-01,3.625000000000000444e-02
1.046480000000000049e-01,3.468750000000000305e-02
1.047200000000000075e-01,3.437500000000000278e-02
1.047920000000000101e-01,3.468750000000000305e-02
1.048639999999999989e-01,3.500000000000000333e-02
1.049360000000000015e-01,3.531250000000000361e-02
1.050080000000000041e-01,3.625000000000000444e-02
1.050800000000000067e-01,3.687500000000000500e-02
1.051520000000000093e-01,3.718750000000000527e-02
1.052240000000000120e-01,3.781250000000000583e-02
1.052960000000000007e-01,3.812500000000000611e-02
1.053680000000000033e-01,3.812500000000000611e-02
1.054400000000000059e-01,3.781250000000000583e-02
1.055120000000000086e-01,3.843750000000000638e-02
1.055840000000000112e-01,3.875000000000000666e-02
1.056559999999999999e-01,3.875000000000000666e-02
1.057280000000000025e-01,3.843750000000000638e-02
1.058000000000000052e-01,3.750000000000000555e-02
1.058720000000000078e-01,3.718750000000000527e-02
1.059440000000000104e-01,3.562500000000000389e-02
1.060159999999999991e-01,3.531250000000000361e-02
1.060880000000000017e-01,3.625000000000000444e-02
1.061600000000000044e-01,3.750000000000000555e-02
1.062320000000000070e-01,4.250000000000000305e-02
1.063040000000000096e-01,4.562500000000000583e-02
1.063759999999999983e-01,4.875000000000000167e-02
1.064480000000000010e-01,5.156250000000000416e-02
1.065200000000000036e-01,5.531250000000000056e-02
1.065920000000000062e-01,5.593750000000000111e-02
1.066640000000000088e-01,5.781250000000000278e-02
1.067360000000000114e-01,5.875000000000000361e-02
1.068080000000000002e-01,5.875000000000000361e-02
1.068800000000000028e-01,5.875000000000000361e-02
1.069520000000000054e-01,5.906250000000000389e-02
1.070240000000000080e-01,5.812500000000000305e-02
1.070960000000000106e-01,5.687500000000000888e-02
1.071679999999999994e-01,5.187500000000000444e-02
1.072400000000000020e-01,5.000000000000000278e-02
1.073120000000000046e-01,4.531250000000000555e-02
1.073840000000000072e-01,4.093750000000000167e-02
1.074560000000000098e-01,3.500000000000000333e-02
1.075279999999999986e-01,3.187500000000000056e-02
1.076000000000000012e-01,3.000000000000000236e-02
1.076720000000000038e-01,2.937500000000000527e-02
1.077440000000000064e-01,2.937500000000000527e-02
1.078160000000000091e-01,2.968750000000000208e-02
1.078880000000000117e-01,3.125000000000000000e-02
1.079600000000000004e-01,3.437500000000000278e-02
1.080320000000000030e-01,3.687500000000000500e-02
1.081040000000000056e-01,3.812500000000000611e-02
1.081760000000000083e-01,4.125000000000000194e-02
1.082480000000000109e-01,4.250000000000000305e-02
1.083199999999999996e-01,4.375000000000000416e-02
1.083920000000000022e-01,4.468750000000000500e-02
1.084640000000000049e-01,4.437500000000000472e-02
1.085360000000000075e-01,4.218750000000000278e-02
1.086080000000000101e-01,4.031250000000000111e-02
1.086799999999999988e-01,3.843750000000000638e-02
1.087520000000000014e-01,3.500000000000000333e-02
1.088240000000000041e-01,3.375000000000000222e-02
1.088960000000000067e-01,3.093750000000000319e-02
1.089680000000000093e-01,3.062500000000000291e-02
1.090400000000000119e-01,3.187500000000000056e-02
1.091120000000000007e-01,3.468750000000000305e-02
1.091840000000000033e-01,3.812500000000000611e-02
1.092560000000000059e-01,4.281250000000000333e-02
1.093280000000000085e-01,4.500000000000000527e-02
1.094000000000000111e-01,4.875000000000000167e-02
1.094719999999999999e-01,5.062500000000000333e-02
1.095440000000000025e-01,5.281250000000000527e-02
1.096160000000000051e-01,5.468750000000000000e-02
1.096880000000000077e-01,5.656250000000000167e-02
1.097600000000000103e-01,5.687500000000000888e-02
1.098319999999999991e-01,5.718750000000000222e-02
1.099040000000000017e-01,5.656250000000000167e-02
1.099760000000000043e-01,5.437500000000000666e-02
1.100480000000000069e-01,5.187500000000000444e-02
1.101200000000000095e-01,4.781250000000000777e-02
1.101919999999999983e-01,4.312500000000000361e-02
1.102640000000000009e-01,4.093750000000000167e-02
1.103360000000000035e-01,3.593750000000000416e-02
1.104080000000000061e-01,3.468750000000000305e-02
1.104800000000000088e-01,3.375000000000000222e-02
1.105520000000000114e-01,3.406250000000000250e-02
1.106240000000000001e-01,3.468750000000000305e-02
1.106960000000000027e-01,3.593750000000000416e-02
1.107680000000000053e-01,3.781250000000000583e-02
1.108400000000000080e-01,4.125000000000000194e-02
1.109120000000000106e-01,4.437500000000000472e-02
1.109839999999999993e-01,4.562500000000000583e-02
1.110560000000000019e-01,4.750000000000000056e-02
1.111280000000000046e-01,4.875000000000000167e-02
1.112000000000000072e-01,4.937500000000000222e-02
1.112720000000000098e-01,5.062500000000000333e-02
1.113439999999999985e-01,5.062500000000000333e-02
1.114160000000000011e-01,4.937500000000000222e-02
1.114880000000000038e-01,4.812500000000000111e-02
1.115600000000000064e-01,4.593750000000000611e-02
1.116320000000000090e-01,4.281250000000000333e-02
1.117040000000000116e-01,3.968750000000000056e-02
1.117760000000000004e-01,3.718750000000000527e-02
1.118480000000000030e-01,3.718750000000000527e-02
1.119200000000000056e-01,3.843750000000000638e-02
1.119920000000000082e-01,4.093750000000000167e-02
1.120640000000000108e-01,4.343750000000000389e-02
1.121359999999999996e-01,4.593750000000000611e-02
1.122080000000000022e-01,4.937500000000000222e-02
1.122800000000000048e-01,5.187500000000000444e-02
1.123520000000000074e-01,5.437500000000000666e-02
1.124240000000000100e-01,5.531250000000000056e-02
1.124959999999999988e-01,5.656250000000000167e-02
1.125680000000000014e-01,5.718750000000000222e-02
1.126400000000000040e-01,5.781250000000000278e-02
1.127120000000000066e-01,5.781250000000000278e-02
1.127840000000000092e-01,5.750000000000000250e-02
1.128560000000000119e-01,5.468750000000000000e-02
1.129280000000000006e-01,5.093750000000000361e-02
1.130000000000000032e-01,4.624999999999999944e-02
1.130720000000000058e-01,4.312500000000000361e-02
1.131440000000000085e-01,3.750000000000000555e-02
1.132160000000000111e-01,3.281250000000000139e-02
1.132879999999999998e-01,2.812500000000000416e-02
1.133600000000000024e-01,2.656250000000000278e-02
1.134320000000000050e-01,2.625000000000000250e-02
1.135040000000000077e-01,2.593750000000000222e-02
1.135760000000000103e-01,2.781250000000000389e-02
1.136479999999999990e-01,3.093750000000000319e-02
1.137200000000000016e-01,3.437500000000000278e-02
1.137920000000000043e-01,3.625000000000000444e-02
1.138640000000000069e-01,4.062500000000000139e-02
1.139360000000000095e-01,4.281250000000000333e-02
1.140080000000000121e-01,4.562500000000000583e-02
1.140800000000000008e-01,4.718750000000000722e-02
1.141520000000000035e-01,4.937500000000000222e-02
1.142240000000000061e-01,4.968750000000000250e-02
1.142960000000000087e-01,4.968750000000000250e-02
1.143680000000000113e-01,4.875000000000000167e-02
1.144400000000000001e-01,4.624999999999999944e-02
1.145120000000000027e-01,4.343750000000000389e-02
1.145840000000000053e-01,4.125000000000000194e-02
1.146560000000000079e-01,4.062500000000000139e-02
1.147280000000000105e-01,4.125000000000000194e-02
1.147999999999999993e-01,4.375000000000000416e-02
1.148720000000000019e-01,4.593750000000000611e-02
1.149440000000000045e-01,4.937500000000000222e-02
1.150160000000000071e-01,5.281250000000000527e-02
1.150880000000000097e-01,5.375000000000000611e-02
1.151599999999999985e-01,5.718750000000000222e-02
1.152320000000000011e-01,5.906250000000000389e-02
1.153040000000000037e-01,6.031250000000000500e-02
1.153760000000000063e-01,6.000000000000000472e-02
1.154480000000000089e-01,6.062500000000000527e-02
1.155200000000000116e-01,6.093750000000000555e-02
1.155920000000000003e-01,6.156250000000000611e-02
1.156640000000000029e-01,6.124999999999999889e-02
1.157360000000000055e-01,5.968750000000000444e-02
1.158080000000000082e-01,5.781250000000000278e-02
1.158800000000000108e-01,5.375000000000000611e-02
1.159519999999999995e-01,4.937500000000000222e-02
1.160240000000000021e-01,4.718750000000000722e-02
1.160960000000000047e-01,4.125000000000000194e-02
1.161680000000000074e-01,3.906250000000000000e-02
1.162400000000000100e-01,3.781250000000000583e-02
1.163119999999999987e-01,3.718750000000000527e-02
1.163840000000000013e-01,3.687500000000000500e-02
1.164560000000000040e-01,3.750000000000000555e-02
1.165280000000000066e-01,3.843750000000000638e-02
1.166000000000000092e-01,4.062500000000000139e-02
1.166720000000000118e-01,4.218750000000000278e-02
1.167440000000000005e-01,4.468750000000000500e-02
1.168160000000000032e-01,4.624999999999999944e-02
1.168880000000000058e-01,4.812500000000000111e-02
1.169600000000000084e-01,5.031250000000000305e-02
1.170320000000000110e-01,5.187500000000000444e-02
1.171039999999999998e-01,5.250000000000000500e-02
1.171760000000000024e-01,5.218750000000000472e-02
1.172480000000000050e-01,5.218750000000000472e-02
1.173200000000000076e-01,5.093750000000000361e-02
1.173920000000000102e-01,4.937500000000000222e-02
1.174639999999999990e-01,4.843750000000000139e-02
1.175360000000000016e-01,4.812500000000000111e-02
1.176080000000000042e-01,4.843750000000000139e-02
1.176800000000000068e-01,5.156250000000000416e-02
1.177520000000000094e-01,5.312500000000000555e-02
1.178240000000000121e-01,5.468750000000000000e-02
1.178960000000000008e-01,5.562500000000000777e-02
1.179680000000000034e-01,5.781250000000000278e-02
1.180400000000000060e-01,5.906250000000000389e-02
1.181120000000000086e-01,6.031250000000000500e-02
1.181840000000000113e-01,6.093750000000000555e-02
1.182560000000000000e-01,6.124999999999999889e-02
1.183280000000000026e-01,6.062500000000000527e-02
1.184000000000000052e-01,6.093750000000000555e-02
1.184720000000000079e-01,6.124999999999999889e-02
1.185440000000000105e-01,6.093750000000000555e-02
1.186159999999999992e-01,5.968750000000000444e-02
1.186880000000000018e-01,5.875000000000000361e-02
1.187600000000000044e-01,5.656250000000000167e-02
1.188320000000000071e-01,5.125000000000000389e-02
1.189040000000000097e-01,4.906250000000000194e-02
1.189760000000000123e-01,4.531250000000000555e-02
1.190480000000000010e-01,4.406250000000000444e-02
1.191200000000000037e-01,4.406250000000000444e-02
1.191920000000000063e-01,4.343750000000000389e-02
1.192640000000000089e-01,4.343750000000000389e-02
1.193360000000000115e-01,4.500000000000000527e-02
1.194080000000000003e-01,4.593750000000000611e-02
1.194800000000000029e-01,4.812500000000000111e-02
1.195520000000000055e-01,5.031250000000000305e-02
1.196240000000000081e-01,5.312500000000000555e-02
1.196960000000000107e-01,5.468750000000000000e-02
1.197679999999999995e-01,5.593750000000000111e-02
1.198400000000000021e-01,5.718750000000000222e-02
1.199120000000000047e-01,5.781250000000000278e-02
1.199840000000000073e-01,5.812500000000000305e-02
1.200560000000000099e-01,5.812500000000000305e-02
1.201279999999999987e-01,5.718750000000000222e-02
1.202000000000000013e-01,5.687500000000000888e-02
1.202720000000000039e-01,5.593750000000000111e-02
1.203440000000000065e-01,5.531250000000000056e-02
1.204160000000000091e-01,5.625000000000000833e-02
1.204880000000000118e-01,5.781250000000000278e-02
1.205600000000000005e-01,5.875000000000000361e-02
1.206320000000000031e-01,6.000000000000000472e-02
1.207040000000000057e-01,6.062500000000000527e-02
1.207760000000000083e-01,6.093750000000000555e-02
1.208480000000000110e-01,6.124999999999999889e-02
1.209199999999999997e-01,6.156250000000000611e-02
1.209920000000000023e-01,6.093750000000000555e-02
1.210640000000000049e-01,6.062500000000000527e-02
1.211360000000000076e-01,6.031250000000000500e-02
1.212080000000000102e-01,5.937500000000000416e-02
1.212799999999999989e-01,6.000000000000000472e-02
1.213520000000000015e-01,5.968750000000000444e-02
1.214240000000000042e-01,6.031250000000000500e-02
1.214960000000000068e-01,6.062500000000000527e-02
1.215680000000000094e-01,6.093750000000000555e-02
1.216400000000000120e-01,6.031250000000000500e-02
1.217120000000000007e-01,5.843750000000000333e-02
1.217840000000000034e-01,5.750000000000000250e-02
1.218560000000000060e-01,5.625000000000000833e-02
1.219280000000000086e-01,5.593750000000000111e-02
1.220000000000000112e-01,5.531250000000000056e-02
1.220720000000000000e-01,5.468750000000000000e-02
1.221440000000000026e-01,5.437500000000000666e-02
1.222160000000000052e-01,5.500000000000000722e-02
1.222880000000000078e-01,5.531250000000000056e-02
1.223600000000000104e-01,5.656250000000000167e-02
1.224319999999999992e-01,5.750000000000000250e-02
1.225040000000000018e-01,5.812500000000000305e-02
1.225760000000000044e-01,5.875000000000000361e-02
1.226480000000000070e-01,5.937500000000000416e-02
1.227200000000000096e-01,6.000000000000000472e-02
1.227920000000000122e-01,6.000000000000000472e-02
1.228640000000000010e-01,6.031250000000000500e-02
1.229360000000000036e-01,6.031250000000000500e-02
1.230080000000000062e-01,6.062500000000000527e-02
1.230800000000000088e-01,6.031250000000000500e-02
1.231520000000000115e-01,6.000000000000000472e-02
1.232240000000000002e-01,6.000000000000000472e-02
1.232960000000000028e-01,6.031250000000000500e-02
1.233680000000000054e-01,6.124999999999999889e-02
1.234400000000000081e-01,6.124999999999999889e-02
1.235120000000000107e-01,6.124999999999999889e-02
1.235839999999999994e-01,6.093750000000000555e-02
1.236560000000000020e-01,6.000000000000000472e-02
1.237280000000000046e-01,5.968750000000000444e-02
1.238000000000000073e-01,5.875000000000000361e-02
1.238720000000000099e-01,5.718750000000000222e-02
1.239440000000000125e-01,5.562500000000000777e-02
1.240160000000000012e-01,5.468750000000000000e-02
1.240880000000000039e-01,5.468750000000000000e-02
1.241600000000000065e-01,5.468750000000000000e-02
1.242320000000000091e-01,5.531250000000000056e-02
1.243040000000000117e-01,5.625000000000000833e-02
1.243760000000000004e-01,5.843750000000000333e-02
1.244480000000000031e-01,5.937500000000000416e-02
1.245200000000000057e-01,6.031250000000000500e-02
1.245920000000000083e-01,6.031250000000000500e-02
1.246640000000000109e-01,6.000000000000000472e-02
1.247359999999999997e-01,6.000000000000000472e-02
1.248080000000000161e-01,6.031250000000000500e-02
1.248800000000000049e-01,6.031250000000000500e-02
1.249519999999999936e-01,6.000000000000000472e-02
1.250239999999999962e-01,5.906250000000000389e-02
1.250959999999999850e-01,5.875000000000000361e-02
1.251680000000000015e-01,5.750000000000000250e-02
1.252399999999999902e-01,5.656250000000000167e-02
1.253119999999999790e-01,5.562500000000000777e-02
1.253839999999999955e-01,5.468750000000000000e-02
1.254559999999999842e-01,5.468750000000000000e-02
1.255280000000000007e-01,5.437500000000000666e-02
1.255999999999999894e-01,5.531250000000000056e-02
1.256719999999999782e-01,5.593750000000000111e-02
1.257439999999999947e-01,5.625000000000000833e-02
1.258159999999999834e-01,5.656250000000000167e-02
1.258879999999999999e-01,5.781250000000000278e-02
1.259599999999999886e-01,5.781250000000000278e-02
1.260320000000000051e-01,5.875000000000000361e-02
1.261039999999999939e-01,5.906250000000000389e-02
1.261759999999999826e-01,5.937500000000000416e-02
1.262479999999999991e-01,5.812500000000000305e-02
1.263199999999999878e-01,5.625000000000000833e-02
1.263920000000000043e-01,5.406249999999999944e-02
1.264639999999999931e-01,5.093750000000000361e-02
1.265359999999999818e-01,4.875000000000000167e-02
1.266079999999999983e-01,4.624999999999999944e-02
1.266799999999999871e-01,4.593750000000000611e-02
1.267520000000000036e-01,4.437500000000000472e-02
1.268239999999999923e-01,4.343750000000000389e-02
1.268959999999999810e-01,4.343750000000000389e-02
1.269679999999999975e-01,4.468750000000000500e-02
1.270399999999999863e-01,4.656250000000000666e-02
1.271120000000000028e-01,4.968750000000000250e-02
1.271839999999999915e-01,5.312500000000000555e-02
1.272559999999999802e-01,5.687500000000000888e-02
1.273279999999999967e-01,5.937500000000000416e-02
1.273999999999999855e-01,5.968750000000000444e-02
1.274720000000000020e-01,5.968750000000000444e-02
1.275439999999999907e-01,6.000000000000000472e-02
1.276159999999999795e-01,6.031250000000000500e-02
1.276879999999999959e-01,6.062500000000000527e-02
1.277599999999999847e-01,6.031250000000000500e-02
1.278320000000000012e-01,5.968750000000000444e-02
1.279039999999999899e-01,5.875000000000000361e-02
1.279759999999999787e-01,5.781250000000000278e-02
1.280479999999999952e-01,5.562500000000000777e-02
1.281199999999999839e-01,5.312500000000000555e-02
1.281920000000000004e-01,5.062500000000000333e-02
1.282639999999999891e-01,5.000000000000000278e-02
1.283360000000000056e-01,4.875000000000000167e-02
1.284079999999999944e-01,4.812500000000000111e-02
1.284799999999999831e-01,4.937500000000000222e-02
1.285519999999999996e-01,5.125000000000000389e-02
1.286239999999999883e-01,5.250000000000000500e-02
1.286960000000000048e-01,5.437500000000000666e-02
1.287679999999999936e-01,5.687500000000000888e-02
1.288399999999999823e-01,5.812500000000000305e-02
1.289119999999999988e-01,5.875000000000000361e-02
1.289839999999999876e-01,6.031250000000000500e-02
1.290560000000000040e-01,6.062500000000000527e-02
1.291279999999999928e-01,5.937500000000000416e-02
1.291999999999999815e-01,5.875000000000000361e-02
1.292719999999999980e-01,5.625000000000000833e-02
1.293439999999999868e-01,5.437500000000000666e-02
1.294160000000000033e-01,5.187500000000000444e-02
1.294879999999999920e-01,4.968750000000000250e-02
1.295599999999999807e-01,4.593750000000000611e-02
1.296319999999999972e-01,4.343750000000000389e-02
1.297039999999999860e-01,4.187500000000000250e-02
1.297760000000000025e-01,3.937500000000000722e-02
1.298479999999999912e-01,3.718750000000000527e-02
1.299199999999999799e-01,3.656250000000000472e-02
1.299919999999999964e-01,3.875000000000000666e-02
1.300639999999999852e-01,4.218750000000000278e-02
1.301360000000000017e-01,4.843750000000000139e-02
1.302079999999999904e-01,5.156250000000000416e-02
1.302799999999999792e-01,5.468750000000000000e-02
1.303519999999999956e-01,5.750000000000000250e-02
1.304239999999999844e-01,5.906250000000000389e-02
1.304960000000000009e-01,5.968750000000000444e-02
1.305679999999999896e-01,6.031250000000000500e-02
1.306399999999999784e-01,6.062500000000000527e-02
1.307119999999999949e-01,5.968750000000000444e-02
1.307839999999999836e-01,5.843750000000000333e-02
1.308560000000000001e-01,5.687500000000000888e-02
1.309279999999999888e-01,5.562500000000000777e-02
1.310000000000000053e-01,5.312500000000000555e-02
1.310719999999999941e-01,5.093750000000000361e-02
1.311439999999999828e-01,5.031250000000000305e-02
1.312159999999999993e-01,4.843750000000000139e-02
1.312879999999999880e-01,4.750000000000000056e-02
1.313600000000000045e-01,4.656250000000000666e-02
1.314319999999999933e-01,4.750000000000000056e-02
1.315039999999999820e-01,4.843750000000000139e-02
1.315759999999999985e-01,5.062500000000000333e-02
1.316479999999999873e-01,5.375000000000000611e-02
1.317200000000000037e-01,5.593750000000000111e-02
1.317919999999999925e-01,5.718750000000000222e-02
1.318639999999999812e-01,5.906250000000000389e-02
1.319359999999999977e-01,5.937500000000000416e-02
1.320079999999999865e-01,5.875000000000000361e-02
1.320800000000000030e-01,5.750000000000000250e-02
1.321519999999999917e-01,5.656250000000000167e-02
1.322239999999999804e-01,5.406249999999999944e-02
1.322959999999999969e-01,5.281250000000000527e-02
1.323679999999999857e-01,5.125000000000000389e-02
1.324400000000000022e-01,5.000000000000000278e-02
1.325119999999999909e-01,4.843750000000000139e-02
1.325839999999999796e-01,4.656250000000000666e-02
1.326559999999999961e-01,4.500000000000000527e-02
1.327279999999999849e-01,4.437500000000000472e-02
1.328000000000000014e-01,4.437500000000000472e-02
1.328719999999999901e-01,4.750000000000000056e-02
1.329439999999999789e-01,4.968750000000000250e-02
1.330159999999999954e-01,5.312500000000000555e-02
1.330879999999999841e-01,5.593750000000000111e-02
1.331600000000000006e-01,5.843750000000000333e-02
1.332319999999999893e-01,5.906250000000000389e-02
1.333039999999999781e-01,6.031250000000000500e-02
1.333759999999999946e-01,6.124999999999999889e-02
1.334479999999999833e-01,6.093750000000000555e-02
1.335199999999999998e-01,6.124999999999999889e-02
1.335919999999999885e-01,6.062500000000000527e-02
1.336640000000000050e-01,6.000000000000000472e-02
1.337359999999999938e-01,5.906250000000000389e-02
1.338079999999999825e-01,5.875000000000000361e-02
1.338799999999999990e-01,5.718750000000000222e-02
1.339519999999999877e-01,5.625000000000000833e-02
1.340240000000000042e-01,5.468750000000000000e-02
1.340959999999999930e-01,5.343749999999999889e-02
1.341679999999999817e-01,5.250000000000000500e-02
1.342399999999999982e-01,5.281250000000000527e-02
1.343119999999999870e-01,5.343749999999999889e-02
1.343840000000000034e-01,5.375000000000000611e-02
1.344559999999999922e-01,5.562500000000000777e-02
1.345279999999999809e-01,5.593750000000000111e-02
1.345999999999999974e-01,5.687500000000000888e-02
1.346719999999999862e-01,5.718750000000000222e-02
1.347440000000000027e-01,5.750000000000000250e-02
1.348159999999999914e-01,5.531250000000000056e-02
1.348879999999999801e-01,5.343749999999999889e-02
1.349599999999999966e-01,5.125000000000000389e-02
1.350319999999999854e-01,4.968750000000000250e-02
1.351040000000000019e-01,4.843750000000000139e-02
1.351759999999999906e-01,4.750000000000000056e-02
1.352479999999999793e-01,4.624999999999999944e-02
1.353199999999999958e-01,4.437500000000000472e-02
1.353919999999999846e-01,4.218750000000000278e-02
1.354640000000000011e-01,4.156250000000000222e-02
1.355359999999999898e-01,3.968750000000000056e-02
1.356079999999999786e-01,3.968750000000000056e-02
1.356799999999999951e-01,4.031250000000000111e-02
1.357519999999999838e-01,4.375000000000000416e-02
1.358240000000000003e-01,4.750000000000000056e-02
1.358959999999999890e-01,5.187500000000000444e-02
1.359680000000000055e-01,5.375000000000000611e-02
1.360399999999999943e-01,5.687500000000000888e-02
1.361119999999999830e-01,5.843750000000000333e-02
1.361839999999999995e-01,5.906250000000000389e-02
1.362559999999999882e-01,6.000000000000000472e-02
1.363280000000000047e-01,6.031250000000000500e-02
1.363999999999999935e-01,6.000000000000000472e-02
1.364719999999999822e-01,5.906250000000000389e-02
1.365439999999999987e-01,5.812500000000000305e-02
1.366159999999999874e-01,5.656250000000000167e-02
1.366880000000000039e-01,5.625000000000000833e-02
1.367599999999999927e-01,5.437500000000000666e-02
1.368319999999999814e-01,5.281250000000000527e-02
1.369039999999999979e-01,5.218750000000000472e-02
1.369759999999999867e-01,5.218750000000000472e-02
1.370480000000000032e-01,5.343749999999999889e-02
1.371199999999999919e-01,5.500000000000000722e-02
1.371919999999999806e-01,5.593750000000000111e-02
1.372639999999999971e-01,5.625000000000000833e-02
1.373359999999999859e-01,5.781250000000000278e-02
1.374080000000000024e-01,5.875000000000000361e-02
1.374799999999999911e-01,5.937500000000000416e-02
1.375519999999999798e-01,6.031250000000000500e-02
1.376239999999999963e-01,6.000000000000000472e-02
1.376959999999999851e-01,5.812500000000000305e-02
1.377680000000000016e-01,5.718750000000000222e-02
1.378399999999999903e-01,5.437500000000000666e-02
1.379119999999999790e-01,5.218750000000000472e-02
1.379839999999999955e-01,5.062500000000000333e-02
1.380559999999999843e-01,4.718750000000000722e-02
1.381280000000000008e-01,4.562500000000000583e-02
1.381999999999999895e-01,4.187500000000000250e-02
1.382719999999999783e-01,4.062500000000000139e-02
1.383439999999999948e-01,3.843750000000000638e-02
1.384159999999999835e-01,3.781250000000000583e-02
1.384880000000000000e-01,3.843750000000000638e-02
1.385599999999999887e-01,3.968750000000000056e-02
1.386320000000000052e-01,4.250000000000000305e-02
1.387039999999999940e-01,4.750000000000000056e-02
1.387759999999999827e-01,5.062500000000000333e-02
1.388479999999999992e-01,5.281250000000000527e-02
1.389199999999999879e-01,5.468750000000000000e-02
1.389920000000000044e-01,5.593750000000000111e-02
1.390639999999999932e-01,5.593750000000000111e-02
1.391359999999999819e-01,5.656250000000000167e-02
1.392079999999999984e-01,5.656250000000000167e-02
1.392799999999999871e-01,5.531250000000000056e-02
1.393520000000000036e-01,5.343749999999999889e-02
1.394239999999999924e-01,5.218750000000000472e-02
1.394959999999999811e-01,5.062500000000000333e-02
1.395679999999999976e-01,4.781250000000000777e-02
1.396399999999999864e-01,4.562500000000000583e-02
1.397120000000000029e-01,4.375000000000000416e-02
1.397839999999999916e-01,4.250000000000000305e-02
1.398559999999999803e-01,4.187500000000000250e-02
1.399279999999999968e-01,4.281250000000000333e-02
1.399999999999999856e-01,4.375000000000000416e-02
1.400720000000000021e-01,4.562500000000000583e-02
1.401439999999999908e-01,4.781250000000000777e-02
1.402159999999999795e-01,5.031250000000000305e-02
1.402879999999999960e-01,5.093750000000000361e-02
1.403599999999999848e-01,5.156250000000000416e-02
1.404320000000000013e-01,5.218750000000000472e-02
1.405039999999999900e-01,5.031250000000000305e-02
1.405759999999999788e-01,4.812500000000000111e-02
1.406479999999999952e-01,4.375000000000000416e-02
1.407199999999999840e-01,4.187500000000000250e-02
1.407920000000000005e-01,3.812500000000000611e-02
1.408639999999999892e-01,3.437500000000000278e-02
1.409360000000000057e-01,3.218750000000000083e-02
1.410079999999999945e-01,3.156250000000000028e-02
1.410799999999999832e-01,2.875000000000000472e-02
1.411519999999999997e-01,2.812500000000000416e-02
1.412239999999999884e-01,2.750000000000000361e-02
1.412960000000000049e-01,2.875000000000000472e-02
1.413679999999999937e-01,3.156250000000000028e-02
1.414399999999999824e-01,3.250000000000000111e-02
1.415119999999999989e-01,3.687500000000000500e-02
1.415839999999999876e-01,4.218750000000000278e-02
1.416560000000000041e-01,4.656250000000000666e-02
1.417279999999999929e-01,5.031250000000000305e-02
1.417999999999999816e-01,5.312500000000000555e-02
1.418719999999999981e-01,5.562500000000000777e-02
1.419439999999999868e-01,5.625000000000000833e-02
1.420160000000000033e-01,5.718750000000000222e-02
1.420879999999999921e-01,5.687500000000000888e-02
1.421599999999999808e-01,5.500000000000000722e-02
1.422319999999999973e-01,5.375000000000000611e-02
1.423039999999999861e-01,5.125000000000000389e-02
1.423760000000000026e-01,4.906250000000000194e-02
1.424479999999999913e-01,4.656250000000000666e-02
1.425199999999999800e-01,4.468750000000000500e-02
1.425919999999999965e-01,4.375000000000000416e-02
1.426639999999999853e-01,4.343750000000000389e-02
1.427360000000000018e-01,4.343750000000000389e-02
1.428079999999999905e-01,4.500000000000000527e-02
1.428799999999999792e-01,4.531250000000000555e-02
1.429519999999999957e-01,4.718750000000000722e-02
1.430239999999999845e-01,4.843750000000000139e-02
1.430960000000000010e-01,4.968750000000000250e-02
1.431679999999999897e-01,5.125000000000000389e-02
1.432399999999999785e-01,4.125000000000000194e-02
1.433119999999999949e-01,3.656250000000000472e-02
1.433839999999999837e-01,3.750000000000000555e-02
1.434560000000000002e-01,3.875000000000000666e-02
1.435279999999999889e-01,4.031250000000000111e-02
