PURE SILICA, ELECTRODE=TUNGSTEN, TIME=35, POLING_VOLTAGE=3700, WAVELENGTH=1.55e-06, EFFECTIVE_DISTANCE=3.1e-05, POLED_LENGTH=0.3, CORE_INDEX=1.45, POLE=MAX, AC_VOLTAGE=1063.0, AC_FREQUENCY=1100, PIEZO_FREQUENCY=22.0
Time(s),Voltage(V)
-2.999999999999999737e-04,1.312500000000000125e-02
-2.769999999999999568e-04,1.250000000000000416e-02
-2.539999999999999940e-04,1.343750000000000153e-02
-2.309999999999999771e-04,1.437500000000000236e-02
-2.079999999999999601e-04,1.468750000000000264e-02
-1.849999999999999702e-04,1.531250000000000319e-02
-1.619999999999999804e-04,1.593750000000000375e-02
-1.389999999999999634e-04,1.656250000000000430e-02
-1.159999999999999736e-04,1.687500000000000458e-02
-9.299999999999998372e-05,1.718750000000000139e-02
-6.999999999999996676e-05,1.687500000000000458e-02
-4.699999999999994980e-05,1.656250000000000430e-02
-2.399999999999998706e-05,1.593750000000000375e-02
-9.999999999999700968e-07,1.468750000000000264e-02
2.200000000000004686e-05,1.343750000000000153e-02
4.500000000000000961e-05,1.218750000000000389e-02
6.800000000000002657e-05,1.687500000000000458e-02
9.100000000000004353e-05,2.062500000000000444e-02
1.140000000000000063e-04,2.312500000000000319e-02
1.370000000000000232e-04,2.093750000000000472e-02
1.600000000000000402e-04,2.187500000000000555e-02
1.830000000000000029e-04,2.687500000000000305e-02
2.060000000000000741e-04,2.843750000000000444e-02
2.289999999999999826e-04,2.875000000000000472e-02
2.519999999999999996e-04,3.187500000000000056e-02
2.750000000000000166e-04,3.375000000000000222e-02
2.980000000000000335e-04,3.000000000000000236e-02
3.210000000000000505e-04,2.968750000000000208e-02
3.440000000000000674e-04,2.875000000000000472e-02
3.669999999999999760e-04,2.687500000000000305e-02
3.899999999999999929e-04,2.406250000000000056e-02
4.130000000000000099e-04,2.218750000000000236e-02
4.360000000000000269e-04,1.937500000000000333e-02
4.590000000000000438e-04,1.625000000000000402e-02
4.820000000000000608e-04,1.437500000000000236e-02
5.050000000000000235e-04,1.312500000000000125e-02
5.280000000000000405e-04,1.093750000000000278e-02
5.510000000000000574e-04,9.687500000000001665e-03
5.740000000000000744e-04,8.750000000000004302e-03
5.970000000000000914e-04,8.125000000000003747e-03
6.200000000000001083e-04,7.812500000000003469e-03
6.430000000000001253e-04,8.125000000000003747e-03
6.659999999999999254e-04,9.687500000000001665e-03
6.890000000000001592e-04,9.687500000000001665e-03
7.120000000000001762e-04,9.687500000000001665e-03
7.349999999999999763e-04,1.031250000000000222e-02
7.579999999999999932e-04,1.093750000000000278e-02
7.810000000000000102e-04,1.156250000000000333e-02
8.040000000000000271e-04,1.187500000000000361e-02
8.270000000000000441e-04,1.187500000000000361e-02
8.500000000000000611e-04,1.218750000000000389e-02
8.730000000000000780e-04,1.218750000000000389e-02
8.960000000000000950e-04,1.312500000000000125e-02
9.190000000000001119e-04,1.250000000000000416e-02
9.420000000000001289e-04,1.156250000000000333e-02
9.650000000000001459e-04,1.062500000000000250e-02
9.880000000000001628e-04,1.062500000000000250e-02
1.011000000000000180e-03,1.000000000000000194e-02
1.033999999999999980e-03,1.031250000000000222e-02
1.056999999999999997e-03,1.218750000000000389e-02
1.080000000000000014e-03,1.281250000000000444e-02
1.103000000000000031e-03,1.500000000000000291e-02
1.126000000000000048e-03,1.656250000000000430e-02
1.149000000000000065e-03,1.781250000000000194e-02
1.172000000000000082e-03,2.031250000000000416e-02
1.195000000000000099e-03,2.093750000000000472e-02
1.218000000000000116e-03,2.156250000000000527e-02
1.241000000000000133e-03,2.156250000000000527e-02
1.264000000000000149e-03,2.125000000000000500e-02
1.287000000000000166e-03,1.968750000000000361e-02
1.310000000000000183e-03,1.812500000000000222e-02
1.332999999999999984e-03,1.718750000000000139e-02
1.356000000000000000e-03,1.437500000000000236e-02
1.379000000000000017e-03,1.187500000000000361e-02
1.402000000000000034e-03,1.125000000000000305e-02
1.425000000000000051e-03,9.375000000000001388e-03
1.448000000000000068e-03,8.750000000000004302e-03
1.471000000000000085e-03,7.500000000000003192e-03
1.494000000000000102e-03,6.562500000000002359e-03
1.517000000000000119e-03,6.250000000000002082e-03
1.540000000000000136e-03,5.625000000000001527e-03
1.563000000000000153e-03,5.625000000000001527e-03
1.586000000000000170e-03,5.625000000000001527e-03
1.609000000000000187e-03,6.250000000000002082e-03
1.631999999999999987e-03,6.562500000000002359e-03
1.655000000000000221e-03,7.500000000000003192e-03
1.678000000000000238e-03,8.125000000000003747e-03
1.701000000000000255e-03,8.125000000000003747e-03
1.724000000000000272e-03,8.125000000000003747e-03
1.747000000000000289e-03,8.750000000000004302e-03
1.769999999999999872e-03,8.125000000000003747e-03
1.792999999999999889e-03,7.500000000000003192e-03
1.815999999999999906e-03,7.500000000000003192e-03
1.838999999999999923e-03,6.875000000000002637e-03
1.861999999999999940e-03,5.937500000000001804e-03
1.884999999999999957e-03,5.625000000000001527e-03
1.907999999999999974e-03,6.562500000000002359e-03
1.930999999999999991e-03,7.500000000000003192e-03
1.954000000000000008e-03,8.125000000000003747e-03
1.977000000000000025e-03,9.687500000000001665e-03
2.000000000000000042e-03,1.125000000000000305e-02
2.023000000000000059e-03,1.375000000000000180e-02
2.046000000000000076e-03,1.593750000000000375e-02
2.069000000000000093e-03,1.937500000000000333e-02
2.092000000000000109e-03,2.156250000000000527e-02
2.115000000000000126e-03,2.281250000000000291e-02
2.138000000000000143e-03,2.437500000000000083e-02
2.161000000000000160e-03,2.437500000000000083e-02
2.184000000000000177e-03,2.468750000000000111e-02
2.207000000000000194e-03,2.437500000000000083e-02
2.230000000000000211e-03,2.281250000000000291e-02
2.253000000000000228e-03,2.156250000000000527e-02
2.276000000000000245e-03,1.968750000000000361e-02
2.299000000000000262e-03,1.843750000000000250e-02
2.322000000000000279e-03,1.562500000000000347e-02
2.345000000000000296e-03,1.375000000000000180e-02
2.367999999999999879e-03,1.250000000000000416e-02
2.390999999999999896e-03,1.093750000000000278e-02
2.413999999999999913e-03,1.000000000000000194e-02
2.436999999999999930e-03,1.000000000000000194e-02
2.459999999999999947e-03,1.031250000000000222e-02
2.482999999999999964e-03,1.125000000000000305e-02
2.505999999999999981e-03,1.312500000000000125e-02
2.528999999999999998e-03,1.437500000000000236e-02
2.552000000000000015e-03,1.531250000000000319e-02
2.575000000000000032e-03,1.718750000000000139e-02
2.598000000000000049e-03,1.843750000000000250e-02
2.621000000000000066e-03,2.156250000000000527e-02
2.644000000000000083e-03,2.250000000000000264e-02
2.667000000000000100e-03,2.375000000000000375e-02
2.690000000000000117e-03,2.437500000000000083e-02
2.713000000000000134e-03,2.468750000000000111e-02
2.736000000000000151e-03,2.406250000000000056e-02
2.759000000000000168e-03,2.375000000000000375e-02
2.782000000000000185e-03,2.375000000000000375e-02
2.805000000000000202e-03,2.468750000000000111e-02
2.828000000000000218e-03,2.531250000000000167e-02
2.851000000000000235e-03,2.718750000000000333e-02
2.874000000000000252e-03,2.906250000000000500e-02
2.897000000000000269e-03,3.093750000000000319e-02
2.920000000000000286e-03,3.281250000000000139e-02
2.942999999999999870e-03,3.437500000000000278e-02
2.965999999999999887e-03,3.656250000000000472e-02
2.988999999999999903e-03,3.750000000000000555e-02
3.011999999999999920e-03,3.906250000000000000e-02
3.034999999999999937e-03,3.937500000000000722e-02
3.057999999999999954e-03,3.968750000000000056e-02
3.080999999999999971e-03,3.968750000000000056e-02
3.103999999999999988e-03,3.843750000000000638e-02
3.127000000000000005e-03,3.750000000000000555e-02
3.150000000000000022e-03,3.625000000000000444e-02
3.173000000000000039e-03,3.375000000000000222e-02
3.196000000000000056e-03,3.062500000000000291e-02
3.219000000000000073e-03,2.750000000000000361e-02
3.242000000000000090e-03,2.500000000000000139e-02
3.265000000000000107e-03,2.281250000000000291e-02
3.288000000000000124e-03,2.125000000000000500e-02
3.311000000000000141e-03,2.000000000000000389e-02
3.334000000000000158e-03,1.968750000000000361e-02
3.357000000000000175e-03,1.906250000000000305e-02
3.380000000000000192e-03,2.000000000000000389e-02
3.403000000000000209e-03,2.062500000000000444e-02
3.426000000000000226e-03,2.125000000000000500e-02
3.449000000000000243e-03,2.218750000000000236e-02
3.472000000000000260e-03,2.312500000000000319e-02
3.495000000000000277e-03,2.375000000000000375e-02
3.518000000000000294e-03,2.531250000000000167e-02
3.540999999999999877e-03,2.656250000000000278e-02
3.563999999999999894e-03,2.750000000000000361e-02
3.586999999999999911e-03,2.781250000000000389e-02
3.610000000000000361e-03,2.750000000000000361e-02
3.632999999999999945e-03,2.750000000000000361e-02
3.656000000000000395e-03,2.656250000000000278e-02
3.678999999999999979e-03,2.625000000000000250e-02
3.702000000000000429e-03,2.656250000000000278e-02
3.725000000000000012e-03,2.750000000000000361e-02
3.748000000000000463e-03,3.000000000000000236e-02
3.771000000000000046e-03,3.156250000000000028e-02
3.794000000000000497e-03,3.312500000000000167e-02
3.817000000000000080e-03,3.562500000000000389e-02
3.839999999999999664e-03,3.812500000000000611e-02
3.863000000000000114e-03,4.031250000000000111e-02
3.885999999999999698e-03,4.187500000000000250e-02
3.909000000000000148e-03,4.375000000000000416e-02
3.931999999999999731e-03,4.468750000000000500e-02
3.955000000000000182e-03,4.562500000000000583e-02
3.977999999999999765e-03,4.624999999999999944e-02
4.001000000000000216e-03,4.656250000000000666e-02
4.023999999999999799e-03,4.624999999999999944e-02
4.047000000000000250e-03,4.562500000000000583e-02
4.069999999999999833e-03,4.375000000000000416e-02
4.093000000000000284e-03,4.218750000000000278e-02
4.115999999999999867e-03,3.937500000000000722e-02
4.139000000000000318e-03,3.750000000000000555e-02
4.161999999999999901e-03,3.531250000000000361e-02
4.185000000000000352e-03,3.406250000000000250e-02
4.207999999999999935e-03,3.312500000000000167e-02
4.231000000000000386e-03,3.312500000000000167e-02
4.253999999999999969e-03,3.343750000000000194e-02
4.277000000000000419e-03,3.375000000000000222e-02
4.300000000000000003e-03,3.531250000000000361e-02
4.323000000000000453e-03,3.625000000000000444e-02
4.346000000000000037e-03,3.625000000000000444e-02
4.369000000000000487e-03,3.718750000000000527e-02
4.392000000000000071e-03,3.750000000000000555e-02
4.414999999999999654e-03,3.781250000000000583e-02
4.438000000000000105e-03,3.843750000000000638e-02
4.460999999999999688e-03,3.843750000000000638e-02
4.484000000000000138e-03,3.781250000000000583e-02
4.506999999999999722e-03,3.750000000000000555e-02
4.530000000000000172e-03,3.562500000000000389e-02
4.552999999999999756e-03,3.437500000000000278e-02
4.576000000000000206e-03,3.187500000000000056e-02
4.598999999999999790e-03,3.000000000000000236e-02
4.622000000000000240e-03,3.000000000000000236e-02
4.644999999999999823e-03,3.000000000000000236e-02
4.668000000000000274e-03,3.156250000000000028e-02
4.690999999999999857e-03,3.250000000000000111e-02
4.714000000000000308e-03,3.375000000000000222e-02
4.736999999999999891e-03,3.531250000000000361e-02
4.760000000000000342e-03,3.781250000000000583e-02
4.782999999999999925e-03,3.906250000000000000e-02
4.806000000000000376e-03,4.062500000000000139e-02
4.828999999999999959e-03,4.125000000000000194e-02
4.852000000000000410e-03,4.187500000000000250e-02
4.874999999999999993e-03,4.218750000000000278e-02
4.898000000000000444e-03,4.187500000000000250e-02
4.921000000000000027e-03,4.156250000000000222e-02
4.944000000000000478e-03,4.093750000000000167e-02
4.967000000000000061e-03,3.875000000000000666e-02
4.990000000000000512e-03,3.687500000000000500e-02
5.013000000000000095e-03,3.437500000000000278e-02
5.035999999999999678e-03,3.187500000000000056e-02
5.059000000000000129e-03,3.062500000000000291e-02
5.081999999999999712e-03,2.781250000000000389e-02
5.105000000000000163e-03,2.687500000000000305e-02
5.127999999999999746e-03,2.625000000000000250e-02
5.151000000000000197e-03,2.656250000000000278e-02
5.173999999999999780e-03,2.687500000000000305e-02
5.197000000000000230e-03,2.875000000000000472e-02
5.219999999999999814e-03,3.031250000000000264e-02
5.243000000000000264e-03,3.187500000000000056e-02
5.265999999999999848e-03,3.281250000000000139e-02
5.289000000000000298e-03,3.437500000000000278e-02
5.311999999999999882e-03,3.562500000000000389e-02
5.335000000000000332e-03,3.718750000000000527e-02
5.357999999999999916e-03,3.812500000000000611e-02
5.381000000000000366e-03,3.906250000000000000e-02
5.403999999999999949e-03,3.968750000000000056e-02
5.427000000000000400e-03,3.937500000000000722e-02
5.449999999999999983e-03,3.906250000000000000e-02
5.473000000000000434e-03,3.843750000000000638e-02
5.496000000000000017e-03,3.843750000000000638e-02
5.519000000000000468e-03,3.875000000000000666e-02
5.542000000000000051e-03,3.937500000000000722e-02
5.565000000000000502e-03,4.156250000000000222e-02
5.588000000000000085e-03,4.312500000000000361e-02
5.610999999999999668e-03,4.531250000000000555e-02
5.634000000000000119e-03,4.656250000000000666e-02
5.656999999999999702e-03,4.781250000000000777e-02
5.680000000000000153e-03,5.000000000000000278e-02
5.702999999999999736e-03,5.187500000000000444e-02
5.726000000000000187e-03,5.312500000000000555e-02
5.748999999999999770e-03,5.343749999999999889e-02
5.772000000000000221e-03,5.375000000000000611e-02
5.794999999999999804e-03,5.406249999999999944e-02
5.818000000000000255e-03,5.375000000000000611e-02
5.840999999999999838e-03,5.375000000000000611e-02
5.864000000000000289e-03,5.343749999999999889e-02
5.886999999999999872e-03,5.218750000000000472e-02
5.910000000000000323e-03,5.062500000000000333e-02
5.932999999999999906e-03,4.906250000000000194e-02
5.956000000000000356e-03,4.656250000000000666e-02
5.978999999999999940e-03,4.437500000000000472e-02
6.002000000000000390e-03,4.406250000000000444e-02
6.024999999999999974e-03,4.281250000000000333e-02
6.048000000000000424e-03,4.312500000000000361e-02
6.071000000000000008e-03,4.312500000000000361e-02
6.094000000000000458e-03,4.375000000000000416e-02
6.117000000000000041e-03,4.500000000000000527e-02
6.140000000000000492e-03,4.562500000000000583e-02
6.163000000000000075e-03,4.718750000000000722e-02
6.185999999999999659e-03,4.781250000000000777e-02
6.209000000000000109e-03,4.875000000000000167e-02
6.231999999999999693e-03,5.031250000000000305e-02
6.255000000000000143e-03,5.125000000000000389e-02
6.277999999999999726e-03,5.156250000000000416e-02
6.301000000000000177e-03,5.187500000000000444e-02
6.323999999999999760e-03,5.187500000000000444e-02
6.347000000000000211e-03,5.187500000000000444e-02
6.369999999999999794e-03,5.125000000000000389e-02
6.393000000000000245e-03,5.125000000000000389e-02
6.415999999999999828e-03,5.156250000000000416e-02
6.439000000000000279e-03,5.218750000000000472e-02
6.461999999999999862e-03,5.343749999999999889e-02
6.485000000000000313e-03,5.437500000000000666e-02
6.507999999999999896e-03,5.468750000000000000e-02
6.531000000000000347e-03,5.531250000000000056e-02
6.553999999999999930e-03,5.593750000000000111e-02
6.577000000000000381e-03,5.625000000000000833e-02
6.599999999999999964e-03,5.656250000000000167e-02
6.623000000000000415e-03,5.687500000000000888e-02
6.645999999999999998e-03,5.718750000000000222e-02
6.669000000000000448e-03,5.718750000000000222e-02
6.692000000000000032e-03,5.687500000000000888e-02
6.715000000000000482e-03,5.750000000000000250e-02
6.738000000000000066e-03,5.781250000000000278e-02
6.761000000000000516e-03,5.812500000000000305e-02
6.784000000000000100e-03,5.781250000000000278e-02
6.806999999999999683e-03,5.812500000000000305e-02
6.830000000000000134e-03,5.750000000000000250e-02
6.852999999999999717e-03,5.687500000000000888e-02
6.876000000000000167e-03,5.593750000000000111e-02
6.898999999999999751e-03,5.531250000000000056e-02
6.922000000000000201e-03,5.531250000000000056e-02
6.944999999999999785e-03,5.468750000000000000e-02
6.968000000000000235e-03,5.500000000000000722e-02
6.990999999999999819e-03,5.531250000000000056e-02
7.014000000000000269e-03,5.593750000000000111e-02
7.036999999999999852e-03,5.625000000000000833e-02
7.060000000000000303e-03,5.625000000000000833e-02
7.082999999999999886e-03,5.625000000000000833e-02
7.106000000000000337e-03,5.656250000000000167e-02
7.128999999999999920e-03,5.656250000000000167e-02
7.152000000000000371e-03,5.687500000000000888e-02
7.174999999999999954e-03,5.750000000000000250e-02
7.198000000000000405e-03,5.781250000000000278e-02
7.220999999999999988e-03,5.812500000000000305e-02
7.244000000000000439e-03,5.812500000000000305e-02
7.267000000000000022e-03,5.812500000000000305e-02
7.290000000000000473e-03,5.843750000000000333e-02
7.313000000000000056e-03,5.812500000000000305e-02
7.336000000000000507e-03,5.812500000000000305e-02
7.359000000000000090e-03,5.843750000000000333e-02
7.381999999999999673e-03,5.875000000000000361e-02
7.405000000000000124e-03,5.875000000000000361e-02
7.427999999999999707e-03,5.906250000000000389e-02
7.451000000000000158e-03,5.906250000000000389e-02
7.473999999999999741e-03,5.906250000000000389e-02
7.497000000000000192e-03,5.875000000000000361e-02
7.520000000000000642e-03,5.812500000000000305e-02
7.542999999999999358e-03,5.781250000000000278e-02
7.565999999999999809e-03,5.718750000000000222e-02
7.589000000000000259e-03,5.656250000000000167e-02
7.612000000000000710e-03,5.687500000000000888e-02
7.634999999999999426e-03,5.718750000000000222e-02
7.657999999999999877e-03,5.750000000000000250e-02
7.681000000000000327e-03,5.750000000000000250e-02
7.704000000000000778e-03,5.812500000000000305e-02
7.726999999999999494e-03,5.843750000000000333e-02
7.749999999999999944e-03,5.843750000000000333e-02
7.773000000000000395e-03,5.875000000000000361e-02
7.796000000000000846e-03,5.843750000000000333e-02
7.818999999999999562e-03,5.843750000000000333e-02
7.842000000000000012e-03,5.812500000000000305e-02
7.865000000000000463e-03,5.843750000000000333e-02
7.888000000000000914e-03,5.875000000000000361e-02
7.910999999999999630e-03,5.906250000000000389e-02
7.934000000000000080e-03,5.875000000000000361e-02
7.957000000000000531e-03,5.875000000000000361e-02
7.979999999999999247e-03,5.875000000000000361e-02
8.002999999999999697e-03,5.843750000000000333e-02
8.026000000000000148e-03,5.781250000000000278e-02
8.049000000000000599e-03,5.781250000000000278e-02
8.071999999999999315e-03,5.781250000000000278e-02
8.094999999999999765e-03,5.781250000000000278e-02
8.118000000000000216e-03,5.812500000000000305e-02
8.141000000000000666e-03,5.812500000000000305e-02
8.163999999999999382e-03,5.875000000000000361e-02
8.186999999999999833e-03,5.937500000000000416e-02
8.210000000000000284e-03,5.968750000000000444e-02
8.233000000000000734e-03,6.000000000000000472e-02
8.255999999999999450e-03,6.031250000000000500e-02
8.278999999999999901e-03,6.000000000000000472e-02
8.302000000000000351e-03,5.937500000000000416e-02
8.325000000000000802e-03,5.812500000000000305e-02
8.347999999999999518e-03,5.750000000000000250e-02
8.370999999999999969e-03,5.625000000000000833e-02
8.394000000000000419e-03,5.406249999999999944e-02
8.417000000000000870e-03,5.218750000000000472e-02
8.439999999999999586e-03,5.093750000000000361e-02
8.463000000000000037e-03,4.968750000000000250e-02
8.486000000000000487e-03,4.937500000000000222e-02
8.509000000000000938e-03,4.843750000000000139e-02
8.531999999999999654e-03,4.781250000000000777e-02
8.555000000000000104e-03,4.906250000000000194e-02
8.578000000000000555e-03,4.968750000000000250e-02
8.600999999999999271e-03,5.125000000000000389e-02
8.623999999999999722e-03,5.250000000000000500e-02
8.647000000000000172e-03,5.406249999999999944e-02
8.670000000000000623e-03,5.500000000000000722e-02
8.692999999999999339e-03,5.593750000000000111e-02
8.715999999999999789e-03,5.687500000000000888e-02
8.739000000000000240e-03,5.718750000000000222e-02
8.762000000000000691e-03,5.781250000000000278e-02
8.784999999999999407e-03,5.812500000000000305e-02
8.807999999999999857e-03,5.781250000000000278e-02
8.831000000000000308e-03,5.781250000000000278e-02
8.854000000000000759e-03,5.687500000000000888e-02
8.876999999999999474e-03,5.656250000000000167e-02
8.899999999999999925e-03,5.562500000000000777e-02
8.923000000000000376e-03,5.531250000000000056e-02
8.946000000000000826e-03,5.531250000000000056e-02
8.968999999999999542e-03,5.468750000000000000e-02
8.991999999999999993e-03,5.500000000000000722e-02
9.015000000000000444e-03,5.531250000000000056e-02
9.038000000000000894e-03,5.562500000000000777e-02
9.060999999999999610e-03,5.625000000000000833e-02
9.084000000000000061e-03,5.718750000000000222e-02
9.107000000000000511e-03,5.750000000000000250e-02
9.129999999999999227e-03,5.843750000000000333e-02
9.152999999999999678e-03,5.875000000000000361e-02
9.176000000000000129e-03,5.875000000000000361e-02
9.199000000000000579e-03,5.843750000000000333e-02
9.221999999999999295e-03,5.718750000000000222e-02
9.244999999999999746e-03,5.593750000000000111e-02
9.268000000000000196e-03,5.468750000000000000e-02
9.291000000000000647e-03,5.312500000000000555e-02
9.313999999999999363e-03,5.093750000000000361e-02
9.336999999999999814e-03,4.937500000000000222e-02
9.360000000000000264e-03,4.781250000000000777e-02
9.383000000000000715e-03,4.687500000000000000e-02
9.405999999999999431e-03,4.593750000000000611e-02
9.428999999999999881e-03,4.531250000000000555e-02
9.452000000000000332e-03,4.562500000000000583e-02
9.475000000000000783e-03,4.624999999999999944e-02
9.497999999999999499e-03,4.718750000000000722e-02
9.520999999999999949e-03,4.843750000000000139e-02
9.544000000000000400e-03,5.031250000000000305e-02
9.567000000000000851e-03,5.187500000000000444e-02
9.589999999999999566e-03,5.281250000000000527e-02
9.613000000000000017e-03,5.437500000000000666e-02
9.636000000000000468e-03,5.593750000000000111e-02
9.659000000000000918e-03,5.656250000000000167e-02
9.681999999999999634e-03,5.656250000000000167e-02
9.705000000000000085e-03,5.625000000000000833e-02
9.728000000000000536e-03,5.531250000000000056e-02
9.750999999999999251e-03,5.375000000000000611e-02
9.773999999999999702e-03,5.218750000000000472e-02
9.797000000000000153e-03,5.093750000000000361e-02
9.820000000000000603e-03,4.937500000000000222e-02
9.842999999999999319e-03,4.812500000000000111e-02
9.865999999999999770e-03,4.718750000000000722e-02
9.889000000000000221e-03,4.624999999999999944e-02
9.912000000000000671e-03,4.624999999999999944e-02
9.934999999999999387e-03,4.562500000000000583e-02
9.957999999999999838e-03,4.593750000000000611e-02
9.981000000000000288e-03,4.718750000000000722e-02
1.000400000000000074e-02,4.843750000000000139e-02
1.002699999999999945e-02,4.937500000000000222e-02
1.004999999999999991e-02,5.000000000000000278e-02
1.007300000000000036e-02,5.031250000000000305e-02
1.009600000000000081e-02,5.031250000000000305e-02
1.011899999999999952e-02,4.906250000000000194e-02
1.014199999999999997e-02,4.875000000000000167e-02
1.016500000000000042e-02,4.656250000000000666e-02
1.018800000000000087e-02,4.500000000000000527e-02
1.021099999999999959e-02,4.406250000000000444e-02
1.023400000000000004e-02,4.218750000000000278e-02
1.025700000000000049e-02,4.031250000000000111e-02
1.028000000000000094e-02,3.968750000000000056e-02
1.030299999999999966e-02,3.875000000000000666e-02
1.032600000000000011e-02,3.843750000000000638e-02
1.034900000000000056e-02,3.875000000000000666e-02
1.037199999999999928e-02,3.968750000000000056e-02
1.039499999999999973e-02,4.062500000000000139e-02
1.041800000000000018e-02,4.312500000000000361e-02
1.044100000000000063e-02,4.531250000000000555e-02
1.046399999999999934e-02,4.718750000000000722e-02
1.048699999999999979e-02,4.968750000000000250e-02
1.051000000000000024e-02,5.187500000000000444e-02
1.053300000000000070e-02,5.343749999999999889e-02
1.055599999999999941e-02,5.468750000000000000e-02
1.057899999999999986e-02,5.562500000000000777e-02
1.060200000000000031e-02,5.593750000000000111e-02
1.062500000000000076e-02,5.531250000000000056e-02
1.064799999999999948e-02,5.437500000000000666e-02
1.067099999999999993e-02,5.312500000000000555e-02
1.069400000000000038e-02,5.187500000000000444e-02
1.071700000000000083e-02,5.031250000000000305e-02
1.073999999999999955e-02,4.843750000000000139e-02
1.076300000000000000e-02,4.656250000000000666e-02
1.078600000000000045e-02,4.531250000000000555e-02
1.080900000000000090e-02,4.437500000000000472e-02
1.083199999999999961e-02,4.312500000000000361e-02
1.085500000000000007e-02,4.250000000000000305e-02
1.087800000000000052e-02,4.250000000000000305e-02
1.090099999999999923e-02,4.312500000000000361e-02
1.092399999999999968e-02,4.343750000000000389e-02
1.094700000000000013e-02,4.406250000000000444e-02
1.097000000000000058e-02,4.375000000000000416e-02
1.099299999999999930e-02,4.250000000000000305e-02
1.101599999999999975e-02,4.125000000000000194e-02
1.103900000000000020e-02,3.906250000000000000e-02
1.106200000000000065e-02,3.750000000000000555e-02
1.108499999999999937e-02,3.375000000000000222e-02
1.110799999999999982e-02,3.187500000000000056e-02
1.113100000000000027e-02,2.937500000000000527e-02
1.115400000000000072e-02,2.687500000000000305e-02
1.117699999999999944e-02,2.500000000000000139e-02
1.119999999999999989e-02,2.250000000000000264e-02
1.122300000000000034e-02,2.218750000000000236e-02
1.124600000000000079e-02,2.156250000000000527e-02
1.126899999999999950e-02,2.093750000000000472e-02
1.129199999999999995e-02,2.218750000000000236e-02
1.131500000000000040e-02,2.375000000000000375e-02
1.133800000000000086e-02,2.562500000000000194e-02
1.136099999999999957e-02,2.812500000000000416e-02
1.138400000000000002e-02,3.156250000000000028e-02
1.140700000000000047e-02,3.437500000000000278e-02
1.143000000000000092e-02,3.593750000000000416e-02
1.145299999999999964e-02,3.937500000000000722e-02
1.147600000000000009e-02,4.062500000000000139e-02
1.149900000000000054e-02,4.093750000000000167e-02
1.152199999999999926e-02,4.125000000000000194e-02
1.154499999999999971e-02,4.000000000000000083e-02
1.156800000000000016e-02,3.937500000000000722e-02
1.159100000000000061e-02,3.750000000000000555e-02
1.161399999999999932e-02,3.531250000000000361e-02
1.163699999999999977e-02,3.500000000000000333e-02
1.166000000000000023e-02,3.343750000000000194e-02
1.168300000000000068e-02,3.218750000000000083e-02
1.170599999999999939e-02,3.093750000000000319e-02
1.172899999999999984e-02,3.031250000000000264e-02
1.175200000000000029e-02,2.937500000000000527e-02
1.177500000000000074e-02,2.937500000000000527e-02
1.179799999999999946e-02,3.031250000000000264e-02
1.182099999999999991e-02,3.156250000000000028e-02
1.184400000000000036e-02,3.218750000000000083e-02
1.186700000000000081e-02,3.312500000000000167e-02
1.188999999999999953e-02,3.281250000000000139e-02
1.191299999999999998e-02,3.218750000000000083e-02
1.193600000000000043e-02,3.093750000000000319e-02
1.195900000000000088e-02,2.875000000000000472e-02
1.198199999999999960e-02,2.750000000000000361e-02
1.200500000000000005e-02,2.437500000000000083e-02
1.202800000000000050e-02,2.312500000000000319e-02
1.205100000000000095e-02,2.187500000000000555e-02
1.207399999999999966e-02,2.000000000000000389e-02
1.209700000000000011e-02,1.906250000000000305e-02
1.212000000000000056e-02,1.781250000000000194e-02
1.214299999999999928e-02,1.750000000000000167e-02
1.216599999999999973e-02,1.750000000000000167e-02
1.218900000000000018e-02,1.843750000000000250e-02
1.221200000000000063e-02,1.906250000000000305e-02
1.223499999999999935e-02,2.062500000000000444e-02
1.225799999999999980e-02,2.375000000000000375e-02
1.228100000000000025e-02,2.593750000000000222e-02
1.230400000000000070e-02,3.031250000000000264e-02
1.232699999999999942e-02,3.250000000000000111e-02
1.234999999999999987e-02,3.468750000000000305e-02
1.237300000000000032e-02,3.687500000000000500e-02
1.239600000000000077e-02,3.718750000000000527e-02
1.241899999999999948e-02,3.718750000000000527e-02
1.244199999999999993e-02,3.625000000000000444e-02
1.246500000000000039e-02,3.531250000000000361e-02
1.248800000000000084e-02,3.343750000000000194e-02
1.251099999999999955e-02,3.187500000000000056e-02
1.253400000000000000e-02,2.968750000000000208e-02
1.255700000000000045e-02,2.718750000000000333e-02
1.258000000000000090e-02,2.562500000000000194e-02
1.260299999999999962e-02,2.468750000000000111e-02
1.262600000000000007e-02,2.312500000000000319e-02
1.264900000000000052e-02,2.187500000000000555e-02
1.267199999999999924e-02,2.125000000000000500e-02
1.269499999999999969e-02,2.125000000000000500e-02
1.271800000000000014e-02,2.093750000000000472e-02
1.274100000000000059e-02,2.156250000000000527e-02
1.276399999999999930e-02,2.156250000000000527e-02
1.278699999999999976e-02,2.125000000000000500e-02
1.281000000000000021e-02,2.031250000000000416e-02
1.283300000000000066e-02,1.906250000000000305e-02
1.285599999999999937e-02,1.750000000000000167e-02
1.287899999999999982e-02,1.531250000000000319e-02
1.290200000000000027e-02,1.312500000000000125e-02
1.292500000000000072e-02,1.218750000000000389e-02
1.294799999999999944e-02,1.062500000000000250e-02
1.297099999999999989e-02,9.062500000000001110e-03
1.299400000000000034e-02,8.437500000000004025e-03
1.301700000000000079e-02,7.500000000000003192e-03
1.303999999999999951e-02,6.562500000000002359e-03
1.306299999999999996e-02,6.562500000000002359e-03
1.308600000000000041e-02,5.937500000000001804e-03
1.310900000000000086e-02,5.937500000000001804e-03
1.313199999999999958e-02,6.250000000000002082e-03
1.315500000000000003e-02,7.187500000000002914e-03
1.317800000000000048e-02,8.437500000000004025e-03
1.320100000000000093e-02,1.000000000000000194e-02
1.322399999999999964e-02,1.281250000000000444e-02
1.324700000000000009e-02,1.531250000000000319e-02
1.327000000000000055e-02,1.687500000000000458e-02
1.329299999999999926e-02,1.718750000000000139e-02
1.331599999999999971e-02,1.781250000000000194e-02
1.333900000000000016e-02,1.781250000000000194e-02
1.336200000000000061e-02,1.781250000000000194e-02
1.338499999999999933e-02,1.593750000000000375e-02
1.340799999999999978e-02,1.531250000000000319e-02
1.343100000000000023e-02,1.343750000000000153e-02
1.345400000000000068e-02,1.250000000000000416e-02
1.347699999999999940e-02,1.187500000000000361e-02
1.349999999999999985e-02,1.156250000000000333e-02
1.352300000000000030e-02,1.093750000000000278e-02
1.354600000000000075e-02,1.031250000000000222e-02
1.356899999999999946e-02,1.031250000000000222e-02
1.359199999999999992e-02,1.062500000000000250e-02
1.361500000000000037e-02,1.125000000000000305e-02
1.363800000000000082e-02,1.250000000000000416e-02
1.366099999999999953e-02,1.343750000000000153e-02
1.368399999999999998e-02,1.406250000000000208e-02
1.370700000000000043e-02,1.437500000000000236e-02
1.373000000000000088e-02,1.406250000000000208e-02
1.375299999999999960e-02,1.343750000000000153e-02
1.377600000000000005e-02,1.250000000000000416e-02
1.379900000000000050e-02,1.125000000000000305e-02
1.382200000000000095e-02,1.031250000000000222e-02
1.384499999999999967e-02,9.062500000000001110e-03
1.386800000000000012e-02,8.437500000000004025e-03
1.389100000000000057e-02,7.187500000000002914e-03
1.391399999999999929e-02,6.875000000000002637e-03
1.393699999999999974e-02,6.562500000000002359e-03
1.396000000000000019e-02,6.250000000000002082e-03
1.398300000000000064e-02,6.250000000000002082e-03
1.400599999999999935e-02,6.562500000000002359e-03
1.402899999999999980e-02,6.875000000000002637e-03
1.405200000000000025e-02,7.812500000000003469e-03
1.407500000000000070e-02,1.000000000000000194e-02
1.409799999999999942e-02,1.187500000000000361e-02
1.412099999999999987e-02,1.500000000000000291e-02
1.414400000000000032e-02,1.656250000000000430e-02
1.416700000000000077e-02,1.875000000000000278e-02
1.418999999999999949e-02,2.062500000000000444e-02
1.421299999999999994e-02,2.125000000000000500e-02
1.423600000000000039e-02,2.093750000000000472e-02
1.425900000000000084e-02,2.062500000000000444e-02
1.428199999999999956e-02,1.906250000000000305e-02
1.430500000000000001e-02,1.781250000000000194e-02
1.432800000000000046e-02,1.562500000000000347e-02
1.435100000000000091e-02,1.437500000000000236e-02
1.437399999999999962e-02,1.250000000000000416e-02
1.439700000000000008e-02,1.125000000000000305e-02
1.442000000000000053e-02,1.031250000000000222e-02
1.444299999999999924e-02,9.062500000000001110e-03
1.446599999999999969e-02,8.125000000000003747e-03
1.448900000000000014e-02,7.187500000000002914e-03
1.451200000000000059e-02,7.187500000000002914e-03
1.453499999999999931e-02,6.562500000000002359e-03
1.455799999999999976e-02,6.250000000000002082e-03
1.458100000000000021e-02,5.937500000000001804e-03
1.460400000000000066e-02,5.312500000000001249e-03
1.462699999999999938e-02,5.000000000000004441e-03
1.464999999999999983e-02,4.687500000000004163e-03
1.467300000000000028e-02,4.375000000000003886e-03
1.469600000000000073e-02,4.375000000000003886e-03
1.471899999999999945e-02,5.000000000000004441e-03
1.474199999999999990e-02,5.625000000000001527e-03
1.476500000000000035e-02,6.250000000000002082e-03
1.478800000000000080e-02,7.500000000000003192e-03
1.481099999999999951e-02,8.125000000000003747e-03
1.483399999999999996e-02,8.750000000000004302e-03
1.485700000000000041e-02,8.750000000000004302e-03
1.488000000000000086e-02,9.062500000000001110e-03
1.490299999999999958e-02,8.750000000000004302e-03
1.492600000000000003e-02,8.437500000000004025e-03
1.494900000000000048e-02,7.812500000000003469e-03
1.497200000000000093e-02,6.562500000000002359e-03
1.499499999999999965e-02,5.625000000000001527e-03
1.501800000000000010e-02,5.312500000000001249e-03
1.504100000000000055e-02,5.312500000000001249e-03
1.506399999999999927e-02,5.312500000000001249e-03
1.508699999999999972e-02,5.000000000000004441e-03
1.511000000000000017e-02,5.000000000000004441e-03
1.513300000000000062e-02,5.000000000000004441e-03
1.515599999999999933e-02,4.375000000000003886e-03
1.517899999999999978e-02,4.062500000000003608e-03
1.520200000000000023e-02,4.062500000000003608e-03
1.522500000000000069e-02,3.750000000000003331e-03
1.524799999999999940e-02,3.750000000000003331e-03
1.527099999999999985e-02,3.750000000000003331e-03
1.529400000000000030e-02,3.437500000000003053e-03
1.531700000000000075e-02,3.437500000000003053e-03
1.534000000000000120e-02,3.750000000000003331e-03
1.536299999999999992e-02,3.437500000000003053e-03
1.538599999999999864e-02,3.125000000000002776e-03
1.540900000000000082e-02,3.125000000000002776e-03
1.543199999999999954e-02,3.437500000000003053e-03
1.545500000000000172e-02,3.437500000000003053e-03
1.547800000000000044e-02,3.750000000000003331e-03
1.550099999999999915e-02,4.062500000000003608e-03
1.552400000000000134e-02,4.062500000000003608e-03
1.554700000000000006e-02,3.750000000000003331e-03
1.556999999999999877e-02,3.437500000000003053e-03
1.559300000000000096e-02,3.437500000000003053e-03
1.561599999999999967e-02,3.125000000000002776e-03
1.563899999999999665e-02,3.437500000000003053e-03
1.566199999999999884e-02,3.125000000000002776e-03
1.568499999999999756e-02,3.750000000000003331e-03
1.570799999999999974e-02,3.750000000000003331e-03
1.573099999999999846e-02,4.062500000000003608e-03
1.575399999999999717e-02,3.750000000000003331e-03
1.577699999999999936e-02,4.062500000000003608e-03
1.579999999999999807e-02,3.750000000000003331e-03
1.582299999999999679e-02,3.437500000000003053e-03
1.584599999999999898e-02,3.437500000000003053e-03
1.586899999999999769e-02,3.125000000000002776e-03
1.589199999999999988e-02,3.437500000000003053e-03
1.591499999999999859e-02,4.062500000000003608e-03
1.593799999999999731e-02,5.625000000000001527e-03
1.596099999999999949e-02,6.250000000000002082e-03
1.598399999999999821e-02,7.187500000000002914e-03
1.600699999999999693e-02,7.500000000000003192e-03
1.602999999999999911e-02,7.500000000000003192e-03
1.605299999999999783e-02,7.500000000000003192e-03
1.607600000000000001e-02,6.875000000000002637e-03
1.609899999999999873e-02,6.250000000000002082e-03
1.612199999999999744e-02,5.625000000000001527e-03
1.614499999999999963e-02,5.312500000000001249e-03
1.616799999999999835e-02,5.000000000000004441e-03
1.619099999999999706e-02,4.375000000000003886e-03
1.621399999999999925e-02,4.687500000000004163e-03
1.623699999999999796e-02,4.375000000000003886e-03
1.625999999999999668e-02,4.375000000000003886e-03
1.628299999999999886e-02,4.687500000000004163e-03
1.630599999999999758e-02,4.375000000000003886e-03
1.632899999999999976e-02,4.062500000000003608e-03
1.635199999999999848e-02,3.750000000000003331e-03
1.637499999999999720e-02,3.437500000000003053e-03
1.639799999999999938e-02,3.437500000000003053e-03
1.642099999999999810e-02,3.125000000000002776e-03
1.644399999999999681e-02,3.125000000000002776e-03
1.646699999999999900e-02,3.750000000000003331e-03
1.648999999999999772e-02,5.000000000000004441e-03
1.651299999999999990e-02,5.937500000000001804e-03
1.653599999999999862e-02,7.187500000000002914e-03
1.655899999999999733e-02,9.062500000000001110e-03
1.658199999999999952e-02,1.062500000000000250e-02
1.660499999999999823e-02,1.281250000000000444e-02
1.662799999999999695e-02,1.375000000000000180e-02
1.665099999999999913e-02,1.593750000000000375e-02
1.667399999999999785e-02,1.656250000000000430e-02
1.669700000000000004e-02,1.656250000000000430e-02
1.671999999999999875e-02,1.625000000000000402e-02
1.674299999999999747e-02,1.593750000000000375e-02
1.676599999999999965e-02,1.468750000000000264e-02
1.678899999999999837e-02,1.343750000000000153e-02
1.681199999999999709e-02,1.218750000000000389e-02
1.683499999999999927e-02,1.031250000000000222e-02
1.685799999999999799e-02,9.375000000000001388e-03
1.688099999999999670e-02,7.812500000000003469e-03
1.690399999999999889e-02,7.187500000000002914e-03
1.692699999999999760e-02,6.250000000000002082e-03
1.694999999999999979e-02,6.250000000000002082e-03
1.697299999999999850e-02,5.937500000000001804e-03
1.699599999999999722e-02,6.250000000000002082e-03
1.701899999999999941e-02,6.562500000000002359e-03
1.704199999999999812e-02,6.562500000000002359e-03
1.706499999999999684e-02,7.500000000000003192e-03
1.708799999999999902e-02,8.437500000000004025e-03
1.711099999999999774e-02,9.062500000000001110e-03
1.713399999999999992e-02,9.375000000000001388e-03
1.715699999999999864e-02,9.687500000000001665e-03
1.717999999999999736e-02,1.062500000000000250e-02
1.720299999999999954e-02,1.062500000000000250e-02
1.722599999999999826e-02,1.093750000000000278e-02
1.724899999999999697e-02,1.000000000000000194e-02
1.727199999999999916e-02,9.375000000000001388e-03
1.729499999999999788e-02,8.750000000000004302e-03
1.731800000000000006e-02,8.437500000000004025e-03
1.734099999999999878e-02,8.125000000000003747e-03
1.736399999999999749e-02,8.750000000000004302e-03
1.738699999999999968e-02,1.000000000000000194e-02
1.740999999999999839e-02,1.125000000000000305e-02
1.743299999999999711e-02,1.218750000000000389e-02
1.745599999999999929e-02,1.468750000000000264e-02
1.747899999999999801e-02,1.656250000000000430e-02
1.750199999999999673e-02,1.843750000000000250e-02
1.752499999999999891e-02,2.062500000000000444e-02
1.754799999999999763e-02,2.218750000000000236e-02
1.757099999999999981e-02,2.343750000000000347e-02
1.759399999999999853e-02,2.406250000000000056e-02
1.761699999999999725e-02,2.468750000000000111e-02
1.763999999999999943e-02,2.406250000000000056e-02
1.766299999999999815e-02,2.343750000000000347e-02
1.768599999999999686e-02,2.156250000000000527e-02
1.770899999999999905e-02,2.000000000000000389e-02
1.773199999999999776e-02,1.812500000000000222e-02
1.775499999999999995e-02,1.531250000000000319e-02
1.777799999999999866e-02,1.343750000000000153e-02
1.780099999999999738e-02,1.156250000000000333e-02
1.782399999999999957e-02,1.062500000000000250e-02
1.784699999999999828e-02,9.687500000000001665e-03
1.786999999999999700e-02,8.750000000000004302e-03
1.789299999999999918e-02,8.750000000000004302e-03
1.791599999999999790e-02,8.750000000000004302e-03
1.793900000000000008e-02,9.375000000000001388e-03
1.796199999999999880e-02,1.000000000000000194e-02
1.798499999999999752e-02,1.062500000000000250e-02
1.800799999999999970e-02,1.156250000000000333e-02
1.803099999999999842e-02,1.218750000000000389e-02
1.805399999999999713e-02,1.250000000000000416e-02
1.807699999999999932e-02,1.312500000000000125e-02
1.809999999999999803e-02,1.343750000000000153e-02
1.812299999999999675e-02,1.375000000000000180e-02
1.814599999999999894e-02,1.312500000000000125e-02
1.816899999999999765e-02,1.250000000000000416e-02
1.819199999999999984e-02,1.187500000000000361e-02
1.821499999999999855e-02,1.062500000000000250e-02
1.823799999999999727e-02,1.031250000000000222e-02
1.826099999999999945e-02,1.031250000000000222e-02
1.828399999999999817e-02,1.156250000000000333e-02
1.830699999999999689e-02,1.281250000000000444e-02
1.832999999999999907e-02,1.437500000000000236e-02
1.835299999999999779e-02,1.593750000000000375e-02
1.837599999999999997e-02,1.906250000000000305e-02
1.839899999999999869e-02,2.125000000000000500e-02
1.842199999999999740e-02,2.312500000000000319e-02
1.844499999999999959e-02,2.531250000000000167e-02
1.846799999999999831e-02,2.656250000000000278e-02
1.849099999999999702e-02,2.812500000000000416e-02
1.851399999999999921e-02,2.875000000000000472e-02
1.853699999999999792e-02,2.937500000000000527e-02
1.855999999999999664e-02,2.875000000000000472e-02
1.858299999999999882e-02,2.750000000000000361e-02
1.860599999999999754e-02,2.625000000000000250e-02
1.862899999999999973e-02,2.437500000000000083e-02
1.865199999999999844e-02,2.218750000000000236e-02
1.867499999999999716e-02,2.093750000000000472e-02
1.869799999999999934e-02,1.906250000000000305e-02
1.872099999999999806e-02,1.781250000000000194e-02
1.874399999999999678e-02,1.687500000000000458e-02
1.876699999999999896e-02,1.656250000000000430e-02
1.878999999999999768e-02,1.750000000000000167e-02
1.881299999999999986e-02,1.781250000000000194e-02
1.883599999999999858e-02,2.031250000000000416e-02
1.885899999999999729e-02,2.156250000000000527e-02
1.888199999999999948e-02,2.343750000000000347e-02
1.890499999999999819e-02,2.562500000000000194e-02
1.892799999999999691e-02,2.687500000000000305e-02
1.895099999999999910e-02,2.812500000000000416e-02
1.897399999999999781e-02,2.968750000000000208e-02
1.899700000000000000e-02,3.062500000000000291e-02
1.901999999999999871e-02,3.125000000000000000e-02
1.904299999999999743e-02,3.156250000000000028e-02
1.906599999999999961e-02,3.125000000000000000e-02
1.908899999999999833e-02,3.031250000000000264e-02
1.911199999999999705e-02,2.937500000000000527e-02
1.913499999999999923e-02,2.906250000000000500e-02
1.915799999999999795e-02,2.906250000000000500e-02
1.918099999999999666e-02,2.968750000000000208e-02
1.920399999999999885e-02,3.062500000000000291e-02
1.922699999999999756e-02,3.187500000000000056e-02
1.924999999999999975e-02,3.343750000000000194e-02
1.927299999999999847e-02,3.500000000000000333e-02
1.929599999999999718e-02,3.687500000000000500e-02
1.931899999999999937e-02,3.906250000000000000e-02
1.934199999999999808e-02,4.031250000000000111e-02
1.936499999999999680e-02,4.125000000000000194e-02
1.938799999999999898e-02,4.218750000000000278e-02
1.941099999999999770e-02,4.218750000000000278e-02
1.943399999999999989e-02,4.187500000000000250e-02
1.945699999999999860e-02,4.093750000000000167e-02
1.947999999999999732e-02,3.968750000000000056e-02
1.950299999999999950e-02,3.718750000000000527e-02
1.952599999999999822e-02,3.562500000000000389e-02
1.954899999999999693e-02,3.187500000000000056e-02
1.957199999999999912e-02,2.812500000000000416e-02
1.959499999999999784e-02,2.625000000000000250e-02
1.961800000000000002e-02,2.343750000000000347e-02
1.964099999999999874e-02,2.156250000000000527e-02
1.966399999999999745e-02,2.000000000000000389e-02
1.968699999999999964e-02,1.875000000000000278e-02
1.970999999999999835e-02,1.843750000000000250e-02
1.973299999999999707e-02,1.906250000000000305e-02
1.975599999999999926e-02,2.000000000000000389e-02
1.977899999999999797e-02,2.062500000000000444e-02
1.980199999999999669e-02,2.156250000000000527e-02
1.982499999999999887e-02,2.250000000000000264e-02
1.984799999999999759e-02,2.375000000000000375e-02
1.987099999999999977e-02,2.500000000000000139e-02
1.989399999999999849e-02,2.656250000000000278e-02
1.991699999999999721e-02,2.750000000000000361e-02
1.993999999999999939e-02,2.812500000000000416e-02
1.996299999999999811e-02,2.812500000000000416e-02
1.998599999999999682e-02,2.812500000000000416e-02
2.000899999999999901e-02,2.750000000000000361e-02
2.003199999999999772e-02,2.718750000000000333e-02
2.005499999999999991e-02,2.687500000000000305e-02
2.007799999999999863e-02,2.843750000000000444e-02
2.010099999999999734e-02,3.000000000000000236e-02
2.012399999999999953e-02,3.125000000000000000e-02
2.014699999999999824e-02,3.375000000000000222e-02
2.016999999999999696e-02,3.625000000000000444e-02
2.019299999999999914e-02,3.937500000000000722e-02
2.021599999999999786e-02,4.062500000000000139e-02
2.023900000000000005e-02,4.406250000000000444e-02
2.026199999999999876e-02,4.593750000000000611e-02
2.028499999999999748e-02,4.718750000000000722e-02
2.030799999999999966e-02,4.843750000000000139e-02
2.033099999999999838e-02,4.937500000000000222e-02
2.035399999999999709e-02,4.937500000000000222e-02
2.037699999999999928e-02,5.000000000000000278e-02
2.039999999999999800e-02,4.937500000000000222e-02
2.042299999999999671e-02,4.812500000000000111e-02
2.044599999999999890e-02,4.718750000000000722e-02
2.046899999999999761e-02,4.437500000000000472e-02
2.049199999999999980e-02,4.343750000000000389e-02
2.051499999999999851e-02,4.093750000000000167e-02
2.053799999999999723e-02,3.906250000000000000e-02
2.056099999999999942e-02,3.812500000000000611e-02
2.058399999999999813e-02,3.812500000000000611e-02
2.060699999999999685e-02,3.812500000000000611e-02
2.062999999999999903e-02,3.843750000000000638e-02
2.065299999999999775e-02,4.000000000000000083e-02
2.067599999999999993e-02,4.156250000000000222e-02
2.069899999999999865e-02,4.250000000000000305e-02
2.072199999999999737e-02,4.375000000000000416e-02
2.074499999999999955e-02,4.437500000000000472e-02
2.076799999999999827e-02,4.531250000000000555e-02
2.079099999999999698e-02,4.593750000000000611e-02
2.081399999999999917e-02,4.687500000000000000e-02
2.083699999999999788e-02,4.718750000000000722e-02
2.086000000000000007e-02,4.750000000000000056e-02
2.088299999999999879e-02,4.718750000000000722e-02
2.090599999999999750e-02,4.656250000000000666e-02
2.092899999999999969e-02,4.593750000000000611e-02
2.095199999999999840e-02,4.531250000000000555e-02
2.097499999999999712e-02,4.531250000000000555e-02
2.099799999999999930e-02,4.593750000000000611e-02
2.102099999999999802e-02,4.687500000000000000e-02
2.104399999999999674e-02,4.812500000000000111e-02
2.106699999999999892e-02,4.906250000000000194e-02
2.108999999999999764e-02,5.000000000000000278e-02
2.111299999999999982e-02,5.125000000000000389e-02
2.113599999999999854e-02,5.281250000000000527e-02
2.115899999999999725e-02,5.375000000000000611e-02
2.118199999999999944e-02,5.437500000000000666e-02
2.120499999999999816e-02,5.468750000000000000e-02
2.122799999999999687e-02,5.468750000000000000e-02
2.125099999999999906e-02,5.468750000000000000e-02
2.127399999999999777e-02,5.468750000000000000e-02
2.129699999999999996e-02,5.375000000000000611e-02
2.131999999999999867e-02,5.312500000000000555e-02
2.134299999999999739e-02,5.156250000000000416e-02
2.136599999999999958e-02,5.000000000000000278e-02
2.138899999999999829e-02,4.687500000000000000e-02
2.141199999999999701e-02,4.406250000000000444e-02
2.143499999999999919e-02,4.218750000000000278e-02
2.145799999999999791e-02,4.031250000000000111e-02
2.148100000000000009e-02,3.937500000000000722e-02
2.150399999999999881e-02,3.906250000000000000e-02
2.152699999999999753e-02,3.968750000000000056e-02
2.154999999999999971e-02,4.031250000000000111e-02
2.157299999999999843e-02,4.156250000000000222e-02
2.159599999999999714e-02,4.312500000000000361e-02
2.161899999999999933e-02,4.437500000000000472e-02
2.164199999999999804e-02,4.531250000000000555e-02
2.166499999999999676e-02,4.624999999999999944e-02
2.168799999999999895e-02,4.781250000000000777e-02
2.171099999999999766e-02,4.906250000000000194e-02
2.173399999999999985e-02,4.968750000000000250e-02
2.175699999999999856e-02,5.031250000000000305e-02
2.177999999999999728e-02,5.062500000000000333e-02
2.180299999999999946e-02,5.031250000000000305e-02
2.182599999999999818e-02,5.031250000000000305e-02
2.184899999999999690e-02,5.000000000000000278e-02
2.187199999999999908e-02,5.031250000000000305e-02
2.189499999999999780e-02,5.093750000000000361e-02
2.191799999999999998e-02,5.218750000000000472e-02
2.194099999999999870e-02,5.312500000000000555e-02
2.196399999999999741e-02,5.468750000000000000e-02
2.198699999999999960e-02,5.468750000000000000e-02
2.200999999999999832e-02,5.562500000000000777e-02
2.203299999999999703e-02,5.656250000000000167e-02
2.205599999999999922e-02,5.718750000000000222e-02
2.207899999999999793e-02,5.812500000000000305e-02
2.210199999999999665e-02,5.812500000000000305e-02
2.212499999999999883e-02,5.843750000000000333e-02
2.214799999999999755e-02,5.843750000000000333e-02
2.217099999999999974e-02,5.843750000000000333e-02
2.219399999999999845e-02,5.875000000000000361e-02
2.221699999999999717e-02,5.843750000000000333e-02
2.223999999999999935e-02,5.750000000000000250e-02
2.226299999999999807e-02,5.656250000000000167e-02
2.228599999999999678e-02,5.500000000000000722e-02
2.230899999999999897e-02,5.312500000000000555e-02
2.233199999999999769e-02,5.031250000000000305e-02
2.235499999999999987e-02,4.875000000000000167e-02
2.237799999999999859e-02,4.812500000000000111e-02
2.240099999999999730e-02,4.718750000000000722e-02
2.242399999999999949e-02,4.687500000000000000e-02
2.244699999999999820e-02,4.718750000000000722e-02
2.246999999999999692e-02,4.781250000000000777e-02
2.249299999999999911e-02,4.875000000000000167e-02
2.251599999999999782e-02,4.968750000000000250e-02
2.253900000000000001e-02,5.000000000000000278e-02
2.256199999999999872e-02,5.062500000000000333e-02
2.258499999999999744e-02,5.187500000000000444e-02
2.260799999999999962e-02,5.281250000000000527e-02
2.263099999999999834e-02,5.406249999999999944e-02
2.265399999999999706e-02,5.437500000000000666e-02
2.267699999999999924e-02,5.468750000000000000e-02
2.269999999999999796e-02,5.500000000000000722e-02
2.272299999999999667e-02,5.500000000000000722e-02
2.274599999999999886e-02,5.468750000000000000e-02
2.276899999999999757e-02,5.468750000000000000e-02
2.279199999999999976e-02,5.531250000000000056e-02
2.281499999999999848e-02,5.593750000000000111e-02
2.283799999999999719e-02,5.656250000000000167e-02
2.286099999999999938e-02,5.687500000000000888e-02
2.288399999999999809e-02,5.750000000000000250e-02
2.290699999999999681e-02,5.750000000000000250e-02
2.292999999999999899e-02,5.750000000000000250e-02
2.295299999999999771e-02,5.781250000000000278e-02
2.297599999999999990e-02,5.781250000000000278e-02
2.299899999999999861e-02,5.781250000000000278e-02
2.302199999999999733e-02,5.750000000000000250e-02
2.304499999999999951e-02,5.750000000000000250e-02
2.306799999999999823e-02,5.781250000000000278e-02
2.309099999999999694e-02,5.812500000000000305e-02
2.311399999999999913e-02,5.812500000000000305e-02
2.313699999999999785e-02,5.843750000000000333e-02
2.316000000000000003e-02,5.812500000000000305e-02
2.318299999999999875e-02,5.750000000000000250e-02
2.320599999999999746e-02,5.750000000000000250e-02
2.322899999999999965e-02,5.593750000000000111e-02
2.325199999999999836e-02,5.531250000000000056e-02
2.327499999999999708e-02,5.437500000000000666e-02
2.329799999999999927e-02,5.437500000000000666e-02
2.332099999999999798e-02,5.437500000000000666e-02
2.334399999999999670e-02,5.468750000000000000e-02
2.336699999999999888e-02,5.531250000000000056e-02
2.338999999999999760e-02,5.593750000000000111e-02
2.341299999999999978e-02,5.593750000000000111e-02
2.343599999999999850e-02,5.656250000000000167e-02
2.345899999999999722e-02,5.687500000000000888e-02
2.348199999999999940e-02,5.687500000000000888e-02
2.350499999999999812e-02,5.718750000000000222e-02
2.352799999999999683e-02,5.781250000000000278e-02
2.355099999999999902e-02,5.781250000000000278e-02
2.357399999999999773e-02,5.812500000000000305e-02
2.359699999999999992e-02,5.812500000000000305e-02
2.361999999999999864e-02,5.750000000000000250e-02
2.364299999999999735e-02,5.781250000000000278e-02
2.366599999999999954e-02,5.750000000000000250e-02
2.368899999999999825e-02,5.750000000000000250e-02
2.371199999999999697e-02,5.750000000000000250e-02
2.373499999999999915e-02,5.718750000000000222e-02
2.375799999999999787e-02,5.812500000000000305e-02
2.378100000000000006e-02,5.781250000000000278e-02
2.380399999999999877e-02,5.812500000000000305e-02
2.382699999999999749e-02,5.843750000000000333e-02
2.384999999999999967e-02,5.843750000000000333e-02
2.387299999999999839e-02,5.843750000000000333e-02
2.389599999999999710e-02,5.843750000000000333e-02
2.391899999999999929e-02,5.843750000000000333e-02
2.394199999999999801e-02,5.781250000000000278e-02
2.396499999999999672e-02,5.812500000000000305e-02
2.398799999999999891e-02,5.843750000000000333e-02
2.401099999999999762e-02,5.843750000000000333e-02
2.403399999999999981e-02,5.843750000000000333e-02
2.405699999999999852e-02,5.843750000000000333e-02
2.407999999999999724e-02,5.781250000000000278e-02
2.410299999999999943e-02,5.687500000000000888e-02
2.412599999999999814e-02,5.562500000000000777e-02
2.414899999999999686e-02,5.468750000000000000e-02
2.417199999999999904e-02,5.312500000000000555e-02
2.419499999999999776e-02,5.250000000000000500e-02
2.421799999999999994e-02,5.187500000000000444e-02
2.424099999999999866e-02,5.187500000000000444e-02
2.426399999999999738e-02,5.218750000000000472e-02
2.428699999999999956e-02,5.281250000000000527e-02
2.430999999999999828e-02,5.312500000000000555e-02
2.433299999999999699e-02,5.375000000000000611e-02
2.435599999999999918e-02,5.437500000000000666e-02
2.437899999999999789e-02,5.468750000000000000e-02
2.440200000000000008e-02,5.531250000000000056e-02
2.442499999999999880e-02,5.625000000000000833e-02
2.444799999999999751e-02,5.687500000000000888e-02
2.447099999999999970e-02,5.750000000000000250e-02
2.449399999999999841e-02,5.781250000000000278e-02
2.451699999999999713e-02,5.750000000000000250e-02
2.453999999999999931e-02,5.812500000000000305e-02
2.456299999999999803e-02,5.812500000000000305e-02
2.458599999999999675e-02,5.812500000000000305e-02
2.460899999999999893e-02,5.843750000000000333e-02
2.463199999999999765e-02,5.906250000000000389e-02
2.465499999999999983e-02,5.906250000000000389e-02
2.467799999999999855e-02,5.906250000000000389e-02
2.470099999999999726e-02,5.875000000000000361e-02
2.472399999999999945e-02,5.781250000000000278e-02
2.474699999999999817e-02,5.718750000000000222e-02
2.476999999999999688e-02,5.562500000000000777e-02
2.479299999999999907e-02,5.500000000000000722e-02
2.481599999999999778e-02,5.375000000000000611e-02
2.483899999999999997e-02,5.281250000000000527e-02
2.486199999999999868e-02,5.218750000000000472e-02
2.488499999999999740e-02,5.218750000000000472e-02
2.490799999999999959e-02,5.218750000000000472e-02
2.493099999999999830e-02,5.312500000000000555e-02
2.495399999999999702e-02,5.406249999999999944e-02
2.497699999999999920e-02,5.468750000000000000e-02
2.499999999999999792e-02,5.562500000000000777e-02
2.502299999999999663e-02,5.625000000000000833e-02
2.504599999999999882e-02,5.718750000000000222e-02
2.506899999999999754e-02,5.781250000000000278e-02
2.509199999999999972e-02,5.812500000000000305e-02
2.511499999999999844e-02,5.875000000000000361e-02
2.513799999999999715e-02,5.875000000000000361e-02
2.516099999999999934e-02,5.875000000000000361e-02
2.518399999999999805e-02,5.812500000000000305e-02
2.520699999999999677e-02,5.812500000000000305e-02
2.522999999999999896e-02,5.718750000000000222e-02
2.525299999999999767e-02,5.625000000000000833e-02
2.527599999999999986e-02,5.531250000000000056e-02
2.529899999999999857e-02,5.500000000000000722e-02
2.532199999999999729e-02,5.437500000000000666e-02
2.534499999999999947e-02,5.406249999999999944e-02
2.536799999999999819e-02,5.437500000000000666e-02
2.539099999999999691e-02,5.437500000000000666e-02
2.541399999999999909e-02,5.500000000000000722e-02
2.543699999999999781e-02,5.562500000000000777e-02
2.545999999999999999e-02,5.625000000000000833e-02
2.548299999999999871e-02,5.718750000000000222e-02
2.550599999999999742e-02,5.750000000000000250e-02
2.552899999999999961e-02,5.781250000000000278e-02
2.555199999999999833e-02,5.750000000000000250e-02
2.557499999999999704e-02,5.718750000000000222e-02
2.559799999999999923e-02,5.625000000000000833e-02
2.562099999999999794e-02,5.531250000000000056e-02
2.564399999999999666e-02,5.375000000000000611e-02
2.566699999999999884e-02,5.250000000000000500e-02
2.568999999999999756e-02,5.125000000000000389e-02
2.571299999999999975e-02,5.000000000000000278e-02
2.573599999999999846e-02,4.937500000000000222e-02
2.575899999999999718e-02,4.906250000000000194e-02
2.578199999999999936e-02,4.843750000000000139e-02
2.580499999999999808e-02,4.875000000000000167e-02
2.582799999999999679e-02,5.031250000000000305e-02
2.585099999999999898e-02,5.093750000000000361e-02
2.587399999999999770e-02,5.250000000000000500e-02
2.589699999999999988e-02,5.343749999999999889e-02
2.591999999999999860e-02,5.468750000000000000e-02
2.594299999999999731e-02,5.593750000000000111e-02
2.596599999999999950e-02,5.656250000000000167e-02
2.598899999999999821e-02,5.687500000000000888e-02
2.601199999999999693e-02,5.750000000000000250e-02
2.603499999999999912e-02,5.781250000000000278e-02
2.605799999999999783e-02,5.812500000000000305e-02
2.608100000000000002e-02,5.875000000000000361e-02
2.610399999999999873e-02,5.906250000000000389e-02
2.612699999999999745e-02,5.875000000000000361e-02
2.614999999999999963e-02,5.875000000000000361e-02
2.617299999999999835e-02,5.843750000000000333e-02
2.619599999999999707e-02,5.843750000000000333e-02
2.621899999999999925e-02,5.812500000000000305e-02
2.624199999999999797e-02,5.812500000000000305e-02
2.626499999999999668e-02,5.781250000000000278e-02
2.628799999999999887e-02,5.812500000000000305e-02
2.631099999999999758e-02,5.875000000000000361e-02
2.633399999999999977e-02,5.906250000000000389e-02
2.635699999999999849e-02,5.906250000000000389e-02
2.637999999999999720e-02,6.031250000000000500e-02
2.640299999999999939e-02,6.000000000000000472e-02
2.642599999999999810e-02,6.031250000000000500e-02
2.644899999999999682e-02,6.031250000000000500e-02
2.647199999999999900e-02,5.968750000000000444e-02
2.649499999999999772e-02,5.906250000000000389e-02
2.651799999999999990e-02,5.781250000000000278e-02
2.654099999999999862e-02,5.656250000000000167e-02
2.656399999999999734e-02,5.531250000000000056e-02
2.658699999999999952e-02,5.312500000000000555e-02
2.660999999999999824e-02,5.187500000000000444e-02
2.663299999999999695e-02,4.968750000000000250e-02
2.665599999999999914e-02,4.843750000000000139e-02
2.667899999999999786e-02,4.750000000000000056e-02
2.670200000000000004e-02,4.687500000000000000e-02
2.672499999999999876e-02,4.624999999999999944e-02
2.674799999999999747e-02,4.687500000000000000e-02
2.677099999999999966e-02,4.750000000000000056e-02
2.679399999999999837e-02,4.906250000000000194e-02
2.681699999999999709e-02,5.062500000000000333e-02
2.683999999999999928e-02,5.156250000000000416e-02
2.686299999999999799e-02,5.343749999999999889e-02
2.688599999999999671e-02,5.468750000000000000e-02
2.690899999999999889e-02,5.531250000000000056e-02
2.693199999999999761e-02,5.593750000000000111e-02
2.695499999999999979e-02,5.625000000000000833e-02
2.697799999999999851e-02,5.625000000000000833e-02
2.700099999999999723e-02,5.593750000000000111e-02
2.702399999999999941e-02,5.468750000000000000e-02
2.704699999999999813e-02,5.437500000000000666e-02
2.706999999999999684e-02,5.343749999999999889e-02
2.709299999999999903e-02,5.250000000000000500e-02
2.711599999999999774e-02,5.187500000000000444e-02
2.713899999999999993e-02,5.093750000000000361e-02
2.716199999999999865e-02,5.031250000000000305e-02
2.718499999999999736e-02,5.000000000000000278e-02
2.720799999999999955e-02,5.000000000000000278e-02
2.723099999999999826e-02,5.062500000000000333e-02
2.725399999999999698e-02,5.093750000000000361e-02
2.727699999999999916e-02,5.218750000000000472e-02
2.729999999999999788e-02,5.343749999999999889e-02
2.732300000000000006e-02,5.375000000000000611e-02
2.734599999999999878e-02,5.437500000000000666e-02
2.736899999999999750e-02,5.437500000000000666e-02
2.739199999999999968e-02,5.312500000000000555e-02
2.741499999999999840e-02,5.218750000000000472e-02
2.743799999999999711e-02,4.968750000000000250e-02
2.746099999999999930e-02,4.812500000000000111e-02
2.748399999999999802e-02,4.624999999999999944e-02
2.750699999999999673e-02,4.406250000000000444e-02
2.752999999999999892e-02,4.281250000000000333e-02
2.755299999999999763e-02,4.187500000000000250e-02
2.757599999999999982e-02,4.062500000000000139e-02
2.759899999999999853e-02,4.062500000000000139e-02
2.762199999999999725e-02,4.062500000000000139e-02
2.764499999999999943e-02,4.125000000000000194e-02
2.766799999999999815e-02,4.281250000000000333e-02
2.769099999999999687e-02,4.343750000000000389e-02
2.771399999999999905e-02,4.624999999999999944e-02
2.773699999999999777e-02,4.812500000000000111e-02
2.775999999999999995e-02,5.031250000000000305e-02
2.778299999999999867e-02,5.187500000000000444e-02
2.780599999999999739e-02,5.375000000000000611e-02
2.782899999999999957e-02,5.468750000000000000e-02
2.785199999999999829e-02,5.531250000000000056e-02
2.787499999999999700e-02,5.562500000000000777e-02
2.789799999999999919e-02,5.531250000000000056e-02
2.792099999999999790e-02,5.468750000000000000e-02
2.794400000000000009e-02,5.312500000000000555e-02
2.796699999999999880e-02,5.187500000000000444e-02
2.798999999999999752e-02,5.093750000000000361e-02
2.801299999999999971e-02,4.968750000000000250e-02
2.803599999999999842e-02,4.843750000000000139e-02
2.805899999999999714e-02,4.781250000000000777e-02
2.808199999999999932e-02,4.687500000000000000e-02
2.810499999999999804e-02,4.656250000000000666e-02
2.812799999999999676e-02,4.656250000000000666e-02
2.815099999999999894e-02,4.687500000000000000e-02
2.817399999999999766e-02,4.718750000000000722e-02
2.819699999999999984e-02,4.843750000000000139e-02
2.821999999999999856e-02,4.937500000000000222e-02
2.824299999999999727e-02,4.968750000000000250e-02
2.826599999999999946e-02,4.906250000000000194e-02
2.828899999999999818e-02,4.750000000000000056e-02
2.831199999999999689e-02,4.562500000000000583e-02
2.833499999999999908e-02,4.406250000000000444e-02
2.835799999999999779e-02,4.125000000000000194e-02
2.838099999999999998e-02,3.875000000000000666e-02
2.840399999999999869e-02,3.687500000000000500e-02
2.842699999999999741e-02,3.531250000000000361e-02
2.844999999999999959e-02,3.343750000000000194e-02
2.847299999999999831e-02,3.218750000000000083e-02
2.849599999999999703e-02,3.125000000000000000e-02
2.851899999999999921e-02,3.093750000000000319e-02
2.854199999999999793e-02,3.125000000000000000e-02
2.856499999999999664e-02,3.250000000000000111e-02
2.858799999999999883e-02,3.375000000000000222e-02
2.861099999999999755e-02,3.593750000000000416e-02
2.863399999999999973e-02,3.812500000000000611e-02
2.865699999999999845e-02,4.093750000000000167e-02
2.867999999999999716e-02,4.468750000000000500e-02
2.870299999999999935e-02,4.624999999999999944e-02
2.872599999999999806e-02,4.812500000000000111e-02
2.874899999999999678e-02,5.000000000000000278e-02
2.877199999999999896e-02,5.093750000000000361e-02
2.879499999999999768e-02,5.125000000000000389e-02
2.881799999999999987e-02,5.125000000000000389e-02
2.884099999999999858e-02,5.000000000000000278e-02
2.886399999999999730e-02,4.937500000000000222e-02
2.888699999999999948e-02,4.843750000000000139e-02
2.890999999999999820e-02,4.750000000000000056e-02
2.893299999999999692e-02,4.624999999999999944e-02
2.895599999999999910e-02,4.593750000000000611e-02
2.897899999999999782e-02,4.500000000000000527e-02
2.900200000000000000e-02,4.437500000000000472e-02
2.902499999999999872e-02,4.437500000000000472e-02
2.904799999999999743e-02,4.468750000000000500e-02
2.907099999999999962e-02,4.593750000000000611e-02
2.909399999999999833e-02,4.687500000000000000e-02
2.911699999999999705e-02,4.843750000000000139e-02
2.913999999999999924e-02,4.875000000000000167e-02
2.916299999999999795e-02,4.906250000000000194e-02
2.918599999999999667e-02,4.781250000000000777e-02
2.920899999999999885e-02,4.593750000000000611e-02
2.923199999999999757e-02,4.437500000000000472e-02
2.925499999999999975e-02,4.312500000000000361e-02
2.927799999999999847e-02,4.031250000000000111e-02
2.930099999999999719e-02,3.687500000000000500e-02
2.932399999999999937e-02,3.468750000000000305e-02
2.934699999999999809e-02,3.250000000000000111e-02
2.936999999999999680e-02,2.968750000000000208e-02
2.939299999999999899e-02,2.812500000000000416e-02
2.941599999999999770e-02,2.718750000000000333e-02
2.943899999999999989e-02,2.625000000000000250e-02
2.946199999999999861e-02,2.656250000000000278e-02
2.948499999999999732e-02,2.750000000000000361e-02
2.950799999999999951e-02,2.875000000000000472e-02
2.953099999999999822e-02,3.031250000000000264e-02
2.955399999999999694e-02,3.218750000000000083e-02
2.957699999999999912e-02,3.500000000000000333e-02
2.959999999999999784e-02,3.781250000000000583e-02
2.962300000000000003e-02,3.968750000000000056e-02
2.964599999999999874e-02,4.125000000000000194e-02
2.966899999999999746e-02,4.218750000000000278e-02
2.969199999999999964e-02,4.218750000000000278e-02
2.971499999999999836e-02,4.156250000000000222e-02
2.973799999999999708e-02,4.031250000000000111e-02
2.976099999999999926e-02,3.843750000000000638e-02
2.978399999999999798e-02,3.718750000000000527e-02
2.980699999999999669e-02,3.593750000000000416e-02
2.982999999999999888e-02,3.375000000000000222e-02
2.985299999999999759e-02,3.250000000000000111e-02
2.987599999999999978e-02,3.187500000000000056e-02
2.989899999999999849e-02,3.125000000000000000e-02
2.992199999999999721e-02,3.031250000000000264e-02
2.994499999999999940e-02,3.062500000000000291e-02
2.996799999999999811e-02,3.093750000000000319e-02
2.999099999999999683e-02,3.250000000000000111e-02
3.001399999999999901e-02,3.375000000000000222e-02
3.003699999999999773e-02,3.500000000000000333e-02
3.005999999999999991e-02,3.500000000000000333e-02
3.008299999999999863e-02,3.500000000000000333e-02
3.010599999999999735e-02,3.406250000000000250e-02
3.012899999999999953e-02,3.250000000000000111e-02
3.015199999999999825e-02,3.093750000000000319e-02
3.017499999999999696e-02,2.937500000000000527e-02
3.019799999999999915e-02,2.718750000000000333e-02
3.022099999999999786e-02,2.468750000000000111e-02
3.024400000000000005e-02,2.312500000000000319e-02
3.026699999999999877e-02,2.218750000000000236e-02
3.028999999999999748e-02,2.125000000000000500e-02
3.031299999999999967e-02,2.125000000000000500e-02
3.033599999999999838e-02,2.125000000000000500e-02
3.035899999999999710e-02,2.187500000000000555e-02
3.038199999999999928e-02,2.343750000000000347e-02
3.040499999999999800e-02,2.593750000000000222e-02
3.042799999999999672e-02,2.687500000000000305e-02
3.045099999999999890e-02,3.000000000000000236e-02
3.047399999999999762e-02,3.343750000000000194e-02
3.049699999999999980e-02,3.718750000000000527e-02
3.051999999999999852e-02,3.968750000000000056e-02
3.054299999999999723e-02,4.187500000000000250e-02
3.056599999999999942e-02,4.375000000000000416e-02
3.058899999999999814e-02,4.500000000000000527e-02
3.061199999999999685e-02,4.468750000000000500e-02
3.063499999999999904e-02,4.437500000000000472e-02
3.065799999999999775e-02,4.312500000000000361e-02
3.068099999999999994e-02,4.093750000000000167e-02
3.070399999999999865e-02,3.906250000000000000e-02
3.072699999999999737e-02,3.812500000000000611e-02
3.074999999999999956e-02,3.593750000000000416e-02
3.077299999999999827e-02,3.500000000000000333e-02
3.079599999999999699e-02,3.375000000000000222e-02
3.081899999999999917e-02,3.281250000000000139e-02
3.084199999999999789e-02,3.250000000000000111e-02
3.086500000000000007e-02,3.250000000000000111e-02
3.088799999999999879e-02,3.312500000000000167e-02
3.091099999999999751e-02,3.437500000000000278e-02
3.093399999999999969e-02,3.500000000000000333e-02
3.095699999999999841e-02,3.562500000000000389e-02
3.098000000000000059e-02,3.562500000000000389e-02
3.100299999999999584e-02,3.468750000000000305e-02
3.102599999999999802e-02,3.312500000000000167e-02
3.104900000000000021e-02,3.062500000000000291e-02
3.107199999999999546e-02,2.812500000000000416e-02
3.109499999999999764e-02,2.687500000000000305e-02
3.111799999999999983e-02,2.437500000000000083e-02
3.114099999999999507e-02,2.093750000000000472e-02
3.116399999999999726e-02,2.000000000000000389e-02
3.118699999999999944e-02,1.781250000000000194e-02
3.121000000000000163e-02,1.687500000000000458e-02
3.123299999999999688e-02,1.562500000000000347e-02
3.125599999999999906e-02,1.531250000000000319e-02
3.127900000000000125e-02,1.562500000000000347e-02
3.130199999999999649e-02,1.625000000000000402e-02
3.132499999999999868e-02,1.718750000000000139e-02
3.134800000000000086e-02,1.937500000000000333e-02
3.137099999999999611e-02,2.187500000000000555e-02
3.139399999999999830e-02,2.406250000000000056e-02
3.141700000000000048e-02,2.718750000000000333e-02
3.143999999999999573e-02,2.843750000000000444e-02
3.146299999999999791e-02,3.062500000000000291e-02
3.148600000000000010e-02,3.125000000000000000e-02
3.150899999999999535e-02,3.125000000000000000e-02
3.153199999999999753e-02,3.062500000000000291e-02
3.155499999999999972e-02,2.968750000000000208e-02
3.157799999999999496e-02,2.812500000000000416e-02
3.160099999999999715e-02,2.625000000000000250e-02
3.162399999999999933e-02,2.500000000000000139e-02
3.164700000000000152e-02,2.375000000000000375e-02
3.166999999999999676e-02,2.343750000000000347e-02
3.169299999999999895e-02,2.218750000000000236e-02
3.171600000000000114e-02,2.156250000000000527e-02
3.173899999999999638e-02,2.125000000000000500e-02
3.176199999999999857e-02,2.093750000000000472e-02
3.178500000000000075e-02,2.218750000000000236e-02
3.180799999999999600e-02,2.250000000000000264e-02
3.183099999999999818e-02,2.468750000000000111e-02
3.185400000000000037e-02,2.562500000000000194e-02
3.187699999999999562e-02,2.625000000000000250e-02
3.189999999999999780e-02,2.687500000000000305e-02
3.192299999999999999e-02,2.593750000000000222e-02
3.194599999999999523e-02,2.468750000000000111e-02
3.196899999999999742e-02,2.343750000000000347e-02
3.199199999999999960e-02,2.187500000000000555e-02
3.201500000000000179e-02,2.125000000000000500e-02
3.203799999999999704e-02,1.875000000000000278e-02
3.206099999999999922e-02,1.718750000000000139e-02
3.208400000000000141e-02,1.593750000000000375e-02
3.210699999999999665e-02,1.437500000000000236e-02
3.212999999999999884e-02,1.406250000000000208e-02
3.215300000000000102e-02,1.343750000000000153e-02
3.217599999999999627e-02,1.343750000000000153e-02
3.219899999999999846e-02,1.406250000000000208e-02
3.222200000000000064e-02,1.531250000000000319e-02
3.224499999999999589e-02,1.687500000000000458e-02
3.226799999999999807e-02,1.937500000000000333e-02
3.229100000000000026e-02,2.187500000000000555e-02
3.231399999999999550e-02,2.343750000000000347e-02
3.233699999999999769e-02,2.625000000000000250e-02
3.235999999999999988e-02,2.781250000000000389e-02
3.238299999999999512e-02,2.906250000000000500e-02
3.240599999999999731e-02,3.000000000000000236e-02
3.242899999999999949e-02,3.000000000000000236e-02
3.245200000000000168e-02,2.906250000000000500e-02
3.247499999999999692e-02,2.750000000000000361e-02
3.249799999999999911e-02,2.593750000000000222e-02
3.252100000000000130e-02,2.468750000000000111e-02
3.254399999999999654e-02,2.312500000000000319e-02
3.256699999999999873e-02,2.187500000000000555e-02
3.259000000000000091e-02,2.093750000000000472e-02
3.261299999999999616e-02,1.968750000000000361e-02
3.263599999999999834e-02,1.875000000000000278e-02
3.265900000000000053e-02,1.875000000000000278e-02
3.268199999999999578e-02,1.906250000000000305e-02
3.270499999999999796e-02,1.937500000000000333e-02
3.272800000000000015e-02,2.093750000000000472e-02
3.275099999999999539e-02,2.187500000000000555e-02
3.277399999999999758e-02,2.250000000000000264e-02
3.279699999999999976e-02,2.250000000000000264e-02
3.281999999999999501e-02,2.218750000000000236e-02
3.284299999999999720e-02,2.093750000000000472e-02
3.286599999999999938e-02,1.968750000000000361e-02
3.288900000000000157e-02,1.750000000000000167e-02
3.291199999999999681e-02,1.656250000000000430e-02
3.293499999999999900e-02,1.562500000000000347e-02
3.295800000000000118e-02,1.375000000000000180e-02
3.298099999999999643e-02,1.250000000000000416e-02
3.300399999999999862e-02,1.187500000000000361e-02
3.302700000000000080e-02,1.125000000000000305e-02
3.304999999999999605e-02,1.062500000000000250e-02
3.307299999999999823e-02,1.156250000000000333e-02
3.309600000000000042e-02,1.156250000000000333e-02
3.311899999999999566e-02,1.281250000000000444e-02
3.314199999999999785e-02,1.468750000000000264e-02
3.316500000000000004e-02,1.750000000000000167e-02
3.318799999999999528e-02,1.906250000000000305e-02
3.321099999999999747e-02,2.250000000000000264e-02
3.323399999999999965e-02,2.531250000000000167e-02
3.325700000000000184e-02,2.718750000000000333e-02
3.327999999999999708e-02,2.937500000000000527e-02
3.330299999999999927e-02,3.031250000000000264e-02
3.332600000000000146e-02,3.031250000000000264e-02
3.334899999999999670e-02,2.968750000000000208e-02
3.337199999999999889e-02,2.843750000000000444e-02
3.339500000000000107e-02,2.718750000000000333e-02
3.341799999999999632e-02,2.500000000000000139e-02
3.344099999999999850e-02,2.343750000000000347e-02
3.346400000000000069e-02,2.156250000000000527e-02
3.348699999999999594e-02,1.937500000000000333e-02
3.350999999999999812e-02,1.843750000000000250e-02
3.353300000000000031e-02,1.687500000000000458e-02
3.355599999999999555e-02,1.625000000000000402e-02
3.357899999999999774e-02,1.531250000000000319e-02
3.360199999999999992e-02,1.531250000000000319e-02
3.362499999999999517e-02,1.531250000000000319e-02
3.364799999999999736e-02,1.593750000000000375e-02
3.367099999999999954e-02,1.625000000000000402e-02
3.369400000000000173e-02,1.625000000000000402e-02
3.371699999999999697e-02,1.593750000000000375e-02
3.373999999999999916e-02,1.500000000000000291e-02
3.376300000000000134e-02,1.375000000000000180e-02
3.378599999999999659e-02,1.250000000000000416e-02
3.380899999999999878e-02,1.125000000000000305e-02
3.383200000000000096e-02,1.000000000000000194e-02
3.385499999999999621e-02,9.062500000000001110e-03
3.387799999999999839e-02,7.500000000000003192e-03
3.390100000000000058e-02,7.187500000000002914e-03
3.392399999999999582e-02,6.562500000000002359e-03
3.394699999999999801e-02,5.937500000000001804e-03
3.397000000000000020e-02,5.937500000000001804e-03
3.399299999999999544e-02,6.250000000000002082e-03
3.401599999999999763e-02,6.562500000000002359e-03
3.403899999999999981e-02,7.187500000000002914e-03
3.406199999999999506e-02,8.750000000000004302e-03
3.408499999999999724e-02,1.093750000000000278e-02
3.410799999999999943e-02,1.437500000000000236e-02
3.413100000000000162e-02,1.656250000000000430e-02
3.415399999999999686e-02,1.875000000000000278e-02
3.417699999999999905e-02,2.093750000000000472e-02
3.420000000000000123e-02,2.281250000000000291e-02
3.422299999999999648e-02,2.406250000000000056e-02
3.424599999999999866e-02,2.437500000000000083e-02
3.426900000000000085e-02,2.375000000000000375e-02
3.429199999999999610e-02,2.312500000000000319e-02
3.431499999999999828e-02,2.250000000000000264e-02
3.433800000000000047e-02,2.187500000000000555e-02
3.436099999999999571e-02,2.093750000000000472e-02
3.438399999999999790e-02,2.000000000000000389e-02
3.440700000000000008e-02,1.968750000000000361e-02
3.442999999999999533e-02,1.937500000000000333e-02
3.445299999999999752e-02,1.937500000000000333e-02
3.447599999999999970e-02,1.937500000000000333e-02
3.449899999999999495e-02,2.062500000000000444e-02
3.452199999999999713e-02,2.187500000000000555e-02
3.454499999999999932e-02,2.343750000000000347e-02
3.456800000000000150e-02,2.531250000000000167e-02
3.459099999999999675e-02,2.687500000000000305e-02
3.461399999999999894e-02,2.781250000000000389e-02
3.463700000000000112e-02,2.781250000000000389e-02
3.465999999999999637e-02,2.781250000000000389e-02
3.468299999999999855e-02,2.687500000000000305e-02
3.470600000000000074e-02,2.562500000000000194e-02
3.472899999999999598e-02,2.468750000000000111e-02
3.475199999999999817e-02,2.312500000000000319e-02
3.477500000000000036e-02,2.156250000000000527e-02
3.479799999999999560e-02,2.031250000000000416e-02
3.482099999999999779e-02,1.906250000000000305e-02
3.484399999999999997e-02,1.781250000000000194e-02
3.486699999999999522e-02,1.750000000000000167e-02
3.488999999999999740e-02,1.750000000000000167e-02
3.491299999999999959e-02,1.843750000000000250e-02
3.493600000000000178e-02,1.906250000000000305e-02
3.495899999999999702e-02,2.187500000000000555e-02
3.498199999999999921e-02,2.312500000000000319e-02
3.500500000000000139e-02,2.656250000000000278e-02
3.502799999999999664e-02,2.937500000000000527e-02
3.505099999999999882e-02,3.312500000000000167e-02
3.507400000000000101e-02,3.656250000000000472e-02
3.509699999999999626e-02,3.937500000000000722e-02
3.511999999999999844e-02,4.062500000000000139e-02
3.514300000000000063e-02,4.187500000000000250e-02
3.516599999999999587e-02,3.718750000000000527e-02
3.518899999999999806e-02,3.562500000000000389e-02
3.521200000000000024e-02,3.437500000000000278e-02
3.523499999999999549e-02,3.218750000000000083e-02
3.525799999999999768e-02,3.000000000000000236e-02
3.528099999999999986e-02,3.593750000000000416e-02
3.530399999999999511e-02,3.468750000000000305e-02
3.532699999999999729e-02,3.375000000000000222e-02
3.534999999999999948e-02,3.250000000000000111e-02
3.537300000000000166e-02,3.125000000000000000e-02
3.539599999999999691e-02,3.031250000000000264e-02
3.541899999999999910e-02,3.000000000000000236e-02
3.544200000000000128e-02,3.000000000000000236e-02
3.546499999999999653e-02,3.062500000000000291e-02
3.548799999999999871e-02,3.093750000000000319e-02
3.551100000000000090e-02,3.093750000000000319e-02
3.553399999999999614e-02,2.968750000000000208e-02
3.555699999999999833e-02,2.875000000000000472e-02
3.558000000000000052e-02,2.625000000000000250e-02
3.560299999999999576e-02,2.343750000000000347e-02
3.562599999999999795e-02,2.125000000000000500e-02
3.564900000000000013e-02,1.968750000000000361e-02
3.567199999999999538e-02,1.718750000000000139e-02
3.569499999999999756e-02,1.531250000000000319e-02
3.571799999999999975e-02,1.281250000000000444e-02
3.574099999999999500e-02,1.125000000000000305e-02
3.576399999999999718e-02,1.000000000000000194e-02
3.578699999999999937e-02,9.062500000000001110e-03
3.581000000000000155e-02,8.437500000000004025e-03
3.583299999999999680e-02,8.125000000000003747e-03
3.585599999999999898e-02,1.218750000000000389e-02
3.587900000000000117e-02,1.375000000000000180e-02
3.590199999999999642e-02,1.625000000000000402e-02
3.592499999999999860e-02,1.875000000000000278e-02
3.594800000000000079e-02,2.125000000000000500e-02
3.597099999999999603e-02,2.343750000000000347e-02
3.599399999999999822e-02,2.625000000000000250e-02
3.601700000000000040e-02,2.843750000000000444e-02
3.603999999999999565e-02,2.906250000000000500e-02
3.606299999999999784e-02,2.906250000000000500e-02
3.608600000000000002e-02,2.875000000000000472e-02
3.610899999999999527e-02,2.718750000000000333e-02
3.613199999999999745e-02,2.593750000000000222e-02
3.615499999999999964e-02,2.468750000000000111e-02
3.617800000000000182e-02,2.312500000000000319e-02
3.620099999999999707e-02,2.250000000000000264e-02
3.622399999999999926e-02,2.156250000000000527e-02
3.624700000000000144e-02,2.031250000000000416e-02
3.626999999999999669e-02,1.937500000000000333e-02
3.629299999999999887e-02,1.937500000000000333e-02
3.631600000000000106e-02,1.968750000000000361e-02
3.633899999999999630e-02,2.031250000000000416e-02
3.636199999999999849e-02,2.156250000000000527e-02
3.638500000000000068e-02,2.312500000000000319e-02
3.640799999999999592e-02,2.406250000000000056e-02
3.643099999999999811e-02,2.437500000000000083e-02
3.645400000000000029e-02,2.406250000000000056e-02
3.647699999999999554e-02,2.343750000000000347e-02
3.649999999999999772e-02,7.812500000000003469e-03
3.652299999999999991e-02,6.875000000000002637e-03
3.654599999999999516e-02,6.250000000000002082e-03
3.656899999999999734e-02,5.625000000000001527e-03
3.659199999999999953e-02,5.312500000000001249e-03
3.661500000000000171e-02,4.375000000000003886e-03
3.663799999999999696e-02,4.687500000000004163e-03
3.666099999999999914e-02,4.375000000000003886e-03
3.668400000000000133e-02,4.062500000000003608e-03
3.670699999999999658e-02,3.750000000000003331e-03
3.672999999999999876e-02,4.062500000000003608e-03
3.675300000000000095e-02,3.437500000000003053e-03
3.677599999999999619e-02,4.062500000000003608e-03
3.679899999999999838e-02,4.375000000000003886e-03
3.682200000000000056e-02,5.625000000000001527e-03
3.684499999999999581e-02,6.875000000000002637e-03
3.686799999999999800e-02,8.437500000000004025e-03
3.689100000000000018e-02,9.687500000000001665e-03
3.691399999999999543e-02,1.187500000000000361e-02
3.693699999999999761e-02,1.250000000000000416e-02
3.695999999999999980e-02,1.281250000000000444e-02
3.698299999999999504e-02,1.281250000000000444e-02
3.700599999999999723e-02,1.250000000000000416e-02
3.702899999999999942e-02,1.125000000000000305e-02
3.705200000000000160e-02,1.062500000000000250e-02
3.707499999999999685e-02,9.375000000000001388e-03
3.709799999999999903e-02,9.062500000000001110e-03
3.712100000000000122e-02,8.750000000000004302e-03
3.714399999999999646e-02,7.812500000000003469e-03
3.716699999999999865e-02,7.500000000000003192e-03
3.719000000000000083e-02,7.187500000000002914e-03
3.721299999999999608e-02,7.500000000000003192e-03
3.723599999999999827e-02,7.187500000000002914e-03
3.725900000000000045e-02,8.437500000000004025e-03
3.728199999999999570e-02,9.375000000000001388e-03
3.730499999999999788e-02,1.000000000000000194e-02
3.732800000000000007e-02,1.093750000000000278e-02
3.735099999999999532e-02,1.156250000000000333e-02
3.737399999999999750e-02,1.125000000000000305e-02
3.739699999999999969e-02,1.062500000000000250e-02
3.741999999999999493e-02,9.375000000000001388e-03
3.744299999999999712e-02,8.437500000000004025e-03
3.746599999999999930e-02,7.812500000000003469e-03
3.748900000000000149e-02,6.875000000000002637e-03
3.751199999999999674e-02,6.562500000000002359e-03
3.753499999999999892e-02,5.937500000000001804e-03
3.755800000000000111e-02,5.312500000000001249e-03
3.758099999999999635e-02,5.000000000000004441e-03
3.760399999999999854e-02,4.375000000000003886e-03
3.762700000000000072e-02,4.062500000000003608e-03
3.764999999999999597e-02,4.062500000000003608e-03
3.767299999999999816e-02,4.062500000000003608e-03
3.769600000000000034e-02,4.375000000000003886e-03
3.771899999999999559e-02,4.687500000000004163e-03
3.774199999999999777e-02,5.937500000000001804e-03
3.776499999999999996e-02,6.875000000000002637e-03
3.778799999999999520e-02,9.062500000000001110e-03
3.781099999999999739e-02,1.000000000000000194e-02
3.783399999999999958e-02,1.125000000000000305e-02
3.785700000000000176e-02,1.156250000000000333e-02
3.787999999999999701e-02,1.125000000000000305e-02
3.790299999999999919e-02,1.062500000000000250e-02
3.792600000000000138e-02,1.031250000000000222e-02
3.794899999999999662e-02,9.375000000000001388e-03
3.797199999999999881e-02,8.125000000000003747e-03
3.799500000000000099e-02,7.812500000000003469e-03
3.801799999999999624e-02,7.187500000000002914e-03
3.804099999999999843e-02,5.937500000000001804e-03
3.806400000000000061e-02,6.250000000000002082e-03
3.808699999999999586e-02,5.625000000000001527e-03
3.810999999999999804e-02,5.312500000000001249e-03
3.813300000000000023e-02,5.000000000000004441e-03
3.815599999999999548e-02,4.375000000000003886e-03
3.817899999999999766e-02,4.687500000000004163e-03
3.820199999999999985e-02,4.687500000000004163e-03
3.822499999999999509e-02,5.000000000000004441e-03
3.824799999999999728e-02,5.312500000000001249e-03
3.827099999999999946e-02,4.687500000000004163e-03
3.829400000000000165e-02,4.375000000000003886e-03
3.831699999999999690e-02,4.062500000000003608e-03
3.833999999999999908e-02,3.750000000000003331e-03
3.836300000000000127e-02,4.062500000000003608e-03
3.838599999999999651e-02,4.687500000000004163e-03
3.840899999999999870e-02,5.000000000000004441e-03
3.843200000000000088e-02,5.625000000000001527e-03
3.845499999999999613e-02,5.937500000000001804e-03
3.847799999999999832e-02,6.250000000000002082e-03
3.850100000000000050e-02,6.250000000000002082e-03
3.852399999999999575e-02,6.250000000000002082e-03
3.854699999999999793e-02,6.250000000000002082e-03
3.857000000000000012e-02,5.937500000000001804e-03
3.859299999999999536e-02,5.312500000000001249e-03
3.861599999999999755e-02,4.687500000000004163e-03
3.863899999999999973e-02,4.375000000000003886e-03
3.866199999999999498e-02,4.375000000000003886e-03
3.868499999999999717e-02,4.687500000000004163e-03
3.870799999999999935e-02,5.312500000000001249e-03
3.873100000000000154e-02,5.312500000000001249e-03
3.875399999999999678e-02,5.312500000000001249e-03
3.877699999999999897e-02,5.625000000000001527e-03
3.880000000000000115e-02,5.312500000000001249e-03
3.882299999999999640e-02,5.000000000000004441e-03
3.884599999999999859e-02,4.687500000000004163e-03
3.886900000000000077e-02,4.687500000000004163e-03
3.889199999999999602e-02,4.375000000000003886e-03
3.891499999999999820e-02,4.062500000000003608e-03
3.893800000000000039e-02,4.062500000000003608e-03
3.896099999999999564e-02,3.750000000000003331e-03
3.898399999999999782e-02,3.437500000000003053e-03
3.900700000000000001e-02,3.437500000000003053e-03
3.902999999999999525e-02,3.125000000000002776e-03
3.905299999999999744e-02,3.125000000000002776e-03
3.907599999999999962e-02,3.125000000000002776e-03
3.909900000000000181e-02,3.437500000000003053e-03
3.912199999999999706e-02,3.437500000000003053e-03
3.914499999999999924e-02,3.437500000000003053e-03
3.916800000000000143e-02,3.750000000000003331e-03
3.919099999999999667e-02,3.125000000000002776e-03
3.921399999999999886e-02,3.125000000000002776e-03
3.923700000000000104e-02,2.812500000000002498e-03
3.925999999999999629e-02,3.125000000000002776e-03
3.928299999999999847e-02,3.125000000000002776e-03
3.930600000000000066e-02,3.125000000000002776e-03
3.932899999999999591e-02,3.437500000000003053e-03
3.935199999999999809e-02,3.750000000000003331e-03
3.937500000000000028e-02,4.062500000000003608e-03
3.939799999999999552e-02,4.062500000000003608e-03
3.942099999999999771e-02,4.062500000000003608e-03
3.944399999999999989e-02,4.062500000000003608e-03
3.946699999999999514e-02,3.750000000000003331e-03
3.948999999999999733e-02,3.437500000000003053e-03
3.951299999999999951e-02,3.437500000000003053e-03
3.953600000000000170e-02,3.437500000000003053e-03
3.955899999999999694e-02,3.750000000000003331e-03
3.958199999999999913e-02,4.062500000000003608e-03
3.960500000000000131e-02,4.687500000000004163e-03
3.962799999999999656e-02,5.000000000000004441e-03
3.965099999999999875e-02,5.000000000000004441e-03
3.967400000000000093e-02,4.687500000000004163e-03
3.969699999999999618e-02,4.687500000000004163e-03
3.971999999999999836e-02,4.375000000000003886e-03
3.974300000000000055e-02,4.062500000000003608e-03
3.976599999999999580e-02,4.062500000000003608e-03
3.978899999999999798e-02,4.375000000000003886e-03
3.981200000000000017e-02,4.687500000000004163e-03
3.983499999999999541e-02,5.312500000000001249e-03
3.985799999999999760e-02,5.937500000000001804e-03
3.988099999999999978e-02,6.875000000000002637e-03
3.990399999999999503e-02,7.187500000000002914e-03
3.992699999999999722e-02,7.812500000000003469e-03
3.994999999999999940e-02,8.125000000000003747e-03
3.997300000000000159e-02,8.125000000000003747e-03
3.999599999999999683e-02,7.500000000000003192e-03
4.001899999999999902e-02,7.187500000000002914e-03
4.004200000000000120e-02,6.562500000000002359e-03
4.006499999999999645e-02,6.562500000000002359e-03
4.008799999999999863e-02,6.562500000000002359e-03
4.011100000000000082e-02,7.187500000000002914e-03
4.013399999999999607e-02,8.125000000000003747e-03
4.015699999999999825e-02,9.062500000000001110e-03
4.018000000000000044e-02,1.031250000000000222e-02
4.020299999999999568e-02,1.250000000000000416e-02
4.022599999999999787e-02,1.406250000000000208e-02
4.024900000000000005e-02,1.593750000000000375e-02
4.027199999999999530e-02,1.750000000000000167e-02
4.029499999999999749e-02,1.906250000000000305e-02
4.031799999999999967e-02,1.968750000000000361e-02
4.034099999999999492e-02,2.000000000000000389e-02
4.036399999999999710e-02,2.000000000000000389e-02
4.038699999999999929e-02,1.906250000000000305e-02
4.041000000000000147e-02,1.812500000000000222e-02
4.043299999999999672e-02,1.687500000000000458e-02
4.045599999999999891e-02,1.531250000000000319e-02
4.047900000000000109e-02,1.250000000000000416e-02
4.050199999999999634e-02,1.125000000000000305e-02
4.052499999999999852e-02,9.687500000000001665e-03
4.054800000000000071e-02,8.750000000000004302e-03
4.057099999999999596e-02,7.812500000000003469e-03
4.059399999999999814e-02,7.187500000000002914e-03
4.061700000000000033e-02,6.562500000000002359e-03
4.063999999999999557e-02,6.875000000000002637e-03
4.066299999999999776e-02,6.562500000000002359e-03
4.068599999999999994e-02,7.187500000000002914e-03
4.070899999999999519e-02,7.500000000000003192e-03
4.073199999999999737e-02,7.812500000000003469e-03
4.075499999999999956e-02,8.125000000000003747e-03
4.077800000000000175e-02,8.125000000000003747e-03
4.080099999999999699e-02,8.750000000000004302e-03
4.082399999999999918e-02,8.750000000000004302e-03
4.084700000000000136e-02,8.125000000000003747e-03
4.086999999999999661e-02,7.812500000000003469e-03
4.089299999999999879e-02,7.500000000000003192e-03
4.091600000000000098e-02,6.562500000000002359e-03
4.093899999999999623e-02,6.250000000000002082e-03
4.096199999999999841e-02,5.312500000000001249e-03
4.098500000000000060e-02,4.687500000000004163e-03
4.100799999999999584e-02,5.312500000000001249e-03
4.103099999999999803e-02,5.625000000000001527e-03
4.105400000000000021e-02,6.562500000000002359e-03
4.107699999999999546e-02,7.500000000000003192e-03
4.109999999999999765e-02,8.437500000000004025e-03
4.112299999999999983e-02,1.000000000000000194e-02
4.114599999999999508e-02,1.156250000000000333e-02
4.116899999999999726e-02,1.281250000000000444e-02
4.119199999999999945e-02,1.468750000000000264e-02
4.121500000000000163e-02,1.531250000000000319e-02
4.123799999999999688e-02,1.593750000000000375e-02
4.126099999999999907e-02,1.656250000000000430e-02
4.128400000000000125e-02,1.625000000000000402e-02
4.130699999999999650e-02,1.593750000000000375e-02
4.132999999999999868e-02,1.468750000000000264e-02
4.135300000000000087e-02,1.375000000000000180e-02
4.137599999999999612e-02,1.250000000000000416e-02
4.139899999999999830e-02,1.062500000000000250e-02
4.142200000000000049e-02,9.687500000000001665e-03
4.144499999999999573e-02,8.437500000000004025e-03
4.146799999999999792e-02,7.812500000000003469e-03
4.149100000000000010e-02,7.187500000000002914e-03
4.151399999999999535e-02,6.875000000000002637e-03
4.153699999999999753e-02,7.812500000000003469e-03
4.155999999999999972e-02,8.750000000000004302e-03
4.158299999999999497e-02,9.687500000000001665e-03
4.160599999999999715e-02,1.125000000000000305e-02
4.162899999999999934e-02,1.218750000000000389e-02
4.165200000000000152e-02,1.312500000000000125e-02
4.167499999999999677e-02,1.531250000000000319e-02
4.169799999999999895e-02,1.625000000000000402e-02
4.172100000000000114e-02,1.781250000000000194e-02
4.174399999999999639e-02,2.000000000000000389e-02
4.176699999999999857e-02,2.093750000000000472e-02
4.179000000000000076e-02,2.187500000000000555e-02
4.181299999999999600e-02,2.187500000000000555e-02
4.183599999999999819e-02,2.187500000000000555e-02
4.185900000000000037e-02,2.187500000000000555e-02
4.188199999999999562e-02,2.218750000000000236e-02
4.190499999999999781e-02,2.343750000000000347e-02
4.192799999999999999e-02,2.375000000000000375e-02
4.195099999999999524e-02,2.625000000000000250e-02
4.197399999999999742e-02,2.906250000000000500e-02
4.199699999999999961e-02,3.093750000000000319e-02
4.202000000000000179e-02,3.406250000000000250e-02
4.204299999999999704e-02,3.562500000000000389e-02
4.206599999999999923e-02,3.781250000000000583e-02
4.208900000000000141e-02,4.000000000000000083e-02
4.211199999999999666e-02,4.125000000000000194e-02
4.213499999999999884e-02,4.218750000000000278e-02
4.215800000000000103e-02,4.250000000000000305e-02
4.218099999999999627e-02,4.250000000000000305e-02
4.220399999999999846e-02,4.218750000000000278e-02
4.222700000000000065e-02,4.156250000000000222e-02
4.224999999999999589e-02,3.937500000000000722e-02
4.227299999999999808e-02,3.656250000000000472e-02
4.229600000000000026e-02,3.562500000000000389e-02
4.231899999999999551e-02,3.156250000000000028e-02
4.234199999999999769e-02,2.968750000000000208e-02
4.236499999999999988e-02,2.750000000000000361e-02
4.238799999999999513e-02,2.468750000000000111e-02
4.241099999999999731e-02,2.406250000000000056e-02
4.243399999999999950e-02,2.375000000000000375e-02
4.245700000000000168e-02,2.437500000000000083e-02
4.247999999999999693e-02,2.531250000000000167e-02
4.250299999999999911e-02,2.687500000000000305e-02
4.252600000000000130e-02,2.812500000000000416e-02
4.254899999999999655e-02,2.937500000000000527e-02
4.257199999999999873e-02,3.031250000000000264e-02
4.259500000000000092e-02,3.093750000000000319e-02
4.261799999999999616e-02,3.187500000000000056e-02
4.264099999999999835e-02,3.250000000000000111e-02
4.266400000000000053e-02,3.281250000000000139e-02
4.268699999999999578e-02,3.281250000000000139e-02
4.270999999999999797e-02,3.187500000000000056e-02
4.273300000000000015e-02,3.031250000000000264e-02
4.275599999999999540e-02,2.937500000000000527e-02
4.277899999999999758e-02,2.750000000000000361e-02
4.280199999999999977e-02,2.625000000000000250e-02
4.282499999999999502e-02,2.656250000000000278e-02
4.284799999999999720e-02,2.718750000000000333e-02
4.287099999999999939e-02,2.812500000000000416e-02
4.289400000000000157e-02,2.906250000000000500e-02
4.291699999999999682e-02,3.062500000000000291e-02
4.293999999999999900e-02,3.281250000000000139e-02
4.296300000000000119e-02,3.437500000000000278e-02
4.298599999999999643e-02,3.562500000000000389e-02
4.300899999999999862e-02,3.656250000000000472e-02
4.303200000000000081e-02,3.750000000000000555e-02
4.305499999999999605e-02,3.781250000000000583e-02
4.307799999999999824e-02,3.750000000000000555e-02
4.310100000000000042e-02,3.718750000000000527e-02
4.312399999999999567e-02,3.625000000000000444e-02
4.314699999999999785e-02,3.531250000000000361e-02
4.317000000000000004e-02,3.375000000000000222e-02
4.319299999999999529e-02,3.156250000000000028e-02
4.321599999999999747e-02,2.875000000000000472e-02
4.323899999999999966e-02,2.625000000000000250e-02
4.326200000000000184e-02,2.406250000000000056e-02
4.328499999999999709e-02,2.250000000000000264e-02
4.330799999999999927e-02,2.156250000000000527e-02
4.333100000000000146e-02,2.156250000000000527e-02
4.335399999999999671e-02,2.156250000000000527e-02
4.337699999999999889e-02,2.250000000000000264e-02
4.340000000000000108e-02,2.375000000000000375e-02
4.342299999999999632e-02,2.625000000000000250e-02
4.344599999999999851e-02,2.718750000000000333e-02
4.346900000000000069e-02,2.843750000000000444e-02
4.349199999999999594e-02,2.968750000000000208e-02
4.351499999999999813e-02,3.062500000000000291e-02
4.353800000000000031e-02,3.187500000000000056e-02
4.356099999999999556e-02,3.312500000000000167e-02
4.358399999999999774e-02,3.343750000000000194e-02
4.360699999999999993e-02,3.375000000000000222e-02
4.362999999999999517e-02,3.312500000000000167e-02
4.365299999999999736e-02,3.281250000000000139e-02
4.367599999999999955e-02,3.218750000000000083e-02
4.369900000000000173e-02,3.187500000000000056e-02
4.372199999999999698e-02,3.218750000000000083e-02
4.374499999999999916e-02,3.312500000000000167e-02
4.376800000000000135e-02,3.437500000000000278e-02
4.379099999999999659e-02,3.625000000000000444e-02
4.381399999999999878e-02,3.843750000000000638e-02
4.383700000000000097e-02,4.000000000000000083e-02
4.385999999999999621e-02,4.281250000000000333e-02
4.388299999999999840e-02,4.375000000000000416e-02
4.390600000000000058e-02,4.593750000000000611e-02
4.392899999999999583e-02,4.624999999999999944e-02
4.395199999999999801e-02,4.718750000000000722e-02
4.397500000000000020e-02,4.781250000000000777e-02
4.399799999999999545e-02,4.718750000000000722e-02
4.402099999999999763e-02,4.687500000000000000e-02
4.404399999999999982e-02,4.531250000000000555e-02
4.406699999999999506e-02,4.281250000000000333e-02
4.408999999999999725e-02,4.125000000000000194e-02
4.411299999999999943e-02,3.812500000000000611e-02
4.413600000000000162e-02,3.406250000000000250e-02
4.415899999999999687e-02,3.281250000000000139e-02
4.418199999999999905e-02,2.843750000000000444e-02
4.420500000000000124e-02,2.656250000000000278e-02
4.422799999999999648e-02,2.531250000000000167e-02
4.425099999999999867e-02,2.375000000000000375e-02
4.427400000000000085e-02,2.375000000000000375e-02
4.429699999999999610e-02,2.437500000000000083e-02
4.431999999999999829e-02,2.531250000000000167e-02
4.434300000000000047e-02,2.687500000000000305e-02
4.436599999999999572e-02,2.781250000000000389e-02
4.438899999999999790e-02,2.843750000000000444e-02
4.441200000000000009e-02,2.937500000000000527e-02
4.443499999999999533e-02,3.062500000000000291e-02
4.445799999999999752e-02,3.156250000000000028e-02
4.448099999999999971e-02,3.281250000000000139e-02
4.450399999999999495e-02,3.312500000000000167e-02
4.452699999999999714e-02,3.281250000000000139e-02
4.454999999999999932e-02,3.218750000000000083e-02
4.457300000000000151e-02,3.156250000000000028e-02
4.459599999999999675e-02,3.125000000000000000e-02
4.461899999999999894e-02,3.125000000000000000e-02
4.464200000000000113e-02,3.187500000000000056e-02
4.466499999999999637e-02,3.312500000000000167e-02
4.468799999999999856e-02,3.500000000000000333e-02
4.471100000000000074e-02,3.812500000000000611e-02
4.473399999999999599e-02,3.937500000000000722e-02
4.475699999999999817e-02,4.125000000000000194e-02
4.478000000000000036e-02,4.375000000000000416e-02
4.480299999999999561e-02,4.531250000000000555e-02
4.482599999999999779e-02,4.750000000000000056e-02
4.484899999999999998e-02,4.843750000000000139e-02
4.487199999999999522e-02,4.906250000000000194e-02
4.489499999999999741e-02,4.937500000000000222e-02
4.491799999999999959e-02,4.937500000000000222e-02
4.494100000000000178e-02,4.875000000000000167e-02
4.496399999999999703e-02,4.750000000000000056e-02
4.498699999999999921e-02,4.562500000000000583e-02
4.501000000000000140e-02,4.312500000000000361e-02
4.503299999999999664e-02,4.125000000000000194e-02
4.505599999999999883e-02,3.843750000000000638e-02
4.507900000000000101e-02,3.593750000000000416e-02
4.510199999999999626e-02,3.343750000000000194e-02
4.512499999999999845e-02,3.218750000000000083e-02
4.514800000000000063e-02,3.125000000000000000e-02
4.517099999999999588e-02,3.125000000000000000e-02
4.519399999999999806e-02,3.187500000000000056e-02
4.521700000000000025e-02,3.312500000000000167e-02
4.523999999999999549e-02,3.406250000000000250e-02
4.526299999999999768e-02,3.500000000000000333e-02
4.528599999999999987e-02,3.562500000000000389e-02
4.530899999999999511e-02,3.593750000000000416e-02
4.533199999999999730e-02,3.687500000000000500e-02
4.535499999999999948e-02,3.718750000000000527e-02
4.537800000000000167e-02,3.750000000000000555e-02
4.540099999999999691e-02,3.781250000000000583e-02
4.542399999999999910e-02,3.656250000000000472e-02
4.544700000000000129e-02,3.562500000000000389e-02
4.546999999999999653e-02,3.343750000000000194e-02
4.549299999999999872e-02,3.218750000000000083e-02
4.551600000000000090e-02,2.781250000000000389e-02
4.553899999999999615e-02,2.687500000000000305e-02
4.556199999999999833e-02,3.187500000000000056e-02
4.558500000000000052e-02,3.093750000000000319e-02
4.560799999999999577e-02,3.000000000000000236e-02
4.563099999999999795e-02,3.000000000000000236e-02
4.565400000000000014e-02,3.375000000000000222e-02
4.567699999999999538e-02,3.656250000000000472e-02
