PURE SILICA, ELECTRODE=TUNGSTEN, TIME=35, POLING_VOLTAGE=3700, WAVELENGTH=1.55e-06, EFFECTIVE_DISTANCE=3.1e-05, POLED_LENGTH=0.3, CORE_INDEX=1.45, POLE=MAX, AC_VOLTAGE=697.5, AC_FREQUENCY=2400, PIEZO_FREQUENCY=48.0
Time(s),Voltage(V)
-1.000000000000000048e-04,3.406250000000000250e-02
-8.950000000000000707e-05,3.343750000000000194e-02
-7.900000000000000934e-05,3.375000000000000222e-02
-6.850000000000001162e-05,3.312500000000000167e-02
-5.800000000000000712e-05,3.250000000000000111e-02
-4.750000000000000939e-05,3.156250000000000028e-02
-3.700000000000000489e-05,3.125000000000000000e-02
-2.650000000000000717e-05,3.000000000000000236e-02
-1.600000000000000944e-05,2.937500000000000527e-02
-5.500000000000011715e-06,2.812500000000000416e-02
4.999999999999986009e-06,2.687500000000000305e-02
1.549999999999998373e-05,2.593750000000000222e-02
2.599999999999999501e-05,2.500000000000000139e-02
3.649999999999997918e-05,2.531250000000000167e-02
4.699999999999999046e-05,2.687500000000000305e-02
5.749999999999997463e-05,2.843750000000000444e-02
6.799999999999998591e-05,2.875000000000000472e-02
7.849999999999999719e-05,2.781250000000000389e-02
8.899999999999998136e-05,2.625000000000000250e-02
9.949999999999999264e-05,2.593750000000000222e-02
1.099999999999999768e-04,2.562500000000000194e-02
1.204999999999999881e-04,2.593750000000000222e-02
1.309999999999999858e-04,2.687500000000000305e-02
1.414999999999999700e-04,2.843750000000000444e-02
1.520000000000000084e-04,2.906250000000000500e-02
1.624999999999999925e-04,2.843750000000000444e-02
1.729999999999999767e-04,2.656250000000000278e-02
1.835000000000000151e-04,2.531250000000000167e-02
1.939999999999999993e-04,2.593750000000000222e-02
2.044999999999999834e-04,2.625000000000000250e-02
2.149999999999999676e-04,2.812500000000000416e-02
2.255000000000000060e-04,2.843750000000000444e-02
2.359999999999999902e-04,2.875000000000000472e-02
2.464999999999999743e-04,2.843750000000000444e-02
2.570000000000000127e-04,2.875000000000000472e-02
2.674999999999999969e-04,2.906250000000000500e-02
2.779999999999999811e-04,3.031250000000000264e-02
2.884999999999999652e-04,3.062500000000000291e-02
2.990000000000000036e-04,3.187500000000000056e-02
3.094999999999999878e-04,3.218750000000000083e-02
3.199999999999999720e-04,3.125000000000000000e-02
3.305000000000000103e-04,3.093750000000000319e-02
3.409999999999999945e-04,3.125000000000000000e-02
3.514999999999999787e-04,3.125000000000000000e-02
3.619999999999999629e-04,3.125000000000000000e-02
3.725000000000000012e-04,3.031250000000000264e-02
3.829999999999999854e-04,2.937500000000000527e-02
3.935000000000000238e-04,2.843750000000000444e-02
4.040000000000000080e-04,2.843750000000000444e-02
4.144999999999999921e-04,2.843750000000000444e-02
4.249999999999999763e-04,2.750000000000000361e-02
4.354999999999999605e-04,2.500000000000000139e-02
4.459999999999999447e-04,2.406250000000000056e-02
4.564999999999999288e-04,2.312500000000000319e-02
4.670000000000000214e-04,2.187500000000000555e-02
4.775000000000000056e-04,2.125000000000000500e-02
4.879999999999999898e-04,2.093750000000000472e-02
4.984999999999999197e-04,2.093750000000000472e-02
5.089999999999999039e-04,2.093750000000000472e-02
5.194999999999998881e-04,2.125000000000000500e-02
5.299999999999998723e-04,2.156250000000000527e-02
5.404999999999999648e-04,2.125000000000000500e-02
5.509999999999999490e-04,2.187500000000000555e-02
5.614999999999999332e-04,2.250000000000000264e-02
5.719999999999999174e-04,2.406250000000000056e-02
5.824999999999999015e-04,2.468750000000000111e-02
5.929999999999998857e-04,2.562500000000000194e-02
6.034999999999998699e-04,2.593750000000000222e-02
6.139999999999999625e-04,2.625000000000000250e-02
6.244999999999999466e-04,2.687500000000000305e-02
6.349999999999999308e-04,2.781250000000000389e-02
6.454999999999999150e-04,2.812500000000000416e-02
6.559999999999998992e-04,2.843750000000000444e-02
6.664999999999998833e-04,2.843750000000000444e-02
6.769999999999998675e-04,2.937500000000000527e-02
6.874999999999999601e-04,2.968750000000000208e-02
6.979999999999999443e-04,2.968750000000000208e-02
7.084999999999999284e-04,3.000000000000000236e-02
7.189999999999999126e-04,3.031250000000000264e-02
7.294999999999998968e-04,3.031250000000000264e-02
7.399999999999998810e-04,3.000000000000000236e-02
7.504999999999998651e-04,2.968750000000000208e-02
7.609999999999999577e-04,2.937500000000000527e-02
7.714999999999999419e-04,2.875000000000000472e-02
7.819999999999999261e-04,2.843750000000000444e-02
7.924999999999999102e-04,2.781250000000000389e-02
8.029999999999998944e-04,2.718750000000000333e-02
8.134999999999998786e-04,2.687500000000000305e-02
8.239999999999998628e-04,2.562500000000000194e-02
8.344999999999999554e-04,2.500000000000000139e-02
8.449999999999999395e-04,2.375000000000000375e-02
8.554999999999999237e-04,2.312500000000000319e-02
8.659999999999999079e-04,2.156250000000000527e-02
8.764999999999998920e-04,2.031250000000000416e-02
8.869999999999999846e-04,2.000000000000000389e-02
8.974999999999998604e-04,1.812500000000000222e-02
9.079999999999999530e-04,1.750000000000000167e-02
9.184999999999998287e-04,1.718750000000000139e-02
9.289999999999999213e-04,1.718750000000000139e-02
9.394999999999997971e-04,1.687500000000000458e-02
9.499999999999998897e-04,1.718750000000000139e-02
9.604999999999999823e-04,1.750000000000000167e-02
9.709999999999998580e-04,1.750000000000000167e-02
9.814999999999999506e-04,1.812500000000000222e-02
9.919999999999998264e-04,1.906250000000000305e-02
1.002499999999999919e-03,2.031250000000000416e-02
1.012999999999999795e-03,2.125000000000000500e-02
1.023499999999999887e-03,2.281250000000000291e-02
1.033999999999999980e-03,2.375000000000000375e-02
1.044499999999999856e-03,2.468750000000000111e-02
1.054999999999999948e-03,2.656250000000000278e-02
1.065499999999999824e-03,2.687500000000000305e-02
1.075999999999999917e-03,2.812500000000000416e-02
1.086499999999999792e-03,2.906250000000000500e-02
1.096999999999999885e-03,2.937500000000000527e-02
1.107499999999999978e-03,3.031250000000000264e-02
1.117999999999999853e-03,3.093750000000000319e-02
1.128499999999999946e-03,3.125000000000000000e-02
1.138999999999999822e-03,3.125000000000000000e-02
1.149499999999999914e-03,3.062500000000000291e-02
1.159999999999999790e-03,2.968750000000000208e-02
1.170499999999999883e-03,2.906250000000000500e-02
1.180999999999999975e-03,2.843750000000000444e-02
1.191499999999999851e-03,2.812500000000000416e-02
1.201999999999999943e-03,2.718750000000000333e-02
1.212499999999999819e-03,2.562500000000000194e-02
1.222999999999999912e-03,2.468750000000000111e-02
1.233499999999999788e-03,2.375000000000000375e-02
1.243999999999999880e-03,2.312500000000000319e-02
1.254499999999999973e-03,2.250000000000000264e-02
1.264999999999999849e-03,2.125000000000000500e-02
1.275499999999999941e-03,2.062500000000000444e-02
1.285999999999999817e-03,1.968750000000000361e-02
1.296499999999999909e-03,1.875000000000000278e-02
1.306999999999999785e-03,1.843750000000000250e-02
1.317499999999999878e-03,1.781250000000000194e-02
1.327999999999999970e-03,1.750000000000000167e-02
1.338499999999999846e-03,1.687500000000000458e-02
1.348999999999999939e-03,1.656250000000000430e-02
1.359499999999999814e-03,1.625000000000000402e-02
1.369999999999999907e-03,1.625000000000000402e-02
1.380499999999999783e-03,1.656250000000000430e-02
1.390999999999999875e-03,1.625000000000000402e-02
1.401499999999999968e-03,1.687500000000000458e-02
1.411999999999999844e-03,1.750000000000000167e-02
1.422499999999999936e-03,1.781250000000000194e-02
1.432999999999999812e-03,1.843750000000000250e-02
1.443499999999999905e-03,1.937500000000000333e-02
1.453999999999999780e-03,2.062500000000000444e-02
1.464499999999999873e-03,2.156250000000000527e-02
1.474999999999999966e-03,2.218750000000000236e-02
1.485499999999999841e-03,2.312500000000000319e-02
1.495999999999999934e-03,2.406250000000000056e-02
1.506499999999999810e-03,2.468750000000000111e-02
1.516999999999999902e-03,2.468750000000000111e-02
1.527499999999999778e-03,2.500000000000000139e-02
1.537999999999999871e-03,2.562500000000000194e-02
1.548499999999999963e-03,2.562500000000000194e-02
1.558999999999999839e-03,2.593750000000000222e-02
1.569499999999999932e-03,2.531250000000000167e-02
1.579999999999999807e-03,2.531250000000000167e-02
1.590499999999999900e-03,2.468750000000000111e-02
1.600999999999999776e-03,2.406250000000000056e-02
1.611499999999999868e-03,2.312500000000000319e-02
1.621999999999999961e-03,2.187500000000000555e-02
1.632499999999999837e-03,2.156250000000000527e-02
1.642999999999999929e-03,2.062500000000000444e-02
1.653499999999999805e-03,1.906250000000000305e-02
1.663999999999999898e-03,1.750000000000000167e-02
1.674499999999999773e-03,1.718750000000000139e-02
1.684999999999999866e-03,1.625000000000000402e-02
1.695499999999999959e-03,1.500000000000000291e-02
1.705999999999999834e-03,1.437500000000000236e-02
1.716499999999999927e-03,1.312500000000000125e-02
1.726999999999999803e-03,1.281250000000000444e-02
1.737499999999999895e-03,1.187500000000000361e-02
1.747999999999999771e-03,1.093750000000000278e-02
1.758499999999999864e-03,1.062500000000000250e-02
1.768999999999999956e-03,1.031250000000000222e-02
1.779499999999999832e-03,1.031250000000000222e-02
1.789999999999999925e-03,1.031250000000000222e-02
1.800499999999999800e-03,1.000000000000000194e-02
1.810999999999999893e-03,1.031250000000000222e-02
1.821499999999999769e-03,1.062500000000000250e-02
1.831999999999999861e-03,1.125000000000000305e-02
1.842499999999999954e-03,1.156250000000000333e-02
1.852999999999999830e-03,1.281250000000000444e-02
1.863499999999999922e-03,1.312500000000000125e-02
1.874000000000000015e-03,1.437500000000000236e-02
1.884499999999999674e-03,1.500000000000000291e-02
1.894999999999999766e-03,1.562500000000000347e-02
1.905499999999999859e-03,1.656250000000000430e-02
1.915999999999999951e-03,1.687500000000000458e-02
1.926500000000000044e-03,1.718750000000000139e-02
1.936999999999999703e-03,1.718750000000000139e-02
1.947499999999999796e-03,1.750000000000000167e-02
1.958000000000000105e-03,1.781250000000000194e-02
1.968500000000000198e-03,1.781250000000000194e-02
1.978999999999999856e-03,1.750000000000000167e-02
1.989499999999999949e-03,1.718750000000000139e-02
2.000000000000000042e-03,1.687500000000000458e-02
2.010500000000000134e-03,1.656250000000000430e-02
2.021000000000000227e-03,1.593750000000000375e-02
2.031499999999999886e-03,1.500000000000000291e-02
2.041999999999999978e-03,1.406250000000000208e-02
2.052500000000000071e-03,1.312500000000000125e-02
2.063000000000000164e-03,1.250000000000000416e-02
2.073500000000000256e-03,1.156250000000000333e-02
2.083999999999999915e-03,1.093750000000000278e-02
2.094500000000000008e-03,1.031250000000000222e-02
2.105000000000000100e-03,9.375000000000001388e-03
2.115500000000000193e-03,9.375000000000001388e-03
2.125999999999999852e-03,8.750000000000004302e-03
2.136499999999999944e-03,8.437500000000004025e-03
2.147000000000000037e-03,8.125000000000003747e-03
2.157500000000000129e-03,7.812500000000003469e-03
2.168000000000000222e-03,7.187500000000002914e-03
2.178499999999999881e-03,6.562500000000002359e-03
2.188999999999999974e-03,6.250000000000002082e-03
2.199500000000000066e-03,5.937500000000001804e-03
2.210000000000000159e-03,5.937500000000001804e-03
2.220500000000000251e-03,5.937500000000001804e-03
2.230999999999999910e-03,5.625000000000001527e-03
2.241500000000000003e-03,5.312500000000001249e-03
2.252000000000000095e-03,5.937500000000001804e-03
2.262500000000000188e-03,5.937500000000001804e-03
2.272999999999999847e-03,6.250000000000002082e-03
2.283499999999999940e-03,6.250000000000002082e-03
2.294000000000000032e-03,6.562500000000002359e-03
2.304500000000000125e-03,7.187500000000002914e-03
2.315000000000000217e-03,7.500000000000003192e-03
2.325499999999999876e-03,8.125000000000003747e-03
2.335999999999999969e-03,8.125000000000003747e-03
2.346500000000000061e-03,8.437500000000004025e-03
2.357000000000000154e-03,8.750000000000004302e-03
2.367500000000000247e-03,8.750000000000004302e-03
2.377999999999999906e-03,8.437500000000004025e-03
2.388499999999999998e-03,8.437500000000004025e-03
2.399000000000000091e-03,8.437500000000004025e-03
2.409500000000000183e-03,8.125000000000003747e-03
2.419999999999999842e-03,7.812500000000003469e-03
2.430499999999999935e-03,7.500000000000003192e-03
2.441000000000000027e-03,7.187500000000002914e-03
2.451500000000000120e-03,6.875000000000002637e-03
2.462000000000000213e-03,6.562500000000002359e-03
2.472499999999999871e-03,6.250000000000002082e-03
2.482999999999999964e-03,5.937500000000001804e-03
2.493500000000000057e-03,5.625000000000001527e-03
2.504000000000000149e-03,5.312500000000001249e-03
2.514500000000000242e-03,5.312500000000001249e-03
2.524999999999999901e-03,5.312500000000001249e-03
2.535499999999999993e-03,5.000000000000004441e-03
2.546000000000000086e-03,4.687500000000004163e-03
2.556500000000000179e-03,5.000000000000004441e-03
2.566999999999999837e-03,4.687500000000004163e-03
2.577499999999999930e-03,4.687500000000004163e-03
2.588000000000000023e-03,4.687500000000004163e-03
2.598500000000000115e-03,4.375000000000003886e-03
2.609000000000000208e-03,4.375000000000003886e-03
2.619499999999999867e-03,4.375000000000003886e-03
2.629999999999999959e-03,4.062500000000003608e-03
2.640500000000000052e-03,4.375000000000003886e-03
2.651000000000000145e-03,4.062500000000003608e-03
2.661499999999999803e-03,4.062500000000003608e-03
2.671999999999999896e-03,3.750000000000003331e-03
2.682499999999999989e-03,4.062500000000003608e-03
2.693000000000000081e-03,4.375000000000003886e-03
2.703500000000000174e-03,4.375000000000003886e-03
2.713999999999999833e-03,4.687500000000004163e-03
2.724499999999999925e-03,5.000000000000004441e-03
2.735000000000000018e-03,5.312500000000001249e-03
2.745500000000000110e-03,5.625000000000001527e-03
2.756000000000000203e-03,5.625000000000001527e-03
2.766499999999999862e-03,5.937500000000001804e-03
2.776999999999999955e-03,6.250000000000002082e-03
2.787500000000000047e-03,6.562500000000002359e-03
2.798000000000000140e-03,6.250000000000002082e-03
2.808499999999999799e-03,6.250000000000002082e-03
2.818999999999999891e-03,5.937500000000001804e-03
2.829499999999999984e-03,5.937500000000001804e-03
2.840000000000000076e-03,5.937500000000001804e-03
2.850500000000000169e-03,5.625000000000001527e-03
2.860999999999999828e-03,5.312500000000001249e-03
2.871499999999999921e-03,5.312500000000001249e-03
2.882000000000000013e-03,4.687500000000004163e-03
2.892500000000000106e-03,4.687500000000004163e-03
2.903000000000000198e-03,4.375000000000003886e-03
2.913499999999999857e-03,4.375000000000003886e-03
2.923999999999999950e-03,4.062500000000003608e-03
2.934500000000000042e-03,4.062500000000003608e-03
2.945000000000000135e-03,4.375000000000003886e-03
2.955499999999999794e-03,4.062500000000003608e-03
2.965999999999999887e-03,4.062500000000003608e-03
2.976499999999999979e-03,4.062500000000003608e-03
2.987000000000000072e-03,4.062500000000003608e-03
2.997500000000000164e-03,4.062500000000003608e-03
3.007999999999999823e-03,4.062500000000003608e-03
3.018499999999999916e-03,3.750000000000003331e-03
3.029000000000000008e-03,3.437500000000003053e-03
3.039500000000000101e-03,3.750000000000003331e-03
3.050000000000000194e-03,3.437500000000003053e-03
3.060499999999999853e-03,3.125000000000002776e-03
3.070999999999999945e-03,3.437500000000003053e-03
3.081500000000000038e-03,3.750000000000003331e-03
3.092000000000000130e-03,3.750000000000003331e-03
3.102499999999999789e-03,3.750000000000003331e-03
3.112999999999999882e-03,5.000000000000004441e-03
3.123499999999999974e-03,5.000000000000004441e-03
3.134000000000000067e-03,5.625000000000001527e-03
3.144500000000000160e-03,5.625000000000001527e-03
3.154999999999999818e-03,6.562500000000002359e-03
3.165499999999999911e-03,6.875000000000002637e-03
3.176000000000000004e-03,7.500000000000003192e-03
3.186500000000000096e-03,7.500000000000003192e-03
3.197000000000000189e-03,8.125000000000003747e-03
3.207499999999999848e-03,7.500000000000003192e-03
3.217999999999999940e-03,7.812500000000003469e-03
3.228500000000000033e-03,7.812500000000003469e-03
3.239000000000000126e-03,7.500000000000003192e-03
3.249499999999999784e-03,7.500000000000003192e-03
3.259999999999999877e-03,6.875000000000002637e-03
3.270499999999999970e-03,6.562500000000002359e-03
3.281000000000000062e-03,6.250000000000002082e-03
3.291500000000000155e-03,5.937500000000001804e-03
3.301999999999999814e-03,5.625000000000001527e-03
3.312499999999999906e-03,5.312500000000001249e-03
3.322999999999999999e-03,5.312500000000001249e-03
3.333500000000000092e-03,5.312500000000001249e-03
3.344000000000000184e-03,5.000000000000004441e-03
3.354499999999999843e-03,4.687500000000004163e-03
3.364999999999999936e-03,5.000000000000004441e-03
3.375500000000000028e-03,4.687500000000004163e-03
3.386000000000000121e-03,5.000000000000004441e-03
3.396499999999999780e-03,5.000000000000004441e-03
3.406999999999999872e-03,4.687500000000004163e-03
3.417499999999999965e-03,4.687500000000004163e-03
3.428000000000000057e-03,4.687500000000004163e-03
3.438500000000000150e-03,4.375000000000003886e-03
3.448999999999999809e-03,4.375000000000003886e-03
3.459499999999999902e-03,4.062500000000003608e-03
3.469999999999999994e-03,4.062500000000003608e-03
3.480500000000000087e-03,3.750000000000003331e-03
3.491000000000000179e-03,4.062500000000003608e-03
3.501499999999999838e-03,3.750000000000003331e-03
3.511999999999999931e-03,3.750000000000003331e-03
3.522500000000000023e-03,3.750000000000003331e-03
3.533000000000000116e-03,4.062500000000003608e-03
3.543499999999999775e-03,4.062500000000003608e-03
3.553999999999999868e-03,4.375000000000003886e-03
3.564499999999999960e-03,4.687500000000004163e-03
3.575000000000000053e-03,4.375000000000003886e-03
3.585500000000000145e-03,4.687500000000004163e-03
3.595999999999999804e-03,5.000000000000004441e-03
3.606499999999999897e-03,5.312500000000001249e-03
3.616999999999999989e-03,4.687500000000004163e-03
3.627500000000000082e-03,5.000000000000004441e-03
3.638000000000000175e-03,4.687500000000004163e-03
3.648499999999999834e-03,4.687500000000004163e-03
3.658999999999999926e-03,4.375000000000003886e-03
3.669500000000000019e-03,4.375000000000003886e-03
3.680000000000000111e-03,4.375000000000003886e-03
3.690499999999999770e-03,4.062500000000003608e-03
3.700999999999999863e-03,3.750000000000003331e-03
3.711499999999999955e-03,3.750000000000003331e-03
3.722000000000000048e-03,4.062500000000003608e-03
3.732500000000000141e-03,4.062500000000003608e-03
3.742999999999999799e-03,4.375000000000003886e-03
3.753499999999999892e-03,4.375000000000003886e-03
3.763999999999999985e-03,5.000000000000004441e-03
3.774500000000000077e-03,5.625000000000001527e-03
3.785000000000000170e-03,5.625000000000001527e-03
3.795499999999999829e-03,6.250000000000002082e-03
3.805999999999999921e-03,6.562500000000002359e-03
3.816500000000000014e-03,6.875000000000002637e-03
3.827000000000000107e-03,6.875000000000002637e-03
3.837500000000000199e-03,6.875000000000002637e-03
3.848000000000000292e-03,6.875000000000002637e-03
3.858500000000000384e-03,6.562500000000002359e-03
3.868999999999999610e-03,6.562500000000002359e-03
3.879499999999999702e-03,6.250000000000002082e-03
3.889999999999999795e-03,5.937500000000001804e-03
3.900499999999999887e-03,5.625000000000001527e-03
3.910999999999999546e-03,5.625000000000001527e-03
3.921499999999999639e-03,5.312500000000001249e-03
3.931999999999999731e-03,5.000000000000004441e-03
3.942499999999999824e-03,4.687500000000004163e-03
3.952999999999999917e-03,4.687500000000004163e-03
3.963499999999999142e-03,4.375000000000003886e-03
3.973999999999999234e-03,4.687500000000004163e-03
3.984499999999999327e-03,4.375000000000003886e-03
3.994999999999999420e-03,4.062500000000003608e-03
4.005499999999999512e-03,3.750000000000003331e-03
4.015999999999999605e-03,4.062500000000003608e-03
4.026499999999999697e-03,3.750000000000003331e-03
4.036999999999999790e-03,3.437500000000003053e-03
4.047499999999999883e-03,3.437500000000003053e-03
4.057999999999999108e-03,3.437500000000003053e-03
4.068499999999999200e-03,3.750000000000003331e-03
4.078999999999999293e-03,3.437500000000003053e-03
4.089499999999999386e-03,3.125000000000002776e-03
4.099999999999999478e-03,3.125000000000002776e-03
4.110499999999999571e-03,3.437500000000003053e-03
4.120999999999999663e-03,3.750000000000003331e-03
4.131499999999999756e-03,4.062500000000003608e-03
4.141999999999999849e-03,5.000000000000004441e-03
4.152499999999999074e-03,5.312500000000001249e-03
4.162999999999999166e-03,6.250000000000002082e-03
4.173499999999999259e-03,6.875000000000002637e-03
4.183999999999999352e-03,8.125000000000003747e-03
4.194499999999999444e-03,9.375000000000001388e-03
4.204999999999999537e-03,1.031250000000000222e-02
4.215499999999999629e-03,1.062500000000000250e-02
4.225999999999999722e-03,1.187500000000000361e-02
4.236499999999999815e-03,1.250000000000000416e-02
4.246999999999999907e-03,1.281250000000000444e-02
4.257499999999999132e-03,1.343750000000000153e-02
4.267999999999999225e-03,1.375000000000000180e-02
4.278499999999999318e-03,1.375000000000000180e-02
4.288999999999999410e-03,1.343750000000000153e-02
4.299499999999999503e-03,1.343750000000000153e-02
4.309999999999999595e-03,1.281250000000000444e-02
4.320499999999999688e-03,1.187500000000000361e-02
4.330999999999999781e-03,1.187500000000000361e-02
4.341499999999999873e-03,1.125000000000000305e-02
4.351999999999999098e-03,1.031250000000000222e-02
4.362499999999999191e-03,1.000000000000000194e-02
4.372999999999999284e-03,9.687500000000001665e-03
4.383499999999999376e-03,9.062500000000001110e-03
4.393999999999999469e-03,8.437500000000004025e-03
4.404499999999999561e-03,7.500000000000003192e-03
4.414999999999999654e-03,7.500000000000003192e-03
4.425499999999999746e-03,6.875000000000002637e-03
4.435999999999999839e-03,6.875000000000002637e-03
4.446499999999999064e-03,6.250000000000002082e-03
4.456999999999999157e-03,5.937500000000001804e-03
4.467499999999999249e-03,5.625000000000001527e-03
4.477999999999999342e-03,5.625000000000001527e-03
4.488499999999999435e-03,5.937500000000001804e-03
4.498999999999999527e-03,5.937500000000001804e-03
4.509499999999999620e-03,6.250000000000002082e-03
4.519999999999999712e-03,6.250000000000002082e-03
4.530499999999999805e-03,6.562500000000002359e-03
4.540999999999999898e-03,7.187500000000002914e-03
4.551499999999999123e-03,7.812500000000003469e-03
4.561999999999999215e-03,8.750000000000004302e-03
4.572499999999999308e-03,9.375000000000001388e-03
4.582999999999999401e-03,1.062500000000000250e-02
4.593499999999999493e-03,1.125000000000000305e-02
4.603999999999999586e-03,1.312500000000000125e-02
4.614499999999999678e-03,1.375000000000000180e-02
4.624999999999999771e-03,1.531250000000000319e-02
4.635499999999999864e-03,1.625000000000000402e-02
4.645999999999999089e-03,1.781250000000000194e-02
4.656499999999999181e-03,1.812500000000000222e-02
4.666999999999999274e-03,1.875000000000000278e-02
4.677499999999999367e-03,1.906250000000000305e-02
4.687999999999999459e-03,1.968750000000000361e-02
4.698499999999999552e-03,1.968750000000000361e-02
4.708999999999999644e-03,1.937500000000000333e-02
4.719499999999999737e-03,1.906250000000000305e-02
4.729999999999999830e-03,1.843750000000000250e-02
4.740499999999999055e-03,1.781250000000000194e-02
4.750999999999999147e-03,1.750000000000000167e-02
4.761499999999999240e-03,1.687500000000000458e-02
4.771999999999999333e-03,1.531250000000000319e-02
4.782499999999999425e-03,1.437500000000000236e-02
4.792999999999999518e-03,1.406250000000000208e-02
4.803499999999999610e-03,1.250000000000000416e-02
4.813999999999999703e-03,1.250000000000000416e-02
4.824499999999999796e-03,1.187500000000000361e-02
4.834999999999999888e-03,1.093750000000000278e-02
4.845499999999999113e-03,1.031250000000000222e-02
4.855999999999999206e-03,9.687500000000001665e-03
4.866499999999999299e-03,9.375000000000001388e-03
4.876999999999999391e-03,8.750000000000004302e-03
4.887499999999999484e-03,8.750000000000004302e-03
4.897999999999999576e-03,8.750000000000004302e-03
4.908499999999999669e-03,8.750000000000004302e-03
4.918999999999999762e-03,9.062500000000001110e-03
4.929499999999999854e-03,9.375000000000001388e-03
4.939999999999999079e-03,1.000000000000000194e-02
4.950499999999999172e-03,1.062500000000000250e-02
4.960999999999999265e-03,1.156250000000000333e-02
4.971499999999999357e-03,1.250000000000000416e-02
4.981999999999999450e-03,1.343750000000000153e-02
4.992499999999999542e-03,1.406250000000000208e-02
5.002999999999999635e-03,1.531250000000000319e-02
5.013499999999999727e-03,1.656250000000000430e-02
5.023999999999999820e-03,1.812500000000000222e-02
5.034499999999999045e-03,1.906250000000000305e-02
5.044999999999999138e-03,2.062500000000000444e-02
5.055499999999999231e-03,2.125000000000000500e-02
5.065999999999999323e-03,2.250000000000000264e-02
5.076499999999999416e-03,2.375000000000000375e-02
5.086999999999999508e-03,2.468750000000000111e-02
5.097499999999999601e-03,2.500000000000000139e-02
5.107999999999999693e-03,2.531250000000000167e-02
5.118499999999999786e-03,2.593750000000000222e-02
5.128999999999999879e-03,2.593750000000000222e-02
5.139499999999999104e-03,2.593750000000000222e-02
5.149999999999999196e-03,2.562500000000000194e-02
5.160499999999999289e-03,2.531250000000000167e-02
5.170999999999999382e-03,2.375000000000000375e-02
5.181499999999999474e-03,2.343750000000000347e-02
5.191999999999999567e-03,2.250000000000000264e-02
5.202499999999999659e-03,2.156250000000000527e-02
5.212999999999999752e-03,2.093750000000000472e-02
5.223499999999999845e-03,2.031250000000000416e-02
5.233999999999999070e-03,1.906250000000000305e-02
5.244499999999999162e-03,1.875000000000000278e-02
5.254999999999999255e-03,1.781250000000000194e-02
5.265499999999999348e-03,1.781250000000000194e-02
5.275999999999999440e-03,1.750000000000000167e-02
5.286499999999999533e-03,1.750000000000000167e-02
5.296999999999999625e-03,1.718750000000000139e-02
5.307499999999999718e-03,1.687500000000000458e-02
5.317999999999999811e-03,1.750000000000000167e-02
5.328499999999999036e-03,1.750000000000000167e-02
5.338999999999999128e-03,1.781250000000000194e-02
5.349499999999999221e-03,1.875000000000000278e-02
5.359999999999999314e-03,1.968750000000000361e-02
5.370499999999999406e-03,2.031250000000000416e-02
5.380999999999999499e-03,2.125000000000000500e-02
5.391499999999999591e-03,2.250000000000000264e-02
5.401999999999999684e-03,2.406250000000000056e-02
5.412499999999999777e-03,2.531250000000000167e-02
5.422999999999999002e-03,2.656250000000000278e-02
5.433499999999999094e-03,2.781250000000000389e-02
5.443999999999999187e-03,2.843750000000000444e-02
5.454499999999999280e-03,2.968750000000000208e-02
5.464999999999999372e-03,3.125000000000000000e-02
5.475499999999999465e-03,3.218750000000000083e-02
5.485999999999999557e-03,3.312500000000000167e-02
5.496499999999999650e-03,3.437500000000000278e-02
5.506999999999999743e-03,3.500000000000000333e-02
5.517499999999999835e-03,3.531250000000000361e-02
5.527999999999999060e-03,3.562500000000000389e-02
5.538499999999999153e-03,3.562500000000000389e-02
5.548999999999999246e-03,3.562500000000000389e-02
5.559499999999999338e-03,3.500000000000000333e-02
5.569999999999999431e-03,3.468750000000000305e-02
5.580499999999999523e-03,3.375000000000000222e-02
5.590999999999999616e-03,3.281250000000000139e-02
5.601499999999999709e-03,3.218750000000000083e-02
5.611999999999999801e-03,3.062500000000000291e-02
5.622499999999999026e-03,3.000000000000000236e-02
5.632999999999999119e-03,2.875000000000000472e-02
5.643499999999999212e-03,2.781250000000000389e-02
5.653999999999999304e-03,2.656250000000000278e-02
5.664499999999999397e-03,2.562500000000000194e-02
5.674999999999999489e-03,2.406250000000000056e-02
5.685499999999999582e-03,2.343750000000000347e-02
5.695999999999999674e-03,2.281250000000000291e-02
5.706499999999999767e-03,2.250000000000000264e-02
5.716999999999998992e-03,2.218750000000000236e-02
5.727499999999999085e-03,2.187500000000000555e-02
5.737999999999999177e-03,2.187500000000000555e-02
5.748499999999999270e-03,2.187500000000000555e-02
5.758999999999999363e-03,2.218750000000000236e-02
5.769499999999999455e-03,2.250000000000000264e-02
5.779999999999999548e-03,2.187500000000000555e-02
5.790499999999999640e-03,2.281250000000000291e-02
5.800999999999999733e-03,2.406250000000000056e-02
5.811499999999999826e-03,2.468750000000000111e-02
5.821999999999999051e-03,2.593750000000000222e-02
5.832499999999999143e-03,2.718750000000000333e-02
5.842999999999999236e-03,2.812500000000000416e-02
5.853499999999999329e-03,2.937500000000000527e-02
5.863999999999999421e-03,3.062500000000000291e-02
5.874499999999999514e-03,3.156250000000000028e-02
5.884999999999999606e-03,3.281250000000000139e-02
5.895499999999999699e-03,3.375000000000000222e-02
5.905999999999999792e-03,3.500000000000000333e-02
5.916499999999999017e-03,3.562500000000000389e-02
5.926999999999999109e-03,3.625000000000000444e-02
5.937499999999999202e-03,3.656250000000000472e-02
5.947999999999999295e-03,3.750000000000000555e-02
5.958499999999999387e-03,3.750000000000000555e-02
5.968999999999999480e-03,3.750000000000000555e-02
5.979499999999999572e-03,3.750000000000000555e-02
5.989999999999999665e-03,3.718750000000000527e-02
6.000499999999999758e-03,3.687500000000000500e-02
6.010999999999998983e-03,3.593750000000000416e-02
6.021499999999999075e-03,3.593750000000000416e-02
6.031999999999999168e-03,3.500000000000000333e-02
6.042499999999999261e-03,3.406250000000000250e-02
6.052999999999999353e-03,3.312500000000000167e-02
6.063499999999999446e-03,3.218750000000000083e-02
6.073999999999999538e-03,3.187500000000000056e-02
6.084499999999999631e-03,3.125000000000000000e-02
6.094999999999999724e-03,3.125000000000000000e-02
6.105499999999999816e-03,3.031250000000000264e-02
6.115999999999999041e-03,3.000000000000000236e-02
6.126499999999999134e-03,3.031250000000000264e-02
6.136999999999999227e-03,3.031250000000000264e-02
6.147499999999999319e-03,3.062500000000000291e-02
6.157999999999999412e-03,3.093750000000000319e-02
6.168499999999999504e-03,3.156250000000000028e-02
6.178999999999999597e-03,3.218750000000000083e-02
6.189499999999999690e-03,3.281250000000000139e-02
6.199999999999999782e-03,3.375000000000000222e-02
6.210499999999999007e-03,3.406250000000000250e-02
6.220999999999999100e-03,3.500000000000000333e-02
6.231499999999999193e-03,3.562500000000000389e-02
6.241999999999999285e-03,3.625000000000000444e-02
6.252499999999999378e-03,3.718750000000000527e-02
6.262999999999999470e-03,3.781250000000000583e-02
6.273499999999999563e-03,3.906250000000000000e-02
6.283999999999999655e-03,3.968750000000000056e-02
6.294499999999999748e-03,4.031250000000000111e-02
6.304999999999998973e-03,4.093750000000000167e-02
6.315499999999999066e-03,4.187500000000000250e-02
6.325999999999999159e-03,4.218750000000000278e-02
6.336499999999999251e-03,4.281250000000000333e-02
6.346999999999999344e-03,4.343750000000000389e-02
6.357499999999999436e-03,4.406250000000000444e-02
6.367999999999999529e-03,4.406250000000000444e-02
6.378499999999999621e-03,4.406250000000000444e-02
6.388999999999999714e-03,4.437500000000000472e-02
6.399499999999999807e-03,4.437500000000000472e-02
6.409999999999999032e-03,4.437500000000000472e-02
6.420499999999999124e-03,4.406250000000000444e-02
6.430999999999999217e-03,4.343750000000000389e-02
6.441499999999999310e-03,4.281250000000000333e-02
6.451999999999999402e-03,4.281250000000000333e-02
6.462499999999999495e-03,4.187500000000000250e-02
6.472999999999999587e-03,4.093750000000000167e-02
6.483499999999999680e-03,4.031250000000000111e-02
6.493999999999999773e-03,4.000000000000000083e-02
6.504499999999998998e-03,3.968750000000000056e-02
6.514999999999999090e-03,3.906250000000000000e-02
6.525499999999999183e-03,3.875000000000000666e-02
6.535999999999999276e-03,3.843750000000000638e-02
6.546499999999999368e-03,3.843750000000000638e-02
6.556999999999999461e-03,3.843750000000000638e-02
6.567499999999999553e-03,3.875000000000000666e-02
6.577999999999999646e-03,3.906250000000000000e-02
6.588499999999999739e-03,3.906250000000000000e-02
6.598999999999998964e-03,3.937500000000000722e-02
6.609499999999999056e-03,3.968750000000000056e-02
6.619999999999999149e-03,4.000000000000000083e-02
6.630499999999999242e-03,4.062500000000000139e-02
6.640999999999999334e-03,4.093750000000000167e-02
6.651499999999999427e-03,4.125000000000000194e-02
6.661999999999999519e-03,4.187500000000000250e-02
6.672499999999999612e-03,4.218750000000000278e-02
6.682999999999999705e-03,4.250000000000000305e-02
6.693499999999998930e-03,4.281250000000000333e-02
6.703999999999999022e-03,4.281250000000000333e-02
6.714499999999999115e-03,4.312500000000000361e-02
6.724999999999999208e-03,4.312500000000000361e-02
6.735499999999999300e-03,4.375000000000000416e-02
6.745999999999999393e-03,4.437500000000000472e-02
6.756499999999999485e-03,4.437500000000000472e-02
6.766999999999999578e-03,4.468750000000000500e-02
6.777499999999999671e-03,4.500000000000000527e-02
6.787999999999999763e-03,4.500000000000000527e-02
6.798499999999998988e-03,4.500000000000000527e-02
6.808999999999999081e-03,4.531250000000000555e-02
6.819499999999999174e-03,4.468750000000000500e-02
6.829999999999999266e-03,4.406250000000000444e-02
6.840499999999999359e-03,4.406250000000000444e-02
6.850999999999999451e-03,4.343750000000000389e-02
6.861499999999999544e-03,4.281250000000000333e-02
6.871999999999999637e-03,4.187500000000000250e-02
6.882499999999999729e-03,4.125000000000000194e-02
6.892999999999998954e-03,4.031250000000000111e-02
6.903499999999999047e-03,4.000000000000000083e-02
6.913999999999999140e-03,3.937500000000000722e-02
6.924499999999999232e-03,3.875000000000000666e-02
6.934999999999999325e-03,3.812500000000000611e-02
6.945499999999999417e-03,3.781250000000000583e-02
6.955999999999999510e-03,3.781250000000000583e-02
6.966499999999999602e-03,3.750000000000000555e-02
6.976999999999999695e-03,3.718750000000000527e-02
6.987499999999998920e-03,3.750000000000000555e-02
6.997999999999999013e-03,3.781250000000000583e-02
7.008499999999999105e-03,3.812500000000000611e-02
7.018999999999999198e-03,3.812500000000000611e-02
7.029499999999999291e-03,3.843750000000000638e-02
7.039999999999999383e-03,3.906250000000000000e-02
7.050499999999999476e-03,3.937500000000000722e-02
7.060999999999999568e-03,4.000000000000000083e-02
7.071499999999999661e-03,4.062500000000000139e-02
7.081999999999999754e-03,4.062500000000000139e-02
7.092499999999998979e-03,4.125000000000000194e-02
7.102999999999999071e-03,4.187500000000000250e-02
7.113499999999999164e-03,4.218750000000000278e-02
7.123999999999999257e-03,4.281250000000000333e-02
7.134499999999999349e-03,4.312500000000000361e-02
7.144999999999999442e-03,4.406250000000000444e-02
7.155499999999999534e-03,4.406250000000000444e-02
7.165999999999999627e-03,4.468750000000000500e-02
7.176499999999999720e-03,4.500000000000000527e-02
7.186999999999998945e-03,4.531250000000000555e-02
7.197499999999999037e-03,4.531250000000000555e-02
7.207999999999999130e-03,4.562500000000000583e-02
7.218499999999999223e-03,4.531250000000000555e-02
7.228999999999999315e-03,4.562500000000000583e-02
7.239499999999999408e-03,4.531250000000000555e-02
7.249999999999999500e-03,4.500000000000000527e-02
7.260499999999999593e-03,4.468750000000000500e-02
7.270999999999999686e-03,4.406250000000000444e-02
7.281499999999998911e-03,4.312500000000000361e-02
7.291999999999999003e-03,4.312500000000000361e-02
7.302499999999999096e-03,4.187500000000000250e-02
7.312999999999999189e-03,4.156250000000000222e-02
7.323499999999999281e-03,4.062500000000000139e-02
7.333999999999999374e-03,4.062500000000000139e-02
7.344499999999999466e-03,3.937500000000000722e-02
7.354999999999999559e-03,3.937500000000000722e-02
7.365499999999999652e-03,3.937500000000000722e-02
7.375999999999999744e-03,3.906250000000000000e-02
7.386499999999998969e-03,3.875000000000000666e-02
7.396999999999999062e-03,3.906250000000000000e-02
7.407499999999999155e-03,3.906250000000000000e-02
7.417999999999999247e-03,3.937500000000000722e-02
7.428499999999999340e-03,3.968750000000000056e-02
7.438999999999999432e-03,4.062500000000000139e-02
7.449499999999999525e-03,4.062500000000000139e-02
7.459999999999999618e-03,4.125000000000000194e-02
7.470499999999999710e-03,4.156250000000000222e-02
7.480999999999998935e-03,4.218750000000000278e-02
7.491499999999999028e-03,4.187500000000000250e-02
7.501999999999999121e-03,4.218750000000000278e-02
7.512499999999999213e-03,4.281250000000000333e-02
7.522999999999999306e-03,4.281250000000000333e-02
7.533499999999999398e-03,4.312500000000000361e-02
7.543999999999999491e-03,4.312500000000000361e-02
7.554499999999999583e-03,4.312500000000000361e-02
7.564999999999999676e-03,4.343750000000000389e-02
7.575499999999998901e-03,4.375000000000000416e-02
7.585999999999998994e-03,4.375000000000000416e-02
7.596499999999999087e-03,4.406250000000000444e-02
7.606999999999999179e-03,4.406250000000000444e-02
7.617499999999999272e-03,4.437500000000000472e-02
7.627999999999999364e-03,4.468750000000000500e-02
7.638499999999999457e-03,4.468750000000000500e-02
7.648999999999999549e-03,4.500000000000000527e-02
7.659499999999999642e-03,4.468750000000000500e-02
7.669999999999999735e-03,4.500000000000000527e-02
7.680499999999998960e-03,4.500000000000000527e-02
7.690999999999999052e-03,4.468750000000000500e-02
7.701499999999999145e-03,4.468750000000000500e-02
7.711999999999999238e-03,4.468750000000000500e-02
7.722499999999999330e-03,4.437500000000000472e-02
7.732999999999999423e-03,4.437500000000000472e-02
7.743499999999999515e-03,4.406250000000000444e-02
7.753999999999999608e-03,4.437500000000000472e-02
7.764499999999999701e-03,4.437500000000000472e-02
7.774999999999999793e-03,4.406250000000000444e-02
7.785499999999999886e-03,4.437500000000000472e-02
7.795999999999999978e-03,4.437500000000000472e-02
7.806500000000000071e-03,4.437500000000000472e-02
7.817000000000001031e-03,4.468750000000000500e-02
7.827499999999999389e-03,4.468750000000000500e-02
7.837999999999999481e-03,4.468750000000000500e-02
7.848499999999999574e-03,4.468750000000000500e-02
7.858999999999999667e-03,4.437500000000000472e-02
7.869499999999999759e-03,4.437500000000000472e-02
7.879999999999999852e-03,4.437500000000000472e-02
7.890499999999999944e-03,4.343750000000000389e-02
7.901000000000000037e-03,4.312500000000000361e-02
7.911500000000000130e-03,4.312500000000000361e-02
7.922000000000000222e-03,4.218750000000000278e-02
7.932500000000000315e-03,4.156250000000000222e-02
7.943000000000000407e-03,4.125000000000000194e-02
7.953500000000000500e-03,4.000000000000000083e-02
7.964000000000000593e-03,3.968750000000000056e-02
7.974500000000000685e-03,3.875000000000000666e-02
7.985000000000000778e-03,3.875000000000000666e-02
7.995500000000000870e-03,3.843750000000000638e-02
8.006000000000000963e-03,3.812500000000000611e-02
8.016499999999999321e-03,3.781250000000000583e-02
8.026999999999999413e-03,3.781250000000000583e-02
8.037499999999999506e-03,3.750000000000000555e-02
8.047999999999999599e-03,3.812500000000000611e-02
8.058499999999999691e-03,3.781250000000000583e-02
8.068999999999999784e-03,3.843750000000000638e-02
8.079499999999999876e-03,3.875000000000000666e-02
8.089999999999999969e-03,3.906250000000000000e-02
8.100500000000000062e-03,3.906250000000000000e-02
8.111000000000000154e-03,3.937500000000000722e-02
8.121500000000000247e-03,3.968750000000000056e-02
8.132000000000000339e-03,4.000000000000000083e-02
8.142500000000000432e-03,4.031250000000000111e-02
8.153000000000000524e-03,4.093750000000000167e-02
8.163500000000000617e-03,4.093750000000000167e-02
8.174000000000000710e-03,4.125000000000000194e-02
8.184500000000000802e-03,4.156250000000000222e-02
8.195000000000000895e-03,4.187500000000000250e-02
8.205500000000000987e-03,4.187500000000000250e-02
8.215999999999999345e-03,4.218750000000000278e-02
8.226499999999999438e-03,4.218750000000000278e-02
8.236999999999999530e-03,4.187500000000000250e-02
8.247499999999999623e-03,4.156250000000000222e-02
8.257999999999999716e-03,4.156250000000000222e-02
8.268499999999999808e-03,4.093750000000000167e-02
8.278999999999999901e-03,4.062500000000000139e-02
8.289499999999999993e-03,4.031250000000000111e-02
8.300000000000000086e-03,3.937500000000000722e-02
8.310500000000000179e-03,3.843750000000000638e-02
8.321000000000000271e-03,3.750000000000000555e-02
8.331500000000000364e-03,3.656250000000000472e-02
8.342000000000000456e-03,3.531250000000000361e-02
8.352500000000000549e-03,3.468750000000000305e-02
8.363000000000000642e-03,3.375000000000000222e-02
8.373500000000000734e-03,3.218750000000000083e-02
8.384000000000000827e-03,3.156250000000000028e-02
8.394500000000000919e-03,3.031250000000000264e-02
8.404999999999999277e-03,3.000000000000000236e-02
8.415499999999999370e-03,2.906250000000000500e-02
8.425999999999999462e-03,2.875000000000000472e-02
8.436499999999999555e-03,2.843750000000000444e-02
8.446999999999999648e-03,2.812500000000000416e-02
8.457499999999999740e-03,2.812500000000000416e-02
8.467999999999999833e-03,2.875000000000000472e-02
8.478499999999999925e-03,2.875000000000000472e-02
8.489000000000000018e-03,2.906250000000000500e-02
8.499500000000000111e-03,2.968750000000000208e-02
8.510000000000000203e-03,3.031250000000000264e-02
8.520500000000000296e-03,3.093750000000000319e-02
8.531000000000000388e-03,3.187500000000000056e-02
8.541500000000000481e-03,3.250000000000000111e-02
8.552000000000000574e-03,3.312500000000000167e-02
8.562500000000000666e-03,3.375000000000000222e-02
8.573000000000000759e-03,3.437500000000000278e-02
8.583500000000000851e-03,3.500000000000000333e-02
8.594000000000000944e-03,3.562500000000000389e-02
8.604499999999999302e-03,3.593750000000000416e-02
8.614999999999999394e-03,3.593750000000000416e-02
8.625499999999999487e-03,3.656250000000000472e-02
8.635999999999999580e-03,3.687500000000000500e-02
8.646499999999999672e-03,3.687500000000000500e-02
8.656999999999999765e-03,3.656250000000000472e-02
8.667499999999999857e-03,3.625000000000000444e-02
8.677999999999999950e-03,3.562500000000000389e-02
8.688500000000000043e-03,3.562500000000000389e-02
8.699000000000000135e-03,3.437500000000000278e-02
8.709500000000000228e-03,3.343750000000000194e-02
8.720000000000000320e-03,3.312500000000000167e-02
8.730500000000000413e-03,3.156250000000000028e-02
8.741000000000000505e-03,3.031250000000000264e-02
8.751500000000000598e-03,2.906250000000000500e-02
8.762000000000000691e-03,2.875000000000000472e-02
8.772500000000000783e-03,2.718750000000000333e-02
8.783000000000000876e-03,2.593750000000000222e-02
8.793500000000000968e-03,2.562500000000000194e-02
8.803999999999999326e-03,2.437500000000000083e-02
8.814499999999999419e-03,2.343750000000000347e-02
8.824999999999999512e-03,2.312500000000000319e-02
8.835499999999999604e-03,2.250000000000000264e-02
8.845999999999999697e-03,2.187500000000000555e-02
8.856499999999999789e-03,2.156250000000000527e-02
8.866999999999999882e-03,2.125000000000000500e-02
8.877499999999999974e-03,2.125000000000000500e-02
8.888000000000000067e-03,2.156250000000000527e-02
8.898500000000000160e-03,2.156250000000000527e-02
8.909000000000000252e-03,2.250000000000000264e-02
8.919500000000000345e-03,2.281250000000000291e-02
8.930000000000000437e-03,2.343750000000000347e-02
8.940500000000000530e-03,2.406250000000000056e-02
8.951000000000000623e-03,2.468750000000000111e-02
8.961500000000000715e-03,2.562500000000000194e-02
8.972000000000000808e-03,2.656250000000000278e-02
8.982500000000000900e-03,2.687500000000000305e-02
8.992999999999999258e-03,2.781250000000000389e-02
9.003499999999999351e-03,2.875000000000000472e-02
9.013999999999999443e-03,2.875000000000000472e-02
9.024499999999999536e-03,2.937500000000000527e-02
9.034999999999999629e-03,2.937500000000000527e-02
9.045499999999999721e-03,2.937500000000000527e-02
9.055999999999999814e-03,2.968750000000000208e-02
9.066499999999999906e-03,2.937500000000000527e-02
9.076999999999999999e-03,2.906250000000000500e-02
9.087500000000000092e-03,2.875000000000000472e-02
9.098000000000000184e-03,2.781250000000000389e-02
9.108500000000000277e-03,2.750000000000000361e-02
9.119000000000000369e-03,2.687500000000000305e-02
9.129500000000000462e-03,2.562500000000000194e-02
9.140000000000000555e-03,2.437500000000000083e-02
9.150500000000000647e-03,2.375000000000000375e-02
9.161000000000000740e-03,2.281250000000000291e-02
9.171500000000000832e-03,2.156250000000000527e-02
9.182000000000000925e-03,2.031250000000000416e-02
9.192499999999999283e-03,1.906250000000000305e-02
9.202999999999999375e-03,1.843750000000000250e-02
9.213499999999999468e-03,1.718750000000000139e-02
9.223999999999999561e-03,1.656250000000000430e-02
9.234499999999999653e-03,1.593750000000000375e-02
9.244999999999999746e-03,1.500000000000000291e-02
9.255499999999999838e-03,1.437500000000000236e-02
9.265999999999999931e-03,1.406250000000000208e-02
9.276500000000000024e-03,1.375000000000000180e-02
9.287000000000000116e-03,1.343750000000000153e-02
9.297500000000000209e-03,1.281250000000000444e-02
9.308000000000000301e-03,1.312500000000000125e-02
9.318500000000000394e-03,1.343750000000000153e-02
9.329000000000000486e-03,1.406250000000000208e-02
9.339500000000000579e-03,1.437500000000000236e-02
9.350000000000000672e-03,1.531250000000000319e-02
9.360500000000000764e-03,1.562500000000000347e-02
9.371000000000000857e-03,1.625000000000000402e-02
9.381499999999999215e-03,1.750000000000000167e-02
9.391999999999999307e-03,1.781250000000000194e-02
9.402499999999999400e-03,1.906250000000000305e-02
9.412999999999999493e-03,1.968750000000000361e-02
9.423499999999999585e-03,2.031250000000000416e-02
9.433999999999999678e-03,2.062500000000000444e-02
9.444499999999999770e-03,2.125000000000000500e-02
9.454999999999999863e-03,2.125000000000000500e-02
9.465499999999999955e-03,2.125000000000000500e-02
9.476000000000000048e-03,2.093750000000000472e-02
9.486500000000000141e-03,2.093750000000000472e-02
9.497000000000000233e-03,2.062500000000000444e-02
9.507500000000000326e-03,2.031250000000000416e-02
9.518000000000000418e-03,1.968750000000000361e-02
9.528500000000000511e-03,1.875000000000000278e-02
9.539000000000000604e-03,1.812500000000000222e-02
9.549500000000000696e-03,1.718750000000000139e-02
9.560000000000000789e-03,1.656250000000000430e-02
9.570500000000000881e-03,1.562500000000000347e-02
9.580999999999999239e-03,1.437500000000000236e-02
9.591499999999999332e-03,1.406250000000000208e-02
9.601999999999999424e-03,1.281250000000000444e-02
9.612499999999999517e-03,1.187500000000000361e-02
9.622999999999999610e-03,1.156250000000000333e-02
9.633499999999999702e-03,1.062500000000000250e-02
9.643999999999999795e-03,1.031250000000000222e-02
9.654499999999999887e-03,1.000000000000000194e-02
9.664999999999999980e-03,9.375000000000001388e-03
9.675500000000000073e-03,9.062500000000001110e-03
9.686000000000000165e-03,8.750000000000004302e-03
9.696500000000000258e-03,8.437500000000004025e-03
9.707000000000000350e-03,8.437500000000004025e-03
9.717500000000000443e-03,8.437500000000004025e-03
9.728000000000000536e-03,8.750000000000004302e-03
9.738500000000000628e-03,9.062500000000001110e-03
9.749000000000000721e-03,9.375000000000001388e-03
9.759500000000000813e-03,1.000000000000000194e-02
9.770000000000000906e-03,1.031250000000000222e-02
9.780499999999999264e-03,1.156250000000000333e-02
9.790999999999999356e-03,1.156250000000000333e-02
9.801499999999999449e-03,1.250000000000000416e-02
9.811999999999999542e-03,1.343750000000000153e-02
9.822499999999999634e-03,1.406250000000000208e-02
9.832999999999999727e-03,1.500000000000000291e-02
9.843499999999999819e-03,1.562500000000000347e-02
9.853999999999999912e-03,1.593750000000000375e-02
9.864500000000000005e-03,1.625000000000000402e-02
9.875000000000000097e-03,1.656250000000000430e-02
9.885500000000000190e-03,1.656250000000000430e-02
9.896000000000000282e-03,1.656250000000000430e-02
9.906500000000000375e-03,1.625000000000000402e-02
9.917000000000000468e-03,1.593750000000000375e-02
9.927500000000000560e-03,1.562500000000000347e-02
9.938000000000000653e-03,1.500000000000000291e-02
9.948500000000000745e-03,1.468750000000000264e-02
9.959000000000000838e-03,1.343750000000000153e-02
9.969499999999999196e-03,1.312500000000000125e-02
9.979999999999999288e-03,1.218750000000000389e-02
9.990499999999999381e-03,1.125000000000000305e-02
1.000099999999999947e-02,1.062500000000000250e-02
1.001149999999999957e-02,1.000000000000000194e-02
1.002199999999999966e-02,9.375000000000001388e-03
1.003249999999999975e-02,9.062500000000001110e-03
1.004299999999999984e-02,8.437500000000004025e-03
1.005349999999999994e-02,7.812500000000003469e-03
1.006400000000000003e-02,7.812500000000003469e-03
1.007450000000000012e-02,7.187500000000002914e-03
1.008500000000000021e-02,6.875000000000002637e-03
1.009550000000000031e-02,6.250000000000002082e-03
1.010600000000000040e-02,6.250000000000002082e-03
1.011650000000000049e-02,5.625000000000001527e-03
1.012700000000000058e-02,5.625000000000001527e-03
1.013750000000000068e-02,5.625000000000001527e-03
1.014800000000000077e-02,5.937500000000001804e-03
1.015850000000000086e-02,5.625000000000001527e-03
1.016899999999999922e-02,5.937500000000001804e-03
1.017949999999999931e-02,6.562500000000002359e-03
1.018999999999999941e-02,6.562500000000002359e-03
1.020049999999999950e-02,7.187500000000002914e-03
1.021099999999999959e-02,7.500000000000003192e-03
1.022149999999999968e-02,7.812500000000003469e-03
1.023199999999999978e-02,8.437500000000004025e-03
1.024249999999999987e-02,8.750000000000004302e-03
1.025299999999999996e-02,8.750000000000004302e-03
1.026350000000000005e-02,9.375000000000001388e-03
1.027400000000000015e-02,1.000000000000000194e-02
1.028450000000000024e-02,1.000000000000000194e-02
1.029500000000000033e-02,1.000000000000000194e-02
1.030550000000000042e-02,1.000000000000000194e-02
1.031600000000000052e-02,9.375000000000001388e-03
1.032650000000000061e-02,9.375000000000001388e-03
1.033700000000000070e-02,8.750000000000004302e-03
1.034750000000000079e-02,8.437500000000004025e-03
1.035800000000000089e-02,7.812500000000003469e-03
1.036849999999999924e-02,7.500000000000003192e-03
1.037899999999999934e-02,7.500000000000003192e-03
1.038949999999999943e-02,6.875000000000002637e-03
1.039999999999999952e-02,6.562500000000002359e-03
1.041049999999999962e-02,6.250000000000002082e-03
1.042099999999999971e-02,5.937500000000001804e-03
1.043149999999999980e-02,5.937500000000001804e-03
1.044199999999999989e-02,5.625000000000001527e-03
1.045249999999999999e-02,5.625000000000001527e-03
1.046300000000000008e-02,5.625000000000001527e-03
1.047350000000000017e-02,5.625000000000001527e-03
1.048400000000000026e-02,5.312500000000001249e-03
1.049450000000000036e-02,5.625000000000001527e-03
1.050500000000000045e-02,5.312500000000001249e-03
1.051550000000000054e-02,5.312500000000001249e-03
1.052600000000000063e-02,5.000000000000004441e-03
1.053650000000000073e-02,5.000000000000004441e-03
1.054700000000000082e-02,4.687500000000004163e-03
1.055749999999999918e-02,4.375000000000003886e-03
1.056799999999999927e-02,4.375000000000003886e-03
1.057849999999999936e-02,4.375000000000003886e-03
1.058899999999999945e-02,4.062500000000003608e-03
1.059949999999999955e-02,4.375000000000003886e-03
1.060999999999999964e-02,4.375000000000003886e-03
1.062049999999999973e-02,4.687500000000004163e-03
1.063099999999999982e-02,4.375000000000003886e-03
1.064149999999999992e-02,4.687500000000004163e-03
1.065200000000000001e-02,5.000000000000004441e-03
1.066250000000000010e-02,5.312500000000001249e-03
1.067300000000000020e-02,5.312500000000001249e-03
1.068350000000000029e-02,5.312500000000001249e-03
1.069400000000000038e-02,5.312500000000001249e-03
1.070450000000000047e-02,5.312500000000001249e-03
1.071500000000000057e-02,5.312500000000001249e-03
1.072550000000000066e-02,5.000000000000004441e-03
1.073600000000000075e-02,5.000000000000004441e-03
1.074650000000000084e-02,4.375000000000003886e-03
1.075699999999999920e-02,4.375000000000003886e-03
1.076749999999999929e-02,4.375000000000003886e-03
1.077799999999999939e-02,4.062500000000003608e-03
1.078849999999999948e-02,4.375000000000003886e-03
1.079899999999999957e-02,4.062500000000003608e-03
1.080949999999999966e-02,4.062500000000003608e-03
1.081999999999999976e-02,4.062500000000003608e-03
1.083049999999999985e-02,3.750000000000003331e-03
1.084099999999999994e-02,4.375000000000003886e-03
1.085150000000000003e-02,4.375000000000003886e-03
1.086200000000000013e-02,5.000000000000004441e-03
1.087250000000000022e-02,5.312500000000001249e-03
1.088300000000000031e-02,5.000000000000004441e-03
1.089350000000000041e-02,5.625000000000001527e-03
1.090400000000000050e-02,5.625000000000001527e-03
1.091450000000000059e-02,5.625000000000001527e-03
1.092500000000000068e-02,5.625000000000001527e-03
1.093550000000000078e-02,5.937500000000001804e-03
1.094599999999999913e-02,5.937500000000001804e-03
1.095649999999999923e-02,5.312500000000001249e-03
1.096699999999999932e-02,5.312500000000001249e-03
1.097749999999999941e-02,5.000000000000004441e-03
1.098799999999999950e-02,4.375000000000003886e-03
1.099849999999999960e-02,4.062500000000003608e-03
1.100899999999999969e-02,4.375000000000003886e-03
1.101949999999999978e-02,4.687500000000004163e-03
1.102999999999999987e-02,4.687500000000004163e-03
1.104049999999999997e-02,4.375000000000003886e-03
1.105100000000000006e-02,4.375000000000003886e-03
1.106150000000000015e-02,5.000000000000004441e-03
1.107200000000000024e-02,5.312500000000001249e-03
1.108250000000000034e-02,5.312500000000001249e-03
1.109300000000000043e-02,5.312500000000001249e-03
1.110350000000000052e-02,5.312500000000001249e-03
1.111400000000000061e-02,5.625000000000001527e-03
1.112450000000000071e-02,5.312500000000001249e-03
1.113500000000000080e-02,5.312500000000001249e-03
1.114549999999999916e-02,5.000000000000004441e-03
1.115599999999999925e-02,4.687500000000004163e-03
1.116649999999999934e-02,4.687500000000004163e-03
1.117699999999999944e-02,4.687500000000004163e-03
1.118749999999999953e-02,4.375000000000003886e-03
1.119799999999999962e-02,4.062500000000003608e-03
1.120849999999999971e-02,4.062500000000003608e-03
1.121899999999999981e-02,3.750000000000003331e-03
1.122949999999999990e-02,3.750000000000003331e-03
1.123999999999999999e-02,4.062500000000003608e-03
1.125050000000000008e-02,3.750000000000003331e-03
1.126100000000000018e-02,4.062500000000003608e-03
1.127150000000000027e-02,4.375000000000003886e-03
1.128200000000000036e-02,4.687500000000004163e-03
1.129250000000000045e-02,5.000000000000004441e-03
1.130300000000000055e-02,4.687500000000004163e-03
1.131350000000000064e-02,5.000000000000004441e-03
1.132400000000000073e-02,5.000000000000004441e-03
1.133450000000000082e-02,5.312500000000001249e-03
1.134499999999999918e-02,5.000000000000004441e-03
1.135549999999999927e-02,5.000000000000004441e-03
1.136599999999999937e-02,4.687500000000004163e-03
1.137649999999999946e-02,4.375000000000003886e-03
1.138699999999999955e-02,4.375000000000003886e-03
1.139749999999999965e-02,4.062500000000003608e-03
1.140799999999999974e-02,4.062500000000003608e-03
1.141849999999999983e-02,4.375000000000003886e-03
1.142899999999999992e-02,4.062500000000003608e-03
1.143950000000000002e-02,4.375000000000003886e-03
1.145000000000000011e-02,4.375000000000003886e-03
1.146050000000000020e-02,4.687500000000004163e-03
1.147100000000000029e-02,4.687500000000004163e-03
1.148150000000000039e-02,5.000000000000004441e-03
1.149200000000000048e-02,5.000000000000004441e-03
1.150250000000000057e-02,5.625000000000001527e-03
1.151300000000000066e-02,5.937500000000001804e-03
1.152350000000000076e-02,5.937500000000001804e-03
1.153399999999999911e-02,5.937500000000001804e-03
1.154449999999999921e-02,6.250000000000002082e-03
1.155499999999999930e-02,5.937500000000001804e-03
1.156549999999999939e-02,5.625000000000001527e-03
1.157599999999999948e-02,5.625000000000001527e-03
1.158649999999999958e-02,5.625000000000001527e-03
1.159699999999999967e-02,5.000000000000004441e-03
1.160749999999999976e-02,5.000000000000004441e-03
1.161799999999999986e-02,4.687500000000004163e-03
1.162849999999999995e-02,4.375000000000003886e-03
1.163900000000000004e-02,4.062500000000003608e-03
1.164950000000000013e-02,4.062500000000003608e-03
1.166000000000000023e-02,4.062500000000003608e-03
1.167050000000000032e-02,4.062500000000003608e-03
1.168100000000000041e-02,4.375000000000003886e-03
1.169150000000000050e-02,5.000000000000004441e-03
1.170200000000000060e-02,5.000000000000004441e-03
1.171250000000000069e-02,4.687500000000004163e-03
1.172300000000000078e-02,5.312500000000001249e-03
1.173349999999999914e-02,5.625000000000001527e-03
1.174399999999999923e-02,5.625000000000001527e-03
1.175449999999999932e-02,5.625000000000001527e-03
1.176499999999999942e-02,5.312500000000001249e-03
1.177549999999999951e-02,5.625000000000001527e-03
1.178599999999999960e-02,5.312500000000001249e-03
1.179649999999999969e-02,5.312500000000001249e-03
1.180699999999999979e-02,5.000000000000004441e-03
1.181749999999999988e-02,4.687500000000004163e-03
1.182799999999999997e-02,4.687500000000004163e-03
1.183850000000000006e-02,4.375000000000003886e-03
1.184900000000000016e-02,4.062500000000003608e-03
1.185950000000000025e-02,4.375000000000003886e-03
1.187000000000000034e-02,4.062500000000003608e-03
1.188050000000000044e-02,4.062500000000003608e-03
1.189100000000000053e-02,3.750000000000003331e-03
1.190150000000000062e-02,3.750000000000003331e-03
1.191200000000000071e-02,4.062500000000003608e-03
1.192250000000000081e-02,3.750000000000003331e-03
1.193299999999999916e-02,4.062500000000003608e-03
1.194349999999999926e-02,3.750000000000003331e-03
1.195399999999999935e-02,3.750000000000003331e-03
1.196449999999999944e-02,3.437500000000003053e-03
1.197499999999999953e-02,3.125000000000002776e-03
1.198549999999999963e-02,3.437500000000003053e-03
1.199599999999999972e-02,3.437500000000003053e-03
1.200649999999999981e-02,3.437500000000003053e-03
1.201699999999999990e-02,3.437500000000003053e-03
1.202750000000000000e-02,3.437500000000003053e-03
1.203800000000000009e-02,4.062500000000003608e-03
1.204850000000000018e-02,4.062500000000003608e-03
1.205900000000000027e-02,4.687500000000004163e-03
1.206950000000000037e-02,5.312500000000001249e-03
1.208000000000000046e-02,5.937500000000001804e-03
1.209050000000000055e-02,6.875000000000002637e-03
1.210100000000000064e-02,8.125000000000003747e-03
1.211150000000000074e-02,8.750000000000004302e-03
1.212199999999999910e-02,9.687500000000001665e-03
1.213249999999999919e-02,1.093750000000000278e-02
1.214299999999999928e-02,1.187500000000000361e-02
1.215349999999999937e-02,1.250000000000000416e-02
1.216399999999999947e-02,1.312500000000000125e-02
1.217449999999999956e-02,1.406250000000000208e-02
1.218499999999999965e-02,1.406250000000000208e-02
1.219549999999999974e-02,1.406250000000000208e-02
1.220599999999999984e-02,1.437500000000000236e-02
1.221649999999999993e-02,1.406250000000000208e-02
1.222700000000000002e-02,1.406250000000000208e-02
1.223750000000000011e-02,1.375000000000000180e-02
1.224800000000000021e-02,1.343750000000000153e-02
1.225850000000000030e-02,1.250000000000000416e-02
1.226900000000000039e-02,1.218750000000000389e-02
1.227950000000000048e-02,1.187500000000000361e-02
1.229000000000000058e-02,1.125000000000000305e-02
1.230050000000000067e-02,1.062500000000000250e-02
1.231100000000000076e-02,1.000000000000000194e-02
1.232149999999999912e-02,9.687500000000001665e-03
1.233199999999999921e-02,9.062500000000001110e-03
1.234249999999999931e-02,8.750000000000004302e-03
1.235299999999999940e-02,8.437500000000004025e-03
1.236349999999999949e-02,8.437500000000004025e-03
1.237399999999999958e-02,8.125000000000003747e-03
1.238449999999999968e-02,7.812500000000003469e-03
1.239499999999999977e-02,8.125000000000003747e-03
1.240549999999999986e-02,8.125000000000003747e-03
1.241599999999999995e-02,8.125000000000003747e-03
1.242650000000000005e-02,8.437500000000004025e-03
1.243700000000000014e-02,8.750000000000004302e-03
1.244750000000000023e-02,9.375000000000001388e-03
1.245800000000000032e-02,1.062500000000000250e-02
1.246850000000000042e-02,1.125000000000000305e-02
1.247900000000000051e-02,1.218750000000000389e-02
1.248950000000000060e-02,1.375000000000000180e-02
1.250000000000000069e-02,1.437500000000000236e-02
1.251049999999999905e-02,1.593750000000000375e-02
1.252099999999999914e-02,1.750000000000000167e-02
1.253149999999999924e-02,1.875000000000000278e-02
1.254199999999999933e-02,1.937500000000000333e-02
1.255249999999999942e-02,2.093750000000000472e-02
1.256299999999999951e-02,2.156250000000000527e-02
1.257349999999999961e-02,2.281250000000000291e-02
1.258399999999999970e-02,2.343750000000000347e-02
1.259449999999999979e-02,2.406250000000000056e-02
1.260499999999999989e-02,2.437500000000000083e-02
1.261549999999999998e-02,2.437500000000000083e-02
1.262600000000000007e-02,2.500000000000000139e-02
1.263650000000000016e-02,2.437500000000000083e-02
1.264700000000000026e-02,2.375000000000000375e-02
1.265750000000000035e-02,2.312500000000000319e-02
1.266800000000000044e-02,2.250000000000000264e-02
1.267850000000000053e-02,2.125000000000000500e-02
1.268900000000000063e-02,2.062500000000000444e-02
1.269950000000000072e-02,2.000000000000000389e-02
1.270999999999999908e-02,1.875000000000000278e-02
1.272049999999999917e-02,1.750000000000000167e-02
1.273099999999999926e-02,1.656250000000000430e-02
1.274149999999999935e-02,1.656250000000000430e-02
1.275199999999999945e-02,1.562500000000000347e-02
1.276249999999999954e-02,1.468750000000000264e-02
1.277299999999999963e-02,1.406250000000000208e-02
1.278349999999999972e-02,1.375000000000000180e-02
1.279399999999999982e-02,1.375000000000000180e-02
1.280449999999999991e-02,1.312500000000000125e-02
1.281500000000000000e-02,1.312500000000000125e-02
1.282550000000000009e-02,1.375000000000000180e-02
1.283600000000000019e-02,1.375000000000000180e-02
1.284650000000000028e-02,1.406250000000000208e-02
1.285700000000000037e-02,1.437500000000000236e-02
1.286750000000000047e-02,1.500000000000000291e-02
1.287800000000000056e-02,1.625000000000000402e-02
1.288850000000000065e-02,1.656250000000000430e-02
1.289900000000000074e-02,1.750000000000000167e-02
1.290949999999999910e-02,1.843750000000000250e-02
1.291999999999999919e-02,1.968750000000000361e-02
1.293049999999999929e-02,2.093750000000000472e-02
1.294099999999999938e-02,2.187500000000000555e-02
1.295149999999999947e-02,2.343750000000000347e-02
1.296199999999999956e-02,2.437500000000000083e-02
1.297249999999999966e-02,2.531250000000000167e-02
1.298299999999999975e-02,2.593750000000000222e-02
1.299349999999999984e-02,2.656250000000000278e-02
1.300399999999999993e-02,2.687500000000000305e-02
1.301450000000000003e-02,2.718750000000000333e-02
1.302500000000000012e-02,2.718750000000000333e-02
1.303550000000000021e-02,2.718750000000000333e-02
1.304600000000000030e-02,2.687500000000000305e-02
1.305650000000000040e-02,2.625000000000000250e-02
1.306700000000000049e-02,2.562500000000000194e-02
1.307750000000000058e-02,2.437500000000000083e-02
1.308800000000000067e-02,2.343750000000000347e-02
1.309849999999999903e-02,2.312500000000000319e-02
1.310899999999999913e-02,2.125000000000000500e-02
1.311949999999999922e-02,2.031250000000000416e-02
1.312999999999999931e-02,1.937500000000000333e-02
1.314049999999999940e-02,1.875000000000000278e-02
1.315099999999999950e-02,1.718750000000000139e-02
1.316149999999999959e-02,1.625000000000000402e-02
1.317199999999999968e-02,1.531250000000000319e-02
1.318249999999999977e-02,1.468750000000000264e-02
1.319299999999999987e-02,1.406250000000000208e-02
1.320349999999999996e-02,1.343750000000000153e-02
1.321400000000000005e-02,1.312500000000000125e-02
1.322450000000000014e-02,1.250000000000000416e-02
1.323500000000000024e-02,1.250000000000000416e-02
1.324550000000000033e-02,1.218750000000000389e-02
1.325600000000000042e-02,1.250000000000000416e-02
1.326650000000000051e-02,1.281250000000000444e-02
1.327700000000000061e-02,1.281250000000000444e-02
1.328750000000000070e-02,1.343750000000000153e-02
1.329799999999999906e-02,1.375000000000000180e-02
1.330849999999999915e-02,1.468750000000000264e-02
1.331899999999999924e-02,1.593750000000000375e-02
1.332949999999999934e-02,1.718750000000000139e-02
1.333999999999999943e-02,1.812500000000000222e-02
1.335049999999999952e-02,1.875000000000000278e-02
1.336099999999999961e-02,1.968750000000000361e-02
1.337149999999999971e-02,2.125000000000000500e-02
1.338199999999999980e-02,2.187500000000000555e-02
1.339249999999999989e-02,2.281250000000000291e-02
1.340299999999999998e-02,2.406250000000000056e-02
1.341350000000000008e-02,2.437500000000000083e-02
1.342400000000000017e-02,2.500000000000000139e-02
1.343450000000000026e-02,2.562500000000000194e-02
1.344500000000000035e-02,2.562500000000000194e-02
1.345550000000000045e-02,2.593750000000000222e-02
1.346600000000000054e-02,2.562500000000000194e-02
1.347650000000000063e-02,2.500000000000000139e-02
1.348699999999999899e-02,2.468750000000000111e-02
1.349749999999999908e-02,2.437500000000000083e-02
1.350799999999999917e-02,2.312500000000000319e-02
1.351849999999999927e-02,2.250000000000000264e-02
1.352899999999999936e-02,2.125000000000000500e-02
1.353949999999999945e-02,2.093750000000000472e-02
1.354999999999999954e-02,1.968750000000000361e-02
1.356049999999999964e-02,1.843750000000000250e-02
1.357099999999999973e-02,1.750000000000000167e-02
1.358149999999999982e-02,1.718750000000000139e-02
1.359199999999999992e-02,1.625000000000000402e-02
1.360250000000000001e-02,1.593750000000000375e-02
1.361300000000000010e-02,1.562500000000000347e-02
1.362350000000000019e-02,1.500000000000000291e-02
1.363400000000000029e-02,1.531250000000000319e-02
1.364450000000000038e-02,1.531250000000000319e-02
1.365500000000000047e-02,1.531250000000000319e-02
1.366550000000000056e-02,1.562500000000000347e-02
1.367600000000000066e-02,1.625000000000000402e-02
1.368649999999999901e-02,1.656250000000000430e-02
1.369699999999999911e-02,1.750000000000000167e-02
1.370749999999999920e-02,1.812500000000000222e-02
1.371799999999999929e-02,1.906250000000000305e-02
1.372849999999999938e-02,2.031250000000000416e-02
1.373899999999999948e-02,2.093750000000000472e-02
1.374949999999999957e-02,2.218750000000000236e-02
1.375999999999999966e-02,2.375000000000000375e-02
1.377049999999999975e-02,2.500000000000000139e-02
1.378099999999999985e-02,2.625000000000000250e-02
1.379149999999999994e-02,2.750000000000000361e-02
1.380200000000000003e-02,2.843750000000000444e-02
1.381250000000000012e-02,2.937500000000000527e-02
1.382300000000000022e-02,3.031250000000000264e-02
1.383350000000000031e-02,3.093750000000000319e-02
1.384400000000000040e-02,3.187500000000000056e-02
1.385450000000000050e-02,3.250000000000000111e-02
1.386500000000000059e-02,3.250000000000000111e-02
1.387550000000000068e-02,3.281250000000000139e-02
1.388599999999999904e-02,3.218750000000000083e-02
1.389649999999999913e-02,3.218750000000000083e-02
1.390699999999999922e-02,3.156250000000000028e-02
1.391749999999999932e-02,3.062500000000000291e-02
1.392799999999999941e-02,3.031250000000000264e-02
1.393849999999999950e-02,2.906250000000000500e-02
1.394899999999999959e-02,2.812500000000000416e-02
1.395949999999999969e-02,2.718750000000000333e-02
1.396999999999999978e-02,2.625000000000000250e-02
1.398049999999999987e-02,2.531250000000000167e-02
1.399099999999999996e-02,2.406250000000000056e-02
1.400150000000000006e-02,2.343750000000000347e-02
1.401200000000000015e-02,2.312500000000000319e-02
1.402250000000000024e-02,2.250000000000000264e-02
1.403300000000000033e-02,2.187500000000000555e-02
1.404350000000000043e-02,2.156250000000000527e-02
1.405400000000000052e-02,2.156250000000000527e-02
1.406450000000000061e-02,2.156250000000000527e-02
1.407499999999999897e-02,2.187500000000000555e-02
1.408549999999999906e-02,2.250000000000000264e-02
1.409599999999999916e-02,2.281250000000000291e-02
1.410649999999999925e-02,2.375000000000000375e-02
1.411699999999999934e-02,2.468750000000000111e-02
1.412749999999999943e-02,2.531250000000000167e-02
1.413799999999999953e-02,2.656250000000000278e-02
1.414849999999999962e-02,2.718750000000000333e-02
1.415899999999999971e-02,2.812500000000000416e-02
1.416949999999999980e-02,2.875000000000000472e-02
1.417999999999999990e-02,3.031250000000000264e-02
1.419049999999999999e-02,3.156250000000000028e-02
1.420100000000000008e-02,3.250000000000000111e-02
1.421150000000000017e-02,3.343750000000000194e-02
1.422200000000000027e-02,3.468750000000000305e-02
1.423250000000000036e-02,3.531250000000000361e-02
1.424300000000000045e-02,3.656250000000000472e-02
1.425350000000000054e-02,3.718750000000000527e-02
1.426400000000000064e-02,3.750000000000000555e-02
1.427449999999999899e-02,3.781250000000000583e-02
1.428499999999999909e-02,3.812500000000000611e-02
1.429549999999999918e-02,3.812500000000000611e-02
1.430599999999999927e-02,3.781250000000000583e-02
1.431649999999999937e-02,3.718750000000000527e-02
1.432699999999999946e-02,3.687500000000000500e-02
1.433749999999999955e-02,3.562500000000000389e-02
1.434799999999999964e-02,3.468750000000000305e-02
1.435849999999999974e-02,3.437500000000000278e-02
1.436899999999999983e-02,3.281250000000000139e-02
1.437949999999999992e-02,3.125000000000000000e-02
1.439000000000000001e-02,3.031250000000000264e-02
1.440050000000000011e-02,2.906250000000000500e-02
1.441100000000000020e-02,2.875000000000000472e-02
1.442150000000000029e-02,2.750000000000000361e-02
1.443200000000000038e-02,2.687500000000000305e-02
1.444250000000000048e-02,2.625000000000000250e-02
1.445300000000000057e-02,2.625000000000000250e-02
1.446350000000000066e-02,2.562500000000000194e-02
1.447399999999999902e-02,2.593750000000000222e-02
1.448449999999999911e-02,2.562500000000000194e-02
1.449499999999999920e-02,2.593750000000000222e-02
1.450549999999999930e-02,2.656250000000000278e-02
1.451599999999999939e-02,2.656250000000000278e-02
1.452649999999999948e-02,2.718750000000000333e-02
1.453699999999999957e-02,2.812500000000000416e-02
1.454749999999999967e-02,2.875000000000000472e-02
1.455799999999999976e-02,2.937500000000000527e-02
1.456849999999999985e-02,3.031250000000000264e-02
1.457899999999999995e-02,3.125000000000000000e-02
1.458950000000000004e-02,3.250000000000000111e-02
1.460000000000000013e-02,3.343750000000000194e-02
1.461050000000000022e-02,3.437500000000000278e-02
1.462100000000000032e-02,3.562500000000000389e-02
1.463150000000000041e-02,3.656250000000000472e-02
1.464200000000000050e-02,3.750000000000000555e-02
1.465250000000000059e-02,3.843750000000000638e-02
1.466299999999999895e-02,3.906250000000000000e-02
1.467349999999999904e-02,3.968750000000000056e-02
1.468399999999999914e-02,4.000000000000000083e-02
1.469449999999999923e-02,4.031250000000000111e-02
1.470499999999999932e-02,4.031250000000000111e-02
1.471549999999999941e-02,4.000000000000000083e-02
1.472599999999999951e-02,4.000000000000000083e-02
1.473649999999999960e-02,3.937500000000000722e-02
1.474699999999999969e-02,3.906250000000000000e-02
1.475749999999999978e-02,3.812500000000000611e-02
1.476799999999999988e-02,3.718750000000000527e-02
1.477849999999999997e-02,3.593750000000000416e-02
1.478900000000000006e-02,3.531250000000000361e-02
1.479950000000000015e-02,3.437500000000000278e-02
1.481000000000000025e-02,3.281250000000000139e-02
1.482050000000000034e-02,3.156250000000000028e-02
1.483100000000000043e-02,3.093750000000000319e-02
1.484150000000000053e-02,3.031250000000000264e-02
1.485200000000000062e-02,2.937500000000000527e-02
1.486249999999999898e-02,2.875000000000000472e-02
1.487299999999999907e-02,2.843750000000000444e-02
1.488349999999999916e-02,2.812500000000000416e-02
1.489399999999999925e-02,2.750000000000000361e-02
1.490449999999999935e-02,2.750000000000000361e-02
1.491499999999999944e-02,2.750000000000000361e-02
1.492549999999999953e-02,2.812500000000000416e-02
1.493599999999999962e-02,2.812500000000000416e-02
1.494649999999999972e-02,2.875000000000000472e-02
1.495699999999999981e-02,2.906250000000000500e-02
1.496749999999999990e-02,3.000000000000000236e-02
1.497799999999999999e-02,3.031250000000000264e-02
1.498850000000000009e-02,3.125000000000000000e-02
1.499900000000000018e-02,3.250000000000000111e-02
1.500950000000000027e-02,3.375000000000000222e-02
1.502000000000000036e-02,3.406250000000000250e-02
1.503050000000000046e-02,3.500000000000000333e-02
1.504100000000000055e-02,3.593750000000000416e-02
1.505149999999999891e-02,3.656250000000000472e-02
1.506199999999999900e-02,3.718750000000000527e-02
1.507249999999999909e-02,3.812500000000000611e-02
1.508299999999999919e-02,3.843750000000000638e-02
1.509349999999999928e-02,3.906250000000000000e-02
1.510399999999999937e-02,3.937500000000000722e-02
1.511449999999999946e-02,3.937500000000000722e-02
1.512499999999999956e-02,3.968750000000000056e-02
1.513549999999999965e-02,3.906250000000000000e-02
1.514599999999999974e-02,3.906250000000000000e-02
1.515649999999999983e-02,3.843750000000000638e-02
1.516699999999999993e-02,3.781250000000000583e-02
1.517750000000000002e-02,3.718750000000000527e-02
1.518800000000000011e-02,3.625000000000000444e-02
1.519850000000000020e-02,3.531250000000000361e-02
1.520900000000000030e-02,3.437500000000000278e-02
1.521950000000000039e-02,3.343750000000000194e-02
1.523000000000000048e-02,3.281250000000000139e-02
1.524050000000000057e-02,3.156250000000000028e-02
1.525099999999999893e-02,3.093750000000000319e-02
1.526149999999999902e-02,3.062500000000000291e-02
1.527199999999999912e-02,3.000000000000000236e-02
1.528249999999999921e-02,2.968750000000000208e-02
1.529299999999999930e-02,2.968750000000000208e-02
1.530349999999999940e-02,2.937500000000000527e-02
1.531399999999999949e-02,2.968750000000000208e-02
1.532449999999999958e-02,2.968750000000000208e-02
1.533499999999999967e-02,3.031250000000000264e-02
1.534549999999999977e-02,3.093750000000000319e-02
1.535599999999999986e-02,3.125000000000000000e-02
1.536649999999999995e-02,3.250000000000000111e-02
1.537700000000000004e-02,3.281250000000000139e-02
1.538750000000000014e-02,3.375000000000000222e-02
1.539800000000000023e-02,3.468750000000000305e-02
1.540850000000000032e-02,3.531250000000000361e-02
1.541900000000000041e-02,3.625000000000000444e-02
1.542950000000000051e-02,3.718750000000000527e-02
1.544000000000000060e-02,3.781250000000000583e-02
1.545049999999999896e-02,3.843750000000000638e-02
1.546099999999999905e-02,3.937500000000000722e-02
1.547149999999999914e-02,4.031250000000000111e-02
1.548199999999999923e-02,4.125000000000000194e-02
1.549249999999999933e-02,4.218750000000000278e-02
1.550299999999999942e-02,4.218750000000000278e-02
1.551349999999999951e-02,4.281250000000000333e-02
1.552399999999999960e-02,4.312500000000000361e-02
1.553449999999999970e-02,4.343750000000000389e-02
1.554499999999999979e-02,4.375000000000000416e-02
1.555549999999999988e-02,4.343750000000000389e-02
1.556599999999999998e-02,4.375000000000000416e-02
1.557650000000000007e-02,4.312500000000000361e-02
1.558700000000000016e-02,4.281250000000000333e-02
1.559750000000000025e-02,4.187500000000000250e-02
1.560800000000000035e-02,4.093750000000000167e-02
1.561850000000000044e-02,4.031250000000000111e-02
1.562900000000000053e-02,3.968750000000000056e-02
1.563950000000000062e-02,3.875000000000000666e-02
1.565000000000000072e-02,3.812500000000000611e-02
1.566050000000000081e-02,3.718750000000000527e-02
1.567100000000000090e-02,3.656250000000000472e-02
1.568150000000000099e-02,3.625000000000000444e-02
1.569200000000000109e-02,3.562500000000000389e-02
1.570250000000000118e-02,3.593750000000000416e-02
1.571300000000000127e-02,3.562500000000000389e-02
1.572350000000000136e-02,3.562500000000000389e-02
1.573400000000000146e-02,3.562500000000000389e-02
1.574449999999999808e-02,3.593750000000000416e-02
1.575499999999999817e-02,3.625000000000000444e-02
1.576549999999999827e-02,3.625000000000000444e-02
1.577599999999999836e-02,3.687500000000000500e-02
1.578649999999999845e-02,3.750000000000000555e-02
1.579699999999999854e-02,3.781250000000000583e-02
1.580749999999999864e-02,3.843750000000000638e-02
1.581799999999999873e-02,3.937500000000000722e-02
1.582849999999999882e-02,3.968750000000000056e-02
1.583899999999999891e-02,4.000000000000000083e-02
1.584949999999999901e-02,4.062500000000000139e-02
1.585999999999999910e-02,4.062500000000000139e-02
1.587049999999999919e-02,4.156250000000000222e-02
1.588099999999999928e-02,4.187500000000000250e-02
1.589149999999999938e-02,4.250000000000000305e-02
1.590199999999999947e-02,4.281250000000000333e-02
1.591249999999999956e-02,4.281250000000000333e-02
1.592299999999999965e-02,4.312500000000000361e-02
1.593349999999999975e-02,4.375000000000000416e-02
1.594399999999999984e-02,4.406250000000000444e-02
1.595449999999999993e-02,4.406250000000000444e-02
1.596500000000000002e-02,4.406250000000000444e-02
1.597550000000000012e-02,4.406250000000000444e-02
1.598600000000000021e-02,4.406250000000000444e-02
1.599650000000000030e-02,4.375000000000000416e-02
1.600700000000000039e-02,4.343750000000000389e-02
1.601750000000000049e-02,4.312500000000000361e-02
1.602800000000000058e-02,4.218750000000000278e-02
1.603850000000000067e-02,4.125000000000000194e-02
1.604900000000000077e-02,4.125000000000000194e-02
1.605950000000000086e-02,4.062500000000000139e-02
1.607000000000000095e-02,3.968750000000000056e-02
1.608050000000000104e-02,3.937500000000000722e-02
1.609100000000000114e-02,3.875000000000000666e-02
1.610150000000000123e-02,3.875000000000000666e-02
1.611200000000000132e-02,3.843750000000000638e-02
1.612250000000000141e-02,3.812500000000000611e-02
1.613299999999999804e-02,3.843750000000000638e-02
1.614349999999999813e-02,3.812500000000000611e-02
1.615399999999999822e-02,3.843750000000000638e-02
1.616449999999999831e-02,3.843750000000000638e-02
1.617499999999999841e-02,3.906250000000000000e-02
1.618549999999999850e-02,3.937500000000000722e-02
1.619599999999999859e-02,3.968750000000000056e-02
1.620649999999999868e-02,4.000000000000000083e-02
1.621699999999999878e-02,4.062500000000000139e-02
1.622749999999999887e-02,4.125000000000000194e-02
1.623799999999999896e-02,4.125000000000000194e-02
1.624849999999999905e-02,4.187500000000000250e-02
1.625899999999999915e-02,4.218750000000000278e-02
1.626949999999999924e-02,4.312500000000000361e-02
1.627999999999999933e-02,4.312500000000000361e-02
1.629049999999999943e-02,4.343750000000000389e-02
1.630099999999999952e-02,4.406250000000000444e-02
1.631149999999999961e-02,4.406250000000000444e-02
1.632199999999999970e-02,4.437500000000000472e-02
1.633249999999999980e-02,4.500000000000000527e-02
1.634299999999999989e-02,4.531250000000000555e-02
1.635349999999999998e-02,4.562500000000000583e-02
1.636400000000000007e-02,4.562500000000000583e-02
1.637450000000000017e-02,4.593750000000000611e-02
1.638500000000000026e-02,4.593750000000000611e-02
1.639550000000000035e-02,4.593750000000000611e-02
1.640600000000000044e-02,4.593750000000000611e-02
1.641650000000000054e-02,4.593750000000000611e-02
1.642700000000000063e-02,4.562500000000000583e-02
1.643750000000000072e-02,4.468750000000000500e-02
1.644800000000000081e-02,4.406250000000000444e-02
1.645850000000000091e-02,4.375000000000000416e-02
1.646900000000000100e-02,4.312500000000000361e-02
1.647950000000000109e-02,4.281250000000000333e-02
1.649000000000000118e-02,4.218750000000000278e-02
1.650050000000000128e-02,4.156250000000000222e-02
1.651100000000000137e-02,4.156250000000000222e-02
1.652149999999999799e-02,4.093750000000000167e-02
1.653199999999999809e-02,4.093750000000000167e-02
1.654249999999999818e-02,4.125000000000000194e-02
1.655299999999999827e-02,4.093750000000000167e-02
1.656349999999999836e-02,4.093750000000000167e-02
1.657399999999999846e-02,4.093750000000000167e-02
1.658449999999999855e-02,4.156250000000000222e-02
1.659499999999999864e-02,4.187500000000000250e-02
1.660549999999999873e-02,4.218750000000000278e-02
1.661599999999999883e-02,4.218750000000000278e-02
1.662649999999999892e-02,4.281250000000000333e-02
1.663699999999999901e-02,4.250000000000000305e-02
1.664749999999999910e-02,4.312500000000000361e-02
1.665799999999999920e-02,4.312500000000000361e-02
1.666849999999999929e-02,4.343750000000000389e-02
1.667899999999999938e-02,4.375000000000000416e-02
1.668949999999999947e-02,4.343750000000000389e-02
1.669999999999999957e-02,4.375000000000000416e-02
1.671049999999999966e-02,4.375000000000000416e-02
1.672099999999999975e-02,4.375000000000000416e-02
1.673149999999999984e-02,4.406250000000000444e-02
1.674199999999999994e-02,4.406250000000000444e-02
1.675250000000000003e-02,4.437500000000000472e-02
1.676300000000000012e-02,4.468750000000000500e-02
1.677350000000000022e-02,4.468750000000000500e-02
1.678400000000000031e-02,4.500000000000000527e-02
1.679450000000000040e-02,4.500000000000000527e-02
1.680500000000000049e-02,4.531250000000000555e-02
1.681550000000000059e-02,4.531250000000000555e-02
1.682600000000000068e-02,4.562500000000000583e-02
1.683650000000000077e-02,4.531250000000000555e-02
1.684700000000000086e-02,4.531250000000000555e-02
1.685750000000000096e-02,4.500000000000000527e-02
1.686800000000000105e-02,4.468750000000000500e-02
1.687850000000000114e-02,4.406250000000000444e-02
1.688900000000000123e-02,4.375000000000000416e-02
1.689950000000000133e-02,4.312500000000000361e-02
1.690999999999999795e-02,4.312500000000000361e-02
1.692049999999999804e-02,4.281250000000000333e-02
1.693099999999999813e-02,4.250000000000000305e-02
1.694149999999999823e-02,4.218750000000000278e-02
1.695199999999999832e-02,4.218750000000000278e-02
1.696249999999999841e-02,4.218750000000000278e-02
1.697299999999999850e-02,4.218750000000000278e-02
1.698349999999999860e-02,4.218750000000000278e-02
1.699399999999999869e-02,4.218750000000000278e-02
1.700449999999999878e-02,4.250000000000000305e-02
1.701499999999999888e-02,4.281250000000000333e-02
1.702549999999999897e-02,4.281250000000000333e-02
1.703599999999999906e-02,4.343750000000000389e-02
1.704649999999999915e-02,4.312500000000000361e-02
1.705699999999999925e-02,4.343750000000000389e-02
1.706749999999999934e-02,4.343750000000000389e-02
1.707799999999999943e-02,4.343750000000000389e-02
1.708849999999999952e-02,4.375000000000000416e-02
1.709899999999999962e-02,4.343750000000000389e-02
1.710949999999999971e-02,4.343750000000000389e-02
1.711999999999999980e-02,4.343750000000000389e-02
1.713049999999999989e-02,4.343750000000000389e-02
1.714099999999999999e-02,4.312500000000000361e-02
1.715150000000000008e-02,4.343750000000000389e-02
1.716200000000000017e-02,4.343750000000000389e-02
1.717250000000000026e-02,4.375000000000000416e-02
1.718300000000000036e-02,4.375000000000000416e-02
1.719350000000000045e-02,4.375000000000000416e-02
1.720400000000000054e-02,4.437500000000000472e-02
1.721450000000000063e-02,4.437500000000000472e-02
1.722500000000000073e-02,4.500000000000000527e-02
1.723550000000000082e-02,4.500000000000000527e-02
1.724600000000000091e-02,4.500000000000000527e-02
1.725650000000000100e-02,4.500000000000000527e-02
1.726700000000000110e-02,4.500000000000000527e-02
1.727750000000000119e-02,4.468750000000000500e-02
1.728800000000000128e-02,4.437500000000000472e-02
1.729850000000000138e-02,4.437500000000000472e-02
1.730899999999999800e-02,4.406250000000000444e-02
1.731949999999999809e-02,4.406250000000000444e-02
1.732999999999999818e-02,4.375000000000000416e-02
1.734049999999999828e-02,4.375000000000000416e-02
1.735099999999999837e-02,4.343750000000000389e-02
1.736149999999999846e-02,4.343750000000000389e-02
1.737199999999999855e-02,4.343750000000000389e-02
1.738249999999999865e-02,4.343750000000000389e-02
1.739299999999999874e-02,4.375000000000000416e-02
1.740349999999999883e-02,4.406250000000000444e-02
1.741399999999999892e-02,4.406250000000000444e-02
1.742449999999999902e-02,4.406250000000000444e-02
1.743499999999999911e-02,4.406250000000000444e-02
1.744549999999999920e-02,4.406250000000000444e-02
1.745599999999999929e-02,4.437500000000000472e-02
1.746649999999999939e-02,4.406250000000000444e-02
1.747699999999999948e-02,4.406250000000000444e-02
1.748749999999999957e-02,4.375000000000000416e-02
1.749799999999999967e-02,4.343750000000000389e-02
1.750849999999999976e-02,4.281250000000000333e-02
1.751899999999999985e-02,4.250000000000000305e-02
1.752949999999999994e-02,4.250000000000000305e-02
1.754000000000000004e-02,4.187500000000000250e-02
1.755050000000000013e-02,4.156250000000000222e-02
1.756100000000000022e-02,4.093750000000000167e-02
1.757150000000000031e-02,4.062500000000000139e-02
1.758200000000000041e-02,4.093750000000000167e-02
1.759250000000000050e-02,4.093750000000000167e-02
1.760300000000000059e-02,4.093750000000000167e-02
1.761350000000000068e-02,4.093750000000000167e-02
1.762400000000000078e-02,4.093750000000000167e-02
1.763450000000000087e-02,4.125000000000000194e-02
1.764500000000000096e-02,4.156250000000000222e-02
1.765550000000000105e-02,4.156250000000000222e-02
1.766600000000000115e-02,4.187500000000000250e-02
1.767650000000000124e-02,4.218750000000000278e-02
1.768700000000000133e-02,4.250000000000000305e-02
1.769749999999999795e-02,4.281250000000000333e-02
1.770799999999999805e-02,4.281250000000000333e-02
1.771849999999999814e-02,4.281250000000000333e-02
1.772899999999999823e-02,4.281250000000000333e-02
1.773949999999999833e-02,4.281250000000000333e-02
1.774999999999999842e-02,4.281250000000000333e-02
1.776049999999999851e-02,4.343750000000000389e-02
1.777099999999999860e-02,4.343750000000000389e-02
1.778149999999999870e-02,4.343750000000000389e-02
1.779199999999999879e-02,4.375000000000000416e-02
1.780249999999999888e-02,4.375000000000000416e-02
1.781299999999999897e-02,4.406250000000000444e-02
1.782349999999999907e-02,4.406250000000000444e-02
1.783399999999999916e-02,4.406250000000000444e-02
1.784449999999999925e-02,4.406250000000000444e-02
1.785499999999999934e-02,4.406250000000000444e-02
1.786549999999999944e-02,4.406250000000000444e-02
1.787599999999999953e-02,4.375000000000000416e-02
1.788649999999999962e-02,4.312500000000000361e-02
1.789699999999999971e-02,4.281250000000000333e-02
1.790749999999999981e-02,4.250000000000000305e-02
1.791799999999999990e-02,4.187500000000000250e-02
1.792849999999999999e-02,4.125000000000000194e-02
1.793900000000000008e-02,4.093750000000000167e-02
1.794950000000000018e-02,4.031250000000000111e-02
1.796000000000000027e-02,3.968750000000000056e-02
1.797050000000000036e-02,3.937500000000000722e-02
1.798100000000000045e-02,3.906250000000000000e-02
1.799150000000000055e-02,3.906250000000000000e-02
1.800200000000000064e-02,3.906250000000000000e-02
1.801250000000000073e-02,3.906250000000000000e-02
1.802300000000000083e-02,3.906250000000000000e-02
1.803350000000000092e-02,3.937500000000000722e-02
1.804400000000000101e-02,3.937500000000000722e-02
1.805450000000000110e-02,4.000000000000000083e-02
1.806500000000000120e-02,4.031250000000000111e-02
1.807550000000000129e-02,4.062500000000000139e-02
1.808599999999999791e-02,4.125000000000000194e-02
1.809649999999999800e-02,4.125000000000000194e-02
1.810699999999999810e-02,4.156250000000000222e-02
1.811749999999999819e-02,4.187500000000000250e-02
1.812799999999999828e-02,4.218750000000000278e-02
1.813849999999999837e-02,4.250000000000000305e-02
1.814899999999999847e-02,4.250000000000000305e-02
1.815949999999999856e-02,4.281250000000000333e-02
1.816999999999999865e-02,4.281250000000000333e-02
1.818049999999999874e-02,4.312500000000000361e-02
1.819099999999999884e-02,4.343750000000000389e-02
1.820149999999999893e-02,4.343750000000000389e-02
1.821199999999999902e-02,4.406250000000000444e-02
1.822249999999999912e-02,4.437500000000000472e-02
1.823299999999999921e-02,4.406250000000000444e-02
1.824349999999999930e-02,4.437500000000000472e-02
1.825399999999999939e-02,4.437500000000000472e-02
1.826449999999999949e-02,4.437500000000000472e-02
1.827499999999999958e-02,4.375000000000000416e-02
1.828549999999999967e-02,4.406250000000000444e-02
1.829599999999999976e-02,4.375000000000000416e-02
1.830649999999999986e-02,4.312500000000000361e-02
1.831699999999999995e-02,4.281250000000000333e-02
1.832750000000000004e-02,4.218750000000000278e-02
1.833800000000000013e-02,4.125000000000000194e-02
1.834850000000000023e-02,4.062500000000000139e-02
1.835900000000000032e-02,4.000000000000000083e-02
1.836950000000000041e-02,3.968750000000000056e-02
1.838000000000000050e-02,3.843750000000000638e-02
1.839050000000000060e-02,3.812500000000000611e-02
1.840100000000000069e-02,3.750000000000000555e-02
1.841150000000000078e-02,3.718750000000000527e-02
1.842200000000000087e-02,3.687500000000000500e-02
1.843250000000000097e-02,3.656250000000000472e-02
1.844300000000000106e-02,3.687500000000000500e-02
1.845350000000000115e-02,3.656250000000000472e-02
1.846400000000000124e-02,3.687500000000000500e-02
1.847449999999999787e-02,3.718750000000000527e-02
1.848499999999999796e-02,3.781250000000000583e-02
1.849549999999999805e-02,3.812500000000000611e-02
1.850599999999999815e-02,3.843750000000000638e-02
1.851649999999999824e-02,3.906250000000000000e-02
1.852699999999999833e-02,3.906250000000000000e-02
1.853749999999999842e-02,3.937500000000000722e-02
1.854799999999999852e-02,4.000000000000000083e-02
1.855849999999999861e-02,4.000000000000000083e-02
1.856899999999999870e-02,4.062500000000000139e-02
1.857949999999999879e-02,4.093750000000000167e-02
1.858999999999999889e-02,4.125000000000000194e-02
1.860049999999999898e-02,4.125000000000000194e-02
1.861099999999999907e-02,4.156250000000000222e-02
1.862149999999999916e-02,4.187500000000000250e-02
1.863199999999999926e-02,4.218750000000000278e-02
1.864249999999999935e-02,4.218750000000000278e-02
1.865299999999999944e-02,4.250000000000000305e-02
1.866349999999999953e-02,4.218750000000000278e-02
1.867399999999999963e-02,4.218750000000000278e-02
1.868449999999999972e-02,4.187500000000000250e-02
1.869499999999999981e-02,4.125000000000000194e-02
1.870549999999999990e-02,4.093750000000000167e-02
1.871600000000000000e-02,4.062500000000000139e-02
1.872650000000000009e-02,4.000000000000000083e-02
1.873700000000000018e-02,3.968750000000000056e-02
1.874750000000000028e-02,3.843750000000000638e-02
1.875800000000000037e-02,3.812500000000000611e-02
1.876850000000000046e-02,3.687500000000000500e-02
1.877900000000000055e-02,3.656250000000000472e-02
1.878950000000000065e-02,3.562500000000000389e-02
1.880000000000000074e-02,3.531250000000000361e-02
1.881050000000000083e-02,3.468750000000000305e-02
1.882100000000000092e-02,3.437500000000000278e-02
1.883150000000000102e-02,3.375000000000000222e-02
1.884200000000000111e-02,3.375000000000000222e-02
1.885250000000000120e-02,3.375000000000000222e-02
1.886299999999999782e-02,3.375000000000000222e-02
1.887349999999999792e-02,3.375000000000000222e-02
1.888399999999999801e-02,3.406250000000000250e-02
1.889449999999999810e-02,3.437500000000000278e-02
1.890499999999999819e-02,3.500000000000000333e-02
1.891549999999999829e-02,3.531250000000000361e-02
1.892599999999999838e-02,3.593750000000000416e-02
1.893649999999999847e-02,3.656250000000000472e-02
1.894699999999999857e-02,3.656250000000000472e-02
1.895749999999999866e-02,3.750000000000000555e-02
1.896799999999999875e-02,3.812500000000000611e-02
1.897849999999999884e-02,3.843750000000000638e-02
1.898899999999999894e-02,3.906250000000000000e-02
1.899949999999999903e-02,3.937500000000000722e-02
1.900999999999999912e-02,3.968750000000000056e-02
1.902049999999999921e-02,4.000000000000000083e-02
1.903099999999999931e-02,4.000000000000000083e-02
1.904149999999999940e-02,4.062500000000000139e-02
1.905199999999999949e-02,4.093750000000000167e-02
1.906249999999999958e-02,4.093750000000000167e-02
1.907299999999999968e-02,4.062500000000000139e-02
1.908349999999999977e-02,4.062500000000000139e-02
1.909399999999999986e-02,4.031250000000000111e-02
1.910449999999999995e-02,4.000000000000000083e-02
1.911500000000000005e-02,3.968750000000000056e-02
1.912550000000000014e-02,3.875000000000000666e-02
1.913600000000000023e-02,3.843750000000000638e-02
1.914650000000000032e-02,3.718750000000000527e-02
1.915700000000000042e-02,3.625000000000000444e-02
1.916750000000000051e-02,3.562500000000000389e-02
1.917800000000000060e-02,3.437500000000000278e-02
1.918850000000000069e-02,3.312500000000000167e-02
1.919900000000000079e-02,3.218750000000000083e-02
1.920950000000000088e-02,3.125000000000000000e-02
1.922000000000000097e-02,3.031250000000000264e-02
1.923050000000000107e-02,2.968750000000000208e-02
1.924100000000000116e-02,2.875000000000000472e-02
1.925150000000000125e-02,2.843750000000000444e-02
1.926199999999999787e-02,2.812500000000000416e-02
1.927249999999999797e-02,2.781250000000000389e-02
1.928299999999999806e-02,2.750000000000000361e-02
1.929349999999999815e-02,2.750000000000000361e-02
1.930399999999999824e-02,2.781250000000000389e-02
1.931449999999999834e-02,2.781250000000000389e-02
1.932499999999999843e-02,2.875000000000000472e-02
1.933549999999999852e-02,2.875000000000000472e-02
1.934599999999999861e-02,2.968750000000000208e-02
1.935649999999999871e-02,3.000000000000000236e-02
1.936699999999999880e-02,3.093750000000000319e-02
1.937749999999999889e-02,3.125000000000000000e-02
1.938799999999999898e-02,3.187500000000000056e-02
1.939849999999999908e-02,3.281250000000000139e-02
1.940899999999999917e-02,3.312500000000000167e-02
1.941949999999999926e-02,3.312500000000000167e-02
1.942999999999999935e-02,3.406250000000000250e-02
1.944049999999999945e-02,3.437500000000000278e-02
1.945099999999999954e-02,3.437500000000000278e-02
1.946149999999999963e-02,3.437500000000000278e-02
1.947199999999999973e-02,3.437500000000000278e-02
1.948249999999999982e-02,3.437500000000000278e-02
1.949299999999999991e-02,3.406250000000000250e-02
1.950350000000000000e-02,3.343750000000000194e-02
1.951400000000000010e-02,3.312500000000000167e-02
1.952450000000000019e-02,3.218750000000000083e-02
1.953500000000000028e-02,3.093750000000000319e-02
1.954550000000000037e-02,3.062500000000000291e-02
1.955600000000000047e-02,2.937500000000000527e-02
1.956650000000000056e-02,2.843750000000000444e-02
1.957700000000000065e-02,2.718750000000000333e-02
1.958750000000000074e-02,2.593750000000000222e-02
1.959800000000000084e-02,2.500000000000000139e-02
1.960850000000000093e-02,2.406250000000000056e-02
1.961900000000000102e-02,2.343750000000000347e-02
1.962950000000000111e-02,2.218750000000000236e-02
1.964000000000000121e-02,2.093750000000000472e-02
1.965049999999999783e-02,2.062500000000000444e-02
1.966099999999999792e-02,1.968750000000000361e-02
1.967149999999999802e-02,1.937500000000000333e-02
1.968199999999999811e-02,1.875000000000000278e-02
1.969249999999999820e-02,1.875000000000000278e-02
1.970299999999999829e-02,1.875000000000000278e-02
1.971349999999999839e-02,1.875000000000000278e-02
1.972399999999999848e-02,1.937500000000000333e-02
1.973449999999999857e-02,2.000000000000000389e-02
1.974499999999999866e-02,2.062500000000000444e-02
1.975549999999999876e-02,2.125000000000000500e-02
1.976599999999999885e-02,2.250000000000000264e-02
1.977649999999999894e-02,2.250000000000000264e-02
1.978699999999999903e-02,2.437500000000000083e-02
1.979749999999999913e-02,2.500000000000000139e-02
1.980799999999999922e-02,2.656250000000000278e-02
1.981849999999999931e-02,2.718750000000000333e-02
1.982899999999999940e-02,2.812500000000000416e-02
1.983949999999999950e-02,2.875000000000000472e-02
1.984999999999999959e-02,2.968750000000000208e-02
1.986049999999999968e-02,3.000000000000000236e-02
1.987099999999999977e-02,3.062500000000000291e-02
1.988149999999999987e-02,3.125000000000000000e-02
1.989199999999999996e-02,3.156250000000000028e-02
1.990250000000000005e-02,3.125000000000000000e-02
1.991300000000000014e-02,3.187500000000000056e-02
1.992350000000000024e-02,3.156250000000000028e-02
1.993400000000000033e-02,3.125000000000000000e-02
1.994450000000000042e-02,3.125000000000000000e-02
1.995500000000000052e-02,3.062500000000000291e-02
1.996550000000000061e-02,3.000000000000000236e-02
1.997600000000000070e-02,2.906250000000000500e-02
1.998650000000000079e-02,2.843750000000000444e-02
1.999700000000000089e-02,2.750000000000000361e-02
2.000750000000000098e-02,2.656250000000000278e-02
2.001800000000000107e-02,2.562500000000000194e-02
2.002850000000000116e-02,2.468750000000000111e-02
2.003899999999999779e-02,2.375000000000000375e-02
2.004949999999999788e-02,2.343750000000000347e-02
2.005999999999999797e-02,2.218750000000000236e-02
2.007049999999999806e-02,2.187500000000000555e-02
2.008099999999999816e-02,2.125000000000000500e-02
2.009149999999999825e-02,2.093750000000000472e-02
2.010199999999999834e-02,2.062500000000000444e-02
2.011249999999999843e-02,2.062500000000000444e-02
2.012299999999999853e-02,2.093750000000000472e-02
2.013349999999999862e-02,2.125000000000000500e-02
2.014399999999999871e-02,2.187500000000000555e-02
2.015449999999999880e-02,2.218750000000000236e-02
2.016499999999999890e-02,2.312500000000000319e-02
2.017549999999999899e-02,2.437500000000000083e-02
2.018599999999999908e-02,2.500000000000000139e-02
2.019649999999999918e-02,2.593750000000000222e-02
2.020699999999999927e-02,2.687500000000000305e-02
2.021749999999999936e-02,2.781250000000000389e-02
2.022799999999999945e-02,2.875000000000000472e-02
2.023849999999999955e-02,3.000000000000000236e-02
2.024899999999999964e-02,3.062500000000000291e-02
2.025949999999999973e-02,3.125000000000000000e-02
2.026999999999999982e-02,3.187500000000000056e-02
2.028049999999999992e-02,3.281250000000000139e-02
2.029100000000000001e-02,3.312500000000000167e-02
2.030150000000000010e-02,3.343750000000000194e-02
2.031200000000000019e-02,3.375000000000000222e-02
2.032250000000000029e-02,3.343750000000000194e-02
2.033300000000000038e-02,3.312500000000000167e-02
2.034350000000000047e-02,3.343750000000000194e-02
2.035400000000000056e-02,3.281250000000000139e-02
2.036450000000000066e-02,3.250000000000000111e-02
2.037500000000000075e-02,3.218750000000000083e-02
2.038550000000000084e-02,3.125000000000000000e-02
2.039600000000000093e-02,3.031250000000000264e-02
2.040650000000000103e-02,2.937500000000000527e-02
2.041700000000000112e-02,2.812500000000000416e-02
2.042749999999999774e-02,2.781250000000000389e-02
2.043799999999999784e-02,2.687500000000000305e-02
2.044849999999999793e-02,2.593750000000000222e-02
2.045899999999999802e-02,2.468750000000000111e-02
2.046949999999999811e-02,2.406250000000000056e-02
2.047999999999999821e-02,2.312500000000000319e-02
2.049049999999999830e-02,2.250000000000000264e-02
2.050099999999999839e-02,2.187500000000000555e-02
2.051149999999999848e-02,2.187500000000000555e-02
2.052199999999999858e-02,2.156250000000000527e-02
2.053249999999999867e-02,2.187500000000000555e-02
2.054299999999999876e-02,2.125000000000000500e-02
2.055349999999999885e-02,2.156250000000000527e-02
2.056399999999999895e-02,2.250000000000000264e-02
2.057449999999999904e-02,2.281250000000000291e-02
2.058499999999999913e-02,2.343750000000000347e-02
2.059549999999999922e-02,2.437500000000000083e-02
2.060599999999999932e-02,2.500000000000000139e-02
2.061649999999999941e-02,2.593750000000000222e-02
2.062699999999999950e-02,2.687500000000000305e-02
2.063749999999999959e-02,2.750000000000000361e-02
2.064799999999999969e-02,2.812500000000000416e-02
2.065849999999999978e-02,2.843750000000000444e-02
2.066899999999999987e-02,2.937500000000000527e-02
2.067949999999999997e-02,3.000000000000000236e-02
2.069000000000000006e-02,3.031250000000000264e-02
2.070050000000000015e-02,3.062500000000000291e-02
2.071100000000000024e-02,3.062500000000000291e-02
2.072150000000000034e-02,3.062500000000000291e-02
2.073200000000000043e-02,3.062500000000000291e-02
2.074250000000000052e-02,3.000000000000000236e-02
2.075300000000000061e-02,3.000000000000000236e-02
2.076350000000000071e-02,2.906250000000000500e-02
2.077400000000000080e-02,2.843750000000000444e-02
2.078450000000000089e-02,2.750000000000000361e-02
2.079500000000000098e-02,2.687500000000000305e-02
2.080550000000000108e-02,2.593750000000000222e-02
2.081600000000000117e-02,2.468750000000000111e-02
2.082649999999999779e-02,2.343750000000000347e-02
2.083699999999999788e-02,2.187500000000000555e-02
2.084749999999999798e-02,2.093750000000000472e-02
2.085799999999999807e-02,2.031250000000000416e-02
2.086849999999999816e-02,2.000000000000000389e-02
2.087899999999999825e-02,2.062500000000000444e-02
2.088949999999999835e-02,2.312500000000000319e-02
