PURE SILICA, ELECTRODE=TUNGSTEN, TIME=35, POLING_VOLTAGE=3700, WAVELENGTH=1.55e-06, EFFECTIVE_DISTANCE=3.1e-05, POLED_LENGTH=0.3, CORE_INDEX=1.45, POLE=MAX, AC_VOLTAGE=237.5, AC_FREQUENCY=410, PIEZO_FREQUENCY=8.2
Time(s),Voltage(V)
-8.000000000000000383e-04,1.968750000000000361e-02
-7.380000000000000492e-04,2.093750000000000472e-02
-6.760000000000000600e-04,2.187500000000000555e-02
-6.139999999999999625e-04,2.312500000000000319e-02
-5.519999999999999733e-04,2.406250000000000056e-02
-4.899999999999999842e-04,2.531250000000000167e-02
-4.279999999999999950e-04,2.625000000000000250e-02
-3.660000000000000059e-04,2.687500000000000305e-02
-3.040000000000000167e-04,2.812500000000000416e-02
-2.420000000000000276e-04,2.937500000000000527e-02
-1.800000000000000384e-04,3.000000000000000236e-02
-1.180000000000000493e-04,3.062500000000000291e-02
-5.599999999999995173e-05,3.093750000000000319e-02
6.000000000000037421e-06,3.093750000000000319e-02
6.800000000000002657e-05,3.125000000000000000e-02
1.300000000000000157e-04,3.031250000000000264e-02
1.920000000000000049e-04,2.937500000000000527e-02
2.539999999999999940e-04,2.906250000000000500e-02
3.159999999999999832e-04,2.968750000000000208e-02
3.779999999999999723e-04,2.687500000000000305e-02
4.399999999999999615e-04,2.343750000000000347e-02
5.019999999999999506e-04,2.156250000000000527e-02
5.639999999999999397e-04,2.281250000000000291e-02
6.259999999999999289e-04,2.312500000000000319e-02
6.880000000000001349e-04,2.406250000000000056e-02
7.500000000000001240e-04,2.437500000000000083e-02
8.120000000000001132e-04,2.625000000000000250e-02
8.740000000000001023e-04,2.656250000000000278e-02
9.360000000000000915e-04,2.375000000000000375e-02
9.980000000000001890e-04,2.375000000000000375e-02
1.060000000000000178e-03,2.531250000000000167e-02
1.122000000000000167e-03,2.406250000000000056e-02
1.184000000000000156e-03,2.187500000000000555e-02
1.246000000000000146e-03,2.375000000000000375e-02
1.308000000000000135e-03,2.437500000000000083e-02
1.370000000000000124e-03,2.312500000000000319e-02
1.432000000000000113e-03,2.062500000000000444e-02
1.494000000000000102e-03,2.031250000000000416e-02
1.556000000000000091e-03,2.031250000000000416e-02
1.618000000000000081e-03,1.906250000000000305e-02
1.680000000000000070e-03,1.812500000000000222e-02
1.742000000000000059e-03,1.906250000000000305e-02
1.804000000000000048e-03,1.937500000000000333e-02
1.866000000000000037e-03,2.031250000000000416e-02
1.928000000000000026e-03,2.125000000000000500e-02
1.990000000000000015e-03,2.187500000000000555e-02
2.052000000000000005e-03,2.437500000000000083e-02
2.113999999999999994e-03,2.625000000000000250e-02
2.176000000000000417e-03,2.750000000000000361e-02
2.238000000000000406e-03,2.968750000000000208e-02
2.300000000000000395e-03,3.062500000000000291e-02
2.362000000000000384e-03,3.125000000000000000e-02
2.424000000000000373e-03,3.250000000000000111e-02
2.486000000000000362e-03,3.312500000000000167e-02
2.548000000000000351e-03,3.406250000000000250e-02
2.610000000000000341e-03,3.437500000000000278e-02
2.672000000000000330e-03,3.562500000000000389e-02
2.734000000000000319e-03,3.656250000000000472e-02
2.796000000000000308e-03,3.593750000000000416e-02
2.858000000000000297e-03,3.500000000000000333e-02
2.920000000000000286e-03,3.125000000000000000e-02
2.982000000000000275e-03,3.031250000000000264e-02
3.044000000000000265e-03,2.781250000000000389e-02
3.106000000000000254e-03,2.593750000000000222e-02
3.168000000000000243e-03,2.468750000000000111e-02
3.230000000000000666e-03,2.312500000000000319e-02
3.292000000000000221e-03,2.156250000000000527e-02
3.354000000000000644e-03,1.843750000000000250e-02
3.416000000000000199e-03,1.750000000000000167e-02
3.478000000000000622e-03,1.625000000000000402e-02
3.540000000000000178e-03,1.500000000000000291e-02
3.602000000000000601e-03,1.468750000000000264e-02
3.664000000000000156e-03,1.500000000000000291e-02
3.726000000000000579e-03,1.562500000000000347e-02
3.788000000000000134e-03,1.562500000000000347e-02
3.850000000000000557e-03,1.593750000000000375e-02
3.911999999999999679e-03,1.625000000000000402e-02
3.974000000000000102e-03,1.687500000000000458e-02
4.035999999999999657e-03,1.750000000000000167e-02
4.098000000000000080e-03,1.875000000000000278e-02
4.159999999999999636e-03,2.000000000000000389e-02
4.222000000000000058e-03,2.093750000000000472e-02
4.283999999999999614e-03,2.187500000000000555e-02
4.346000000000000037e-03,2.250000000000000264e-02
4.407999999999999592e-03,2.312500000000000319e-02
4.470000000000000015e-03,2.343750000000000347e-02
4.531999999999999570e-03,2.375000000000000375e-02
4.593999999999999993e-03,2.468750000000000111e-02
4.655999999999999549e-03,2.468750000000000111e-02
4.717999999999999972e-03,2.437500000000000083e-02
4.779999999999999527e-03,2.375000000000000375e-02
4.841999999999999950e-03,2.343750000000000347e-02
4.903999999999999505e-03,2.312500000000000319e-02
4.965999999999999928e-03,2.187500000000000555e-02
5.027999999999999484e-03,2.156250000000000527e-02
5.089999999999999906e-03,2.187500000000000555e-02
5.152000000000000329e-03,2.062500000000000444e-02
5.213999999999999885e-03,1.968750000000000361e-02
5.276000000000000308e-03,1.937500000000000333e-02
5.337999999999999863e-03,1.843750000000000250e-02
5.400000000000000286e-03,1.781250000000000194e-02
5.461999999999999841e-03,1.718750000000000139e-02
5.524000000000000264e-03,1.656250000000000430e-02
5.585999999999999820e-03,1.687500000000000458e-02
5.648000000000000242e-03,1.593750000000000375e-02
5.709999999999999798e-03,1.562500000000000347e-02
5.772000000000000221e-03,1.437500000000000236e-02
5.833999999999999776e-03,1.312500000000000125e-02
5.896000000000000199e-03,1.156250000000000333e-02
5.957999999999999755e-03,1.093750000000000278e-02
6.020000000000000177e-03,9.375000000000001388e-03
6.081999999999999733e-03,8.750000000000004302e-03
6.144000000000000156e-03,7.812500000000003469e-03
6.205999999999999711e-03,6.562500000000002359e-03
6.268000000000000134e-03,6.250000000000002082e-03
6.329999999999999689e-03,5.312500000000001249e-03
6.392000000000000112e-03,5.000000000000004441e-03
6.453999999999999668e-03,4.375000000000003886e-03
6.516000000000000091e-03,5.000000000000004441e-03
6.577999999999999646e-03,5.000000000000004441e-03
6.640000000000000069e-03,5.625000000000001527e-03
6.701999999999999624e-03,5.625000000000001527e-03
6.764000000000000047e-03,6.562500000000002359e-03
6.825999999999999603e-03,7.187500000000002914e-03
6.888000000000000025e-03,7.812500000000003469e-03
6.949999999999999581e-03,9.687500000000001665e-03
7.012000000000000004e-03,1.093750000000000278e-02
7.074000000000000427e-03,1.156250000000000333e-02
7.135999999999999982e-03,1.406250000000000208e-02
7.197999999999999537e-03,1.468750000000000264e-02
7.260000000000000828e-03,1.562500000000000347e-02
7.322000000000000383e-03,1.625000000000000402e-02
7.383999999999999939e-03,1.656250000000000430e-02
7.445999999999999494e-03,1.656250000000000430e-02
7.508000000000000784e-03,1.625000000000000402e-02
7.570000000000000340e-03,1.593750000000000375e-02
7.631999999999999895e-03,1.531250000000000319e-02
7.693999999999999451e-03,1.375000000000000180e-02
7.756000000000000741e-03,1.218750000000000389e-02
7.818000000000000296e-03,1.062500000000000250e-02
7.879999999999999852e-03,8.750000000000004302e-03
7.941999999999999407e-03,6.875000000000002637e-03
8.004000000000000697e-03,5.937500000000001804e-03
8.066000000000000253e-03,5.312500000000001249e-03
8.127999999999999808e-03,4.062500000000003608e-03
8.189999999999999364e-03,3.437500000000003053e-03
8.252000000000000654e-03,2.812500000000002498e-03
8.314000000000000209e-03,2.500000000000002220e-03
8.375999999999999765e-03,2.187500000000001943e-03
8.437999999999999320e-03,1.875000000000001665e-03
8.500000000000000611e-03,2.187500000000001943e-03
8.562000000000000166e-03,2.187500000000001943e-03
8.623999999999999722e-03,2.187500000000001943e-03
8.685999999999999277e-03,1.875000000000001665e-03
8.748000000000000567e-03,1.875000000000001665e-03
8.810000000000000123e-03,1.875000000000001665e-03
8.871999999999999678e-03,1.875000000000001665e-03
8.933999999999999234e-03,2.187500000000001943e-03
8.996000000000000524e-03,2.187500000000001943e-03
9.058000000000000079e-03,2.187500000000001943e-03
9.119999999999999635e-03,2.812500000000002498e-03
9.182000000000000925e-03,2.812500000000002498e-03
9.244000000000000480e-03,2.812500000000002498e-03
9.306000000000000036e-03,3.125000000000002776e-03
9.367999999999999591e-03,3.437500000000003053e-03
9.430000000000000882e-03,3.437500000000003053e-03
9.492000000000000437e-03,3.750000000000003331e-03
9.553999999999999992e-03,3.750000000000003331e-03
9.615999999999999548e-03,4.062500000000003608e-03
9.678000000000000838e-03,4.062500000000003608e-03
9.740000000000000394e-03,4.062500000000003608e-03
9.801999999999999949e-03,4.375000000000003886e-03
9.863999999999999505e-03,4.062500000000003608e-03
9.926000000000000795e-03,4.062500000000003608e-03
9.988000000000000350e-03,3.750000000000003331e-03
1.004999999999999991e-02,3.437500000000003053e-03
1.011199999999999946e-02,3.437500000000003053e-03
1.017400000000000075e-02,3.437500000000003053e-03
1.023600000000000031e-02,3.125000000000002776e-03
1.029799999999999986e-02,3.437500000000003053e-03
1.035999999999999942e-02,2.812500000000002498e-03
1.042200000000000071e-02,2.812500000000002498e-03
1.048400000000000026e-02,2.187500000000001943e-03
1.054599999999999982e-02,2.187500000000001943e-03
1.060799999999999937e-02,2.187500000000001943e-03
1.067000000000000066e-02,1.875000000000001665e-03
1.073200000000000022e-02,2.187500000000001943e-03
1.079399999999999978e-02,2.187500000000001943e-03
1.085599999999999933e-02,2.187500000000001943e-03
1.091800000000000062e-02,2.500000000000002220e-03
1.098000000000000018e-02,2.500000000000002220e-03
1.104199999999999973e-02,2.187500000000001943e-03
1.110400000000000102e-02,2.187500000000001943e-03
1.116600000000000058e-02,2.500000000000002220e-03
1.122800000000000013e-02,2.187500000000001943e-03
1.128999999999999969e-02,2.187500000000001943e-03
1.135200000000000098e-02,2.187500000000001943e-03
1.141400000000000053e-02,1.875000000000001665e-03
1.147600000000000009e-02,1.875000000000001665e-03
1.153799999999999965e-02,1.875000000000001665e-03
1.160000000000000094e-02,1.875000000000001665e-03
1.166200000000000049e-02,2.187500000000001943e-03
1.172400000000000005e-02,2.187500000000001943e-03
1.178599999999999960e-02,2.500000000000002220e-03
1.184800000000000089e-02,2.812500000000002498e-03
1.191000000000000045e-02,2.812500000000002498e-03
1.197200000000000000e-02,2.812500000000002498e-03
1.203399999999999956e-02,3.437500000000003053e-03
1.209600000000000085e-02,3.437500000000003053e-03
1.215800000000000040e-02,3.437500000000003053e-03
1.221999999999999996e-02,3.437500000000003053e-03
1.228199999999999951e-02,3.750000000000003331e-03
1.234400000000000081e-02,3.437500000000003053e-03
1.240600000000000036e-02,3.437500000000003053e-03
1.246799999999999992e-02,3.437500000000003053e-03
1.252999999999999947e-02,2.812500000000002498e-03
1.259200000000000076e-02,2.500000000000002220e-03
1.265400000000000032e-02,2.500000000000002220e-03
1.271599999999999987e-02,2.187500000000001943e-03
1.277799999999999943e-02,2.187500000000001943e-03
1.284000000000000072e-02,1.875000000000001665e-03
1.290200000000000027e-02,1.875000000000001665e-03
1.296399999999999983e-02,2.187500000000001943e-03
1.302599999999999938e-02,2.187500000000001943e-03
1.308800000000000067e-02,2.187500000000001943e-03
1.315000000000000023e-02,2.187500000000001943e-03
1.321199999999999979e-02,2.187500000000001943e-03
1.327400000000000108e-02,2.187500000000001943e-03
1.333600000000000063e-02,2.812500000000002498e-03
1.339800000000000019e-02,2.500000000000002220e-03
1.345999999999999974e-02,2.812500000000002498e-03
1.352200000000000103e-02,3.125000000000002776e-03
1.358400000000000059e-02,3.125000000000002776e-03
1.364600000000000014e-02,2.812500000000002498e-03
1.370799999999999970e-02,2.812500000000002498e-03
1.377000000000000099e-02,2.500000000000002220e-03
1.383200000000000054e-02,2.812500000000002498e-03
1.389400000000000010e-02,2.500000000000002220e-03
1.395599999999999966e-02,2.500000000000002220e-03
1.401800000000000095e-02,2.187500000000001943e-03
1.408000000000000050e-02,2.187500000000001943e-03
1.414200000000000006e-02,2.187500000000001943e-03
1.420399999999999961e-02,1.875000000000001665e-03
1.426600000000000090e-02,2.187500000000001943e-03
1.432800000000000046e-02,1.875000000000001665e-03
1.439000000000000001e-02,2.187500000000001943e-03
1.445199999999999957e-02,2.500000000000002220e-03
1.451400000000000086e-02,3.125000000000002776e-03
1.457600000000000041e-02,4.062500000000003608e-03
1.463799999999999997e-02,4.375000000000003886e-03
1.469999999999999953e-02,4.375000000000003886e-03
1.476200000000000082e-02,5.312500000000001249e-03
1.482400000000000037e-02,5.937500000000001804e-03
1.488600000000000166e-02,5.312500000000001249e-03
1.494800000000000122e-02,5.625000000000001527e-03
1.501000000000000077e-02,5.625000000000001527e-03
1.507200000000000033e-02,5.312500000000001249e-03
1.513399999999999988e-02,4.687500000000004163e-03
1.519599999999999944e-02,4.062500000000003608e-03
1.525799999999999899e-02,3.437500000000003053e-03
1.532000000000000202e-02,3.437500000000003053e-03
1.538200000000000157e-02,3.125000000000002776e-03
1.544400000000000113e-02,2.500000000000002220e-03
1.550600000000000069e-02,2.500000000000002220e-03
1.556800000000000024e-02,2.812500000000002498e-03
1.563000000000000153e-02,2.500000000000002220e-03
1.569200000000000109e-02,2.812500000000002498e-03
1.575400000000000064e-02,3.437500000000003053e-03
1.581600000000000367e-02,3.125000000000002776e-03
1.587800000000000322e-02,3.437500000000003053e-03
1.594000000000000278e-02,3.437500000000003053e-03
1.600200000000000233e-02,2.812500000000002498e-03
1.606400000000000189e-02,3.125000000000002776e-03
1.612600000000000144e-02,2.812500000000002498e-03
1.618800000000000100e-02,2.187500000000001943e-03
1.625000000000000056e-02,2.187500000000001943e-03
1.631200000000000358e-02,2.187500000000001943e-03
1.637400000000000314e-02,2.187500000000001943e-03
1.643600000000000269e-02,2.187500000000001943e-03
1.649800000000000225e-02,2.500000000000002220e-03
1.656000000000000180e-02,2.500000000000002220e-03
1.662200000000000136e-02,2.812500000000002498e-03
1.668400000000000091e-02,3.125000000000002776e-03
1.674600000000000047e-02,3.125000000000002776e-03
1.680800000000000349e-02,3.750000000000003331e-03
1.687000000000000305e-02,3.437500000000003053e-03
1.693200000000000260e-02,3.750000000000003331e-03
1.699400000000000216e-02,3.750000000000003331e-03
1.705600000000000172e-02,4.062500000000003608e-03
1.711800000000000127e-02,4.062500000000003608e-03
1.718000000000000083e-02,3.437500000000003053e-03
1.724200000000000385e-02,3.437500000000003053e-03
1.730400000000000341e-02,3.125000000000002776e-03
1.736600000000000296e-02,2.812500000000002498e-03
1.742800000000000252e-02,2.812500000000002498e-03
1.749000000000000207e-02,2.500000000000002220e-03
1.755200000000000163e-02,2.500000000000002220e-03
1.761400000000000118e-02,2.187500000000001943e-03
1.767600000000000074e-02,1.875000000000001665e-03
1.773800000000000376e-02,1.875000000000001665e-03
1.780000000000000332e-02,1.875000000000001665e-03
1.786200000000000288e-02,2.187500000000001943e-03
1.792400000000000243e-02,1.562500000000001388e-03
1.798600000000000199e-02,1.562500000000001388e-03
1.804800000000000154e-02,2.187500000000001943e-03
1.811000000000000110e-02,2.187500000000001943e-03
1.817200000000000065e-02,2.500000000000002220e-03
1.823400000000000368e-02,2.500000000000002220e-03
1.829600000000000323e-02,2.812500000000002498e-03
1.835800000000000279e-02,2.812500000000002498e-03
1.842000000000000234e-02,3.125000000000002776e-03
1.848200000000000190e-02,3.437500000000003053e-03
1.854400000000000145e-02,3.437500000000003053e-03
1.860600000000000101e-02,3.437500000000003053e-03
1.866800000000000057e-02,3.750000000000003331e-03
1.873000000000000359e-02,3.437500000000003053e-03
1.879200000000000315e-02,3.437500000000003053e-03
1.885400000000000270e-02,3.437500000000003053e-03
1.891600000000000226e-02,3.125000000000002776e-03
1.897800000000000181e-02,2.812500000000002498e-03
1.904000000000000137e-02,2.500000000000002220e-03
1.910200000000000092e-02,2.500000000000002220e-03
1.916400000000000395e-02,2.187500000000001943e-03
1.922600000000000350e-02,2.187500000000001943e-03
1.928800000000000306e-02,2.187500000000001943e-03
1.935000000000000261e-02,2.500000000000002220e-03
1.941200000000000217e-02,2.500000000000002220e-03
1.947400000000000173e-02,2.500000000000002220e-03
1.953600000000000128e-02,2.812500000000002498e-03
1.959800000000000084e-02,2.812500000000002498e-03
1.966000000000000386e-02,2.812500000000002498e-03
1.972200000000000342e-02,2.500000000000002220e-03
1.978400000000000297e-02,2.500000000000002220e-03
1.984600000000000253e-02,2.500000000000002220e-03
1.990800000000000208e-02,2.187500000000001943e-03
1.997000000000000164e-02,2.187500000000001943e-03
2.003200000000000119e-02,1.875000000000001665e-03
2.009400000000000075e-02,2.500000000000002220e-03
2.015600000000000377e-02,2.500000000000002220e-03
2.021800000000000333e-02,3.125000000000002776e-03
2.028000000000000289e-02,3.750000000000003331e-03
2.034200000000000244e-02,4.375000000000003886e-03
2.040400000000000200e-02,5.937500000000001804e-03
2.046600000000000155e-02,7.187500000000002914e-03
2.052800000000000111e-02,7.812500000000003469e-03
2.059000000000000066e-02,9.062500000000001110e-03
2.065200000000000369e-02,9.687500000000001665e-03
2.071400000000000324e-02,1.000000000000000194e-02
2.077600000000000280e-02,1.000000000000000194e-02
2.083800000000000235e-02,1.031250000000000222e-02
2.090000000000000191e-02,9.687500000000001665e-03
2.096200000000000147e-02,9.062500000000001110e-03
2.102400000000000102e-02,8.437500000000004025e-03
2.108600000000000405e-02,7.812500000000003469e-03
2.114800000000000360e-02,7.187500000000002914e-03
2.121000000000000316e-02,6.250000000000002082e-03
2.127200000000000271e-02,5.937500000000001804e-03
2.133400000000000227e-02,5.312500000000001249e-03
2.139600000000000182e-02,4.687500000000004163e-03
2.145800000000000138e-02,4.375000000000003886e-03
2.152000000000000093e-02,4.062500000000003608e-03
2.158200000000000396e-02,3.750000000000003331e-03
2.164400000000000351e-02,3.437500000000003053e-03
2.170600000000000307e-02,3.437500000000003053e-03
2.176800000000000263e-02,3.437500000000003053e-03
2.183000000000000218e-02,3.437500000000003053e-03
2.189200000000000174e-02,3.437500000000003053e-03
2.195400000000000129e-02,3.437500000000003053e-03
2.201600000000000085e-02,3.437500000000003053e-03
2.207800000000000387e-02,3.125000000000002776e-03
2.214000000000000343e-02,3.125000000000002776e-03
2.220200000000000298e-02,3.437500000000003053e-03
2.226400000000000254e-02,3.437500000000003053e-03
2.232600000000000209e-02,3.437500000000003053e-03
2.238800000000000165e-02,3.750000000000003331e-03
2.245000000000000120e-02,4.062500000000003608e-03
2.251200000000000076e-02,4.062500000000003608e-03
2.257400000000000378e-02,4.062500000000003608e-03
2.263600000000000334e-02,4.687500000000004163e-03
2.269800000000000290e-02,5.625000000000001527e-03
2.276000000000000245e-02,5.937500000000001804e-03
2.282200000000000201e-02,6.562500000000002359e-03
2.288400000000000156e-02,6.875000000000002637e-03
2.294600000000000112e-02,7.812500000000003469e-03
2.300800000000000414e-02,8.750000000000004302e-03
2.307000000000000370e-02,9.687500000000001665e-03
2.313200000000000325e-02,1.062500000000000250e-02
2.319400000000000281e-02,1.156250000000000333e-02
2.325600000000000236e-02,1.375000000000000180e-02
2.331800000000000192e-02,1.406250000000000208e-02
2.338000000000000148e-02,1.562500000000000347e-02
2.344200000000000103e-02,1.656250000000000430e-02
2.350400000000000406e-02,1.656250000000000430e-02
2.356600000000000361e-02,1.687500000000000458e-02
2.362800000000000317e-02,1.687500000000000458e-02
2.369000000000000272e-02,1.687500000000000458e-02
2.375200000000000228e-02,1.625000000000000402e-02
2.381400000000000183e-02,1.625000000000000402e-02
2.387600000000000139e-02,1.531250000000000319e-02
2.393800000000000094e-02,1.531250000000000319e-02
2.400000000000000397e-02,1.437500000000000236e-02
2.406200000000000352e-02,1.343750000000000153e-02
2.412400000000000308e-02,1.250000000000000416e-02
2.418600000000000264e-02,1.156250000000000333e-02
2.424800000000000219e-02,1.156250000000000333e-02
2.431000000000000175e-02,1.031250000000000222e-02
2.437200000000000130e-02,1.000000000000000194e-02
2.443400000000000086e-02,1.000000000000000194e-02
2.449600000000000388e-02,1.000000000000000194e-02
2.455800000000000344e-02,1.093750000000000278e-02
2.462000000000000299e-02,1.093750000000000278e-02
2.468200000000000255e-02,1.187500000000000361e-02
2.474400000000000210e-02,1.343750000000000153e-02
2.480600000000000166e-02,1.593750000000000375e-02
2.486800000000000122e-02,1.687500000000000458e-02
2.493000000000000077e-02,1.906250000000000305e-02
2.499200000000000380e-02,1.968750000000000361e-02
2.505400000000000335e-02,2.187500000000000555e-02
2.511600000000000291e-02,2.312500000000000319e-02
2.517800000000000246e-02,2.468750000000000111e-02
2.524000000000000202e-02,2.625000000000000250e-02
2.530200000000000157e-02,2.718750000000000333e-02
2.536400000000000113e-02,2.937500000000000527e-02
2.542600000000000415e-02,3.031250000000000264e-02
2.548800000000000371e-02,3.093750000000000319e-02
2.555000000000000326e-02,3.218750000000000083e-02
2.561200000000000282e-02,3.250000000000000111e-02
2.567400000000000237e-02,3.281250000000000139e-02
2.573600000000000193e-02,3.312500000000000167e-02
2.579800000000000149e-02,3.343750000000000194e-02
2.586000000000000104e-02,3.312500000000000167e-02
2.592200000000000407e-02,3.281250000000000139e-02
2.598400000000000362e-02,3.281250000000000139e-02
2.604600000000000318e-02,3.281250000000000139e-02
2.610800000000000273e-02,3.218750000000000083e-02
2.617000000000000229e-02,3.125000000000000000e-02
2.623200000000000184e-02,3.031250000000000264e-02
2.629400000000000140e-02,3.000000000000000236e-02
2.635600000000000095e-02,2.843750000000000444e-02
2.641800000000000398e-02,2.687500000000000305e-02
2.648000000000000353e-02,2.625000000000000250e-02
2.654200000000000309e-02,2.468750000000000111e-02
2.660400000000000265e-02,2.312500000000000319e-02
2.666600000000000220e-02,2.250000000000000264e-02
2.672800000000000176e-02,2.062500000000000444e-02
2.679000000000000131e-02,2.000000000000000389e-02
2.685200000000000087e-02,1.843750000000000250e-02
2.691400000000000389e-02,1.812500000000000222e-02
2.697600000000000345e-02,1.781250000000000194e-02
2.703800000000000300e-02,1.781250000000000194e-02
2.710000000000000256e-02,1.781250000000000194e-02
2.716200000000000211e-02,1.875000000000000278e-02
2.722400000000000167e-02,1.937500000000000333e-02
2.728600000000000123e-02,2.125000000000000500e-02
2.734800000000000425e-02,2.250000000000000264e-02
2.741000000000000381e-02,2.375000000000000375e-02
2.747200000000000336e-02,2.687500000000000305e-02
2.753400000000000292e-02,2.937500000000000527e-02
2.759600000000000247e-02,3.125000000000000000e-02
2.765800000000000203e-02,3.250000000000000111e-02
2.772000000000000158e-02,3.531250000000000361e-02
2.778200000000000114e-02,3.593750000000000416e-02
2.784400000000000416e-02,3.843750000000000638e-02
2.790600000000000372e-02,4.000000000000000083e-02
2.796800000000000327e-02,4.093750000000000167e-02
2.803000000000000283e-02,4.218750000000000278e-02
2.809200000000000239e-02,4.281250000000000333e-02
2.815400000000000194e-02,4.343750000000000389e-02
2.821600000000000150e-02,4.406250000000000444e-02
2.827800000000000105e-02,4.406250000000000444e-02
2.834000000000000408e-02,4.406250000000000444e-02
2.840200000000000363e-02,4.375000000000000416e-02
2.846400000000000319e-02,4.343750000000000389e-02
2.852600000000000274e-02,4.312500000000000361e-02
2.858800000000000230e-02,4.250000000000000305e-02
2.865000000000000185e-02,4.187500000000000250e-02
2.871200000000000141e-02,4.031250000000000111e-02
2.877400000000000097e-02,3.968750000000000056e-02
2.883600000000000399e-02,3.906250000000000000e-02
2.889800000000000355e-02,3.812500000000000611e-02
2.896000000000000310e-02,3.718750000000000527e-02
2.902200000000000266e-02,3.656250000000000472e-02
2.908400000000000221e-02,3.625000000000000444e-02
2.914600000000000177e-02,3.593750000000000416e-02
2.920800000000000132e-02,3.562500000000000389e-02
2.927000000000000435e-02,3.531250000000000361e-02
2.933200000000000390e-02,3.531250000000000361e-02
2.939400000000000346e-02,3.562500000000000389e-02
2.945600000000000301e-02,3.562500000000000389e-02
2.951800000000000257e-02,3.656250000000000472e-02
2.958000000000000212e-02,3.687500000000000500e-02
2.964200000000000168e-02,3.781250000000000583e-02
2.970400000000000124e-02,3.812500000000000611e-02
2.976600000000000426e-02,3.875000000000000666e-02
2.982800000000000382e-02,3.937500000000000722e-02
2.989000000000000337e-02,4.031250000000000111e-02
2.995200000000000293e-02,4.062500000000000139e-02
3.001400000000000248e-02,4.156250000000000222e-02
3.007600000000000204e-02,4.250000000000000305e-02
3.013800000000000159e-02,4.312500000000000361e-02
3.020000000000000115e-02,4.312500000000000361e-02
3.026200000000000417e-02,4.343750000000000389e-02
3.032400000000000373e-02,4.375000000000000416e-02
3.038600000000000328e-02,4.406250000000000444e-02
3.044800000000000284e-02,4.406250000000000444e-02
3.051000000000000587e-02,4.437500000000000472e-02
3.057200000000000542e-02,4.468750000000000500e-02
3.063400000000000498e-02,4.531250000000000555e-02
3.069600000000000453e-02,4.531250000000000555e-02
3.075800000000000409e-02,4.562500000000000583e-02
3.082000000000000364e-02,4.593750000000000611e-02
3.088200000000000320e-02,4.593750000000000611e-02
3.094400000000000275e-02,4.593750000000000611e-02
3.100600000000000231e-02,4.624999999999999944e-02
3.106800000000000186e-02,4.624999999999999944e-02
3.113000000000000142e-02,4.593750000000000611e-02
3.119200000000000098e-02,4.562500000000000583e-02
3.125399999999999706e-02,4.500000000000000527e-02
3.131599999999999662e-02,4.468750000000000500e-02
3.137799999999999617e-02,4.437500000000000472e-02
3.144000000000000267e-02,4.406250000000000444e-02
3.150200000000000222e-02,4.343750000000000389e-02
3.156400000000000178e-02,4.312500000000000361e-02
3.162600000000000133e-02,4.250000000000000305e-02
3.168800000000000089e-02,4.187500000000000250e-02
3.175000000000000044e-02,4.125000000000000194e-02
3.181200000000000000e-02,4.125000000000000194e-02
3.187399999999999956e-02,4.093750000000000167e-02
3.193599999999999911e-02,4.093750000000000167e-02
3.199799999999999867e-02,4.156250000000000222e-02
3.205999999999999822e-02,4.156250000000000222e-02
3.212199999999999778e-02,4.218750000000000278e-02
3.218399999999999733e-02,4.218750000000000278e-02
3.224599999999999689e-02,4.375000000000000416e-02
3.230799999999999644e-02,4.406250000000000444e-02
3.236999999999999600e-02,4.500000000000000527e-02
3.243200000000000249e-02,4.531250000000000555e-02
3.249400000000000205e-02,4.562500000000000583e-02
3.255600000000000160e-02,4.593750000000000611e-02
3.261800000000000116e-02,4.624999999999999944e-02
3.268000000000000071e-02,4.624999999999999944e-02
3.274200000000000027e-02,4.593750000000000611e-02
3.280399999999999983e-02,4.593750000000000611e-02
3.286599999999999938e-02,4.562500000000000583e-02
3.292799999999999894e-02,4.562500000000000583e-02
3.298999999999999849e-02,4.593750000000000611e-02
3.305199999999999805e-02,4.562500000000000583e-02
3.311399999999999760e-02,4.593750000000000611e-02
3.317599999999999716e-02,4.656250000000000666e-02
3.323799999999999671e-02,4.687500000000000000e-02
3.329999999999999627e-02,4.656250000000000666e-02
3.336200000000000276e-02,4.687500000000000000e-02
3.342400000000000232e-02,4.687500000000000000e-02
3.348600000000000187e-02,4.656250000000000666e-02
3.354800000000000143e-02,4.687500000000000000e-02
3.361000000000000099e-02,4.593750000000000611e-02
3.367200000000000054e-02,4.624999999999999944e-02
3.373400000000000010e-02,4.562500000000000583e-02
3.379599999999999965e-02,4.562500000000000583e-02
3.385799999999999921e-02,4.500000000000000527e-02
3.391999999999999876e-02,4.500000000000000527e-02
3.398199999999999832e-02,4.468750000000000500e-02
3.404399999999999787e-02,4.500000000000000527e-02
3.410599999999999743e-02,4.500000000000000527e-02
3.416799999999999699e-02,4.500000000000000527e-02
3.422999999999999654e-02,4.500000000000000527e-02
3.429199999999999610e-02,4.500000000000000527e-02
3.435400000000000259e-02,4.500000000000000527e-02
3.441600000000000215e-02,4.500000000000000527e-02
3.447800000000000170e-02,4.531250000000000555e-02
3.454000000000000126e-02,4.562500000000000583e-02
3.460200000000000081e-02,4.562500000000000583e-02
3.466400000000000037e-02,4.562500000000000583e-02
3.472599999999999992e-02,4.593750000000000611e-02
3.478799999999999948e-02,4.562500000000000583e-02
3.484999999999999903e-02,4.562500000000000583e-02
3.491199999999999859e-02,4.562500000000000583e-02
3.497399999999999815e-02,4.500000000000000527e-02
3.503599999999999770e-02,4.468750000000000500e-02
3.509799999999999726e-02,4.468750000000000500e-02
3.515999999999999681e-02,4.375000000000000416e-02
3.522199999999999637e-02,4.312500000000000361e-02
3.528400000000000286e-02,4.281250000000000333e-02
3.534600000000000242e-02,4.218750000000000278e-02
3.540800000000000197e-02,4.187500000000000250e-02
3.547000000000000153e-02,4.093750000000000167e-02
3.553200000000000108e-02,4.062500000000000139e-02
3.559400000000000064e-02,3.968750000000000056e-02
3.565600000000000019e-02,3.937500000000000722e-02
3.571799999999999975e-02,3.937500000000000722e-02
3.577999999999999931e-02,3.937500000000000722e-02
3.584199999999999886e-02,4.000000000000000083e-02
3.590399999999999842e-02,4.031250000000000111e-02
3.596599999999999797e-02,4.093750000000000167e-02
3.602799999999999753e-02,4.187500000000000250e-02
3.608999999999999708e-02,4.281250000000000333e-02
3.615199999999999664e-02,4.343750000000000389e-02
3.621399999999999619e-02,4.437500000000000472e-02
3.627600000000000269e-02,4.437500000000000472e-02
3.633800000000000224e-02,4.468750000000000500e-02
3.640000000000000180e-02,4.562500000000000583e-02
3.646200000000000135e-02,4.562500000000000583e-02
3.652400000000000091e-02,4.562500000000000583e-02
3.658600000000000046e-02,4.593750000000000611e-02
3.664800000000000002e-02,4.593750000000000611e-02
3.670999999999999958e-02,4.593750000000000611e-02
3.677199999999999913e-02,4.593750000000000611e-02
3.683399999999999869e-02,4.593750000000000611e-02
3.689599999999999824e-02,4.593750000000000611e-02
3.695799999999999780e-02,4.531250000000000555e-02
3.701999999999999735e-02,4.531250000000000555e-02
3.708199999999999691e-02,4.500000000000000527e-02
3.714399999999999646e-02,4.406250000000000444e-02
3.720600000000000296e-02,4.312500000000000361e-02
3.726800000000000251e-02,4.250000000000000305e-02
3.733000000000000207e-02,4.125000000000000194e-02
3.739200000000000162e-02,4.093750000000000167e-02
3.745400000000000118e-02,4.000000000000000083e-02
3.751600000000000074e-02,3.937500000000000722e-02
3.757800000000000029e-02,3.843750000000000638e-02
3.763999999999999985e-02,3.812500000000000611e-02
3.770199999999999940e-02,3.781250000000000583e-02
3.776399999999999896e-02,3.781250000000000583e-02
3.782599999999999851e-02,3.781250000000000583e-02
3.788799999999999807e-02,3.812500000000000611e-02
3.794999999999999762e-02,3.875000000000000666e-02
3.801199999999999718e-02,3.937500000000000722e-02
3.807399999999999674e-02,3.968750000000000056e-02
3.813599999999999629e-02,4.031250000000000111e-02
3.819800000000000278e-02,4.062500000000000139e-02
3.826000000000000234e-02,4.093750000000000167e-02
3.832200000000000190e-02,4.125000000000000194e-02
3.838400000000000145e-02,4.156250000000000222e-02
3.844600000000000101e-02,4.187500000000000250e-02
3.850800000000000056e-02,4.156250000000000222e-02
3.857000000000000012e-02,4.156250000000000222e-02
3.863199999999999967e-02,4.187500000000000250e-02
3.869399999999999923e-02,4.125000000000000194e-02
3.875599999999999878e-02,4.125000000000000194e-02
3.881799999999999834e-02,4.093750000000000167e-02
3.887999999999999790e-02,4.062500000000000139e-02
3.894199999999999745e-02,4.000000000000000083e-02
3.900399999999999701e-02,4.000000000000000083e-02
3.906599999999999656e-02,4.000000000000000083e-02
3.912800000000000306e-02,3.937500000000000722e-02
3.919000000000000261e-02,3.906250000000000000e-02
3.925200000000000217e-02,3.937500000000000722e-02
3.931400000000000172e-02,3.906250000000000000e-02
3.937600000000000128e-02,3.937500000000000722e-02
3.943800000000000083e-02,3.937500000000000722e-02
3.950000000000000039e-02,3.906250000000000000e-02
3.956199999999999994e-02,3.937500000000000722e-02
3.962399999999999950e-02,3.968750000000000056e-02
3.968599999999999905e-02,3.968750000000000056e-02
3.974799999999999861e-02,3.937500000000000722e-02
3.980999999999999817e-02,3.937500000000000722e-02
3.987199999999999772e-02,3.875000000000000666e-02
3.993399999999999728e-02,3.812500000000000611e-02
3.999599999999999683e-02,3.750000000000000555e-02
4.005799999999999639e-02,3.687500000000000500e-02
4.012000000000000288e-02,3.593750000000000416e-02
4.018200000000000244e-02,3.437500000000000278e-02
4.024400000000000199e-02,3.375000000000000222e-02
4.030600000000000155e-02,3.218750000000000083e-02
4.036800000000000110e-02,3.125000000000000000e-02
4.043000000000000066e-02,3.000000000000000236e-02
4.049200000000000021e-02,2.968750000000000208e-02
4.055399999999999977e-02,2.875000000000000472e-02
4.061599999999999933e-02,2.875000000000000472e-02
4.067799999999999888e-02,2.875000000000000472e-02
4.073999999999999844e-02,2.968750000000000208e-02
4.080199999999999799e-02,3.093750000000000319e-02
4.086399999999999755e-02,3.218750000000000083e-02
4.092599999999999710e-02,3.437500000000000278e-02
4.098799999999999666e-02,3.562500000000000389e-02
4.105000000000000315e-02,3.718750000000000527e-02
4.111200000000000271e-02,3.843750000000000638e-02
4.117400000000000226e-02,4.031250000000000111e-02
4.123600000000000182e-02,4.125000000000000194e-02
4.129800000000000137e-02,4.218750000000000278e-02
4.136000000000000093e-02,4.312500000000000361e-02
4.142200000000000049e-02,4.375000000000000416e-02
4.148400000000000004e-02,4.375000000000000416e-02
4.154599999999999960e-02,4.343750000000000389e-02
4.160799999999999915e-02,4.312500000000000361e-02
4.166999999999999871e-02,4.281250000000000333e-02
4.173199999999999826e-02,4.218750000000000278e-02
4.179399999999999782e-02,4.125000000000000194e-02
4.185599999999999737e-02,4.031250000000000111e-02
4.191799999999999693e-02,3.843750000000000638e-02
4.197999999999999649e-02,3.593750000000000416e-02
4.204200000000000298e-02,3.500000000000000333e-02
4.210400000000000253e-02,3.312500000000000167e-02
4.216600000000000209e-02,3.062500000000000291e-02
4.222800000000000165e-02,2.875000000000000472e-02
4.229000000000000120e-02,2.656250000000000278e-02
4.235200000000000076e-02,2.500000000000000139e-02
4.241400000000000031e-02,2.375000000000000375e-02
4.247599999999999987e-02,2.218750000000000236e-02
4.253799999999999942e-02,2.156250000000000527e-02
4.259999999999999898e-02,2.031250000000000416e-02
4.266199999999999853e-02,2.000000000000000389e-02
4.272399999999999809e-02,1.968750000000000361e-02
4.278599999999999764e-02,1.937500000000000333e-02
4.284799999999999720e-02,1.968750000000000361e-02
4.290999999999999676e-02,2.031250000000000416e-02
4.297200000000000325e-02,2.093750000000000472e-02
4.303400000000000281e-02,2.156250000000000527e-02
4.309600000000000236e-02,2.250000000000000264e-02
4.315800000000000192e-02,2.281250000000000291e-02
4.322000000000000147e-02,2.375000000000000375e-02
4.328200000000000103e-02,2.437500000000000083e-02
4.334400000000000058e-02,2.531250000000000167e-02
4.340600000000000014e-02,2.593750000000000222e-02
4.346799999999999969e-02,2.656250000000000278e-02
4.352999999999999925e-02,2.750000000000000361e-02
4.359199999999999880e-02,2.781250000000000389e-02
4.365399999999999836e-02,2.875000000000000472e-02
4.371599999999999792e-02,2.968750000000000208e-02
4.377799999999999747e-02,3.093750000000000319e-02
4.383999999999999703e-02,3.187500000000000056e-02
4.390199999999999658e-02,3.187500000000000056e-02
4.396400000000000308e-02,3.250000000000000111e-02
4.402600000000000263e-02,3.250000000000000111e-02
4.408800000000000219e-02,3.250000000000000111e-02
4.415000000000000174e-02,3.250000000000000111e-02
4.421200000000000130e-02,3.218750000000000083e-02
4.427400000000000085e-02,3.218750000000000083e-02
4.433600000000000041e-02,3.218750000000000083e-02
4.439799999999999996e-02,3.187500000000000056e-02
4.445999999999999952e-02,3.156250000000000028e-02
4.452199999999999908e-02,3.062500000000000291e-02
4.458399999999999863e-02,3.000000000000000236e-02
4.464599999999999819e-02,2.812500000000000416e-02
4.470799999999999774e-02,2.687500000000000305e-02
4.476999999999999730e-02,2.562500000000000194e-02
4.483199999999999685e-02,2.437500000000000083e-02
4.489400000000000335e-02,2.312500000000000319e-02
4.495600000000000290e-02,2.250000000000000264e-02
4.501800000000000246e-02,2.125000000000000500e-02
4.508000000000000201e-02,2.062500000000000444e-02
4.514200000000000157e-02,2.031250000000000416e-02
4.520400000000000112e-02,1.968750000000000361e-02
4.526600000000000068e-02,1.906250000000000305e-02
4.532800000000000024e-02,1.906250000000000305e-02
4.538999999999999979e-02,1.875000000000000278e-02
4.545199999999999935e-02,1.906250000000000305e-02
4.551399999999999890e-02,1.968750000000000361e-02
4.557599999999999846e-02,1.968750000000000361e-02
4.563799999999999801e-02,2.031250000000000416e-02
4.569999999999999757e-02,2.156250000000000527e-02
4.576199999999999712e-02,2.218750000000000236e-02
4.582399999999999668e-02,2.312500000000000319e-02
4.588600000000000317e-02,2.468750000000000111e-02
4.594800000000000273e-02,2.531250000000000167e-02
4.601000000000000228e-02,2.625000000000000250e-02
4.607200000000000184e-02,2.687500000000000305e-02
4.613400000000000140e-02,2.781250000000000389e-02
4.619600000000000095e-02,2.781250000000000389e-02
4.625800000000000051e-02,2.781250000000000389e-02
4.632000000000000006e-02,2.843750000000000444e-02
4.638199999999999962e-02,2.906250000000000500e-02
4.644399999999999917e-02,2.906250000000000500e-02
4.650599999999999873e-02,2.906250000000000500e-02
4.656799999999999828e-02,2.937500000000000527e-02
4.662999999999999784e-02,2.875000000000000472e-02
4.669199999999999739e-02,2.750000000000000361e-02
4.675399999999999695e-02,2.718750000000000333e-02
4.681600000000000344e-02,2.593750000000000222e-02
4.687800000000000300e-02,2.437500000000000083e-02
4.694000000000000256e-02,2.250000000000000264e-02
4.700200000000000211e-02,2.187500000000000555e-02
4.706400000000000167e-02,1.937500000000000333e-02
4.712600000000000122e-02,1.875000000000000278e-02
4.718800000000000078e-02,1.625000000000000402e-02
4.725000000000000033e-02,1.437500000000000236e-02
4.731199999999999989e-02,1.375000000000000180e-02
4.737399999999999944e-02,1.156250000000000333e-02
4.743599999999999900e-02,1.062500000000000250e-02
4.749799999999999855e-02,1.000000000000000194e-02
4.755999999999999811e-02,9.375000000000001388e-03
4.762199999999999767e-02,9.062500000000001110e-03
4.768399999999999722e-02,9.375000000000001388e-03
4.774599999999999678e-02,9.062500000000001110e-03
4.780800000000000327e-02,9.375000000000001388e-03
4.787000000000000283e-02,9.687500000000001665e-03
4.793200000000000238e-02,1.031250000000000222e-02
4.799400000000000194e-02,1.093750000000000278e-02
4.805600000000000149e-02,1.125000000000000305e-02
4.811800000000000105e-02,1.187500000000000361e-02
4.818000000000000060e-02,1.281250000000000444e-02
4.824200000000000016e-02,1.312500000000000125e-02
4.830399999999999971e-02,1.437500000000000236e-02
4.836599999999999927e-02,1.531250000000000319e-02
4.842799999999999883e-02,1.625000000000000402e-02
4.848999999999999838e-02,1.750000000000000167e-02
4.855199999999999794e-02,1.812500000000000222e-02
4.861399999999999749e-02,1.875000000000000278e-02
4.867599999999999705e-02,1.968750000000000361e-02
4.873799999999999660e-02,2.031250000000000416e-02
4.880000000000000310e-02,2.062500000000000444e-02
4.886200000000000265e-02,2.093750000000000472e-02
4.892400000000000221e-02,2.093750000000000472e-02
4.898600000000000176e-02,2.093750000000000472e-02
4.904800000000000132e-02,2.000000000000000389e-02
4.911000000000000087e-02,1.968750000000000361e-02
4.917200000000000043e-02,1.937500000000000333e-02
4.923399999999999999e-02,1.812500000000000222e-02
4.929599999999999954e-02,1.750000000000000167e-02
4.935799999999999910e-02,1.593750000000000375e-02
4.941999999999999865e-02,1.406250000000000208e-02
4.948199999999999821e-02,1.343750000000000153e-02
4.954399999999999776e-02,1.250000000000000416e-02
4.960599999999999732e-02,1.031250000000000222e-02
4.966799999999999687e-02,9.375000000000001388e-03
4.973000000000000337e-02,8.437500000000004025e-03
4.979200000000000292e-02,8.125000000000003747e-03
4.985400000000000248e-02,7.187500000000002914e-03
4.991600000000000203e-02,6.562500000000002359e-03
4.997800000000000159e-02,6.562500000000002359e-03
5.004000000000000115e-02,5.937500000000001804e-03
5.010200000000000070e-02,5.937500000000001804e-03
5.016400000000000026e-02,5.937500000000001804e-03
5.022599999999999981e-02,6.562500000000002359e-03
5.028799999999999937e-02,6.250000000000002082e-03
5.034999999999999892e-02,6.562500000000002359e-03
5.041199999999999848e-02,7.500000000000003192e-03
5.047399999999999803e-02,8.437500000000004025e-03
5.053599999999999759e-02,8.750000000000004302e-03
5.059799999999999714e-02,9.375000000000001388e-03
5.065999999999999670e-02,1.062500000000000250e-02
5.072200000000000319e-02,1.093750000000000278e-02
5.078400000000000275e-02,1.156250000000000333e-02
5.084600000000000231e-02,1.218750000000000389e-02
5.090800000000000186e-02,1.187500000000000361e-02
5.097000000000000142e-02,1.218750000000000389e-02
5.103200000000000097e-02,1.250000000000000416e-02
5.109400000000000053e-02,1.281250000000000444e-02
5.115600000000000008e-02,1.281250000000000444e-02
5.121799999999999964e-02,1.312500000000000125e-02
5.127999999999999919e-02,1.343750000000000153e-02
5.134199999999999875e-02,1.312500000000000125e-02
5.140399999999999830e-02,1.312500000000000125e-02
5.146599999999999786e-02,1.312500000000000125e-02
5.152799999999999742e-02,1.281250000000000444e-02
5.158999999999999697e-02,1.187500000000000361e-02
5.165200000000000347e-02,1.156250000000000333e-02
5.171400000000000302e-02,1.125000000000000305e-02
5.177600000000000258e-02,1.062500000000000250e-02
5.183800000000000213e-02,9.687500000000001665e-03
5.190000000000000169e-02,9.375000000000001388e-03
5.196200000000000124e-02,8.125000000000003747e-03
5.202400000000000080e-02,7.187500000000002914e-03
5.208600000000000035e-02,6.250000000000002082e-03
5.214799999999999991e-02,5.000000000000004441e-03
5.220999999999999946e-02,4.062500000000003608e-03
5.227199999999999902e-02,3.437500000000003053e-03
5.233399999999999858e-02,3.437500000000003053e-03
5.239599999999999813e-02,2.812500000000002498e-03
5.245799999999999769e-02,2.500000000000002220e-03
5.251999999999999724e-02,2.187500000000001943e-03
5.258199999999999680e-02,2.187500000000001943e-03
5.264400000000000329e-02,2.187500000000001943e-03
5.270600000000000285e-02,2.187500000000001943e-03
5.276800000000000240e-02,2.187500000000001943e-03
5.283000000000000196e-02,1.875000000000001665e-03
5.289200000000000151e-02,2.187500000000001943e-03
5.295400000000000107e-02,2.187500000000001943e-03
5.301600000000000062e-02,2.187500000000001943e-03
5.307800000000000018e-02,2.187500000000001943e-03
5.313999999999999974e-02,2.812500000000002498e-03
5.320199999999999929e-02,3.437500000000003053e-03
5.326399999999999885e-02,3.750000000000003331e-03
5.332599999999999840e-02,4.062500000000003608e-03
5.338799999999999796e-02,5.312500000000001249e-03
5.344999999999999751e-02,6.250000000000002082e-03
5.351199999999999707e-02,7.187500000000002914e-03
5.357400000000000356e-02,7.812500000000003469e-03
5.363600000000000312e-02,8.125000000000003747e-03
5.369800000000000267e-02,8.437500000000004025e-03
5.376000000000000223e-02,8.125000000000003747e-03
5.382200000000000178e-02,7.500000000000003192e-03
5.388400000000000134e-02,6.562500000000002359e-03
5.394600000000000090e-02,5.937500000000001804e-03
5.400800000000000045e-02,5.312500000000001249e-03
5.407000000000000001e-02,4.687500000000004163e-03
5.413199999999999956e-02,3.750000000000003331e-03
5.419399999999999912e-02,3.437500000000003053e-03
5.425599999999999867e-02,3.125000000000002776e-03
5.431799999999999823e-02,2.500000000000002220e-03
5.437999999999999778e-02,2.500000000000002220e-03
5.444199999999999734e-02,2.187500000000001943e-03
5.450399999999999689e-02,2.187500000000001943e-03
5.456600000000000339e-02,2.187500000000001943e-03
5.462800000000000294e-02,1.562500000000001388e-03
5.469000000000000250e-02,1.562500000000001388e-03
5.475200000000000206e-02,1.875000000000001665e-03
5.481400000000000161e-02,2.187500000000001943e-03
5.487600000000000117e-02,1.562500000000001388e-03
5.493800000000000072e-02,1.875000000000001665e-03
5.500000000000000028e-02,1.875000000000001665e-03
5.506199999999999983e-02,1.875000000000001665e-03
5.512399999999999939e-02,1.875000000000001665e-03
5.518599999999999894e-02,1.875000000000001665e-03
5.524799999999999850e-02,2.187500000000001943e-03
5.530999999999999805e-02,2.187500000000001943e-03
5.537199999999999761e-02,2.187500000000001943e-03
5.543399999999999717e-02,2.187500000000001943e-03
5.549600000000000366e-02,2.187500000000001943e-03
5.555800000000000322e-02,2.500000000000002220e-03
5.562000000000000277e-02,2.187500000000001943e-03
5.568200000000000233e-02,2.187500000000001943e-03
5.574400000000000188e-02,2.500000000000002220e-03
5.580600000000000144e-02,2.812500000000002498e-03
5.586800000000000099e-02,2.812500000000002498e-03
5.593000000000000055e-02,2.812500000000002498e-03
5.599200000000000010e-02,3.125000000000002776e-03
5.605399999999999966e-02,3.437500000000003053e-03
5.611599999999999921e-02,3.750000000000003331e-03
5.617799999999999877e-02,4.062500000000003608e-03
5.623999999999999833e-02,4.375000000000003886e-03
5.630199999999999788e-02,4.375000000000003886e-03
5.636399999999999744e-02,4.375000000000003886e-03
5.642599999999999699e-02,4.687500000000004163e-03
5.648800000000000349e-02,3.750000000000003331e-03
5.655000000000000304e-02,3.437500000000003053e-03
5.661200000000000260e-02,3.437500000000003053e-03
5.667400000000000215e-02,2.812500000000002498e-03
5.673600000000000171e-02,2.812500000000002498e-03
5.679800000000000126e-02,2.187500000000001943e-03
5.686000000000000082e-02,2.187500000000001943e-03
5.692200000000000037e-02,2.187500000000001943e-03
5.698399999999999993e-02,2.187500000000001943e-03
5.704599999999999949e-02,2.187500000000001943e-03
5.710799999999999904e-02,1.875000000000001665e-03
5.716999999999999860e-02,2.187500000000001943e-03
5.723199999999999815e-02,2.187500000000001943e-03
5.729399999999999771e-02,2.812500000000002498e-03
5.735599999999999726e-02,2.812500000000002498e-03
5.741800000000000376e-02,2.812500000000002498e-03
5.748000000000000331e-02,3.125000000000002776e-03
5.754200000000000287e-02,3.125000000000002776e-03
5.760400000000000242e-02,2.812500000000002498e-03
5.766600000000000198e-02,2.812500000000002498e-03
5.772800000000000153e-02,2.187500000000001943e-03
5.779000000000000109e-02,2.187500000000001943e-03
5.785200000000000065e-02,2.187500000000001943e-03
5.791400000000000020e-02,2.187500000000001943e-03
5.797599999999999976e-02,2.187500000000001943e-03
5.803799999999999931e-02,2.187500000000001943e-03
5.809999999999999887e-02,2.500000000000002220e-03
5.816199999999999842e-02,2.812500000000002498e-03
5.822399999999999798e-02,3.125000000000002776e-03
5.828599999999999753e-02,3.750000000000003331e-03
5.834799999999999709e-02,3.437500000000003053e-03
5.841000000000000358e-02,4.062500000000003608e-03
5.847200000000000314e-02,4.375000000000003886e-03
5.853400000000000269e-02,4.375000000000003886e-03
5.859600000000000225e-02,4.375000000000003886e-03
5.865800000000000181e-02,4.062500000000003608e-03
5.872000000000000136e-02,4.062500000000003608e-03
5.878200000000000092e-02,4.062500000000003608e-03
5.884400000000000047e-02,3.750000000000003331e-03
5.890600000000000003e-02,3.125000000000002776e-03
5.896799999999999958e-02,3.125000000000002776e-03
5.902999999999999914e-02,2.812500000000002498e-03
5.909199999999999869e-02,2.187500000000001943e-03
5.915399999999999825e-02,2.500000000000002220e-03
5.921599999999999780e-02,2.500000000000002220e-03
5.927799999999999736e-02,2.187500000000001943e-03
5.934000000000000385e-02,1.875000000000001665e-03
5.940200000000000341e-02,2.187500000000001943e-03
5.946400000000000297e-02,2.187500000000001943e-03
5.952600000000000252e-02,1.875000000000001665e-03
5.958800000000000208e-02,2.187500000000001943e-03
5.965000000000000163e-02,1.875000000000001665e-03
5.971200000000000119e-02,2.500000000000002220e-03
5.977400000000000074e-02,2.500000000000002220e-03
5.983600000000000030e-02,2.187500000000001943e-03
5.989799999999999985e-02,2.500000000000002220e-03
5.995999999999999941e-02,2.812500000000002498e-03
6.002199999999999896e-02,2.187500000000001943e-03
6.008399999999999852e-02,2.500000000000002220e-03
6.014599999999999808e-02,2.187500000000001943e-03
6.020799999999999763e-02,2.187500000000001943e-03
6.026999999999999719e-02,2.187500000000001943e-03
6.033200000000000368e-02,1.875000000000001665e-03
6.039400000000000324e-02,2.187500000000001943e-03
6.045600000000000279e-02,1.875000000000001665e-03
6.051800000000000235e-02,2.187500000000001943e-03
6.058000000000000190e-02,2.187500000000001943e-03
6.064200000000000146e-02,2.812500000000002498e-03
6.070400000000000101e-02,3.125000000000002776e-03
6.076600000000000057e-02,3.750000000000003331e-03
6.082800000000000012e-02,3.750000000000003331e-03
6.088999999999999968e-02,4.375000000000003886e-03
6.095199999999999924e-02,4.687500000000004163e-03
6.101399999999999879e-02,5.312500000000001249e-03
6.107599999999999835e-02,5.625000000000001527e-03
6.113799999999999790e-02,5.625000000000001527e-03
6.119999999999999746e-02,5.625000000000001527e-03
6.126200000000000395e-02,5.625000000000001527e-03
6.132400000000000351e-02,4.687500000000004163e-03
6.138600000000000306e-02,4.375000000000003886e-03
6.144800000000000262e-02,4.062500000000003608e-03
6.151000000000000217e-02,3.437500000000003053e-03
6.157200000000000173e-02,3.125000000000002776e-03
6.163400000000000128e-02,2.500000000000002220e-03
6.169600000000000084e-02,2.187500000000001943e-03
6.175800000000000040e-02,2.187500000000001943e-03
6.182000000000000689e-02,2.500000000000002220e-03
6.188199999999999951e-02,2.812500000000002498e-03
6.194400000000000600e-02,2.812500000000002498e-03
6.200599999999999862e-02,3.437500000000003053e-03
6.206800000000000511e-02,4.375000000000003886e-03
6.212999999999999773e-02,4.375000000000003886e-03
6.219200000000000422e-02,4.687500000000004163e-03
6.225399999999999684e-02,5.000000000000004441e-03
6.231600000000000333e-02,4.687500000000004163e-03
6.237799999999999595e-02,4.687500000000004163e-03
6.244000000000000244e-02,4.062500000000003608e-03
6.250200000000000200e-02,3.750000000000003331e-03
6.256400000000000849e-02,3.437500000000003053e-03
6.262600000000000111e-02,3.125000000000002776e-03
6.268800000000000761e-02,2.812500000000002498e-03
6.275000000000001410e-02,2.812500000000002498e-03
6.281200000000000672e-02,2.812500000000002498e-03
6.287400000000001321e-02,2.500000000000002220e-03
6.293600000000000583e-02,1.875000000000001665e-03
6.299800000000001232e-02,2.187500000000001943e-03
6.306000000000000494e-02,2.187500000000001943e-03
6.312200000000001143e-02,1.875000000000001665e-03
6.318400000000000405e-02,1.875000000000001665e-03
6.324600000000001054e-02,1.875000000000001665e-03
6.330800000000000316e-02,1.875000000000001665e-03
6.337000000000000965e-02,1.875000000000001665e-03
6.343200000000000227e-02,1.875000000000001665e-03
6.349400000000000877e-02,2.187500000000001943e-03
6.355600000000000138e-02,1.875000000000001665e-03
6.361800000000000788e-02,1.875000000000001665e-03
6.368000000000001437e-02,1.562500000000001388e-03
6.374200000000000699e-02,1.875000000000001665e-03
6.380400000000001348e-02,2.187500000000001943e-03
6.386600000000000610e-02,1.875000000000001665e-03
6.392800000000001259e-02,1.875000000000001665e-03
6.399000000000000521e-02,2.187500000000001943e-03
6.405200000000001170e-02,2.500000000000002220e-03
6.411400000000000432e-02,2.500000000000002220e-03
6.417600000000001081e-02,3.125000000000002776e-03
6.423800000000000343e-02,3.437500000000003053e-03
6.430000000000000993e-02,3.750000000000003331e-03
6.436200000000000254e-02,4.062500000000003608e-03
6.442400000000000904e-02,4.687500000000004163e-03
6.448600000000000165e-02,5.312500000000001249e-03
6.454800000000000815e-02,5.625000000000001527e-03
6.461000000000000076e-02,6.562500000000002359e-03
6.467200000000000726e-02,6.875000000000002637e-03
6.473400000000001375e-02,7.500000000000003192e-03
6.479600000000000637e-02,7.812500000000003469e-03
6.485800000000001286e-02,7.812500000000003469e-03
6.492000000000000548e-02,7.812500000000003469e-03
6.498200000000001197e-02,7.812500000000003469e-03
6.504400000000000459e-02,7.500000000000003192e-03
6.510600000000001109e-02,6.875000000000002637e-03
6.516800000000000370e-02,6.562500000000002359e-03
6.523000000000001020e-02,5.312500000000001249e-03
6.529200000000000281e-02,5.000000000000004441e-03
6.535400000000000931e-02,4.687500000000004163e-03
6.541600000000000192e-02,4.062500000000003608e-03
6.547800000000000842e-02,3.437500000000003053e-03
6.554000000000000103e-02,2.812500000000002498e-03
6.560200000000000753e-02,2.500000000000002220e-03
6.566400000000001402e-02,2.500000000000002220e-03
6.572600000000000664e-02,2.500000000000002220e-03
6.578800000000001313e-02,2.500000000000002220e-03
6.585000000000000575e-02,2.187500000000001943e-03
6.591200000000001225e-02,2.187500000000001943e-03
6.597400000000000486e-02,2.187500000000001943e-03
6.603600000000001136e-02,2.187500000000001943e-03
6.609800000000000397e-02,2.500000000000002220e-03
6.616000000000001047e-02,2.812500000000002498e-03
6.622200000000000308e-02,3.750000000000003331e-03
6.628400000000000958e-02,4.687500000000004163e-03
6.634600000000000219e-02,5.625000000000001527e-03
6.640800000000000869e-02,6.875000000000002637e-03
6.647000000000000131e-02,7.812500000000003469e-03
6.653200000000000780e-02,9.375000000000001388e-03
6.659400000000001429e-02,1.062500000000000250e-02
6.665600000000000691e-02,1.312500000000000125e-02
6.671800000000001341e-02,1.343750000000000153e-02
6.678000000000000602e-02,1.406250000000000208e-02
6.684200000000001252e-02,1.531250000000000319e-02
6.690400000000000513e-02,1.625000000000000402e-02
6.696600000000001163e-02,1.625000000000000402e-02
6.702800000000000424e-02,1.656250000000000430e-02
6.709000000000001074e-02,1.593750000000000375e-02
6.715200000000000335e-02,1.593750000000000375e-02
6.721400000000000985e-02,1.562500000000000347e-02
6.727600000000000247e-02,1.562500000000000347e-02
6.733800000000000896e-02,1.531250000000000319e-02
6.740000000000000158e-02,1.531250000000000319e-02
6.746200000000000807e-02,1.531250000000000319e-02
6.752400000000001457e-02,1.531250000000000319e-02
6.758600000000000718e-02,1.531250000000000319e-02
6.764800000000001368e-02,1.562500000000000347e-02
6.771000000000000629e-02,1.437500000000000236e-02
6.777200000000001279e-02,1.468750000000000264e-02
6.783400000000000540e-02,1.406250000000000208e-02
6.789600000000001190e-02,1.343750000000000153e-02
6.795800000000000451e-02,1.343750000000000153e-02
6.802000000000001101e-02,1.312500000000000125e-02
6.808200000000000363e-02,1.218750000000000389e-02
6.814400000000001012e-02,1.125000000000000305e-02
6.820600000000000274e-02,1.093750000000000278e-02
6.826800000000000923e-02,1.031250000000000222e-02
6.833000000000000185e-02,9.687500000000001665e-03
6.839200000000000834e-02,8.437500000000004025e-03
6.845400000000000096e-02,8.125000000000003747e-03
6.851600000000000745e-02,7.812500000000003469e-03
6.857800000000001395e-02,7.187500000000002914e-03
6.864000000000000656e-02,6.875000000000002637e-03
6.870200000000001306e-02,6.562500000000002359e-03
6.876400000000000567e-02,6.875000000000002637e-03
6.882600000000001217e-02,6.875000000000002637e-03
6.888800000000000479e-02,7.187500000000002914e-03
6.895000000000001128e-02,7.812500000000003469e-03
6.901200000000000390e-02,8.437500000000004025e-03
6.907400000000001039e-02,1.000000000000000194e-02
6.913600000000000301e-02,1.062500000000000250e-02
6.919800000000000950e-02,1.250000000000000416e-02
6.926000000000000212e-02,1.468750000000000264e-02
6.932200000000000861e-02,1.656250000000000430e-02
6.938400000000000123e-02,1.906250000000000305e-02
6.944600000000000772e-02,2.093750000000000472e-02
6.950800000000001422e-02,2.156250000000000527e-02
6.957000000000000683e-02,2.312500000000000319e-02
6.963200000000001333e-02,2.343750000000000347e-02
6.969400000000000595e-02,2.406250000000000056e-02
6.975600000000001244e-02,2.406250000000000056e-02
6.981800000000000506e-02,2.375000000000000375e-02
6.988000000000001155e-02,2.312500000000000319e-02
6.994200000000000417e-02,2.187500000000000555e-02
7.000400000000001066e-02,2.062500000000000444e-02
7.006600000000000328e-02,1.843750000000000250e-02
7.012800000000000977e-02,1.562500000000000347e-02
7.019000000000000239e-02,1.468750000000000264e-02
7.025200000000000888e-02,1.187500000000000361e-02
7.031400000000000150e-02,1.000000000000000194e-02
7.037600000000000799e-02,9.375000000000001388e-03
7.043800000000001449e-02,7.812500000000003469e-03
7.050000000000000711e-02,6.250000000000002082e-03
7.056200000000001360e-02,5.625000000000001527e-03
7.062400000000000622e-02,5.312500000000001249e-03
7.068600000000001271e-02,4.687500000000004163e-03
7.074800000000000533e-02,4.375000000000003886e-03
7.081000000000001182e-02,4.375000000000003886e-03
7.087200000000000444e-02,5.312500000000001249e-03
7.093400000000001093e-02,5.625000000000001527e-03
7.099600000000000355e-02,6.250000000000002082e-03
7.105800000000001004e-02,6.875000000000002637e-03
7.112000000000000266e-02,7.812500000000003469e-03
7.118200000000000915e-02,9.687500000000001665e-03
7.124400000000000177e-02,1.062500000000000250e-02
7.130600000000000827e-02,1.187500000000000361e-02
7.136800000000001476e-02,1.250000000000000416e-02
7.143000000000000738e-02,1.437500000000000236e-02
7.149200000000001387e-02,1.562500000000000347e-02
7.155400000000000649e-02,1.656250000000000430e-02
7.161600000000001298e-02,1.718750000000000139e-02
7.167800000000000560e-02,1.781250000000000194e-02
7.174000000000001209e-02,1.781250000000000194e-02
7.180200000000000471e-02,1.781250000000000194e-02
7.186400000000001120e-02,1.781250000000000194e-02
7.192600000000000382e-02,1.781250000000000194e-02
7.198800000000001031e-02,1.781250000000000194e-02
7.205000000000000293e-02,1.750000000000000167e-02
7.211200000000000943e-02,1.718750000000000139e-02
7.217400000000000204e-02,1.750000000000000167e-02
7.223600000000000854e-02,1.718750000000000139e-02
7.229800000000000115e-02,1.718750000000000139e-02
7.236000000000000765e-02,1.718750000000000139e-02
7.242200000000001414e-02,1.718750000000000139e-02
7.248400000000000676e-02,1.656250000000000430e-02
7.254600000000001325e-02,1.625000000000000402e-02
7.260800000000000587e-02,1.562500000000000347e-02
7.267000000000001236e-02,1.500000000000000291e-02
7.273200000000000498e-02,1.437500000000000236e-02
7.279400000000001147e-02,1.406250000000000208e-02
7.285600000000000409e-02,1.312500000000000125e-02
7.291800000000001059e-02,1.250000000000000416e-02
7.298000000000000320e-02,1.187500000000000361e-02
7.304200000000000970e-02,1.156250000000000333e-02
7.310400000000000231e-02,1.031250000000000222e-02
7.316600000000000881e-02,1.000000000000000194e-02
7.322800000000000142e-02,9.687500000000001665e-03
7.329000000000000792e-02,9.062500000000001110e-03
7.335200000000001441e-02,8.125000000000003747e-03
7.341400000000000703e-02,7.812500000000003469e-03
7.347600000000001352e-02,7.812500000000003469e-03
7.353800000000000614e-02,7.187500000000002914e-03
7.360000000000001263e-02,7.500000000000003192e-03
7.366200000000000525e-02,7.500000000000003192e-03
7.372400000000001175e-02,7.500000000000003192e-03
7.378600000000000436e-02,8.125000000000003747e-03
7.384800000000001086e-02,8.437500000000004025e-03
7.391000000000000347e-02,9.687500000000001665e-03
7.397200000000000997e-02,1.062500000000000250e-02
7.403400000000000258e-02,1.218750000000000389e-02
7.409600000000000908e-02,1.281250000000000444e-02
7.415800000000000169e-02,1.406250000000000208e-02
7.422000000000000819e-02,1.625000000000000402e-02
7.428200000000001468e-02,1.750000000000000167e-02
7.434400000000000730e-02,1.906250000000000305e-02
7.440600000000001379e-02,1.968750000000000361e-02
7.446800000000000641e-02,2.031250000000000416e-02
7.453000000000001291e-02,2.125000000000000500e-02
7.459200000000000552e-02,2.156250000000000527e-02
7.465400000000001202e-02,2.093750000000000472e-02
7.471600000000000463e-02,2.093750000000000472e-02
7.477800000000001113e-02,2.000000000000000389e-02
7.484000000000000374e-02,1.875000000000000278e-02
7.490200000000001024e-02,1.812500000000000222e-02
7.496400000000000285e-02,1.593750000000000375e-02
7.502600000000000935e-02,1.406250000000000208e-02
7.508800000000000197e-02,1.312500000000000125e-02
7.515000000000000846e-02,1.187500000000000361e-02
7.521200000000001495e-02,1.000000000000000194e-02
7.527400000000000757e-02,8.750000000000004302e-03
7.533600000000001407e-02,7.500000000000003192e-03
7.539800000000000668e-02,6.875000000000002637e-03
7.546000000000001318e-02,6.250000000000002082e-03
7.552200000000000579e-02,5.312500000000001249e-03
7.558400000000001229e-02,5.000000000000004441e-03
7.564600000000000490e-02,5.000000000000004441e-03
7.570800000000001140e-02,4.687500000000004163e-03
7.577000000000000401e-02,4.687500000000004163e-03
7.583200000000001051e-02,4.687500000000004163e-03
7.589400000000000313e-02,5.000000000000004441e-03
7.595600000000000962e-02,5.312500000000001249e-03
7.601800000000000224e-02,5.937500000000001804e-03
7.608000000000000873e-02,7.187500000000002914e-03
7.614200000000000135e-02,8.125000000000003747e-03
7.620400000000000784e-02,9.375000000000001388e-03
7.626600000000001434e-02,1.093750000000000278e-02
7.632800000000000695e-02,1.218750000000000389e-02
7.639000000000001345e-02,1.343750000000000153e-02
7.645200000000000606e-02,1.500000000000000291e-02
7.651400000000001256e-02,1.718750000000000139e-02
7.657600000000000517e-02,1.906250000000000305e-02
7.663800000000001167e-02,2.000000000000000389e-02
7.670000000000000429e-02,2.093750000000000472e-02
7.676200000000001078e-02,2.218750000000000236e-02
7.682400000000000340e-02,2.187500000000000555e-02
7.688600000000000989e-02,2.281250000000000291e-02
7.694800000000000251e-02,2.218750000000000236e-02
7.701000000000000900e-02,2.187500000000000555e-02
7.707200000000000162e-02,2.093750000000000472e-02
7.713400000000000811e-02,1.968750000000000361e-02
7.719600000000001461e-02,1.906250000000000305e-02
7.725800000000000722e-02,1.843750000000000250e-02
7.732000000000001372e-02,1.718750000000000139e-02
7.738200000000000633e-02,1.718750000000000139e-02
7.744400000000001283e-02,1.562500000000000347e-02
7.750600000000000545e-02,1.437500000000000236e-02
7.756800000000001194e-02,1.375000000000000180e-02
7.763000000000000456e-02,1.312500000000000125e-02
7.769200000000001105e-02,1.218750000000000389e-02
7.775400000000000367e-02,1.156250000000000333e-02
7.781600000000001016e-02,1.125000000000000305e-02
7.787800000000000278e-02,1.031250000000000222e-02
7.794000000000000927e-02,1.000000000000000194e-02
7.800200000000000189e-02,1.000000000000000194e-02
7.806400000000000838e-02,9.375000000000001388e-03
7.812600000000001488e-02,1.000000000000000194e-02
7.818800000000000749e-02,1.031250000000000222e-02
7.825000000000001399e-02,1.031250000000000222e-02
7.831200000000000661e-02,1.093750000000000278e-02
7.837400000000001310e-02,1.093750000000000278e-02
7.843600000000000572e-02,1.156250000000000333e-02
7.849800000000001221e-02,1.156250000000000333e-02
7.856000000000000483e-02,1.250000000000000416e-02
7.862200000000001132e-02,1.343750000000000153e-02
7.868400000000000394e-02,1.406250000000000208e-02
7.874600000000001043e-02,1.437500000000000236e-02
7.880800000000000305e-02,1.531250000000000319e-02
7.887000000000000954e-02,1.718750000000000139e-02
7.893200000000000216e-02,1.750000000000000167e-02
7.899400000000000865e-02,1.843750000000000250e-02
7.905600000000001515e-02,1.937500000000000333e-02
7.911800000000000777e-02,1.937500000000000333e-02
7.918000000000001426e-02,2.031250000000000416e-02
7.924200000000000688e-02,2.062500000000000444e-02
7.930400000000001337e-02,2.093750000000000472e-02
7.936600000000000599e-02,2.093750000000000472e-02
7.942800000000001248e-02,2.125000000000000500e-02
7.949000000000000510e-02,2.125000000000000500e-02
7.955200000000001159e-02,2.062500000000000444e-02
7.961400000000000421e-02,2.093750000000000472e-02
7.967600000000001070e-02,2.000000000000000389e-02
7.973800000000000332e-02,1.968750000000000361e-02
7.980000000000000981e-02,1.875000000000000278e-02
7.986200000000000243e-02,1.781250000000000194e-02
7.992400000000000893e-02,1.750000000000000167e-02
7.998600000000000154e-02,1.687500000000000458e-02
8.004800000000000804e-02,1.531250000000000319e-02
8.011000000000001453e-02,1.406250000000000208e-02
8.017200000000000715e-02,1.312500000000000125e-02
8.023400000000001364e-02,1.250000000000000416e-02
8.029600000000000626e-02,1.156250000000000333e-02
8.035800000000001275e-02,1.031250000000000222e-02
8.042000000000000537e-02,9.687500000000001665e-03
8.048200000000001186e-02,9.375000000000001388e-03
8.054400000000000448e-02,8.750000000000004302e-03
8.060600000000001097e-02,8.750000000000004302e-03
8.066800000000000359e-02,8.437500000000004025e-03
8.073000000000001009e-02,8.750000000000004302e-03
8.079200000000000270e-02,9.375000000000001388e-03
8.085400000000000920e-02,1.031250000000000222e-02
8.091600000000000181e-02,1.156250000000000333e-02
8.097800000000000831e-02,1.187500000000000361e-02
8.104000000000001480e-02,1.406250000000000208e-02
8.110200000000000742e-02,1.500000000000000291e-02
8.116400000000001391e-02,1.812500000000000222e-02
8.122600000000000653e-02,1.843750000000000250e-02
8.128800000000001302e-02,2.062500000000000444e-02
8.135000000000000564e-02,2.218750000000000236e-02
8.141200000000001213e-02,2.312500000000000319e-02
8.147400000000000475e-02,2.437500000000000083e-02
8.153600000000001125e-02,2.562500000000000194e-02
8.159800000000000386e-02,2.750000000000000361e-02
8.166000000000001036e-02,2.812500000000000416e-02
8.172200000000000297e-02,2.843750000000000444e-02
8.178400000000000947e-02,2.875000000000000472e-02
8.184600000000000208e-02,2.843750000000000444e-02
8.190800000000000858e-02,2.812500000000000416e-02
8.197000000000001507e-02,2.812500000000000416e-02
8.203200000000000769e-02,2.750000000000000361e-02
8.209400000000001418e-02,2.718750000000000333e-02
8.215600000000000680e-02,2.593750000000000222e-02
8.221800000000001329e-02,2.593750000000000222e-02
8.228000000000000591e-02,2.500000000000000139e-02
8.234200000000001241e-02,2.375000000000000375e-02
8.240400000000000502e-02,2.343750000000000347e-02
8.246600000000001152e-02,2.312500000000000319e-02
8.252800000000000413e-02,2.218750000000000236e-02
8.259000000000001063e-02,2.187500000000000555e-02
8.265200000000000324e-02,2.125000000000000500e-02
8.271400000000000974e-02,2.093750000000000472e-02
8.277600000000000235e-02,2.031250000000000416e-02
8.283800000000000885e-02,2.000000000000000389e-02
8.290000000000001534e-02,1.937500000000000333e-02
8.296200000000000796e-02,1.937500000000000333e-02
8.302400000000001445e-02,1.875000000000000278e-02
8.308600000000000707e-02,1.875000000000000278e-02
8.314800000000001357e-02,1.875000000000000278e-02
8.321000000000000618e-02,1.906250000000000305e-02
8.327200000000001268e-02,1.937500000000000333e-02
8.333400000000000529e-02,1.968750000000000361e-02
8.339600000000001179e-02,2.000000000000000389e-02
8.345800000000000440e-02,2.062500000000000444e-02
8.352000000000001090e-02,2.125000000000000500e-02
8.358200000000000351e-02,2.187500000000000555e-02
8.364400000000001001e-02,2.250000000000000264e-02
8.370600000000000263e-02,2.343750000000000347e-02
8.376800000000000912e-02,2.406250000000000056e-02
8.383000000000000174e-02,2.500000000000000139e-02
8.389200000000000823e-02,2.562500000000000194e-02
8.395400000000001473e-02,2.718750000000000333e-02
8.401600000000000734e-02,2.812500000000000416e-02
8.407800000000001384e-02,2.906250000000000500e-02
8.414000000000000645e-02,3.062500000000000291e-02
8.420200000000001295e-02,3.062500000000000291e-02
8.426400000000000556e-02,3.125000000000000000e-02
8.432600000000001206e-02,3.218750000000000083e-02
8.438800000000000467e-02,3.250000000000000111e-02
8.445000000000001117e-02,3.312500000000000167e-02
8.451200000000000379e-02,3.343750000000000194e-02
8.457400000000001028e-02,3.343750000000000194e-02
8.463600000000000290e-02,3.312500000000000167e-02
8.469800000000000939e-02,3.250000000000000111e-02
8.476000000000000201e-02,3.218750000000000083e-02
8.482200000000000850e-02,3.125000000000000000e-02
8.488400000000001500e-02,3.062500000000000291e-02
8.494600000000000761e-02,2.968750000000000208e-02
8.500800000000001411e-02,2.843750000000000444e-02
8.507000000000000672e-02,2.625000000000000250e-02
8.513200000000001322e-02,2.531250000000000167e-02
8.519400000000000583e-02,2.437500000000000083e-02
8.525600000000001233e-02,2.281250000000000291e-02
8.531800000000000495e-02,2.187500000000000555e-02
8.538000000000001144e-02,2.156250000000000527e-02
8.544200000000000406e-02,2.125000000000000500e-02
8.550400000000001055e-02,2.093750000000000472e-02
8.556600000000000317e-02,2.093750000000000472e-02
8.562800000000000966e-02,2.093750000000000472e-02
8.569000000000000228e-02,2.156250000000000527e-02
8.575200000000000877e-02,2.250000000000000264e-02
8.581400000000001527e-02,2.343750000000000347e-02
8.587600000000000788e-02,2.468750000000000111e-02
8.593800000000001438e-02,2.718750000000000333e-02
8.600000000000000699e-02,2.875000000000000472e-02
8.606200000000001349e-02,2.968750000000000208e-02
8.612400000000000611e-02,3.187500000000000056e-02
8.618600000000001260e-02,3.437500000000000278e-02
8.624800000000000522e-02,3.500000000000000333e-02
8.631000000000001171e-02,3.656250000000000472e-02
8.637200000000000433e-02,3.843750000000000638e-02
8.643400000000001082e-02,3.937500000000000722e-02
8.649600000000000344e-02,4.031250000000000111e-02
8.655800000000000993e-02,4.093750000000000167e-02
8.662000000000000255e-02,4.125000000000000194e-02
8.668200000000000904e-02,4.125000000000000194e-02
8.674400000000001554e-02,4.125000000000000194e-02
8.680600000000000815e-02,4.093750000000000167e-02
8.686800000000001465e-02,4.000000000000000083e-02
8.693000000000000727e-02,3.875000000000000666e-02
8.699200000000001376e-02,3.750000000000000555e-02
8.705400000000000638e-02,3.593750000000000416e-02
8.711600000000001287e-02,3.593750000000000416e-02
8.717800000000000549e-02,3.437500000000000278e-02
8.724000000000001198e-02,3.406250000000000250e-02
8.730200000000000460e-02,3.250000000000000111e-02
8.736400000000001109e-02,3.125000000000000000e-02
8.742600000000000371e-02,3.093750000000000319e-02
8.748800000000001020e-02,2.968750000000000208e-02
8.755000000000000282e-02,2.968750000000000208e-02
8.761200000000000931e-02,2.906250000000000500e-02
8.767400000000000193e-02,2.843750000000000444e-02
8.773600000000000843e-02,2.812500000000000416e-02
8.779800000000001492e-02,2.750000000000000361e-02
8.786000000000000754e-02,2.718750000000000333e-02
8.792200000000001403e-02,2.718750000000000333e-02
8.798400000000000665e-02,2.687500000000000305e-02
8.804600000000001314e-02,2.781250000000000389e-02
8.810800000000000576e-02,2.781250000000000389e-02
8.817000000000001225e-02,2.812500000000000416e-02
8.823200000000000487e-02,2.906250000000000500e-02
8.829400000000001136e-02,2.968750000000000208e-02
8.835600000000000398e-02,3.093750000000000319e-02
8.841800000000001047e-02,3.187500000000000056e-02
8.848000000000000309e-02,3.312500000000000167e-02
8.854200000000000959e-02,3.437500000000000278e-02
8.860400000000000220e-02,3.468750000000000305e-02
8.866600000000000870e-02,3.593750000000000416e-02
8.872800000000001519e-02,3.812500000000000611e-02
8.879000000000000781e-02,3.875000000000000666e-02
8.885200000000001430e-02,3.937500000000000722e-02
8.891400000000000692e-02,4.000000000000000083e-02
8.897600000000001341e-02,4.125000000000000194e-02
8.903800000000000603e-02,4.218750000000000278e-02
8.910000000000001252e-02,4.281250000000000333e-02
8.916200000000000514e-02,4.281250000000000333e-02
8.922400000000001163e-02,4.375000000000000416e-02
8.928600000000000425e-02,4.375000000000000416e-02
8.934800000000001075e-02,4.375000000000000416e-02
8.941000000000000336e-02,4.406250000000000444e-02
8.947200000000000986e-02,4.375000000000000416e-02
8.953400000000000247e-02,4.343750000000000389e-02
8.959600000000000897e-02,4.281250000000000333e-02
8.965800000000001546e-02,4.187500000000000250e-02
8.972000000000000808e-02,4.125000000000000194e-02
8.978200000000001457e-02,4.062500000000000139e-02
8.984400000000000719e-02,3.875000000000000666e-02
8.990600000000001368e-02,3.781250000000000583e-02
8.996800000000000630e-02,3.718750000000000527e-02
9.003000000000001279e-02,3.562500000000000389e-02
9.009200000000000541e-02,3.437500000000000278e-02
9.015400000000001191e-02,3.375000000000000222e-02
9.021600000000000452e-02,3.281250000000000139e-02
9.027800000000001102e-02,3.218750000000000083e-02
9.034000000000000363e-02,3.156250000000000028e-02
9.040200000000001013e-02,3.156250000000000028e-02
9.046400000000000274e-02,3.156250000000000028e-02
9.052600000000000924e-02,3.218750000000000083e-02
9.058800000000001573e-02,3.312500000000000167e-02
9.065000000000000835e-02,3.437500000000000278e-02
9.071200000000001484e-02,3.562500000000000389e-02
9.077400000000000746e-02,3.718750000000000527e-02
9.083600000000001395e-02,3.843750000000000638e-02
9.089800000000000657e-02,3.968750000000000056e-02
9.096000000000001307e-02,4.093750000000000167e-02
9.102200000000000568e-02,4.156250000000000222e-02
9.108400000000001218e-02,4.250000000000000305e-02
9.114600000000000479e-02,4.312500000000000361e-02
9.120800000000001129e-02,4.406250000000000444e-02
9.127000000000000390e-02,4.437500000000000472e-02
9.133200000000001040e-02,4.500000000000000527e-02
9.139400000000000301e-02,4.500000000000000527e-02
9.145600000000000951e-02,4.531250000000000555e-02
9.151800000000000213e-02,4.562500000000000583e-02
9.158000000000000862e-02,4.562500000000000583e-02
9.164200000000001511e-02,4.562500000000000583e-02
9.170400000000000773e-02,4.562500000000000583e-02
9.176600000000001423e-02,4.531250000000000555e-02
9.182800000000000684e-02,4.562500000000000583e-02
9.189000000000001334e-02,4.562500000000000583e-02
9.195200000000000595e-02,4.437500000000000472e-02
9.201400000000001245e-02,4.406250000000000444e-02
9.207600000000000506e-02,4.375000000000000416e-02
9.213800000000001156e-02,4.312500000000000361e-02
9.220000000000000417e-02,4.187500000000000250e-02
9.226200000000001067e-02,4.125000000000000194e-02
9.232400000000000329e-02,4.093750000000000167e-02
9.238600000000000978e-02,3.968750000000000056e-02
9.244800000000000240e-02,3.906250000000000000e-02
9.251000000000000889e-02,3.875000000000000666e-02
9.257200000000001539e-02,3.843750000000000638e-02
9.263400000000000800e-02,3.781250000000000583e-02
9.269600000000001450e-02,3.781250000000000583e-02
9.275800000000000711e-02,3.750000000000000555e-02
9.282000000000001361e-02,3.781250000000000583e-02
9.288200000000000622e-02,3.812500000000000611e-02
9.294400000000001272e-02,3.843750000000000638e-02
9.300600000000000533e-02,3.968750000000000056e-02
9.306800000000001183e-02,4.093750000000000167e-02
9.313000000000000445e-02,4.156250000000000222e-02
9.319200000000001094e-02,4.250000000000000305e-02
9.325400000000000356e-02,4.312500000000000361e-02
9.331600000000001005e-02,4.406250000000000444e-02
9.337800000000000267e-02,4.468750000000000500e-02
9.344000000000000916e-02,4.468750000000000500e-02
9.350200000000001566e-02,4.531250000000000555e-02
9.356400000000000827e-02,4.562500000000000583e-02
9.362600000000001477e-02,4.562500000000000583e-02
9.368800000000000738e-02,4.562500000000000583e-02
9.375000000000001388e-02,4.593750000000000611e-02
9.381200000000000649e-02,4.593750000000000611e-02
9.387400000000001299e-02,4.593750000000000611e-02
9.393600000000000561e-02,4.593750000000000611e-02
9.399800000000001210e-02,4.562500000000000583e-02
9.406000000000000472e-02,4.531250000000000555e-02
9.412200000000001121e-02,4.500000000000000527e-02
9.418400000000000383e-02,4.531250000000000555e-02
9.424600000000001032e-02,4.468750000000000500e-02
9.430800000000000294e-02,4.437500000000000472e-02
9.437000000000000943e-02,4.375000000000000416e-02
9.443200000000001593e-02,4.375000000000000416e-02
9.449400000000000854e-02,4.312500000000000361e-02
9.455600000000001504e-02,4.312500000000000361e-02
9.461800000000000765e-02,4.250000000000000305e-02
9.468000000000001415e-02,4.187500000000000250e-02
9.474200000000000677e-02,4.187500000000000250e-02
9.480400000000001326e-02,4.125000000000000194e-02
9.486600000000000588e-02,4.093750000000000167e-02
9.492800000000001237e-02,4.093750000000000167e-02
9.499000000000000499e-02,3.968750000000000056e-02
9.505200000000001148e-02,3.968750000000000056e-02
9.511400000000000410e-02,3.968750000000000056e-02
9.517600000000001059e-02,3.875000000000000666e-02
9.523800000000000321e-02,3.812500000000000611e-02
9.530000000000000970e-02,3.781250000000000583e-02
9.536200000000000232e-02,3.781250000000000583e-02
9.542400000000000881e-02,3.781250000000000583e-02
9.548600000000001531e-02,3.750000000000000555e-02
9.554800000000000793e-02,3.781250000000000583e-02
9.561000000000001442e-02,3.781250000000000583e-02
9.567200000000000704e-02,3.843750000000000638e-02
9.573400000000001353e-02,3.937500000000000722e-02
9.579600000000000615e-02,4.031250000000000111e-02
9.585800000000001264e-02,4.062500000000000139e-02
9.592000000000000526e-02,4.218750000000000278e-02
9.598200000000001175e-02,4.281250000000000333e-02
9.604400000000000437e-02,4.375000000000000416e-02
9.610600000000001086e-02,4.437500000000000472e-02
9.616800000000000348e-02,4.500000000000000527e-02
9.623000000000000997e-02,4.593750000000000611e-02
9.629200000000000259e-02,4.593750000000000611e-02
9.635400000000000909e-02,4.656250000000000666e-02
9.641600000000001558e-02,4.656250000000000666e-02
9.647800000000000820e-02,4.656250000000000666e-02
9.654000000000001469e-02,4.656250000000000666e-02
9.660200000000000731e-02,4.687500000000000000e-02
9.666400000000001380e-02,4.687500000000000000e-02
9.672600000000000642e-02,4.687500000000000000e-02
9.678800000000001291e-02,4.718750000000000722e-02
9.685000000000000553e-02,4.687500000000000000e-02
9.691200000000001202e-02,4.656250000000000666e-02
9.697400000000000464e-02,4.562500000000000583e-02
9.703600000000001113e-02,4.562500000000000583e-02
9.709800000000000375e-02,4.406250000000000444e-02
9.716000000000001025e-02,4.312500000000000361e-02
9.722200000000000286e-02,4.250000000000000305e-02
9.728400000000000936e-02,4.093750000000000167e-02
9.734600000000001585e-02,4.062500000000000139e-02
9.740800000000000847e-02,3.937500000000000722e-02
9.747000000000001496e-02,3.875000000000000666e-02
9.753200000000000758e-02,3.843750000000000638e-02
9.759400000000001407e-02,3.843750000000000638e-02
9.765600000000000669e-02,3.843750000000000638e-02
9.771800000000001318e-02,3.843750000000000638e-02
9.778000000000000580e-02,3.843750000000000638e-02
9.784200000000001229e-02,3.906250000000000000e-02
9.790400000000000491e-02,3.906250000000000000e-02
9.796600000000001141e-02,3.937500000000000722e-02
9.802800000000000402e-02,4.000000000000000083e-02
9.809000000000001052e-02,4.062500000000000139e-02
9.815200000000000313e-02,4.125000000000000194e-02
9.821400000000000963e-02,4.156250000000000222e-02
9.827600000000000224e-02,4.250000000000000305e-02
9.833800000000000874e-02,4.250000000000000305e-02
9.840000000000001523e-02,4.343750000000000389e-02
9.846200000000000785e-02,4.343750000000000389e-02
9.852400000000001434e-02,4.343750000000000389e-02
9.858600000000000696e-02,4.375000000000000416e-02
9.864800000000001345e-02,4.406250000000000444e-02
9.871000000000000607e-02,4.406250000000000444e-02
9.877200000000001257e-02,4.437500000000000472e-02
9.883400000000000518e-02,4.437500000000000472e-02
9.889600000000001168e-02,4.468750000000000500e-02
9.895800000000000429e-02,4.500000000000000527e-02
9.902000000000001079e-02,4.500000000000000527e-02
9.908200000000000340e-02,4.531250000000000555e-02
9.914400000000000990e-02,4.531250000000000555e-02
9.920600000000000251e-02,4.531250000000000555e-02
9.926800000000000901e-02,4.468750000000000500e-02
9.933000000000001550e-02,4.468750000000000500e-02
9.939200000000000812e-02,4.437500000000000472e-02
9.945400000000001461e-02,4.406250000000000444e-02
9.951600000000000723e-02,4.375000000000000416e-02
9.957800000000001373e-02,4.281250000000000333e-02
9.964000000000000634e-02,4.281250000000000333e-02
9.970200000000001284e-02,4.218750000000000278e-02
9.976400000000000545e-02,4.187500000000000250e-02
9.982600000000001195e-02,4.062500000000000139e-02
9.988800000000000456e-02,4.000000000000000083e-02
9.995000000000001106e-02,3.937500000000000722e-02
1.000120000000000037e-01,3.843750000000000638e-02
1.000740000000000102e-01,3.781250000000000583e-02
1.001360000000000028e-01,3.718750000000000527e-02
1.001980000000000093e-01,3.718750000000000527e-02
1.002600000000000158e-01,3.750000000000000555e-02
1.003220000000000084e-01,3.781250000000000583e-02
1.003840000000000149e-01,3.843750000000000638e-02
1.004460000000000075e-01,3.937500000000000722e-02
1.005080000000000140e-01,4.031250000000000111e-02
1.005700000000000066e-01,4.125000000000000194e-02
1.006320000000000131e-01,4.250000000000000305e-02
1.006940000000000057e-01,4.343750000000000389e-02
1.007560000000000122e-01,4.468750000000000500e-02
1.008180000000000048e-01,4.531250000000000555e-02
1.008800000000000113e-01,4.562500000000000583e-02
1.009420000000000039e-01,4.593750000000000611e-02
1.010040000000000104e-01,4.593750000000000611e-02
1.010660000000000031e-01,4.593750000000000611e-02
1.011280000000000096e-01,4.593750000000000611e-02
1.011900000000000160e-01,4.593750000000000611e-02
1.012520000000000087e-01,4.624999999999999944e-02
1.013140000000000152e-01,4.656250000000000666e-02
1.013760000000000078e-01,4.656250000000000666e-02
1.014380000000000143e-01,4.687500000000000000e-02
1.015000000000000069e-01,4.656250000000000666e-02
1.015620000000000134e-01,4.687500000000000000e-02
1.016240000000000060e-01,4.687500000000000000e-02
1.016860000000000125e-01,4.656250000000000666e-02
1.017480000000000051e-01,4.656250000000000666e-02
1.018100000000000116e-01,4.593750000000000611e-02
1.018720000000000042e-01,4.593750000000000611e-02
1.019340000000000107e-01,4.562500000000000583e-02
1.019960000000000033e-01,4.531250000000000555e-02
1.020580000000000098e-01,4.500000000000000527e-02
1.021200000000000024e-01,4.500000000000000527e-02
1.021820000000000089e-01,4.500000000000000527e-02
1.022440000000000154e-01,4.468750000000000500e-02
1.023060000000000080e-01,4.437500000000000472e-02
1.023680000000000145e-01,4.406250000000000444e-02
1.024300000000000072e-01,4.406250000000000444e-02
1.024920000000000136e-01,4.406250000000000444e-02
1.025540000000000063e-01,4.406250000000000444e-02
1.026160000000000128e-01,4.406250000000000444e-02
1.026780000000000054e-01,4.406250000000000444e-02
1.027400000000000119e-01,4.437500000000000472e-02
1.028020000000000045e-01,4.437500000000000472e-02
1.028640000000000110e-01,4.468750000000000500e-02
1.029260000000000036e-01,4.468750000000000500e-02
1.029880000000000101e-01,4.500000000000000527e-02
1.030500000000000027e-01,4.531250000000000555e-02
1.031120000000000092e-01,4.562500000000000583e-02
1.031740000000000157e-01,4.562500000000000583e-02
1.032360000000000083e-01,4.593750000000000611e-02
1.032980000000000148e-01,4.624999999999999944e-02
1.033600000000000074e-01,4.593750000000000611e-02
1.034220000000000139e-01,4.593750000000000611e-02
1.034840000000000065e-01,4.562500000000000583e-02
1.035460000000000130e-01,4.531250000000000555e-02
1.036080000000000056e-01,4.500000000000000527e-02
1.036700000000000121e-01,4.437500000000000472e-02
1.037320000000000048e-01,4.437500000000000472e-02
1.037940000000000113e-01,4.375000000000000416e-02
1.038560000000000039e-01,4.375000000000000416e-02
1.039180000000000104e-01,4.375000000000000416e-02
1.039800000000000030e-01,4.406250000000000444e-02
1.040420000000000095e-01,4.406250000000000444e-02
1.041040000000000160e-01,4.406250000000000444e-02
1.041660000000000086e-01,4.437500000000000472e-02
1.042280000000000151e-01,4.531250000000000555e-02
1.042900000000000077e-01,4.531250000000000555e-02
1.043520000000000142e-01,4.562500000000000583e-02
1.044140000000000068e-01,4.593750000000000611e-02
1.044760000000000133e-01,4.593750000000000611e-02
1.045380000000000059e-01,4.624999999999999944e-02
1.046000000000000124e-01,4.593750000000000611e-02
1.046620000000000050e-01,4.624999999999999944e-02
1.047240000000000115e-01,4.593750000000000611e-02
1.047860000000000041e-01,4.656250000000000666e-02
1.048480000000000106e-01,4.593750000000000611e-02
1.049100000000000033e-01,4.593750000000000611e-02
1.049720000000000097e-01,4.593750000000000611e-02
1.050340000000000162e-01,4.593750000000000611e-02
1.050960000000000089e-01,4.593750000000000611e-02
1.051580000000000154e-01,4.593750000000000611e-02
1.052200000000000080e-01,4.531250000000000555e-02
1.052820000000000145e-01,4.531250000000000555e-02
1.053440000000000071e-01,4.531250000000000555e-02
1.054060000000000136e-01,4.437500000000000472e-02
1.054680000000000062e-01,4.312500000000000361e-02
1.055300000000000127e-01,4.312500000000000361e-02
1.055920000000000053e-01,4.250000000000000305e-02
1.056540000000000118e-01,4.125000000000000194e-02
1.057160000000000044e-01,4.125000000000000194e-02
1.057780000000000109e-01,4.000000000000000083e-02
1.058400000000000035e-01,3.968750000000000056e-02
1.059020000000000100e-01,3.937500000000000722e-02
1.059640000000000026e-01,3.937500000000000722e-02
1.060260000000000091e-01,3.937500000000000722e-02
1.060880000000000156e-01,3.937500000000000722e-02
1.061500000000000082e-01,3.875000000000000666e-02
1.062120000000000147e-01,3.875000000000000666e-02
1.062740000000000073e-01,3.843750000000000638e-02
1.063360000000000138e-01,3.843750000000000638e-02
1.063980000000000065e-01,3.843750000000000638e-02
1.064600000000000130e-01,3.875000000000000666e-02
1.065220000000000056e-01,3.843750000000000638e-02
1.065840000000000121e-01,3.875000000000000666e-02
1.066460000000000047e-01,3.937500000000000722e-02
1.067080000000000112e-01,3.937500000000000722e-02
1.067700000000000038e-01,4.031250000000000111e-02
1.068320000000000103e-01,4.062500000000000139e-02
1.068940000000000029e-01,4.093750000000000167e-02
1.069560000000000094e-01,4.187500000000000250e-02
1.070180000000000159e-01,4.250000000000000305e-02
1.070800000000000085e-01,4.281250000000000333e-02
1.071420000000000150e-01,4.343750000000000389e-02
1.072040000000000076e-01,4.375000000000000416e-02
1.072660000000000141e-01,4.406250000000000444e-02
1.073280000000000067e-01,4.406250000000000444e-02
1.073900000000000132e-01,4.406250000000000444e-02
1.074520000000000058e-01,4.437500000000000472e-02
1.075140000000000123e-01,4.406250000000000444e-02
1.075760000000000050e-01,4.343750000000000389e-02
1.076380000000000114e-01,4.312500000000000361e-02
1.077000000000000041e-01,4.250000000000000305e-02
1.077620000000000106e-01,4.250000000000000305e-02
1.078240000000000032e-01,4.187500000000000250e-02
1.078860000000000097e-01,4.062500000000000139e-02
1.079480000000000162e-01,3.906250000000000000e-02
1.080100000000000088e-01,3.781250000000000583e-02
1.080720000000000153e-01,3.593750000000000416e-02
1.081340000000000079e-01,3.531250000000000361e-02
1.081960000000000144e-01,3.312500000000000167e-02
1.082580000000000070e-01,3.125000000000000000e-02
1.083200000000000135e-01,3.031250000000000264e-02
1.083820000000000061e-01,2.843750000000000444e-02
1.084440000000000126e-01,2.718750000000000333e-02
1.085060000000000052e-01,2.656250000000000278e-02
1.085680000000000117e-01,2.625000000000000250e-02
1.086300000000000043e-01,2.593750000000000222e-02
1.086920000000000108e-01,2.562500000000000194e-02
1.087540000000000034e-01,2.593750000000000222e-02
1.088160000000000099e-01,2.625000000000000250e-02
1.088780000000000164e-01,2.812500000000000416e-02
1.089400000000000091e-01,2.843750000000000444e-02
1.090020000000000155e-01,3.031250000000000264e-02
1.090640000000000082e-01,3.156250000000000028e-02
1.091260000000000147e-01,3.281250000000000139e-02
1.091880000000000073e-01,3.375000000000000222e-02
1.092500000000000138e-01,3.468750000000000305e-02
1.093120000000000064e-01,3.656250000000000472e-02
1.093740000000000129e-01,3.687500000000000500e-02
1.094360000000000055e-01,3.812500000000000611e-02
1.094980000000000120e-01,3.843750000000000638e-02
1.095600000000000046e-01,3.843750000000000638e-02
1.096220000000000111e-01,3.937500000000000722e-02
1.096840000000000037e-01,3.937500000000000722e-02
1.097460000000000102e-01,3.937500000000000722e-02
1.098080000000000028e-01,3.937500000000000722e-02
1.098700000000000093e-01,3.937500000000000722e-02
1.099320000000000158e-01,3.906250000000000000e-02
1.099940000000000084e-01,3.843750000000000638e-02
1.100560000000000149e-01,3.812500000000000611e-02
1.101180000000000075e-01,3.750000000000000555e-02
1.101800000000000140e-01,3.687500000000000500e-02
1.102420000000000067e-01,3.625000000000000444e-02
1.103040000000000131e-01,3.625000000000000444e-02
1.103660000000000058e-01,3.500000000000000333e-02
1.104280000000000123e-01,3.562500000000000389e-02
1.104900000000000049e-01,3.437500000000000278e-02
1.105520000000000114e-01,3.406250000000000250e-02
1.106140000000000040e-01,3.375000000000000222e-02
1.106760000000000105e-01,3.375000000000000222e-02
1.107380000000000031e-01,3.250000000000000111e-02
1.108000000000000096e-01,3.156250000000000028e-02
1.108620000000000161e-01,3.062500000000000291e-02
1.109240000000000087e-01,2.968750000000000208e-02
1.109860000000000152e-01,2.906250000000000500e-02
1.110480000000000078e-01,2.781250000000000389e-02
1.111100000000000143e-01,2.750000000000000361e-02
1.111720000000000069e-01,2.687500000000000305e-02
1.112340000000000134e-01,2.687500000000000305e-02
1.112960000000000060e-01,2.656250000000000278e-02
1.113580000000000125e-01,2.625000000000000250e-02
1.114200000000000051e-01,2.687500000000000305e-02
1.114820000000000116e-01,2.687500000000000305e-02
1.115440000000000043e-01,2.750000000000000361e-02
1.116060000000000108e-01,2.843750000000000444e-02
1.116680000000000034e-01,2.875000000000000472e-02
1.117300000000000099e-01,3.031250000000000264e-02
1.117920000000000164e-01,3.218750000000000083e-02
1.118540000000000090e-01,3.406250000000000250e-02
1.119160000000000155e-01,3.531250000000000361e-02
1.119780000000000081e-01,3.718750000000000527e-02
1.120400000000000146e-01,3.875000000000000666e-02
1.121020000000000072e-01,3.937500000000000722e-02
1.121640000000000137e-01,4.000000000000000083e-02
1.122260000000000063e-01,4.093750000000000167e-02
1.122880000000000128e-01,4.125000000000000194e-02
1.123500000000000054e-01,4.125000000000000194e-02
1.124120000000000119e-01,4.156250000000000222e-02
1.124740000000000045e-01,4.125000000000000194e-02
1.125360000000000110e-01,4.093750000000000167e-02
1.125980000000000036e-01,4.000000000000000083e-02
1.126600000000000101e-01,3.906250000000000000e-02
1.127220000000000166e-01,3.781250000000000583e-02
1.127840000000000092e-01,3.593750000000000416e-02
1.128460000000000157e-01,3.468750000000000305e-02
1.129080000000000084e-01,3.187500000000000056e-02
1.129700000000000149e-01,3.093750000000000319e-02
1.130320000000000075e-01,2.812500000000000416e-02
1.130940000000000140e-01,2.687500000000000305e-02
1.131560000000000066e-01,2.437500000000000083e-02
1.132180000000000131e-01,2.375000000000000375e-02
1.132800000000000057e-01,2.250000000000000264e-02
1.133420000000000122e-01,2.218750000000000236e-02
1.134040000000000048e-01,2.187500000000000555e-02
1.134660000000000113e-01,2.187500000000000555e-02
1.135280000000000039e-01,2.312500000000000319e-02
1.135900000000000104e-01,2.406250000000000056e-02
1.136520000000000030e-01,2.468750000000000111e-02
1.137140000000000095e-01,2.625000000000000250e-02
1.137760000000000160e-01,2.750000000000000361e-02
1.138380000000000086e-01,2.875000000000000472e-02
1.139000000000000151e-01,3.093750000000000319e-02
1.139620000000000077e-01,3.281250000000000139e-02
1.140240000000000142e-01,3.375000000000000222e-02
1.140860000000000068e-01,3.437500000000000278e-02
1.141480000000000133e-01,3.593750000000000416e-02
1.142100000000000060e-01,3.656250000000000472e-02
1.142720000000000125e-01,3.687500000000000500e-02
1.143340000000000051e-01,3.750000000000000555e-02
1.143960000000000116e-01,3.781250000000000583e-02
1.144580000000000042e-01,3.812500000000000611e-02
1.145200000000000107e-01,3.843750000000000638e-02
1.145820000000000033e-01,3.843750000000000638e-02
1.146440000000000098e-01,3.812500000000000611e-02
1.147060000000000163e-01,3.812500000000000611e-02
1.147680000000000089e-01,3.750000000000000555e-02
1.148300000000000154e-01,3.687500000000000500e-02
1.148920000000000080e-01,3.625000000000000444e-02
1.149540000000000145e-01,3.562500000000000389e-02
1.150160000000000071e-01,3.531250000000000361e-02
1.150780000000000136e-01,3.468750000000000305e-02
1.151400000000000062e-01,3.437500000000000278e-02
1.152020000000000127e-01,3.375000000000000222e-02
1.152640000000000053e-01,3.312500000000000167e-02
1.153260000000000118e-01,3.312500000000000167e-02
1.153880000000000045e-01,3.218750000000000083e-02
1.154500000000000109e-01,3.187500000000000056e-02
1.155120000000000036e-01,3.093750000000000319e-02
1.155740000000000101e-01,3.062500000000000291e-02
1.156360000000000166e-01,3.000000000000000236e-02
1.156980000000000092e-01,2.843750000000000444e-02
1.157600000000000157e-01,2.781250000000000389e-02
1.158220000000000083e-01,2.656250000000000278e-02
1.158840000000000148e-01,2.625000000000000250e-02
1.159460000000000074e-01,2.500000000000000139e-02
1.160080000000000139e-01,2.375000000000000375e-02
1.160700000000000065e-01,2.343750000000000347e-02
1.161320000000000130e-01,2.281250000000000291e-02
1.161940000000000056e-01,2.281250000000000291e-02
1.162560000000000121e-01,2.312500000000000319e-02
1.163180000000000047e-01,2.343750000000000347e-02
1.163800000000000112e-01,2.375000000000000375e-02
1.164420000000000038e-01,2.468750000000000111e-02
1.165040000000000103e-01,2.656250000000000278e-02
1.165660000000000168e-01,2.781250000000000389e-02
1.166280000000000094e-01,3.031250000000000264e-02
1.166900000000000159e-01,3.187500000000000056e-02
1.167520000000000086e-01,3.250000000000000111e-02
1.168140000000000150e-01,3.437500000000000278e-02
1.168760000000000077e-01,3.593750000000000416e-02
1.169380000000000142e-01,3.718750000000000527e-02
1.170000000000000068e-01,3.781250000000000583e-02
1.170620000000000133e-01,3.843750000000000638e-02
1.171240000000000059e-01,3.906250000000000000e-02
1.171860000000000124e-01,3.875000000000000666e-02
1.172480000000000050e-01,3.875000000000000666e-02
1.173100000000000115e-01,3.843750000000000638e-02
1.173720000000000041e-01,3.812500000000000611e-02
1.174340000000000106e-01,3.687500000000000500e-02
1.174960000000000032e-01,3.625000000000000444e-02
1.175580000000000097e-01,3.406250000000000250e-02
1.176200000000000162e-01,3.343750000000000194e-02
1.176820000000000088e-01,3.093750000000000319e-02
1.177440000000000153e-01,3.000000000000000236e-02
1.178060000000000079e-01,2.906250000000000500e-02
1.178680000000000144e-01,2.750000000000000361e-02
1.179300000000000070e-01,2.656250000000000278e-02
1.179920000000000135e-01,2.625000000000000250e-02
1.180540000000000062e-01,2.562500000000000194e-02
1.181160000000000126e-01,2.500000000000000139e-02
1.181780000000000053e-01,2.468750000000000111e-02
1.182400000000000118e-01,2.437500000000000083e-02
1.183020000000000044e-01,2.437500000000000083e-02
1.183640000000000109e-01,2.437500000000000083e-02
1.184260000000000035e-01,2.437500000000000083e-02
1.184880000000000100e-01,2.500000000000000139e-02
1.185500000000000165e-01,2.531250000000000167e-02
1.186120000000000091e-01,2.593750000000000222e-02
1.186740000000000156e-01,2.656250000000000278e-02
1.187360000000000082e-01,2.750000000000000361e-02
1.187980000000000147e-01,2.781250000000000389e-02
1.188600000000000073e-01,2.843750000000000444e-02
1.189220000000000138e-01,2.875000000000000472e-02
1.189840000000000064e-01,2.906250000000000500e-02
1.190460000000000129e-01,3.000000000000000236e-02
1.191080000000000055e-01,3.031250000000000264e-02
1.191700000000000120e-01,3.062500000000000291e-02
1.192320000000000046e-01,3.062500000000000291e-02
1.192940000000000111e-01,3.125000000000000000e-02
1.193560000000000038e-01,3.093750000000000319e-02
1.194180000000000103e-01,3.125000000000000000e-02
1.194800000000000167e-01,3.093750000000000319e-02
1.195420000000000094e-01,3.031250000000000264e-02
1.196040000000000159e-01,3.031250000000000264e-02
1.196660000000000085e-01,2.937500000000000527e-02
1.197280000000000150e-01,2.875000000000000472e-02
1.197900000000000076e-01,2.812500000000000416e-02
1.198520000000000141e-01,2.750000000000000361e-02
1.199140000000000067e-01,2.687500000000000305e-02
1.199760000000000132e-01,2.656250000000000278e-02
1.200380000000000058e-01,2.625000000000000250e-02
1.201000000000000123e-01,2.531250000000000167e-02
1.201620000000000049e-01,2.500000000000000139e-02
1.202240000000000114e-01,2.406250000000000056e-02
1.202860000000000040e-01,2.343750000000000347e-02
1.203480000000000105e-01,2.250000000000000264e-02
1.204100000000000170e-01,2.218750000000000236e-02
1.204720000000000096e-01,2.093750000000000472e-02
1.205340000000000161e-01,1.937500000000000333e-02
1.205960000000000087e-01,1.843750000000000250e-02
1.206580000000000152e-01,1.750000000000000167e-02
1.207200000000000079e-01,1.562500000000000347e-02
1.207820000000000144e-01,1.531250000000000319e-02
1.208440000000000070e-01,1.343750000000000153e-02
1.209060000000000135e-01,1.312500000000000125e-02
1.209680000000000061e-01,1.281250000000000444e-02
1.210300000000000126e-01,1.218750000000000389e-02
1.210920000000000052e-01,1.218750000000000389e-02
1.211540000000000117e-01,1.218750000000000389e-02
1.212160000000000043e-01,1.250000000000000416e-02
1.212780000000000108e-01,1.343750000000000153e-02
1.213400000000000034e-01,1.437500000000000236e-02
1.214020000000000099e-01,1.562500000000000347e-02
1.214640000000000164e-01,1.656250000000000430e-02
1.215260000000000090e-01,1.781250000000000194e-02
1.215880000000000155e-01,1.906250000000000305e-02
1.216500000000000081e-01,2.125000000000000500e-02
1.217120000000000146e-01,2.281250000000000291e-02
1.217740000000000072e-01,2.343750000000000347e-02
1.218360000000000137e-01,2.625000000000000250e-02
1.218980000000000063e-01,2.718750000000000333e-02
1.219600000000000128e-01,2.843750000000000444e-02
1.220220000000000055e-01,2.906250000000000500e-02
1.220840000000000120e-01,2.937500000000000527e-02
1.221460000000000046e-01,2.968750000000000208e-02
1.222080000000000111e-01,2.937500000000000527e-02
1.222700000000000037e-01,3.187500000000000056e-02
1.223320000000000102e-01,2.781250000000000389e-02
1.223940000000000167e-01,2.531250000000000167e-02
1.224560000000000093e-01,2.093750000000000472e-02
1.225180000000000158e-01,2.250000000000000264e-02
1.225800000000000084e-01,2.281250000000000291e-02
1.226420000000000149e-01,2.218750000000000236e-02
1.227040000000000075e-01,2.218750000000000236e-02
1.227660000000000140e-01,2.281250000000000291e-02
1.228280000000000066e-01,2.218750000000000236e-02
1.228900000000000131e-01,1.812500000000000222e-02
1.229520000000000057e-01,1.750000000000000167e-02
1.230140000000000122e-01,1.875000000000000278e-02
1.230760000000000048e-01,1.718750000000000139e-02
1.231380000000000113e-01,1.687500000000000458e-02
