PURE SILICA, ELECTRODE=TUNGSTEN, TIME=35, POLING_VOLTAGE=3700, WAVELENGTH=1.55e-06, EFFECTIVE_DISTANCE=3.1e-05, POLED_LENGTH=0.3, CORE_INDEX=1.45, POLE=MAX, AC_VOLTAGE=237.5, AC_FREQUENCY=430, PIEZO_FREQUENCY=8.6
Time(s),Voltage(V)
0.000000000000000000e+00,5.000000000000004441e-03
5.800000000000000034e-05,1.437500000000000236e-02
1.160000000000000007e-04,1.718750000000000139e-02
1.740000000000000010e-04,1.468750000000000264e-02
2.320000000000000014e-04,1.187500000000000361e-02
2.900000000000000017e-04,1.343750000000000153e-02
3.480000000000000020e-04,1.562500000000000347e-02
4.060000000000000024e-04,1.906250000000000305e-02
4.640000000000000027e-04,2.125000000000000500e-02
5.220000000000000031e-04,2.531250000000000167e-02
5.800000000000000034e-04,2.843750000000000444e-02
6.380000000000000037e-04,2.906250000000000500e-02
6.960000000000000041e-04,3.031250000000000264e-02
7.540000000000000044e-04,3.312500000000000167e-02
8.120000000000000048e-04,3.531250000000000361e-02
8.700000000000000051e-04,3.437500000000000278e-02
9.280000000000000054e-04,3.562500000000000389e-02
9.859999999999998974e-04,3.687500000000000500e-02
1.044000000000000006e-03,3.812500000000000611e-02
1.102000000000000115e-03,3.750000000000000555e-02
1.160000000000000007e-03,3.437500000000000278e-02
1.217999999999999899e-03,3.343750000000000194e-02
1.276000000000000007e-03,3.250000000000000111e-02
1.334000000000000116e-03,3.125000000000000000e-02
1.392000000000000008e-03,2.812500000000000416e-02
1.449999999999999900e-03,2.468750000000000111e-02
1.508000000000000009e-03,2.218750000000000236e-02
1.566000000000000118e-03,1.968750000000000361e-02
1.624000000000000010e-03,1.812500000000000222e-02
1.681999999999999901e-03,1.625000000000000402e-02
1.740000000000000010e-03,1.343750000000000153e-02
1.798000000000000119e-03,1.281250000000000444e-02
1.856000000000000011e-03,1.187500000000000361e-02
1.913999999999999903e-03,1.031250000000000222e-02
1.971999999999999795e-03,9.062500000000001110e-03
2.030000000000000120e-03,9.062500000000001110e-03
2.088000000000000012e-03,7.500000000000003192e-03
2.145999999999999904e-03,6.562500000000002359e-03
2.204000000000000230e-03,6.875000000000002637e-03
2.262000000000000122e-03,7.187500000000002914e-03
2.320000000000000014e-03,7.500000000000003192e-03
2.377999999999999906e-03,8.437500000000004025e-03
2.435999999999999797e-03,1.000000000000000194e-02
2.494000000000000123e-03,1.156250000000000333e-02
2.552000000000000015e-03,1.281250000000000444e-02
2.609999999999999907e-03,1.281250000000000444e-02
2.668000000000000232e-03,1.468750000000000264e-02
2.726000000000000124e-03,1.593750000000000375e-02
2.784000000000000016e-03,1.781250000000000194e-02
2.841999999999999908e-03,2.125000000000000500e-02
2.899999999999999800e-03,2.406250000000000056e-02
2.958000000000000126e-03,2.593750000000000222e-02
3.016000000000000018e-03,2.718750000000000333e-02
3.073999999999999910e-03,2.875000000000000472e-02
3.132000000000000235e-03,2.937500000000000527e-02
3.190000000000000127e-03,3.062500000000000291e-02
3.248000000000000019e-03,3.093750000000000319e-02
3.305999999999999911e-03,3.125000000000000000e-02
3.363999999999999803e-03,3.125000000000000000e-02
3.422000000000000128e-03,3.093750000000000319e-02
3.480000000000000020e-03,3.062500000000000291e-02
3.537999999999999912e-03,2.906250000000000500e-02
3.596000000000000238e-03,2.718750000000000333e-02
3.654000000000000130e-03,2.531250000000000167e-02
3.712000000000000022e-03,2.218750000000000236e-02
3.769999999999999914e-03,2.125000000000000500e-02
3.827999999999999806e-03,1.781250000000000194e-02
3.886000000000000131e-03,1.468750000000000264e-02
3.943999999999999589e-03,1.437500000000000236e-02
4.002000000000000349e-03,1.031250000000000222e-02
4.060000000000000241e-03,7.812500000000003469e-03
4.118000000000000133e-03,5.937500000000001804e-03
4.176000000000000024e-03,5.000000000000004441e-03
4.233999999999999916e-03,4.062500000000003608e-03
4.291999999999999808e-03,3.750000000000003331e-03
4.349999999999999700e-03,2.812500000000002498e-03
4.408000000000000460e-03,2.812500000000002498e-03
4.466000000000000351e-03,2.500000000000002220e-03
4.524000000000000243e-03,2.500000000000002220e-03
4.582000000000000135e-03,2.500000000000002220e-03
4.640000000000000027e-03,2.500000000000002220e-03
4.697999999999999919e-03,2.187500000000001943e-03
4.755999999999999811e-03,3.125000000000002776e-03
4.813999999999999703e-03,4.062500000000003608e-03
4.871999999999999595e-03,5.312500000000001249e-03
4.930000000000000354e-03,5.625000000000001527e-03
4.988000000000000246e-03,7.500000000000003192e-03
5.046000000000000138e-03,1.062500000000000250e-02
5.104000000000000030e-03,1.250000000000000416e-02
5.161999999999999922e-03,1.312500000000000125e-02
5.219999999999999814e-03,1.656250000000000430e-02
5.277999999999999706e-03,1.843750000000000250e-02
5.336000000000000465e-03,2.000000000000000389e-02
5.394000000000000357e-03,2.125000000000000500e-02
5.452000000000000249e-03,2.218750000000000236e-02
5.510000000000000141e-03,2.187500000000000555e-02
5.568000000000000033e-03,2.156250000000000527e-02
5.625999999999999925e-03,2.093750000000000472e-02
5.683999999999999816e-03,2.000000000000000389e-02
5.741999999999999708e-03,1.875000000000000278e-02
5.799999999999999600e-03,1.718750000000000139e-02
5.858000000000000360e-03,1.625000000000000402e-02
5.916000000000000252e-03,1.468750000000000264e-02
5.974000000000000143e-03,1.218750000000000389e-02
6.032000000000000035e-03,9.687500000000001665e-03
6.089999999999999927e-03,8.125000000000003747e-03
6.147999999999999819e-03,5.625000000000001527e-03
6.205999999999999711e-03,5.000000000000004441e-03
6.264000000000000470e-03,4.062500000000003608e-03
6.322000000000000362e-03,3.125000000000002776e-03
6.380000000000000254e-03,2.812500000000002498e-03
6.438000000000000146e-03,2.812500000000002498e-03
6.496000000000000038e-03,2.812500000000002498e-03
6.553999999999999930e-03,3.125000000000002776e-03
6.611999999999999822e-03,3.437500000000003053e-03
6.669999999999999714e-03,4.062500000000003608e-03
6.727999999999999606e-03,4.062500000000003608e-03
6.786000000000000365e-03,4.062500000000003608e-03
6.844000000000000257e-03,4.375000000000003886e-03
6.902000000000000149e-03,4.687500000000004163e-03
6.960000000000000041e-03,4.687500000000004163e-03
7.017999999999999933e-03,4.375000000000003886e-03
7.075999999999999825e-03,4.062500000000003608e-03
7.133999999999999717e-03,3.750000000000003331e-03
7.192000000000000476e-03,3.125000000000002776e-03
7.250000000000000368e-03,3.125000000000002776e-03
7.308000000000000260e-03,2.187500000000001943e-03
7.366000000000000152e-03,2.187500000000001943e-03
7.424000000000000044e-03,2.187500000000001943e-03
7.481999999999999935e-03,2.500000000000002220e-03
7.539999999999999827e-03,2.500000000000002220e-03
7.597999999999999719e-03,2.812500000000002498e-03
7.655999999999999611e-03,3.437500000000003053e-03
7.714000000000000370e-03,3.437500000000003053e-03
7.772000000000000262e-03,4.062500000000003608e-03
7.830000000000000154e-03,4.375000000000003886e-03
7.887999999999999179e-03,4.687500000000004163e-03
7.945999999999999938e-03,4.687500000000004163e-03
8.004000000000000697e-03,4.375000000000003886e-03
8.061999999999999722e-03,4.375000000000003886e-03
8.120000000000000481e-03,3.750000000000003331e-03
8.177999999999999506e-03,3.125000000000002776e-03
8.236000000000000265e-03,2.812500000000002498e-03
8.293999999999999290e-03,2.187500000000001943e-03
8.352000000000000049e-03,2.500000000000002220e-03
8.410000000000000808e-03,2.187500000000001943e-03
8.467999999999999833e-03,3.125000000000002776e-03
8.526000000000000592e-03,3.437500000000003053e-03
8.583999999999999617e-03,4.687500000000004163e-03
8.642000000000000376e-03,5.937500000000001804e-03
8.699999999999999400e-03,8.125000000000003747e-03
8.758000000000000160e-03,1.031250000000000222e-02
8.816000000000000919e-03,1.281250000000000444e-02
8.873999999999999944e-03,1.343750000000000153e-02
8.932000000000000703e-03,1.656250000000000430e-02
8.989999999999999727e-03,1.718750000000000139e-02
9.048000000000000487e-03,1.968750000000000361e-02
9.105999999999999511e-03,1.968750000000000361e-02
9.164000000000000271e-03,2.000000000000000389e-02
9.221999999999999295e-03,2.062500000000000444e-02
9.280000000000000054e-03,1.968750000000000361e-02
9.338000000000000814e-03,1.906250000000000305e-02
9.395999999999999838e-03,1.781250000000000194e-02
9.454000000000000598e-03,1.562500000000000347e-02
9.511999999999999622e-03,1.406250000000000208e-02
9.570000000000000381e-03,1.156250000000000333e-02
9.627999999999999406e-03,9.375000000000001388e-03
9.686000000000000165e-03,8.125000000000003747e-03
9.743999999999999190e-03,6.875000000000002637e-03
9.801999999999999949e-03,5.937500000000001804e-03
9.860000000000000708e-03,4.687500000000004163e-03
9.917999999999999733e-03,4.062500000000003608e-03
9.976000000000000492e-03,3.125000000000002776e-03
1.003399999999999952e-02,2.812500000000002498e-03
1.009200000000000028e-02,2.812500000000002498e-03
1.014999999999999930e-02,2.500000000000002220e-03
1.020800000000000006e-02,2.500000000000002220e-03
1.026600000000000082e-02,2.812500000000002498e-03
1.032399999999999984e-02,2.812500000000002498e-03
1.038200000000000060e-02,3.125000000000002776e-03
1.043999999999999963e-02,3.750000000000003331e-03
1.049800000000000039e-02,4.375000000000003886e-03
1.055599999999999941e-02,5.937500000000001804e-03
1.061400000000000017e-02,6.875000000000002637e-03
1.067200000000000093e-02,8.750000000000004302e-03
1.072999999999999995e-02,1.156250000000000333e-02
1.078800000000000071e-02,1.250000000000000416e-02
1.084599999999999974e-02,1.500000000000000291e-02
1.090400000000000050e-02,1.906250000000000305e-02
1.096199999999999952e-02,2.187500000000000555e-02
1.102000000000000028e-02,2.250000000000000264e-02
1.107799999999999931e-02,2.625000000000000250e-02
1.113600000000000007e-02,2.906250000000000500e-02
1.119400000000000082e-02,2.906250000000000500e-02
1.125199999999999985e-02,3.250000000000000111e-02
1.131000000000000061e-02,3.406250000000000250e-02
1.136799999999999963e-02,3.531250000000000361e-02
1.142600000000000039e-02,3.593750000000000416e-02
1.148399999999999942e-02,3.625000000000000444e-02
1.154200000000000018e-02,3.656250000000000472e-02
1.159999999999999920e-02,3.656250000000000472e-02
1.165799999999999996e-02,3.593750000000000416e-02
1.171600000000000072e-02,3.437500000000000278e-02
1.177399999999999974e-02,3.375000000000000222e-02
1.183200000000000050e-02,3.187500000000000056e-02
1.188999999999999953e-02,2.875000000000000472e-02
1.194800000000000029e-02,2.750000000000000361e-02
1.200599999999999931e-02,2.562500000000000194e-02
1.206400000000000007e-02,2.250000000000000264e-02
1.212200000000000083e-02,1.906250000000000305e-02
1.217999999999999985e-02,1.656250000000000430e-02
1.223800000000000061e-02,1.468750000000000264e-02
1.229599999999999964e-02,1.312500000000000125e-02
1.235400000000000040e-02,1.156250000000000333e-02
1.241199999999999942e-02,1.000000000000000194e-02
1.247000000000000018e-02,9.375000000000001388e-03
1.252800000000000094e-02,8.750000000000004302e-03
1.258599999999999997e-02,8.750000000000004302e-03
1.264400000000000072e-02,9.375000000000001388e-03
1.270199999999999975e-02,9.687500000000001665e-03
1.276000000000000051e-02,1.031250000000000222e-02
1.281799999999999953e-02,1.218750000000000389e-02
1.287600000000000029e-02,1.312500000000000125e-02
1.293399999999999932e-02,1.531250000000000319e-02
1.299200000000000008e-02,1.812500000000000222e-02
1.305000000000000084e-02,2.031250000000000416e-02
1.310799999999999986e-02,2.437500000000000083e-02
1.316600000000000062e-02,2.593750000000000222e-02
1.322399999999999964e-02,2.781250000000000389e-02
1.328200000000000040e-02,3.250000000000000111e-02
1.333999999999999943e-02,3.375000000000000222e-02
1.339800000000000019e-02,3.593750000000000416e-02
1.345599999999999921e-02,3.875000000000000666e-02
1.351399999999999997e-02,4.000000000000000083e-02
1.357200000000000073e-02,4.125000000000000194e-02
1.362999999999999975e-02,4.125000000000000194e-02
1.368800000000000051e-02,4.187500000000000250e-02
1.374599999999999954e-02,4.218750000000000278e-02
1.380400000000000030e-02,4.187500000000000250e-02
1.386199999999999932e-02,4.187500000000000250e-02
1.392000000000000008e-02,4.093750000000000167e-02
1.397800000000000084e-02,4.000000000000000083e-02
1.403599999999999987e-02,3.843750000000000638e-02
1.409400000000000062e-02,3.687500000000000500e-02
1.415199999999999965e-02,3.375000000000000222e-02
1.421000000000000041e-02,3.250000000000000111e-02
1.426799999999999943e-02,2.875000000000000472e-02
1.432600000000000019e-02,2.625000000000000250e-02
1.438400000000000095e-02,2.406250000000000056e-02
1.444199999999999998e-02,2.250000000000000264e-02
1.450000000000000074e-02,2.031250000000000416e-02
1.455799999999999976e-02,1.843750000000000250e-02
1.461600000000000052e-02,1.656250000000000430e-02
1.467399999999999954e-02,1.625000000000000402e-02
1.473200000000000030e-02,1.531250000000000319e-02
1.478999999999999933e-02,1.468750000000000264e-02
1.484800000000000009e-02,1.468750000000000264e-02
1.490600000000000085e-02,1.562500000000000347e-02
1.496399999999999987e-02,1.593750000000000375e-02
1.502200000000000063e-02,1.718750000000000139e-02
1.507999999999999965e-02,1.875000000000000278e-02
1.513800000000000041e-02,1.937500000000000333e-02
1.519599999999999944e-02,2.187500000000000555e-02
1.525400000000000020e-02,2.312500000000000319e-02
1.531199999999999922e-02,2.500000000000000139e-02
1.536999999999999998e-02,2.687500000000000305e-02
1.542800000000000074e-02,2.937500000000000527e-02
1.548599999999999977e-02,3.062500000000000291e-02
1.554400000000000052e-02,3.218750000000000083e-02
1.560199999999999955e-02,3.437500000000000278e-02
1.566000000000000031e-02,3.625000000000000444e-02
1.571799999999999933e-02,3.718750000000000527e-02
1.577599999999999836e-02,3.906250000000000000e-02
1.583400000000000085e-02,3.937500000000000722e-02
1.589199999999999988e-02,4.000000000000000083e-02
1.594999999999999890e-02,4.062500000000000139e-02
1.600800000000000139e-02,4.156250000000000222e-02
1.606600000000000042e-02,4.156250000000000222e-02
1.612399999999999944e-02,4.187500000000000250e-02
1.618199999999999847e-02,4.187500000000000250e-02
1.624000000000000096e-02,4.125000000000000194e-02
1.629799999999999999e-02,4.093750000000000167e-02
1.635599999999999901e-02,3.968750000000000056e-02
1.641400000000000151e-02,3.937500000000000722e-02
1.647200000000000053e-02,3.781250000000000583e-02
1.652999999999999955e-02,3.687500000000000500e-02
1.658799999999999858e-02,3.593750000000000416e-02
1.664600000000000107e-02,3.468750000000000305e-02
1.670400000000000010e-02,3.312500000000000167e-02
1.676199999999999912e-02,3.156250000000000028e-02
1.682000000000000162e-02,2.937500000000000527e-02
1.687800000000000064e-02,2.718750000000000333e-02
1.693599999999999967e-02,2.500000000000000139e-02
1.699399999999999869e-02,2.187500000000000555e-02
1.705200000000000118e-02,2.125000000000000500e-02
1.711000000000000021e-02,1.875000000000000278e-02
1.716799999999999923e-02,1.781250000000000194e-02
1.722600000000000173e-02,1.656250000000000430e-02
1.728400000000000075e-02,1.625000000000000402e-02
1.734199999999999978e-02,1.562500000000000347e-02
1.739999999999999880e-02,1.656250000000000430e-02
1.745800000000000129e-02,1.687500000000000458e-02
1.751600000000000032e-02,1.812500000000000222e-02
1.757399999999999934e-02,2.093750000000000472e-02
1.763200000000000184e-02,2.156250000000000527e-02
1.769000000000000086e-02,2.531250000000000167e-02
1.774799999999999989e-02,2.687500000000000305e-02
1.780599999999999891e-02,2.906250000000000500e-02
1.786400000000000141e-02,3.343750000000000194e-02
1.792200000000000043e-02,3.562500000000000389e-02
1.797999999999999945e-02,3.687500000000000500e-02
1.803799999999999848e-02,3.937500000000000722e-02
1.809600000000000097e-02,4.156250000000000222e-02
1.815400000000000000e-02,4.312500000000000361e-02
1.821199999999999902e-02,4.406250000000000444e-02
1.827000000000000152e-02,4.531250000000000555e-02
1.832800000000000054e-02,4.562500000000000583e-02
1.838599999999999957e-02,4.593750000000000611e-02
1.844399999999999859e-02,4.624999999999999944e-02
1.850200000000000108e-02,4.624999999999999944e-02
1.856000000000000011e-02,4.562500000000000583e-02
1.861799999999999913e-02,4.531250000000000555e-02
1.867600000000000163e-02,4.406250000000000444e-02
1.873400000000000065e-02,4.343750000000000389e-02
1.879199999999999968e-02,4.156250000000000222e-02
1.884999999999999870e-02,3.937500000000000722e-02
1.890800000000000120e-02,3.812500000000000611e-02
1.896600000000000022e-02,3.531250000000000361e-02
1.902399999999999924e-02,3.187500000000000056e-02
1.908200000000000174e-02,3.031250000000000264e-02
1.914000000000000076e-02,2.812500000000000416e-02
1.919799999999999979e-02,2.437500000000000083e-02
1.925599999999999881e-02,2.093750000000000472e-02
1.931400000000000131e-02,2.062500000000000444e-02
1.937200000000000033e-02,1.812500000000000222e-02
1.942999999999999935e-02,1.750000000000000167e-02
1.948799999999999838e-02,1.750000000000000167e-02
1.954600000000000087e-02,1.781250000000000194e-02
1.960399999999999990e-02,1.781250000000000194e-02
1.966199999999999892e-02,1.906250000000000305e-02
1.972000000000000142e-02,2.031250000000000416e-02
1.977800000000000044e-02,2.156250000000000527e-02
1.983599999999999947e-02,2.312500000000000319e-02
1.989399999999999849e-02,2.593750000000000222e-02
1.995200000000000098e-02,2.718750000000000333e-02
2.001000000000000001e-02,2.875000000000000472e-02
2.006799999999999903e-02,3.218750000000000083e-02
2.012600000000000153e-02,3.250000000000000111e-02
2.018400000000000055e-02,3.562500000000000389e-02
2.024199999999999958e-02,3.625000000000000444e-02
2.029999999999999860e-02,3.781250000000000583e-02
2.035800000000000110e-02,4.000000000000000083e-02
2.041600000000000012e-02,4.125000000000000194e-02
2.047399999999999914e-02,4.250000000000000305e-02
2.053200000000000164e-02,4.312500000000000361e-02
2.059000000000000066e-02,4.375000000000000416e-02
2.064799999999999969e-02,4.406250000000000444e-02
2.070599999999999871e-02,4.437500000000000472e-02
2.076400000000000121e-02,4.468750000000000500e-02
2.082200000000000023e-02,4.437500000000000472e-02
2.087999999999999926e-02,4.437500000000000472e-02
2.093800000000000175e-02,4.406250000000000444e-02
2.099600000000000077e-02,4.343750000000000389e-02
2.105399999999999980e-02,4.281250000000000333e-02
2.111199999999999882e-02,4.250000000000000305e-02
2.117000000000000132e-02,4.125000000000000194e-02
2.122800000000000034e-02,4.000000000000000083e-02
2.128599999999999937e-02,3.812500000000000611e-02
2.134400000000000186e-02,3.656250000000000472e-02
2.140200000000000088e-02,3.500000000000000333e-02
2.145999999999999991e-02,3.125000000000000000e-02
2.151799999999999893e-02,3.062500000000000291e-02
2.157600000000000143e-02,2.843750000000000444e-02
2.163400000000000045e-02,2.593750000000000222e-02
2.169199999999999948e-02,2.468750000000000111e-02
2.174999999999999850e-02,2.406250000000000056e-02
2.180800000000000100e-02,2.250000000000000264e-02
2.186600000000000002e-02,2.156250000000000527e-02
2.192399999999999904e-02,2.125000000000000500e-02
2.198200000000000154e-02,2.093750000000000472e-02
2.204000000000000056e-02,2.125000000000000500e-02
2.209799999999999959e-02,2.250000000000000264e-02
2.215599999999999861e-02,2.343750000000000347e-02
2.221400000000000111e-02,2.625000000000000250e-02
2.227200000000000013e-02,2.875000000000000472e-02
2.232999999999999916e-02,3.093750000000000319e-02
2.238800000000000165e-02,3.187500000000000056e-02
2.244600000000000067e-02,3.437500000000000278e-02
2.250399999999999970e-02,3.718750000000000527e-02
2.256199999999999872e-02,4.031250000000000111e-02
2.262000000000000122e-02,4.218750000000000278e-02
2.267800000000000024e-02,4.375000000000000416e-02
2.273599999999999927e-02,4.437500000000000472e-02
2.279400000000000176e-02,4.531250000000000555e-02
2.285200000000000078e-02,4.593750000000000611e-02
2.290999999999999981e-02,4.656250000000000666e-02
2.296799999999999883e-02,4.656250000000000666e-02
2.302600000000000133e-02,4.687500000000000000e-02
2.308400000000000035e-02,4.718750000000000722e-02
2.314199999999999938e-02,4.718750000000000722e-02
2.319999999999999840e-02,4.718750000000000722e-02
2.325800000000000090e-02,4.656250000000000666e-02
2.331599999999999992e-02,4.562500000000000583e-02
2.337399999999999894e-02,4.500000000000000527e-02
2.343200000000000144e-02,4.406250000000000444e-02
2.349000000000000046e-02,4.187500000000000250e-02
2.354799999999999949e-02,3.968750000000000056e-02
2.360599999999999851e-02,3.906250000000000000e-02
2.366400000000000101e-02,3.625000000000000444e-02
2.372200000000000003e-02,3.406250000000000250e-02
2.377999999999999906e-02,3.187500000000000056e-02
2.383800000000000155e-02,2.968750000000000208e-02
2.389600000000000057e-02,2.656250000000000278e-02
2.395399999999999960e-02,2.437500000000000083e-02
2.401199999999999862e-02,2.343750000000000347e-02
2.407000000000000112e-02,2.250000000000000264e-02
2.412800000000000014e-02,2.187500000000000555e-02
2.418599999999999917e-02,2.156250000000000527e-02
2.424400000000000166e-02,2.156250000000000527e-02
2.430200000000000068e-02,2.187500000000000555e-02
2.435999999999999971e-02,2.281250000000000291e-02
2.441799999999999873e-02,2.468750000000000111e-02
2.447600000000000123e-02,2.562500000000000194e-02
2.453400000000000025e-02,2.687500000000000305e-02
2.459199999999999928e-02,3.000000000000000236e-02
2.465000000000000177e-02,3.187500000000000056e-02
2.470800000000000080e-02,3.250000000000000111e-02
2.476599999999999982e-02,3.531250000000000361e-02
2.482399999999999884e-02,3.781250000000000583e-02
2.488200000000000134e-02,3.937500000000000722e-02
2.494000000000000036e-02,4.062500000000000139e-02
2.499799999999999939e-02,4.187500000000000250e-02
2.505600000000000188e-02,4.281250000000000333e-02
2.511400000000000091e-02,4.406250000000000444e-02
2.517199999999999993e-02,4.468750000000000500e-02
2.522999999999999896e-02,4.531250000000000555e-02
2.528800000000000145e-02,4.593750000000000611e-02
2.534600000000000047e-02,4.624999999999999944e-02
2.540399999999999950e-02,4.656250000000000666e-02
2.546199999999999852e-02,4.687500000000000000e-02
2.552000000000000102e-02,4.656250000000000666e-02
2.557800000000000004e-02,4.687500000000000000e-02
2.563599999999999907e-02,4.656250000000000666e-02
2.569400000000000156e-02,4.656250000000000666e-02
2.575200000000000058e-02,4.593750000000000611e-02
2.580999999999999961e-02,4.562500000000000583e-02
2.586799999999999863e-02,4.437500000000000472e-02
2.592600000000000113e-02,4.281250000000000333e-02
2.598400000000000015e-02,4.218750000000000278e-02
2.604199999999999918e-02,3.937500000000000722e-02
2.610000000000000167e-02,3.750000000000000555e-02
2.615800000000000070e-02,3.531250000000000361e-02
2.621599999999999972e-02,3.343750000000000194e-02
2.627399999999999874e-02,3.250000000000000111e-02
2.633200000000000124e-02,3.125000000000000000e-02
2.639000000000000026e-02,2.968750000000000208e-02
2.644799999999999929e-02,2.906250000000000500e-02
2.650600000000000178e-02,2.843750000000000444e-02
2.656400000000000081e-02,2.843750000000000444e-02
2.662199999999999983e-02,2.875000000000000472e-02
2.667999999999999886e-02,2.906250000000000500e-02
2.673800000000000135e-02,3.062500000000000291e-02
2.679600000000000037e-02,3.156250000000000028e-02
2.685399999999999940e-02,3.281250000000000139e-02
2.691199999999999842e-02,3.437500000000000278e-02
2.697000000000000092e-02,3.750000000000000555e-02
2.702799999999999994e-02,3.875000000000000666e-02
2.708599999999999897e-02,4.000000000000000083e-02
2.714400000000000146e-02,4.218750000000000278e-02
2.720200000000000048e-02,4.375000000000000416e-02
2.725999999999999951e-02,4.437500000000000472e-02
2.731799999999999853e-02,4.531250000000000555e-02
2.737600000000000103e-02,4.624999999999999944e-02
2.743400000000000005e-02,4.656250000000000666e-02
2.749199999999999908e-02,4.656250000000000666e-02
2.755000000000000157e-02,4.687500000000000000e-02
2.760800000000000060e-02,4.718750000000000722e-02
2.766599999999999962e-02,4.718750000000000722e-02
2.772399999999999864e-02,4.750000000000000056e-02
2.778200000000000114e-02,4.750000000000000056e-02
2.784000000000000016e-02,4.750000000000000056e-02
2.789799999999999919e-02,4.750000000000000056e-02
2.795600000000000168e-02,4.750000000000000056e-02
2.801400000000000071e-02,4.687500000000000000e-02
2.807199999999999973e-02,4.656250000000000666e-02
2.812999999999999876e-02,4.593750000000000611e-02
2.818800000000000125e-02,4.500000000000000527e-02
2.824600000000000027e-02,4.406250000000000444e-02
2.830399999999999930e-02,4.343750000000000389e-02
2.836200000000000179e-02,4.156250000000000222e-02
2.842000000000000082e-02,4.093750000000000167e-02
2.847799999999999984e-02,3.968750000000000056e-02
2.853599999999999887e-02,3.875000000000000666e-02
2.859400000000000136e-02,3.812500000000000611e-02
2.865200000000000038e-02,3.687500000000000500e-02
2.870999999999999941e-02,3.593750000000000416e-02
2.876800000000000190e-02,3.562500000000000389e-02
2.882600000000000093e-02,3.500000000000000333e-02
2.888399999999999995e-02,3.468750000000000305e-02
2.894199999999999898e-02,3.468750000000000305e-02
2.900000000000000147e-02,3.500000000000000333e-02
2.905800000000000050e-02,3.656250000000000472e-02
2.911599999999999952e-02,3.687500000000000500e-02
2.917399999999999854e-02,3.875000000000000666e-02
2.923200000000000104e-02,4.031250000000000111e-02
2.929000000000000006e-02,4.093750000000000167e-02
2.934799999999999909e-02,4.281250000000000333e-02
2.940600000000000158e-02,4.406250000000000444e-02
2.946400000000000061e-02,4.468750000000000500e-02
2.952199999999999963e-02,4.593750000000000611e-02
2.957999999999999866e-02,4.624999999999999944e-02
2.963800000000000115e-02,4.593750000000000611e-02
2.969600000000000017e-02,4.531250000000000555e-02
2.975399999999999920e-02,4.468750000000000500e-02
2.981200000000000169e-02,4.406250000000000444e-02
2.987000000000000072e-02,4.312500000000000361e-02
2.992799999999999974e-02,4.125000000000000194e-02
2.998599999999999877e-02,3.937500000000000722e-02
3.004400000000000126e-02,3.812500000000000611e-02
3.010200000000000028e-02,3.750000000000000555e-02
3.015999999999999931e-02,3.750000000000000555e-02
3.021800000000000180e-02,3.718750000000000527e-02
3.027600000000000083e-02,3.750000000000000555e-02
3.033399999999999985e-02,3.812500000000000611e-02
3.039199999999999888e-02,3.937500000000000722e-02
3.045000000000000137e-02,4.062500000000000139e-02
3.050800000000000040e-02,4.250000000000000305e-02
3.056599999999999942e-02,4.343750000000000389e-02
3.062399999999999844e-02,4.406250000000000444e-02
3.068200000000000094e-02,4.500000000000000527e-02
3.073999999999999996e-02,4.562500000000000583e-02
3.079799999999999899e-02,4.593750000000000611e-02
3.085600000000000148e-02,4.593750000000000611e-02
3.091400000000000051e-02,4.562500000000000583e-02
3.097199999999999953e-02,4.562500000000000583e-02
3.102999999999999856e-02,4.500000000000000527e-02
3.108800000000000105e-02,4.468750000000000500e-02
3.114600000000000007e-02,4.406250000000000444e-02
3.120399999999999910e-02,4.406250000000000444e-02
3.126199999999999812e-02,4.406250000000000444e-02
3.132000000000000062e-02,4.437500000000000472e-02
3.137800000000000311e-02,4.500000000000000527e-02
3.143599999999999867e-02,4.562500000000000583e-02
3.149400000000000116e-02,4.593750000000000611e-02
3.155199999999999672e-02,4.562500000000000583e-02
3.160999999999999921e-02,4.562500000000000583e-02
3.166800000000000170e-02,4.406250000000000444e-02
3.172599999999999726e-02,4.312500000000000361e-02
3.178399999999999975e-02,4.062500000000000139e-02
3.184200000000000225e-02,3.750000000000000555e-02
3.189999999999999780e-02,3.562500000000000389e-02
3.195800000000000030e-02,3.156250000000000028e-02
3.201600000000000279e-02,3.000000000000000236e-02
3.207399999999999834e-02,2.843750000000000444e-02
3.213200000000000084e-02,2.656250000000000278e-02
3.219000000000000333e-02,2.437500000000000083e-02
3.224799999999999889e-02,2.343750000000000347e-02
3.230600000000000138e-02,2.312500000000000319e-02
3.236399999999999694e-02,2.281250000000000291e-02
3.242199999999999943e-02,2.312500000000000319e-02
3.248000000000000193e-02,2.375000000000000375e-02
3.253799999999999748e-02,2.500000000000000139e-02
3.259599999999999997e-02,2.625000000000000250e-02
3.265400000000000247e-02,2.875000000000000472e-02
3.271199999999999802e-02,3.031250000000000264e-02
3.277000000000000052e-02,3.218750000000000083e-02
3.282800000000000301e-02,3.343750000000000194e-02
3.288599999999999857e-02,3.468750000000000305e-02
3.294400000000000106e-02,3.687500000000000500e-02
3.300200000000000355e-02,3.781250000000000583e-02
3.305999999999999911e-02,3.906250000000000000e-02
3.311800000000000160e-02,4.000000000000000083e-02
3.317599999999999716e-02,4.093750000000000167e-02
3.323399999999999965e-02,4.187500000000000250e-02
3.329200000000000215e-02,4.187500000000000250e-02
3.334999999999999770e-02,4.281250000000000333e-02
3.340800000000000020e-02,4.281250000000000333e-02
3.346600000000000269e-02,4.250000000000000305e-02
3.352399999999999824e-02,4.218750000000000278e-02
3.358200000000000074e-02,4.156250000000000222e-02
3.364000000000000323e-02,4.125000000000000194e-02
3.369799999999999879e-02,4.031250000000000111e-02
3.375600000000000128e-02,3.906250000000000000e-02
3.381399999999999684e-02,3.843750000000000638e-02
3.387199999999999933e-02,3.625000000000000444e-02
3.393000000000000183e-02,3.562500000000000389e-02
3.398799999999999738e-02,3.343750000000000194e-02
3.404599999999999987e-02,3.250000000000000111e-02
3.410400000000000237e-02,3.000000000000000236e-02
3.416199999999999792e-02,2.812500000000000416e-02
3.422000000000000042e-02,2.531250000000000167e-02
3.427800000000000291e-02,2.343750000000000347e-02
3.433599999999999847e-02,2.125000000000000500e-02
3.439400000000000096e-02,2.093750000000000472e-02
3.445200000000000345e-02,1.843750000000000250e-02
3.450999999999999901e-02,1.656250000000000430e-02
3.456800000000000150e-02,1.531250000000000319e-02
3.462599999999999706e-02,1.437500000000000236e-02
3.468399999999999955e-02,1.375000000000000180e-02
3.474200000000000205e-02,1.312500000000000125e-02
3.479999999999999760e-02,1.343750000000000153e-02
3.485800000000000010e-02,1.343750000000000153e-02
3.491600000000000259e-02,1.375000000000000180e-02
3.497399999999999815e-02,1.531250000000000319e-02
3.503200000000000064e-02,1.687500000000000458e-02
3.509000000000000313e-02,1.906250000000000305e-02
3.514799999999999869e-02,2.125000000000000500e-02
3.520600000000000118e-02,2.312500000000000319e-02
3.526400000000000368e-02,2.562500000000000194e-02
3.532199999999999923e-02,2.781250000000000389e-02
3.538000000000000173e-02,3.062500000000000291e-02
3.543799999999999728e-02,3.187500000000000056e-02
3.549599999999999977e-02,3.343750000000000194e-02
3.555400000000000227e-02,3.625000000000000444e-02
3.561199999999999782e-02,3.750000000000000555e-02
3.567000000000000032e-02,3.875000000000000666e-02
3.572800000000000281e-02,3.968750000000000056e-02
3.578599999999999837e-02,3.968750000000000056e-02
3.584400000000000086e-02,4.000000000000000083e-02
3.590200000000000335e-02,4.000000000000000083e-02
3.595999999999999891e-02,4.000000000000000083e-02
3.601800000000000140e-02,3.843750000000000638e-02
3.607599999999999696e-02,3.687500000000000500e-02
3.613399999999999945e-02,3.625000000000000444e-02
3.619200000000000195e-02,3.468750000000000305e-02
3.624999999999999750e-02,3.218750000000000083e-02
3.630800000000000000e-02,2.750000000000000361e-02
3.636600000000000249e-02,2.562500000000000194e-02
3.642399999999999805e-02,2.281250000000000291e-02
3.648200000000000054e-02,2.000000000000000389e-02
3.654000000000000303e-02,1.812500000000000222e-02
3.659799999999999859e-02,1.500000000000000291e-02
3.665600000000000108e-02,1.250000000000000416e-02
3.671400000000000358e-02,1.093750000000000278e-02
3.677199999999999913e-02,1.000000000000000194e-02
3.683000000000000163e-02,8.750000000000004302e-03
3.688799999999999718e-02,8.437500000000004025e-03
3.694599999999999967e-02,8.437500000000004025e-03
3.700400000000000217e-02,8.437500000000004025e-03
3.706199999999999772e-02,8.437500000000004025e-03
3.712000000000000022e-02,8.437500000000004025e-03
3.717800000000000271e-02,9.375000000000001388e-03
3.723599999999999827e-02,1.000000000000000194e-02
3.729400000000000076e-02,1.093750000000000278e-02
3.735200000000000325e-02,1.187500000000000361e-02
3.740999999999999881e-02,1.343750000000000153e-02
3.746800000000000130e-02,1.500000000000000291e-02
3.752599999999999686e-02,1.875000000000000278e-02
3.758399999999999935e-02,1.937500000000000333e-02
3.764200000000000185e-02,2.218750000000000236e-02
3.769999999999999740e-02,2.500000000000000139e-02
3.775799999999999990e-02,2.718750000000000333e-02
3.781600000000000239e-02,2.937500000000000527e-02
3.787399999999999795e-02,3.093750000000000319e-02
3.793200000000000044e-02,3.281250000000000139e-02
3.799000000000000293e-02,3.312500000000000167e-02
3.804799999999999849e-02,3.468750000000000305e-02
3.810600000000000098e-02,3.562500000000000389e-02
3.816400000000000348e-02,3.625000000000000444e-02
3.822199999999999903e-02,3.625000000000000444e-02
3.828000000000000153e-02,3.687500000000000500e-02
3.833799999999999708e-02,3.593750000000000416e-02
3.839599999999999957e-02,3.625000000000000444e-02
3.845400000000000207e-02,3.593750000000000416e-02
3.851199999999999762e-02,3.531250000000000361e-02
3.857000000000000012e-02,3.437500000000000278e-02
3.862800000000000261e-02,3.312500000000000167e-02
3.868599999999999817e-02,3.218750000000000083e-02
3.874400000000000066e-02,3.062500000000000291e-02
3.880200000000000315e-02,2.875000000000000472e-02
3.885999999999999871e-02,2.687500000000000305e-02
3.891800000000000120e-02,2.562500000000000194e-02
3.897599999999999676e-02,2.281250000000000291e-02
3.903399999999999925e-02,2.031250000000000416e-02
3.909200000000000175e-02,1.968750000000000361e-02
3.914999999999999730e-02,1.687500000000000458e-02
3.920799999999999980e-02,1.593750000000000375e-02
3.926600000000000229e-02,1.531250000000000319e-02
3.932399999999999785e-02,1.406250000000000208e-02
3.938200000000000034e-02,1.343750000000000153e-02
3.944000000000000283e-02,1.343750000000000153e-02
3.949799999999999839e-02,1.375000000000000180e-02
3.955600000000000088e-02,1.406250000000000208e-02
3.961400000000000338e-02,1.593750000000000375e-02
3.967199999999999893e-02,1.687500000000000458e-02
3.973000000000000143e-02,1.875000000000000278e-02
3.978799999999999698e-02,2.125000000000000500e-02
3.984599999999999947e-02,2.437500000000000083e-02
3.990400000000000197e-02,2.468750000000000111e-02
3.996199999999999752e-02,2.781250000000000389e-02
4.002000000000000002e-02,3.156250000000000028e-02
4.007800000000000251e-02,3.218750000000000083e-02
4.013599999999999807e-02,3.437500000000000278e-02
4.019400000000000056e-02,3.781250000000000583e-02
4.025200000000000305e-02,3.937500000000000722e-02
4.030999999999999861e-02,4.031250000000000111e-02
4.036800000000000110e-02,4.125000000000000194e-02
4.042600000000000360e-02,4.187500000000000250e-02
4.048399999999999915e-02,4.187500000000000250e-02
4.054200000000000165e-02,4.156250000000000222e-02
4.059999999999999720e-02,4.156250000000000222e-02
4.065799999999999970e-02,3.968750000000000056e-02
4.071600000000000219e-02,3.906250000000000000e-02
4.077399999999999775e-02,3.781250000000000583e-02
4.083200000000000024e-02,3.593750000000000416e-02
4.089000000000000273e-02,3.437500000000000278e-02
4.094799999999999829e-02,3.031250000000000264e-02
4.100600000000000078e-02,2.718750000000000333e-02
4.106400000000000328e-02,2.406250000000000056e-02
4.112199999999999883e-02,2.218750000000000236e-02
4.118000000000000133e-02,1.968750000000000361e-02
4.123799999999999688e-02,1.687500000000000458e-02
4.129599999999999937e-02,1.468750000000000264e-02
4.135400000000000187e-02,1.250000000000000416e-02
4.141199999999999742e-02,1.187500000000000361e-02
4.146999999999999992e-02,1.031250000000000222e-02
4.152800000000000241e-02,9.687500000000001665e-03
4.158599999999999797e-02,9.687500000000001665e-03
4.164400000000000046e-02,9.687500000000001665e-03
4.170200000000000295e-02,1.031250000000000222e-02
4.175999999999999851e-02,1.062500000000000250e-02
4.181800000000000100e-02,1.156250000000000333e-02
4.187600000000000350e-02,1.218750000000000389e-02
4.193399999999999905e-02,1.437500000000000236e-02
4.199200000000000155e-02,1.593750000000000375e-02
4.204999999999999710e-02,1.812500000000000222e-02
4.210799999999999960e-02,2.031250000000000416e-02
4.216600000000000209e-02,2.187500000000000555e-02
4.222399999999999765e-02,2.468750000000000111e-02
4.228200000000000014e-02,2.625000000000000250e-02
4.234000000000000263e-02,3.031250000000000264e-02
4.239799999999999819e-02,3.218750000000000083e-02
4.245600000000000068e-02,3.406250000000000250e-02
4.251400000000000318e-02,3.531250000000000361e-02
4.257199999999999873e-02,3.625000000000000444e-02
4.263000000000000123e-02,3.718750000000000527e-02
4.268800000000000372e-02,3.750000000000000555e-02
4.274599999999999927e-02,3.812500000000000611e-02
4.280400000000000177e-02,3.812500000000000611e-02
4.286199999999999732e-02,3.781250000000000583e-02
4.291999999999999982e-02,3.718750000000000527e-02
4.297800000000000231e-02,3.656250000000000472e-02
4.303599999999999787e-02,3.562500000000000389e-02
4.309400000000000036e-02,3.500000000000000333e-02
4.315200000000000286e-02,3.312500000000000167e-02
4.320999999999999841e-02,3.218750000000000083e-02
4.326800000000000090e-02,2.906250000000000500e-02
4.332600000000000340e-02,2.781250000000000389e-02
4.338399999999999895e-02,2.468750000000000111e-02
4.344200000000000145e-02,2.281250000000000291e-02
4.349999999999999700e-02,2.156250000000000527e-02
4.355799999999999950e-02,1.843750000000000250e-02
4.361600000000000199e-02,1.656250000000000430e-02
4.367399999999999755e-02,1.468750000000000264e-02
4.373200000000000004e-02,1.218750000000000389e-02
4.379000000000000253e-02,1.093750000000000278e-02
4.384799999999999809e-02,1.031250000000000222e-02
4.390600000000000058e-02,9.062500000000001110e-03
4.396400000000000308e-02,8.750000000000004302e-03
4.402199999999999863e-02,7.812500000000003469e-03
4.408000000000000113e-02,7.812500000000003469e-03
4.413800000000000362e-02,7.500000000000003192e-03
4.419599999999999917e-02,7.812500000000003469e-03
4.425400000000000167e-02,7.500000000000003192e-03
4.431199999999999722e-02,7.812500000000003469e-03
4.436999999999999972e-02,8.750000000000004302e-03
4.442800000000000221e-02,1.062500000000000250e-02
4.448599999999999777e-02,1.187500000000000361e-02
4.454400000000000026e-02,1.468750000000000264e-02
4.460200000000000276e-02,1.718750000000000139e-02
4.465999999999999831e-02,1.906250000000000305e-02
4.471800000000000080e-02,2.062500000000000444e-02
4.477600000000000330e-02,2.187500000000000555e-02
4.483399999999999885e-02,2.468750000000000111e-02
4.489200000000000135e-02,2.500000000000000139e-02
4.494999999999999690e-02,2.750000000000000361e-02
4.500799999999999940e-02,2.812500000000000416e-02
4.506600000000000189e-02,2.843750000000000444e-02
4.512399999999999745e-02,2.843750000000000444e-02
4.518199999999999994e-02,2.875000000000000472e-02
4.524000000000000243e-02,2.781250000000000389e-02
4.529799999999999799e-02,2.687500000000000305e-02
4.535600000000000048e-02,2.531250000000000167e-02
4.541400000000000298e-02,2.343750000000000347e-02
4.547199999999999853e-02,2.218750000000000236e-02
4.553000000000000103e-02,2.062500000000000444e-02
4.558800000000000352e-02,1.843750000000000250e-02
4.564599999999999907e-02,1.625000000000000402e-02
4.570400000000000157e-02,1.343750000000000153e-02
4.576199999999999712e-02,1.156250000000000333e-02
4.581999999999999962e-02,9.687500000000001665e-03
4.587800000000000211e-02,7.812500000000003469e-03
4.593599999999999767e-02,6.562500000000002359e-03
4.599400000000000016e-02,5.625000000000001527e-03
4.605200000000000266e-02,4.687500000000004163e-03
4.610999999999999821e-02,3.750000000000003331e-03
4.616800000000000070e-02,3.125000000000002776e-03
4.622600000000000320e-02,3.125000000000002776e-03
4.628399999999999875e-02,2.812500000000002498e-03
4.634200000000000125e-02,2.500000000000002220e-03
4.639999999999999680e-02,2.187500000000001943e-03
4.645799999999999930e-02,2.187500000000001943e-03
4.651600000000000179e-02,2.187500000000001943e-03
4.657399999999999735e-02,2.187500000000001943e-03
4.663199999999999984e-02,2.500000000000002220e-03
4.669000000000000233e-02,2.812500000000002498e-03
4.674799999999999789e-02,3.437500000000003053e-03
4.680600000000000038e-02,4.375000000000003886e-03
4.686400000000000288e-02,5.312500000000001249e-03
4.692199999999999843e-02,6.562500000000002359e-03
4.698000000000000093e-02,8.125000000000003747e-03
4.703800000000000342e-02,1.000000000000000194e-02
4.709599999999999898e-02,1.187500000000000361e-02
4.715400000000000147e-02,1.312500000000000125e-02
4.721199999999999702e-02,1.437500000000000236e-02
4.726999999999999952e-02,1.718750000000000139e-02
4.732800000000000201e-02,1.875000000000000278e-02
4.738599999999999757e-02,1.937500000000000333e-02
4.744400000000000006e-02,1.968750000000000361e-02
4.750200000000000256e-02,2.000000000000000389e-02
4.755999999999999811e-02,1.968750000000000361e-02
4.761800000000000060e-02,1.968750000000000361e-02
4.767600000000000310e-02,1.843750000000000250e-02
4.773399999999999865e-02,1.750000000000000167e-02
4.779200000000000115e-02,1.593750000000000375e-02
4.785000000000000364e-02,1.406250000000000208e-02
4.790799999999999920e-02,1.156250000000000333e-02
4.796600000000000169e-02,1.031250000000000222e-02
4.802399999999999725e-02,7.812500000000003469e-03
4.808199999999999974e-02,5.625000000000001527e-03
4.814000000000000223e-02,4.687500000000004163e-03
4.819799999999999779e-02,3.750000000000003331e-03
4.825600000000000028e-02,3.125000000000002776e-03
4.831400000000000278e-02,3.125000000000002776e-03
4.837199999999999833e-02,3.125000000000002776e-03
4.843000000000000083e-02,3.750000000000003331e-03
4.848800000000000332e-02,4.062500000000003608e-03
4.854599999999999888e-02,4.375000000000003886e-03
4.860400000000000137e-02,5.000000000000004441e-03
4.866199999999999692e-02,5.312500000000001249e-03
4.871999999999999942e-02,5.000000000000004441e-03
4.877800000000000191e-02,4.687500000000004163e-03
4.883599999999999747e-02,4.062500000000003608e-03
4.889399999999999996e-02,3.750000000000003331e-03
4.895200000000000246e-02,3.125000000000002776e-03
4.900999999999999801e-02,2.812500000000002498e-03
4.906800000000000050e-02,2.500000000000002220e-03
4.912600000000000300e-02,2.812500000000002498e-03
4.918399999999999855e-02,3.437500000000003053e-03
4.924200000000000105e-02,3.750000000000003331e-03
4.930000000000000354e-02,5.000000000000004441e-03
4.935799999999999910e-02,6.562500000000002359e-03
4.941600000000000159e-02,8.125000000000003747e-03
4.947399999999999715e-02,1.062500000000000250e-02
4.953199999999999964e-02,1.218750000000000389e-02
4.959000000000000213e-02,1.281250000000000444e-02
4.964799999999999769e-02,1.375000000000000180e-02
4.970600000000000018e-02,1.437500000000000236e-02
4.976400000000000268e-02,1.437500000000000236e-02
4.982199999999999823e-02,1.406250000000000208e-02
4.988000000000000073e-02,1.343750000000000153e-02
4.993800000000000322e-02,1.250000000000000416e-02
4.999599999999999878e-02,1.125000000000000305e-02
5.005400000000000127e-02,9.375000000000001388e-03
5.011200000000000376e-02,7.812500000000003469e-03
5.016999999999999932e-02,6.250000000000002082e-03
5.022800000000000181e-02,5.312500000000001249e-03
5.028599999999999737e-02,4.062500000000003608e-03
5.034399999999999986e-02,3.437500000000003053e-03
5.040200000000000236e-02,2.812500000000002498e-03
5.045999999999999791e-02,2.500000000000002220e-03
5.051800000000000040e-02,3.125000000000002776e-03
5.057600000000000290e-02,4.062500000000003608e-03
5.063399999999999845e-02,4.062500000000003608e-03
5.069200000000000095e-02,4.687500000000004163e-03
5.075000000000000344e-02,5.625000000000001527e-03
5.080799999999999900e-02,5.937500000000001804e-03
5.086600000000000149e-02,6.250000000000002082e-03
5.092399999999999705e-02,6.250000000000002082e-03
5.098199999999999954e-02,5.937500000000001804e-03
5.104000000000000203e-02,5.625000000000001527e-03
5.109799999999999759e-02,5.000000000000004441e-03
5.115600000000000008e-02,4.687500000000004163e-03
5.121400000000000258e-02,4.062500000000003608e-03
5.127199999999999813e-02,3.750000000000003331e-03
5.133000000000000063e-02,3.125000000000002776e-03
5.138800000000000312e-02,3.125000000000002776e-03
5.144599999999999868e-02,2.500000000000002220e-03
5.150400000000000117e-02,2.500000000000002220e-03
5.156200000000000366e-02,2.500000000000002220e-03
5.161999999999999922e-02,2.500000000000002220e-03
5.167800000000000171e-02,2.812500000000002498e-03
5.173599999999999727e-02,3.437500000000003053e-03
5.179399999999999976e-02,3.750000000000003331e-03
5.185200000000000226e-02,4.375000000000003886e-03
5.190999999999999781e-02,4.687500000000004163e-03
5.196800000000000030e-02,5.000000000000004441e-03
5.202600000000000280e-02,5.312500000000001249e-03
5.208399999999999835e-02,5.312500000000001249e-03
5.214200000000000085e-02,5.312500000000001249e-03
5.220000000000000334e-02,5.000000000000004441e-03
5.225799999999999890e-02,5.000000000000004441e-03
5.231600000000000139e-02,4.062500000000003608e-03
5.237399999999999695e-02,3.750000000000003331e-03
5.243199999999999944e-02,3.437500000000003053e-03
5.249000000000000193e-02,2.812500000000002498e-03
5.254799999999999749e-02,2.500000000000002220e-03
5.260599999999999998e-02,2.187500000000001943e-03
5.266400000000000248e-02,2.500000000000002220e-03
5.272199999999999803e-02,2.187500000000001943e-03
5.278000000000000053e-02,2.812500000000002498e-03
5.283800000000000302e-02,3.125000000000002776e-03
5.289599999999999858e-02,3.437500000000003053e-03
5.295400000000000107e-02,4.375000000000003886e-03
5.301200000000000356e-02,5.000000000000004441e-03
5.306999999999999912e-02,5.937500000000001804e-03
5.312800000000000161e-02,6.875000000000002637e-03
5.318599999999999717e-02,7.812500000000003469e-03
5.324399999999999966e-02,8.437500000000004025e-03
5.330200000000000216e-02,9.062500000000001110e-03
5.335999999999999771e-02,9.687500000000001665e-03
5.341800000000000020e-02,9.375000000000001388e-03
5.347600000000000270e-02,9.687500000000001665e-03
5.353399999999999825e-02,8.750000000000004302e-03
5.359200000000000075e-02,7.812500000000003469e-03
5.365000000000000324e-02,6.875000000000002637e-03
5.370799999999999880e-02,5.312500000000001249e-03
5.376600000000000129e-02,5.000000000000004441e-03
5.382399999999999685e-02,3.437500000000003053e-03
5.388199999999999934e-02,3.437500000000003053e-03
5.394000000000000183e-02,2.812500000000002498e-03
5.399799999999999739e-02,2.500000000000002220e-03
5.405599999999999988e-02,2.500000000000002220e-03
5.411400000000000238e-02,2.500000000000002220e-03
5.417199999999999793e-02,3.437500000000003053e-03
5.423000000000000043e-02,3.437500000000003053e-03
5.428800000000000292e-02,4.375000000000003886e-03
5.434599999999999848e-02,4.687500000000004163e-03
5.440400000000000097e-02,5.312500000000001249e-03
5.446200000000000346e-02,5.000000000000004441e-03
5.451999999999999902e-02,5.000000000000004441e-03
5.457800000000000151e-02,4.687500000000004163e-03
5.463599999999999707e-02,4.062500000000003608e-03
5.469399999999999956e-02,3.437500000000003053e-03
5.475200000000000206e-02,2.812500000000002498e-03
5.480999999999999761e-02,2.812500000000002498e-03
5.486800000000000010e-02,2.812500000000002498e-03
5.492600000000000260e-02,3.125000000000002776e-03
5.498399999999999815e-02,4.062500000000003608e-03
5.504200000000000065e-02,5.000000000000004441e-03
5.510000000000000314e-02,7.500000000000003192e-03
5.515799999999999870e-02,8.125000000000003747e-03
5.521600000000000119e-02,1.031250000000000222e-02
5.527400000000000369e-02,1.156250000000000333e-02
5.533199999999999924e-02,1.406250000000000208e-02
5.539000000000000173e-02,1.500000000000000291e-02
5.544799999999999729e-02,1.593750000000000375e-02
5.550599999999999978e-02,1.656250000000000430e-02
5.556400000000000228e-02,1.687500000000000458e-02
5.562199999999999783e-02,1.656250000000000430e-02
5.568000000000000033e-02,1.531250000000000319e-02
5.573800000000000282e-02,1.562500000000000347e-02
5.579599999999999838e-02,1.343750000000000153e-02
5.585400000000000087e-02,1.218750000000000389e-02
5.591200000000000336e-02,1.125000000000000305e-02
5.596999999999999892e-02,1.000000000000000194e-02
5.602800000000000141e-02,8.125000000000003747e-03
5.608599999999999697e-02,6.250000000000002082e-03
5.614399999999999946e-02,5.937500000000001804e-03
5.620200000000000196e-02,5.000000000000004441e-03
5.625999999999999751e-02,4.375000000000003886e-03
5.631800000000000000e-02,3.125000000000002776e-03
5.637600000000000250e-02,2.812500000000002498e-03
5.643399999999999805e-02,2.812500000000002498e-03
5.649200000000000055e-02,2.187500000000001943e-03
5.655000000000000304e-02,2.187500000000001943e-03
5.660799999999999860e-02,1.875000000000001665e-03
5.666600000000000109e-02,2.187500000000001943e-03
5.672400000000000359e-02,2.187500000000001943e-03
5.678199999999999914e-02,1.875000000000001665e-03
5.684000000000000163e-02,1.562500000000001388e-03
5.689799999999999719e-02,2.187500000000001943e-03
5.695599999999999968e-02,2.187500000000001943e-03
5.701400000000000218e-02,2.187500000000001943e-03
5.707199999999999773e-02,2.187500000000001943e-03
5.713000000000000023e-02,2.187500000000001943e-03
5.718800000000000272e-02,2.812500000000002498e-03
5.724599999999999828e-02,3.437500000000003053e-03
5.730400000000000077e-02,4.375000000000003886e-03
5.736200000000000326e-02,4.687500000000004163e-03
5.741999999999999882e-02,5.937500000000001804e-03
5.747800000000000131e-02,7.187500000000002914e-03
5.753600000000000381e-02,9.062500000000001110e-03
5.759399999999999936e-02,1.000000000000000194e-02
5.765200000000000186e-02,1.125000000000000305e-02
5.770999999999999741e-02,1.281250000000000444e-02
5.776799999999999990e-02,1.562500000000000347e-02
5.782600000000000240e-02,1.656250000000000430e-02
5.788399999999999795e-02,1.687500000000000458e-02
5.794200000000000045e-02,1.812500000000000222e-02
5.800000000000000294e-02,1.937500000000000333e-02
5.805799999999999850e-02,1.968750000000000361e-02
5.811600000000000099e-02,1.968750000000000361e-02
5.817400000000000349e-02,1.906250000000000305e-02
5.823199999999999904e-02,1.812500000000000222e-02
5.829000000000000153e-02,1.750000000000000167e-02
5.834799999999999709e-02,1.531250000000000319e-02
5.840599999999999958e-02,1.312500000000000125e-02
5.846400000000000208e-02,1.125000000000000305e-02
5.852199999999999763e-02,1.031250000000000222e-02
5.858000000000000013e-02,8.125000000000003747e-03
5.863800000000000262e-02,5.625000000000001527e-03
5.869599999999999818e-02,5.000000000000004441e-03
5.875400000000000067e-02,4.062500000000003608e-03
5.881200000000000316e-02,3.125000000000002776e-03
5.886999999999999872e-02,2.812500000000002498e-03
5.892800000000000121e-02,2.812500000000002498e-03
5.898600000000000371e-02,2.500000000000002220e-03
5.904399999999999926e-02,2.500000000000002220e-03
5.910200000000000176e-02,2.187500000000001943e-03
5.915999999999999731e-02,2.500000000000002220e-03
5.921799999999999981e-02,2.500000000000002220e-03
5.927600000000000230e-02,1.875000000000001665e-03
5.933399999999999785e-02,2.187500000000001943e-03
5.939200000000000035e-02,2.500000000000002220e-03
5.945000000000000284e-02,3.125000000000002776e-03
5.950799999999999840e-02,4.687500000000004163e-03
5.956600000000000089e-02,5.937500000000001804e-03
5.962400000000000339e-02,8.750000000000004302e-03
5.968199999999999894e-02,1.062500000000000250e-02
5.974000000000000143e-02,1.281250000000000444e-02
5.979799999999999699e-02,1.562500000000000347e-02
5.985599999999999948e-02,1.906250000000000305e-02
5.991400000000000198e-02,2.125000000000000500e-02
5.997199999999999753e-02,2.281250000000000291e-02
6.003000000000000003e-02,2.468750000000000111e-02
6.008800000000000252e-02,2.562500000000000194e-02
6.014599999999999808e-02,2.593750000000000222e-02
6.020400000000000057e-02,2.593750000000000222e-02
6.026200000000000306e-02,2.562500000000000194e-02
6.031999999999999862e-02,2.468750000000000111e-02
6.037800000000000111e-02,2.437500000000000083e-02
6.043600000000000361e-02,2.218750000000000236e-02
6.049399999999999916e-02,2.093750000000000472e-02
6.055200000000000166e-02,1.968750000000000361e-02
6.060999999999999721e-02,1.750000000000000167e-02
6.066799999999999971e-02,1.625000000000000402e-02
6.072600000000000220e-02,1.531250000000000319e-02
6.078399999999999775e-02,1.250000000000000416e-02
6.084200000000000025e-02,1.125000000000000305e-02
6.090000000000000274e-02,1.000000000000000194e-02
6.095799999999999830e-02,8.750000000000004302e-03
6.101600000000000079e-02,7.500000000000003192e-03
6.107400000000000329e-02,7.187500000000002914e-03
6.113199999999999884e-02,5.937500000000001804e-03
6.119000000000000133e-02,5.312500000000001249e-03
6.124799999999999689e-02,5.312500000000001249e-03
6.130599999999999938e-02,5.312500000000001249e-03
6.136400000000000188e-02,5.312500000000001249e-03
6.142199999999999743e-02,5.312500000000001249e-03
6.147999999999999993e-02,5.312500000000001249e-03
6.153800000000000242e-02,5.937500000000001804e-03
6.159599999999999798e-02,6.562500000000002359e-03
6.165400000000000047e-02,6.875000000000002637e-03
6.171200000000000296e-02,8.437500000000004025e-03
6.176999999999999852e-02,8.125000000000003747e-03
6.182800000000000101e-02,1.031250000000000222e-02
6.188600000000000351e-02,1.156250000000000333e-02
6.194399999999999906e-02,1.250000000000000416e-02
6.200200000000000156e-02,1.437500000000000236e-02
6.205999999999999711e-02,1.625000000000000402e-02
6.211799999999999961e-02,1.812500000000000222e-02
6.217600000000000210e-02,1.968750000000000361e-02
6.223399999999999765e-02,2.125000000000000500e-02
6.229200000000000015e-02,2.375000000000000375e-02
6.235000000000000264e-02,2.468750000000000111e-02
6.240799999999999820e-02,2.687500000000000305e-02
6.246600000000000069e-02,2.843750000000000444e-02
6.252399999999999625e-02,2.968750000000000208e-02
6.258199999999999874e-02,3.125000000000000000e-02
6.264000000000000123e-02,3.218750000000000083e-02
6.269800000000000373e-02,3.250000000000000111e-02
6.275600000000000622e-02,3.281250000000000139e-02
6.281399999999999484e-02,3.281250000000000139e-02
6.287199999999999733e-02,3.187500000000000056e-02
6.292999999999999983e-02,3.093750000000000319e-02
6.298800000000000232e-02,2.906250000000000500e-02
6.304600000000000481e-02,2.625000000000000250e-02
6.310399999999999343e-02,2.468750000000000111e-02
6.316199999999999593e-02,2.156250000000000527e-02
6.321999999999999842e-02,2.000000000000000389e-02
6.327800000000000091e-02,1.656250000000000430e-02
6.333600000000000341e-02,1.406250000000000208e-02
6.339400000000000590e-02,1.281250000000000444e-02
6.345199999999999452e-02,1.031250000000000222e-02
6.350999999999999701e-02,9.062500000000001110e-03
6.356799999999999951e-02,7.500000000000003192e-03
6.362600000000000200e-02,7.187500000000002914e-03
6.368400000000000449e-02,5.937500000000001804e-03
6.374200000000000699e-02,5.937500000000001804e-03
6.379999999999999560e-02,5.937500000000001804e-03
6.385799999999999810e-02,5.625000000000001527e-03
6.391600000000000059e-02,7.187500000000002914e-03
6.397400000000000309e-02,7.812500000000003469e-03
6.403200000000000558e-02,8.750000000000004302e-03
6.408999999999999420e-02,1.062500000000000250e-02
6.414799999999999669e-02,1.468750000000000264e-02
6.420599999999999918e-02,1.718750000000000139e-02
6.426400000000000168e-02,1.875000000000000278e-02
6.432200000000000417e-02,2.375000000000000375e-02
6.438000000000000667e-02,2.562500000000000194e-02
6.443799999999999528e-02,2.875000000000000472e-02
6.449599999999999778e-02,3.187500000000000056e-02
6.455400000000000027e-02,3.406250000000000250e-02
6.461200000000000276e-02,3.531250000000000361e-02
6.467000000000000526e-02,3.625000000000000444e-02
6.472799999999999387e-02,3.812500000000000611e-02
6.478599999999999637e-02,3.906250000000000000e-02
6.484399999999999886e-02,4.031250000000000111e-02
6.490200000000000136e-02,4.031250000000000111e-02
6.496000000000000385e-02,4.062500000000000139e-02
6.501800000000000634e-02,4.062500000000000139e-02
6.507599999999999496e-02,4.031250000000000111e-02
6.513399999999999745e-02,3.906250000000000000e-02
6.519199999999999995e-02,3.843750000000000638e-02
6.525000000000000244e-02,3.593750000000000416e-02
6.530800000000000494e-02,3.437500000000000278e-02
6.536599999999999355e-02,3.343750000000000194e-02
6.542399999999999605e-02,3.125000000000000000e-02
6.548199999999999854e-02,2.906250000000000500e-02
6.554000000000000103e-02,2.781250000000000389e-02
6.559800000000000353e-02,2.562500000000000194e-02
6.565600000000000602e-02,2.406250000000000056e-02
6.571399999999999464e-02,2.250000000000000264e-02
6.577199999999999713e-02,2.093750000000000472e-02
6.582999999999999963e-02,1.906250000000000305e-02
6.588800000000000212e-02,1.781250000000000194e-02
6.594600000000000461e-02,1.718750000000000139e-02
6.600400000000000711e-02,1.656250000000000430e-02
6.606199999999999573e-02,1.625000000000000402e-02
6.611999999999999822e-02,1.656250000000000430e-02
6.617800000000000071e-02,1.656250000000000430e-02
6.623600000000000321e-02,1.718750000000000139e-02
6.629400000000000570e-02,1.875000000000000278e-02
6.635199999999999432e-02,1.906250000000000305e-02
6.640999999999999681e-02,2.125000000000000500e-02
6.646799999999999931e-02,2.218750000000000236e-02
6.652600000000000180e-02,2.468750000000000111e-02
6.658400000000000429e-02,2.687500000000000305e-02
6.664200000000000679e-02,2.937500000000000527e-02
6.669999999999999540e-02,3.125000000000000000e-02
6.675799999999999790e-02,3.406250000000000250e-02
6.681600000000000039e-02,3.593750000000000416e-02
6.687400000000000289e-02,3.906250000000000000e-02
6.693200000000000538e-02,4.125000000000000194e-02
6.698999999999999400e-02,4.218750000000000278e-02
6.704799999999999649e-02,4.406250000000000444e-02
6.710599999999999898e-02,4.500000000000000527e-02
6.716400000000000148e-02,4.531250000000000555e-02
6.722200000000000397e-02,4.624999999999999944e-02
6.728000000000000647e-02,4.593750000000000611e-02
6.733799999999999508e-02,4.656250000000000666e-02
6.739599999999999758e-02,4.656250000000000666e-02
6.745400000000000007e-02,4.656250000000000666e-02
6.751200000000000256e-02,4.593750000000000611e-02
6.757000000000000506e-02,4.562500000000000583e-02
6.762799999999999367e-02,4.406250000000000444e-02
6.768599999999999617e-02,4.343750000000000389e-02
6.774399999999999866e-02,4.125000000000000194e-02
6.780200000000000116e-02,3.937500000000000722e-02
6.786000000000000365e-02,3.750000000000000555e-02
6.791800000000000614e-02,3.343750000000000194e-02
6.797599999999999476e-02,3.187500000000000056e-02
6.803399999999999725e-02,2.906250000000000500e-02
6.809199999999999975e-02,2.718750000000000333e-02
6.815000000000000224e-02,2.531250000000000167e-02
6.820800000000000474e-02,2.312500000000000319e-02
6.826600000000000723e-02,2.281250000000000291e-02
6.832399999999999585e-02,2.250000000000000264e-02
6.838199999999999834e-02,2.250000000000000264e-02
6.844000000000000083e-02,2.375000000000000375e-02
6.849800000000000333e-02,2.437500000000000083e-02
6.855600000000000582e-02,2.625000000000000250e-02
6.861399999999999444e-02,2.843750000000000444e-02
6.867199999999999693e-02,2.968750000000000208e-02
6.872999999999999943e-02,3.156250000000000028e-02
6.878800000000000192e-02,3.437500000000000278e-02
6.884600000000000442e-02,3.812500000000000611e-02
6.890400000000000691e-02,4.000000000000000083e-02
6.896199999999999553e-02,4.250000000000000305e-02
6.901999999999999802e-02,4.406250000000000444e-02
6.907800000000000051e-02,4.437500000000000472e-02
6.913600000000000301e-02,4.593750000000000611e-02
6.919400000000000550e-02,4.593750000000000611e-02
6.925199999999999412e-02,4.656250000000000666e-02
6.930999999999999661e-02,4.656250000000000666e-02
6.936799999999999911e-02,4.718750000000000722e-02
6.942600000000000160e-02,4.718750000000000722e-02
6.948400000000000409e-02,4.687500000000000000e-02
6.954200000000000659e-02,4.718750000000000722e-02
6.959999999999999520e-02,4.718750000000000722e-02
6.965799999999999770e-02,4.718750000000000722e-02
6.971600000000000019e-02,4.750000000000000056e-02
6.977400000000000269e-02,4.781250000000000777e-02
6.983200000000000518e-02,4.750000000000000056e-02
6.988999999999999380e-02,4.750000000000000056e-02
6.994799999999999629e-02,4.687500000000000000e-02
7.000599999999999878e-02,4.656250000000000666e-02
7.006400000000000128e-02,4.624999999999999944e-02
7.012200000000000377e-02,4.593750000000000611e-02
7.018000000000000627e-02,4.531250000000000555e-02
7.023799999999999488e-02,4.437500000000000472e-02
7.029599999999999738e-02,4.406250000000000444e-02
7.035399999999999987e-02,4.343750000000000389e-02
7.041200000000000236e-02,4.312500000000000361e-02
7.047000000000000486e-02,4.218750000000000278e-02
7.052800000000000735e-02,4.156250000000000222e-02
7.058599999999999597e-02,4.062500000000000139e-02
7.064399999999999846e-02,4.031250000000000111e-02
7.070200000000000096e-02,3.968750000000000056e-02
7.076000000000000345e-02,3.968750000000000056e-02
7.081800000000000594e-02,3.937500000000000722e-02
7.087599999999999456e-02,3.968750000000000056e-02
7.093399999999999705e-02,3.968750000000000056e-02
7.099199999999999955e-02,4.062500000000000139e-02
7.105000000000000204e-02,4.093750000000000167e-02
7.110800000000000454e-02,4.093750000000000167e-02
7.116600000000000703e-02,4.250000000000000305e-02
7.122399999999999565e-02,4.281250000000000333e-02
7.128199999999999814e-02,4.343750000000000389e-02
7.134000000000000064e-02,4.468750000000000500e-02
7.139800000000000313e-02,4.531250000000000555e-02
7.145600000000000562e-02,4.624999999999999944e-02
7.151399999999999424e-02,4.624999999999999944e-02
7.157199999999999673e-02,4.656250000000000666e-02
7.162999999999999923e-02,4.593750000000000611e-02
7.168800000000000172e-02,4.562500000000000583e-02
7.174600000000000422e-02,4.375000000000000416e-02
7.180400000000000671e-02,4.250000000000000305e-02
7.186199999999999533e-02,4.125000000000000194e-02
7.191999999999999782e-02,4.093750000000000167e-02
7.197800000000000031e-02,4.031250000000000111e-02
7.203600000000000281e-02,4.031250000000000111e-02
7.209400000000000530e-02,4.062500000000000139e-02
7.215199999999999392e-02,4.093750000000000167e-02
7.220999999999999641e-02,4.156250000000000222e-02
7.226799999999999891e-02,4.281250000000000333e-02
7.232600000000000140e-02,4.375000000000000416e-02
7.238400000000000389e-02,4.437500000000000472e-02
7.244200000000000639e-02,4.593750000000000611e-02
7.249999999999999500e-02,4.593750000000000611e-02
7.255799999999999750e-02,4.624999999999999944e-02
7.261599999999999999e-02,4.500000000000000527e-02
7.267400000000000249e-02,4.468750000000000500e-02
7.273200000000000498e-02,4.343750000000000389e-02
7.278999999999999360e-02,4.218750000000000278e-02
7.284799999999999609e-02,4.062500000000000139e-02
7.290599999999999858e-02,3.968750000000000056e-02
7.296400000000000108e-02,3.906250000000000000e-02
7.302200000000000357e-02,3.875000000000000666e-02
7.308000000000000607e-02,3.906250000000000000e-02
7.313799999999999468e-02,3.968750000000000056e-02
7.319599999999999718e-02,4.062500000000000139e-02
7.325399999999999967e-02,4.187500000000000250e-02
7.331200000000000216e-02,4.312500000000000361e-02
7.337000000000000466e-02,4.406250000000000444e-02
7.342800000000000715e-02,4.468750000000000500e-02
7.348599999999999577e-02,4.531250000000000555e-02
7.354399999999999826e-02,4.562500000000000583e-02
7.360200000000000076e-02,4.531250000000000555e-02
7.366000000000000325e-02,4.500000000000000527e-02
7.371800000000000574e-02,4.312500000000000361e-02
7.377599999999999436e-02,4.281250000000000333e-02
7.383399999999999685e-02,4.187500000000000250e-02
7.389199999999999935e-02,4.062500000000000139e-02
7.395000000000000184e-02,3.906250000000000000e-02
7.400800000000000434e-02,3.875000000000000666e-02
7.406600000000000683e-02,3.906250000000000000e-02
7.412399999999999545e-02,3.843750000000000638e-02
7.418199999999999794e-02,3.906250000000000000e-02
7.424000000000000044e-02,4.000000000000000083e-02
7.429800000000000293e-02,4.031250000000000111e-02
7.435600000000000542e-02,4.093750000000000167e-02
7.441399999999999404e-02,4.218750000000000278e-02
7.447199999999999653e-02,4.281250000000000333e-02
7.452999999999999903e-02,4.437500000000000472e-02
7.458800000000000152e-02,4.500000000000000527e-02
7.464600000000000402e-02,4.593750000000000611e-02
7.470400000000000651e-02,4.624999999999999944e-02
7.476199999999999513e-02,4.656250000000000666e-02
7.481999999999999762e-02,4.656250000000000666e-02
7.487800000000000011e-02,4.656250000000000666e-02
7.493600000000000261e-02,4.656250000000000666e-02
7.499400000000000510e-02,4.624999999999999944e-02
7.505199999999999372e-02,4.593750000000000611e-02
7.510999999999999621e-02,4.562500000000000583e-02
7.516799999999999871e-02,4.531250000000000555e-02
7.522600000000000120e-02,4.562500000000000583e-02
7.528400000000000369e-02,4.531250000000000555e-02
7.534200000000000619e-02,4.500000000000000527e-02
7.539999999999999480e-02,4.531250000000000555e-02
7.545799999999999730e-02,4.531250000000000555e-02
7.551599999999999979e-02,4.562500000000000583e-02
7.557400000000000229e-02,4.531250000000000555e-02
7.563200000000000478e-02,4.624999999999999944e-02
7.569000000000000727e-02,4.624999999999999944e-02
7.574799999999999589e-02,4.656250000000000666e-02
7.580599999999999838e-02,4.656250000000000666e-02
7.586400000000000088e-02,4.656250000000000666e-02
7.592200000000000337e-02,4.624999999999999944e-02
7.598000000000000587e-02,4.593750000000000611e-02
7.603799999999999448e-02,4.562500000000000583e-02
7.609599999999999698e-02,4.437500000000000472e-02
7.615399999999999947e-02,4.406250000000000444e-02
7.621200000000000196e-02,4.312500000000000361e-02
7.627000000000000446e-02,4.218750000000000278e-02
7.632800000000000695e-02,4.093750000000000167e-02
7.638599999999999557e-02,4.093750000000000167e-02
7.644399999999999806e-02,3.937500000000000722e-02
7.650200000000000056e-02,3.906250000000000000e-02
7.656000000000000305e-02,3.843750000000000638e-02
7.661800000000000554e-02,3.843750000000000638e-02
7.667599999999999416e-02,3.843750000000000638e-02
7.673399999999999666e-02,3.875000000000000666e-02
7.679199999999999915e-02,3.968750000000000056e-02
7.685000000000000164e-02,4.062500000000000139e-02
7.690800000000000414e-02,4.156250000000000222e-02
7.696600000000000663e-02,4.218750000000000278e-02
7.702399999999999525e-02,4.312500000000000361e-02
7.708199999999999774e-02,4.500000000000000527e-02
7.714000000000000024e-02,4.531250000000000555e-02
7.719800000000000273e-02,4.593750000000000611e-02
7.725600000000000522e-02,4.624999999999999944e-02
7.731399999999999384e-02,4.593750000000000611e-02
7.737199999999999633e-02,4.624999999999999944e-02
7.742999999999999883e-02,4.562500000000000583e-02
7.748800000000000132e-02,4.562500000000000583e-02
7.754600000000000382e-02,4.468750000000000500e-02
7.760400000000000631e-02,4.406250000000000444e-02
7.766199999999999493e-02,4.375000000000000416e-02
7.771999999999999742e-02,4.343750000000000389e-02
7.777799999999999991e-02,4.343750000000000389e-02
7.783600000000000241e-02,4.343750000000000389e-02
7.789400000000000490e-02,4.406250000000000444e-02
7.795199999999999352e-02,4.406250000000000444e-02
7.800999999999999601e-02,4.500000000000000527e-02
7.806799999999999851e-02,4.531250000000000555e-02
7.812600000000000100e-02,4.624999999999999944e-02
7.818400000000000349e-02,4.624999999999999944e-02
7.824200000000000599e-02,4.656250000000000666e-02
7.829999999999999460e-02,4.593750000000000611e-02
7.835799999999999710e-02,4.562500000000000583e-02
7.841599999999999959e-02,4.500000000000000527e-02
7.847400000000000209e-02,4.312500000000000361e-02
7.853200000000000458e-02,4.250000000000000305e-02
7.859000000000000707e-02,4.187500000000000250e-02
7.864799999999999569e-02,4.062500000000000139e-02
7.870599999999999818e-02,4.031250000000000111e-02
7.876400000000000068e-02,3.968750000000000056e-02
7.882200000000000317e-02,3.906250000000000000e-02
7.888000000000000567e-02,3.875000000000000666e-02
7.893799999999999428e-02,3.843750000000000638e-02
7.899599999999999678e-02,3.843750000000000638e-02
7.905399999999999927e-02,3.906250000000000000e-02
7.911200000000000176e-02,4.031250000000000111e-02
7.917000000000000426e-02,4.187500000000000250e-02
7.922800000000000675e-02,4.250000000000000305e-02
7.928599999999999537e-02,4.343750000000000389e-02
7.934399999999999786e-02,4.437500000000000472e-02
7.940200000000000036e-02,4.500000000000000527e-02
7.946000000000000285e-02,4.593750000000000611e-02
7.951800000000000535e-02,4.624999999999999944e-02
7.957599999999999396e-02,4.593750000000000611e-02
7.963399999999999646e-02,4.593750000000000611e-02
7.969199999999999895e-02,4.531250000000000555e-02
7.975000000000000144e-02,4.500000000000000527e-02
7.980800000000000394e-02,4.406250000000000444e-02
7.986600000000000643e-02,4.343750000000000389e-02
7.992399999999999505e-02,4.343750000000000389e-02
7.998199999999999754e-02,4.312500000000000361e-02
8.004000000000000004e-02,4.281250000000000333e-02
8.009800000000000253e-02,4.281250000000000333e-02
8.015600000000000502e-02,4.343750000000000389e-02
8.021399999999999364e-02,4.375000000000000416e-02
8.027199999999999613e-02,4.437500000000000472e-02
8.032999999999999863e-02,4.468750000000000500e-02
8.038800000000000112e-02,4.562500000000000583e-02
8.044600000000000362e-02,4.624999999999999944e-02
8.050400000000000611e-02,4.624999999999999944e-02
8.056199999999999473e-02,4.624999999999999944e-02
8.061999999999999722e-02,4.593750000000000611e-02
8.067799999999999971e-02,4.593750000000000611e-02
8.073600000000000221e-02,4.500000000000000527e-02
8.079400000000000470e-02,4.437500000000000472e-02
8.085200000000000720e-02,4.343750000000000389e-02
8.090999999999999581e-02,4.187500000000000250e-02
8.096799999999999831e-02,4.156250000000000222e-02
8.102600000000000080e-02,4.062500000000000139e-02
8.108400000000000329e-02,4.000000000000000083e-02
8.114200000000000579e-02,3.968750000000000056e-02
8.119999999999999440e-02,3.968750000000000056e-02
8.125799999999999690e-02,3.968750000000000056e-02
8.131599999999999939e-02,4.062500000000000139e-02
8.137400000000000189e-02,4.125000000000000194e-02
8.143200000000000438e-02,4.218750000000000278e-02
8.149000000000000687e-02,4.312500000000000361e-02
8.154799999999999549e-02,4.406250000000000444e-02
8.160599999999999798e-02,4.500000000000000527e-02
8.166400000000000048e-02,4.531250000000000555e-02
8.172200000000000297e-02,4.593750000000000611e-02
8.178000000000000547e-02,4.593750000000000611e-02
8.183799999999999408e-02,4.624999999999999944e-02
8.189599999999999658e-02,4.656250000000000666e-02
8.195399999999999907e-02,4.624999999999999944e-02
8.201200000000000156e-02,4.562500000000000583e-02
8.207000000000000406e-02,4.562500000000000583e-02
8.212800000000000655e-02,4.500000000000000527e-02
8.218599999999999517e-02,4.437500000000000472e-02
8.224399999999999766e-02,4.406250000000000444e-02
8.230200000000000016e-02,4.406250000000000444e-02
8.236000000000000265e-02,4.406250000000000444e-02
8.241800000000000515e-02,4.468750000000000500e-02
8.247599999999999376e-02,4.500000000000000527e-02
8.253399999999999626e-02,4.531250000000000555e-02
8.259199999999999875e-02,4.593750000000000611e-02
8.265000000000000124e-02,4.593750000000000611e-02
8.270800000000000374e-02,4.624999999999999944e-02
8.276600000000000623e-02,4.593750000000000611e-02
8.282399999999999485e-02,4.593750000000000611e-02
8.288199999999999734e-02,4.437500000000000472e-02
8.293999999999999984e-02,4.312500000000000361e-02
8.299800000000000233e-02,4.281250000000000333e-02
8.305600000000000482e-02,4.093750000000000167e-02
8.311400000000000732e-02,3.968750000000000056e-02
8.317199999999999593e-02,3.687500000000000500e-02
8.322999999999999843e-02,3.625000000000000444e-02
8.328800000000000092e-02,3.375000000000000222e-02
8.334600000000000342e-02,3.281250000000000139e-02
8.340400000000000591e-02,3.187500000000000056e-02
8.346199999999999453e-02,3.062500000000000291e-02
8.351999999999999702e-02,3.031250000000000264e-02
8.357799999999999951e-02,3.031250000000000264e-02
8.363600000000000201e-02,3.062500000000000291e-02
8.369400000000000450e-02,3.156250000000000028e-02
8.375200000000000700e-02,3.250000000000000111e-02
8.380999999999999561e-02,3.406250000000000250e-02
8.386799999999999811e-02,3.562500000000000389e-02
8.392600000000000060e-02,3.812500000000000611e-02
8.398400000000000309e-02,3.968750000000000056e-02
8.404200000000000559e-02,4.093750000000000167e-02
8.409999999999999420e-02,4.250000000000000305e-02
8.415799999999999670e-02,4.343750000000000389e-02
8.421599999999999919e-02,4.406250000000000444e-02
8.427400000000000169e-02,4.531250000000000555e-02
8.433200000000000418e-02,4.593750000000000611e-02
8.439000000000000667e-02,4.593750000000000611e-02
8.444799999999999529e-02,4.624999999999999944e-02
8.450599999999999778e-02,4.593750000000000611e-02
8.456400000000000028e-02,4.593750000000000611e-02
8.462200000000000277e-02,4.593750000000000611e-02
8.468000000000000527e-02,4.593750000000000611e-02
8.473799999999999388e-02,4.562500000000000583e-02
8.479599999999999638e-02,4.562500000000000583e-02
8.485399999999999887e-02,4.593750000000000611e-02
8.491200000000000137e-02,4.624999999999999944e-02
8.497000000000000386e-02,4.624999999999999944e-02
8.502800000000000635e-02,4.624999999999999944e-02
8.508599999999999497e-02,4.593750000000000611e-02
8.514399999999999746e-02,4.500000000000000527e-02
8.520199999999999996e-02,4.437500000000000472e-02
8.526000000000000245e-02,4.343750000000000389e-02
8.531800000000000495e-02,4.156250000000000222e-02
8.537600000000000744e-02,4.031250000000000111e-02
8.543399999999999606e-02,3.875000000000000666e-02
8.549199999999999855e-02,3.531250000000000361e-02
8.555000000000000104e-02,3.406250000000000250e-02
8.560800000000000354e-02,3.156250000000000028e-02
8.566600000000000603e-02,2.937500000000000527e-02
8.572399999999999465e-02,2.781250000000000389e-02
8.578199999999999714e-02,2.750000000000000361e-02
8.583999999999999964e-02,2.687500000000000305e-02
8.589800000000000213e-02,2.687500000000000305e-02
8.595600000000000462e-02,2.718750000000000333e-02
8.601400000000000712e-02,2.812500000000000416e-02
8.607199999999999573e-02,2.906250000000000500e-02
8.612999999999999823e-02,3.000000000000000236e-02
8.618800000000000072e-02,3.218750000000000083e-02
8.624600000000000322e-02,3.312500000000000167e-02
8.630400000000000571e-02,3.500000000000000333e-02
8.636199999999999433e-02,3.718750000000000527e-02
8.641999999999999682e-02,3.843750000000000638e-02
8.647799999999999931e-02,3.968750000000000056e-02
8.653600000000000181e-02,4.156250000000000222e-02
8.659400000000000430e-02,4.156250000000000222e-02
8.665200000000000680e-02,4.312500000000000361e-02
8.670999999999999541e-02,4.375000000000000416e-02
8.676799999999999791e-02,4.437500000000000472e-02
8.682600000000000040e-02,4.437500000000000472e-02
8.688400000000000289e-02,4.437500000000000472e-02
8.694200000000000539e-02,4.468750000000000500e-02
8.699999999999999400e-02,4.437500000000000472e-02
8.705799999999999650e-02,4.437500000000000472e-02
8.711599999999999899e-02,4.406250000000000444e-02
8.717400000000000149e-02,4.312500000000000361e-02
8.723200000000000398e-02,4.250000000000000305e-02
8.729000000000000647e-02,4.093750000000000167e-02
8.734799999999999509e-02,4.062500000000000139e-02
8.740599999999999759e-02,3.937500000000000722e-02
8.746400000000000008e-02,3.687500000000000500e-02
8.752200000000000257e-02,3.562500000000000389e-02
8.758000000000000507e-02,3.281250000000000139e-02
8.763799999999999368e-02,3.031250000000000264e-02
8.769599999999999618e-02,2.750000000000000361e-02
8.775399999999999867e-02,2.625000000000000250e-02
8.781200000000000117e-02,2.343750000000000347e-02
8.787000000000000366e-02,2.281250000000000291e-02
8.792800000000000615e-02,2.062500000000000444e-02
8.798599999999999477e-02,1.937500000000000333e-02
8.804399999999999726e-02,1.843750000000000250e-02
8.810199999999999976e-02,1.750000000000000167e-02
8.816000000000000225e-02,1.750000000000000167e-02
8.821800000000000475e-02,1.656250000000000430e-02
8.827600000000000724e-02,1.687500000000000458e-02
8.833399999999999586e-02,1.687500000000000458e-02
8.839199999999999835e-02,1.781250000000000194e-02
8.845000000000000084e-02,1.843750000000000250e-02
8.850800000000000334e-02,1.937500000000000333e-02
8.856600000000000583e-02,2.093750000000000472e-02
8.862399999999999445e-02,2.343750000000000347e-02
8.868199999999999694e-02,2.531250000000000167e-02
8.873999999999999944e-02,2.656250000000000278e-02
8.879800000000000193e-02,2.937500000000000527e-02
8.885600000000000442e-02,3.156250000000000028e-02
8.891400000000000692e-02,3.437500000000000278e-02
8.897199999999999553e-02,3.593750000000000416e-02
8.902999999999999803e-02,3.843750000000000638e-02
8.908800000000000052e-02,3.968750000000000056e-02
8.914600000000000302e-02,4.093750000000000167e-02
8.920400000000000551e-02,4.218750000000000278e-02
8.926199999999999413e-02,4.312500000000000361e-02
8.931999999999999662e-02,4.312500000000000361e-02
8.937799999999999911e-02,4.343750000000000389e-02
8.943600000000000161e-02,4.343750000000000389e-02
8.949400000000000410e-02,4.343750000000000389e-02
8.955200000000000660e-02,4.281250000000000333e-02
8.960999999999999521e-02,4.125000000000000194e-02
8.966799999999999771e-02,3.968750000000000056e-02
8.972600000000000020e-02,3.843750000000000638e-02
8.978400000000000269e-02,3.625000000000000444e-02
8.984200000000000519e-02,3.468750000000000305e-02
8.989999999999999380e-02,3.218750000000000083e-02
8.995799999999999630e-02,2.781250000000000389e-02
9.001599999999999879e-02,2.593750000000000222e-02
9.007400000000000129e-02,2.250000000000000264e-02
9.013200000000000378e-02,1.875000000000000278e-02
9.019000000000000627e-02,1.812500000000000222e-02
9.024799999999999489e-02,1.500000000000000291e-02
9.030599999999999739e-02,1.375000000000000180e-02
9.036399999999999988e-02,1.187500000000000361e-02
9.042200000000000237e-02,1.187500000000000361e-02
9.048000000000000487e-02,1.125000000000000305e-02
9.053800000000000736e-02,1.156250000000000333e-02
9.059599999999999598e-02,1.187500000000000361e-02
9.065399999999999847e-02,1.187500000000000361e-02
9.071200000000000097e-02,1.343750000000000153e-02
9.077000000000000346e-02,1.468750000000000264e-02
9.082800000000000595e-02,1.656250000000000430e-02
9.088599999999999457e-02,1.843750000000000250e-02
9.094399999999999706e-02,1.937500000000000333e-02
9.100199999999999956e-02,2.062500000000000444e-02
9.106000000000000205e-02,2.375000000000000375e-02
9.111800000000000455e-02,2.500000000000000139e-02
9.117600000000000704e-02,2.656250000000000278e-02
9.123399999999999566e-02,2.843750000000000444e-02
9.129199999999999815e-02,3.125000000000000000e-02
9.135000000000000064e-02,3.218750000000000083e-02
9.140800000000000314e-02,3.406250000000000250e-02
9.146600000000000563e-02,3.500000000000000333e-02
9.152399999999999425e-02,3.500000000000000333e-02
9.158199999999999674e-02,3.531250000000000361e-02
9.163999999999999924e-02,3.531250000000000361e-02
9.169800000000000173e-02,3.500000000000000333e-02
9.175600000000000422e-02,3.468750000000000305e-02
9.181400000000000672e-02,3.437500000000000278e-02
9.187199999999999533e-02,3.343750000000000194e-02
9.192999999999999783e-02,3.312500000000000167e-02
9.198800000000000032e-02,3.218750000000000083e-02
9.204600000000000282e-02,3.062500000000000291e-02
9.210400000000000531e-02,2.875000000000000472e-02
9.216199999999999393e-02,2.843750000000000444e-02
9.221999999999999642e-02,2.562500000000000194e-02
9.227799999999999891e-02,2.218750000000000236e-02
9.233600000000000141e-02,2.125000000000000500e-02
9.239400000000000390e-02,1.875000000000000278e-02
9.245200000000000640e-02,1.562500000000000347e-02
9.250999999999999501e-02,1.468750000000000264e-02
9.256799999999999751e-02,1.156250000000000333e-02
9.262600000000000000e-02,1.031250000000000222e-02
9.268400000000000249e-02,9.375000000000001388e-03
9.274200000000000499e-02,9.062500000000001110e-03
9.279999999999999361e-02,8.125000000000003747e-03
9.285799999999999610e-02,8.125000000000003747e-03
9.291599999999999859e-02,8.125000000000003747e-03
9.297400000000000109e-02,8.125000000000003747e-03
9.303200000000000358e-02,8.437500000000004025e-03
9.309000000000000608e-02,9.687500000000001665e-03
9.314799999999999469e-02,1.093750000000000278e-02
9.320599999999999719e-02,1.156250000000000333e-02
9.326399999999999968e-02,1.343750000000000153e-02
9.332200000000000217e-02,1.531250000000000319e-02
9.338000000000000467e-02,1.750000000000000167e-02
9.343800000000000716e-02,2.125000000000000500e-02
9.349599999999999578e-02,2.406250000000000056e-02
9.355399999999999827e-02,2.468750000000000111e-02
9.361200000000000077e-02,2.781250000000000389e-02
9.367000000000000326e-02,3.156250000000000028e-02
9.372800000000000575e-02,3.343750000000000194e-02
9.378599999999999437e-02,3.375000000000000222e-02
9.384399999999999686e-02,3.500000000000000333e-02
9.390199999999999936e-02,3.562500000000000389e-02
9.396000000000000185e-02,3.687500000000000500e-02
9.401800000000000435e-02,3.687500000000000500e-02
9.407600000000000684e-02,3.687500000000000500e-02
9.413399999999999546e-02,3.531250000000000361e-02
9.419199999999999795e-02,3.437500000000000278e-02
9.425000000000000044e-02,3.343750000000000194e-02
9.430800000000000294e-02,2.937500000000000527e-02
9.436600000000000543e-02,2.781250000000000389e-02
9.442399999999999405e-02,2.406250000000000056e-02
9.448199999999999654e-02,2.156250000000000527e-02
9.453999999999999904e-02,1.843750000000000250e-02
9.459800000000000153e-02,1.562500000000000347e-02
9.465600000000000402e-02,1.343750000000000153e-02
9.471400000000000652e-02,1.062500000000000250e-02
9.477199999999999513e-02,8.437500000000004025e-03
9.482999999999999763e-02,7.500000000000003192e-03
9.488800000000000012e-02,6.250000000000002082e-03
9.494600000000000262e-02,5.312500000000001249e-03
9.500400000000000511e-02,4.062500000000003608e-03
9.506199999999999373e-02,3.750000000000003331e-03
9.511999999999999622e-02,3.125000000000002776e-03
9.517799999999999871e-02,3.125000000000002776e-03
9.523600000000000121e-02,3.750000000000003331e-03
9.529400000000000370e-02,3.437500000000003053e-03
9.535200000000000620e-02,4.062500000000003608e-03
9.540999999999999481e-02,5.312500000000001249e-03
9.546799999999999731e-02,6.562500000000002359e-03
9.552599999999999980e-02,8.750000000000004302e-03
9.558400000000000230e-02,9.062500000000001110e-03
9.564200000000000479e-02,1.187500000000000361e-02
9.570000000000000728e-02,1.375000000000000180e-02
9.575799999999999590e-02,1.656250000000000430e-02
9.581599999999999839e-02,1.843750000000000250e-02
9.587400000000000089e-02,2.093750000000000472e-02
9.593200000000000338e-02,2.187500000000000555e-02
9.599000000000000588e-02,2.406250000000000056e-02
9.604799999999999449e-02,2.593750000000000222e-02
9.610599999999999699e-02,2.750000000000000361e-02
9.616399999999999948e-02,2.781250000000000389e-02
9.622200000000000197e-02,2.812500000000000416e-02
9.628000000000000447e-02,2.906250000000000500e-02
9.633800000000000696e-02,2.906250000000000500e-02
9.639599999999999558e-02,2.875000000000000472e-02
9.645399999999999807e-02,2.812500000000000416e-02
9.651200000000000057e-02,2.687500000000000305e-02
9.657000000000000306e-02,2.531250000000000167e-02
9.662800000000000555e-02,2.375000000000000375e-02
9.668599999999999417e-02,2.187500000000000555e-02
9.674399999999999666e-02,2.062500000000000444e-02
9.680199999999999916e-02,1.843750000000000250e-02
9.686000000000000165e-02,1.593750000000000375e-02
9.691800000000000415e-02,1.406250000000000208e-02
9.697600000000000664e-02,1.343750000000000153e-02
9.703399999999999526e-02,1.187500000000000361e-02
9.709199999999999775e-02,1.000000000000000194e-02
9.715000000000000024e-02,8.750000000000004302e-03
9.720800000000000274e-02,8.125000000000003747e-03
9.726600000000000523e-02,7.812500000000003469e-03
9.732399999999999385e-02,7.187500000000002914e-03
9.738199999999999634e-02,6.250000000000002082e-03
9.743999999999999884e-02,5.937500000000001804e-03
9.749800000000000133e-02,5.625000000000001527e-03
9.755600000000000382e-02,5.625000000000001527e-03
9.761400000000000632e-02,5.937500000000001804e-03
9.767199999999999493e-02,6.250000000000002082e-03
9.772999999999999743e-02,6.562500000000002359e-03
9.778799999999999992e-02,6.875000000000002637e-03
9.784600000000000242e-02,7.500000000000003192e-03
9.790400000000000491e-02,8.750000000000004302e-03
9.796200000000000740e-02,1.031250000000000222e-02
9.801999999999999602e-02,1.156250000000000333e-02
9.807799999999999851e-02,1.375000000000000180e-02
9.813600000000000101e-02,1.531250000000000319e-02
9.819400000000000350e-02,1.843750000000000250e-02
9.825200000000000600e-02,2.031250000000000416e-02
9.830999999999999461e-02,2.312500000000000319e-02
9.836799999999999711e-02,2.468750000000000111e-02
9.842599999999999960e-02,2.531250000000000167e-02
9.848400000000000210e-02,2.750000000000000361e-02
9.854200000000000459e-02,2.875000000000000472e-02
9.860000000000000708e-02,2.937500000000000527e-02
9.865799999999999570e-02,3.000000000000000236e-02
9.871599999999999819e-02,3.000000000000000236e-02
9.877400000000000069e-02,2.937500000000000527e-02
9.883200000000000318e-02,2.875000000000000472e-02
9.889000000000000568e-02,2.718750000000000333e-02
9.894799999999999429e-02,2.562500000000000194e-02
9.900599999999999679e-02,2.375000000000000375e-02
9.906399999999999928e-02,2.250000000000000264e-02
9.912200000000000177e-02,1.968750000000000361e-02
9.918000000000000427e-02,1.593750000000000375e-02
9.923800000000000676e-02,1.406250000000000208e-02
9.929599999999999538e-02,1.187500000000000361e-02
9.935399999999999787e-02,1.031250000000000222e-02
9.941200000000000037e-02,8.437500000000004025e-03
9.947000000000000286e-02,6.562500000000002359e-03
9.952800000000000535e-02,5.312500000000001249e-03
9.958599999999999397e-02,4.062500000000003608e-03
9.964399999999999646e-02,3.125000000000002776e-03
9.970199999999999896e-02,2.812500000000002498e-03
9.976000000000000145e-02,2.500000000000002220e-03
9.981800000000000395e-02,2.187500000000001943e-03
9.987600000000000644e-02,2.187500000000001943e-03
9.993399999999999506e-02,2.500000000000002220e-03
9.999199999999999755e-02,2.187500000000001943e-03
1.000500000000000000e-01,2.500000000000002220e-03
1.001080000000000025e-01,2.500000000000002220e-03
1.001660000000000050e-01,4.062500000000003608e-03
1.002240000000000075e-01,4.687500000000004163e-03
1.002819999999999961e-01,6.250000000000002082e-03
1.003399999999999986e-01,7.812500000000003469e-03
1.003980000000000011e-01,1.187500000000000361e-02
1.004560000000000036e-01,1.375000000000000180e-02
1.005140000000000061e-01,1.406250000000000208e-02
1.005719999999999947e-01,1.843750000000000250e-02
1.006299999999999972e-01,1.968750000000000361e-02
1.006879999999999997e-01,2.281250000000000291e-02
1.007460000000000022e-01,2.312500000000000319e-02
1.008040000000000047e-01,2.437500000000000083e-02
1.008620000000000072e-01,2.500000000000000139e-02
1.009199999999999958e-01,2.531250000000000167e-02
1.009779999999999983e-01,2.562500000000000194e-02
1.010360000000000008e-01,2.500000000000000139e-02
1.010940000000000033e-01,2.375000000000000375e-02
1.011520000000000058e-01,2.281250000000000291e-02
1.012099999999999944e-01,2.000000000000000389e-02
1.012679999999999969e-01,1.875000000000000278e-02
1.013259999999999994e-01,1.687500000000000458e-02
1.013840000000000019e-01,1.468750000000000264e-02
1.014420000000000044e-01,1.406250000000000208e-02
1.015000000000000069e-01,1.093750000000000278e-02
1.015579999999999955e-01,9.062500000000001110e-03
1.016159999999999980e-01,7.500000000000003192e-03
1.016740000000000005e-01,7.500000000000003192e-03
1.017320000000000030e-01,6.250000000000002082e-03
1.017900000000000055e-01,5.000000000000004441e-03
1.018479999999999941e-01,3.750000000000003331e-03
1.019059999999999966e-01,3.437500000000003053e-03
1.019639999999999991e-01,3.125000000000002776e-03
1.020220000000000016e-01,2.812500000000002498e-03
1.020800000000000041e-01,2.500000000000002220e-03
1.021380000000000066e-01,2.187500000000001943e-03
1.021959999999999952e-01,2.187500000000001943e-03
1.022539999999999977e-01,2.187500000000001943e-03
1.023120000000000002e-01,2.500000000000002220e-03
1.023700000000000027e-01,2.187500000000001943e-03
1.024280000000000052e-01,2.812500000000002498e-03
1.024859999999999938e-01,3.437500000000003053e-03
1.025439999999999963e-01,4.062500000000003608e-03
1.026019999999999988e-01,5.312500000000001249e-03
1.026600000000000013e-01,6.250000000000002082e-03
1.027180000000000037e-01,9.375000000000001388e-03
1.027760000000000062e-01,1.062500000000000250e-02
1.028339999999999949e-01,1.281250000000000444e-02
1.028919999999999974e-01,1.625000000000000402e-02
1.029499999999999998e-01,1.781250000000000194e-02
1.030080000000000023e-01,1.968750000000000361e-02
1.030660000000000048e-01,2.156250000000000527e-02
1.031240000000000073e-01,2.531250000000000167e-02
1.031819999999999959e-01,2.656250000000000278e-02
1.032399999999999984e-01,2.750000000000000361e-02
1.032980000000000009e-01,2.812500000000000416e-02
1.033560000000000034e-01,2.812500000000000416e-02
1.034140000000000059e-01,2.781250000000000389e-02
1.034719999999999945e-01,2.718750000000000333e-02
1.035299999999999970e-01,2.625000000000000250e-02
1.035879999999999995e-01,2.437500000000000083e-02
1.036460000000000020e-01,2.250000000000000264e-02
1.037040000000000045e-01,2.000000000000000389e-02
1.037620000000000070e-01,1.718750000000000139e-02
1.038199999999999956e-01,1.562500000000000347e-02
1.038779999999999981e-01,1.218750000000000389e-02
1.039360000000000006e-01,1.031250000000000222e-02
1.039940000000000031e-01,8.125000000000003747e-03
1.040520000000000056e-01,7.187500000000002914e-03
1.041099999999999942e-01,5.937500000000001804e-03
1.041679999999999967e-01,5.000000000000004441e-03
1.042259999999999992e-01,3.750000000000003331e-03
1.042840000000000017e-01,3.437500000000003053e-03
1.043420000000000042e-01,2.812500000000002498e-03
1.044000000000000067e-01,2.812500000000002498e-03
1.044579999999999953e-01,2.812500000000002498e-03
1.045159999999999978e-01,2.812500000000002498e-03
1.045740000000000003e-01,3.125000000000002776e-03
1.046320000000000028e-01,3.750000000000003331e-03
1.046900000000000053e-01,4.062500000000003608e-03
1.047479999999999939e-01,4.687500000000004163e-03
1.048059999999999964e-01,6.562500000000002359e-03
1.048639999999999989e-01,8.437500000000004025e-03
1.049220000000000014e-01,9.062500000000001110e-03
1.049800000000000039e-01,1.093750000000000278e-02
1.050380000000000064e-01,1.375000000000000180e-02
1.050959999999999950e-01,1.593750000000000375e-02
1.051539999999999975e-01,1.843750000000000250e-02
1.052120000000000000e-01,2.031250000000000416e-02
1.052700000000000025e-01,2.250000000000000264e-02
1.053280000000000050e-01,2.437500000000000083e-02
1.053860000000000074e-01,2.593750000000000222e-02
1.054439999999999961e-01,2.687500000000000305e-02
1.055019999999999986e-01,2.781250000000000389e-02
1.055600000000000011e-01,2.781250000000000389e-02
1.056180000000000035e-01,2.750000000000000361e-02
1.056760000000000060e-01,2.750000000000000361e-02
1.057339999999999947e-01,2.656250000000000278e-02
1.057919999999999972e-01,2.500000000000000139e-02
1.058499999999999996e-01,2.437500000000000083e-02
1.059080000000000021e-01,2.281250000000000291e-02
1.059660000000000046e-01,2.062500000000000444e-02
1.060240000000000071e-01,1.875000000000000278e-02
1.060819999999999957e-01,1.656250000000000430e-02
1.061399999999999982e-01,1.531250000000000319e-02
1.061980000000000007e-01,1.281250000000000444e-02
1.062560000000000032e-01,1.156250000000000333e-02
1.063140000000000057e-01,1.093750000000000278e-02
1.063719999999999943e-01,8.125000000000003747e-03
1.064299999999999968e-01,8.125000000000003747e-03
1.064879999999999993e-01,6.250000000000002082e-03
1.065460000000000018e-01,5.625000000000001527e-03
1.066040000000000043e-01,5.000000000000004441e-03
1.066620000000000068e-01,4.062500000000003608e-03
1.067199999999999954e-01,3.750000000000003331e-03
1.067779999999999979e-01,3.437500000000003053e-03
1.068360000000000004e-01,3.437500000000003053e-03
1.068940000000000029e-01,3.437500000000003053e-03
1.069520000000000054e-01,3.437500000000003053e-03
1.070099999999999940e-01,3.750000000000003331e-03
1.070679999999999965e-01,4.687500000000004163e-03
1.071259999999999990e-01,5.312500000000001249e-03
1.071840000000000015e-01,6.875000000000002637e-03
1.072420000000000040e-01,8.750000000000004302e-03
1.073000000000000065e-01,1.000000000000000194e-02
1.073579999999999951e-01,1.375000000000000180e-02
1.074159999999999976e-01,1.593750000000000375e-02
1.074740000000000001e-01,1.718750000000000139e-02
1.075320000000000026e-01,2.031250000000000416e-02
1.075900000000000051e-01,2.343750000000000347e-02
1.076479999999999937e-01,2.375000000000000375e-02
1.077059999999999962e-01,2.593750000000000222e-02
1.077639999999999987e-01,2.781250000000000389e-02
1.078220000000000012e-01,2.906250000000000500e-02
1.078800000000000037e-01,3.031250000000000264e-02
1.079380000000000062e-01,3.031250000000000264e-02
1.079959999999999948e-01,3.031250000000000264e-02
1.080539999999999973e-01,3.000000000000000236e-02
1.081119999999999998e-01,2.937500000000000527e-02
1.081700000000000023e-01,2.812500000000000416e-02
1.082280000000000048e-01,2.562500000000000194e-02
1.082860000000000072e-01,2.500000000000000139e-02
1.083439999999999959e-01,2.312500000000000319e-02
1.084019999999999984e-01,1.937500000000000333e-02
1.084600000000000009e-01,1.781250000000000194e-02
1.085180000000000033e-01,1.500000000000000291e-02
1.085760000000000058e-01,1.375000000000000180e-02
1.086339999999999945e-01,1.093750000000000278e-02
1.086919999999999970e-01,9.062500000000001110e-03
1.087499999999999994e-01,7.500000000000003192e-03
1.088080000000000019e-01,5.937500000000001804e-03
1.088660000000000044e-01,5.937500000000001804e-03
1.089240000000000069e-01,4.062500000000003608e-03
1.089819999999999955e-01,3.750000000000003331e-03
1.090399999999999980e-01,3.750000000000003331e-03
1.090980000000000005e-01,3.125000000000002776e-03
1.091560000000000030e-01,3.125000000000002776e-03
1.092140000000000055e-01,3.125000000000002776e-03
1.092719999999999941e-01,3.125000000000002776e-03
1.093299999999999966e-01,3.437500000000003053e-03
1.093879999999999991e-01,3.750000000000003331e-03
1.094460000000000016e-01,5.312500000000001249e-03
1.095040000000000041e-01,5.937500000000001804e-03
1.095620000000000066e-01,6.562500000000002359e-03
1.096199999999999952e-01,8.437500000000004025e-03
1.096779999999999977e-01,9.687500000000001665e-03
1.097360000000000002e-01,1.125000000000000305e-02
1.097940000000000027e-01,1.406250000000000208e-02
1.098520000000000052e-01,1.593750000000000375e-02
1.099099999999999938e-01,1.718750000000000139e-02
1.099679999999999963e-01,1.812500000000000222e-02
1.100259999999999988e-01,1.937500000000000333e-02
1.100840000000000013e-01,2.031250000000000416e-02
1.101420000000000038e-01,2.125000000000000500e-02
1.102000000000000063e-01,2.156250000000000527e-02
1.102579999999999949e-01,2.156250000000000527e-02
1.103159999999999974e-01,2.156250000000000527e-02
1.103739999999999999e-01,2.062500000000000444e-02
1.104320000000000024e-01,2.031250000000000416e-02
1.104900000000000049e-01,1.750000000000000167e-02
1.105480000000000074e-01,1.656250000000000430e-02
1.106059999999999960e-01,1.375000000000000180e-02
1.106639999999999985e-01,1.281250000000000444e-02
1.107220000000000010e-01,1.156250000000000333e-02
1.107800000000000035e-01,9.375000000000001388e-03
1.108380000000000060e-01,6.875000000000002637e-03
1.108959999999999946e-01,6.562500000000002359e-03
1.109539999999999971e-01,5.312500000000001249e-03
1.110119999999999996e-01,4.062500000000003608e-03
1.110700000000000021e-01,3.125000000000002776e-03
1.111280000000000046e-01,2.812500000000002498e-03
1.111860000000000070e-01,2.812500000000002498e-03
1.112439999999999957e-01,2.500000000000002220e-03
1.113019999999999982e-01,2.187500000000001943e-03
1.113600000000000007e-01,2.500000000000002220e-03
1.114180000000000031e-01,2.500000000000002220e-03
1.114760000000000056e-01,2.187500000000001943e-03
1.115339999999999943e-01,2.500000000000002220e-03
1.115919999999999968e-01,2.500000000000002220e-03
1.116499999999999992e-01,2.500000000000002220e-03
1.117080000000000017e-01,2.187500000000001943e-03
1.117660000000000042e-01,2.500000000000002220e-03
1.118240000000000067e-01,2.187500000000001943e-03
1.118819999999999953e-01,2.187500000000001943e-03
1.119399999999999978e-01,2.187500000000001943e-03
1.119980000000000003e-01,2.500000000000002220e-03
1.120560000000000028e-01,2.812500000000002498e-03
1.121140000000000053e-01,4.062500000000003608e-03
1.121719999999999939e-01,4.375000000000003886e-03
1.122299999999999964e-01,5.937500000000001804e-03
1.122879999999999989e-01,7.187500000000002914e-03
1.123460000000000014e-01,8.125000000000003747e-03
1.124040000000000039e-01,8.750000000000004302e-03
1.124620000000000064e-01,9.687500000000001665e-03
1.125199999999999950e-01,1.000000000000000194e-02
1.125779999999999975e-01,1.062500000000000250e-02
1.126360000000000000e-01,1.062500000000000250e-02
1.126940000000000025e-01,9.375000000000001388e-03
1.127520000000000050e-01,9.375000000000001388e-03
1.128100000000000075e-01,8.125000000000003747e-03
1.128679999999999961e-01,7.187500000000002914e-03
1.129259999999999986e-01,5.625000000000001527e-03
1.129840000000000011e-01,4.687500000000004163e-03
1.130420000000000036e-01,4.375000000000003886e-03
1.131000000000000061e-01,3.125000000000002776e-03
1.131579999999999947e-01,2.812500000000002498e-03
1.132159999999999972e-01,2.812500000000002498e-03
1.132739999999999997e-01,3.750000000000003331e-03
1.133320000000000022e-01,4.375000000000003886e-03
1.133900000000000047e-01,5.937500000000001804e-03
1.134480000000000072e-01,7.187500000000002914e-03
1.135059999999999958e-01,8.437500000000004025e-03
1.135639999999999983e-01,8.750000000000004302e-03
1.136220000000000008e-01,9.687500000000001665e-03
1.136800000000000033e-01,1.031250000000000222e-02
1.137380000000000058e-01,1.031250000000000222e-02
1.137959999999999944e-01,1.031250000000000222e-02
1.138539999999999969e-01,9.687500000000001665e-03
1.139119999999999994e-01,9.062500000000001110e-03
1.139700000000000019e-01,7.812500000000003469e-03
1.140280000000000044e-01,6.875000000000002637e-03
1.140860000000000068e-01,5.625000000000001527e-03
1.141439999999999955e-01,5.312500000000001249e-03
1.142019999999999980e-01,4.062500000000003608e-03
1.142600000000000005e-01,3.125000000000002776e-03
1.143180000000000029e-01,2.500000000000002220e-03
1.143760000000000054e-01,2.812500000000002498e-03
1.144339999999999941e-01,2.812500000000002498e-03
1.144919999999999966e-01,2.812500000000002498e-03
1.145499999999999990e-01,3.125000000000002776e-03
1.146080000000000015e-01,3.750000000000003331e-03
1.146660000000000040e-01,4.062500000000003608e-03
1.147240000000000065e-01,4.375000000000003886e-03
1.147819999999999951e-01,4.375000000000003886e-03
1.148399999999999976e-01,4.687500000000004163e-03
1.148980000000000001e-01,4.687500000000004163e-03
1.149560000000000026e-01,4.062500000000003608e-03
1.150140000000000051e-01,4.062500000000003608e-03
1.150720000000000076e-01,3.437500000000003053e-03
1.151299999999999962e-01,3.125000000000002776e-03
1.151879999999999987e-01,2.812500000000002498e-03
1.152460000000000012e-01,2.187500000000001943e-03
1.153040000000000037e-01,2.187500000000001943e-03
1.153620000000000062e-01,2.500000000000002220e-03
1.154199999999999948e-01,2.500000000000002220e-03
1.154779999999999973e-01,2.812500000000002498e-03
1.155359999999999998e-01,3.750000000000003331e-03
1.155940000000000023e-01,4.375000000000003886e-03
1.156520000000000048e-01,5.000000000000004441e-03
1.157100000000000073e-01,5.937500000000001804e-03
1.157679999999999959e-01,6.562500000000002359e-03
1.158259999999999984e-01,8.125000000000003747e-03
1.158840000000000009e-01,9.687500000000001665e-03
1.159420000000000034e-01,1.125000000000000305e-02
