PURE SILICA, ELECTRODE=TUNGSTEN, TIME=35, POLING_VOLTAGE=3700, WAVELENGTH=1.55e-06, EFFECTIVE_DISTANCE=3.1e-05, POLED_LENGTH=0.3, CORE_INDEX=1.45, POLE=MAX, AC_VOLTAGE=1150.0, AC_FREQUENCY=3200, PIEZO_FREQUENCY=64.0
Time(s),Voltage(V)
0.000000000000000000e+00,6.875000000000002637e-03
7.799999999999999859e-06,6.875000000000002637e-03
1.559999999999999972e-05,7.187500000000002914e-03
2.339999999999999958e-05,6.562500000000002359e-03
3.119999999999999944e-05,6.875000000000002637e-03
3.899999999999999929e-05,6.562500000000002359e-03
4.679999999999999915e-05,6.562500000000002359e-03
5.459999999999999901e-05,7.500000000000003192e-03
6.239999999999999887e-05,8.750000000000004302e-03
7.019999999999999873e-05,1.031250000000000222e-02
7.799999999999999859e-05,1.281250000000000444e-02
8.579999999999999845e-05,1.593750000000000375e-02
9.359999999999999831e-05,1.875000000000000278e-02
1.013999999999999982e-04,1.875000000000000278e-02
1.091999999999999980e-04,1.937500000000000333e-02
1.169999999999999979e-04,2.000000000000000389e-02
1.247999999999999977e-04,1.968750000000000361e-02
1.325999999999999976e-04,1.906250000000000305e-02
1.403999999999999975e-04,1.843750000000000250e-02
1.481999999999999973e-04,1.718750000000000139e-02
1.559999999999999972e-04,1.656250000000000430e-02
1.637999999999999970e-04,1.656250000000000430e-02
1.715999999999999969e-04,1.718750000000000139e-02
1.793999999999999968e-04,1.812500000000000222e-02
1.871999999999999966e-04,1.812500000000000222e-02
1.949999999999999965e-04,1.781250000000000194e-02
2.027999999999999963e-04,1.750000000000000167e-02
2.105999999999999962e-04,1.625000000000000402e-02
2.183999999999999960e-04,1.531250000000000319e-02
2.261999999999999959e-04,1.531250000000000319e-02
2.339999999999999958e-04,1.468750000000000264e-02
2.417999999999999956e-04,1.468750000000000264e-02
2.495999999999999955e-04,1.468750000000000264e-02
2.573999999999999682e-04,1.468750000000000264e-02
2.651999999999999952e-04,1.500000000000000291e-02
2.730000000000000222e-04,1.531250000000000319e-02
2.807999999999999949e-04,1.531250000000000319e-02
2.885999999999999677e-04,1.531250000000000319e-02
2.963999999999999946e-04,1.437500000000000236e-02
3.042000000000000216e-04,1.375000000000000180e-02
3.119999999999999944e-04,1.343750000000000153e-02
3.197999999999999671e-04,1.343750000000000153e-02
3.275999999999999941e-04,1.343750000000000153e-02
3.354000000000000210e-04,1.375000000000000180e-02
3.431999999999999938e-04,1.343750000000000153e-02
3.509999999999999665e-04,1.281250000000000444e-02
3.587999999999999935e-04,1.218750000000000389e-02
3.666000000000000205e-04,1.187500000000000361e-02
3.743999999999999932e-04,1.218750000000000389e-02
3.821999999999999660e-04,1.218750000000000389e-02
3.899999999999999929e-04,1.250000000000000416e-02
3.978000000000000199e-04,1.250000000000000416e-02
4.055999999999999927e-04,1.312500000000000125e-02
4.133999999999999654e-04,1.312500000000000125e-02
4.211999999999999924e-04,1.343750000000000153e-02
4.290000000000000193e-04,1.375000000000000180e-02
4.367999999999999921e-04,1.468750000000000264e-02
4.445999999999999648e-04,1.500000000000000291e-02
4.523999999999999918e-04,1.562500000000000347e-02
4.602000000000000188e-04,1.625000000000000402e-02
4.679999999999999915e-04,1.593750000000000375e-02
4.757999999999999643e-04,1.562500000000000347e-02
4.835999999999999912e-04,1.437500000000000236e-02
4.914000000000000182e-04,1.406250000000000208e-02
4.991999999999999910e-04,1.343750000000000153e-02
5.069999999999999637e-04,1.312500000000000125e-02
5.147999999999999365e-04,1.250000000000000416e-02
5.226000000000000176e-04,1.187500000000000361e-02
5.303999999999999904e-04,1.093750000000000278e-02
5.381999999999999632e-04,1.062500000000000250e-02
5.460000000000000443e-04,1.031250000000000222e-02
5.538000000000000171e-04,9.687500000000001665e-03
5.615999999999999898e-04,9.687500000000001665e-03
5.693999999999999626e-04,9.375000000000001388e-03
5.771999999999999353e-04,9.062500000000001110e-03
5.850000000000000165e-04,8.750000000000004302e-03
5.927999999999999893e-04,8.750000000000004302e-03
6.005999999999999620e-04,9.062500000000001110e-03
6.084000000000000432e-04,9.375000000000001388e-03
6.162000000000000159e-04,9.687500000000001665e-03
6.239999999999999887e-04,9.375000000000001388e-03
6.317999999999999615e-04,9.687500000000001665e-03
6.395999999999999342e-04,1.000000000000000194e-02
6.474000000000000154e-04,1.000000000000000194e-02
6.551999999999999881e-04,1.031250000000000222e-02
6.629999999999999609e-04,1.062500000000000250e-02
6.708000000000000421e-04,1.093750000000000278e-02
6.786000000000000148e-04,1.125000000000000305e-02
6.863999999999999876e-04,1.125000000000000305e-02
6.941999999999999603e-04,1.156250000000000333e-02
7.019999999999999331e-04,1.218750000000000389e-02
7.098000000000000143e-04,1.250000000000000416e-02
7.175999999999999870e-04,1.281250000000000444e-02
7.253999999999999598e-04,1.343750000000000153e-02
7.332000000000000409e-04,1.437500000000000236e-02
7.410000000000000137e-04,1.468750000000000264e-02
7.487999999999999864e-04,1.593750000000000375e-02
7.565999999999999592e-04,1.656250000000000430e-02
7.643999999999999320e-04,1.687500000000000458e-02
7.722000000000000131e-04,1.687500000000000458e-02
7.799999999999999859e-04,1.718750000000000139e-02
7.877999999999999586e-04,1.656250000000000430e-02
7.956000000000000398e-04,1.625000000000000402e-02
8.034000000000000126e-04,1.593750000000000375e-02
8.111999999999999853e-04,1.531250000000000319e-02
8.189999999999999581e-04,1.406250000000000208e-02
8.267999999999999308e-04,1.375000000000000180e-02
8.346000000000000120e-04,1.312500000000000125e-02
8.423999999999999847e-04,1.250000000000000416e-02
8.501999999999999575e-04,1.250000000000000416e-02
8.580000000000000387e-04,1.218750000000000389e-02
8.658000000000000114e-04,1.156250000000000333e-02
8.735999999999999842e-04,1.156250000000000333e-02
8.813999999999999569e-04,1.156250000000000333e-02
8.891999999999999297e-04,1.187500000000000361e-02
8.970000000000000109e-04,1.218750000000000389e-02
9.047999999999999836e-04,1.312500000000000125e-02
9.125999999999999564e-04,1.343750000000000153e-02
9.204000000000000375e-04,1.375000000000000180e-02
9.282000000000000103e-04,1.406250000000000208e-02
9.359999999999999831e-04,1.375000000000000180e-02
9.437999999999999558e-04,1.437500000000000236e-02
9.515999999999999286e-04,1.406250000000000208e-02
9.594000000000000097e-04,1.437500000000000236e-02
9.671999999999999825e-04,1.437500000000000236e-02
9.749999999999999552e-04,1.437500000000000236e-02
9.828000000000000364e-04,1.468750000000000264e-02
9.905999999999999008e-04,1.437500000000000236e-02
9.983999999999999819e-04,1.468750000000000264e-02
1.006200000000000063e-03,1.468750000000000264e-02
1.013999999999999927e-03,1.593750000000000375e-02
1.021800000000000009e-03,1.656250000000000430e-02
1.029599999999999873e-03,1.781250000000000194e-02
1.037399999999999954e-03,1.875000000000000278e-02
1.045200000000000035e-03,1.937500000000000333e-02
1.052999999999999900e-03,2.031250000000000416e-02
1.060799999999999981e-03,2.062500000000000444e-02
1.068600000000000062e-03,2.187500000000000555e-02
1.076399999999999926e-03,2.218750000000000236e-02
1.084200000000000007e-03,2.281250000000000291e-02
1.092000000000000089e-03,2.312500000000000319e-02
1.099799999999999953e-03,2.281250000000000291e-02
1.107600000000000034e-03,2.218750000000000236e-02
1.115399999999999898e-03,2.156250000000000527e-02
1.123199999999999980e-03,2.125000000000000500e-02
1.131000000000000061e-03,2.031250000000000416e-02
1.138799999999999925e-03,1.937500000000000333e-02
1.146600000000000006e-03,1.906250000000000305e-02
1.154399999999999871e-03,1.875000000000000278e-02
1.162199999999999952e-03,1.812500000000000222e-02
1.170000000000000033e-03,1.843750000000000250e-02
1.177799999999999897e-03,1.843750000000000250e-02
1.185599999999999979e-03,1.843750000000000250e-02
1.193400000000000060e-03,1.843750000000000250e-02
1.201199999999999924e-03,1.843750000000000250e-02
1.209000000000000005e-03,1.875000000000000278e-02
1.216800000000000086e-03,1.968750000000000361e-02
1.224599999999999951e-03,2.062500000000000444e-02
1.232400000000000032e-03,2.093750000000000472e-02
1.240199999999999896e-03,2.125000000000000500e-02
1.247999999999999977e-03,2.156250000000000527e-02
1.255800000000000059e-03,2.156250000000000527e-02
1.263599999999999923e-03,2.156250000000000527e-02
1.271400000000000004e-03,2.218750000000000236e-02
1.279199999999999868e-03,2.218750000000000236e-02
1.286999999999999950e-03,2.218750000000000236e-02
1.294800000000000031e-03,2.218750000000000236e-02
1.302599999999999895e-03,2.312500000000000319e-02
1.310399999999999976e-03,2.312500000000000319e-02
1.318200000000000057e-03,2.375000000000000375e-02
1.325999999999999922e-03,2.468750000000000111e-02
1.333800000000000003e-03,2.625000000000000250e-02
1.341600000000000084e-03,2.687500000000000305e-02
1.349399999999999948e-03,2.843750000000000444e-02
1.357200000000000030e-03,2.906250000000000500e-02
1.364999999999999894e-03,3.031250000000000264e-02
1.372799999999999975e-03,3.093750000000000319e-02
1.380600000000000056e-03,3.187500000000000056e-02
1.388399999999999921e-03,3.281250000000000139e-02
1.396200000000000002e-03,3.281250000000000139e-02
1.403999999999999866e-03,3.343750000000000194e-02
1.411799999999999947e-03,3.343750000000000194e-02
1.419600000000000029e-03,3.281250000000000139e-02
1.427399999999999893e-03,3.250000000000000111e-02
1.435199999999999974e-03,3.187500000000000056e-02
1.443000000000000055e-03,3.125000000000000000e-02
1.450799999999999920e-03,3.062500000000000291e-02
1.458600000000000001e-03,2.937500000000000527e-02
1.466400000000000082e-03,2.906250000000000500e-02
1.474199999999999946e-03,2.875000000000000472e-02
1.482000000000000027e-03,2.750000000000000361e-02
1.489799999999999892e-03,2.718750000000000333e-02
1.497599999999999973e-03,2.656250000000000278e-02
1.505400000000000054e-03,2.687500000000000305e-02
1.513199999999999918e-03,2.656250000000000278e-02
1.521000000000000000e-03,2.687500000000000305e-02
1.528799999999999864e-03,2.687500000000000305e-02
1.536599999999999945e-03,2.718750000000000333e-02
1.544400000000000026e-03,2.718750000000000333e-02
1.552199999999999891e-03,2.781250000000000389e-02
1.559999999999999972e-03,2.781250000000000389e-02
1.567800000000000053e-03,2.843750000000000444e-02
1.575599999999999917e-03,2.843750000000000444e-02
1.583399999999999998e-03,2.843750000000000444e-02
1.591200000000000080e-03,2.843750000000000444e-02
1.598999999999999944e-03,2.875000000000000472e-02
1.606800000000000025e-03,2.906250000000000500e-02
1.614599999999999889e-03,2.968750000000000208e-02
1.622399999999999971e-03,3.000000000000000236e-02
1.630200000000000052e-03,3.093750000000000319e-02
1.637999999999999916e-03,3.187500000000000056e-02
1.645799999999999997e-03,3.281250000000000139e-02
1.653599999999999862e-03,3.375000000000000222e-02
1.661399999999999943e-03,3.437500000000000278e-02
1.669200000000000024e-03,3.593750000000000416e-02
1.676999999999999888e-03,3.625000000000000444e-02
1.684799999999999969e-03,3.656250000000000472e-02
1.692600000000000051e-03,3.750000000000000555e-02
1.700399999999999915e-03,3.781250000000000583e-02
1.708199999999999996e-03,3.843750000000000638e-02
1.716000000000000077e-03,3.843750000000000638e-02
1.723799999999999942e-03,3.843750000000000638e-02
1.731600000000000023e-03,3.781250000000000583e-02
1.739399999999999887e-03,3.750000000000000555e-02
1.747199999999999968e-03,3.656250000000000472e-02
1.755000000000000050e-03,3.593750000000000416e-02
1.762799999999999914e-03,3.500000000000000333e-02
1.770599999999999995e-03,3.375000000000000222e-02
1.778399999999999859e-03,3.343750000000000194e-02
1.786199999999999941e-03,3.250000000000000111e-02
1.794000000000000022e-03,3.187500000000000056e-02
1.801799999999999886e-03,3.187500000000000056e-02
1.809599999999999967e-03,3.187500000000000056e-02
1.817400000000000048e-03,3.156250000000000028e-02
1.825199999999999913e-03,3.218750000000000083e-02
1.832999999999999994e-03,3.218750000000000083e-02
1.840800000000000075e-03,3.281250000000000139e-02
1.848599999999999939e-03,3.343750000000000194e-02
1.856400000000000021e-03,3.375000000000000222e-02
1.864199999999999885e-03,3.468750000000000305e-02
1.871999999999999966e-03,3.500000000000000333e-02
1.879800000000000047e-03,3.562500000000000389e-02
1.887599999999999912e-03,3.562500000000000389e-02
1.895399999999999993e-03,3.562500000000000389e-02
1.903199999999999857e-03,3.593750000000000416e-02
1.910999999999999938e-03,3.593750000000000416e-02
1.918800000000000019e-03,3.656250000000000472e-02
1.926599999999999884e-03,3.750000000000000555e-02
1.934399999999999965e-03,3.843750000000000638e-02
1.942200000000000046e-03,3.906250000000000000e-02
1.949999999999999910e-03,3.968750000000000056e-02
1.957799999999999992e-03,4.031250000000000111e-02
1.965600000000000073e-03,4.093750000000000167e-02
1.973400000000000154e-03,4.187500000000000250e-02
1.981199999999999802e-03,4.250000000000000305e-02
1.988999999999999883e-03,4.343750000000000389e-02
1.996799999999999964e-03,4.437500000000000472e-02
2.004600000000000045e-03,4.500000000000000527e-02
2.012400000000000126e-03,4.562500000000000583e-02
2.020199999999999774e-03,4.562500000000000583e-02
2.027999999999999855e-03,4.624999999999999944e-02
2.035799999999999936e-03,4.624999999999999944e-02
2.043600000000000017e-03,4.593750000000000611e-02
2.051400000000000098e-03,4.531250000000000555e-02
2.059199999999999746e-03,4.531250000000000555e-02
2.066999999999999827e-03,4.468750000000000500e-02
2.074799999999999908e-03,4.406250000000000444e-02
2.082599999999999989e-03,4.375000000000000416e-02
2.090400000000000071e-03,4.343750000000000389e-02
2.098200000000000152e-03,4.312500000000000361e-02
2.105999999999999799e-03,4.281250000000000333e-02
2.113799999999999880e-03,4.281250000000000333e-02
2.121599999999999962e-03,4.312500000000000361e-02
2.129400000000000043e-03,4.312500000000000361e-02
2.137200000000000124e-03,4.343750000000000389e-02
2.144999999999999771e-03,4.406250000000000444e-02
2.152799999999999853e-03,4.468750000000000500e-02
2.160599999999999934e-03,4.531250000000000555e-02
2.168400000000000015e-03,4.593750000000000611e-02
2.176200000000000096e-03,4.593750000000000611e-02
2.184000000000000177e-03,4.687500000000000000e-02
2.191799999999999825e-03,4.718750000000000722e-02
2.199599999999999906e-03,4.750000000000000056e-02
2.207399999999999987e-03,4.812500000000000111e-02
2.215200000000000068e-03,4.781250000000000777e-02
2.223000000000000149e-03,4.812500000000000111e-02
2.230799999999999797e-03,4.875000000000000167e-02
2.238599999999999878e-03,4.937500000000000222e-02
2.246399999999999959e-03,4.968750000000000250e-02
2.254200000000000041e-03,5.031250000000000305e-02
2.262000000000000122e-03,5.062500000000000333e-02
2.269799999999999769e-03,5.093750000000000361e-02
2.277599999999999850e-03,5.187500000000000444e-02
2.285399999999999932e-03,5.250000000000000500e-02
2.293200000000000013e-03,5.281250000000000527e-02
2.301000000000000094e-03,5.343749999999999889e-02
2.308799999999999741e-03,5.312500000000000555e-02
2.316599999999999823e-03,5.375000000000000611e-02
2.324399999999999904e-03,5.406249999999999944e-02
2.332199999999999985e-03,5.406249999999999944e-02
2.340000000000000066e-03,5.468750000000000000e-02
2.347800000000000147e-03,5.437500000000000666e-02
2.355599999999999795e-03,5.468750000000000000e-02
2.363399999999999876e-03,5.406249999999999944e-02
2.371199999999999957e-03,5.406249999999999944e-02
2.379000000000000038e-03,5.343749999999999889e-02
2.386800000000000119e-03,5.281250000000000527e-02
2.394599999999999767e-03,5.250000000000000500e-02
2.402399999999999848e-03,5.187500000000000444e-02
2.410199999999999929e-03,5.125000000000000389e-02
2.418000000000000010e-03,5.125000000000000389e-02
2.425800000000000092e-03,5.062500000000000333e-02
2.433600000000000173e-03,5.062500000000000333e-02
2.441399999999999820e-03,5.062500000000000333e-02
2.449199999999999901e-03,5.062500000000000333e-02
2.456999999999999983e-03,5.062500000000000333e-02
2.464800000000000064e-03,5.125000000000000389e-02
2.472600000000000145e-03,5.125000000000000389e-02
2.480399999999999792e-03,5.156250000000000416e-02
2.488199999999999874e-03,5.218750000000000472e-02
2.495999999999999955e-03,5.218750000000000472e-02
2.503800000000000036e-03,5.250000000000000500e-02
2.511600000000000117e-03,5.281250000000000527e-02
2.519399999999999765e-03,5.312500000000000555e-02
2.527199999999999846e-03,5.312500000000000555e-02
2.534999999999999927e-03,5.375000000000000611e-02
2.542800000000000008e-03,5.375000000000000611e-02
2.550600000000000089e-03,5.437500000000000666e-02
2.558399999999999737e-03,5.468750000000000000e-02
2.566199999999999818e-03,5.468750000000000000e-02
2.573999999999999899e-03,5.531250000000000056e-02
2.581799999999999980e-03,5.562500000000000777e-02
2.589600000000000062e-03,5.593750000000000111e-02
2.597400000000000143e-03,5.625000000000000833e-02
2.605199999999999790e-03,5.593750000000000111e-02
2.612999999999999871e-03,5.593750000000000111e-02
2.620799999999999953e-03,5.593750000000000111e-02
2.628600000000000034e-03,5.625000000000000833e-02
2.636400000000000115e-03,5.593750000000000111e-02
2.644199999999999762e-03,5.625000000000000833e-02
2.651999999999999844e-03,5.656250000000000167e-02
2.659799999999999925e-03,5.687500000000000888e-02
2.667600000000000006e-03,5.687500000000000888e-02
2.675400000000000087e-03,5.687500000000000888e-02
2.683200000000000168e-03,5.687500000000000888e-02
2.690999999999999816e-03,5.687500000000000888e-02
2.698799999999999897e-03,5.656250000000000167e-02
2.706599999999999978e-03,5.593750000000000111e-02
2.714400000000000059e-03,5.593750000000000111e-02
2.722200000000000140e-03,5.593750000000000111e-02
2.729999999999999788e-03,5.562500000000000777e-02
2.737799999999999869e-03,5.562500000000000777e-02
2.745599999999999950e-03,5.562500000000000777e-02
2.753400000000000031e-03,5.562500000000000777e-02
2.761200000000000113e-03,5.562500000000000777e-02
2.768999999999999760e-03,5.593750000000000111e-02
2.776799999999999841e-03,5.562500000000000777e-02
2.784599999999999922e-03,5.593750000000000111e-02
2.792400000000000004e-03,5.593750000000000111e-02
2.800200000000000085e-03,5.625000000000000833e-02
2.807999999999999732e-03,5.625000000000000833e-02
2.815799999999999813e-03,5.656250000000000167e-02
2.823599999999999895e-03,5.656250000000000167e-02
2.831399999999999976e-03,5.687500000000000888e-02
2.839200000000000057e-03,5.656250000000000167e-02
2.847000000000000138e-03,5.687500000000000888e-02
2.854799999999999786e-03,5.718750000000000222e-02
2.862599999999999867e-03,5.750000000000000250e-02
2.870399999999999948e-03,5.750000000000000250e-02
2.878200000000000029e-03,5.750000000000000250e-02
2.886000000000000110e-03,5.781250000000000278e-02
2.893799999999999758e-03,5.781250000000000278e-02
2.901599999999999839e-03,5.843750000000000333e-02
2.909399999999999920e-03,5.812500000000000305e-02
2.917200000000000001e-03,5.781250000000000278e-02
2.925000000000000083e-03,5.812500000000000305e-02
2.932800000000000164e-03,5.781250000000000278e-02
2.940599999999999811e-03,5.781250000000000278e-02
2.948399999999999892e-03,5.781250000000000278e-02
2.956199999999999974e-03,5.812500000000000305e-02
2.964000000000000055e-03,5.781250000000000278e-02
2.971800000000000136e-03,5.812500000000000305e-02
2.979599999999999783e-03,5.781250000000000278e-02
2.987399999999999865e-03,5.718750000000000222e-02
2.995199999999999946e-03,5.718750000000000222e-02
3.003000000000000027e-03,5.687500000000000888e-02
3.010800000000000108e-03,5.656250000000000167e-02
3.018599999999999756e-03,5.656250000000000167e-02
3.026399999999999837e-03,5.593750000000000111e-02
3.034199999999999918e-03,5.562500000000000777e-02
3.041999999999999999e-03,5.531250000000000056e-02
3.049800000000000080e-03,5.531250000000000056e-02
3.057599999999999728e-03,5.531250000000000056e-02
3.065399999999999809e-03,5.531250000000000056e-02
3.073199999999999890e-03,5.531250000000000056e-02
3.080999999999999971e-03,5.531250000000000056e-02
3.088800000000000053e-03,5.562500000000000777e-02
3.096600000000000134e-03,5.562500000000000777e-02
3.104399999999999781e-03,5.593750000000000111e-02
3.112199999999999862e-03,5.593750000000000111e-02
3.119999999999999944e-03,5.625000000000000833e-02
3.127800000000000025e-03,5.625000000000000833e-02
3.135600000000000106e-03,5.656250000000000167e-02
3.143399999999999753e-03,5.656250000000000167e-02
3.151199999999999835e-03,5.656250000000000167e-02
3.158999999999999916e-03,5.687500000000000888e-02
3.166799999999999997e-03,5.718750000000000222e-02
3.174600000000000078e-03,5.750000000000000250e-02
3.182400000000000159e-03,5.750000000000000250e-02
3.190199999999999807e-03,5.781250000000000278e-02
3.197999999999999888e-03,5.781250000000000278e-02
3.205799999999999969e-03,5.812500000000000305e-02
3.213600000000000050e-03,5.781250000000000278e-02
3.221400000000000131e-03,5.750000000000000250e-02
3.229199999999999779e-03,5.750000000000000250e-02
3.236999999999999860e-03,5.750000000000000250e-02
3.244799999999999941e-03,5.718750000000000222e-02
3.252600000000000022e-03,5.718750000000000222e-02
3.260400000000000104e-03,5.687500000000000888e-02
3.268199999999999751e-03,5.718750000000000222e-02
3.275999999999999832e-03,5.656250000000000167e-02
3.283799999999999913e-03,5.718750000000000222e-02
3.291599999999999995e-03,5.718750000000000222e-02
3.299400000000000076e-03,5.750000000000000250e-02
3.307199999999999723e-03,5.750000000000000250e-02
3.314999999999999804e-03,5.750000000000000250e-02
3.322799999999999886e-03,5.718750000000000222e-02
3.330599999999999967e-03,5.718750000000000222e-02
3.338400000000000048e-03,5.718750000000000222e-02
3.346200000000000129e-03,5.718750000000000222e-02
3.353999999999999777e-03,5.718750000000000222e-02
3.361799999999999858e-03,5.687500000000000888e-02
3.369599999999999939e-03,5.687500000000000888e-02
3.377400000000000020e-03,5.718750000000000222e-02
3.385200000000000101e-03,5.718750000000000222e-02
3.392999999999999749e-03,5.718750000000000222e-02
3.400799999999999830e-03,5.750000000000000250e-02
3.408599999999999911e-03,5.718750000000000222e-02
3.416399999999999992e-03,5.750000000000000250e-02
3.424200000000000074e-03,5.750000000000000250e-02
3.432000000000000155e-03,5.750000000000000250e-02
3.439799999999999802e-03,5.750000000000000250e-02
3.447599999999999883e-03,5.781250000000000278e-02
3.455399999999999965e-03,5.812500000000000305e-02
3.463200000000000046e-03,5.781250000000000278e-02
3.471000000000000127e-03,5.812500000000000305e-02
3.478799999999999774e-03,5.812500000000000305e-02
3.486599999999999856e-03,5.875000000000000361e-02
3.494399999999999937e-03,5.843750000000000333e-02
3.502200000000000018e-03,5.812500000000000305e-02
3.510000000000000099e-03,5.812500000000000305e-02
3.517799999999999747e-03,5.781250000000000278e-02
3.525599999999999828e-03,5.718750000000000222e-02
3.533399999999999909e-03,5.687500000000000888e-02
3.541199999999999990e-03,5.625000000000000833e-02
3.549000000000000071e-03,5.593750000000000111e-02
3.556799999999999719e-03,5.531250000000000056e-02
3.564599999999999800e-03,5.500000000000000722e-02
3.572399999999999881e-03,5.437500000000000666e-02
3.580199999999999962e-03,5.468750000000000000e-02
3.588000000000000043e-03,5.437500000000000666e-02
3.595800000000000125e-03,5.468750000000000000e-02
3.603599999999999772e-03,5.468750000000000000e-02
3.611399999999999853e-03,5.468750000000000000e-02
3.619199999999999934e-03,5.468750000000000000e-02
3.627000000000000016e-03,5.562500000000000777e-02
3.634800000000000097e-03,5.562500000000000777e-02
3.642599999999999744e-03,5.625000000000000833e-02
3.650399999999999825e-03,5.593750000000000111e-02
3.658199999999999907e-03,5.625000000000000833e-02
3.665999999999999988e-03,5.625000000000000833e-02
3.673800000000000069e-03,5.625000000000000833e-02
3.681600000000000150e-03,5.656250000000000167e-02
3.689399999999999798e-03,5.625000000000000833e-02
3.697199999999999879e-03,5.625000000000000833e-02
3.704999999999999960e-03,5.593750000000000111e-02
3.712800000000000041e-03,5.593750000000000111e-02
3.720600000000000122e-03,5.531250000000000056e-02
3.728399999999999770e-03,5.468750000000000000e-02
3.736199999999999851e-03,5.468750000000000000e-02
3.743999999999999932e-03,5.406249999999999944e-02
3.751800000000000013e-03,5.375000000000000611e-02
3.759600000000000095e-03,5.406249999999999944e-02
3.767399999999999742e-03,5.406249999999999944e-02
3.775199999999999823e-03,5.375000000000000611e-02
3.782999999999999904e-03,5.375000000000000611e-02
3.790799999999999986e-03,5.375000000000000611e-02
3.798600000000000067e-03,5.375000000000000611e-02
3.806399999999999714e-03,5.312500000000000555e-02
3.814199999999999795e-03,5.250000000000000500e-02
3.821999999999999877e-03,5.156250000000000416e-02
3.829799999999999958e-03,5.093750000000000361e-02
3.837600000000000039e-03,5.000000000000000278e-02
3.845400000000000120e-03,4.906250000000000194e-02
3.853199999999999768e-03,4.812500000000000111e-02
3.860999999999999849e-03,4.687500000000000000e-02
3.868799999999999930e-03,4.593750000000000611e-02
3.876600000000000011e-03,4.562500000000000583e-02
3.884400000000000092e-03,4.468750000000000500e-02
3.892199999999999740e-03,4.406250000000000444e-02
3.899999999999999821e-03,4.406250000000000444e-02
3.907800000000000336e-03,4.343750000000000389e-02
3.915599999999999983e-03,4.375000000000000416e-02
3.923399999999999631e-03,4.375000000000000416e-02
3.931200000000000146e-03,4.468750000000000500e-02
3.938999999999999793e-03,4.468750000000000500e-02
3.946800000000000308e-03,4.531250000000000555e-02
3.954599999999999956e-03,4.593750000000000611e-02
3.962399999999999603e-03,4.624999999999999944e-02
3.970200000000000118e-03,4.687500000000000000e-02
3.977999999999999765e-03,4.656250000000000666e-02
3.985800000000000280e-03,4.687500000000000000e-02
3.993599999999999928e-03,4.656250000000000666e-02
4.001399999999999575e-03,4.687500000000000000e-02
4.009200000000000090e-03,4.624999999999999944e-02
4.016999999999999738e-03,4.593750000000000611e-02
4.024800000000000252e-03,4.500000000000000527e-02
4.032599999999999900e-03,4.468750000000000500e-02
4.040399999999999547e-03,4.406250000000000444e-02
4.048200000000000062e-03,4.281250000000000333e-02
4.055999999999999710e-03,4.250000000000000305e-02
4.063800000000000225e-03,4.218750000000000278e-02
4.071599999999999872e-03,4.187500000000000250e-02
4.079399999999999520e-03,4.156250000000000222e-02
4.087200000000000034e-03,4.156250000000000222e-02
4.094999999999999682e-03,4.125000000000000194e-02
4.102800000000000197e-03,4.125000000000000194e-02
4.110599999999999844e-03,4.093750000000000167e-02
4.118399999999999492e-03,4.031250000000000111e-02
4.126200000000000007e-03,3.968750000000000056e-02
4.133999999999999654e-03,3.937500000000000722e-02
4.141800000000000169e-03,3.718750000000000527e-02
4.149599999999999816e-03,3.687500000000000500e-02
4.157400000000000331e-03,3.562500000000000389e-02
4.165199999999999979e-03,3.406250000000000250e-02
4.172999999999999626e-03,3.312500000000000167e-02
4.180800000000000141e-03,3.281250000000000139e-02
4.188599999999999789e-03,3.125000000000000000e-02
4.196400000000000304e-03,3.031250000000000264e-02
4.204199999999999951e-03,3.000000000000000236e-02
4.211999999999999598e-03,2.968750000000000208e-02
4.219800000000000113e-03,2.968750000000000208e-02
4.227599999999999761e-03,3.000000000000000236e-02
4.235400000000000276e-03,3.031250000000000264e-02
4.243199999999999923e-03,3.062500000000000291e-02
4.250999999999999571e-03,3.093750000000000319e-02
4.258800000000000086e-03,3.156250000000000028e-02
4.266599999999999733e-03,3.312500000000000167e-02
4.274400000000000248e-03,3.375000000000000222e-02
4.282199999999999895e-03,3.406250000000000250e-02
4.289999999999999543e-03,3.468750000000000305e-02
4.297800000000000058e-03,3.531250000000000361e-02
4.305599999999999705e-03,3.562500000000000389e-02
4.313400000000000220e-03,3.562500000000000389e-02
4.321199999999999868e-03,3.531250000000000361e-02
4.328999999999999515e-03,3.531250000000000361e-02
4.336800000000000030e-03,3.500000000000000333e-02
4.344599999999999677e-03,3.468750000000000305e-02
4.352400000000000192e-03,3.406250000000000250e-02
4.360199999999999840e-03,3.375000000000000222e-02
4.368000000000000355e-03,3.343750000000000194e-02
4.375800000000000002e-03,3.312500000000000167e-02
4.383599999999999650e-03,3.312500000000000167e-02
4.391400000000000164e-03,3.343750000000000194e-02
4.399199999999999812e-03,3.312500000000000167e-02
4.407000000000000327e-03,3.343750000000000194e-02
4.414799999999999974e-03,3.312500000000000167e-02
4.422599999999999622e-03,3.281250000000000139e-02
4.430400000000000137e-03,3.218750000000000083e-02
4.438199999999999784e-03,3.187500000000000056e-02
4.446000000000000299e-03,3.125000000000000000e-02
4.453799999999999946e-03,3.031250000000000264e-02
4.461599999999999594e-03,2.968750000000000208e-02
4.469400000000000109e-03,2.906250000000000500e-02
4.477199999999999756e-03,2.781250000000000389e-02
4.485000000000000271e-03,2.718750000000000333e-02
4.492799999999999919e-03,2.687500000000000305e-02
4.500599999999999566e-03,2.531250000000000167e-02
4.508400000000000081e-03,2.468750000000000111e-02
4.516199999999999729e-03,2.437500000000000083e-02
4.524000000000000243e-03,2.406250000000000056e-02
4.531799999999999891e-03,2.437500000000000083e-02
4.539599999999999538e-03,2.468750000000000111e-02
4.547400000000000053e-03,2.468750000000000111e-02
4.555199999999999701e-03,2.593750000000000222e-02
4.563000000000000216e-03,2.687500000000000305e-02
4.570799999999999863e-03,2.781250000000000389e-02
4.578599999999999511e-03,2.812500000000000416e-02
4.586400000000000025e-03,2.937500000000000527e-02
4.594199999999999673e-03,2.937500000000000527e-02
4.602000000000000188e-03,2.968750000000000208e-02
4.609799999999999835e-03,3.031250000000000264e-02
4.617599999999999483e-03,3.062500000000000291e-02
4.625399999999999998e-03,3.093750000000000319e-02
4.633199999999999645e-03,3.062500000000000291e-02
4.641000000000000160e-03,3.062500000000000291e-02
4.648799999999999807e-03,3.031250000000000264e-02
4.656600000000000322e-03,2.968750000000000208e-02
4.664399999999999970e-03,2.937500000000000527e-02
4.672199999999999617e-03,2.843750000000000444e-02
4.680000000000000132e-03,2.781250000000000389e-02
4.687799999999999780e-03,2.750000000000000361e-02
4.695600000000000294e-03,2.750000000000000361e-02
4.703399999999999942e-03,2.750000000000000361e-02
4.711199999999999589e-03,2.781250000000000389e-02
4.719000000000000104e-03,2.781250000000000389e-02
4.726799999999999752e-03,2.750000000000000361e-02
4.734600000000000267e-03,2.750000000000000361e-02
4.742399999999999914e-03,2.656250000000000278e-02
4.750199999999999562e-03,2.625000000000000250e-02
4.758000000000000076e-03,2.562500000000000194e-02
4.765799999999999724e-03,2.500000000000000139e-02
4.773600000000000239e-03,2.437500000000000083e-02
4.781399999999999886e-03,2.343750000000000347e-02
4.789199999999999534e-03,2.250000000000000264e-02
4.797000000000000049e-03,2.187500000000000555e-02
4.804799999999999696e-03,2.093750000000000472e-02
4.812600000000000211e-03,2.031250000000000416e-02
4.820399999999999859e-03,2.031250000000000416e-02
4.828199999999999506e-03,1.968750000000000361e-02
4.836000000000000021e-03,1.937500000000000333e-02
4.843799999999999668e-03,1.906250000000000305e-02
4.851600000000000183e-03,1.937500000000000333e-02
4.859399999999999831e-03,2.000000000000000389e-02
4.867200000000000346e-03,2.093750000000000472e-02
4.874999999999999993e-03,2.093750000000000472e-02
4.882799999999999641e-03,2.218750000000000236e-02
4.890600000000000155e-03,2.281250000000000291e-02
4.898399999999999803e-03,2.343750000000000347e-02
4.906200000000000318e-03,2.406250000000000056e-02
4.913999999999999965e-03,2.468750000000000111e-02
4.921799999999999613e-03,2.500000000000000139e-02
4.929600000000000128e-03,2.531250000000000167e-02
4.937399999999999775e-03,2.531250000000000167e-02
4.945200000000000290e-03,2.531250000000000167e-02
4.952999999999999937e-03,2.500000000000000139e-02
4.960799999999999585e-03,2.437500000000000083e-02
4.968600000000000100e-03,2.406250000000000056e-02
4.976399999999999747e-03,2.375000000000000375e-02
4.984200000000000262e-03,2.312500000000000319e-02
4.991999999999999910e-03,2.281250000000000291e-02
4.999799999999999557e-03,2.250000000000000264e-02
5.007600000000000072e-03,2.250000000000000264e-02
5.015399999999999719e-03,2.187500000000000555e-02
5.023200000000000234e-03,2.187500000000000555e-02
5.030999999999999882e-03,2.156250000000000527e-02
5.038799999999999529e-03,2.156250000000000527e-02
5.046600000000000044e-03,2.093750000000000472e-02
5.054399999999999692e-03,2.093750000000000472e-02
5.062200000000000207e-03,2.031250000000000416e-02
5.069999999999999854e-03,1.937500000000000333e-02
5.077799999999999501e-03,1.875000000000000278e-02
5.085600000000000016e-03,1.781250000000000194e-02
5.093399999999999664e-03,1.718750000000000139e-02
5.101200000000000179e-03,1.656250000000000430e-02
5.108999999999999826e-03,1.593750000000000375e-02
5.116799999999999474e-03,1.468750000000000264e-02
5.124599999999999989e-03,1.437500000000000236e-02
5.132399999999999636e-03,1.406250000000000208e-02
5.140200000000000151e-03,1.375000000000000180e-02
5.147999999999999798e-03,1.343750000000000153e-02
5.155800000000000313e-03,1.281250000000000444e-02
5.163599999999999961e-03,1.312500000000000125e-02
5.171399999999999608e-03,1.343750000000000153e-02
5.179200000000000123e-03,1.343750000000000153e-02
5.186999999999999771e-03,1.375000000000000180e-02
5.194800000000000285e-03,1.468750000000000264e-02
5.202599999999999933e-03,1.468750000000000264e-02
5.210399999999999580e-03,1.562500000000000347e-02
5.218200000000000095e-03,1.625000000000000402e-02
5.225999999999999743e-03,1.656250000000000430e-02
5.233800000000000258e-03,1.625000000000000402e-02
5.241599999999999905e-03,1.687500000000000458e-02
5.249399999999999553e-03,1.687500000000000458e-02
5.257200000000000067e-03,1.625000000000000402e-02
5.264999999999999715e-03,1.593750000000000375e-02
5.272800000000000230e-03,1.593750000000000375e-02
5.280599999999999877e-03,1.531250000000000319e-02
5.288399999999999525e-03,1.468750000000000264e-02
5.296200000000000040e-03,1.406250000000000208e-02
5.303999999999999687e-03,1.312500000000000125e-02
5.311800000000000202e-03,1.343750000000000153e-02
5.319599999999999849e-03,1.281250000000000444e-02
5.327399999999999497e-03,1.218750000000000389e-02
5.335200000000000012e-03,1.250000000000000416e-02
5.342999999999999659e-03,1.187500000000000361e-02
5.350800000000000174e-03,1.187500000000000361e-02
5.358599999999999822e-03,1.125000000000000305e-02
5.366400000000000337e-03,1.093750000000000278e-02
5.374199999999999984e-03,1.031250000000000222e-02
5.381999999999999632e-03,1.000000000000000194e-02
5.389800000000000146e-03,9.687500000000001665e-03
5.397599999999999794e-03,9.062500000000001110e-03
5.405400000000000309e-03,8.750000000000004302e-03
5.413199999999999956e-03,8.437500000000004025e-03
5.420999999999999604e-03,8.437500000000004025e-03
5.428800000000000119e-03,8.125000000000003747e-03
5.436599999999999766e-03,7.500000000000003192e-03
5.444400000000000281e-03,7.812500000000003469e-03
5.452199999999999928e-03,7.187500000000002914e-03
5.459999999999999576e-03,7.500000000000003192e-03
5.467800000000000091e-03,6.562500000000002359e-03
5.475599999999999738e-03,6.875000000000002637e-03
5.483400000000000253e-03,6.562500000000002359e-03
5.491199999999999901e-03,6.562500000000002359e-03
5.498999999999999548e-03,6.562500000000002359e-03
5.506800000000000063e-03,7.187500000000002914e-03
5.514599999999999710e-03,7.187500000000002914e-03
5.522400000000000225e-03,7.500000000000003192e-03
5.530199999999999873e-03,7.812500000000003469e-03
5.537999999999999520e-03,7.812500000000003469e-03
5.545800000000000035e-03,8.125000000000003747e-03
5.553599999999999683e-03,7.812500000000003469e-03
5.561400000000000197e-03,7.500000000000003192e-03
5.569199999999999845e-03,7.812500000000003469e-03
5.576999999999999492e-03,7.500000000000003192e-03
5.584800000000000007e-03,7.187500000000002914e-03
5.592599999999999655e-03,6.562500000000002359e-03
5.600400000000000170e-03,6.875000000000002637e-03
5.608199999999999817e-03,6.562500000000002359e-03
5.615999999999999465e-03,5.937500000000001804e-03
5.623799999999999980e-03,5.937500000000001804e-03
5.631599999999999627e-03,6.250000000000002082e-03
5.639400000000000142e-03,5.625000000000001527e-03
5.647199999999999789e-03,5.625000000000001527e-03
5.655000000000000304e-03,5.312500000000001249e-03
5.662799999999999952e-03,5.312500000000001249e-03
5.670599999999999599e-03,5.000000000000004441e-03
5.678400000000000114e-03,4.687500000000004163e-03
5.686199999999999762e-03,4.687500000000004163e-03
5.694000000000000276e-03,5.000000000000004441e-03
5.701799999999999924e-03,4.687500000000004163e-03
5.709599999999999571e-03,4.687500000000004163e-03
5.717400000000000086e-03,4.687500000000004163e-03
5.725199999999999734e-03,5.312500000000001249e-03
5.733000000000000249e-03,5.312500000000001249e-03
5.740799999999999896e-03,5.312500000000001249e-03
5.748599999999999544e-03,5.625000000000001527e-03
5.756400000000000058e-03,5.312500000000001249e-03
5.764199999999999706e-03,5.625000000000001527e-03
5.772000000000000221e-03,5.312500000000001249e-03
5.779799999999999868e-03,5.312500000000001249e-03
5.787599999999999516e-03,5.000000000000004441e-03
5.795400000000000031e-03,5.000000000000004441e-03
5.803199999999999678e-03,5.000000000000004441e-03
5.811000000000000193e-03,4.687500000000004163e-03
5.818799999999999840e-03,5.312500000000001249e-03
5.826599999999999488e-03,5.000000000000004441e-03
5.834400000000000003e-03,5.312500000000001249e-03
5.842199999999999650e-03,5.312500000000001249e-03
5.850000000000000165e-03,5.312500000000001249e-03
5.857799999999999813e-03,5.312500000000001249e-03
5.865600000000000327e-03,5.000000000000004441e-03
5.873399999999999975e-03,5.000000000000004441e-03
5.881199999999999622e-03,5.312500000000001249e-03
5.889000000000000137e-03,4.687500000000004163e-03
5.896799999999999785e-03,4.687500000000004163e-03
5.904600000000000300e-03,4.687500000000004163e-03
5.912399999999999947e-03,4.687500000000004163e-03
5.920199999999999595e-03,4.375000000000003886e-03
5.928000000000000110e-03,4.375000000000003886e-03
5.935799999999999757e-03,4.375000000000003886e-03
5.943600000000000272e-03,4.062500000000003608e-03
5.951399999999999919e-03,4.062500000000003608e-03
5.959199999999999567e-03,4.062500000000003608e-03
5.967000000000000082e-03,4.062500000000003608e-03
5.974799999999999729e-03,4.062500000000003608e-03
5.982600000000000244e-03,4.062500000000003608e-03
5.990399999999999892e-03,4.062500000000003608e-03
5.998199999999999539e-03,4.375000000000003886e-03
6.006000000000000054e-03,4.375000000000003886e-03
6.013799999999999701e-03,5.000000000000004441e-03
6.021600000000000216e-03,5.000000000000004441e-03
6.029399999999999864e-03,5.000000000000004441e-03
6.037199999999999511e-03,6.250000000000002082e-03
6.045000000000000026e-03,6.250000000000002082e-03
6.052799999999999674e-03,6.562500000000002359e-03
6.060600000000000188e-03,7.187500000000002914e-03
6.068399999999999836e-03,7.187500000000002914e-03
6.076199999999999483e-03,7.812500000000003469e-03
6.083999999999999998e-03,7.812500000000003469e-03
6.091799999999999646e-03,7.500000000000003192e-03
6.099600000000000161e-03,7.500000000000003192e-03
6.107399999999999808e-03,7.187500000000002914e-03
6.115199999999999456e-03,6.875000000000002637e-03
6.122999999999999970e-03,6.875000000000002637e-03
6.130799999999999618e-03,6.562500000000002359e-03
6.138600000000000133e-03,6.562500000000002359e-03
6.146399999999999780e-03,6.250000000000002082e-03
6.154200000000000295e-03,6.250000000000002082e-03
6.161999999999999943e-03,5.937500000000001804e-03
6.169799999999999590e-03,5.625000000000001527e-03
6.177600000000000105e-03,5.625000000000001527e-03
6.185399999999999752e-03,5.312500000000001249e-03
6.193200000000000267e-03,5.312500000000001249e-03
6.200999999999999915e-03,5.312500000000001249e-03
6.208799999999999562e-03,5.000000000000004441e-03
6.216600000000000077e-03,5.312500000000001249e-03
6.224399999999999725e-03,5.312500000000001249e-03
6.232200000000000240e-03,5.000000000000004441e-03
6.239999999999999887e-03,7.187500000000002914e-03
6.247799999999999535e-03,6.875000000000002637e-03
6.255600000000000049e-03,6.875000000000002637e-03
6.263399999999999697e-03,7.187500000000002914e-03
6.271200000000000212e-03,6.875000000000002637e-03
6.278999999999999859e-03,7.187500000000002914e-03
6.286799999999999507e-03,6.250000000000002082e-03
6.294600000000000022e-03,6.250000000000002082e-03
6.302399999999999669e-03,5.937500000000001804e-03
6.310200000000000184e-03,5.937500000000001804e-03
6.317999999999999831e-03,5.625000000000001527e-03
6.325799999999999479e-03,5.625000000000001527e-03
6.333599999999999994e-03,5.312500000000001249e-03
6.341399999999999641e-03,5.312500000000001249e-03
6.349200000000000156e-03,5.312500000000001249e-03
6.356999999999999804e-03,5.312500000000001249e-03
6.364800000000000318e-03,5.312500000000001249e-03
6.372599999999999966e-03,5.000000000000004441e-03
6.380399999999999613e-03,5.000000000000004441e-03
6.388200000000000128e-03,5.000000000000004441e-03
6.395999999999999776e-03,5.000000000000004441e-03
6.403800000000000291e-03,4.687500000000004163e-03
6.411599999999999938e-03,5.000000000000004441e-03
6.419399999999999586e-03,5.000000000000004441e-03
6.427200000000000100e-03,5.000000000000004441e-03
6.434999999999999748e-03,5.000000000000004441e-03
6.442800000000000263e-03,5.625000000000001527e-03
6.450599999999999910e-03,5.937500000000001804e-03
6.458399999999999558e-03,5.625000000000001527e-03
6.466200000000000073e-03,5.937500000000001804e-03
6.473999999999999720e-03,5.937500000000001804e-03
6.481800000000000235e-03,6.250000000000002082e-03
6.489599999999999883e-03,5.937500000000001804e-03
6.497399999999999530e-03,5.937500000000001804e-03
6.505200000000000045e-03,6.250000000000002082e-03
6.512999999999999692e-03,5.625000000000001527e-03
6.520800000000000207e-03,5.625000000000001527e-03
6.528599999999999855e-03,5.625000000000001527e-03
6.536399999999999502e-03,5.312500000000001249e-03
6.544200000000000017e-03,5.625000000000001527e-03
6.551999999999999665e-03,5.312500000000001249e-03
6.559800000000000179e-03,5.000000000000004441e-03
6.567599999999999827e-03,5.000000000000004441e-03
6.575399999999999474e-03,4.687500000000004163e-03
6.583199999999999989e-03,4.687500000000004163e-03
6.590999999999999637e-03,4.375000000000003886e-03
6.598800000000000152e-03,4.375000000000003886e-03
6.606599999999999799e-03,4.375000000000003886e-03
6.614399999999999447e-03,4.062500000000003608e-03
6.622199999999999961e-03,4.062500000000003608e-03
6.629999999999999609e-03,4.375000000000003886e-03
6.637800000000000124e-03,4.062500000000003608e-03
6.645599999999999771e-03,4.687500000000004163e-03
6.653400000000000286e-03,5.000000000000004441e-03
6.661199999999999934e-03,5.312500000000001249e-03
6.668999999999999581e-03,5.312500000000001249e-03
6.676800000000000096e-03,5.937500000000001804e-03
6.684599999999999743e-03,5.625000000000001527e-03
6.692400000000000258e-03,5.937500000000001804e-03
6.700199999999999906e-03,6.250000000000002082e-03
6.707999999999999553e-03,5.937500000000001804e-03
6.715800000000000068e-03,5.937500000000001804e-03
6.723599999999999716e-03,5.937500000000001804e-03
6.731400000000000231e-03,5.312500000000001249e-03
6.739199999999999878e-03,5.312500000000001249e-03
6.746999999999999525e-03,5.312500000000001249e-03
6.754800000000000040e-03,5.000000000000004441e-03
6.762599999999999688e-03,5.000000000000004441e-03
6.770400000000000203e-03,5.000000000000004441e-03
6.778199999999999850e-03,4.687500000000004163e-03
6.785999999999999498e-03,5.000000000000004441e-03
6.793800000000000013e-03,5.000000000000004441e-03
6.801599999999999660e-03,4.687500000000004163e-03
6.809400000000000175e-03,4.687500000000004163e-03
6.817199999999999822e-03,4.687500000000004163e-03
6.824999999999999470e-03,4.687500000000004163e-03
6.832799999999999985e-03,4.687500000000004163e-03
6.840599999999999632e-03,4.687500000000004163e-03
6.848400000000000147e-03,5.000000000000004441e-03
6.856199999999999795e-03,5.312500000000001249e-03
6.864000000000000309e-03,5.312500000000001249e-03
6.871799999999999957e-03,5.625000000000001527e-03
6.879599999999999604e-03,5.312500000000001249e-03
6.887400000000000119e-03,5.312500000000001249e-03
6.895199999999999767e-03,5.312500000000001249e-03
6.903000000000000282e-03,5.312500000000001249e-03
6.910799999999999929e-03,5.312500000000001249e-03
6.918599999999999577e-03,5.937500000000001804e-03
6.926400000000000091e-03,5.625000000000001527e-03
6.934199999999999739e-03,6.562500000000002359e-03
6.942000000000000254e-03,7.187500000000002914e-03
6.949799999999999901e-03,7.812500000000003469e-03
6.957599999999999549e-03,8.437500000000004025e-03
6.965400000000000064e-03,9.062500000000001110e-03
6.973199999999999711e-03,1.000000000000000194e-02
6.981000000000000226e-03,1.093750000000000278e-02
6.988799999999999873e-03,1.187500000000000361e-02
6.996599999999999521e-03,1.281250000000000444e-02
7.004400000000000036e-03,1.343750000000000153e-02
7.012199999999999683e-03,1.406250000000000208e-02
7.020000000000000198e-03,1.406250000000000208e-02
7.027799999999999846e-03,1.406250000000000208e-02
7.035599999999999493e-03,1.375000000000000180e-02
7.043400000000000008e-03,1.343750000000000153e-02
7.051199999999999656e-03,1.312500000000000125e-02
7.059000000000000170e-03,1.250000000000000416e-02
7.066799999999999818e-03,1.187500000000000361e-02
7.074599999999999465e-03,1.187500000000000361e-02
7.082399999999999980e-03,1.156250000000000333e-02
7.090199999999999628e-03,1.093750000000000278e-02
7.098000000000000143e-03,1.062500000000000250e-02
7.105799999999999790e-03,1.062500000000000250e-02
7.113599999999999438e-03,1.031250000000000222e-02
7.121399999999999952e-03,1.031250000000000222e-02
7.129199999999999600e-03,1.062500000000000250e-02
7.137000000000000115e-03,1.125000000000000305e-02
7.144799999999999762e-03,1.093750000000000278e-02
7.152600000000000277e-03,1.187500000000000361e-02
7.160399999999999925e-03,1.156250000000000333e-02
7.168199999999999572e-03,1.250000000000000416e-02
7.176000000000000087e-03,1.343750000000000153e-02
7.183799999999999734e-03,1.312500000000000125e-02
7.191600000000000249e-03,1.343750000000000153e-02
7.199399999999999897e-03,1.375000000000000180e-02
7.207199999999999544e-03,1.406250000000000208e-02
7.215000000000000059e-03,1.406250000000000208e-02
7.222799999999999707e-03,1.437500000000000236e-02
7.230600000000000221e-03,1.468750000000000264e-02
7.238399999999999869e-03,1.531250000000000319e-02
7.246199999999999516e-03,1.593750000000000375e-02
7.254000000000000031e-03,1.718750000000000139e-02
7.261799999999999679e-03,1.750000000000000167e-02
7.269600000000000194e-03,1.843750000000000250e-02
7.277399999999999841e-03,1.968750000000000361e-02
7.285199999999999489e-03,2.093750000000000472e-02
7.293000000000000003e-03,2.187500000000000555e-02
7.300799999999999651e-03,2.281250000000000291e-02
7.308600000000000166e-03,2.375000000000000375e-02
7.316399999999999813e-03,2.437500000000000083e-02
7.324199999999999461e-03,2.468750000000000111e-02
7.331999999999999976e-03,2.500000000000000139e-02
7.339799999999999623e-03,2.468750000000000111e-02
7.347600000000000138e-03,2.468750000000000111e-02
7.355399999999999786e-03,2.468750000000000111e-02
7.363200000000000300e-03,2.375000000000000375e-02
7.370999999999999948e-03,2.312500000000000319e-02
7.378799999999999595e-03,2.250000000000000264e-02
7.386600000000000110e-03,2.187500000000000555e-02
7.394399999999999758e-03,2.125000000000000500e-02
7.402200000000000273e-03,2.062500000000000444e-02
7.409999999999999920e-03,2.031250000000000416e-02
7.417799999999999568e-03,2.031250000000000416e-02
7.425600000000000082e-03,2.000000000000000389e-02
7.433399999999999730e-03,2.000000000000000389e-02
7.441200000000000245e-03,2.000000000000000389e-02
7.448999999999999892e-03,2.031250000000000416e-02
7.456799999999999540e-03,2.093750000000000472e-02
7.464600000000000055e-03,2.125000000000000500e-02
7.472399999999999702e-03,2.156250000000000527e-02
7.480200000000000217e-03,2.250000000000000264e-02
7.487999999999999864e-03,2.281250000000000291e-02
7.495799999999999512e-03,2.312500000000000319e-02
7.503600000000000027e-03,2.343750000000000347e-02
7.511399999999999674e-03,2.343750000000000347e-02
7.519200000000000189e-03,2.343750000000000347e-02
7.526999999999999837e-03,2.343750000000000347e-02
7.534799999999999484e-03,2.375000000000000375e-02
7.542599999999999999e-03,2.437500000000000083e-02
7.550399999999999646e-03,2.468750000000000111e-02
7.558200000000000161e-03,2.593750000000000222e-02
7.565999999999999809e-03,2.656250000000000278e-02
7.573799999999999456e-03,2.718750000000000333e-02
7.581599999999999971e-03,2.812500000000000416e-02
7.589399999999999619e-03,2.937500000000000527e-02
7.597200000000000134e-03,3.031250000000000264e-02
7.604999999999999781e-03,3.125000000000000000e-02
7.612799999999999429e-03,3.187500000000000056e-02
7.620599999999999943e-03,3.250000000000000111e-02
7.628399999999999591e-03,3.375000000000000222e-02
7.636200000000000106e-03,3.406250000000000250e-02
7.643999999999999753e-03,3.406250000000000250e-02
7.651800000000000268e-03,3.375000000000000222e-02
7.659599999999999916e-03,3.375000000000000222e-02
7.667399999999999563e-03,3.343750000000000194e-02
7.675200000000000078e-03,3.250000000000000111e-02
7.682999999999999725e-03,3.156250000000000028e-02
7.690800000000000240e-03,3.093750000000000319e-02
7.698599999999999888e-03,2.968750000000000208e-02
7.706399999999999535e-03,2.937500000000000527e-02
7.714200000000000050e-03,2.875000000000000472e-02
7.721999999999999698e-03,2.812500000000000416e-02
7.729800000000000212e-03,2.750000000000000361e-02
7.737599999999999860e-03,2.750000000000000361e-02
7.745399999999999507e-03,2.687500000000000305e-02
7.753200000000000022e-03,2.718750000000000333e-02
7.760999999999999670e-03,2.718750000000000333e-02
7.768800000000000185e-03,2.781250000000000389e-02
7.776599999999999832e-03,2.781250000000000389e-02
7.784399999999999480e-03,2.843750000000000444e-02
7.792199999999999994e-03,2.906250000000000500e-02
7.799999999999999642e-03,2.937500000000000527e-02
7.807800000000000157e-03,2.968750000000000208e-02
7.815600000000000672e-03,3.000000000000000236e-02
7.823399999999999452e-03,3.000000000000000236e-02
7.831199999999999967e-03,2.968750000000000208e-02
7.839000000000000482e-03,3.000000000000000236e-02
7.846799999999999262e-03,3.000000000000000236e-02
7.854599999999999776e-03,3.000000000000000236e-02
7.862400000000000291e-03,3.093750000000000319e-02
7.870199999999999071e-03,3.125000000000000000e-02
7.877999999999999586e-03,3.218750000000000083e-02
7.885800000000000101e-03,3.250000000000000111e-02
7.893600000000000616e-03,3.343750000000000194e-02
7.901399999999999396e-03,3.437500000000000278e-02
7.909199999999999911e-03,3.500000000000000333e-02
7.917000000000000426e-03,3.593750000000000416e-02
7.924799999999999206e-03,3.656250000000000472e-02
7.932599999999999721e-03,3.718750000000000527e-02
7.940400000000000236e-03,3.812500000000000611e-02
7.948199999999999016e-03,3.812500000000000611e-02
7.955999999999999531e-03,3.843750000000000638e-02
7.963800000000000046e-03,3.843750000000000638e-02
7.971600000000000560e-03,3.812500000000000611e-02
7.979399999999999341e-03,3.781250000000000583e-02
7.987199999999999855e-03,3.687500000000000500e-02
7.995000000000000370e-03,3.625000000000000444e-02
8.002799999999999150e-03,3.562500000000000389e-02
8.010599999999999665e-03,3.468750000000000305e-02
8.018400000000000180e-03,3.343750000000000194e-02
8.026200000000000695e-03,3.312500000000000167e-02
8.033999999999999475e-03,3.250000000000000111e-02
8.041799999999999990e-03,3.218750000000000083e-02
8.049600000000000505e-03,3.187500000000000056e-02
8.057399999999999285e-03,3.187500000000000056e-02
8.065199999999999800e-03,3.187500000000000056e-02
8.073000000000000315e-03,3.187500000000000056e-02
8.080799999999999095e-03,3.281250000000000139e-02
8.088599999999999610e-03,3.281250000000000139e-02
8.096400000000000124e-03,3.312500000000000167e-02
8.104200000000000639e-03,3.375000000000000222e-02
8.111999999999999419e-03,3.468750000000000305e-02
8.119799999999999934e-03,3.468750000000000305e-02
8.127600000000000449e-03,3.500000000000000333e-02
8.135399999999999229e-03,3.531250000000000361e-02
8.143199999999999744e-03,3.562500000000000389e-02
8.151000000000000259e-03,3.562500000000000389e-02
8.158799999999999039e-03,3.593750000000000416e-02
8.166599999999999554e-03,3.687500000000000500e-02
8.174400000000000069e-03,3.718750000000000527e-02
8.182200000000000584e-03,3.781250000000000583e-02
8.189999999999999364e-03,3.843750000000000638e-02
8.197799999999999879e-03,3.937500000000000722e-02
8.205600000000000394e-03,4.000000000000000083e-02
8.213399999999999174e-03,4.093750000000000167e-02
8.221199999999999689e-03,4.218750000000000278e-02
8.229000000000000203e-03,4.281250000000000333e-02
8.236799999999998984e-03,4.343750000000000389e-02
8.244599999999999498e-03,4.468750000000000500e-02
8.252400000000000013e-03,4.500000000000000527e-02
8.260200000000000528e-03,4.531250000000000555e-02
8.267999999999999308e-03,4.562500000000000583e-02
8.275799999999999823e-03,4.531250000000000555e-02
8.283600000000000338e-03,4.562500000000000583e-02
8.291399999999999118e-03,4.562500000000000583e-02
8.299199999999999633e-03,4.468750000000000500e-02
8.307000000000000148e-03,4.406250000000000444e-02
8.314800000000000663e-03,4.343750000000000389e-02
8.322599999999999443e-03,4.250000000000000305e-02
8.330399999999999958e-03,4.218750000000000278e-02
8.338200000000000472e-03,4.125000000000000194e-02
8.345999999999999253e-03,4.093750000000000167e-02
8.353799999999999767e-03,4.093750000000000167e-02
8.361600000000000282e-03,4.062500000000000139e-02
8.369399999999999062e-03,4.062500000000000139e-02
8.377199999999999577e-03,4.062500000000000139e-02
8.385000000000000092e-03,4.093750000000000167e-02
8.392800000000000607e-03,4.156250000000000222e-02
8.400599999999999387e-03,4.156250000000000222e-02
8.408399999999999902e-03,4.218750000000000278e-02
8.416200000000000417e-03,4.250000000000000305e-02
8.423999999999999197e-03,4.312500000000000361e-02
8.431799999999999712e-03,4.312500000000000361e-02
8.439600000000000227e-03,4.375000000000000416e-02
8.447399999999999007e-03,4.437500000000000472e-02
8.455199999999999522e-03,4.437500000000000472e-02
8.463000000000000037e-03,4.468750000000000500e-02
8.470800000000000551e-03,4.500000000000000527e-02
8.478599999999999332e-03,4.531250000000000555e-02
8.486399999999999846e-03,4.593750000000000611e-02
8.494200000000000361e-03,4.656250000000000666e-02
8.501999999999999141e-03,4.687500000000000000e-02
8.509799999999999656e-03,4.781250000000000777e-02
8.517600000000000171e-03,4.875000000000000167e-02
8.525400000000000686e-03,4.906250000000000194e-02
8.533199999999999466e-03,4.937500000000000222e-02
8.540999999999999981e-03,5.031250000000000305e-02
8.548800000000000496e-03,5.062500000000000333e-02
8.556599999999999276e-03,5.125000000000000389e-02
8.564399999999999791e-03,5.125000000000000389e-02
8.572200000000000306e-03,5.187500000000000444e-02
8.579999999999999086e-03,5.187500000000000444e-02
8.587799999999999601e-03,5.250000000000000500e-02
8.595600000000000115e-03,5.281250000000000527e-02
8.603400000000000630e-03,5.250000000000000500e-02
8.611199999999999410e-03,5.218750000000000472e-02
8.618999999999999925e-03,5.187500000000000444e-02
8.626800000000000440e-03,5.187500000000000444e-02
8.634599999999999220e-03,5.125000000000000389e-02
8.642399999999999735e-03,5.062500000000000333e-02
8.650200000000000250e-03,5.062500000000000333e-02
8.657999999999999030e-03,5.062500000000000333e-02
8.665799999999999545e-03,5.062500000000000333e-02
8.673600000000000060e-03,5.031250000000000305e-02
8.681400000000000575e-03,5.031250000000000305e-02
8.689199999999999355e-03,5.062500000000000333e-02
8.696999999999999870e-03,5.062500000000000333e-02
8.704800000000000385e-03,5.125000000000000389e-02
8.712599999999999165e-03,5.187500000000000444e-02
8.720399999999999680e-03,5.187500000000000444e-02
8.728200000000000194e-03,5.250000000000000500e-02
8.736000000000000709e-03,5.250000000000000500e-02
8.743799999999999489e-03,5.312500000000000555e-02
8.751600000000000004e-03,5.343749999999999889e-02
8.759400000000000519e-03,5.343749999999999889e-02
8.767199999999999299e-03,5.375000000000000611e-02
8.774999999999999814e-03,5.406249999999999944e-02
8.782800000000000329e-03,5.437500000000000666e-02
8.790599999999999109e-03,5.468750000000000000e-02
8.798399999999999624e-03,5.468750000000000000e-02
8.806200000000000139e-03,5.531250000000000056e-02
8.814000000000000654e-03,5.562500000000000777e-02
8.821799999999999434e-03,5.562500000000000777e-02
8.829599999999999949e-03,5.593750000000000111e-02
8.837400000000000463e-03,5.593750000000000111e-02
8.845199999999999244e-03,5.625000000000000833e-02
8.852999999999999758e-03,5.656250000000000167e-02
8.860800000000000273e-03,5.593750000000000111e-02
8.868599999999999053e-03,5.625000000000000833e-02
8.876399999999999568e-03,5.593750000000000111e-02
8.884200000000000083e-03,5.625000000000000833e-02
8.892000000000000598e-03,5.625000000000000833e-02
8.899799999999999378e-03,5.687500000000000888e-02
8.907599999999999893e-03,5.687500000000000888e-02
8.915400000000000408e-03,5.687500000000000888e-02
8.923199999999999188e-03,5.687500000000000888e-02
8.930999999999999703e-03,5.656250000000000167e-02
8.938800000000000218e-03,5.625000000000000833e-02
8.946599999999998998e-03,5.625000000000000833e-02
8.954399999999999513e-03,5.625000000000000833e-02
8.962200000000000027e-03,5.593750000000000111e-02
8.970000000000000542e-03,5.593750000000000111e-02
8.977799999999999322e-03,5.562500000000000777e-02
8.985599999999999837e-03,5.562500000000000777e-02
8.993400000000000352e-03,5.562500000000000777e-02
9.001199999999999132e-03,5.562500000000000777e-02
9.008999999999999647e-03,5.593750000000000111e-02
9.016800000000000162e-03,5.625000000000000833e-02
9.024600000000000677e-03,5.593750000000000111e-02
9.032399999999999457e-03,5.593750000000000111e-02
9.040199999999999972e-03,5.656250000000000167e-02
9.048000000000000487e-03,5.656250000000000167e-02
9.055799999999999267e-03,5.656250000000000167e-02
9.063599999999999782e-03,5.687500000000000888e-02
9.071400000000000297e-03,5.687500000000000888e-02
9.079199999999999077e-03,5.718750000000000222e-02
9.086999999999999592e-03,5.750000000000000250e-02
9.094800000000000106e-03,5.781250000000000278e-02
9.102600000000000621e-03,5.781250000000000278e-02
9.110399999999999401e-03,5.781250000000000278e-02
9.118199999999999916e-03,5.812500000000000305e-02
9.126000000000000431e-03,5.812500000000000305e-02
9.133799999999999211e-03,5.812500000000000305e-02
9.141599999999999726e-03,5.812500000000000305e-02
9.149400000000000241e-03,5.812500000000000305e-02
9.157199999999999021e-03,5.812500000000000305e-02
9.164999999999999536e-03,5.781250000000000278e-02
9.172800000000000051e-03,5.781250000000000278e-02
9.180600000000000566e-03,5.781250000000000278e-02
9.188399999999999346e-03,5.750000000000000250e-02
9.196199999999999861e-03,5.718750000000000222e-02
9.204000000000000375e-03,5.718750000000000222e-02
9.211799999999999156e-03,5.750000000000000250e-02
9.219599999999999670e-03,5.781250000000000278e-02
9.227400000000000185e-03,5.750000000000000250e-02
9.235199999999998965e-03,5.750000000000000250e-02
9.242999999999999480e-03,5.781250000000000278e-02
9.250799999999999995e-03,5.750000000000000250e-02
9.258600000000000510e-03,5.718750000000000222e-02
9.266399999999999290e-03,5.750000000000000250e-02
9.274199999999999805e-03,5.687500000000000888e-02
9.282000000000000320e-03,5.718750000000000222e-02
9.289799999999999100e-03,5.718750000000000222e-02
9.297599999999999615e-03,5.718750000000000222e-02
9.305400000000000130e-03,5.687500000000000888e-02
9.313200000000000645e-03,5.687500000000000888e-02
9.320999999999999425e-03,5.750000000000000250e-02
9.328799999999999940e-03,5.718750000000000222e-02
9.336600000000000454e-03,5.718750000000000222e-02
9.344399999999999235e-03,5.750000000000000250e-02
9.352199999999999749e-03,5.750000000000000250e-02
9.360000000000000264e-03,5.750000000000000250e-02
9.367799999999999044e-03,5.750000000000000250e-02
9.375599999999999559e-03,5.781250000000000278e-02
9.383400000000000074e-03,5.781250000000000278e-02
9.391200000000000589e-03,5.781250000000000278e-02
9.398999999999999369e-03,5.843750000000000333e-02
9.406799999999999884e-03,5.812500000000000305e-02
9.414600000000000399e-03,5.812500000000000305e-02
9.422399999999999179e-03,5.843750000000000333e-02
9.430199999999999694e-03,5.812500000000000305e-02
9.438000000000000209e-03,5.875000000000000361e-02
9.445799999999998989e-03,5.812500000000000305e-02
9.453599999999999504e-03,5.843750000000000333e-02
9.461400000000000018e-03,5.718750000000000222e-02
9.469200000000000533e-03,5.750000000000000250e-02
9.476999999999999313e-03,5.687500000000000888e-02
9.484799999999999828e-03,5.656250000000000167e-02
9.492600000000000343e-03,5.656250000000000167e-02
9.500399999999999123e-03,5.625000000000000833e-02
9.508199999999999638e-03,5.625000000000000833e-02
9.516000000000000153e-03,5.625000000000000833e-02
9.523800000000000668e-03,5.625000000000000833e-02
9.531599999999999448e-03,5.625000000000000833e-02
9.539399999999999963e-03,5.656250000000000167e-02
9.547200000000000478e-03,5.656250000000000167e-02
9.554999999999999258e-03,5.687500000000000888e-02
9.562799999999999773e-03,5.656250000000000167e-02
9.570600000000000288e-03,5.687500000000000888e-02
9.578399999999999068e-03,5.687500000000000888e-02
9.586199999999999583e-03,5.687500000000000888e-02
9.594000000000000097e-03,5.718750000000000222e-02
9.601800000000000612e-03,5.718750000000000222e-02
9.609599999999999392e-03,5.718750000000000222e-02
9.617399999999999907e-03,5.718750000000000222e-02
9.625200000000000422e-03,5.718750000000000222e-02
9.632999999999999202e-03,5.718750000000000222e-02
9.640799999999999717e-03,5.750000000000000250e-02
9.648600000000000232e-03,5.750000000000000250e-02
9.656399999999999012e-03,5.750000000000000250e-02
9.664199999999999527e-03,5.750000000000000250e-02
9.672000000000000042e-03,5.750000000000000250e-02
9.679800000000000557e-03,5.781250000000000278e-02
9.687599999999999337e-03,5.781250000000000278e-02
9.695399999999999852e-03,5.812500000000000305e-02
9.703200000000000366e-03,5.781250000000000278e-02
9.710999999999999147e-03,5.843750000000000333e-02
9.718799999999999661e-03,5.875000000000000361e-02
9.726600000000000176e-03,5.875000000000000361e-02
9.734400000000000691e-03,5.843750000000000333e-02
9.742199999999999471e-03,5.875000000000000361e-02
9.749999999999999986e-03,5.843750000000000333e-02
9.757800000000000501e-03,5.812500000000000305e-02
9.765599999999999281e-03,5.812500000000000305e-02
9.773399999999999796e-03,5.750000000000000250e-02
9.781200000000000311e-03,5.750000000000000250e-02
9.788999999999999091e-03,5.656250000000000167e-02
9.796799999999999606e-03,5.656250000000000167e-02
9.804600000000000121e-03,5.593750000000000111e-02
9.812400000000000636e-03,5.531250000000000056e-02
9.820199999999999416e-03,5.562500000000000777e-02
9.827999999999999931e-03,5.531250000000000056e-02
9.835800000000000445e-03,5.500000000000000722e-02
9.843599999999999225e-03,5.531250000000000056e-02
9.851399999999999740e-03,5.562500000000000777e-02
9.859200000000000255e-03,5.593750000000000111e-02
9.866999999999999035e-03,5.625000000000000833e-02
9.874799999999999550e-03,5.625000000000000833e-02
9.882600000000000065e-03,5.656250000000000167e-02
9.890400000000000580e-03,5.656250000000000167e-02
9.898199999999999360e-03,5.687500000000000888e-02
9.905999999999999875e-03,5.656250000000000167e-02
9.913800000000000390e-03,5.687500000000000888e-02
9.921599999999999170e-03,5.687500000000000888e-02
9.929399999999999685e-03,5.687500000000000888e-02
9.937200000000000200e-03,5.687500000000000888e-02
9.944999999999998980e-03,5.718750000000000222e-02
9.952799999999999495e-03,5.687500000000000888e-02
9.960600000000000009e-03,5.656250000000000167e-02
9.968400000000000524e-03,5.656250000000000167e-02
9.976199999999999304e-03,5.687500000000000888e-02
9.983999999999999819e-03,5.687500000000000888e-02
9.991800000000000334e-03,5.625000000000000833e-02
9.999599999999999114e-03,5.656250000000000167e-02
1.000739999999999963e-02,5.687500000000000888e-02
1.001520000000000014e-02,5.687500000000000888e-02
1.002300000000000066e-02,5.718750000000000222e-02
1.003079999999999944e-02,5.718750000000000222e-02
1.003859999999999995e-02,5.750000000000000250e-02
1.004640000000000047e-02,5.750000000000000250e-02
1.005419999999999925e-02,5.718750000000000222e-02
1.006199999999999976e-02,5.687500000000000888e-02
1.006980000000000028e-02,5.625000000000000833e-02
1.007759999999999906e-02,5.625000000000000833e-02
1.008539999999999957e-02,5.531250000000000056e-02
1.009320000000000009e-02,5.500000000000000722e-02
1.010100000000000060e-02,5.437500000000000666e-02
1.010879999999999938e-02,5.375000000000000611e-02
1.011659999999999990e-02,5.343749999999999889e-02
1.012440000000000041e-02,5.281250000000000527e-02
1.013219999999999919e-02,5.218750000000000472e-02
1.013999999999999971e-02,5.250000000000000500e-02
1.014780000000000022e-02,5.218750000000000472e-02
1.015559999999999900e-02,5.250000000000000500e-02
1.016339999999999952e-02,5.281250000000000527e-02
1.017120000000000003e-02,5.312500000000000555e-02
1.017900000000000055e-02,5.312500000000000555e-02
1.018679999999999933e-02,5.375000000000000611e-02
1.019459999999999984e-02,5.406249999999999944e-02
1.020240000000000036e-02,5.468750000000000000e-02
1.021019999999999914e-02,5.500000000000000722e-02
1.021799999999999965e-02,5.500000000000000722e-02
1.022580000000000017e-02,5.500000000000000722e-02
1.023359999999999895e-02,5.531250000000000056e-02
1.024139999999999946e-02,5.531250000000000056e-02
1.024919999999999998e-02,5.531250000000000056e-02
1.025700000000000049e-02,5.531250000000000056e-02
1.026479999999999927e-02,5.531250000000000056e-02
1.027259999999999979e-02,5.468750000000000000e-02
1.028040000000000030e-02,5.468750000000000000e-02
1.028819999999999908e-02,5.437500000000000666e-02
1.029599999999999960e-02,5.375000000000000611e-02
1.030380000000000011e-02,5.406249999999999944e-02
1.031160000000000063e-02,5.375000000000000611e-02
1.031939999999999941e-02,5.375000000000000611e-02
1.032719999999999992e-02,5.375000000000000611e-02
1.033500000000000044e-02,5.375000000000000611e-02
1.034279999999999922e-02,5.437500000000000666e-02
1.035059999999999973e-02,5.406249999999999944e-02
1.035840000000000025e-02,5.375000000000000611e-02
1.036619999999999903e-02,5.343749999999999889e-02
1.037399999999999954e-02,5.312500000000000555e-02
1.038180000000000006e-02,5.281250000000000527e-02
1.038960000000000057e-02,5.156250000000000416e-02
1.039739999999999935e-02,5.125000000000000389e-02
1.040519999999999987e-02,5.000000000000000278e-02
1.041300000000000038e-02,4.937500000000000222e-02
1.042079999999999916e-02,4.812500000000000111e-02
1.042859999999999968e-02,4.718750000000000722e-02
1.043640000000000019e-02,4.718750000000000722e-02
1.044419999999999897e-02,4.624999999999999944e-02
1.045199999999999949e-02,4.593750000000000611e-02
1.045980000000000000e-02,4.593750000000000611e-02
1.046760000000000052e-02,4.624999999999999944e-02
1.047539999999999930e-02,4.624999999999999944e-02
1.048319999999999981e-02,4.687500000000000000e-02
1.049100000000000033e-02,4.812500000000000111e-02
1.049879999999999911e-02,4.843750000000000139e-02
1.050659999999999962e-02,4.875000000000000167e-02
1.051440000000000013e-02,4.906250000000000194e-02
1.052220000000000065e-02,5.000000000000000278e-02
1.052999999999999943e-02,5.031250000000000305e-02
1.053779999999999994e-02,5.093750000000000361e-02
1.054560000000000046e-02,5.062500000000000333e-02
1.055339999999999924e-02,5.093750000000000361e-02
1.056119999999999975e-02,5.093750000000000361e-02
1.056900000000000027e-02,5.093750000000000361e-02
1.057679999999999905e-02,5.093750000000000361e-02
1.058459999999999956e-02,5.031250000000000305e-02
1.059240000000000008e-02,5.000000000000000278e-02
1.060020000000000059e-02,4.968750000000000250e-02
1.060799999999999937e-02,4.906250000000000194e-02
1.061579999999999989e-02,4.906250000000000194e-02
1.062360000000000040e-02,4.906250000000000194e-02
1.063139999999999918e-02,4.906250000000000194e-02
1.063919999999999970e-02,4.906250000000000194e-02
1.064700000000000021e-02,4.906250000000000194e-02
1.065479999999999899e-02,4.875000000000000167e-02
1.066259999999999951e-02,4.906250000000000194e-02
1.067040000000000002e-02,4.875000000000000167e-02
1.067820000000000054e-02,4.843750000000000139e-02
1.068599999999999932e-02,4.812500000000000111e-02
1.069379999999999983e-02,4.750000000000000056e-02
1.070160000000000035e-02,4.624999999999999944e-02
1.070939999999999913e-02,4.562500000000000583e-02
1.071719999999999964e-02,4.562500000000000583e-02
1.072500000000000016e-02,4.406250000000000444e-02
1.073280000000000067e-02,4.375000000000000416e-02
1.074059999999999945e-02,4.250000000000000305e-02
1.074839999999999997e-02,4.218750000000000278e-02
1.075620000000000048e-02,4.187500000000000250e-02
1.076399999999999926e-02,4.156250000000000222e-02
1.077179999999999978e-02,4.125000000000000194e-02
1.077960000000000029e-02,4.156250000000000222e-02
1.078739999999999907e-02,4.187500000000000250e-02
1.079519999999999959e-02,4.281250000000000333e-02
1.080300000000000010e-02,4.312500000000000361e-02
1.081080000000000062e-02,4.437500000000000472e-02
1.081859999999999940e-02,4.500000000000000527e-02
1.082639999999999991e-02,4.531250000000000555e-02
1.083420000000000043e-02,4.593750000000000611e-02
1.084199999999999921e-02,4.624999999999999944e-02
1.084979999999999972e-02,4.718750000000000722e-02
1.085760000000000024e-02,4.718750000000000722e-02
1.086539999999999902e-02,4.750000000000000056e-02
1.087319999999999953e-02,4.781250000000000777e-02
1.088100000000000005e-02,4.781250000000000777e-02
1.088880000000000056e-02,4.750000000000000056e-02
1.089659999999999934e-02,4.718750000000000722e-02
1.090439999999999986e-02,4.718750000000000722e-02
1.091220000000000037e-02,4.687500000000000000e-02
1.091999999999999915e-02,4.687500000000000000e-02
1.092779999999999967e-02,4.656250000000000666e-02
1.093560000000000018e-02,4.624999999999999944e-02
1.094339999999999896e-02,4.656250000000000666e-02
1.095119999999999948e-02,4.687500000000000000e-02
1.095899999999999999e-02,4.718750000000000722e-02
1.096680000000000051e-02,4.687500000000000000e-02
1.097459999999999929e-02,4.718750000000000722e-02
1.098239999999999980e-02,4.718750000000000722e-02
1.099020000000000032e-02,4.718750000000000722e-02
1.099799999999999910e-02,4.656250000000000666e-02
1.100579999999999961e-02,4.624999999999999944e-02
1.101360000000000013e-02,4.531250000000000555e-02
1.102140000000000064e-02,4.437500000000000472e-02
1.102919999999999942e-02,4.406250000000000444e-02
1.103699999999999994e-02,4.312500000000000361e-02
1.104480000000000045e-02,4.250000000000000305e-02
1.105259999999999923e-02,4.187500000000000250e-02
1.106039999999999975e-02,4.125000000000000194e-02
1.106820000000000026e-02,4.093750000000000167e-02
1.107599999999999904e-02,4.093750000000000167e-02
1.108379999999999956e-02,4.125000000000000194e-02
1.109160000000000007e-02,4.156250000000000222e-02
1.109940000000000059e-02,4.156250000000000222e-02
1.110719999999999937e-02,4.281250000000000333e-02
1.111499999999999988e-02,4.281250000000000333e-02
1.112280000000000039e-02,4.406250000000000444e-02
1.113059999999999918e-02,4.437500000000000472e-02
1.113839999999999969e-02,4.562500000000000583e-02
1.114620000000000020e-02,4.593750000000000611e-02
1.115399999999999898e-02,4.656250000000000666e-02
1.116179999999999950e-02,4.718750000000000722e-02
1.116960000000000001e-02,4.718750000000000722e-02
1.117740000000000053e-02,4.750000000000000056e-02
1.118519999999999931e-02,4.750000000000000056e-02
1.119299999999999982e-02,4.781250000000000777e-02
1.120080000000000034e-02,4.718750000000000722e-02
1.120859999999999912e-02,4.718750000000000722e-02
1.121639999999999963e-02,4.687500000000000000e-02
1.122420000000000015e-02,4.656250000000000666e-02
1.123199999999999893e-02,4.593750000000000611e-02
1.123979999999999944e-02,4.593750000000000611e-02
1.124759999999999996e-02,4.593750000000000611e-02
1.125540000000000047e-02,4.593750000000000611e-02
1.126319999999999925e-02,4.624999999999999944e-02
1.127099999999999977e-02,4.624999999999999944e-02
1.127880000000000028e-02,4.656250000000000666e-02
1.128659999999999906e-02,4.656250000000000666e-02
1.129439999999999958e-02,4.593750000000000611e-02
1.130220000000000009e-02,4.562500000000000583e-02
1.131000000000000061e-02,4.468750000000000500e-02
1.131779999999999939e-02,4.468750000000000500e-02
1.132559999999999990e-02,4.406250000000000444e-02
1.133340000000000042e-02,4.250000000000000305e-02
1.134119999999999920e-02,4.187500000000000250e-02
1.134899999999999971e-02,4.125000000000000194e-02
1.135680000000000023e-02,4.000000000000000083e-02
1.136459999999999901e-02,3.906250000000000000e-02
1.137239999999999952e-02,3.812500000000000611e-02
1.138020000000000004e-02,3.750000000000000555e-02
1.138800000000000055e-02,3.718750000000000527e-02
1.139579999999999933e-02,3.718750000000000527e-02
1.140359999999999985e-02,3.718750000000000527e-02
1.141140000000000036e-02,3.750000000000000555e-02
1.141919999999999914e-02,3.812500000000000611e-02
1.142699999999999966e-02,3.843750000000000638e-02
1.143480000000000017e-02,3.937500000000000722e-02
1.144259999999999895e-02,3.968750000000000056e-02
1.145039999999999947e-02,4.031250000000000111e-02
1.145819999999999998e-02,4.125000000000000194e-02
1.146600000000000050e-02,4.156250000000000222e-02
1.147379999999999928e-02,4.187500000000000250e-02
1.148159999999999979e-02,4.218750000000000278e-02
1.148940000000000031e-02,4.218750000000000278e-02
1.149719999999999909e-02,4.218750000000000278e-02
1.150499999999999960e-02,4.187500000000000250e-02
1.151280000000000012e-02,4.187500000000000250e-02
1.152060000000000063e-02,4.093750000000000167e-02
1.152839999999999941e-02,4.031250000000000111e-02
1.153619999999999993e-02,3.968750000000000056e-02
1.154400000000000044e-02,3.937500000000000722e-02
1.155179999999999922e-02,3.906250000000000000e-02
1.155959999999999974e-02,3.843750000000000638e-02
1.156740000000000025e-02,3.812500000000000611e-02
1.157519999999999903e-02,3.781250000000000583e-02
1.158299999999999955e-02,3.781250000000000583e-02
1.159080000000000006e-02,3.781250000000000583e-02
1.159860000000000058e-02,3.750000000000000555e-02
1.160639999999999936e-02,3.687500000000000500e-02
1.161419999999999987e-02,3.531250000000000361e-02
1.162200000000000039e-02,3.562500000000000389e-02
1.162979999999999917e-02,3.406250000000000250e-02
1.163759999999999968e-02,3.375000000000000222e-02
1.164540000000000020e-02,3.281250000000000139e-02
1.165319999999999898e-02,3.156250000000000028e-02
1.166099999999999949e-02,3.000000000000000236e-02
1.166880000000000001e-02,2.906250000000000500e-02
1.167660000000000052e-02,2.781250000000000389e-02
1.168439999999999930e-02,2.718750000000000333e-02
1.169219999999999982e-02,2.625000000000000250e-02
1.170000000000000033e-02,2.562500000000000194e-02
1.170779999999999911e-02,2.531250000000000167e-02
1.171559999999999963e-02,2.531250000000000167e-02
1.172340000000000014e-02,2.500000000000000139e-02
1.173120000000000065e-02,2.562500000000000194e-02
1.173899999999999944e-02,2.593750000000000222e-02
1.174679999999999995e-02,2.656250000000000278e-02
1.175460000000000046e-02,2.687500000000000305e-02
1.176239999999999924e-02,2.781250000000000389e-02
1.177019999999999976e-02,2.843750000000000444e-02
1.177800000000000027e-02,2.875000000000000472e-02
1.178579999999999905e-02,2.906250000000000500e-02
1.179359999999999957e-02,2.906250000000000500e-02
1.180140000000000008e-02,2.906250000000000500e-02
1.180920000000000060e-02,2.937500000000000527e-02
1.181699999999999938e-02,2.843750000000000444e-02
1.182479999999999989e-02,2.812500000000000416e-02
1.183260000000000041e-02,2.750000000000000361e-02
1.184039999999999919e-02,2.687500000000000305e-02
1.184819999999999970e-02,2.625000000000000250e-02
1.185600000000000022e-02,2.562500000000000194e-02
1.186379999999999900e-02,2.531250000000000167e-02
1.187159999999999951e-02,2.437500000000000083e-02
1.187940000000000003e-02,2.437500000000000083e-02
1.188720000000000054e-02,2.406250000000000056e-02
1.189499999999999932e-02,2.406250000000000056e-02
1.190279999999999984e-02,2.406250000000000056e-02
1.191060000000000035e-02,2.375000000000000375e-02
1.191839999999999913e-02,2.312500000000000319e-02
1.192619999999999965e-02,2.281250000000000291e-02
1.193400000000000016e-02,2.218750000000000236e-02
1.194179999999999894e-02,2.125000000000000500e-02
1.194959999999999946e-02,2.062500000000000444e-02
1.195739999999999997e-02,1.937500000000000333e-02
1.196520000000000049e-02,1.875000000000000278e-02
1.197299999999999927e-02,1.781250000000000194e-02
1.198079999999999978e-02,1.750000000000000167e-02
1.198860000000000030e-02,1.656250000000000430e-02
1.199639999999999908e-02,1.593750000000000375e-02
1.200419999999999959e-02,1.531250000000000319e-02
1.201200000000000011e-02,1.500000000000000291e-02
1.201980000000000062e-02,1.468750000000000264e-02
1.202759999999999940e-02,1.468750000000000264e-02
1.203539999999999992e-02,1.468750000000000264e-02
1.204320000000000043e-02,1.468750000000000264e-02
1.205099999999999921e-02,1.593750000000000375e-02
1.205879999999999973e-02,1.656250000000000430e-02
1.206660000000000024e-02,1.718750000000000139e-02
1.207439999999999902e-02,1.750000000000000167e-02
1.208219999999999954e-02,1.812500000000000222e-02
1.209000000000000005e-02,1.875000000000000278e-02
1.209780000000000057e-02,1.906250000000000305e-02
1.210559999999999935e-02,1.906250000000000305e-02
1.211339999999999986e-02,1.937500000000000333e-02
1.212120000000000038e-02,1.937500000000000333e-02
1.212899999999999916e-02,1.937500000000000333e-02
1.213679999999999967e-02,1.937500000000000333e-02
1.214460000000000019e-02,1.875000000000000278e-02
1.215239999999999897e-02,1.812500000000000222e-02
1.216019999999999948e-02,1.750000000000000167e-02
1.216800000000000000e-02,1.687500000000000458e-02
1.217580000000000051e-02,1.687500000000000458e-02
1.218359999999999929e-02,1.687500000000000458e-02
1.219139999999999981e-02,1.625000000000000402e-02
1.219920000000000032e-02,1.656250000000000430e-02
1.220699999999999910e-02,1.687500000000000458e-02
1.221479999999999962e-02,1.656250000000000430e-02
1.222260000000000013e-02,1.687500000000000458e-02
1.223039999999999891e-02,1.656250000000000430e-02
1.223819999999999943e-02,1.625000000000000402e-02
1.224599999999999994e-02,1.562500000000000347e-02
1.225380000000000046e-02,1.562500000000000347e-02
1.226159999999999924e-02,1.468750000000000264e-02
1.226939999999999975e-02,1.406250000000000208e-02
1.227720000000000027e-02,1.375000000000000180e-02
1.228499999999999905e-02,1.312500000000000125e-02
1.229279999999999956e-02,1.281250000000000444e-02
1.230060000000000008e-02,1.218750000000000389e-02
1.230840000000000059e-02,1.187500000000000361e-02
1.231619999999999937e-02,1.187500000000000361e-02
1.232399999999999989e-02,1.156250000000000333e-02
1.233180000000000040e-02,1.125000000000000305e-02
1.233959999999999918e-02,1.156250000000000333e-02
1.234739999999999970e-02,1.218750000000000389e-02
1.235520000000000021e-02,1.281250000000000444e-02
1.236299999999999899e-02,1.312500000000000125e-02
1.237079999999999950e-02,1.406250000000000208e-02
1.237860000000000002e-02,1.531250000000000319e-02
1.238640000000000053e-02,1.687500000000000458e-02
1.239419999999999931e-02,1.718750000000000139e-02
1.240199999999999983e-02,1.843750000000000250e-02
1.240980000000000034e-02,1.875000000000000278e-02
1.241759999999999912e-02,1.968750000000000361e-02
1.242539999999999964e-02,2.000000000000000389e-02
1.243320000000000015e-02,2.031250000000000416e-02
1.244099999999999893e-02,2.062500000000000444e-02
1.244879999999999945e-02,2.062500000000000444e-02
1.245659999999999996e-02,2.062500000000000444e-02
1.246440000000000048e-02,2.031250000000000416e-02
1.247219999999999926e-02,2.031250000000000416e-02
1.247999999999999977e-02,2.968750000000000208e-02
1.248780000000000029e-02,2.937500000000000527e-02
1.249559999999999907e-02,2.906250000000000500e-02
1.250339999999999958e-02,2.906250000000000500e-02
1.251120000000000010e-02,2.875000000000000472e-02
1.251900000000000061e-02,2.906250000000000500e-02
1.252679999999999939e-02,2.906250000000000500e-02
1.253459999999999991e-02,2.906250000000000500e-02
1.254240000000000042e-02,2.875000000000000472e-02
1.255019999999999920e-02,2.875000000000000472e-02
1.255799999999999972e-02,2.812500000000000416e-02
1.256580000000000023e-02,2.781250000000000389e-02
1.257359999999999901e-02,2.687500000000000305e-02
1.258139999999999953e-02,2.625000000000000250e-02
1.258920000000000004e-02,2.531250000000000167e-02
1.259700000000000056e-02,2.468750000000000111e-02
1.260479999999999934e-02,2.406250000000000056e-02
1.261259999999999985e-02,2.343750000000000347e-02
1.262040000000000037e-02,2.281250000000000291e-02
1.262819999999999915e-02,2.250000000000000264e-02
1.263599999999999966e-02,2.218750000000000236e-02
1.264380000000000018e-02,2.156250000000000527e-02
1.265159999999999896e-02,2.156250000000000527e-02
1.265939999999999947e-02,2.250000000000000264e-02
1.266719999999999999e-02,2.281250000000000291e-02
1.267500000000000050e-02,2.406250000000000056e-02
1.268279999999999928e-02,2.500000000000000139e-02
1.269059999999999980e-02,2.531250000000000167e-02
1.269840000000000031e-02,2.625000000000000250e-02
1.270619999999999909e-02,2.750000000000000361e-02
1.271399999999999961e-02,2.843750000000000444e-02
1.272180000000000012e-02,2.937500000000000527e-02
1.272960000000000064e-02,2.968750000000000208e-02
1.273739999999999942e-02,3.031250000000000264e-02
1.274519999999999993e-02,3.031250000000000264e-02
1.275300000000000045e-02,3.062500000000000291e-02
1.276079999999999923e-02,3.031250000000000264e-02
1.276859999999999974e-02,3.031250000000000264e-02
1.277640000000000026e-02,2.968750000000000208e-02
1.278419999999999904e-02,2.937500000000000527e-02
1.279199999999999955e-02,2.937500000000000527e-02
1.279980000000000007e-02,2.875000000000000472e-02
1.280760000000000058e-02,2.875000000000000472e-02
1.281539999999999936e-02,2.906250000000000500e-02
1.282319999999999988e-02,2.906250000000000500e-02
1.283100000000000039e-02,2.937500000000000527e-02
1.283879999999999917e-02,2.937500000000000527e-02
1.284659999999999969e-02,2.937500000000000527e-02
1.285440000000000020e-02,2.937500000000000527e-02
1.286219999999999898e-02,2.875000000000000472e-02
1.286999999999999950e-02,2.875000000000000472e-02
1.287780000000000001e-02,2.812500000000000416e-02
1.288560000000000053e-02,2.812500000000000416e-02
1.289339999999999931e-02,2.718750000000000333e-02
1.290119999999999982e-02,2.593750000000000222e-02
1.290900000000000034e-02,2.593750000000000222e-02
1.291679999999999912e-02,2.531250000000000167e-02
1.292459999999999963e-02,2.468750000000000111e-02
1.293240000000000015e-02,2.375000000000000375e-02
1.294019999999999893e-02,2.312500000000000319e-02
1.294799999999999944e-02,2.312500000000000319e-02
1.295579999999999996e-02,2.312500000000000319e-02
1.296360000000000047e-02,2.312500000000000319e-02
1.297139999999999925e-02,2.343750000000000347e-02
1.297919999999999977e-02,2.375000000000000375e-02
1.298700000000000028e-02,2.468750000000000111e-02
1.299479999999999906e-02,2.500000000000000139e-02
1.300259999999999957e-02,2.656250000000000278e-02
1.301040000000000009e-02,2.718750000000000333e-02
1.301820000000000060e-02,2.812500000000000416e-02
1.302599999999999938e-02,2.875000000000000472e-02
1.303379999999999990e-02,2.937500000000000527e-02
1.304160000000000041e-02,3.000000000000000236e-02
1.304939999999999919e-02,3.062500000000000291e-02
1.305719999999999971e-02,3.093750000000000319e-02
1.306500000000000022e-02,3.062500000000000291e-02
1.307279999999999900e-02,3.031250000000000264e-02
1.308059999999999952e-02,3.000000000000000236e-02
1.308840000000000003e-02,3.000000000000000236e-02
1.309620000000000055e-02,2.937500000000000527e-02
1.310399999999999933e-02,2.875000000000000472e-02
1.311179999999999984e-02,2.875000000000000472e-02
1.311960000000000036e-02,2.843750000000000444e-02
1.312739999999999914e-02,2.781250000000000389e-02
1.313519999999999965e-02,2.812500000000000416e-02
1.314300000000000017e-02,2.781250000000000389e-02
1.315079999999999895e-02,2.812500000000000416e-02
1.315859999999999946e-02,2.781250000000000389e-02
1.316639999999999998e-02,2.781250000000000389e-02
1.317420000000000049e-02,2.718750000000000333e-02
1.318199999999999927e-02,2.625000000000000250e-02
1.318979999999999979e-02,2.593750000000000222e-02
1.319760000000000030e-02,2.562500000000000194e-02
1.320539999999999908e-02,2.437500000000000083e-02
1.321319999999999960e-02,2.375000000000000375e-02
1.322100000000000011e-02,2.250000000000000264e-02
1.322879999999999889e-02,2.156250000000000527e-02
1.323659999999999941e-02,2.093750000000000472e-02
1.324439999999999992e-02,2.000000000000000389e-02
1.325220000000000044e-02,2.000000000000000389e-02
1.325999999999999922e-02,1.937500000000000333e-02
1.326779999999999973e-02,1.906250000000000305e-02
1.327560000000000025e-02,1.906250000000000305e-02
1.328339999999999903e-02,1.937500000000000333e-02
1.329119999999999954e-02,1.937500000000000333e-02
1.329900000000000006e-02,2.031250000000000416e-02
1.330680000000000057e-02,2.031250000000000416e-02
1.331459999999999935e-02,2.093750000000000472e-02
1.332239999999999987e-02,2.218750000000000236e-02
1.333020000000000038e-02,2.312500000000000319e-02
1.333799999999999916e-02,2.343750000000000347e-02
1.334579999999999968e-02,2.406250000000000056e-02
1.335360000000000019e-02,2.437500000000000083e-02
1.336139999999999897e-02,2.468750000000000111e-02
1.336919999999999949e-02,2.500000000000000139e-02
1.337700000000000000e-02,2.468750000000000111e-02
1.338480000000000052e-02,2.437500000000000083e-02
1.339259999999999930e-02,2.437500000000000083e-02
1.340039999999999981e-02,2.343750000000000347e-02
1.340820000000000033e-02,2.312500000000000319e-02
1.341599999999999911e-02,2.281250000000000291e-02
1.342379999999999962e-02,2.250000000000000264e-02
1.343160000000000014e-02,2.187500000000000555e-02
1.343939999999999892e-02,2.156250000000000527e-02
1.344719999999999943e-02,2.156250000000000527e-02
1.345499999999999995e-02,2.125000000000000500e-02
1.346280000000000046e-02,2.125000000000000500e-02
1.347059999999999924e-02,2.125000000000000500e-02
1.347839999999999976e-02,2.125000000000000500e-02
1.348620000000000027e-02,2.062500000000000444e-02
1.349399999999999905e-02,1.968750000000000361e-02
1.350179999999999957e-02,1.968750000000000361e-02
1.350960000000000008e-02,1.843750000000000250e-02
1.351740000000000060e-02,1.812500000000000222e-02
1.352519999999999938e-02,1.718750000000000139e-02
1.353299999999999989e-02,1.687500000000000458e-02
1.354080000000000041e-02,1.593750000000000375e-02
1.354859999999999919e-02,1.531250000000000319e-02
1.355639999999999970e-02,1.468750000000000264e-02
1.356420000000000022e-02,1.437500000000000236e-02
1.357199999999999900e-02,1.375000000000000180e-02
1.357979999999999951e-02,1.343750000000000153e-02
1.358760000000000003e-02,1.343750000000000153e-02
1.359540000000000054e-02,1.281250000000000444e-02
1.360319999999999932e-02,1.343750000000000153e-02
1.361099999999999983e-02,1.406250000000000208e-02
1.361880000000000035e-02,1.437500000000000236e-02
1.362659999999999913e-02,1.562500000000000347e-02
1.363439999999999964e-02,1.593750000000000375e-02
1.364220000000000016e-02,1.687500000000000458e-02
1.364999999999999894e-02,1.718750000000000139e-02
1.365779999999999945e-02,1.781250000000000194e-02
1.366559999999999997e-02,1.812500000000000222e-02
1.367340000000000048e-02,1.812500000000000222e-02
1.368119999999999926e-02,1.812500000000000222e-02
1.368899999999999978e-02,1.812500000000000222e-02
1.369680000000000029e-02,1.781250000000000194e-02
1.370459999999999907e-02,1.781250000000000194e-02
1.371239999999999959e-02,1.718750000000000139e-02
1.372020000000000010e-02,1.687500000000000458e-02
1.372800000000000062e-02,1.625000000000000402e-02
1.373579999999999940e-02,1.593750000000000375e-02
1.374359999999999991e-02,1.562500000000000347e-02
1.375140000000000043e-02,1.531250000000000319e-02
1.375919999999999921e-02,1.500000000000000291e-02
1.376699999999999972e-02,1.500000000000000291e-02
1.377480000000000024e-02,1.468750000000000264e-02
1.378259999999999902e-02,1.437500000000000236e-02
1.379039999999999953e-02,1.437500000000000236e-02
1.379820000000000005e-02,1.406250000000000208e-02
1.380600000000000056e-02,1.312500000000000125e-02
1.381379999999999934e-02,1.312500000000000125e-02
1.382159999999999986e-02,1.250000000000000416e-02
1.382940000000000037e-02,1.187500000000000361e-02
1.383719999999999915e-02,1.156250000000000333e-02
1.384499999999999967e-02,1.093750000000000278e-02
1.385280000000000018e-02,1.062500000000000250e-02
1.386059999999999896e-02,1.062500000000000250e-02
1.386839999999999948e-02,9.687500000000001665e-03
1.387619999999999999e-02,9.375000000000001388e-03
1.388400000000000051e-02,9.062500000000001110e-03
1.389179999999999929e-02,9.062500000000001110e-03
1.389959999999999980e-02,8.750000000000004302e-03
1.390740000000000032e-02,8.750000000000004302e-03
1.391519999999999910e-02,8.750000000000004302e-03
1.392299999999999961e-02,9.062500000000001110e-03
1.393080000000000013e-02,9.687500000000001665e-03
1.393859999999999891e-02,1.031250000000000222e-02
1.394639999999999942e-02,1.031250000000000222e-02
1.395419999999999994e-02,1.093750000000000278e-02
1.396200000000000045e-02,1.187500000000000361e-02
1.396979999999999923e-02,1.156250000000000333e-02
1.397759999999999975e-02,1.218750000000000389e-02
1.398540000000000026e-02,1.250000000000000416e-02
1.399319999999999904e-02,1.250000000000000416e-02
1.400099999999999956e-02,1.250000000000000416e-02
1.400880000000000007e-02,1.218750000000000389e-02
1.401660000000000059e-02,1.187500000000000361e-02
1.402439999999999937e-02,1.156250000000000333e-02
1.403219999999999988e-02,1.125000000000000305e-02
1.404000000000000040e-02,1.093750000000000278e-02
1.404779999999999918e-02,1.031250000000000222e-02
1.405559999999999969e-02,1.000000000000000194e-02
1.406340000000000021e-02,1.000000000000000194e-02
1.407119999999999899e-02,1.000000000000000194e-02
1.407899999999999950e-02,9.687500000000001665e-03
1.408680000000000002e-02,9.687500000000001665e-03
1.409460000000000053e-02,9.375000000000001388e-03
1.410239999999999931e-02,9.375000000000001388e-03
1.411019999999999983e-02,9.062500000000001110e-03
1.411800000000000034e-02,8.750000000000004302e-03
1.412579999999999912e-02,8.125000000000003747e-03
1.413359999999999964e-02,8.125000000000003747e-03
1.414140000000000015e-02,8.125000000000003747e-03
1.414919999999999893e-02,7.187500000000002914e-03
1.415699999999999945e-02,7.187500000000002914e-03
1.416479999999999996e-02,6.875000000000002637e-03
1.417260000000000048e-02,6.875000000000002637e-03
1.418039999999999926e-02,6.250000000000002082e-03
1.418819999999999977e-02,5.937500000000001804e-03
1.419600000000000029e-02,5.937500000000001804e-03
1.420379999999999907e-02,5.937500000000001804e-03
1.421159999999999958e-02,5.937500000000001804e-03
1.421940000000000009e-02,5.625000000000001527e-03
1.422719999999999888e-02,5.937500000000001804e-03
1.423499999999999939e-02,5.937500000000001804e-03
1.424279999999999990e-02,6.562500000000002359e-03
1.425060000000000042e-02,6.875000000000002637e-03
1.425839999999999920e-02,7.187500000000002914e-03
1.426619999999999971e-02,7.500000000000003192e-03
1.427400000000000023e-02,8.125000000000003747e-03
1.428179999999999901e-02,8.437500000000004025e-03
1.428959999999999952e-02,8.437500000000004025e-03
1.429740000000000004e-02,8.750000000000004302e-03
1.430520000000000055e-02,8.750000000000004302e-03
1.431299999999999933e-02,8.437500000000004025e-03
1.432079999999999985e-02,8.437500000000004025e-03
1.432860000000000036e-02,8.125000000000003747e-03
1.433639999999999914e-02,7.812500000000003469e-03
1.434419999999999966e-02,7.500000000000003192e-03
1.435200000000000017e-02,7.187500000000002914e-03
1.435979999999999895e-02,7.500000000000003192e-03
1.436759999999999947e-02,6.875000000000002637e-03
1.437539999999999998e-02,6.875000000000002637e-03
1.438320000000000050e-02,6.562500000000002359e-03
1.439099999999999928e-02,6.562500000000002359e-03
1.439879999999999979e-02,6.562500000000002359e-03
1.440660000000000031e-02,6.250000000000002082e-03
1.441439999999999909e-02,6.250000000000002082e-03
1.442219999999999960e-02,5.937500000000001804e-03
1.443000000000000012e-02,5.937500000000001804e-03
1.443779999999999890e-02,5.625000000000001527e-03
1.444559999999999941e-02,5.625000000000001527e-03
1.445339999999999993e-02,5.625000000000001527e-03
1.446120000000000044e-02,5.625000000000001527e-03
1.446899999999999922e-02,5.312500000000001249e-03
1.447679999999999974e-02,5.312500000000001249e-03
1.448460000000000025e-02,5.312500000000001249e-03
1.449239999999999903e-02,5.625000000000001527e-03
1.450019999999999955e-02,5.625000000000001527e-03
1.450800000000000006e-02,5.312500000000001249e-03
1.451580000000000058e-02,5.312500000000001249e-03
1.452359999999999936e-02,5.312500000000001249e-03
1.453139999999999987e-02,5.312500000000001249e-03
1.453920000000000039e-02,5.000000000000004441e-03
1.454699999999999917e-02,5.312500000000001249e-03
1.455479999999999968e-02,5.000000000000004441e-03
1.456260000000000020e-02,4.687500000000004163e-03
1.457039999999999898e-02,5.000000000000004441e-03
1.457819999999999949e-02,5.000000000000004441e-03
1.458600000000000001e-02,5.000000000000004441e-03
1.459380000000000052e-02,5.312500000000001249e-03
1.460159999999999930e-02,5.000000000000004441e-03
1.460939999999999982e-02,5.000000000000004441e-03
1.461720000000000033e-02,5.000000000000004441e-03
1.462499999999999911e-02,4.687500000000004163e-03
1.463279999999999963e-02,5.000000000000004441e-03
1.464060000000000014e-02,4.687500000000004163e-03
1.464839999999999892e-02,4.375000000000003886e-03
1.465619999999999944e-02,4.687500000000004163e-03
1.466399999999999995e-02,4.375000000000003886e-03
1.467180000000000047e-02,4.687500000000004163e-03
1.467959999999999925e-02,4.375000000000003886e-03
1.468739999999999976e-02,4.375000000000003886e-03
1.469520000000000028e-02,4.062500000000003608e-03
1.470299999999999906e-02,4.062500000000003608e-03
1.471079999999999957e-02,4.062500000000003608e-03
1.471860000000000009e-02,4.062500000000003608e-03
1.472640000000000060e-02,4.062500000000003608e-03
1.473419999999999938e-02,4.062500000000003608e-03
1.474199999999999990e-02,3.750000000000003331e-03
1.474980000000000041e-02,4.062500000000003608e-03
1.475759999999999919e-02,4.375000000000003886e-03
1.476539999999999971e-02,4.687500000000004163e-03
1.477320000000000022e-02,4.687500000000004163e-03
1.478099999999999900e-02,5.312500000000001249e-03
1.478879999999999952e-02,5.625000000000001527e-03
1.479660000000000003e-02,5.937500000000001804e-03
1.480440000000000055e-02,6.562500000000002359e-03
1.481219999999999933e-02,6.562500000000002359e-03
1.481999999999999984e-02,6.250000000000002082e-03
1.482780000000000035e-02,6.875000000000002637e-03
1.483559999999999914e-02,6.562500000000002359e-03
1.484339999999999965e-02,6.250000000000002082e-03
1.485120000000000016e-02,5.937500000000001804e-03
1.485899999999999894e-02,5.937500000000001804e-03
1.486679999999999946e-02,5.937500000000001804e-03
1.487459999999999997e-02,5.625000000000001527e-03
1.488240000000000049e-02,5.625000000000001527e-03
1.489019999999999927e-02,5.625000000000001527e-03
1.489799999999999978e-02,5.000000000000004441e-03
1.490580000000000030e-02,5.000000000000004441e-03
1.491359999999999908e-02,5.312500000000001249e-03
1.492139999999999959e-02,5.000000000000004441e-03
1.492920000000000011e-02,4.687500000000004163e-03
1.493699999999999889e-02,5.000000000000004441e-03
1.494479999999999940e-02,4.687500000000004163e-03
1.495259999999999992e-02,4.375000000000003886e-03
1.496040000000000043e-02,4.375000000000003886e-03
1.496819999999999921e-02,4.687500000000004163e-03
1.497599999999999973e-02,4.687500000000004163e-03
1.498380000000000024e-02,5.000000000000004441e-03
1.499159999999999902e-02,4.687500000000004163e-03
1.499939999999999954e-02,5.000000000000004441e-03
1.500720000000000005e-02,4.687500000000004163e-03
1.501500000000000057e-02,4.687500000000004163e-03
1.502279999999999935e-02,4.687500000000004163e-03
1.503059999999999986e-02,4.687500000000004163e-03
1.503840000000000038e-02,4.375000000000003886e-03
1.504619999999999916e-02,4.687500000000004163e-03
1.505399999999999967e-02,4.687500000000004163e-03
1.506180000000000019e-02,4.687500000000004163e-03
1.506959999999999897e-02,5.000000000000004441e-03
1.507739999999999948e-02,5.312500000000001249e-03
1.508520000000000000e-02,5.937500000000001804e-03
1.509300000000000051e-02,6.562500000000002359e-03
1.510079999999999929e-02,6.875000000000002637e-03
1.510859999999999981e-02,7.187500000000002914e-03
1.511640000000000032e-02,7.812500000000003469e-03
1.512419999999999910e-02,8.125000000000003747e-03
1.513199999999999962e-02,8.437500000000004025e-03
1.513980000000000013e-02,8.437500000000004025e-03
1.514759999999999891e-02,8.125000000000003747e-03
1.515539999999999943e-02,7.812500000000003469e-03
1.516319999999999994e-02,7.812500000000003469e-03
1.517100000000000046e-02,7.812500000000003469e-03
1.517879999999999924e-02,7.187500000000002914e-03
1.518659999999999975e-02,6.562500000000002359e-03
1.519440000000000027e-02,6.875000000000002637e-03
1.520219999999999905e-02,6.250000000000002082e-03
1.520999999999999956e-02,6.250000000000002082e-03
1.521780000000000008e-02,6.562500000000002359e-03
1.522559999999999886e-02,5.937500000000001804e-03
1.523339999999999937e-02,5.937500000000001804e-03
1.524119999999999989e-02,5.625000000000001527e-03
1.524900000000000040e-02,5.625000000000001527e-03
1.525679999999999918e-02,5.312500000000001249e-03
1.526459999999999970e-02,5.625000000000001527e-03
1.527240000000000021e-02,5.625000000000001527e-03
1.528019999999999899e-02,5.937500000000001804e-03
1.528799999999999951e-02,6.250000000000002082e-03
1.529580000000000002e-02,6.250000000000002082e-03
1.530360000000000054e-02,6.562500000000002359e-03
1.531139999999999932e-02,6.875000000000002637e-03
1.531919999999999983e-02,6.562500000000002359e-03
1.532700000000000035e-02,6.562500000000002359e-03
1.533479999999999913e-02,6.562500000000002359e-03
1.534259999999999964e-02,6.562500000000002359e-03
1.535040000000000016e-02,6.562500000000002359e-03
1.535819999999999894e-02,6.875000000000002637e-03
1.536599999999999945e-02,7.187500000000002914e-03
1.537379999999999997e-02,7.812500000000003469e-03
1.538160000000000048e-02,8.125000000000003747e-03
1.538939999999999926e-02,8.750000000000004302e-03
1.539719999999999978e-02,9.687500000000001665e-03
1.540500000000000029e-02,1.000000000000000194e-02
1.541279999999999907e-02,1.062500000000000250e-02
1.542059999999999959e-02,1.156250000000000333e-02
1.542840000000000010e-02,1.218750000000000389e-02
1.543619999999999888e-02,1.281250000000000444e-02
1.544399999999999940e-02,1.343750000000000153e-02
1.545179999999999991e-02,1.343750000000000153e-02
1.545960000000000042e-02,1.312500000000000125e-02
1.546739999999999920e-02,1.312500000000000125e-02
1.547519999999999972e-02,1.281250000000000444e-02
1.548300000000000023e-02,1.250000000000000416e-02
1.549079999999999901e-02,1.218750000000000389e-02
1.549859999999999953e-02,1.156250000000000333e-02
1.550640000000000004e-02,1.093750000000000278e-02
1.551420000000000056e-02,1.062500000000000250e-02
1.552199999999999934e-02,1.000000000000000194e-02
1.552979999999999985e-02,9.687500000000001665e-03
1.553760000000000037e-02,9.687500000000001665e-03
1.554539999999999915e-02,9.062500000000001110e-03
1.555319999999999966e-02,8.750000000000004302e-03
1.556100000000000018e-02,8.437500000000004025e-03
1.556879999999999896e-02,8.437500000000004025e-03
1.557659999999999947e-02,8.750000000000004302e-03
1.558439999999999999e-02,8.750000000000004302e-03
1.559220000000000050e-02,9.062500000000001110e-03
