PURE SILICA, ELECTRODE=TUNGSTEN, TIME=35, POLING_VOLTAGE=3700, WAVELENGTH=1.55e-06, EFFECTIVE_DISTANCE=3.1e-05, POLED_LENGTH=0.3, CORE_INDEX=1.45, POLE=MAX, AC_VOLTAGE=237.5, AC_FREQUENCY=240, PIEZO_FREQUENCY=4.8
Time(s),Voltage(V)
-1.000000000000000021e-03,3.625000000000000444e-02
-8.949999999999999623e-04,3.531250000000000361e-02
-7.900000000000000121e-04,3.437500000000000278e-02
-6.850000000000000620e-04,3.375000000000000222e-02
-5.800000000000000034e-04,3.343750000000000194e-02
-4.749999999999999448e-04,3.343750000000000194e-02
-3.699999999999999947e-04,3.375000000000000222e-02
-2.650000000000000445e-04,3.406250000000000250e-02
-1.599999999999999860e-04,3.468750000000000305e-02
-5.499999999999992742e-05,2.812500000000000416e-02
5.000000000000013115e-05,2.937500000000000527e-02
1.549999999999999729e-04,3.156250000000000028e-02
2.600000000000000314e-04,3.312500000000000167e-02
3.650000000000000900e-04,3.406250000000000250e-02
4.699999999999999317e-04,3.187500000000000056e-02
5.749999999999999903e-04,3.500000000000000333e-02
6.800000000000000488e-04,3.500000000000000333e-02
7.850000000000001074e-04,3.656250000000000472e-02
8.900000000000001660e-04,3.781250000000000583e-02
9.950000000000002245e-04,3.781250000000000583e-02
1.100000000000000283e-03,4.156250000000000222e-02
1.204999999999999908e-03,4.218750000000000278e-02
1.309999999999999967e-03,4.375000000000000416e-02
1.415000000000000025e-03,4.437500000000000472e-02
1.520000000000000084e-03,4.500000000000000527e-02
1.625000000000000142e-03,4.500000000000000527e-02
1.730000000000000201e-03,4.500000000000000527e-02
1.835000000000000259e-03,4.437500000000000472e-02
1.939999999999999884e-03,4.406250000000000444e-02
2.044999999999999943e-03,4.406250000000000444e-02
2.150000000000000001e-03,4.343750000000000389e-02
2.255000000000000060e-03,4.250000000000000305e-02
2.360000000000000119e-03,4.031250000000000111e-02
2.465000000000000177e-03,4.000000000000000083e-02
2.570000000000000236e-03,4.062500000000000139e-02
2.675000000000000294e-03,3.968750000000000056e-02
2.780000000000000353e-03,3.843750000000000638e-02
2.884999999999999978e-03,3.593750000000000416e-02
2.990000000000000470e-03,3.281250000000000139e-02
3.095000000000000528e-03,3.187500000000000056e-02
3.200000000000000587e-03,2.843750000000000444e-02
3.304999999999999778e-03,2.593750000000000222e-02
3.409999999999999837e-03,2.375000000000000375e-02
3.514999999999999895e-03,2.187500000000000555e-02
3.619999999999999954e-03,2.156250000000000527e-02
3.725000000000000012e-03,2.093750000000000472e-02
3.830000000000000071e-03,2.031250000000000416e-02
3.935000000000000130e-03,2.250000000000000264e-02
4.040000000000000188e-03,2.406250000000000056e-02
4.145000000000000247e-03,2.437500000000000083e-02
4.250000000000000305e-03,2.593750000000000222e-02
4.355000000000000364e-03,2.687500000000000305e-02
4.460000000000000422e-03,3.187500000000000056e-02
4.565000000000000481e-03,3.468750000000000305e-02
4.670000000000000540e-03,3.562500000000000389e-02
4.775000000000000598e-03,3.718750000000000527e-02
4.879999999999999789e-03,3.750000000000000555e-02
4.984999999999999848e-03,3.781250000000000583e-02
5.089999999999999906e-03,3.937500000000000722e-02
5.194999999999999965e-03,3.968750000000000056e-02
5.300000000000000024e-03,4.125000000000000194e-02
5.405000000000000082e-03,4.187500000000000250e-02
5.510000000000000141e-03,4.437500000000000472e-02
5.615000000000000199e-03,4.437500000000000472e-02
5.720000000000000258e-03,4.500000000000000527e-02
5.825000000000000316e-03,4.562500000000000583e-02
5.930000000000000375e-03,4.593750000000000611e-02
6.035000000000000434e-03,4.593750000000000611e-02
6.140000000000000492e-03,4.624999999999999944e-02
6.245000000000000551e-03,4.531250000000000555e-02
6.350000000000000609e-03,4.531250000000000555e-02
6.455000000000000668e-03,4.406250000000000444e-02
6.560000000000000726e-03,4.281250000000000333e-02
6.664999999999999918e-03,4.093750000000000167e-02
6.769999999999999976e-03,3.750000000000000555e-02
6.875000000000000035e-03,3.625000000000000444e-02
6.980000000000000961e-03,3.406250000000000250e-02
7.085000000000000152e-03,3.281250000000000139e-02
7.190000000000001078e-03,3.093750000000000319e-02
7.295000000000000269e-03,3.093750000000000319e-02
7.400000000000001195e-03,3.031250000000000264e-02
7.505000000000000386e-03,2.968750000000000208e-02
7.609999999999999577e-03,2.875000000000000472e-02
7.715000000000000503e-03,2.812500000000000416e-02
7.820000000000000562e-03,2.750000000000000361e-02
7.925000000000001488e-03,2.656250000000000278e-02
8.029999999999998944e-03,2.593750000000000222e-02
8.134999999999999870e-03,2.531250000000000167e-02
8.240000000000000796e-03,2.437500000000000083e-02
8.345000000000001722e-03,2.531250000000000167e-02
8.449999999999999178e-03,2.656250000000000278e-02
8.555000000000000104e-03,2.812500000000000416e-02
8.660000000000001030e-03,2.937500000000000527e-02
8.765000000000001956e-03,3.031250000000000264e-02
8.869999999999999413e-03,3.343750000000000194e-02
8.975000000000000339e-03,3.656250000000000472e-02
9.080000000000001265e-03,3.875000000000000666e-02
9.184999999999998721e-03,4.062500000000000139e-02
9.289999999999999647e-03,4.187500000000000250e-02
9.395000000000000573e-03,4.343750000000000389e-02
9.500000000000001499e-03,4.437500000000000472e-02
9.604999999999998955e-03,4.406250000000000444e-02
9.709999999999999881e-03,4.437500000000000472e-02
9.815000000000000807e-03,4.500000000000000527e-02
9.920000000000001733e-03,4.500000000000000527e-02
1.002499999999999919e-02,4.468750000000000500e-02
1.013000000000000012e-02,4.437500000000000472e-02
1.023500000000000104e-02,4.375000000000000416e-02
1.034000000000000197e-02,4.375000000000000416e-02
1.044499999999999942e-02,4.343750000000000389e-02
1.055000000000000035e-02,4.312500000000000361e-02
1.065500000000000128e-02,4.281250000000000333e-02
1.075999999999999873e-02,4.218750000000000278e-02
1.086499999999999966e-02,4.000000000000000083e-02
1.097000000000000058e-02,3.781250000000000583e-02
1.107500000000000151e-02,3.562500000000000389e-02
1.117999999999999897e-02,3.500000000000000333e-02
1.128499999999999989e-02,3.093750000000000319e-02
1.139000000000000082e-02,3.031250000000000264e-02
1.149500000000000174e-02,2.687500000000000305e-02
1.159999999999999920e-02,2.312500000000000319e-02
1.170500000000000013e-02,2.281250000000000291e-02
1.181000000000000105e-02,2.156250000000000527e-02
1.191500000000000198e-02,2.093750000000000472e-02
1.201999999999999943e-02,2.000000000000000389e-02
1.212500000000000036e-02,2.000000000000000389e-02
1.223000000000000129e-02,2.062500000000000444e-02
1.233500000000000221e-02,2.187500000000000555e-02
1.243999999999999967e-02,2.187500000000000555e-02
1.254500000000000060e-02,2.312500000000000319e-02
1.265000000000000152e-02,2.375000000000000375e-02
1.275499999999999898e-02,2.500000000000000139e-02
1.285999999999999990e-02,2.656250000000000278e-02
1.296500000000000083e-02,2.750000000000000361e-02
1.307000000000000176e-02,2.937500000000000527e-02
1.317499999999999921e-02,3.218750000000000083e-02
1.328000000000000014e-02,3.218750000000000083e-02
1.338500000000000106e-02,3.437500000000000278e-02
1.349000000000000199e-02,3.750000000000000555e-02
1.359499999999999945e-02,3.812500000000000611e-02
1.370000000000000037e-02,4.031250000000000111e-02
1.380500000000000130e-02,4.187500000000000250e-02
1.391000000000000222e-02,4.218750000000000278e-02
1.401499999999999968e-02,4.281250000000000333e-02
1.412000000000000061e-02,4.343750000000000389e-02
1.422500000000000153e-02,4.312500000000000361e-02
1.432999999999999899e-02,4.312500000000000361e-02
1.443499999999999991e-02,4.281250000000000333e-02
1.454000000000000084e-02,4.281250000000000333e-02
1.464499999999999830e-02,4.187500000000000250e-02
1.474999999999999922e-02,4.187500000000000250e-02
1.485500000000000015e-02,4.125000000000000194e-02
1.496000000000000107e-02,4.062500000000000139e-02
1.506499999999999853e-02,3.937500000000000722e-02
1.516999999999999946e-02,3.906250000000000000e-02
1.527500000000000038e-02,3.656250000000000472e-02
1.538000000000000131e-02,3.593750000000000416e-02
1.548499999999999877e-02,3.312500000000000167e-02
1.558999999999999969e-02,3.062500000000000291e-02
1.569500000000000062e-02,2.906250000000000500e-02
1.580000000000000154e-02,2.718750000000000333e-02
1.590499999999999900e-02,2.625000000000000250e-02
1.600999999999999993e-02,2.500000000000000139e-02
1.611500000000000085e-02,2.468750000000000111e-02
1.621999999999999831e-02,2.500000000000000139e-02
1.632499999999999923e-02,2.625000000000000250e-02
1.643000000000000016e-02,2.718750000000000333e-02
1.653500000000000109e-02,2.968750000000000208e-02
1.663999999999999854e-02,3.125000000000000000e-02
1.674499999999999947e-02,3.218750000000000083e-02
1.685000000000000039e-02,3.250000000000000111e-02
1.695500000000000132e-02,3.406250000000000250e-02
1.705999999999999878e-02,3.562500000000000389e-02
1.716499999999999970e-02,3.625000000000000444e-02
1.727000000000000063e-02,3.843750000000000638e-02
1.737500000000000155e-02,3.968750000000000056e-02
1.747999999999999901e-02,4.062500000000000139e-02
1.758499999999999994e-02,4.281250000000000333e-02
1.769000000000000086e-02,4.343750000000000389e-02
1.779499999999999832e-02,4.468750000000000500e-02
1.789999999999999925e-02,4.562500000000000583e-02
1.800500000000000017e-02,4.593750000000000611e-02
1.811000000000000110e-02,4.593750000000000611e-02
1.821499999999999855e-02,4.562500000000000583e-02
1.831999999999999948e-02,4.562500000000000583e-02
1.842500000000000041e-02,4.531250000000000555e-02
1.853000000000000133e-02,4.531250000000000555e-02
1.863499999999999879e-02,4.562500000000000583e-02
1.873999999999999971e-02,4.624999999999999944e-02
1.884500000000000064e-02,4.624999999999999944e-02
1.895000000000000157e-02,4.656250000000000666e-02
1.905499999999999902e-02,4.624999999999999944e-02
1.915999999999999995e-02,4.656250000000000666e-02
1.926500000000000087e-02,4.656250000000000666e-02
1.936999999999999833e-02,4.624999999999999944e-02
1.947499999999999926e-02,4.656250000000000666e-02
1.958000000000000018e-02,4.624999999999999944e-02
1.968500000000000111e-02,4.562500000000000583e-02
1.978999999999999856e-02,4.593750000000000611e-02
1.989499999999999949e-02,4.468750000000000500e-02
2.000000000000000042e-02,4.437500000000000472e-02
2.010500000000000134e-02,4.312500000000000361e-02
2.020999999999999880e-02,4.218750000000000278e-02
2.031499999999999972e-02,4.125000000000000194e-02
2.042000000000000065e-02,4.031250000000000111e-02
2.052500000000000158e-02,4.000000000000000083e-02
2.062999999999999903e-02,4.062500000000000139e-02
2.073499999999999996e-02,4.156250000000000222e-02
2.084000000000000088e-02,4.250000000000000305e-02
2.094499999999999834e-02,4.343750000000000389e-02
2.104999999999999927e-02,4.500000000000000527e-02
2.115500000000000019e-02,4.562500000000000583e-02
2.126000000000000112e-02,4.624999999999999944e-02
2.136499999999999858e-02,4.624999999999999944e-02
2.146999999999999950e-02,4.562500000000000583e-02
2.157500000000000043e-02,4.562500000000000583e-02
2.168000000000000135e-02,4.531250000000000555e-02
2.178499999999999881e-02,4.468750000000000500e-02
2.188999999999999974e-02,4.437500000000000472e-02
2.199500000000000066e-02,4.343750000000000389e-02
2.210000000000000159e-02,4.218750000000000278e-02
2.220499999999999904e-02,4.093750000000000167e-02
2.230999999999999997e-02,4.000000000000000083e-02
2.241500000000000090e-02,3.687500000000000500e-02
2.251999999999999835e-02,3.531250000000000361e-02
2.262499999999999928e-02,3.312500000000000167e-02
2.273000000000000020e-02,3.125000000000000000e-02
2.283500000000000113e-02,3.031250000000000264e-02
2.293999999999999859e-02,3.093750000000000319e-02
2.304499999999999951e-02,3.187500000000000056e-02
2.315000000000000044e-02,3.406250000000000250e-02
2.325500000000000136e-02,3.687500000000000500e-02
2.335999999999999882e-02,4.000000000000000083e-02
2.346499999999999975e-02,4.218750000000000278e-02
2.357000000000000067e-02,4.281250000000000333e-02
2.367500000000000160e-02,4.437500000000000472e-02
2.377999999999999906e-02,4.500000000000000527e-02
2.388499999999999998e-02,4.593750000000000611e-02
2.399000000000000091e-02,4.593750000000000611e-02
2.409500000000000183e-02,4.624999999999999944e-02
2.419999999999999929e-02,4.624999999999999944e-02
2.430500000000000022e-02,4.656250000000000666e-02
2.441000000000000114e-02,4.656250000000000666e-02
2.451499999999999860e-02,4.687500000000000000e-02
2.461999999999999952e-02,4.656250000000000666e-02
2.472500000000000045e-02,4.656250000000000666e-02
2.483000000000000138e-02,4.656250000000000666e-02
2.493499999999999883e-02,4.656250000000000666e-02
2.503999999999999976e-02,4.656250000000000666e-02
2.514500000000000068e-02,4.624999999999999944e-02
2.525000000000000161e-02,4.624999999999999944e-02
2.535499999999999907e-02,4.624999999999999944e-02
2.545999999999999999e-02,4.593750000000000611e-02
2.556500000000000092e-02,4.437500000000000472e-02
2.567000000000000184e-02,4.187500000000000250e-02
2.577499999999999930e-02,4.156250000000000222e-02
2.588000000000000023e-02,3.875000000000000666e-02
2.598500000000000115e-02,3.687500000000000500e-02
2.608999999999999861e-02,3.468750000000000305e-02
2.619499999999999953e-02,3.375000000000000222e-02
2.630000000000000046e-02,3.281250000000000139e-02
2.640500000000000139e-02,3.312500000000000167e-02
2.650999999999999884e-02,3.312500000000000167e-02
2.661499999999999977e-02,3.375000000000000222e-02
2.672000000000000069e-02,3.406250000000000250e-02
2.682500000000000162e-02,3.375000000000000222e-02
2.692999999999999908e-02,3.437500000000000278e-02
2.703500000000000000e-02,3.406250000000000250e-02
2.714000000000000093e-02,3.406250000000000250e-02
2.724500000000000186e-02,3.375000000000000222e-02
2.734999999999999931e-02,3.375000000000000222e-02
2.745500000000000024e-02,3.468750000000000305e-02
2.756000000000000116e-02,3.593750000000000416e-02
2.766499999999999862e-02,3.687500000000000500e-02
2.776999999999999955e-02,3.968750000000000056e-02
2.787500000000000047e-02,4.187500000000000250e-02
2.798000000000000140e-02,4.343750000000000389e-02
2.808499999999999885e-02,4.437500000000000472e-02
2.818999999999999978e-02,4.531250000000000555e-02
2.829500000000000071e-02,4.624999999999999944e-02
2.840000000000000163e-02,4.624999999999999944e-02
2.850499999999999909e-02,4.656250000000000666e-02
2.861000000000000001e-02,4.656250000000000666e-02
2.871500000000000094e-02,4.656250000000000666e-02
2.882000000000000187e-02,4.656250000000000666e-02
2.892499999999999932e-02,4.624999999999999944e-02
2.903000000000000025e-02,4.656250000000000666e-02
2.913500000000000117e-02,4.593750000000000611e-02
2.924000000000000210e-02,4.531250000000000555e-02
2.934499999999999956e-02,4.468750000000000500e-02
2.945000000000000048e-02,4.437500000000000472e-02
2.955500000000000141e-02,4.375000000000000416e-02
2.965999999999999887e-02,4.281250000000000333e-02
2.976499999999999979e-02,4.156250000000000222e-02
2.987000000000000072e-02,4.125000000000000194e-02
2.997500000000000164e-02,4.031250000000000111e-02
3.007999999999999910e-02,3.968750000000000056e-02
3.018500000000000003e-02,3.781250000000000583e-02
3.028999999999999748e-02,3.625000000000000444e-02
3.039499999999999841e-02,3.437500000000000278e-02
3.049999999999999933e-02,3.000000000000000236e-02
3.060500000000000026e-02,2.781250000000000389e-02
3.071000000000000119e-02,2.750000000000000361e-02
3.081500000000000211e-02,2.562500000000000194e-02
3.092000000000000304e-02,2.531250000000000167e-02
3.102499999999999702e-02,2.500000000000000139e-02
3.112999999999999795e-02,2.593750000000000222e-02
3.123499999999999888e-02,2.718750000000000333e-02
3.133999999999999980e-02,2.968750000000000208e-02
3.144500000000000073e-02,3.062500000000000291e-02
3.155000000000000165e-02,3.343750000000000194e-02
3.165500000000000258e-02,3.468750000000000305e-02
3.176000000000000351e-02,3.656250000000000472e-02
3.186499999999999749e-02,3.875000000000000666e-02
3.196999999999999842e-02,3.906250000000000000e-02
3.207499999999999934e-02,4.062500000000000139e-02
3.218000000000000027e-02,4.187500000000000250e-02
3.228500000000000120e-02,4.218750000000000278e-02
3.239000000000000212e-02,4.343750000000000389e-02
3.249500000000000305e-02,4.437500000000000472e-02
3.260000000000000397e-02,4.437500000000000472e-02
3.270499999999999796e-02,4.562500000000000583e-02
3.280999999999999889e-02,4.562500000000000583e-02
3.291499999999999981e-02,4.562500000000000583e-02
3.302000000000000074e-02,4.593750000000000611e-02
3.312500000000000167e-02,4.562500000000000583e-02
3.323000000000000259e-02,4.562500000000000583e-02
3.333500000000000352e-02,4.531250000000000555e-02
3.343999999999999750e-02,4.468750000000000500e-02
3.354499999999999843e-02,4.375000000000000416e-02
3.364999999999999936e-02,4.187500000000000250e-02
3.375500000000000028e-02,4.062500000000000139e-02
3.386000000000000121e-02,3.843750000000000638e-02
3.396500000000000213e-02,3.593750000000000416e-02
3.407000000000000306e-02,3.593750000000000416e-02
3.417500000000000399e-02,3.250000000000000111e-02
3.427999999999999797e-02,3.031250000000000264e-02
3.438499999999999890e-02,2.937500000000000527e-02
3.448999999999999982e-02,2.812500000000000416e-02
3.459500000000000075e-02,2.656250000000000278e-02
3.470000000000000168e-02,2.562500000000000194e-02
3.480500000000000260e-02,2.500000000000000139e-02
3.491000000000000353e-02,2.406250000000000056e-02
3.501499999999999752e-02,2.312500000000000319e-02
3.511999999999999844e-02,2.187500000000000555e-02
3.522499999999999937e-02,2.062500000000000444e-02
3.533000000000000029e-02,2.062500000000000444e-02
3.543500000000000122e-02,2.093750000000000472e-02
3.554000000000000214e-02,2.250000000000000264e-02
3.564500000000000307e-02,2.406250000000000056e-02
3.575000000000000400e-02,2.500000000000000139e-02
3.585499999999999798e-02,2.906250000000000500e-02
3.595999999999999891e-02,3.156250000000000028e-02
3.606499999999999984e-02,3.468750000000000305e-02
3.617000000000000076e-02,3.625000000000000444e-02
3.627500000000000169e-02,3.750000000000000555e-02
3.638000000000000261e-02,3.906250000000000000e-02
3.648500000000000354e-02,4.031250000000000111e-02
3.658999999999999753e-02,4.156250000000000222e-02
3.669499999999999845e-02,4.187500000000000250e-02
3.679999999999999938e-02,4.187500000000000250e-02
3.690500000000000030e-02,4.250000000000000305e-02
3.701000000000000123e-02,4.312500000000000361e-02
3.711500000000000216e-02,4.281250000000000333e-02
3.722000000000000308e-02,4.281250000000000333e-02
3.732500000000000401e-02,4.281250000000000333e-02
3.742999999999999799e-02,4.281250000000000333e-02
3.753499999999999892e-02,4.187500000000000250e-02
3.763999999999999985e-02,4.156250000000000222e-02
3.774500000000000077e-02,4.093750000000000167e-02
3.785000000000000170e-02,3.781250000000000583e-02
3.795500000000000262e-02,3.687500000000000500e-02
3.806000000000000355e-02,3.468750000000000305e-02
3.816499999999999754e-02,2.906250000000000500e-02
3.826999999999999846e-02,2.531250000000000167e-02
3.837499999999999939e-02,2.125000000000000500e-02
3.848000000000000032e-02,2.000000000000000389e-02
3.858500000000000124e-02,1.625000000000000402e-02
3.869000000000000217e-02,1.343750000000000153e-02
3.879500000000000309e-02,1.062500000000000250e-02
3.890000000000000402e-02,9.687500000000001665e-03
3.900499999999999801e-02,9.062500000000001110e-03
3.910999999999999893e-02,8.437500000000004025e-03
3.921499999999999986e-02,9.062500000000001110e-03
3.932000000000000078e-02,9.062500000000001110e-03
3.942500000000000171e-02,9.687500000000001665e-03
3.953000000000000264e-02,9.687500000000001665e-03
3.963500000000000356e-02,9.687500000000001665e-03
3.973999999999999755e-02,9.687500000000001665e-03
3.984499999999999847e-02,9.375000000000001388e-03
3.994999999999999940e-02,1.000000000000000194e-02
4.005500000000000033e-02,1.062500000000000250e-02
4.016000000000000125e-02,1.187500000000000361e-02
4.026500000000000218e-02,1.375000000000000180e-02
4.037000000000000310e-02,1.562500000000000347e-02
4.047500000000000403e-02,2.000000000000000389e-02
4.057999999999999802e-02,2.218750000000000236e-02
4.068499999999999894e-02,2.312500000000000319e-02
4.078999999999999987e-02,2.562500000000000194e-02
4.089500000000000079e-02,2.906250000000000500e-02
4.100000000000000172e-02,2.937500000000000527e-02
4.110500000000000265e-02,3.031250000000000264e-02
4.121000000000000357e-02,3.031250000000000264e-02
4.131499999999999756e-02,2.875000000000000472e-02
4.141999999999999849e-02,2.625000000000000250e-02
4.152499999999999941e-02,2.531250000000000167e-02
4.163000000000000034e-02,2.093750000000000472e-02
4.173500000000000126e-02,1.875000000000000278e-02
4.184000000000000219e-02,1.468750000000000264e-02
4.194500000000000312e-02,1.375000000000000180e-02
4.205000000000000404e-02,1.218750000000000389e-02
4.215499999999999803e-02,1.062500000000000250e-02
4.225999999999999895e-02,9.375000000000001388e-03
4.236499999999999988e-02,7.500000000000003192e-03
4.247000000000000081e-02,6.250000000000002082e-03
4.257500000000000173e-02,5.937500000000001804e-03
4.268000000000000266e-02,4.687500000000004163e-03
4.278500000000000358e-02,3.750000000000003331e-03
4.288999999999999757e-02,2.500000000000002220e-03
4.299499999999999850e-02,2.187500000000001943e-03
4.309999999999999942e-02,2.187500000000001943e-03
4.320500000000000035e-02,2.500000000000002220e-03
4.331000000000000127e-02,2.500000000000002220e-03
4.341500000000000220e-02,2.500000000000002220e-03
4.352000000000000313e-02,2.500000000000002220e-03
4.362500000000000405e-02,2.187500000000001943e-03
4.372999999999999804e-02,1.875000000000001665e-03
4.383499999999999897e-02,2.187500000000001943e-03
4.393999999999999989e-02,2.187500000000001943e-03
4.404500000000000082e-02,2.500000000000002220e-03
4.415000000000000174e-02,2.812500000000002498e-03
4.425500000000000267e-02,3.750000000000003331e-03
4.436000000000000359e-02,4.375000000000003886e-03
4.446499999999999758e-02,4.375000000000003886e-03
4.456999999999999851e-02,4.375000000000003886e-03
4.467499999999999943e-02,4.687500000000004163e-03
4.478000000000000036e-02,5.000000000000004441e-03
4.488500000000000129e-02,6.562500000000002359e-03
4.499000000000000221e-02,7.812500000000003469e-03
4.509500000000000314e-02,9.062500000000001110e-03
4.520000000000000406e-02,9.687500000000001665e-03
4.530499999999999805e-02,1.156250000000000333e-02
4.540999999999999898e-02,1.281250000000000444e-02
4.551499999999999990e-02,1.375000000000000180e-02
4.562000000000000083e-02,1.375000000000000180e-02
4.572500000000000175e-02,1.250000000000000416e-02
4.583000000000000268e-02,1.062500000000000250e-02
4.593500000000000361e-02,8.750000000000004302e-03
4.603999999999999759e-02,5.937500000000001804e-03
4.614499999999999852e-02,5.312500000000001249e-03
4.624999999999999944e-02,4.375000000000003886e-03
4.635500000000000037e-02,3.125000000000002776e-03
4.646000000000000130e-02,2.187500000000001943e-03
4.656500000000000222e-02,2.187500000000001943e-03
4.667000000000000315e-02,1.875000000000001665e-03
4.677500000000000407e-02,1.875000000000001665e-03
4.687999999999999806e-02,1.875000000000001665e-03
4.698499999999999899e-02,1.875000000000001665e-03
4.708999999999999991e-02,1.875000000000001665e-03
4.719500000000000084e-02,2.187500000000001943e-03
4.730000000000000177e-02,1.875000000000001665e-03
4.740500000000000269e-02,2.187500000000001943e-03
4.751000000000000362e-02,3.125000000000002776e-03
4.761500000000000454e-02,3.437500000000003053e-03
4.771999999999999853e-02,4.375000000000003886e-03
4.782499999999999946e-02,4.375000000000003886e-03
4.793000000000000038e-02,4.375000000000003886e-03
4.803500000000000131e-02,3.750000000000003331e-03
4.814000000000000223e-02,3.125000000000002776e-03
4.824500000000000316e-02,2.187500000000001943e-03
4.835000000000000409e-02,2.187500000000001943e-03
4.845499999999999807e-02,2.500000000000002220e-03
4.855999999999999900e-02,3.437500000000003053e-03
4.866499999999999992e-02,5.625000000000001527e-03
4.877000000000000085e-02,5.937500000000001804e-03
4.887500000000000178e-02,8.437500000000004025e-03
4.898000000000000270e-02,9.062500000000001110e-03
4.908500000000000363e-02,8.750000000000004302e-03
4.919000000000000455e-02,9.062500000000001110e-03
4.929499999999999854e-02,7.812500000000003469e-03
4.939999999999999947e-02,6.562500000000002359e-03
4.950500000000000039e-02,6.562500000000002359e-03
4.961000000000000132e-02,6.250000000000002082e-03
4.971500000000000224e-02,6.250000000000002082e-03
4.982000000000000317e-02,6.562500000000002359e-03
4.992500000000000410e-02,6.875000000000002637e-03
5.002999999999999808e-02,7.187500000000002914e-03
5.013499999999999901e-02,8.125000000000003747e-03
5.023999999999999994e-02,8.125000000000003747e-03
5.034500000000000086e-02,7.500000000000003192e-03
5.045000000000000179e-02,6.562500000000002359e-03
5.055500000000000271e-02,4.375000000000003886e-03
5.066000000000000364e-02,4.062500000000003608e-03
5.076500000000000457e-02,2.812500000000002498e-03
5.086999999999999855e-02,2.187500000000001943e-03
5.097499999999999948e-02,2.500000000000002220e-03
5.108000000000000040e-02,3.125000000000002776e-03
5.118500000000000133e-02,3.125000000000002776e-03
5.129000000000000226e-02,4.062500000000003608e-03
5.139500000000000318e-02,4.375000000000003886e-03
5.150000000000000411e-02,4.062500000000003608e-03
5.160499999999999809e-02,3.437500000000003053e-03
5.170999999999999902e-02,2.812500000000002498e-03
5.181499999999999995e-02,2.812500000000002498e-03
5.192000000000000087e-02,2.187500000000001943e-03
5.202500000000000180e-02,1.875000000000001665e-03
5.213000000000000272e-02,2.187500000000001943e-03
5.223500000000000365e-02,1.875000000000001665e-03
5.234000000000000458e-02,1.875000000000001665e-03
5.244499999999999856e-02,1.875000000000001665e-03
5.254999999999999949e-02,1.875000000000001665e-03
5.265500000000000042e-02,2.500000000000002220e-03
5.276000000000000134e-02,3.437500000000003053e-03
5.286500000000000227e-02,4.062500000000003608e-03
5.297000000000000319e-02,6.562500000000002359e-03
5.307500000000000412e-02,8.125000000000003747e-03
5.317999999999999811e-02,1.031250000000000222e-02
5.328499999999999903e-02,1.156250000000000333e-02
5.338999999999999996e-02,1.406250000000000208e-02
5.349500000000000088e-02,1.500000000000000291e-02
5.360000000000000181e-02,1.500000000000000291e-02
5.370500000000000274e-02,1.468750000000000264e-02
5.381000000000000366e-02,1.437500000000000236e-02
5.391500000000000459e-02,1.281250000000000444e-02
5.401999999999999857e-02,1.187500000000000361e-02
5.412499999999999950e-02,1.000000000000000194e-02
5.423000000000000043e-02,9.687500000000001665e-03
5.433500000000000135e-02,9.062500000000001110e-03
5.444000000000000228e-02,8.750000000000004302e-03
5.454500000000000320e-02,8.437500000000004025e-03
5.465000000000000413e-02,7.500000000000003192e-03
5.475499999999999812e-02,6.875000000000002637e-03
5.485999999999999904e-02,5.937500000000001804e-03
5.496499999999999997e-02,4.687500000000004163e-03
5.507000000000000089e-02,4.687500000000004163e-03
5.517500000000000182e-02,3.125000000000002776e-03
5.528000000000000275e-02,2.187500000000001943e-03
5.538500000000000367e-02,2.187500000000001943e-03
5.549000000000000460e-02,2.500000000000002220e-03
5.559499999999999859e-02,2.812500000000002498e-03
5.569999999999999951e-02,3.437500000000003053e-03
5.580500000000000044e-02,4.062500000000003608e-03
5.591000000000000136e-02,3.437500000000003053e-03
5.601500000000000229e-02,3.125000000000002776e-03
5.612000000000000322e-02,2.500000000000002220e-03
5.622500000000000414e-02,2.187500000000001943e-03
5.632999999999999813e-02,2.187500000000001943e-03
5.643499999999999905e-02,2.500000000000002220e-03
5.653999999999999998e-02,2.500000000000002220e-03
5.664500000000000091e-02,2.187500000000001943e-03
5.675000000000000183e-02,2.500000000000002220e-03
5.685500000000000276e-02,2.500000000000002220e-03
5.696000000000000368e-02,2.500000000000002220e-03
5.706500000000000461e-02,2.500000000000002220e-03
5.716999999999999860e-02,2.500000000000002220e-03
5.727499999999999952e-02,2.500000000000002220e-03
5.738000000000000045e-02,2.812500000000002498e-03
5.748500000000000137e-02,3.437500000000003053e-03
5.759000000000000230e-02,5.312500000000001249e-03
5.769500000000000323e-02,5.312500000000001249e-03
5.780000000000000415e-02,7.187500000000002914e-03
5.790499999999999814e-02,7.812500000000003469e-03
5.800999999999999907e-02,8.750000000000004302e-03
5.811499999999999999e-02,9.062500000000001110e-03
5.822000000000000092e-02,8.750000000000004302e-03
5.832500000000000184e-02,7.187500000000002914e-03
5.843000000000000277e-02,5.312500000000001249e-03
5.853500000000000369e-02,4.687500000000004163e-03
5.864000000000000462e-02,3.125000000000002776e-03
5.874499999999999861e-02,2.187500000000001943e-03
5.884999999999999953e-02,2.500000000000002220e-03
5.895500000000000046e-02,2.187500000000001943e-03
5.906000000000000139e-02,2.812500000000002498e-03
5.916500000000000231e-02,2.812500000000002498e-03
5.927000000000000324e-02,2.812500000000002498e-03
5.937500000000000416e-02,3.125000000000002776e-03
5.948000000000000509e-02,3.437500000000003053e-03
5.958499999999999908e-02,4.062500000000003608e-03
5.969000000000000000e-02,5.625000000000001527e-03
5.979500000000000093e-02,5.937500000000001804e-03
5.990000000000000185e-02,9.062500000000001110e-03
6.000500000000000278e-02,9.375000000000001388e-03
6.011000000000000371e-02,1.156250000000000333e-02
6.021500000000000463e-02,1.218750000000000389e-02
6.031999999999999862e-02,1.312500000000000125e-02
6.042499999999999954e-02,1.281250000000000444e-02
6.053000000000000047e-02,1.250000000000000416e-02
6.063500000000000140e-02,1.156250000000000333e-02
6.074000000000000232e-02,1.031250000000000222e-02
6.084500000000000325e-02,8.750000000000004302e-03
6.095000000000000417e-02,5.625000000000001527e-03
6.105500000000000510e-02,5.625000000000001527e-03
6.115999999999999909e-02,4.375000000000003886e-03
6.126500000000000001e-02,3.125000000000002776e-03
6.137000000000000094e-02,2.812500000000002498e-03
6.147500000000000187e-02,2.187500000000001943e-03
6.157999999999999585e-02,2.187500000000001943e-03
6.168500000000000372e-02,1.875000000000001665e-03
6.178999999999999770e-02,2.187500000000001943e-03
6.189500000000000557e-02,2.187500000000001943e-03
6.199999999999999956e-02,1.875000000000001665e-03
6.210500000000000742e-02,1.562500000000001388e-03
6.221000000000000141e-02,1.875000000000001665e-03
6.231499999999999539e-02,1.875000000000001665e-03
6.242000000000000326e-02,1.875000000000001665e-03
6.252499999999999725e-02,1.875000000000001665e-03
6.263000000000000511e-02,1.562500000000001388e-03
6.273499999999999910e-02,1.875000000000001665e-03
6.284000000000000696e-02,2.500000000000002220e-03
6.294500000000000095e-02,2.812500000000002498e-03
6.304999999999999494e-02,4.062500000000003608e-03
6.315500000000000280e-02,6.250000000000002082e-03
6.325999999999999679e-02,8.437500000000004025e-03
6.336500000000000465e-02,9.687500000000001665e-03
6.346999999999999864e-02,1.093750000000000278e-02
6.357500000000000651e-02,1.343750000000000153e-02
6.368000000000000049e-02,1.406250000000000208e-02
6.378500000000000836e-02,1.531250000000000319e-02
6.389000000000000234e-02,1.562500000000000347e-02
6.399499999999999633e-02,1.593750000000000375e-02
6.410000000000000420e-02,1.593750000000000375e-02
6.420499999999999818e-02,1.625000000000000402e-02
6.431000000000000605e-02,1.656250000000000430e-02
6.441500000000000004e-02,1.718750000000000139e-02
6.452000000000000790e-02,1.781250000000000194e-02
6.462500000000000189e-02,1.906250000000000305e-02
6.472999999999999587e-02,1.875000000000000278e-02
6.483500000000000374e-02,1.875000000000000278e-02
6.493999999999999773e-02,1.875000000000000278e-02
6.504500000000000559e-02,1.625000000000000402e-02
6.514999999999999958e-02,1.531250000000000319e-02
6.525500000000000744e-02,1.125000000000000305e-02
6.536000000000000143e-02,9.375000000000001388e-03
6.546499999999999542e-02,7.187500000000002914e-03
6.557000000000000328e-02,5.937500000000001804e-03
6.567499999999999727e-02,3.750000000000003331e-03
6.578000000000000513e-02,3.125000000000002776e-03
6.588499999999999912e-02,2.812500000000002498e-03
6.599000000000000699e-02,2.500000000000002220e-03
6.609500000000000097e-02,2.500000000000002220e-03
6.620000000000000884e-02,2.812500000000002498e-03
6.630500000000000282e-02,2.812500000000002498e-03
6.640999999999999681e-02,3.437500000000003053e-03
6.651500000000000468e-02,3.750000000000003331e-03
6.661999999999999866e-02,4.062500000000003608e-03
6.672500000000000653e-02,4.687500000000004163e-03
6.683000000000000052e-02,5.312500000000001249e-03
6.693500000000000838e-02,5.000000000000004441e-03
6.704000000000000237e-02,5.312500000000001249e-03
6.714499999999999635e-02,5.625000000000001527e-03
6.725000000000000422e-02,5.937500000000001804e-03
6.735499999999999821e-02,6.875000000000002637e-03
6.746000000000000607e-02,8.125000000000003747e-03
6.756500000000000006e-02,9.687500000000001665e-03
6.767000000000000792e-02,1.406250000000000208e-02
6.777500000000000191e-02,1.687500000000000458e-02
6.787999999999999590e-02,2.187500000000000555e-02
6.798500000000000376e-02,2.250000000000000264e-02
6.808999999999999775e-02,2.843750000000000444e-02
6.819500000000000561e-02,2.875000000000000472e-02
6.829999999999999960e-02,3.062500000000000291e-02
6.840500000000000747e-02,3.062500000000000291e-02
6.851000000000000145e-02,2.968750000000000208e-02
6.861499999999999544e-02,2.687500000000000305e-02
6.872000000000000330e-02,2.531250000000000167e-02
6.882499999999999729e-02,2.156250000000000527e-02
6.893000000000000516e-02,2.062500000000000444e-02
6.903499999999999914e-02,1.875000000000000278e-02
6.914000000000000701e-02,1.687500000000000458e-02
6.924500000000000099e-02,1.562500000000000347e-02
6.935000000000000886e-02,1.500000000000000291e-02
6.945500000000000285e-02,1.375000000000000180e-02
6.955999999999999683e-02,1.312500000000000125e-02
6.966500000000000470e-02,1.187500000000000361e-02
6.976999999999999869e-02,1.093750000000000278e-02
6.987500000000000655e-02,8.750000000000004302e-03
6.998000000000000054e-02,8.125000000000003747e-03
7.008500000000000840e-02,6.562500000000002359e-03
7.019000000000000239e-02,5.312500000000001249e-03
7.029499999999999638e-02,3.437500000000003053e-03
7.040000000000000424e-02,3.750000000000003331e-03
7.050499999999999823e-02,3.125000000000002776e-03
7.061000000000000609e-02,2.812500000000002498e-03
7.071500000000000008e-02,2.812500000000002498e-03
7.082000000000000794e-02,3.437500000000003053e-03
7.092500000000000193e-02,4.375000000000003886e-03
7.102999999999999592e-02,6.562500000000002359e-03
7.113500000000000378e-02,9.062500000000001110e-03
7.123999999999999777e-02,1.093750000000000278e-02
7.134500000000000564e-02,1.250000000000000416e-02
7.144999999999999962e-02,1.562500000000000347e-02
7.155500000000000749e-02,1.656250000000000430e-02
7.166000000000000147e-02,1.937500000000000333e-02
7.176499999999999546e-02,2.000000000000000389e-02
7.187000000000000333e-02,2.218750000000000236e-02
7.197499999999999731e-02,2.406250000000000056e-02
7.208000000000000518e-02,2.531250000000000167e-02
7.218499999999999917e-02,2.875000000000000472e-02
7.229000000000000703e-02,2.968750000000000208e-02
7.239500000000000102e-02,3.250000000000000111e-02
7.250000000000000888e-02,3.343750000000000194e-02
7.260500000000000287e-02,3.625000000000000444e-02
7.270999999999999686e-02,3.687500000000000500e-02
7.281500000000000472e-02,3.718750000000000527e-02
7.291999999999999871e-02,3.656250000000000472e-02
7.302500000000000657e-02,3.625000000000000444e-02
7.313000000000000056e-02,3.468750000000000305e-02
7.323500000000000842e-02,3.218750000000000083e-02
7.334000000000000241e-02,3.156250000000000028e-02
7.344499999999999640e-02,2.875000000000000472e-02
7.355000000000000426e-02,2.625000000000000250e-02
7.365499999999999825e-02,2.343750000000000347e-02
7.376000000000000612e-02,2.187500000000000555e-02
7.386500000000000010e-02,1.937500000000000333e-02
7.397000000000000797e-02,1.718750000000000139e-02
7.407500000000000195e-02,1.625000000000000402e-02
7.417999999999999594e-02,1.531250000000000319e-02
7.428500000000000381e-02,1.375000000000000180e-02
7.438999999999999779e-02,1.343750000000000153e-02
7.449500000000000566e-02,1.218750000000000389e-02
7.459999999999999964e-02,1.187500000000000361e-02
7.470500000000000751e-02,1.125000000000000305e-02
7.481000000000000150e-02,1.093750000000000278e-02
7.491499999999999548e-02,1.125000000000000305e-02
7.502000000000000335e-02,1.218750000000000389e-02
7.512499999999999734e-02,1.343750000000000153e-02
7.523000000000000520e-02,1.468750000000000264e-02
7.533499999999999919e-02,1.843750000000000250e-02
7.544000000000000705e-02,2.000000000000000389e-02
7.554500000000000104e-02,2.187500000000000555e-02
7.565000000000000890e-02,2.718750000000000333e-02
7.575500000000000289e-02,3.031250000000000264e-02
7.585999999999999688e-02,3.312500000000000167e-02
7.596500000000000474e-02,3.562500000000000389e-02
7.606999999999999873e-02,3.812500000000000611e-02
7.617500000000000659e-02,3.843750000000000638e-02
7.628000000000000058e-02,3.968750000000000056e-02
7.638500000000000845e-02,4.031250000000000111e-02
7.649000000000000243e-02,4.125000000000000194e-02
7.659499999999999642e-02,4.187500000000000250e-02
7.670000000000000429e-02,4.250000000000000305e-02
7.680499999999999827e-02,4.250000000000000305e-02
7.691000000000000614e-02,4.250000000000000305e-02
7.701500000000000012e-02,4.218750000000000278e-02
7.712000000000000799e-02,4.187500000000000250e-02
7.722500000000000198e-02,4.125000000000000194e-02
7.732999999999999596e-02,4.031250000000000111e-02
7.743500000000000383e-02,3.843750000000000638e-02
7.753999999999999782e-02,3.562500000000000389e-02
7.764500000000000568e-02,3.406250000000000250e-02
7.774999999999999967e-02,3.156250000000000028e-02
7.785500000000000753e-02,2.781250000000000389e-02
7.796000000000000152e-02,2.593750000000000222e-02
7.806499999999999551e-02,2.218750000000000236e-02
7.817000000000000337e-02,1.968750000000000361e-02
7.827499999999999736e-02,1.781250000000000194e-02
7.838000000000000522e-02,1.718750000000000139e-02
7.848499999999999921e-02,1.656250000000000430e-02
7.859000000000000707e-02,1.625000000000000402e-02
7.869500000000000106e-02,1.562500000000000347e-02
7.880000000000000893e-02,1.593750000000000375e-02
7.890500000000000291e-02,1.562500000000000347e-02
7.900999999999999690e-02,1.593750000000000375e-02
7.911500000000000477e-02,1.625000000000000402e-02
7.921999999999999875e-02,1.718750000000000139e-02
7.932500000000000662e-02,1.812500000000000222e-02
7.943000000000000060e-02,2.000000000000000389e-02
7.953500000000000847e-02,2.093750000000000472e-02
7.964000000000000246e-02,2.250000000000000264e-02
7.974499999999999644e-02,2.468750000000000111e-02
7.985000000000000431e-02,2.718750000000000333e-02
7.995499999999999829e-02,3.062500000000000291e-02
8.006000000000000616e-02,3.312500000000000167e-02
8.016500000000000015e-02,3.718750000000000527e-02
8.027000000000000801e-02,3.750000000000000555e-02
8.037500000000000200e-02,3.968750000000000056e-02
8.047999999999999599e-02,4.093750000000000167e-02
8.058500000000000385e-02,4.125000000000000194e-02
8.068999999999999784e-02,4.156250000000000222e-02
8.079500000000000570e-02,4.125000000000000194e-02
8.089999999999999969e-02,4.093750000000000167e-02
8.100500000000000755e-02,4.062500000000000139e-02
8.111000000000000154e-02,3.937500000000000722e-02
8.121500000000000941e-02,3.906250000000000000e-02
8.132000000000000339e-02,3.812500000000000611e-02
8.142499999999999738e-02,3.781250000000000583e-02
8.153000000000000524e-02,3.656250000000000472e-02
8.163499999999999923e-02,3.500000000000000333e-02
8.174000000000000710e-02,3.375000000000000222e-02
8.184500000000000108e-02,3.343750000000000194e-02
8.195000000000000895e-02,3.187500000000000056e-02
8.205500000000000294e-02,2.937500000000000527e-02
8.215999999999999692e-02,2.625000000000000250e-02
8.226500000000000479e-02,2.500000000000000139e-02
8.236999999999999877e-02,2.250000000000000264e-02
8.247500000000000664e-02,1.812500000000000222e-02
8.258000000000000063e-02,1.781250000000000194e-02
8.268500000000000849e-02,1.656250000000000430e-02
8.279000000000000248e-02,1.593750000000000375e-02
8.289499999999999647e-02,1.531250000000000319e-02
8.300000000000000433e-02,1.625000000000000402e-02
8.310499999999999832e-02,1.843750000000000250e-02
8.321000000000000618e-02,1.968750000000000361e-02
8.331500000000000017e-02,2.312500000000000319e-02
8.342000000000000803e-02,2.468750000000000111e-02
8.352500000000000202e-02,2.625000000000000250e-02
8.362999999999999601e-02,2.812500000000000416e-02
8.373500000000000387e-02,2.906250000000000500e-02
8.383999999999999786e-02,3.156250000000000028e-02
8.394500000000000572e-02,3.281250000000000139e-02
8.404999999999999971e-02,3.375000000000000222e-02
8.415500000000000758e-02,3.531250000000000361e-02
8.426000000000000156e-02,3.718750000000000527e-02
8.436500000000000943e-02,3.937500000000000722e-02
8.447000000000000342e-02,4.156250000000000222e-02
8.457499999999999740e-02,4.250000000000000305e-02
8.468000000000000527e-02,4.312500000000000361e-02
8.478499999999999925e-02,4.468750000000000500e-02
8.489000000000000712e-02,4.531250000000000555e-02
8.499500000000000111e-02,4.531250000000000555e-02
8.510000000000000897e-02,4.531250000000000555e-02
8.520500000000000296e-02,4.406250000000000444e-02
8.530999999999999694e-02,4.406250000000000444e-02
8.541500000000000481e-02,4.125000000000000194e-02
8.551999999999999880e-02,4.093750000000000167e-02
8.562500000000000666e-02,3.937500000000000722e-02
8.573000000000000065e-02,3.718750000000000527e-02
8.583500000000000851e-02,3.656250000000000472e-02
8.594000000000000250e-02,3.500000000000000333e-02
8.604499999999999649e-02,3.468750000000000305e-02
8.615000000000000435e-02,3.375000000000000222e-02
8.625499999999999834e-02,3.375000000000000222e-02
8.636000000000000620e-02,3.343750000000000194e-02
8.646500000000000019e-02,3.156250000000000028e-02
8.657000000000000806e-02,3.125000000000000000e-02
8.667500000000000204e-02,3.000000000000000236e-02
8.677999999999999603e-02,2.781250000000000389e-02
8.688500000000000389e-02,2.437500000000000083e-02
8.698999999999999788e-02,2.218750000000000236e-02
8.709500000000000575e-02,2.062500000000000444e-02
8.719999999999999973e-02,1.968750000000000361e-02
8.730500000000000760e-02,2.000000000000000389e-02
8.741000000000000159e-02,2.250000000000000264e-02
8.751500000000000945e-02,2.343750000000000347e-02
8.762000000000000344e-02,2.843750000000000444e-02
8.772499999999999742e-02,3.156250000000000028e-02
8.783000000000000529e-02,3.437500000000000278e-02
8.793499999999999928e-02,3.812500000000000611e-02
8.804000000000000714e-02,3.906250000000000000e-02
8.814500000000000113e-02,4.000000000000000083e-02
8.825000000000000899e-02,4.093750000000000167e-02
8.835500000000000298e-02,4.093750000000000167e-02
8.845999999999999697e-02,4.125000000000000194e-02
8.856500000000000483e-02,4.125000000000000194e-02
8.866999999999999882e-02,4.125000000000000194e-02
8.877500000000000668e-02,4.187500000000000250e-02
8.888000000000000067e-02,4.250000000000000305e-02
8.898500000000000854e-02,4.375000000000000416e-02
8.909000000000000252e-02,4.375000000000000416e-02
8.919499999999999651e-02,4.468750000000000500e-02
8.930000000000000437e-02,4.593750000000000611e-02
8.940499999999999836e-02,4.624999999999999944e-02
8.951000000000000623e-02,4.593750000000000611e-02
8.961500000000000021e-02,4.593750000000000611e-02
8.972000000000000808e-02,4.562500000000000583e-02
8.982500000000000207e-02,4.312500000000000361e-02
8.992999999999999605e-02,4.281250000000000333e-02
9.003500000000000392e-02,4.093750000000000167e-02
9.013999999999999790e-02,3.750000000000000555e-02
9.024500000000000577e-02,3.437500000000000278e-02
9.034999999999999976e-02,3.218750000000000083e-02
9.045500000000000762e-02,3.156250000000000028e-02
9.056000000000000161e-02,3.062500000000000291e-02
9.066500000000000947e-02,3.062500000000000291e-02
9.077000000000000346e-02,3.093750000000000319e-02
9.087499999999999745e-02,3.125000000000000000e-02
9.098000000000000531e-02,3.125000000000000000e-02
9.108499999999999930e-02,3.000000000000000236e-02
9.119000000000000716e-02,2.937500000000000527e-02
9.129500000000000115e-02,2.781250000000000389e-02
9.140000000000000902e-02,2.656250000000000278e-02
9.150500000000000300e-02,2.593750000000000222e-02
9.160999999999999699e-02,2.562500000000000194e-02
9.171500000000000485e-02,2.562500000000000194e-02
9.181999999999999884e-02,2.656250000000000278e-02
9.192500000000000671e-02,2.781250000000000389e-02
9.203000000000000069e-02,3.031250000000000264e-02
9.213500000000000856e-02,3.218750000000000083e-02
9.224000000000000254e-02,3.562500000000000389e-02
9.234499999999999653e-02,3.750000000000000555e-02
9.245000000000000440e-02,4.093750000000000167e-02
9.255499999999999838e-02,4.281250000000000333e-02
9.266000000000000625e-02,4.406250000000000444e-02
9.276500000000000024e-02,4.437500000000000472e-02
9.287000000000000810e-02,4.468750000000000500e-02
9.297500000000000209e-02,4.468750000000000500e-02
9.307999999999999607e-02,4.468750000000000500e-02
9.318500000000000394e-02,4.437500000000000472e-02
9.328999999999999793e-02,4.406250000000000444e-02
9.339500000000000579e-02,4.375000000000000416e-02
9.349999999999999978e-02,4.406250000000000444e-02
9.360500000000000764e-02,4.468750000000000500e-02
9.371000000000000163e-02,4.531250000000000555e-02
9.381500000000000949e-02,4.562500000000000583e-02
9.392000000000000348e-02,4.531250000000000555e-02
9.402499999999999747e-02,4.562500000000000583e-02
9.413000000000000533e-02,4.562500000000000583e-02
9.423499999999999932e-02,4.531250000000000555e-02
9.434000000000000719e-02,4.500000000000000527e-02
9.444500000000000117e-02,4.281250000000000333e-02
9.455000000000000904e-02,4.093750000000000167e-02
9.465500000000000302e-02,3.843750000000000638e-02
9.475999999999999701e-02,3.531250000000000361e-02
9.486500000000000488e-02,3.281250000000000139e-02
9.496999999999999886e-02,2.937500000000000527e-02
9.507500000000000673e-02,2.906250000000000500e-02
9.518000000000000071e-02,2.906250000000000500e-02
9.528500000000000858e-02,3.062500000000000291e-02
9.539000000000000257e-02,3.187500000000000056e-02
9.549499999999999655e-02,3.375000000000000222e-02
9.560000000000000442e-02,3.562500000000000389e-02
9.570499999999999841e-02,3.656250000000000472e-02
9.581000000000000627e-02,3.875000000000000666e-02
9.591500000000000026e-02,3.968750000000000056e-02
9.602000000000000812e-02,4.062500000000000139e-02
9.612500000000000211e-02,4.125000000000000194e-02
9.623000000000000997e-02,4.125000000000000194e-02
9.633500000000000396e-02,4.187500000000000250e-02
9.643999999999999795e-02,4.187500000000000250e-02
9.654500000000000581e-02,4.312500000000000361e-02
9.664999999999999980e-02,4.406250000000000444e-02
9.675500000000000766e-02,4.468750000000000500e-02
9.686000000000000165e-02,4.562500000000000583e-02
9.696500000000000952e-02,4.531250000000000555e-02
9.707000000000000350e-02,4.437500000000000472e-02
9.717499999999999749e-02,4.250000000000000305e-02
9.728000000000000536e-02,4.062500000000000139e-02
9.738499999999999934e-02,4.000000000000000083e-02
9.749000000000000721e-02,3.937500000000000722e-02
9.759500000000000119e-02,3.968750000000000056e-02
9.770000000000000906e-02,4.000000000000000083e-02
9.780500000000000305e-02,4.093750000000000167e-02
9.790999999999999703e-02,4.250000000000000305e-02
9.801500000000000490e-02,4.343750000000000389e-02
9.811999999999999889e-02,4.375000000000000416e-02
9.822500000000000675e-02,4.437500000000000472e-02
9.833000000000000074e-02,4.468750000000000500e-02
9.843500000000000860e-02,4.468750000000000500e-02
9.854000000000000259e-02,4.468750000000000500e-02
9.864499999999999658e-02,4.531250000000000555e-02
9.875000000000000444e-02,4.593750000000000611e-02
9.885499999999999843e-02,4.593750000000000611e-02
9.896000000000000629e-02,4.624999999999999944e-02
9.906500000000000028e-02,4.656250000000000666e-02
9.917000000000000814e-02,4.656250000000000666e-02
9.927500000000000213e-02,4.656250000000000666e-02
9.938000000000001000e-02,4.624999999999999944e-02
9.948500000000000398e-02,4.624999999999999944e-02
9.958999999999999797e-02,4.624999999999999944e-02
9.969500000000000584e-02,4.656250000000000666e-02
9.979999999999999982e-02,4.656250000000000666e-02
9.990500000000000769e-02,4.656250000000000666e-02
1.000100000000000017e-01,4.593750000000000611e-02
1.001150000000000095e-01,4.500000000000000527e-02
1.002200000000000035e-01,4.312500000000000361e-02
1.003249999999999975e-01,4.218750000000000278e-02
1.004300000000000054e-01,4.031250000000000111e-02
1.005349999999999994e-01,3.812500000000000611e-02
1.006400000000000072e-01,3.562500000000000389e-02
1.007450000000000012e-01,3.406250000000000250e-02
1.008500000000000091e-01,3.406250000000000250e-02
1.009550000000000031e-01,3.156250000000000028e-02
1.010599999999999971e-01,2.937500000000000527e-02
1.011650000000000049e-01,2.843750000000000444e-02
1.012699999999999989e-01,2.593750000000000222e-02
1.013750000000000068e-01,2.281250000000000291e-02
1.014800000000000008e-01,2.125000000000000500e-02
1.015850000000000086e-01,1.968750000000000361e-02
1.016900000000000026e-01,1.750000000000000167e-02
1.017949999999999966e-01,1.750000000000000167e-02
1.019000000000000045e-01,1.750000000000000167e-02
1.020049999999999985e-01,1.937500000000000333e-02
1.021100000000000063e-01,2.093750000000000472e-02
1.022150000000000003e-01,2.531250000000000167e-02
1.023200000000000082e-01,2.812500000000000416e-02
1.024250000000000022e-01,3.156250000000000028e-02
1.025300000000000100e-01,3.437500000000000278e-02
1.026350000000000040e-01,3.625000000000000444e-02
1.027399999999999980e-01,3.843750000000000638e-02
1.028450000000000059e-01,3.906250000000000000e-02
1.029499999999999998e-01,4.000000000000000083e-02
1.030550000000000077e-01,4.093750000000000167e-02
1.031600000000000017e-01,4.187500000000000250e-02
1.032650000000000096e-01,4.187500000000000250e-02
1.033700000000000035e-01,4.218750000000000278e-02
1.034749999999999975e-01,4.218750000000000278e-02
1.035800000000000054e-01,4.250000000000000305e-02
1.036849999999999994e-01,4.343750000000000389e-02
1.037900000000000073e-01,4.375000000000000416e-02
1.038950000000000012e-01,4.406250000000000444e-02
1.040000000000000091e-01,4.437500000000000472e-02
1.041050000000000031e-01,4.406250000000000444e-02
1.042099999999999971e-01,4.312500000000000361e-02
1.043150000000000049e-01,4.250000000000000305e-02
1.044199999999999989e-01,4.093750000000000167e-02
1.045250000000000068e-01,3.812500000000000611e-02
1.046300000000000008e-01,3.625000000000000444e-02
1.047350000000000086e-01,3.500000000000000333e-02
1.048400000000000026e-01,2.906250000000000500e-02
1.049449999999999966e-01,2.750000000000000361e-02
1.050500000000000045e-01,2.343750000000000347e-02
1.051549999999999985e-01,2.031250000000000416e-02
1.052600000000000063e-01,2.000000000000000389e-02
1.053650000000000003e-01,1.968750000000000361e-02
1.054700000000000082e-01,1.968750000000000361e-02
1.055750000000000022e-01,2.000000000000000389e-02
1.056800000000000100e-01,2.062500000000000444e-02
1.057850000000000040e-01,2.093750000000000472e-02
1.058899999999999980e-01,2.125000000000000500e-02
1.059950000000000059e-01,2.093750000000000472e-02
1.060999999999999999e-01,2.093750000000000472e-02
1.062050000000000077e-01,2.125000000000000500e-02
1.063100000000000017e-01,2.093750000000000472e-02
1.064150000000000096e-01,2.093750000000000472e-02
1.065200000000000036e-01,2.093750000000000472e-02
1.066249999999999976e-01,2.375000000000000375e-02
1.067300000000000054e-01,2.437500000000000083e-02
1.068349999999999994e-01,2.875000000000000472e-02
1.069400000000000073e-01,3.000000000000000236e-02
1.070450000000000013e-01,3.437500000000000278e-02
1.071500000000000091e-01,3.687500000000000500e-02
1.072550000000000031e-01,4.031250000000000111e-02
1.073599999999999971e-01,4.218750000000000278e-02
1.074650000000000050e-01,4.312500000000000361e-02
1.075699999999999990e-01,4.437500000000000472e-02
1.076750000000000068e-01,4.437500000000000472e-02
1.077800000000000008e-01,4.437500000000000472e-02
1.078850000000000087e-01,4.437500000000000472e-02
1.079900000000000027e-01,4.406250000000000444e-02
1.080950000000000105e-01,4.343750000000000389e-02
1.082000000000000045e-01,4.343750000000000389e-02
1.083049999999999985e-01,4.250000000000000305e-02
1.084100000000000064e-01,4.187500000000000250e-02
1.085150000000000003e-01,4.062500000000000139e-02
1.086200000000000082e-01,3.968750000000000056e-02
1.087250000000000022e-01,3.812500000000000611e-02
1.088300000000000101e-01,3.687500000000000500e-02
1.089350000000000041e-01,3.656250000000000472e-02
1.090399999999999980e-01,3.343750000000000194e-02
1.091450000000000059e-01,3.000000000000000236e-02
1.092499999999999999e-01,2.875000000000000472e-02
1.093550000000000078e-01,2.437500000000000083e-02
1.094600000000000017e-01,2.218750000000000236e-02
1.095650000000000096e-01,2.000000000000000389e-02
1.096700000000000036e-01,1.937500000000000333e-02
1.097749999999999976e-01,1.875000000000000278e-02
1.098800000000000054e-01,1.875000000000000278e-02
1.099849999999999994e-01,1.906250000000000305e-02
1.100900000000000073e-01,2.062500000000000444e-02
1.101950000000000013e-01,2.156250000000000527e-02
1.103000000000000091e-01,2.250000000000000264e-02
1.104050000000000031e-01,2.437500000000000083e-02
1.105099999999999971e-01,2.562500000000000194e-02
1.106150000000000050e-01,2.562500000000000194e-02
1.107199999999999990e-01,2.718750000000000333e-02
1.108250000000000068e-01,2.781250000000000389e-02
1.109300000000000008e-01,2.906250000000000500e-02
1.110350000000000087e-01,3.125000000000000000e-02
1.111400000000000027e-01,3.281250000000000139e-02
1.112450000000000105e-01,3.531250000000000361e-02
1.113500000000000045e-01,3.843750000000000638e-02
1.114549999999999985e-01,4.000000000000000083e-02
1.115600000000000064e-01,4.125000000000000194e-02
1.116650000000000004e-01,4.281250000000000333e-02
1.117700000000000082e-01,4.343750000000000389e-02
1.118750000000000022e-01,4.437500000000000472e-02
1.119800000000000101e-01,4.531250000000000555e-02
1.120850000000000041e-01,4.500000000000000527e-02
1.121899999999999981e-01,4.468750000000000500e-02
1.122950000000000059e-01,4.437500000000000472e-02
1.123999999999999999e-01,4.375000000000000416e-02
1.125050000000000078e-01,4.312500000000000361e-02
1.126100000000000018e-01,4.125000000000000194e-02
1.127150000000000096e-01,4.000000000000000083e-02
1.128200000000000036e-01,3.968750000000000056e-02
1.129249999999999976e-01,3.875000000000000666e-02
1.130300000000000055e-01,3.750000000000000555e-02
1.131349999999999995e-01,3.562500000000000389e-02
1.132400000000000073e-01,3.531250000000000361e-02
1.133450000000000013e-01,3.500000000000000333e-02
1.134500000000000092e-01,3.406250000000000250e-02
1.135550000000000032e-01,3.312500000000000167e-02
1.136599999999999971e-01,3.187500000000000056e-02
1.137650000000000050e-01,3.031250000000000264e-02
1.138699999999999990e-01,2.843750000000000444e-02
1.139750000000000069e-01,2.656250000000000278e-02
1.140800000000000008e-01,2.468750000000000111e-02
1.141850000000000087e-01,2.375000000000000375e-02
1.142900000000000027e-01,2.250000000000000264e-02
1.143950000000000106e-01,2.250000000000000264e-02
1.145000000000000046e-01,2.312500000000000319e-02
1.146049999999999985e-01,2.406250000000000056e-02
1.147100000000000064e-01,2.593750000000000222e-02
1.148150000000000004e-01,2.750000000000000361e-02
1.149200000000000083e-01,2.968750000000000208e-02
1.150250000000000022e-01,3.125000000000000000e-02
1.151300000000000101e-01,3.468750000000000305e-02
1.152350000000000041e-01,3.500000000000000333e-02
1.153399999999999981e-01,3.656250000000000472e-02
1.154450000000000059e-01,3.875000000000000666e-02
1.155499999999999999e-01,4.000000000000000083e-02
1.156550000000000078e-01,4.062500000000000139e-02
1.157600000000000018e-01,4.281250000000000333e-02
1.158650000000000097e-01,4.312500000000000361e-02
1.159700000000000036e-01,4.343750000000000389e-02
1.160749999999999976e-01,4.406250000000000444e-02
1.161800000000000055e-01,4.437500000000000472e-02
1.162849999999999995e-01,4.437500000000000472e-02
1.163900000000000073e-01,4.437500000000000472e-02
1.164950000000000013e-01,4.437500000000000472e-02
1.166000000000000092e-01,4.375000000000000416e-02
1.167050000000000032e-01,4.312500000000000361e-02
1.168099999999999972e-01,4.218750000000000278e-02
1.169150000000000050e-01,4.156250000000000222e-02
1.170199999999999990e-01,4.000000000000000083e-02
1.171250000000000069e-01,3.718750000000000527e-02
1.172300000000000009e-01,3.656250000000000472e-02
1.173350000000000087e-01,3.500000000000000333e-02
1.174400000000000027e-01,3.125000000000000000e-02
1.175450000000000106e-01,2.937500000000000527e-02
1.176500000000000046e-01,2.625000000000000250e-02
1.177549999999999986e-01,2.531250000000000167e-02
1.178600000000000064e-01,2.343750000000000347e-02
1.179650000000000004e-01,2.156250000000000527e-02
1.180700000000000083e-01,2.093750000000000472e-02
1.181750000000000023e-01,1.843750000000000250e-02
1.182800000000000101e-01,1.750000000000000167e-02
1.183850000000000041e-01,1.687500000000000458e-02
1.184899999999999981e-01,1.625000000000000402e-02
1.185950000000000060e-01,1.625000000000000402e-02
1.187000000000000000e-01,1.718750000000000139e-02
1.188050000000000078e-01,1.750000000000000167e-02
1.189100000000000018e-01,1.906250000000000305e-02
1.190150000000000097e-01,2.062500000000000444e-02
1.191200000000000037e-01,2.093750000000000472e-02
1.192249999999999976e-01,2.250000000000000264e-02
1.193300000000000055e-01,2.437500000000000083e-02
1.194349999999999995e-01,2.625000000000000250e-02
1.195400000000000074e-01,2.718750000000000333e-02
1.196450000000000014e-01,2.937500000000000527e-02
1.197500000000000092e-01,3.031250000000000264e-02
1.198550000000000032e-01,3.218750000000000083e-02
1.199600000000000111e-01,3.406250000000000250e-02
1.200650000000000051e-01,3.531250000000000361e-02
1.201699999999999990e-01,3.687500000000000500e-02
1.202750000000000069e-01,3.781250000000000583e-02
1.203800000000000009e-01,3.781250000000000583e-02
1.204850000000000088e-01,3.781250000000000583e-02
1.205900000000000027e-01,3.750000000000000555e-02
1.206950000000000106e-01,3.656250000000000472e-02
1.208000000000000046e-01,3.531250000000000361e-02
1.209049999999999986e-01,3.281250000000000139e-02
1.210100000000000064e-01,3.093750000000000319e-02
1.211150000000000004e-01,2.875000000000000472e-02
1.212200000000000083e-01,2.812500000000000416e-02
1.213250000000000023e-01,2.562500000000000194e-02
1.214300000000000102e-01,2.250000000000000264e-02
1.215350000000000041e-01,2.125000000000000500e-02
1.216399999999999981e-01,1.843750000000000250e-02
1.217450000000000060e-01,1.437500000000000236e-02
1.218500000000000000e-01,1.281250000000000444e-02
1.219550000000000078e-01,9.687500000000001665e-03
1.220600000000000018e-01,8.125000000000003747e-03
1.221650000000000097e-01,5.625000000000001527e-03
1.222700000000000037e-01,4.687500000000004163e-03
1.223749999999999977e-01,4.062500000000003608e-03
1.224800000000000055e-01,3.437500000000003053e-03
1.225849999999999995e-01,3.437500000000003053e-03
1.226900000000000074e-01,3.125000000000002776e-03
1.227950000000000014e-01,3.437500000000003053e-03
1.229000000000000092e-01,3.750000000000003331e-03
1.230050000000000032e-01,4.062500000000003608e-03
1.231100000000000111e-01,5.000000000000004441e-03
1.232150000000000051e-01,6.562500000000002359e-03
1.233199999999999991e-01,8.437500000000004025e-03
1.234250000000000069e-01,1.031250000000000222e-02
1.235300000000000009e-01,1.156250000000000333e-02
1.236350000000000088e-01,1.250000000000000416e-02
1.237400000000000028e-01,1.406250000000000208e-02
1.238450000000000106e-01,1.500000000000000291e-02
1.239500000000000046e-01,1.593750000000000375e-02
1.240549999999999986e-01,1.812500000000000222e-02
1.241599999999999926e-01,1.906250000000000305e-02
1.242650000000000143e-01,2.062500000000000444e-02
1.243700000000000083e-01,2.218750000000000236e-02
1.244750000000000023e-01,2.312500000000000319e-02
1.245799999999999963e-01,2.531250000000000167e-02
1.246850000000000180e-01,2.593750000000000222e-02
1.247900000000000120e-01,2.625000000000000250e-02
1.248950000000000060e-01,2.562500000000000194e-02
1.250000000000000000e-01,2.343750000000000347e-02
1.251049999999999940e-01,2.187500000000000555e-02
1.252100000000000157e-01,2.093750000000000472e-02
1.253150000000000097e-01,1.687500000000000458e-02
1.254200000000000037e-01,1.593750000000000375e-02
1.255249999999999977e-01,1.375000000000000180e-02
1.256299999999999917e-01,9.062500000000001110e-03
1.257350000000000134e-01,8.437500000000004025e-03
1.258400000000000074e-01,6.250000000000002082e-03
1.259450000000000014e-01,5.937500000000001804e-03
1.260499999999999954e-01,4.062500000000003608e-03
1.261550000000000171e-01,3.750000000000003331e-03
1.262600000000000111e-01,3.125000000000002776e-03
1.263650000000000051e-01,2.812500000000002498e-03
1.264699999999999991e-01,2.500000000000002220e-03
1.265749999999999931e-01,2.500000000000002220e-03
1.266800000000000148e-01,2.187500000000001943e-03
1.267850000000000088e-01,2.500000000000002220e-03
1.268900000000000028e-01,2.187500000000001943e-03
1.269949999999999968e-01,2.500000000000002220e-03
1.270999999999999908e-01,2.500000000000002220e-03
1.272050000000000125e-01,3.125000000000002776e-03
1.273100000000000065e-01,3.750000000000003331e-03
1.274150000000000005e-01,4.062500000000003608e-03
1.275199999999999945e-01,5.625000000000001527e-03
1.276250000000000162e-01,7.187500000000002914e-03
1.277300000000000102e-01,9.375000000000001388e-03
1.278350000000000042e-01,1.000000000000000194e-02
1.279399999999999982e-01,1.312500000000000125e-02
1.280449999999999922e-01,1.500000000000000291e-02
1.281500000000000139e-01,1.750000000000000167e-02
1.282550000000000079e-01,2.031250000000000416e-02
1.283600000000000019e-01,2.093750000000000472e-02
1.284649999999999959e-01,2.187500000000000555e-02
1.285700000000000176e-01,2.218750000000000236e-02
1.286750000000000116e-01,2.281250000000000291e-02
1.287800000000000056e-01,2.312500000000000319e-02
1.288849999999999996e-01,2.343750000000000347e-02
1.289899999999999936e-01,2.375000000000000375e-02
1.290950000000000153e-01,2.406250000000000056e-02
1.292000000000000093e-01,2.343750000000000347e-02
1.293050000000000033e-01,2.250000000000000264e-02
1.294099999999999973e-01,2.156250000000000527e-02
1.295149999999999912e-01,1.875000000000000278e-02
1.296200000000000130e-01,1.625000000000000402e-02
1.297250000000000070e-01,1.500000000000000291e-02
1.298300000000000010e-01,1.281250000000000444e-02
1.299349999999999949e-01,1.125000000000000305e-02
1.300400000000000167e-01,9.375000000000001388e-03
1.301450000000000107e-01,7.187500000000002914e-03
1.302500000000000047e-01,6.875000000000002637e-03
1.303549999999999986e-01,5.625000000000001527e-03
1.304599999999999926e-01,5.000000000000004441e-03
1.305650000000000144e-01,4.687500000000004163e-03
1.306700000000000084e-01,4.375000000000003886e-03
1.307750000000000024e-01,4.375000000000003886e-03
1.308799999999999963e-01,4.687500000000004163e-03
1.309850000000000181e-01,5.000000000000004441e-03
1.310900000000000121e-01,5.312500000000001249e-03
1.311950000000000061e-01,5.625000000000001527e-03
1.313000000000000000e-01,6.250000000000002082e-03
1.314049999999999940e-01,7.187500000000002914e-03
1.315100000000000158e-01,9.375000000000001388e-03
1.316150000000000098e-01,1.000000000000000194e-02
1.317200000000000037e-01,1.312500000000000125e-02
1.318249999999999977e-01,1.437500000000000236e-02
1.319299999999999917e-01,1.812500000000000222e-02
1.320350000000000135e-01,1.937500000000000333e-02
1.321400000000000075e-01,2.625000000000000250e-02
1.322450000000000014e-01,2.750000000000000361e-02
1.323499999999999954e-01,3.156250000000000028e-02
1.324550000000000172e-01,3.343750000000000194e-02
1.325600000000000112e-01,3.531250000000000361e-02
1.326650000000000051e-01,3.750000000000000555e-02
1.327699999999999991e-01,3.843750000000000638e-02
1.328749999999999931e-01,3.906250000000000000e-02
1.329800000000000149e-01,3.906250000000000000e-02
1.330850000000000088e-01,3.875000000000000666e-02
1.331900000000000028e-01,3.843750000000000638e-02
1.332949999999999968e-01,3.750000000000000555e-02
1.334000000000000186e-01,3.687500000000000500e-02
1.335050000000000125e-01,3.468750000000000305e-02
1.336100000000000065e-01,3.437500000000000278e-02
1.337150000000000005e-01,3.218750000000000083e-02
1.338199999999999945e-01,2.968750000000000208e-02
1.339250000000000163e-01,2.812500000000000416e-02
1.340300000000000102e-01,2.562500000000000194e-02
1.341350000000000042e-01,2.437500000000000083e-02
1.342399999999999982e-01,2.062500000000000444e-02
1.343449999999999922e-01,1.906250000000000305e-02
1.344500000000000139e-01,1.656250000000000430e-02
1.345550000000000079e-01,1.437500000000000236e-02
1.346600000000000019e-01,1.250000000000000416e-02
1.347649999999999959e-01,1.187500000000000361e-02
1.348700000000000176e-01,1.156250000000000333e-02
1.349750000000000116e-01,1.062500000000000250e-02
1.350800000000000056e-01,1.031250000000000222e-02
1.351849999999999996e-01,1.000000000000000194e-02
1.352899999999999936e-01,9.687500000000001665e-03
1.353950000000000153e-01,1.093750000000000278e-02
1.355000000000000093e-01,1.187500000000000361e-02
1.356050000000000033e-01,1.406250000000000208e-02
1.357099999999999973e-01,1.562500000000000347e-02
1.358149999999999913e-01,1.875000000000000278e-02
1.359200000000000130e-01,2.218750000000000236e-02
1.360250000000000070e-01,2.781250000000000389e-02
1.361300000000000010e-01,3.000000000000000236e-02
1.362349999999999950e-01,3.250000000000000111e-02
1.363400000000000167e-01,3.406250000000000250e-02
1.364450000000000107e-01,3.625000000000000444e-02
1.365500000000000047e-01,3.812500000000000611e-02
1.366549999999999987e-01,3.875000000000000666e-02
1.367599999999999927e-01,3.968750000000000056e-02
1.368650000000000144e-01,4.000000000000000083e-02
1.369700000000000084e-01,4.031250000000000111e-02
1.370750000000000024e-01,4.031250000000000111e-02
1.371799999999999964e-01,4.031250000000000111e-02
1.372850000000000181e-01,4.031250000000000111e-02
1.373900000000000121e-01,4.000000000000000083e-02
1.374950000000000061e-01,4.000000000000000083e-02
1.376000000000000001e-01,3.937500000000000722e-02
1.377049999999999941e-01,3.875000000000000666e-02
1.378100000000000158e-01,3.718750000000000527e-02
1.379150000000000098e-01,3.312500000000000167e-02
1.380200000000000038e-01,3.062500000000000291e-02
1.381249999999999978e-01,2.750000000000000361e-02
1.382299999999999918e-01,2.656250000000000278e-02
1.383350000000000135e-01,2.218750000000000236e-02
1.384400000000000075e-01,1.750000000000000167e-02
1.385450000000000015e-01,1.531250000000000319e-02
1.386499999999999955e-01,1.375000000000000180e-02
1.387550000000000172e-01,1.187500000000000361e-02
1.388600000000000112e-01,1.031250000000000222e-02
1.389650000000000052e-01,9.375000000000001388e-03
1.390699999999999992e-01,7.500000000000003192e-03
1.391749999999999932e-01,6.875000000000002637e-03
1.392800000000000149e-01,7.187500000000002914e-03
1.393850000000000089e-01,6.562500000000002359e-03
1.394900000000000029e-01,6.875000000000002637e-03
1.395949999999999969e-01,7.187500000000002914e-03
1.397000000000000186e-01,7.812500000000003469e-03
1.398050000000000126e-01,9.375000000000001388e-03
1.399100000000000066e-01,9.687500000000001665e-03
1.400150000000000006e-01,1.312500000000000125e-02
1.401199999999999946e-01,1.625000000000000402e-02
1.402250000000000163e-01,1.968750000000000361e-02
1.403300000000000103e-01,2.093750000000000472e-02
1.404350000000000043e-01,2.375000000000000375e-02
1.405399999999999983e-01,2.593750000000000222e-02
1.406449999999999922e-01,2.843750000000000444e-02
1.407500000000000140e-01,2.906250000000000500e-02
1.408550000000000080e-01,3.062500000000000291e-02
1.409600000000000020e-01,3.187500000000000056e-02
1.410649999999999959e-01,3.187500000000000056e-02
1.411700000000000177e-01,3.218750000000000083e-02
1.412750000000000117e-01,3.218750000000000083e-02
1.413800000000000057e-01,3.156250000000000028e-02
1.414849999999999997e-01,3.125000000000000000e-02
1.415899999999999936e-01,3.093750000000000319e-02
1.416950000000000154e-01,3.031250000000000264e-02
1.418000000000000094e-01,2.968750000000000208e-02
1.419050000000000034e-01,2.937500000000000527e-02
1.420099999999999973e-01,2.781250000000000389e-02
1.421149999999999913e-01,2.718750000000000333e-02
1.422200000000000131e-01,2.531250000000000167e-02
1.423250000000000071e-01,2.156250000000000527e-02
1.424300000000000010e-01,1.718750000000000139e-02
1.425349999999999950e-01,1.406250000000000208e-02
1.426400000000000168e-01,9.687500000000001665e-03
1.427450000000000108e-01,9.375000000000001388e-03
1.428500000000000048e-01,6.562500000000002359e-03
1.429549999999999987e-01,4.687500000000004163e-03
1.430599999999999927e-01,4.375000000000003886e-03
1.431650000000000145e-01,3.750000000000003331e-03
1.432700000000000085e-01,4.062500000000003608e-03
1.433750000000000024e-01,4.375000000000003886e-03
1.434799999999999964e-01,5.000000000000004441e-03
1.435850000000000182e-01,5.937500000000001804e-03
1.436900000000000122e-01,6.562500000000002359e-03
1.437950000000000061e-01,7.187500000000002914e-03
1.439000000000000001e-01,8.125000000000003747e-03
1.440049999999999941e-01,8.750000000000004302e-03
1.441100000000000159e-01,1.031250000000000222e-02
1.442150000000000098e-01,1.062500000000000250e-02
1.443200000000000038e-01,1.156250000000000333e-02
1.444249999999999978e-01,1.187500000000000361e-02
1.445299999999999918e-01,1.312500000000000125e-02
1.446350000000000136e-01,1.406250000000000208e-02
1.447400000000000075e-01,1.562500000000000347e-02
1.448450000000000015e-01,1.750000000000000167e-02
1.449499999999999955e-01,1.937500000000000333e-02
1.450550000000000173e-01,2.281250000000000291e-02
1.451600000000000112e-01,2.562500000000000194e-02
1.452650000000000052e-01,2.687500000000000305e-02
1.453699999999999992e-01,2.968750000000000208e-02
1.454749999999999932e-01,3.062500000000000291e-02
1.455800000000000149e-01,3.062500000000000291e-02
1.456850000000000089e-01,3.031250000000000264e-02
1.457900000000000029e-01,2.875000000000000472e-02
1.458949999999999969e-01,2.500000000000000139e-02
1.460000000000000187e-01,2.312500000000000319e-02
1.461050000000000126e-01,1.781250000000000194e-02
1.462100000000000066e-01,1.500000000000000291e-02
1.463150000000000006e-01,1.125000000000000305e-02
1.464199999999999946e-01,1.000000000000000194e-02
1.465250000000000163e-01,8.125000000000003747e-03
1.466300000000000103e-01,7.500000000000003192e-03
1.467350000000000043e-01,6.875000000000002637e-03
1.468399999999999983e-01,6.875000000000002637e-03
1.469449999999999923e-01,6.562500000000002359e-03
1.470500000000000140e-01,6.250000000000002082e-03
1.471550000000000080e-01,5.937500000000001804e-03
1.472600000000000020e-01,5.000000000000004441e-03
1.473649999999999960e-01,5.000000000000004441e-03
1.474700000000000177e-01,4.062500000000003608e-03
1.475750000000000117e-01,3.437500000000003053e-03
1.476800000000000057e-01,3.125000000000002776e-03
1.477849999999999997e-01,3.125000000000002776e-03
1.478899999999999937e-01,2.812500000000002498e-03
1.479950000000000154e-01,2.812500000000002498e-03
1.481000000000000094e-01,4.062500000000003608e-03
1.482050000000000034e-01,4.375000000000003886e-03
1.483099999999999974e-01,6.250000000000002082e-03
1.484150000000000191e-01,9.375000000000001388e-03
1.485200000000000131e-01,1.281250000000000444e-02
1.486250000000000071e-01,1.687500000000000458e-02
1.487300000000000011e-01,1.906250000000000305e-02
1.488349999999999951e-01,2.062500000000000444e-02
1.489400000000000168e-01,2.156250000000000527e-02
1.490450000000000108e-01,2.218750000000000236e-02
1.491500000000000048e-01,2.125000000000000500e-02
1.492549999999999988e-01,2.062500000000000444e-02
1.493599999999999928e-01,1.968750000000000361e-02
1.494650000000000145e-01,1.843750000000000250e-02
1.495700000000000085e-01,1.843750000000000250e-02
1.496750000000000025e-01,1.843750000000000250e-02
1.497799999999999965e-01,1.937500000000000333e-02
1.498850000000000182e-01,2.031250000000000416e-02
1.499900000000000122e-01,2.125000000000000500e-02
1.500950000000000062e-01,2.187500000000000555e-02
1.502000000000000002e-01,2.156250000000000527e-02
1.503049999999999942e-01,2.093750000000000472e-02
1.504100000000000159e-01,1.906250000000000305e-02
1.505150000000000099e-01,1.750000000000000167e-02
1.506200000000000039e-01,1.312500000000000125e-02
1.507249999999999979e-01,1.093750000000000278e-02
1.508299999999999919e-01,7.500000000000003192e-03
1.509350000000000136e-01,5.937500000000001804e-03
1.510400000000000076e-01,4.062500000000003608e-03
1.511450000000000016e-01,3.125000000000002776e-03
1.512499999999999956e-01,2.812500000000002498e-03
1.513550000000000173e-01,2.812500000000002498e-03
1.514600000000000113e-01,2.812500000000002498e-03
1.515650000000000053e-01,3.125000000000002776e-03
1.516699999999999993e-01,3.125000000000002776e-03
1.517749999999999932e-01,3.437500000000003053e-03
1.518800000000000150e-01,3.750000000000003331e-03
1.519850000000000090e-01,4.375000000000003886e-03
1.520900000000000030e-01,4.375000000000003886e-03
1.521949999999999970e-01,4.687500000000004163e-03
1.523000000000000187e-01,5.000000000000004441e-03
1.524050000000000127e-01,5.000000000000004441e-03
1.525100000000000067e-01,5.312500000000001249e-03
1.526150000000000007e-01,5.625000000000001527e-03
1.527199999999999946e-01,6.250000000000002082e-03
1.528250000000000164e-01,7.500000000000003192e-03
1.529300000000000104e-01,9.062500000000001110e-03
1.530350000000000044e-01,1.000000000000000194e-02
1.531399999999999983e-01,1.312500000000000125e-02
1.532449999999999923e-01,1.562500000000000347e-02
1.533500000000000141e-01,1.593750000000000375e-02
1.534550000000000081e-01,1.750000000000000167e-02
1.535600000000000021e-01,1.812500000000000222e-02
1.536649999999999960e-01,1.906250000000000305e-02
1.537700000000000178e-01,1.937500000000000333e-02
1.538750000000000118e-01,1.875000000000000278e-02
1.539800000000000058e-01,1.812500000000000222e-02
1.540849999999999997e-01,1.781250000000000194e-02
1.541899999999999937e-01,1.687500000000000458e-02
1.542950000000000155e-01,1.437500000000000236e-02
1.544000000000000095e-01,1.218750000000000389e-02
1.545050000000000034e-01,1.156250000000000333e-02
1.546099999999999974e-01,9.375000000000001388e-03
1.547150000000000192e-01,7.500000000000003192e-03
1.548200000000000132e-01,5.937500000000001804e-03
1.549250000000000071e-01,5.312500000000001249e-03
1.550300000000000011e-01,4.375000000000003886e-03
1.551349999999999951e-01,3.437500000000003053e-03
1.552400000000000169e-01,3.437500000000003053e-03
1.553450000000000109e-01,2.812500000000002498e-03
1.554500000000000048e-01,2.187500000000001943e-03
1.555549999999999988e-01,1.875000000000001665e-03
1.556599999999999928e-01,2.187500000000001943e-03
1.557650000000000146e-01,1.875000000000001665e-03
1.558700000000000085e-01,2.187500000000001943e-03
1.559750000000000025e-01,1.875000000000001665e-03
1.560799999999999965e-01,2.187500000000001943e-03
1.561850000000000183e-01,2.187500000000001943e-03
1.562900000000000122e-01,2.187500000000001943e-03
1.563950000000000062e-01,1.875000000000001665e-03
1.565000000000000002e-01,2.187500000000001943e-03
1.566049999999999942e-01,2.187500000000001943e-03
1.567100000000000160e-01,3.125000000000002776e-03
1.568150000000000099e-01,3.750000000000003331e-03
1.569200000000000039e-01,4.062500000000003608e-03
1.570249999999999979e-01,5.000000000000004441e-03
1.571299999999999919e-01,5.312500000000001249e-03
1.572350000000000136e-01,6.562500000000002359e-03
1.573400000000000076e-01,6.875000000000002637e-03
1.574450000000000016e-01,7.500000000000003192e-03
1.575499999999999956e-01,8.125000000000003747e-03
1.576550000000000173e-01,9.375000000000001388e-03
1.577600000000000113e-01,1.031250000000000222e-02
1.578650000000000053e-01,1.187500000000000361e-02
1.579699999999999993e-01,1.250000000000000416e-02
1.580749999999999933e-01,1.406250000000000208e-02
1.581800000000000150e-01,1.406250000000000208e-02
1.582850000000000090e-01,1.281250000000000444e-02
1.583900000000000030e-01,1.187500000000000361e-02
1.584949999999999970e-01,9.375000000000001388e-03
1.586000000000000187e-01,6.562500000000002359e-03
1.587050000000000127e-01,5.312500000000001249e-03
1.588100000000000067e-01,4.062500000000003608e-03
1.589150000000000007e-01,3.125000000000002776e-03
1.590199999999999947e-01,2.187500000000001943e-03
1.591250000000000164e-01,1.875000000000001665e-03
1.592300000000000104e-01,1.875000000000001665e-03
1.593350000000000044e-01,2.187500000000001943e-03
1.594399999999999984e-01,1.875000000000001665e-03
1.595449999999999924e-01,1.875000000000001665e-03
1.596500000000000141e-01,1.875000000000001665e-03
1.597550000000000081e-01,2.187500000000001943e-03
1.598600000000000021e-01,2.500000000000002220e-03
1.599649999999999961e-01,3.125000000000002776e-03
1.600700000000000178e-01,3.437500000000003053e-03
1.601750000000000118e-01,3.437500000000003053e-03
1.602800000000000058e-01,4.062500000000003608e-03
1.603849999999999998e-01,4.062500000000003608e-03
1.604899999999999938e-01,4.375000000000003886e-03
1.605950000000000155e-01,3.437500000000003053e-03
1.607000000000000095e-01,3.125000000000002776e-03
1.608050000000000035e-01,2.500000000000002220e-03
1.609099999999999975e-01,2.187500000000001943e-03
1.610150000000000192e-01,2.187500000000001943e-03
1.611200000000000132e-01,2.500000000000002220e-03
1.612250000000000072e-01,3.125000000000002776e-03
1.613300000000000012e-01,4.062500000000003608e-03
1.614349999999999952e-01,4.375000000000003886e-03
1.615400000000000169e-01,5.000000000000004441e-03
1.616450000000000109e-01,5.625000000000001527e-03
1.617500000000000049e-01,5.937500000000001804e-03
1.618549999999999989e-01,5.312500000000001249e-03
1.619599999999999929e-01,5.312500000000001249e-03
1.620650000000000146e-01,5.312500000000001249e-03
1.621700000000000086e-01,5.312500000000001249e-03
1.622750000000000026e-01,5.312500000000001249e-03
1.623799999999999966e-01,4.687500000000004163e-03
1.624850000000000183e-01,4.687500000000004163e-03
1.625900000000000123e-01,4.062500000000003608e-03
1.626950000000000063e-01,3.750000000000003331e-03
1.628000000000000003e-01,2.812500000000002498e-03
1.629049999999999943e-01,2.500000000000002220e-03
1.630100000000000160e-01,2.187500000000001943e-03
1.631150000000000100e-01,2.187500000000001943e-03
1.632200000000000040e-01,2.500000000000002220e-03
1.633249999999999980e-01,2.812500000000002498e-03
1.634300000000000197e-01,4.062500000000003608e-03
1.635350000000000137e-01,4.687500000000004163e-03
1.636400000000000077e-01,5.312500000000001249e-03
1.637450000000000017e-01,6.250000000000002082e-03
1.638499999999999956e-01,7.187500000000002914e-03
1.639550000000000174e-01,8.437500000000004025e-03
1.640600000000000114e-01,9.375000000000001388e-03
1.641650000000000054e-01,1.000000000000000194e-02
1.642699999999999994e-01,1.000000000000000194e-02
1.643749999999999933e-01,1.156250000000000333e-02
1.644800000000000151e-01,1.156250000000000333e-02
1.645850000000000091e-01,1.218750000000000389e-02
1.646900000000000031e-01,1.156250000000000333e-02
1.647949999999999970e-01,1.156250000000000333e-02
1.649000000000000188e-01,9.375000000000001388e-03
1.650050000000000128e-01,9.062500000000001110e-03
1.651100000000000068e-01,7.812500000000003469e-03
1.652150000000000007e-01,5.312500000000001249e-03
1.653199999999999947e-01,4.375000000000003886e-03
1.654250000000000165e-01,3.437500000000003053e-03
1.655300000000000105e-01,2.812500000000002498e-03
1.656350000000000044e-01,2.187500000000001943e-03
1.657399999999999984e-01,2.187500000000001943e-03
1.658449999999999924e-01,1.875000000000001665e-03
1.659500000000000142e-01,1.875000000000001665e-03
1.660550000000000082e-01,1.875000000000001665e-03
1.661600000000000021e-01,1.875000000000001665e-03
1.662649999999999961e-01,1.875000000000001665e-03
1.663700000000000179e-01,1.875000000000001665e-03
1.664750000000000119e-01,1.875000000000001665e-03
1.665800000000000058e-01,1.875000000000001665e-03
1.666849999999999998e-01,1.875000000000001665e-03
1.667899999999999938e-01,1.875000000000001665e-03
1.668950000000000156e-01,1.875000000000001665e-03
1.670000000000000095e-01,2.187500000000001943e-03
1.671050000000000035e-01,2.500000000000002220e-03
1.672099999999999975e-01,2.812500000000002498e-03
1.673150000000000193e-01,3.750000000000003331e-03
1.674200000000000133e-01,3.750000000000003331e-03
1.675250000000000072e-01,5.937500000000001804e-03
1.676300000000000012e-01,6.562500000000002359e-03
1.677349999999999952e-01,8.125000000000003747e-03
1.678400000000000170e-01,1.125000000000000305e-02
1.679450000000000109e-01,1.406250000000000208e-02
1.680500000000000049e-01,1.562500000000000347e-02
1.681549999999999989e-01,1.750000000000000167e-02
1.682599999999999929e-01,1.812500000000000222e-02
1.683650000000000146e-01,1.843750000000000250e-02
1.684700000000000086e-01,1.781250000000000194e-02
1.685750000000000026e-01,1.750000000000000167e-02
1.686799999999999966e-01,1.750000000000000167e-02
1.687850000000000183e-01,1.656250000000000430e-02
1.688900000000000123e-01,1.625000000000000402e-02
1.689950000000000063e-01,1.500000000000000291e-02
1.691000000000000003e-01,1.250000000000000416e-02
1.692049999999999943e-01,1.218750000000000389e-02
1.693100000000000160e-01,1.031250000000000222e-02
1.694150000000000100e-01,8.750000000000004302e-03
1.695200000000000040e-01,7.187500000000002914e-03
1.696249999999999980e-01,5.937500000000001804e-03
1.697300000000000197e-01,4.062500000000003608e-03
1.698350000000000137e-01,2.812500000000002498e-03
1.699400000000000077e-01,2.500000000000002220e-03
1.700450000000000017e-01,1.875000000000001665e-03
1.701499999999999957e-01,1.875000000000001665e-03
1.702550000000000174e-01,1.875000000000001665e-03
1.703600000000000114e-01,1.875000000000001665e-03
1.704650000000000054e-01,2.187500000000001943e-03
1.705699999999999994e-01,1.875000000000001665e-03
1.706749999999999934e-01,1.875000000000001665e-03
1.707800000000000151e-01,1.875000000000001665e-03
1.708850000000000091e-01,1.875000000000001665e-03
1.709900000000000031e-01,2.187500000000001943e-03
1.710949999999999971e-01,2.187500000000001943e-03
1.712000000000000188e-01,2.187500000000001943e-03
1.713050000000000128e-01,2.187500000000001943e-03
1.714100000000000068e-01,2.812500000000002498e-03
1.715150000000000008e-01,3.437500000000003053e-03
1.716199999999999948e-01,4.375000000000003886e-03
1.717250000000000165e-01,6.250000000000002082e-03
1.718300000000000105e-01,8.125000000000003747e-03
1.719350000000000045e-01,8.750000000000004302e-03
1.720399999999999985e-01,1.062500000000000250e-02
1.721449999999999925e-01,1.406250000000000208e-02
1.722500000000000142e-01,1.625000000000000402e-02
1.723550000000000082e-01,1.593750000000000375e-02
1.724600000000000022e-01,1.718750000000000139e-02
1.725649999999999962e-01,1.718750000000000139e-02
1.726700000000000179e-01,1.718750000000000139e-02
1.727750000000000119e-01,1.562500000000000347e-02
1.728800000000000059e-01,1.531250000000000319e-02
1.729849999999999999e-01,1.375000000000000180e-02
1.730899999999999939e-01,1.125000000000000305e-02
1.731950000000000156e-01,9.062500000000001110e-03
1.733000000000000096e-01,8.437500000000004025e-03
1.734050000000000036e-01,7.187500000000002914e-03
1.735099999999999976e-01,5.937500000000001804e-03
1.736150000000000193e-01,5.312500000000001249e-03
1.737200000000000133e-01,4.062500000000003608e-03
1.738250000000000073e-01,4.062500000000003608e-03
1.739300000000000013e-01,3.437500000000003053e-03
1.740349999999999953e-01,2.500000000000002220e-03
1.741400000000000170e-01,2.500000000000002220e-03
1.742450000000000110e-01,2.187500000000001943e-03
1.743500000000000050e-01,2.187500000000001943e-03
1.744549999999999990e-01,1.875000000000001665e-03
1.745599999999999929e-01,2.187500000000001943e-03
1.746650000000000147e-01,2.187500000000001943e-03
1.747700000000000087e-01,2.500000000000002220e-03
1.748750000000000027e-01,2.500000000000002220e-03
1.749799999999999967e-01,1.875000000000001665e-03
1.750850000000000184e-01,1.875000000000001665e-03
1.751900000000000124e-01,2.187500000000001943e-03
1.752950000000000064e-01,2.187500000000001943e-03
1.754000000000000004e-01,2.500000000000002220e-03
1.755049999999999943e-01,3.125000000000002776e-03
1.756100000000000161e-01,4.375000000000003886e-03
1.757150000000000101e-01,5.312500000000001249e-03
1.758200000000000041e-01,5.937500000000001804e-03
1.759249999999999980e-01,7.500000000000003192e-03
1.760300000000000198e-01,7.500000000000003192e-03
1.761350000000000138e-01,9.687500000000001665e-03
1.762400000000000078e-01,1.062500000000000250e-02
1.763450000000000017e-01,1.218750000000000389e-02
1.764499999999999957e-01,1.343750000000000153e-02
1.765550000000000175e-01,1.593750000000000375e-02
1.766600000000000115e-01,1.625000000000000402e-02
1.767650000000000055e-01,1.687500000000000458e-02
1.768699999999999994e-01,1.750000000000000167e-02
1.769749999999999934e-01,1.781250000000000194e-02
1.770800000000000152e-01,1.750000000000000167e-02
1.771850000000000092e-01,1.687500000000000458e-02
1.772900000000000031e-01,1.500000000000000291e-02
1.773949999999999971e-01,1.406250000000000208e-02
1.775000000000000189e-01,1.125000000000000305e-02
1.776050000000000129e-01,9.375000000000001388e-03
1.777100000000000068e-01,7.812500000000003469e-03
1.778150000000000008e-01,6.562500000000002359e-03
1.779199999999999948e-01,5.625000000000001527e-03
1.780250000000000166e-01,5.312500000000001249e-03
1.781300000000000106e-01,4.375000000000003886e-03
1.782350000000000045e-01,4.375000000000003886e-03
1.783399999999999985e-01,4.375000000000003886e-03
1.784450000000000203e-01,4.062500000000003608e-03
1.785500000000000143e-01,3.750000000000003331e-03
1.786550000000000082e-01,4.062500000000003608e-03
1.787600000000000022e-01,3.437500000000003053e-03
1.788649999999999962e-01,3.437500000000003053e-03
1.789700000000000180e-01,3.125000000000002776e-03
1.790750000000000119e-01,3.437500000000003053e-03
1.791800000000000059e-01,3.750000000000003331e-03
1.792849999999999999e-01,4.687500000000004163e-03
1.793899999999999939e-01,5.937500000000001804e-03
1.794950000000000156e-01,7.812500000000003469e-03
1.796000000000000096e-01,9.375000000000001388e-03
1.797050000000000036e-01,1.281250000000000444e-02
1.798099999999999976e-01,1.593750000000000375e-02
1.799150000000000194e-01,1.968750000000000361e-02
1.800200000000000133e-01,2.250000000000000264e-02
1.801250000000000073e-01,2.718750000000000333e-02
1.802300000000000013e-01,2.781250000000000389e-02
1.803349999999999953e-01,3.156250000000000028e-02
1.804400000000000170e-01,3.281250000000000139e-02
1.805450000000000110e-01,3.437500000000000278e-02
1.806500000000000050e-01,3.468750000000000305e-02
1.807549999999999990e-01,3.562500000000000389e-02
1.808599999999999930e-01,3.656250000000000472e-02
1.809650000000000147e-01,3.750000000000000555e-02
1.810700000000000087e-01,3.843750000000000638e-02
1.811750000000000027e-01,3.968750000000000056e-02
1.812799999999999967e-01,4.125000000000000194e-02
1.813850000000000184e-01,4.156250000000000222e-02
1.814900000000000124e-01,4.093750000000000167e-02
1.815950000000000064e-01,4.062500000000000139e-02
1.817000000000000004e-01,3.843750000000000638e-02
1.818049999999999944e-01,3.718750000000000527e-02
1.819100000000000161e-01,3.468750000000000305e-02
1.820150000000000101e-01,3.312500000000000167e-02
1.821200000000000041e-01,2.937500000000000527e-02
1.822249999999999981e-01,2.656250000000000278e-02
1.823300000000000198e-01,2.250000000000000264e-02
1.824350000000000138e-01,2.093750000000000472e-02
1.825400000000000078e-01,1.875000000000000278e-02
1.826450000000000018e-01,1.781250000000000194e-02
1.827499999999999958e-01,1.750000000000000167e-02
1.828550000000000175e-01,1.875000000000000278e-02
1.829600000000000115e-01,1.968750000000000361e-02
1.830650000000000055e-01,2.093750000000000472e-02
1.831699999999999995e-01,2.218750000000000236e-02
1.832749999999999935e-01,2.312500000000000319e-02
1.833800000000000152e-01,2.375000000000000375e-02
1.834850000000000092e-01,2.531250000000000167e-02
1.835900000000000032e-01,2.625000000000000250e-02
1.836949999999999972e-01,2.625000000000000250e-02
1.838000000000000189e-01,2.906250000000000500e-02
1.839050000000000129e-01,3.031250000000000264e-02
1.840100000000000069e-01,3.218750000000000083e-02
1.841150000000000009e-01,3.437500000000000278e-02
1.842199999999999949e-01,3.687500000000000500e-02
1.843250000000000166e-01,3.812500000000000611e-02
1.844300000000000106e-01,4.093750000000000167e-02
1.845350000000000046e-01,4.281250000000000333e-02
1.846399999999999986e-01,4.406250000000000444e-02
1.847450000000000203e-01,4.437500000000000472e-02
1.848500000000000143e-01,4.562500000000000583e-02
1.849550000000000083e-01,4.531250000000000555e-02
1.850600000000000023e-01,4.500000000000000527e-02
1.851649999999999963e-01,4.468750000000000500e-02
1.852700000000000180e-01,4.437500000000000472e-02
1.853750000000000120e-01,4.343750000000000389e-02
1.854800000000000060e-01,4.218750000000000278e-02
1.855850000000000000e-01,4.000000000000000083e-02
1.856899999999999940e-01,3.906250000000000000e-02
1.857950000000000157e-01,3.625000000000000444e-02
1.859000000000000097e-01,3.593750000000000416e-02
1.860050000000000037e-01,3.281250000000000139e-02
1.861099999999999977e-01,3.187500000000000056e-02
1.862150000000000194e-01,2.968750000000000208e-02
1.863200000000000134e-01,2.843750000000000444e-02
1.864250000000000074e-01,2.500000000000000139e-02
1.865300000000000014e-01,2.125000000000000500e-02
1.866349999999999953e-01,2.062500000000000444e-02
1.867400000000000171e-01,1.750000000000000167e-02
1.868450000000000111e-01,1.500000000000000291e-02
1.869500000000000051e-01,1.375000000000000180e-02
1.870549999999999990e-01,1.375000000000000180e-02
1.871599999999999930e-01,1.406250000000000208e-02
1.872650000000000148e-01,1.531250000000000319e-02
1.873700000000000088e-01,1.718750000000000139e-02
1.874750000000000028e-01,1.750000000000000167e-02
1.875799999999999967e-01,1.906250000000000305e-02
1.876850000000000185e-01,2.125000000000000500e-02
1.877900000000000125e-01,2.312500000000000319e-02
1.878950000000000065e-01,2.437500000000000083e-02
1.880000000000000004e-01,2.593750000000000222e-02
1.881049999999999944e-01,2.687500000000000305e-02
1.882100000000000162e-01,2.906250000000000500e-02
1.883150000000000102e-01,3.031250000000000264e-02
1.884200000000000041e-01,3.062500000000000291e-02
1.885249999999999981e-01,3.406250000000000250e-02
1.886300000000000199e-01,3.437500000000000278e-02
1.887350000000000139e-01,3.687500000000000500e-02
1.888400000000000079e-01,3.875000000000000666e-02
1.889450000000000018e-01,4.062500000000000139e-02
1.890499999999999958e-01,4.125000000000000194e-02
1.891550000000000176e-01,4.125000000000000194e-02
1.892600000000000116e-01,4.125000000000000194e-02
1.893650000000000055e-01,4.062500000000000139e-02
1.894699999999999995e-01,3.937500000000000722e-02
1.895749999999999935e-01,3.750000000000000555e-02
1.896800000000000153e-01,3.625000000000000444e-02
1.897850000000000092e-01,3.562500000000000389e-02
1.898900000000000032e-01,3.312500000000000167e-02
1.899949999999999972e-01,3.062500000000000291e-02
1.901000000000000190e-01,2.843750000000000444e-02
1.902050000000000129e-01,2.687500000000000305e-02
1.903100000000000069e-01,2.500000000000000139e-02
1.904150000000000009e-01,2.375000000000000375e-02
1.905199999999999949e-01,2.250000000000000264e-02
1.906250000000000167e-01,2.000000000000000389e-02
1.907300000000000106e-01,1.843750000000000250e-02
1.908350000000000046e-01,1.593750000000000375e-02
1.909399999999999986e-01,1.250000000000000416e-02
1.910450000000000204e-01,1.093750000000000278e-02
1.911500000000000143e-01,1.000000000000000194e-02
1.912550000000000083e-01,9.687500000000001665e-03
1.913600000000000023e-01,9.062500000000001110e-03
1.914649999999999963e-01,9.062500000000001110e-03
1.915700000000000180e-01,9.687500000000001665e-03
1.916750000000000120e-01,1.156250000000000333e-02
1.917800000000000060e-01,1.250000000000000416e-02
1.918850000000000000e-01,1.562500000000000347e-02
1.919899999999999940e-01,1.843750000000000250e-02
1.920950000000000157e-01,2.062500000000000444e-02
1.922000000000000097e-01,2.187500000000000555e-02
1.923050000000000037e-01,2.343750000000000347e-02
1.924099999999999977e-01,2.468750000000000111e-02
1.925150000000000194e-01,2.468750000000000111e-02
1.926200000000000134e-01,2.593750000000000222e-02
1.927250000000000074e-01,2.656250000000000278e-02
1.928300000000000014e-01,2.687500000000000305e-02
1.929349999999999954e-01,2.718750000000000333e-02
1.930400000000000171e-01,2.812500000000000416e-02
1.931450000000000111e-01,2.968750000000000208e-02
1.932500000000000051e-01,3.093750000000000319e-02
1.933549999999999991e-01,3.375000000000000222e-02
1.934600000000000208e-01,3.375000000000000222e-02
1.935650000000000148e-01,3.468750000000000305e-02
1.936700000000000088e-01,3.406250000000000250e-02
1.937750000000000028e-01,3.343750000000000194e-02
1.938799999999999968e-01,3.218750000000000083e-02
1.939850000000000185e-01,3.000000000000000236e-02
1.940900000000000125e-01,2.687500000000000305e-02
1.941950000000000065e-01,2.156250000000000527e-02
1.943000000000000005e-01,2.062500000000000444e-02
1.944049999999999945e-01,1.531250000000000319e-02
1.945100000000000162e-01,1.093750000000000278e-02
1.946150000000000102e-01,1.000000000000000194e-02
1.947200000000000042e-01,8.750000000000004302e-03
1.948249999999999982e-01,8.125000000000003747e-03
1.949300000000000199e-01,8.125000000000003747e-03
1.950350000000000139e-01,8.750000000000004302e-03
1.951400000000000079e-01,9.687500000000001665e-03
1.952450000000000019e-01,9.687500000000001665e-03
1.953499999999999959e-01,1.031250000000000222e-02
1.954550000000000176e-01,1.000000000000000194e-02
1.955600000000000116e-01,8.750000000000004302e-03
1.956650000000000056e-01,7.812500000000003469e-03
1.957699999999999996e-01,7.187500000000002914e-03
1.958749999999999936e-01,6.250000000000002082e-03
1.959800000000000153e-01,5.937500000000001804e-03
1.960850000000000093e-01,5.937500000000001804e-03
1.961900000000000033e-01,7.187500000000002914e-03
1.962949999999999973e-01,8.125000000000003747e-03
1.964000000000000190e-01,1.218750000000000389e-02
1.965050000000000130e-01,1.531250000000000319e-02
1.966100000000000070e-01,1.718750000000000139e-02
1.967150000000000010e-01,2.031250000000000416e-02
1.968199999999999950e-01,2.687500000000000305e-02
1.969250000000000167e-01,2.718750000000000333e-02
1.970300000000000107e-01,2.906250000000000500e-02
1.971350000000000047e-01,3.031250000000000264e-02
1.972399999999999987e-01,2.937500000000000527e-02
1.973450000000000204e-01,2.781250000000000389e-02
1.974500000000000144e-01,2.531250000000000167e-02
1.975550000000000084e-01,2.375000000000000375e-02
1.976600000000000024e-01,2.218750000000000236e-02
1.977649999999999963e-01,2.093750000000000472e-02
1.978700000000000181e-01,2.031250000000000416e-02
1.979750000000000121e-01,2.031250000000000416e-02
1.980800000000000061e-01,2.031250000000000416e-02
1.981850000000000001e-01,2.062500000000000444e-02
1.982899999999999940e-01,2.031250000000000416e-02
1.983950000000000158e-01,2.000000000000000389e-02
1.985000000000000098e-01,1.875000000000000278e-02
1.986050000000000038e-01,1.750000000000000167e-02
1.987099999999999977e-01,1.375000000000000180e-02
1.988150000000000195e-01,1.031250000000000222e-02
1.989200000000000135e-01,8.125000000000003747e-03
1.990250000000000075e-01,6.562500000000002359e-03
1.991300000000000014e-01,4.687500000000004163e-03
1.992349999999999954e-01,4.062500000000003608e-03
1.993400000000000172e-01,3.125000000000002776e-03
1.994450000000000112e-01,3.750000000000003331e-03
1.995500000000000052e-01,4.062500000000003608e-03
1.996549999999999991e-01,5.937500000000001804e-03
1.997600000000000209e-01,7.187500000000002914e-03
1.998650000000000149e-01,1.062500000000000250e-02
1.999700000000000089e-01,1.156250000000000333e-02
2.000750000000000028e-01,1.343750000000000153e-02
2.001799999999999968e-01,1.406250000000000208e-02
2.002850000000000186e-01,1.468750000000000264e-02
2.003900000000000126e-01,1.531250000000000319e-02
2.004950000000000065e-01,1.500000000000000291e-02
2.006000000000000005e-01,1.531250000000000319e-02
2.007049999999999945e-01,1.593750000000000375e-02
2.008100000000000163e-01,1.750000000000000167e-02
2.009150000000000102e-01,1.843750000000000250e-02
2.010200000000000042e-01,2.000000000000000389e-02
2.011249999999999982e-01,2.593750000000000222e-02
2.012300000000000200e-01,2.750000000000000361e-02
2.013350000000000140e-01,3.187500000000000056e-02
2.014400000000000079e-01,3.375000000000000222e-02
2.015450000000000019e-01,3.500000000000000333e-02
2.016499999999999959e-01,3.531250000000000361e-02
2.017550000000000177e-01,3.500000000000000333e-02
2.018600000000000116e-01,3.281250000000000139e-02
2.019650000000000056e-01,3.062500000000000291e-02
2.020699999999999996e-01,2.906250000000000500e-02
2.021750000000000214e-01,2.437500000000000083e-02
2.022800000000000153e-01,2.406250000000000056e-02
2.023850000000000093e-01,2.187500000000000555e-02
2.024900000000000033e-01,2.156250000000000527e-02
2.025949999999999973e-01,2.031250000000000416e-02
2.027000000000000191e-01,2.031250000000000416e-02
2.028050000000000130e-01,2.000000000000000389e-02
2.029100000000000070e-01,2.031250000000000416e-02
2.030150000000000010e-01,2.093750000000000472e-02
2.031199999999999950e-01,2.062500000000000444e-02
2.032250000000000167e-01,2.031250000000000416e-02
2.033300000000000107e-01,1.750000000000000167e-02
2.034350000000000047e-01,1.593750000000000375e-02
2.035399999999999987e-01,1.343750000000000153e-02
2.036450000000000204e-01,1.250000000000000416e-02
2.037500000000000144e-01,1.218750000000000389e-02
2.038550000000000084e-01,1.187500000000000361e-02
2.039600000000000024e-01,1.187500000000000361e-02
2.040649999999999964e-01,1.312500000000000125e-02
2.041700000000000181e-01,1.500000000000000291e-02
2.042750000000000121e-01,1.625000000000000402e-02
2.043800000000000061e-01,2.156250000000000527e-02
2.044850000000000001e-01,2.250000000000000264e-02
2.045899999999999941e-01,2.687500000000000305e-02
2.046950000000000158e-01,2.812500000000000416e-02
2.048000000000000098e-01,3.093750000000000319e-02
2.049050000000000038e-01,3.375000000000000222e-02
2.050099999999999978e-01,3.562500000000000389e-02
2.051150000000000195e-01,3.625000000000000444e-02
2.052200000000000135e-01,3.750000000000000555e-02
2.053250000000000075e-01,3.781250000000000583e-02
2.054300000000000015e-01,3.875000000000000666e-02
2.055349999999999955e-01,4.000000000000000083e-02
2.056400000000000172e-01,4.187500000000000250e-02
2.057450000000000112e-01,4.281250000000000333e-02
2.058500000000000052e-01,4.406250000000000444e-02
2.059549999999999992e-01,4.500000000000000527e-02
2.060600000000000209e-01,4.562500000000000583e-02
2.061650000000000149e-01,4.593750000000000611e-02
2.062700000000000089e-01,4.593750000000000611e-02
2.063750000000000029e-01,4.593750000000000611e-02
2.064799999999999969e-01,4.562500000000000583e-02
2.065850000000000186e-01,4.437500000000000472e-02
2.066900000000000126e-01,4.281250000000000333e-02
2.067950000000000066e-01,4.187500000000000250e-02
2.069000000000000006e-01,4.062500000000000139e-02
2.070049999999999946e-01,3.875000000000000666e-02
2.071100000000000163e-01,3.843750000000000638e-02
2.072150000000000103e-01,3.781250000000000583e-02
2.073200000000000043e-01,3.687500000000000500e-02
2.074249999999999983e-01,3.625000000000000444e-02
2.075300000000000200e-01,3.593750000000000416e-02
2.076350000000000140e-01,3.562500000000000389e-02
2.077400000000000080e-01,3.531250000000000361e-02
2.078450000000000020e-01,3.468750000000000305e-02
2.079499999999999960e-01,3.312500000000000167e-02
2.080550000000000177e-01,3.250000000000000111e-02
2.081600000000000117e-01,3.250000000000000111e-02
2.082650000000000057e-01,2.656250000000000278e-02
2.083699999999999997e-01,2.843750000000000444e-02
2.084750000000000214e-01,3.031250000000000264e-02
2.085800000000000154e-01,3.250000000000000111e-02
2.086850000000000094e-01,3.312500000000000167e-02
2.087900000000000034e-01,3.250000000000000111e-02
2.088949999999999974e-01,3.468750000000000305e-02
