PURE SILICA, ELECTRODE=TUNGSTEN, TIME=35, POLING_VOLTAGE=3700, WAVELENGTH=1.55e-06, EFFECTIVE_DISTANCE=3.1e-05, POLED_LENGTH=0.3, CORE_INDEX=1.45, POLE=MAX, AC_VOLTAGE=1113.0, AC_FREQUENCY=4400, PIEZO_FREQUENCY=88.0
Time(s),Voltage(V)
-8.000000000000000654e-05,5.937500000000001804e-03
-7.420000000000000109e-05,5.625000000000001527e-03
-6.840000000000000919e-05,5.312500000000001249e-03
-6.260000000000000373e-05,5.625000000000001527e-03
-5.680000000000000505e-05,5.312500000000001249e-03
-5.100000000000000637e-05,5.312500000000001249e-03
-4.520000000000000092e-05,5.312500000000001249e-03
-3.940000000000000224e-05,5.000000000000004441e-03
-3.360000000000000356e-05,5.000000000000004441e-03
-2.780000000000000488e-05,4.687500000000004163e-03
-2.200000000000000620e-05,4.687500000000004163e-03
-1.620000000000000075e-05,4.687500000000004163e-03
-1.039999999999999529e-05,4.687500000000004163e-03
-4.600000000000003392e-06,4.687500000000004163e-03
1.200000000000002063e-06,4.687500000000004163e-03
6.999999999999993966e-06,4.687500000000004163e-03
1.279999999999999942e-05,4.687500000000004163e-03
1.860000000000000488e-05,4.687500000000004163e-03
2.439999999999999678e-05,4.687500000000004163e-03
3.020000000000000223e-05,4.687500000000004163e-03
3.599999999999999414e-05,4.687500000000004163e-03
4.179999999999999959e-05,4.687500000000004163e-03
4.760000000000000505e-05,4.375000000000003886e-03
5.340000000000001050e-05,4.375000000000003886e-03
5.920000000000001596e-05,4.687500000000004163e-03
6.499999999999999431e-05,5.000000000000004441e-03
7.079999999999999976e-05,5.625000000000001527e-03
7.660000000000000522e-05,6.875000000000002637e-03
8.240000000000001067e-05,7.500000000000003192e-03
8.820000000000001613e-05,9.062500000000001110e-03
9.399999999999999448e-05,1.125000000000000305e-02
9.979999999999999993e-05,1.312500000000000125e-02
1.056000000000000054e-04,1.531250000000000319e-02
1.114000000000000108e-04,1.656250000000000430e-02
1.172000000000000163e-04,1.625000000000000402e-02
1.230000000000000082e-04,1.625000000000000402e-02
1.287999999999999865e-04,1.750000000000000167e-02
1.346000000000000191e-04,1.750000000000000167e-02
1.403999999999999975e-04,1.687500000000000458e-02
1.462000000000000300e-04,1.687500000000000458e-02
1.520000000000000084e-04,1.750000000000000167e-02
1.577999999999999867e-04,1.781250000000000194e-02
1.636000000000000193e-04,1.812500000000000222e-02
1.693999999999999976e-04,1.718750000000000139e-02
1.752000000000000302e-04,1.656250000000000430e-02
1.810000000000000085e-04,1.593750000000000375e-02
1.868000000000000411e-04,1.625000000000000402e-02
1.926000000000000194e-04,1.656250000000000430e-02
1.984000000000000520e-04,1.687500000000000458e-02
2.042000000000000304e-04,1.687500000000000458e-02
2.100000000000000087e-04,1.656250000000000430e-02
2.158000000000000413e-04,1.656250000000000430e-02
2.216000000000000196e-04,1.593750000000000375e-02
2.274000000000000522e-04,1.531250000000000319e-02
2.332000000000000305e-04,1.531250000000000319e-02
2.390000000000000089e-04,1.500000000000000291e-02
2.448000000000000414e-04,1.531250000000000319e-02
2.506000000000000198e-04,1.531250000000000319e-02
2.564000000000000523e-04,1.531250000000000319e-02
2.622000000000000307e-04,1.531250000000000319e-02
2.680000000000000090e-04,1.562500000000000347e-02
2.738000000000000416e-04,1.562500000000000347e-02
2.796000000000000200e-04,1.593750000000000375e-02
2.854000000000000525e-04,1.625000000000000402e-02
2.912000000000000309e-04,1.656250000000000430e-02
2.970000000000000092e-04,1.625000000000000402e-02
3.028000000000000418e-04,1.562500000000000347e-02
3.086000000000000201e-04,1.531250000000000319e-02
3.144000000000000527e-04,1.437500000000000236e-02
3.202000000000000310e-04,1.406250000000000208e-02
3.260000000000000094e-04,1.406250000000000208e-02
3.318000000000000419e-04,1.437500000000000236e-02
3.376000000000000203e-04,1.531250000000000319e-02
3.434000000000000529e-04,1.593750000000000375e-02
3.492000000000000312e-04,1.625000000000000402e-02
3.550000000000000096e-04,1.593750000000000375e-02
3.608000000000000421e-04,1.562500000000000347e-02
3.666000000000000205e-04,1.500000000000000291e-02
3.724000000000000530e-04,1.468750000000000264e-02
3.782000000000000314e-04,1.406250000000000208e-02
3.840000000000000097e-04,1.375000000000000180e-02
3.898000000000000423e-04,1.312500000000000125e-02
3.956000000000000206e-04,1.281250000000000444e-02
4.014000000000000532e-04,1.218750000000000389e-02
4.072000000000000315e-04,1.187500000000000361e-02
4.130000000000000641e-04,1.156250000000000333e-02
4.187999999999999882e-04,1.093750000000000278e-02
4.246000000000000208e-04,1.093750000000000278e-02
4.304000000000000534e-04,1.062500000000000250e-02
4.362000000000000859e-04,1.031250000000000222e-02
4.420000000000000101e-04,1.000000000000000194e-02
4.478000000000000426e-04,1.000000000000000194e-02
4.536000000000000752e-04,9.687500000000001665e-03
4.593999999999999993e-04,9.687500000000001665e-03
4.652000000000000319e-04,1.031250000000000222e-02
4.710000000000000644e-04,1.031250000000000222e-02
4.768000000000000970e-04,1.031250000000000222e-02
4.826000000000000211e-04,1.031250000000000222e-02
4.884000000000000537e-04,1.000000000000000194e-02
4.942000000000000863e-04,9.687500000000001665e-03
5.000000000000000104e-04,9.687500000000001665e-03
5.058000000000000430e-04,9.375000000000001388e-03
5.116000000000000755e-04,9.062500000000001110e-03
5.173999999999999997e-04,9.375000000000001388e-03
5.232000000000000322e-04,9.375000000000001388e-03
5.290000000000000648e-04,9.375000000000001388e-03
5.348000000000000973e-04,9.375000000000001388e-03
5.406000000000000215e-04,9.687500000000001665e-03
5.464000000000000540e-04,9.687500000000001665e-03
5.522000000000000866e-04,1.062500000000000250e-02
5.580000000000000107e-04,1.093750000000000278e-02
5.638000000000000433e-04,1.125000000000000305e-02
5.696000000000000759e-04,1.187500000000000361e-02
5.754000000000000000e-04,1.125000000000000305e-02
5.812000000000000326e-04,1.125000000000000305e-02
5.870000000000000651e-04,1.125000000000000305e-02
5.928000000000000977e-04,1.062500000000000250e-02
5.986000000000000218e-04,1.031250000000000222e-02
6.044000000000000544e-04,1.031250000000000222e-02
6.102000000000000869e-04,9.687500000000001665e-03
6.160000000000000111e-04,9.375000000000001388e-03
6.218000000000000436e-04,9.062500000000001110e-03
6.276000000000000762e-04,9.062500000000001110e-03
6.334000000000000003e-04,9.062500000000001110e-03
6.392000000000000329e-04,8.750000000000004302e-03
6.450000000000000655e-04,8.437500000000004025e-03
6.508000000000000980e-04,8.125000000000003747e-03
6.566000000000000222e-04,8.125000000000003747e-03
6.624000000000000547e-04,8.437500000000004025e-03
6.682000000000000873e-04,8.125000000000003747e-03
6.740000000000000114e-04,8.750000000000004302e-03
6.798000000000000440e-04,9.375000000000001388e-03
6.856000000000000765e-04,9.375000000000001388e-03
6.914000000000001091e-04,9.375000000000001388e-03
6.972000000000000332e-04,9.375000000000001388e-03
7.030000000000000658e-04,9.375000000000001388e-03
7.088000000000000984e-04,9.375000000000001388e-03
7.146000000000000225e-04,9.062500000000001110e-03
7.204000000000000551e-04,9.062500000000001110e-03
7.262000000000000876e-04,9.375000000000001388e-03
7.320000000000000118e-04,9.375000000000001388e-03
7.378000000000000443e-04,9.687500000000001665e-03
7.436000000000000769e-04,1.000000000000000194e-02
7.494000000000001094e-04,1.000000000000000194e-02
7.552000000000000336e-04,1.062500000000000250e-02
7.610000000000000661e-04,1.125000000000000305e-02
7.668000000000000987e-04,1.218750000000000389e-02
7.726000000000000228e-04,1.218750000000000389e-02
7.784000000000000554e-04,1.250000000000000416e-02
7.842000000000000880e-04,1.312500000000000125e-02
7.900000000000000121e-04,1.343750000000000153e-02
7.958000000000000447e-04,1.343750000000000153e-02
8.016000000000000772e-04,1.375000000000000180e-02
8.074000000000001098e-04,1.406250000000000208e-02
8.132000000000000339e-04,1.406250000000000208e-02
8.190000000000000665e-04,1.375000000000000180e-02
8.248000000000000990e-04,1.343750000000000153e-02
8.306000000000000232e-04,1.312500000000000125e-02
8.364000000000000557e-04,1.250000000000000416e-02
8.422000000000000883e-04,1.218750000000000389e-02
8.480000000000000124e-04,1.187500000000000361e-02
8.538000000000000450e-04,1.156250000000000333e-02
8.596000000000000776e-04,1.125000000000000305e-02
8.654000000000001101e-04,1.093750000000000278e-02
8.712000000000000343e-04,1.062500000000000250e-02
8.770000000000000668e-04,1.031250000000000222e-02
8.828000000000000994e-04,1.031250000000000222e-02
8.886000000000000235e-04,1.000000000000000194e-02
8.944000000000000561e-04,1.031250000000000222e-02
9.002000000000000886e-04,1.062500000000000250e-02
9.060000000000001212e-04,1.093750000000000278e-02
9.118000000000001538e-04,1.156250000000000333e-02
9.175999999999999695e-04,1.187500000000000361e-02
9.234000000000000020e-04,1.187500000000000361e-02
9.292000000000000346e-04,1.218750000000000389e-02
9.350000000000000672e-04,1.187500000000000361e-02
9.408000000000000997e-04,1.187500000000000361e-02
9.466000000000001323e-04,1.156250000000000333e-02
9.524000000000001648e-04,1.156250000000000333e-02
9.581999999999999806e-04,1.156250000000000333e-02
9.640000000000000131e-04,1.187500000000000361e-02
9.698000000000000457e-04,1.218750000000000389e-02
9.756000000000000782e-04,1.250000000000000416e-02
9.814000000000001108e-04,1.312500000000000125e-02
9.872000000000001434e-04,1.343750000000000153e-02
9.930000000000001759e-04,1.406250000000000208e-02
9.987999999999999916e-04,1.406250000000000208e-02
1.004600000000000024e-03,1.406250000000000208e-02
1.010400000000000057e-03,1.468750000000000264e-02
1.016200000000000089e-03,1.468750000000000264e-02
1.022000000000000122e-03,1.468750000000000264e-02
1.027800000000000154e-03,1.500000000000000291e-02
1.033600000000000187e-03,1.562500000000000347e-02
1.039400000000000003e-03,1.500000000000000291e-02
1.045200000000000035e-03,1.500000000000000291e-02
1.051000000000000068e-03,1.468750000000000264e-02
1.056800000000000100e-03,1.406250000000000208e-02
1.062600000000000133e-03,1.406250000000000208e-02
1.068400000000000166e-03,1.375000000000000180e-02
1.074199999999999981e-03,1.312500000000000125e-02
1.080000000000000014e-03,1.281250000000000444e-02
1.085800000000000046e-03,1.250000000000000416e-02
1.091600000000000079e-03,1.250000000000000416e-02
1.097400000000000111e-03,1.187500000000000361e-02
1.103200000000000144e-03,1.187500000000000361e-02
1.109000000000000177e-03,1.187500000000000361e-02
1.114799999999999992e-03,1.156250000000000333e-02
1.120600000000000025e-03,1.156250000000000333e-02
1.126400000000000057e-03,1.125000000000000305e-02
1.132200000000000090e-03,1.125000000000000305e-02
1.138000000000000123e-03,1.156250000000000333e-02
1.143800000000000155e-03,1.156250000000000333e-02
1.149600000000000188e-03,1.187500000000000361e-02
1.155400000000000003e-03,1.187500000000000361e-02
1.161200000000000036e-03,1.218750000000000389e-02
1.167000000000000069e-03,1.250000000000000416e-02
1.172800000000000101e-03,1.281250000000000444e-02
1.178600000000000134e-03,1.281250000000000444e-02
1.184400000000000166e-03,1.343750000000000153e-02
1.190199999999999982e-03,1.375000000000000180e-02
1.196000000000000014e-03,1.468750000000000264e-02
1.201800000000000047e-03,1.531250000000000319e-02
1.207600000000000080e-03,1.562500000000000347e-02
1.213400000000000112e-03,1.625000000000000402e-02
1.219200000000000145e-03,1.718750000000000139e-02
1.225000000000000177e-03,1.781250000000000194e-02
1.230799999999999993e-03,1.843750000000000250e-02
1.236600000000000026e-03,1.906250000000000305e-02
1.242400000000000058e-03,2.031250000000000416e-02
1.248200000000000091e-03,2.062500000000000444e-02
1.254000000000000123e-03,2.125000000000000500e-02
1.259800000000000156e-03,2.125000000000000500e-02
1.265600000000000188e-03,2.156250000000000527e-02
1.271400000000000004e-03,2.187500000000000555e-02
1.277200000000000037e-03,2.156250000000000527e-02
1.283000000000000069e-03,2.125000000000000500e-02
1.288800000000000102e-03,2.093750000000000472e-02
1.294600000000000134e-03,2.000000000000000389e-02
1.300400000000000167e-03,1.968750000000000361e-02
1.306200000000000199e-03,1.906250000000000305e-02
1.312000000000000015e-03,1.875000000000000278e-02
1.317800000000000048e-03,1.812500000000000222e-02
1.323600000000000080e-03,1.812500000000000222e-02
1.329400000000000113e-03,1.781250000000000194e-02
1.335200000000000145e-03,1.750000000000000167e-02
1.341000000000000178e-03,1.750000000000000167e-02
1.346799999999999994e-03,1.750000000000000167e-02
1.352600000000000026e-03,1.750000000000000167e-02
1.358400000000000059e-03,1.781250000000000194e-02
1.364200000000000091e-03,1.812500000000000222e-02
1.370000000000000124e-03,1.843750000000000250e-02
1.375800000000000156e-03,1.843750000000000250e-02
1.381600000000000189e-03,1.937500000000000333e-02
1.387400000000000005e-03,1.906250000000000305e-02
1.393200000000000037e-03,1.968750000000000361e-02
1.399000000000000070e-03,2.000000000000000389e-02
1.404800000000000102e-03,2.031250000000000416e-02
1.410600000000000135e-03,2.125000000000000500e-02
1.416400000000000168e-03,2.187500000000000555e-02
1.422200000000000200e-03,2.250000000000000264e-02
1.428000000000000016e-03,2.343750000000000347e-02
1.433800000000000048e-03,2.375000000000000375e-02
1.439600000000000081e-03,2.437500000000000083e-02
1.445400000000000114e-03,2.531250000000000167e-02
1.451200000000000146e-03,2.593750000000000222e-02
1.457000000000000179e-03,2.656250000000000278e-02
1.462800000000000211e-03,2.781250000000000389e-02
1.468600000000000027e-03,2.843750000000000444e-02
1.474400000000000059e-03,2.937500000000000527e-02
1.480200000000000092e-03,2.968750000000000208e-02
1.486000000000000125e-03,3.000000000000000236e-02
1.491800000000000157e-03,3.062500000000000291e-02
1.497600000000000190e-03,3.031250000000000264e-02
1.503400000000000005e-03,3.031250000000000264e-02
1.509200000000000038e-03,3.031250000000000264e-02
1.515000000000000071e-03,2.968750000000000208e-02
1.520800000000000103e-03,2.906250000000000500e-02
1.526600000000000136e-03,2.843750000000000444e-02
1.532400000000000168e-03,2.812500000000000416e-02
1.538200000000000201e-03,2.718750000000000333e-02
1.544000000000000017e-03,2.687500000000000305e-02
1.549800000000000049e-03,2.656250000000000278e-02
1.555600000000000082e-03,2.656250000000000278e-02
1.561400000000000114e-03,2.593750000000000222e-02
1.567200000000000147e-03,2.531250000000000167e-02
1.573000000000000179e-03,2.562500000000000194e-02
1.578800000000000212e-03,2.593750000000000222e-02
1.584600000000000028e-03,2.593750000000000222e-02
1.590400000000000060e-03,2.625000000000000250e-02
1.596200000000000093e-03,2.687500000000000305e-02
1.602000000000000125e-03,2.718750000000000333e-02
1.607800000000000158e-03,2.781250000000000389e-02
1.613600000000000190e-03,2.781250000000000389e-02
1.619400000000000223e-03,2.843750000000000444e-02
1.625200000000000039e-03,2.875000000000000472e-02
1.631000000000000071e-03,2.937500000000000527e-02
1.636800000000000104e-03,2.968750000000000208e-02
1.642600000000000136e-03,3.031250000000000264e-02
1.648400000000000169e-03,3.125000000000000000e-02
1.654200000000000201e-03,3.156250000000000028e-02
1.660000000000000017e-03,3.250000000000000111e-02
1.665800000000000050e-03,3.312500000000000167e-02
1.671600000000000082e-03,3.375000000000000222e-02
1.677400000000000115e-03,3.437500000000000278e-02
1.683200000000000147e-03,3.562500000000000389e-02
1.689000000000000180e-03,3.625000000000000444e-02
1.694800000000000213e-03,3.656250000000000472e-02
1.700600000000000028e-03,3.750000000000000555e-02
1.706400000000000061e-03,3.812500000000000611e-02
1.712200000000000093e-03,3.843750000000000638e-02
1.718000000000000126e-03,3.906250000000000000e-02
1.723800000000000159e-03,3.875000000000000666e-02
1.729600000000000191e-03,3.937500000000000722e-02
1.735400000000000224e-03,3.937500000000000722e-02
1.741200000000000039e-03,3.875000000000000666e-02
1.747000000000000072e-03,3.843750000000000638e-02
1.752800000000000104e-03,3.781250000000000583e-02
1.758600000000000137e-03,3.750000000000000555e-02
1.764400000000000170e-03,3.718750000000000527e-02
1.770200000000000202e-03,3.687500000000000500e-02
1.776000000000000018e-03,3.656250000000000472e-02
1.781800000000000050e-03,3.625000000000000444e-02
1.787600000000000083e-03,3.593750000000000416e-02
1.793400000000000116e-03,3.593750000000000416e-02
1.799200000000000148e-03,3.593750000000000416e-02
1.805000000000000181e-03,3.593750000000000416e-02
1.810800000000000213e-03,3.593750000000000416e-02
1.816600000000000029e-03,3.656250000000000472e-02
1.822400000000000062e-03,3.687500000000000500e-02
1.828200000000000094e-03,3.750000000000000555e-02
1.834000000000000127e-03,3.812500000000000611e-02
1.839800000000000159e-03,3.843750000000000638e-02
1.845600000000000192e-03,3.875000000000000666e-02
1.851400000000000224e-03,3.906250000000000000e-02
1.857200000000000040e-03,3.937500000000000722e-02
1.863000000000000073e-03,4.000000000000000083e-02
1.868800000000000105e-03,4.000000000000000083e-02
1.874599999999999921e-03,4.031250000000000111e-02
1.880400000000000170e-03,4.125000000000000194e-02
1.886199999999999986e-03,4.156250000000000222e-02
1.892000000000000235e-03,4.187500000000000250e-02
1.897800000000000051e-03,4.218750000000000278e-02
1.903600000000000301e-03,4.312500000000000361e-02
1.909400000000000116e-03,4.343750000000000389e-02
1.915199999999999932e-03,4.406250000000000444e-02
1.921000000000000181e-03,4.468750000000000500e-02
1.926799999999999997e-03,4.500000000000000527e-02
1.932600000000000246e-03,4.531250000000000555e-02
1.938400000000000062e-03,4.593750000000000611e-02
1.944200000000000312e-03,4.656250000000000666e-02
1.950000000000000127e-03,4.656250000000000666e-02
1.955799999999999726e-03,4.687500000000000000e-02
1.961599999999999976e-03,4.656250000000000666e-02
1.967399999999999791e-03,4.656250000000000666e-02
1.973200000000000041e-03,4.624999999999999944e-02
1.978999999999999856e-03,4.531250000000000555e-02
1.984800000000000106e-03,4.562500000000000583e-02
1.990599999999999922e-03,4.468750000000000500e-02
1.996399999999999737e-03,4.406250000000000444e-02
2.002199999999999987e-03,4.406250000000000444e-02
2.007999999999999802e-03,4.406250000000000444e-02
2.013800000000000052e-03,4.375000000000000416e-02
2.019599999999999868e-03,4.375000000000000416e-02
2.025400000000000117e-03,4.375000000000000416e-02
2.031199999999999933e-03,4.375000000000000416e-02
2.036999999999999748e-03,4.437500000000000472e-02
2.042799999999999998e-03,4.406250000000000444e-02
2.048599999999999813e-03,4.437500000000000472e-02
2.054400000000000063e-03,4.468750000000000500e-02
2.060199999999999879e-03,4.531250000000000555e-02
2.066000000000000128e-03,4.562500000000000583e-02
2.071799999999999944e-03,4.593750000000000611e-02
2.077599999999999759e-03,4.656250000000000666e-02
2.083400000000000009e-03,4.656250000000000666e-02
2.089199999999999825e-03,4.718750000000000722e-02
2.095000000000000074e-03,4.781250000000000777e-02
2.100799999999999890e-03,4.843750000000000139e-02
2.106600000000000139e-03,4.875000000000000167e-02
2.112399999999999955e-03,4.906250000000000194e-02
2.118199999999999771e-03,4.937500000000000222e-02
2.124000000000000020e-03,4.968750000000000250e-02
2.129799999999999836e-03,5.062500000000000333e-02
2.135600000000000085e-03,5.062500000000000333e-02
2.141399999999999901e-03,5.093750000000000361e-02
2.147200000000000150e-03,5.156250000000000416e-02
2.152999999999999966e-03,5.187500000000000444e-02
2.158799999999999782e-03,5.218750000000000472e-02
2.164600000000000031e-03,5.250000000000000500e-02
2.170399999999999847e-03,5.250000000000000500e-02
2.176200000000000096e-03,5.281250000000000527e-02
2.181999999999999912e-03,5.343749999999999889e-02
2.187799999999999728e-03,5.312500000000000555e-02
2.193599999999999977e-03,5.343749999999999889e-02
2.199399999999999793e-03,5.343749999999999889e-02
2.205200000000000042e-03,5.343749999999999889e-02
2.210999999999999858e-03,5.312500000000000555e-02
2.216800000000000107e-03,5.281250000000000527e-02
2.222599999999999923e-03,5.281250000000000527e-02
2.228399999999999739e-03,5.250000000000000500e-02
2.234199999999999988e-03,5.250000000000000500e-02
2.239999999999999804e-03,5.218750000000000472e-02
2.245800000000000053e-03,5.218750000000000472e-02
2.251599999999999869e-03,5.218750000000000472e-02
2.257400000000000118e-03,5.218750000000000472e-02
2.263199999999999934e-03,5.187500000000000444e-02
2.268999999999999750e-03,5.281250000000000527e-02
2.274799999999999999e-03,5.250000000000000500e-02
2.280599999999999815e-03,5.312500000000000555e-02
2.286400000000000064e-03,5.312500000000000555e-02
2.292199999999999880e-03,5.312500000000000555e-02
2.298000000000000129e-03,5.375000000000000611e-02
2.303799999999999945e-03,5.406249999999999944e-02
2.309599999999999761e-03,5.375000000000000611e-02
2.315400000000000010e-03,5.437500000000000666e-02
2.321199999999999826e-03,5.437500000000000666e-02
2.327000000000000075e-03,5.468750000000000000e-02
2.332799999999999891e-03,5.500000000000000722e-02
2.338600000000000140e-03,5.500000000000000722e-02
2.344399999999999956e-03,5.531250000000000056e-02
2.350199999999999772e-03,5.562500000000000777e-02
2.356000000000000021e-03,5.562500000000000777e-02
2.361799999999999837e-03,5.593750000000000111e-02
2.367600000000000086e-03,5.593750000000000111e-02
2.373399999999999902e-03,5.593750000000000111e-02
2.379200000000000152e-03,5.593750000000000111e-02
2.384999999999999967e-03,5.625000000000000833e-02
2.390799999999999783e-03,5.656250000000000167e-02
2.396600000000000032e-03,5.656250000000000167e-02
2.402399999999999848e-03,5.687500000000000888e-02
2.408200000000000097e-03,5.718750000000000222e-02
2.413999999999999913e-03,5.687500000000000888e-02
2.419800000000000163e-03,5.687500000000000888e-02
2.425599999999999978e-03,5.687500000000000888e-02
2.431399999999999794e-03,5.656250000000000167e-02
2.437200000000000043e-03,5.625000000000000833e-02
2.442999999999999859e-03,5.593750000000000111e-02
2.448800000000000109e-03,5.562500000000000777e-02
2.454599999999999924e-03,5.531250000000000056e-02
2.460399999999999740e-03,5.531250000000000056e-02
2.466199999999999989e-03,5.468750000000000000e-02
2.471999999999999805e-03,5.468750000000000000e-02
2.477800000000000055e-03,5.468750000000000000e-02
2.483599999999999870e-03,5.468750000000000000e-02
2.489400000000000120e-03,5.468750000000000000e-02
2.495199999999999935e-03,5.468750000000000000e-02
2.500999999999999751e-03,5.468750000000000000e-02
2.506800000000000000e-03,5.468750000000000000e-02
2.512599999999999816e-03,5.531250000000000056e-02
2.518400000000000066e-03,5.500000000000000722e-02
2.524199999999999881e-03,5.531250000000000056e-02
2.530000000000000131e-03,5.562500000000000777e-02
2.535799999999999946e-03,5.562500000000000777e-02
2.541599999999999762e-03,5.625000000000000833e-02
2.547400000000000012e-03,5.593750000000000111e-02
2.553199999999999827e-03,5.625000000000000833e-02
2.559000000000000077e-03,5.656250000000000167e-02
2.564799999999999892e-03,5.656250000000000167e-02
2.570600000000000142e-03,5.687500000000000888e-02
2.576399999999999958e-03,5.687500000000000888e-02
2.582199999999999773e-03,5.687500000000000888e-02
2.588000000000000023e-03,5.687500000000000888e-02
2.593799999999999838e-03,5.656250000000000167e-02
2.599600000000000088e-03,5.656250000000000167e-02
2.605399999999999903e-03,5.656250000000000167e-02
2.611200000000000153e-03,5.687500000000000888e-02
2.616999999999999969e-03,5.718750000000000222e-02
2.622799999999999784e-03,5.718750000000000222e-02
2.628600000000000034e-03,5.687500000000000888e-02
2.634399999999999849e-03,5.718750000000000222e-02
2.640200000000000099e-03,5.718750000000000222e-02
2.645999999999999915e-03,5.750000000000000250e-02
2.651800000000000164e-03,5.750000000000000250e-02
2.657599999999999980e-03,5.812500000000000305e-02
2.663399999999999795e-03,5.750000000000000250e-02
2.669200000000000045e-03,5.781250000000000278e-02
2.674999999999999861e-03,5.812500000000000305e-02
2.680800000000000110e-03,5.750000000000000250e-02
2.686599999999999926e-03,5.781250000000000278e-02
2.692400000000000175e-03,5.750000000000000250e-02
2.698199999999999991e-03,5.750000000000000250e-02
2.703999999999999806e-03,5.750000000000000250e-02
2.709800000000000056e-03,5.750000000000000250e-02
2.715599999999999872e-03,5.718750000000000222e-02
2.721400000000000121e-03,5.718750000000000222e-02
2.727199999999999937e-03,5.750000000000000250e-02
2.733000000000000186e-03,5.718750000000000222e-02
2.738800000000000002e-03,5.687500000000000888e-02
2.744599999999999818e-03,5.750000000000000250e-02
2.750400000000000067e-03,5.750000000000000250e-02
2.756199999999999883e-03,5.718750000000000222e-02
2.762000000000000132e-03,5.718750000000000222e-02
2.767799999999999948e-03,5.718750000000000222e-02
2.773599999999999764e-03,5.718750000000000222e-02
2.779400000000000013e-03,5.750000000000000250e-02
2.785199999999999829e-03,5.750000000000000250e-02
2.791000000000000078e-03,5.718750000000000222e-02
2.796799999999999894e-03,5.718750000000000222e-02
2.802600000000000143e-03,5.687500000000000888e-02
2.808399999999999959e-03,5.625000000000000833e-02
2.814199999999999775e-03,5.625000000000000833e-02
2.820000000000000024e-03,5.593750000000000111e-02
2.825799999999999840e-03,5.562500000000000777e-02
2.831600000000000089e-03,5.531250000000000056e-02
2.837399999999999905e-03,5.468750000000000000e-02
2.843200000000000154e-03,5.468750000000000000e-02
2.848999999999999970e-03,5.468750000000000000e-02
2.854799999999999786e-03,5.437500000000000666e-02
2.860600000000000035e-03,5.437500000000000666e-02
2.866399999999999851e-03,5.468750000000000000e-02
2.872200000000000100e-03,5.468750000000000000e-02
2.877999999999999916e-03,5.500000000000000722e-02
2.883800000000000165e-03,5.531250000000000056e-02
2.889599999999999981e-03,5.562500000000000777e-02
2.895399999999999797e-03,5.562500000000000777e-02
2.901200000000000046e-03,5.593750000000000111e-02
2.906999999999999862e-03,5.593750000000000111e-02
2.912800000000000111e-03,5.593750000000000111e-02
2.918599999999999927e-03,5.625000000000000833e-02
2.924400000000000176e-03,5.625000000000000833e-02
2.930199999999999992e-03,5.656250000000000167e-02
2.935999999999999808e-03,5.656250000000000167e-02
2.941800000000000057e-03,5.625000000000000833e-02
2.947599999999999873e-03,5.593750000000000111e-02
2.953400000000000122e-03,5.593750000000000111e-02
2.959199999999999938e-03,5.593750000000000111e-02
2.965000000000000187e-03,5.593750000000000111e-02
2.970800000000000003e-03,5.593750000000000111e-02
2.976599999999999819e-03,5.562500000000000777e-02
2.982400000000000068e-03,5.593750000000000111e-02
2.988199999999999884e-03,5.593750000000000111e-02
2.994000000000000133e-03,5.562500000000000777e-02
2.999799999999999949e-03,5.531250000000000056e-02
3.005600000000000199e-03,5.562500000000000777e-02
3.011400000000000014e-03,5.531250000000000056e-02
3.017199999999999830e-03,5.500000000000000722e-02
3.023000000000000079e-03,5.468750000000000000e-02
3.028799999999999895e-03,5.437500000000000666e-02
3.034600000000000145e-03,5.375000000000000611e-02
3.040399999999999960e-03,5.343749999999999889e-02
3.046199999999999776e-03,5.281250000000000527e-02
3.052000000000000025e-03,5.218750000000000472e-02
3.057799999999999841e-03,5.125000000000000389e-02
3.063600000000000090e-03,5.125000000000000389e-02
3.069399999999999906e-03,5.062500000000000333e-02
3.075200000000000156e-03,5.031250000000000305e-02
3.080999999999999971e-03,4.968750000000000250e-02
3.086799999999999787e-03,5.000000000000000278e-02
3.092600000000000036e-03,4.968750000000000250e-02
3.098399999999999852e-03,5.000000000000000278e-02
3.104200000000000102e-03,5.031250000000000305e-02
3.109999999999999917e-03,5.031250000000000305e-02
3.115800000000000167e-03,5.031250000000000305e-02
3.121599999999999982e-03,5.125000000000000389e-02
3.127399999999999798e-03,5.062500000000000333e-02
3.133200000000000048e-03,5.093750000000000361e-02
3.138999999999999863e-03,5.062500000000000333e-02
3.144800000000000113e-03,5.125000000000000389e-02
3.150599999999999928e-03,5.125000000000000389e-02
3.156400000000000178e-03,5.093750000000000361e-02
3.162199999999999993e-03,5.062500000000000333e-02
3.167999999999999809e-03,5.062500000000000333e-02
3.173800000000000059e-03,5.000000000000000278e-02
3.179599999999999874e-03,4.968750000000000250e-02
3.185400000000000124e-03,4.937500000000000222e-02
3.191199999999999939e-03,4.906250000000000194e-02
3.197000000000000189e-03,4.875000000000000167e-02
3.202800000000000005e-03,4.812500000000000111e-02
3.208599999999999820e-03,4.812500000000000111e-02
3.214400000000000070e-03,4.750000000000000056e-02
3.220199999999999885e-03,4.750000000000000056e-02
3.226000000000000135e-03,4.750000000000000056e-02
3.231799999999999951e-03,4.687500000000000000e-02
3.237600000000000200e-03,4.593750000000000611e-02
3.243400000000000016e-03,4.562500000000000583e-02
3.249199999999999831e-03,4.500000000000000527e-02
3.255000000000000081e-03,4.437500000000000472e-02
3.260799999999999896e-03,4.375000000000000416e-02
3.266600000000000146e-03,4.312500000000000361e-02
3.272399999999999962e-03,4.218750000000000278e-02
3.278200000000000211e-03,4.125000000000000194e-02
3.284000000000000027e-03,4.093750000000000167e-02
3.289799999999999842e-03,4.000000000000000083e-02
3.295600000000000092e-03,3.906250000000000000e-02
3.301399999999999908e-03,3.906250000000000000e-02
3.307200000000000157e-03,3.843750000000000638e-02
3.312999999999999973e-03,3.843750000000000638e-02
3.318800000000000222e-03,3.812500000000000611e-02
3.324600000000000038e-03,3.875000000000000666e-02
3.330399999999999854e-03,3.906250000000000000e-02
3.336200000000000103e-03,3.906250000000000000e-02
3.341999999999999919e-03,3.968750000000000056e-02
3.347800000000000168e-03,4.031250000000000111e-02
3.353599999999999984e-03,4.062500000000000139e-02
3.359399999999999799e-03,4.093750000000000167e-02
3.365200000000000049e-03,4.093750000000000167e-02
3.370999999999999865e-03,4.125000000000000194e-02
3.376800000000000114e-03,4.156250000000000222e-02
3.382599999999999930e-03,4.125000000000000194e-02
3.388400000000000179e-03,4.156250000000000222e-02
3.394199999999999995e-03,4.156250000000000222e-02
3.399999999999999811e-03,4.125000000000000194e-02
3.405800000000000060e-03,4.125000000000000194e-02
3.411599999999999876e-03,4.093750000000000167e-02
3.417400000000000125e-03,4.031250000000000111e-02
3.423199999999999941e-03,4.000000000000000083e-02
3.429000000000000190e-03,3.968750000000000056e-02
3.434800000000000006e-03,3.937500000000000722e-02
3.440599999999999822e-03,3.937500000000000722e-02
3.446400000000000071e-03,3.937500000000000722e-02
3.452199999999999887e-03,3.906250000000000000e-02
3.458000000000000136e-03,3.875000000000000666e-02
3.463799999999999952e-03,3.843750000000000638e-02
3.469600000000000201e-03,3.750000000000000555e-02
3.475400000000000017e-03,3.750000000000000555e-02
3.481199999999999833e-03,3.718750000000000527e-02
3.487000000000000082e-03,3.625000000000000444e-02
3.492799999999999898e-03,3.562500000000000389e-02
3.498600000000000147e-03,3.500000000000000333e-02
3.504399999999999963e-03,3.406250000000000250e-02
3.510200000000000212e-03,3.343750000000000194e-02
3.516000000000000028e-03,3.281250000000000139e-02
3.521799999999999844e-03,3.187500000000000056e-02
3.527600000000000093e-03,3.125000000000000000e-02
3.533399999999999909e-03,3.125000000000000000e-02
3.539200000000000158e-03,3.093750000000000319e-02
3.544999999999999974e-03,3.062500000000000291e-02
3.550800000000000223e-03,3.062500000000000291e-02
3.556600000000000039e-03,3.062500000000000291e-02
3.562399999999999855e-03,3.125000000000000000e-02
3.568200000000000104e-03,3.187500000000000056e-02
3.573999999999999920e-03,3.218750000000000083e-02
3.579800000000000169e-03,3.250000000000000111e-02
3.585599999999999985e-03,3.281250000000000139e-02
3.591400000000000235e-03,3.312500000000000167e-02
3.597200000000000050e-03,3.343750000000000194e-02
3.602999999999999866e-03,3.343750000000000194e-02
3.608800000000000115e-03,3.343750000000000194e-02
3.614599999999999931e-03,3.343750000000000194e-02
3.620400000000000180e-03,3.343750000000000194e-02
3.626199999999999996e-03,3.312500000000000167e-02
3.631999999999999812e-03,3.312500000000000167e-02
3.637800000000000061e-03,3.250000000000000111e-02
3.643599999999999877e-03,3.218750000000000083e-02
3.649400000000000126e-03,3.156250000000000028e-02
3.655199999999999942e-03,3.125000000000000000e-02
3.661000000000000192e-03,3.125000000000000000e-02
3.666800000000000007e-03,3.093750000000000319e-02
3.672599999999999823e-03,3.062500000000000291e-02
3.678400000000000072e-03,3.062500000000000291e-02
3.684199999999999888e-03,3.031250000000000264e-02
3.690000000000000138e-03,3.000000000000000236e-02
3.695799999999999953e-03,2.968750000000000208e-02
3.701600000000000203e-03,2.906250000000000500e-02
3.707400000000000018e-03,2.843750000000000444e-02
3.713199999999999834e-03,2.781250000000000389e-02
3.719000000000000083e-03,2.687500000000000305e-02
3.724799999999999899e-03,2.593750000000000222e-02
3.730600000000000149e-03,2.562500000000000194e-02
3.736399999999999964e-03,2.468750000000000111e-02
3.742200000000000214e-03,2.406250000000000056e-02
3.748000000000000029e-03,2.375000000000000375e-02
3.753799999999999845e-03,2.312500000000000319e-02
3.759600000000000095e-03,2.250000000000000264e-02
3.765399999999999910e-03,2.218750000000000236e-02
3.771200000000000160e-03,2.187500000000000555e-02
3.776999999999999975e-03,2.218750000000000236e-02
3.782800000000000225e-03,2.218750000000000236e-02
3.788600000000000041e-03,2.250000000000000264e-02
3.794399999999999856e-03,2.281250000000000291e-02
3.800200000000000106e-03,2.375000000000000375e-02
3.805999999999999921e-03,2.375000000000000375e-02
3.811800000000000171e-03,2.406250000000000056e-02
3.817599999999999986e-03,2.437500000000000083e-02
3.823400000000000236e-03,2.468750000000000111e-02
3.829199999999999618e-03,2.468750000000000111e-02
3.834999999999999867e-03,2.500000000000000139e-02
3.840800000000000117e-03,2.531250000000000167e-02
3.846600000000000366e-03,2.500000000000000139e-02
3.852399999999999748e-03,2.468750000000000111e-02
3.858199999999999998e-03,2.437500000000000083e-02
3.864000000000000247e-03,2.437500000000000083e-02
3.869799999999999629e-03,2.437500000000000083e-02
3.875599999999999878e-03,2.343750000000000347e-02
3.881400000000000128e-03,2.281250000000000291e-02
3.887200000000000377e-03,2.312500000000000319e-02
3.892999999999999759e-03,2.281250000000000291e-02
3.898800000000000009e-03,2.250000000000000264e-02
3.904600000000000258e-03,2.218750000000000236e-02
3.910399999999999640e-03,2.187500000000000555e-02
3.916199999999999889e-03,2.187500000000000555e-02
3.922000000000000139e-03,2.125000000000000500e-02
3.927800000000000388e-03,2.062500000000000444e-02
3.933599999999999770e-03,2.031250000000000416e-02
3.939400000000000020e-03,2.000000000000000389e-02
3.945200000000000269e-03,1.906250000000000305e-02
3.950999999999999651e-03,1.875000000000000278e-02
3.956799999999999901e-03,1.812500000000000222e-02
3.962600000000000150e-03,1.750000000000000167e-02
3.968400000000000399e-03,1.750000000000000167e-02
3.974199999999999781e-03,1.656250000000000430e-02
3.980000000000000031e-03,1.656250000000000430e-02
3.985800000000000280e-03,1.593750000000000375e-02
3.991599999999999662e-03,1.531250000000000319e-02
3.997399999999999912e-03,1.531250000000000319e-02
4.003200000000000161e-03,1.562500000000000347e-02
4.009000000000000410e-03,1.531250000000000319e-02
4.014799999999999792e-03,1.562500000000000347e-02
4.020600000000000042e-03,1.625000000000000402e-02
4.026400000000000291e-03,1.625000000000000402e-02
4.032199999999999673e-03,1.687500000000000458e-02
4.037999999999999923e-03,1.718750000000000139e-02
4.043800000000000172e-03,1.750000000000000167e-02
4.049600000000000422e-03,1.781250000000000194e-02
4.055399999999999804e-03,1.781250000000000194e-02
4.061200000000000053e-03,1.812500000000000222e-02
4.067000000000000302e-03,1.812500000000000222e-02
4.072799999999999684e-03,1.812500000000000222e-02
4.078599999999999934e-03,1.781250000000000194e-02
4.084400000000000183e-03,1.781250000000000194e-02
4.090200000000000433e-03,1.718750000000000139e-02
4.095999999999999815e-03,1.718750000000000139e-02
4.101800000000000064e-03,1.656250000000000430e-02
4.107600000000000313e-03,1.656250000000000430e-02
4.113399999999999695e-03,1.593750000000000375e-02
4.119199999999999945e-03,1.562500000000000347e-02
4.125000000000000194e-03,1.562500000000000347e-02
4.130800000000000444e-03,1.562500000000000347e-02
4.136599999999999826e-03,1.531250000000000319e-02
4.142400000000000075e-03,1.468750000000000264e-02
4.148200000000000325e-03,1.437500000000000236e-02
4.153999999999999707e-03,1.406250000000000208e-02
4.159799999999999956e-03,1.375000000000000180e-02
4.165600000000000205e-03,1.343750000000000153e-02
4.171400000000000455e-03,1.281250000000000444e-02
4.177199999999999837e-03,1.281250000000000444e-02
4.183000000000000086e-03,1.187500000000000361e-02
4.188800000000000336e-03,1.187500000000000361e-02
4.194599999999999718e-03,1.125000000000000305e-02
4.200399999999999967e-03,1.125000000000000305e-02
4.206200000000000216e-03,1.093750000000000278e-02
4.212000000000000466e-03,1.062500000000000250e-02
4.217799999999999848e-03,1.000000000000000194e-02
4.223600000000000097e-03,1.031250000000000222e-02
4.229400000000000347e-03,1.000000000000000194e-02
4.235199999999999729e-03,1.031250000000000222e-02
4.240999999999999978e-03,1.031250000000000222e-02
4.246800000000000228e-03,1.062500000000000250e-02
4.252600000000000477e-03,1.093750000000000278e-02
4.258399999999999859e-03,1.093750000000000278e-02
4.264200000000000108e-03,1.156250000000000333e-02
4.270000000000000358e-03,1.156250000000000333e-02
4.275799999999999740e-03,1.156250000000000333e-02
4.281599999999999989e-03,1.187500000000000361e-02
4.287400000000000239e-03,1.156250000000000333e-02
4.293200000000000488e-03,1.218750000000000389e-02
4.298999999999999870e-03,1.187500000000000361e-02
4.304800000000000119e-03,1.156250000000000333e-02
4.310600000000000369e-03,1.156250000000000333e-02
4.316399999999999751e-03,1.093750000000000278e-02
4.322200000000000000e-03,1.125000000000000305e-02
4.328000000000000250e-03,1.062500000000000250e-02
4.333800000000000499e-03,1.062500000000000250e-02
4.339599999999999881e-03,1.062500000000000250e-02
4.345400000000000131e-03,1.031250000000000222e-02
4.351200000000000380e-03,1.000000000000000194e-02
4.356999999999999762e-03,1.000000000000000194e-02
4.362800000000000011e-03,1.000000000000000194e-02
4.368600000000000261e-03,9.375000000000001388e-03
4.374400000000000510e-03,9.375000000000001388e-03
4.380199999999999892e-03,8.750000000000004302e-03
4.386000000000000142e-03,8.750000000000004302e-03
4.391800000000000391e-03,8.750000000000004302e-03
4.397599999999999773e-03,8.750000000000004302e-03
4.403400000000000022e-03,8.437500000000004025e-03
4.409200000000000272e-03,8.125000000000003747e-03
4.414999999999999654e-03,7.500000000000003192e-03
4.420799999999999903e-03,7.500000000000003192e-03
4.426600000000000153e-03,7.187500000000002914e-03
4.432400000000000402e-03,7.187500000000002914e-03
4.438199999999999784e-03,6.875000000000002637e-03
4.444000000000000034e-03,6.875000000000002637e-03
4.449800000000000283e-03,6.562500000000002359e-03
4.455599999999999665e-03,6.562500000000002359e-03
4.461399999999999914e-03,6.250000000000002082e-03
4.467200000000000164e-03,6.562500000000002359e-03
4.473000000000000413e-03,6.562500000000002359e-03
4.478799999999999795e-03,6.875000000000002637e-03
4.484600000000000045e-03,6.875000000000002637e-03
4.490400000000000294e-03,6.562500000000002359e-03
4.496199999999999676e-03,6.875000000000002637e-03
4.501999999999999925e-03,6.875000000000002637e-03
4.507800000000000175e-03,6.875000000000002637e-03
4.513600000000000424e-03,6.562500000000002359e-03
4.519399999999999806e-03,7.187500000000002914e-03
4.525200000000000056e-03,6.875000000000002637e-03
4.531000000000000305e-03,6.562500000000002359e-03
4.536799999999999687e-03,6.562500000000002359e-03
4.542599999999999937e-03,6.250000000000002082e-03
4.548400000000000186e-03,6.250000000000002082e-03
4.554200000000000435e-03,5.937500000000001804e-03
4.559999999999999817e-03,4.375000000000003886e-03
4.565800000000000067e-03,4.062500000000003608e-03
4.571600000000000316e-03,4.375000000000003886e-03
4.577399999999999698e-03,4.062500000000003608e-03
4.583199999999999948e-03,4.375000000000003886e-03
4.589000000000000197e-03,4.062500000000003608e-03
4.594800000000000446e-03,4.062500000000003608e-03
4.600599999999999828e-03,4.062500000000003608e-03
4.606400000000000078e-03,4.062500000000003608e-03
4.612200000000000327e-03,4.375000000000003886e-03
4.617999999999999709e-03,4.375000000000003886e-03
4.623799999999999959e-03,4.375000000000003886e-03
4.629600000000000208e-03,4.687500000000004163e-03
4.635400000000000457e-03,5.000000000000004441e-03
4.641199999999999840e-03,5.000000000000004441e-03
4.647000000000000089e-03,5.312500000000001249e-03
4.652800000000000338e-03,5.625000000000001527e-03
4.658599999999999720e-03,5.625000000000001527e-03
4.664399999999999970e-03,5.937500000000001804e-03
4.670200000000000219e-03,5.937500000000001804e-03
4.676000000000000469e-03,5.625000000000001527e-03
4.681799999999999851e-03,5.625000000000001527e-03
4.687600000000000100e-03,5.937500000000001804e-03
4.693400000000000349e-03,5.312500000000001249e-03
4.699199999999999731e-03,5.625000000000001527e-03
4.704999999999999981e-03,5.312500000000001249e-03
4.710800000000000230e-03,5.000000000000004441e-03
4.716600000000000480e-03,5.312500000000001249e-03
4.722399999999999862e-03,5.000000000000004441e-03
4.728200000000000111e-03,5.000000000000004441e-03
4.734000000000000360e-03,5.000000000000004441e-03
4.739799999999999743e-03,5.000000000000004441e-03
4.745599999999999992e-03,4.375000000000003886e-03
4.751400000000000241e-03,4.687500000000004163e-03
4.757200000000000491e-03,4.687500000000004163e-03
4.762999999999999873e-03,4.062500000000003608e-03
4.768800000000000122e-03,4.375000000000003886e-03
4.774600000000000372e-03,4.687500000000004163e-03
4.780399999999999754e-03,4.687500000000004163e-03
4.786200000000000003e-03,4.375000000000003886e-03
4.792000000000000252e-03,4.375000000000003886e-03
4.797800000000000502e-03,4.687500000000004163e-03
4.803599999999999884e-03,4.687500000000004163e-03
4.809400000000000133e-03,4.375000000000003886e-03
4.815200000000000383e-03,4.375000000000003886e-03
4.820999999999999765e-03,4.062500000000003608e-03
4.826800000000000014e-03,4.375000000000003886e-03
4.832600000000000263e-03,4.687500000000004163e-03
4.838400000000000513e-03,4.687500000000004163e-03
4.844199999999999895e-03,5.000000000000004441e-03
4.850000000000000144e-03,5.000000000000004441e-03
4.855800000000000394e-03,5.312500000000001249e-03
4.861599999999999776e-03,5.312500000000001249e-03
4.867400000000000025e-03,5.625000000000001527e-03
4.873200000000000275e-03,5.937500000000001804e-03
4.879000000000000524e-03,6.250000000000002082e-03
4.884799999999999906e-03,6.562500000000002359e-03
4.890600000000000155e-03,6.250000000000002082e-03
4.896400000000000405e-03,6.562500000000002359e-03
4.902199999999999787e-03,6.562500000000002359e-03
4.908000000000000036e-03,6.562500000000002359e-03
4.913800000000000286e-03,5.937500000000001804e-03
4.919600000000000535e-03,6.562500000000002359e-03
4.925399999999999917e-03,5.937500000000001804e-03
4.931200000000000166e-03,5.937500000000001804e-03
4.937000000000000416e-03,5.937500000000001804e-03
4.942799999999999798e-03,5.312500000000001249e-03
4.948600000000000047e-03,5.312500000000001249e-03
4.954400000000000297e-03,5.312500000000001249e-03
4.960200000000000546e-03,5.312500000000001249e-03
4.965999999999999928e-03,5.312500000000001249e-03
4.971800000000000178e-03,5.312500000000001249e-03
4.977600000000000427e-03,5.000000000000004441e-03
4.983399999999999809e-03,5.000000000000004441e-03
4.989200000000000058e-03,5.312500000000001249e-03
4.995000000000000308e-03,5.000000000000004441e-03
5.000799999999999690e-03,5.312500000000001249e-03
5.006599999999999939e-03,5.000000000000004441e-03
5.012400000000000189e-03,5.625000000000001527e-03
5.018200000000000438e-03,5.312500000000001249e-03
5.023999999999999820e-03,5.625000000000001527e-03
5.029800000000000069e-03,5.625000000000001527e-03
5.035600000000000319e-03,5.625000000000001527e-03
5.041399999999999701e-03,5.625000000000001527e-03
5.047199999999999950e-03,5.312500000000001249e-03
5.053000000000000200e-03,5.625000000000001527e-03
5.058800000000000449e-03,5.937500000000001804e-03
5.064599999999999831e-03,6.562500000000002359e-03
5.070400000000000081e-03,6.562500000000002359e-03
5.076200000000000330e-03,7.500000000000003192e-03
5.081999999999999712e-03,7.500000000000003192e-03
5.087799999999999961e-03,8.125000000000003747e-03
5.093600000000000211e-03,8.125000000000003747e-03
5.099400000000000460e-03,9.062500000000001110e-03
5.105199999999999842e-03,9.375000000000001388e-03
5.111000000000000092e-03,1.000000000000000194e-02
5.116800000000000341e-03,1.000000000000000194e-02
5.122599999999999723e-03,1.031250000000000222e-02
5.128399999999999972e-03,1.062500000000000250e-02
5.134200000000000222e-03,1.031250000000000222e-02
5.140000000000000471e-03,1.031250000000000222e-02
5.145799999999999853e-03,1.000000000000000194e-02
5.151600000000000103e-03,1.000000000000000194e-02
5.157400000000000352e-03,9.687500000000001665e-03
5.163199999999999734e-03,9.375000000000001388e-03
5.168999999999999984e-03,9.062500000000001110e-03
5.174800000000000233e-03,8.750000000000004302e-03
5.180600000000000482e-03,8.750000000000004302e-03
5.186399999999999864e-03,8.750000000000004302e-03
5.192200000000000114e-03,8.125000000000003747e-03
5.198000000000000363e-03,8.125000000000003747e-03
5.203799999999999745e-03,8.125000000000003747e-03
5.209599999999999995e-03,8.125000000000003747e-03
5.215400000000000244e-03,8.437500000000004025e-03
5.221200000000000493e-03,8.125000000000003747e-03
5.226999999999999875e-03,8.437500000000004025e-03
5.232800000000000125e-03,9.062500000000001110e-03
5.238600000000000374e-03,9.062500000000001110e-03
5.244399999999999756e-03,9.375000000000001388e-03
5.250200000000000006e-03,9.375000000000001388e-03
5.256000000000000255e-03,9.375000000000001388e-03
5.261800000000000505e-03,9.375000000000001388e-03
5.267599999999999887e-03,1.000000000000000194e-02
5.273400000000000136e-03,9.687500000000001665e-03
5.279200000000000385e-03,1.031250000000000222e-02
5.284999999999999767e-03,1.093750000000000278e-02
5.290800000000000017e-03,1.125000000000000305e-02
5.296600000000000266e-03,1.187500000000000361e-02
5.302400000000000516e-03,1.218750000000000389e-02
5.308199999999999898e-03,1.281250000000000444e-02
5.314000000000000147e-03,1.343750000000000153e-02
5.319800000000000396e-03,1.437500000000000236e-02
5.325599999999999778e-03,1.500000000000000291e-02
5.331400000000000028e-03,1.531250000000000319e-02
5.337200000000000277e-03,1.625000000000000402e-02
5.343000000000000527e-03,1.656250000000000430e-02
5.348799999999999909e-03,1.718750000000000139e-02
5.354600000000000158e-03,1.750000000000000167e-02
5.360400000000000408e-03,1.750000000000000167e-02
5.366199999999999790e-03,1.750000000000000167e-02
5.372000000000000039e-03,1.718750000000000139e-02
5.377800000000000288e-03,1.687500000000000458e-02
5.383600000000000538e-03,1.687500000000000458e-02
5.389399999999999920e-03,1.656250000000000430e-02
5.395200000000000169e-03,1.625000000000000402e-02
5.401000000000000419e-03,1.562500000000000347e-02
5.406799999999999801e-03,1.562500000000000347e-02
5.412600000000000050e-03,1.531250000000000319e-02
5.418400000000000299e-03,1.531250000000000319e-02
5.424200000000000549e-03,1.500000000000000291e-02
5.429999999999999931e-03,1.500000000000000291e-02
5.435800000000000180e-03,1.531250000000000319e-02
5.441600000000000430e-03,1.562500000000000347e-02
5.447399999999999812e-03,1.593750000000000375e-02
5.453200000000000061e-03,1.593750000000000375e-02
5.459000000000000311e-03,1.656250000000000430e-02
5.464800000000000560e-03,1.718750000000000139e-02
5.470599999999999942e-03,1.812500000000000222e-02
5.476400000000000191e-03,1.843750000000000250e-02
5.482200000000000441e-03,1.906250000000000305e-02
5.487999999999999823e-03,1.937500000000000333e-02
5.493800000000000072e-03,1.937500000000000333e-02
5.499600000000000322e-03,2.031250000000000416e-02
5.505400000000000571e-03,2.093750000000000472e-02
5.511199999999999953e-03,2.156250000000000527e-02
5.517000000000000202e-03,2.218750000000000236e-02
5.522800000000000452e-03,2.343750000000000347e-02
5.528599999999999834e-03,2.375000000000000375e-02
5.534400000000000083e-03,2.468750000000000111e-02
5.540200000000000333e-03,2.593750000000000222e-02
5.546000000000000582e-03,2.687500000000000305e-02
5.551799999999999964e-03,2.781250000000000389e-02
5.557600000000000214e-03,2.843750000000000444e-02
5.563400000000000463e-03,2.937500000000000527e-02
5.569199999999999845e-03,3.000000000000000236e-02
5.575000000000000094e-03,3.031250000000000264e-02
5.580800000000000344e-03,3.093750000000000319e-02
5.586599999999999726e-03,3.156250000000000028e-02
5.592399999999999975e-03,3.156250000000000028e-02
5.598200000000000225e-03,3.156250000000000028e-02
5.604000000000000474e-03,3.187500000000000056e-02
5.609799999999999856e-03,3.125000000000000000e-02
5.615600000000000105e-03,3.062500000000000291e-02
5.621400000000000355e-03,3.062500000000000291e-02
5.627199999999999737e-03,3.000000000000000236e-02
5.632999999999999986e-03,2.968750000000000208e-02
5.638800000000000236e-03,3.000000000000000236e-02
5.644600000000000485e-03,3.000000000000000236e-02
5.650399999999999867e-03,2.968750000000000208e-02
5.656200000000000117e-03,3.000000000000000236e-02
5.662000000000000366e-03,3.000000000000000236e-02
5.667799999999999748e-03,3.062500000000000291e-02
5.673599999999999997e-03,3.031250000000000264e-02
5.679400000000000247e-03,3.093750000000000319e-02
5.685200000000000496e-03,3.156250000000000028e-02
5.690999999999999878e-03,3.218750000000000083e-02
5.696800000000000128e-03,3.250000000000000111e-02
5.702600000000000377e-03,3.312500000000000167e-02
5.708399999999999759e-03,3.343750000000000194e-02
5.714200000000000008e-03,3.375000000000000222e-02
5.720000000000000258e-03,3.437500000000000278e-02
5.725800000000000507e-03,3.468750000000000305e-02
5.731599999999999889e-03,3.531250000000000361e-02
5.737400000000000139e-03,3.593750000000000416e-02
5.743200000000000388e-03,3.687500000000000500e-02
5.748999999999999770e-03,3.718750000000000527e-02
5.754800000000000020e-03,3.781250000000000583e-02
5.760600000000000269e-03,3.875000000000000666e-02
5.766400000000000518e-03,3.906250000000000000e-02
5.772199999999999900e-03,3.968750000000000056e-02
5.778000000000000150e-03,4.062500000000000139e-02
5.783800000000000399e-03,4.156250000000000222e-02
5.789599999999999781e-03,4.156250000000000222e-02
5.795400000000000031e-03,4.218750000000000278e-02
5.801200000000000280e-03,4.281250000000000333e-02
5.807000000000000529e-03,4.312500000000000361e-02
5.812799999999999911e-03,4.343750000000000389e-02
5.818600000000000161e-03,4.312500000000000361e-02
5.824400000000000410e-03,4.343750000000000389e-02
5.830199999999999792e-03,4.312500000000000361e-02
5.836000000000000042e-03,4.281250000000000333e-02
5.841800000000000291e-03,4.218750000000000278e-02
5.847600000000000540e-03,4.156250000000000222e-02
5.853399999999999923e-03,4.156250000000000222e-02
5.859200000000000172e-03,4.156250000000000222e-02
5.865000000000000421e-03,4.093750000000000167e-02
5.870799999999999803e-03,4.062500000000000139e-02
5.876600000000000053e-03,4.062500000000000139e-02
5.882400000000000302e-03,4.031250000000000111e-02
5.888200000000000552e-03,4.062500000000000139e-02
5.893999999999999934e-03,4.031250000000000111e-02
5.899800000000000183e-03,4.062500000000000139e-02
5.905600000000000432e-03,4.093750000000000167e-02
5.911399999999999814e-03,4.125000000000000194e-02
5.917200000000000064e-03,4.187500000000000250e-02
5.923000000000000313e-03,4.187500000000000250e-02
5.928800000000000563e-03,4.218750000000000278e-02
5.934599999999999945e-03,4.250000000000000305e-02
5.940400000000000194e-03,4.281250000000000333e-02
5.946200000000000443e-03,4.281250000000000333e-02
5.951999999999999826e-03,4.343750000000000389e-02
5.957800000000000075e-03,4.375000000000000416e-02
5.963600000000000324e-03,4.406250000000000444e-02
5.969400000000000574e-03,4.437500000000000472e-02
5.975199999999999956e-03,4.531250000000000555e-02
5.981000000000000205e-03,4.593750000000000611e-02
5.986800000000000455e-03,4.593750000000000611e-02
5.992599999999999837e-03,4.656250000000000666e-02
5.998400000000000086e-03,4.687500000000000000e-02
6.004200000000000335e-03,4.750000000000000056e-02
6.010000000000000585e-03,4.781250000000000777e-02
6.015799999999999967e-03,4.812500000000000111e-02
6.021600000000000216e-03,4.875000000000000167e-02
6.027400000000000466e-03,4.906250000000000194e-02
6.033199999999999848e-03,4.937500000000000222e-02
6.039000000000000097e-03,4.937500000000000222e-02
6.044800000000000346e-03,5.000000000000000278e-02
6.050600000000000596e-03,4.937500000000000222e-02
6.056399999999999978e-03,4.968750000000000250e-02
6.062200000000000227e-03,4.906250000000000194e-02
6.068000000000000477e-03,4.875000000000000167e-02
6.073799999999999859e-03,4.812500000000000111e-02
6.079600000000000108e-03,4.750000000000000056e-02
6.085400000000000358e-03,4.750000000000000056e-02
6.091200000000000607e-03,4.718750000000000722e-02
6.096999999999999989e-03,4.687500000000000000e-02
6.102800000000000238e-03,4.656250000000000666e-02
6.108600000000000488e-03,4.687500000000000000e-02
6.114399999999999870e-03,4.624999999999999944e-02
6.120200000000000119e-03,4.624999999999999944e-02
6.126000000000000369e-03,4.624999999999999944e-02
6.131800000000000618e-03,4.624999999999999944e-02
6.137600000000000000e-03,4.656250000000000666e-02
6.143400000000000249e-03,4.718750000000000722e-02
6.149200000000000499e-03,4.718750000000000722e-02
6.154999999999999881e-03,4.781250000000000777e-02
6.160800000000000130e-03,4.750000000000000056e-02
6.166600000000000380e-03,4.781250000000000777e-02
6.172399999999999762e-03,4.812500000000000111e-02
6.178200000000000011e-03,4.843750000000000139e-02
6.184000000000000261e-03,4.843750000000000139e-02
6.189800000000000510e-03,4.875000000000000167e-02
6.195599999999999892e-03,4.937500000000000222e-02
6.201400000000000141e-03,4.968750000000000250e-02
6.207200000000000391e-03,5.000000000000000278e-02
6.212999999999999773e-03,5.031250000000000305e-02
6.218800000000000022e-03,5.031250000000000305e-02
6.224600000000000272e-03,5.093750000000000361e-02
6.230400000000000521e-03,5.125000000000000389e-02
6.236199999999999903e-03,5.156250000000000416e-02
6.242000000000000152e-03,5.156250000000000416e-02
6.247800000000000402e-03,5.187500000000000444e-02
6.253599999999999784e-03,5.218750000000000472e-02
6.259400000000000033e-03,5.218750000000000472e-02
6.265200000000000283e-03,5.250000000000000500e-02
6.271000000000000532e-03,5.250000000000000500e-02
6.276799999999999914e-03,5.250000000000000500e-02
6.282600000000000164e-03,5.218750000000000472e-02
6.288400000000000413e-03,5.156250000000000416e-02
6.294199999999999795e-03,5.093750000000000361e-02
6.300000000000000044e-03,5.062500000000000333e-02
6.305800000000000294e-03,5.000000000000000278e-02
6.311600000000000543e-03,4.906250000000000194e-02
6.317399999999999925e-03,4.875000000000000167e-02
6.323200000000000175e-03,4.843750000000000139e-02
6.329000000000000424e-03,4.843750000000000139e-02
6.334799999999999806e-03,4.781250000000000777e-02
6.340600000000000055e-03,4.750000000000000056e-02
6.346400000000000305e-03,4.750000000000000056e-02
6.352200000000000554e-03,4.718750000000000722e-02
6.357999999999999936e-03,4.718750000000000722e-02
6.363800000000000186e-03,4.718750000000000722e-02
6.369600000000000435e-03,4.750000000000000056e-02
6.375399999999999817e-03,4.750000000000000056e-02
6.381200000000000067e-03,4.781250000000000777e-02
6.387000000000000316e-03,4.750000000000000056e-02
6.392800000000000565e-03,4.812500000000000111e-02
6.398599999999999947e-03,4.781250000000000777e-02
6.404400000000000197e-03,4.812500000000000111e-02
6.410200000000000446e-03,4.812500000000000111e-02
6.415999999999999828e-03,4.875000000000000167e-02
6.421800000000000078e-03,4.843750000000000139e-02
6.427600000000000327e-03,4.906250000000000194e-02
6.433400000000000576e-03,4.937500000000000222e-02
6.439199999999999958e-03,4.937500000000000222e-02
6.445000000000000208e-03,4.968750000000000250e-02
6.450800000000000457e-03,5.000000000000000278e-02
6.456599999999999839e-03,5.062500000000000333e-02
6.462400000000000089e-03,5.093750000000000361e-02
6.468200000000000338e-03,5.125000000000000389e-02
6.474000000000000588e-03,5.125000000000000389e-02
6.479799999999999970e-03,5.156250000000000416e-02
6.485600000000000219e-03,5.187500000000000444e-02
6.491400000000000468e-03,5.187500000000000444e-02
6.497199999999999850e-03,5.187500000000000444e-02
6.503000000000000100e-03,5.156250000000000416e-02
6.508800000000000349e-03,5.125000000000000389e-02
6.514600000000000599e-03,5.062500000000000333e-02
6.520399999999999981e-03,5.031250000000000305e-02
6.526200000000000230e-03,4.968750000000000250e-02
6.532000000000000479e-03,4.937500000000000222e-02
6.537799999999999861e-03,4.843750000000000139e-02
6.543600000000000111e-03,4.812500000000000111e-02
6.549400000000000360e-03,4.781250000000000777e-02
6.555200000000000610e-03,4.750000000000000056e-02
6.560999999999999992e-03,4.718750000000000722e-02
6.566800000000000241e-03,4.718750000000000722e-02
6.572600000000000491e-03,4.656250000000000666e-02
6.578399999999999873e-03,4.656250000000000666e-02
6.584200000000000122e-03,4.656250000000000666e-02
6.590000000000000371e-03,4.687500000000000000e-02
6.595800000000000621e-03,4.687500000000000000e-02
6.601600000000000003e-03,4.718750000000000722e-02
6.607400000000000252e-03,4.750000000000000056e-02
6.613200000000000502e-03,4.750000000000000056e-02
6.618999999999999884e-03,4.781250000000000777e-02
6.624800000000000133e-03,4.812500000000000111e-02
6.630600000000000382e-03,4.812500000000000111e-02
6.636400000000000632e-03,4.812500000000000111e-02
6.642200000000000014e-03,4.812500000000000111e-02
6.648000000000000263e-03,4.906250000000000194e-02
6.653800000000000513e-03,4.906250000000000194e-02
6.659599999999999895e-03,4.968750000000000250e-02
6.665400000000000144e-03,5.000000000000000278e-02
6.671200000000000394e-03,5.031250000000000305e-02
6.677000000000000643e-03,5.031250000000000305e-02
6.682800000000000025e-03,5.062500000000000333e-02
6.688600000000000274e-03,5.125000000000000389e-02
6.694400000000000524e-03,5.125000000000000389e-02
6.700199999999999906e-03,5.187500000000000444e-02
6.706000000000000155e-03,5.218750000000000472e-02
6.711800000000000405e-03,5.218750000000000472e-02
6.717600000000000654e-03,5.250000000000000500e-02
6.723400000000000036e-03,5.250000000000000500e-02
6.729200000000000285e-03,5.250000000000000500e-02
6.735000000000000535e-03,5.250000000000000500e-02
6.740799999999999917e-03,5.218750000000000472e-02
6.746600000000000166e-03,5.156250000000000416e-02
6.752400000000000416e-03,5.125000000000000389e-02
6.758199999999999798e-03,5.093750000000000361e-02
6.764000000000000047e-03,5.062500000000000333e-02
6.769800000000000297e-03,5.031250000000000305e-02
6.775600000000000546e-03,5.000000000000000278e-02
6.781399999999999928e-03,5.000000000000000278e-02
6.787200000000000177e-03,5.000000000000000278e-02
6.793000000000000427e-03,5.000000000000000278e-02
6.798799999999999809e-03,4.968750000000000250e-02
6.804600000000000058e-03,4.968750000000000250e-02
6.810400000000000308e-03,4.968750000000000250e-02
6.816200000000000557e-03,5.000000000000000278e-02
6.821999999999999939e-03,5.031250000000000305e-02
6.827800000000000188e-03,5.031250000000000305e-02
6.833600000000000438e-03,5.062500000000000333e-02
6.839399999999999820e-03,5.093750000000000361e-02
6.845200000000000069e-03,5.125000000000000389e-02
6.851000000000000319e-03,5.125000000000000389e-02
6.856800000000000568e-03,5.125000000000000389e-02
6.862599999999999950e-03,5.156250000000000416e-02
6.868400000000000200e-03,5.187500000000000444e-02
6.874200000000000449e-03,5.218750000000000472e-02
6.879999999999999831e-03,5.281250000000000527e-02
6.885800000000000080e-03,5.281250000000000527e-02
6.891600000000000330e-03,5.312500000000000555e-02
6.897400000000000579e-03,5.343749999999999889e-02
6.903199999999999961e-03,5.343749999999999889e-02
6.909000000000000211e-03,5.375000000000000611e-02
6.914800000000000460e-03,5.437500000000000666e-02
6.920599999999999842e-03,5.406249999999999944e-02
6.926400000000000091e-03,5.437500000000000666e-02
6.932200000000000341e-03,5.468750000000000000e-02
6.938000000000000590e-03,5.468750000000000000e-02
6.943799999999999972e-03,5.468750000000000000e-02
6.949600000000000222e-03,5.500000000000000722e-02
6.955400000000000471e-03,5.531250000000000056e-02
6.961199999999999853e-03,5.531250000000000056e-02
6.967000000000000103e-03,5.531250000000000056e-02
6.972800000000000352e-03,5.500000000000000722e-02
6.978600000000000601e-03,5.468750000000000000e-02
6.984399999999999983e-03,5.468750000000000000e-02
6.990200000000000233e-03,5.468750000000000000e-02
6.996000000000000482e-03,5.437500000000000666e-02
7.001799999999999864e-03,5.406249999999999944e-02
7.007600000000000114e-03,5.406249999999999944e-02
7.013400000000000363e-03,5.437500000000000666e-02
7.019200000000000612e-03,5.406249999999999944e-02
7.024999999999999994e-03,5.375000000000000611e-02
7.030800000000000244e-03,5.437500000000000666e-02
7.036600000000000493e-03,5.406249999999999944e-02
7.042399999999999875e-03,5.437500000000000666e-02
7.048200000000000125e-03,5.437500000000000666e-02
7.054000000000000374e-03,5.468750000000000000e-02
7.059800000000000623e-03,5.468750000000000000e-02
7.065600000000000006e-03,5.500000000000000722e-02
7.071400000000000255e-03,5.500000000000000722e-02
7.077200000000000504e-03,5.500000000000000722e-02
7.082999999999999886e-03,5.531250000000000056e-02
7.088800000000000136e-03,5.531250000000000056e-02
7.094600000000000385e-03,5.562500000000000777e-02
7.100400000000000635e-03,5.593750000000000111e-02
7.106200000000000017e-03,5.625000000000000833e-02
7.112000000000000266e-03,5.625000000000000833e-02
7.117800000000000515e-03,5.625000000000000833e-02
7.123599999999999897e-03,5.656250000000000167e-02
7.129400000000000147e-03,5.625000000000000833e-02
7.135200000000000396e-03,5.656250000000000167e-02
7.141000000000000646e-03,5.656250000000000167e-02
7.146800000000000028e-03,5.656250000000000167e-02
7.152600000000000277e-03,5.656250000000000167e-02
7.158400000000000526e-03,5.687500000000000888e-02
7.164199999999999909e-03,5.656250000000000167e-02
7.170000000000000158e-03,5.687500000000000888e-02
7.175800000000000407e-03,5.687500000000000888e-02
7.181600000000000657e-03,5.750000000000000250e-02
7.187400000000000039e-03,5.687500000000000888e-02
7.193200000000000288e-03,5.718750000000000222e-02
7.199000000000000538e-03,5.718750000000000222e-02
7.204799999999999920e-03,5.687500000000000888e-02
7.210600000000000169e-03,5.687500000000000888e-02
7.216400000000000418e-03,5.750000000000000250e-02
7.222200000000000668e-03,5.687500000000000888e-02
7.228000000000000050e-03,5.687500000000000888e-02
7.233800000000000299e-03,5.687500000000000888e-02
7.239600000000000549e-03,5.656250000000000167e-02
7.245399999999999931e-03,5.687500000000000888e-02
7.251200000000000180e-03,5.656250000000000167e-02
7.257000000000000429e-03,5.687500000000000888e-02
7.262800000000000679e-03,5.656250000000000167e-02
7.268600000000000061e-03,5.687500000000000888e-02
7.274400000000000310e-03,5.656250000000000167e-02
7.280200000000000560e-03,5.687500000000000888e-02
7.285999999999999942e-03,5.687500000000000888e-02
7.291800000000000191e-03,5.687500000000000888e-02
7.297600000000000441e-03,5.687500000000000888e-02
7.303400000000000690e-03,5.687500000000000888e-02
7.309200000000000072e-03,5.718750000000000222e-02
7.315000000000000321e-03,5.718750000000000222e-02
7.320800000000000571e-03,5.750000000000000250e-02
7.326599999999999953e-03,5.750000000000000250e-02
7.332400000000000202e-03,5.750000000000000250e-02
7.338200000000000452e-03,5.718750000000000222e-02
7.343999999999999834e-03,5.718750000000000222e-02
7.349800000000000083e-03,5.718750000000000222e-02
7.355600000000000332e-03,5.718750000000000222e-02
7.361400000000000582e-03,5.687500000000000888e-02
7.367199999999999964e-03,5.656250000000000167e-02
7.373000000000000213e-03,5.593750000000000111e-02
7.378800000000000463e-03,5.593750000000000111e-02
7.384599999999999845e-03,5.593750000000000111e-02
7.390400000000000094e-03,5.562500000000000777e-02
7.396200000000000344e-03,5.562500000000000777e-02
7.402000000000000593e-03,5.562500000000000777e-02
7.407799999999999975e-03,5.625000000000000833e-02
7.413600000000000224e-03,5.625000000000000833e-02
7.419400000000000474e-03,5.625000000000000833e-02
7.425199999999999856e-03,5.625000000000000833e-02
7.431000000000000105e-03,5.656250000000000167e-02
7.436800000000000355e-03,5.687500000000000888e-02
7.442600000000000604e-03,5.656250000000000167e-02
7.448399999999999986e-03,5.687500000000000888e-02
7.454200000000000235e-03,5.687500000000000888e-02
7.460000000000000485e-03,5.687500000000000888e-02
7.465799999999999867e-03,5.687500000000000888e-02
7.471600000000000116e-03,5.687500000000000888e-02
7.477400000000000366e-03,5.687500000000000888e-02
7.483200000000000615e-03,5.687500000000000888e-02
7.488999999999999997e-03,5.687500000000000888e-02
7.494800000000000247e-03,5.656250000000000167e-02
7.500600000000000496e-03,5.625000000000000833e-02
7.506399999999999878e-03,5.656250000000000167e-02
7.512200000000000127e-03,5.625000000000000833e-02
7.518000000000000377e-03,5.656250000000000167e-02
7.523800000000000626e-03,5.656250000000000167e-02
7.529600000000000008e-03,5.656250000000000167e-02
7.535400000000000258e-03,5.625000000000000833e-02
7.541200000000000507e-03,5.687500000000000888e-02
7.546999999999999889e-03,5.687500000000000888e-02
7.552800000000000138e-03,5.656250000000000167e-02
7.558600000000000388e-03,5.656250000000000167e-02
7.564400000000000637e-03,5.625000000000000833e-02
7.570200000000000019e-03,5.593750000000000111e-02
7.576000000000000269e-03,5.531250000000000056e-02
7.581800000000000518e-03,5.531250000000000056e-02
7.587599999999999900e-03,5.468750000000000000e-02
7.593400000000000150e-03,5.437500000000000666e-02
7.599200000000000399e-03,5.375000000000000611e-02
7.605000000000000648e-03,5.375000000000000611e-02
7.610800000000000030e-03,5.312500000000000555e-02
7.616600000000000280e-03,5.312500000000000555e-02
7.622400000000000529e-03,5.312500000000000555e-02
7.628199999999999911e-03,5.312500000000000555e-02
7.634000000000000161e-03,5.312500000000000555e-02
7.639800000000000410e-03,5.375000000000000611e-02
7.645600000000000659e-03,5.375000000000000611e-02
7.651400000000000041e-03,5.437500000000000666e-02
7.657200000000000291e-03,5.406249999999999944e-02
7.663000000000000540e-03,5.437500000000000666e-02
7.668799999999999922e-03,5.437500000000000666e-02
7.674600000000000172e-03,5.468750000000000000e-02
7.680400000000000421e-03,5.468750000000000000e-02
7.686200000000000671e-03,5.500000000000000722e-02
7.692000000000000053e-03,5.500000000000000722e-02
7.697800000000000302e-03,5.468750000000000000e-02
7.703600000000000551e-03,5.500000000000000722e-02
7.709399999999999933e-03,5.500000000000000722e-02
7.715200000000000183e-03,5.468750000000000000e-02
7.721000000000000432e-03,5.468750000000000000e-02
7.726800000000000682e-03,5.468750000000000000e-02
7.732600000000000931e-03,5.437500000000000666e-02
7.738399999999999446e-03,5.468750000000000000e-02
7.744199999999999695e-03,5.468750000000000000e-02
7.749999999999999944e-03,5.468750000000000000e-02
7.755800000000000194e-03,5.468750000000000000e-02
7.761600000000000443e-03,5.468750000000000000e-02
7.767400000000000693e-03,5.468750000000000000e-02
7.773200000000000942e-03,5.437500000000000666e-02
7.778999999999999457e-03,5.468750000000000000e-02
7.784799999999999706e-03,5.406249999999999944e-02
7.790599999999999956e-03,5.375000000000000611e-02
7.796400000000000205e-03,5.375000000000000611e-02
7.802200000000000454e-03,5.343749999999999889e-02
7.808000000000000704e-03,5.312500000000000555e-02
7.813800000000000953e-03,5.281250000000000527e-02
7.819599999999999468e-03,5.250000000000000500e-02
7.825399999999999717e-03,5.218750000000000472e-02
7.831199999999999967e-03,5.156250000000000416e-02
7.837000000000000216e-03,5.156250000000000416e-02
7.842800000000000465e-03,5.125000000000000389e-02
7.848600000000000715e-03,5.125000000000000389e-02
7.854400000000000964e-03,5.125000000000000389e-02
7.860199999999999479e-03,5.125000000000000389e-02
7.865999999999999728e-03,5.187500000000000444e-02
7.871799999999999978e-03,5.218750000000000472e-02
7.877600000000000227e-03,5.218750000000000472e-02
7.883400000000000477e-03,5.281250000000000527e-02
7.889200000000000726e-03,5.281250000000000527e-02
7.895000000000000975e-03,5.312500000000000555e-02
7.900799999999999490e-03,5.343749999999999889e-02
7.906599999999999739e-03,5.281250000000000527e-02
7.912399999999999989e-03,5.375000000000000611e-02
7.918200000000000238e-03,5.375000000000000611e-02
7.924000000000000488e-03,5.406249999999999944e-02
7.929800000000000737e-03,5.406249999999999944e-02
7.935600000000000986e-03,5.406249999999999944e-02
7.941399999999999501e-03,5.406249999999999944e-02
7.947199999999999750e-03,5.437500000000000666e-02
7.953000000000000000e-03,5.437500000000000666e-02
7.958800000000000249e-03,5.437500000000000666e-02
7.964600000000000499e-03,5.375000000000000611e-02
7.970400000000000748e-03,5.406249999999999944e-02
7.976200000000000997e-03,5.437500000000000666e-02
7.981999999999999512e-03,5.437500000000000666e-02
7.987799999999999762e-03,5.437500000000000666e-02
7.993600000000000011e-03,5.437500000000000666e-02
7.999400000000000260e-03,5.468750000000000000e-02
8.005200000000000510e-03,5.437500000000000666e-02
8.011000000000000759e-03,5.406249999999999944e-02
8.016800000000001009e-03,5.406249999999999944e-02
8.022599999999999523e-03,5.375000000000000611e-02
8.028399999999999773e-03,5.375000000000000611e-02
8.034200000000000022e-03,5.343749999999999889e-02
8.040000000000000271e-03,5.312500000000000555e-02
8.045800000000000521e-03,5.250000000000000500e-02
8.051600000000000770e-03,5.250000000000000500e-02
8.057400000000001020e-03,5.187500000000000444e-02
8.063199999999999534e-03,5.187500000000000444e-02
8.068999999999999784e-03,5.156250000000000416e-02
8.074800000000000033e-03,5.156250000000000416e-02
8.080600000000000283e-03,5.156250000000000416e-02
8.086400000000000532e-03,5.156250000000000416e-02
8.092200000000000781e-03,5.187500000000000444e-02
8.098000000000001031e-03,5.218750000000000472e-02
8.103799999999999545e-03,5.218750000000000472e-02
8.109599999999999795e-03,5.312500000000000555e-02
8.115400000000000044e-03,5.343749999999999889e-02
8.121200000000000294e-03,5.343749999999999889e-02
8.127000000000000543e-03,5.375000000000000611e-02
8.132800000000000792e-03,5.375000000000000611e-02
8.138600000000001042e-03,5.406249999999999944e-02
8.144399999999999556e-03,5.437500000000000666e-02
8.150199999999999806e-03,5.406249999999999944e-02
8.156000000000000055e-03,5.437500000000000666e-02
8.161800000000000305e-03,5.437500000000000666e-02
8.167600000000000554e-03,5.468750000000000000e-02
8.173400000000000803e-03,5.437500000000000666e-02
8.179200000000001053e-03,5.437500000000000666e-02
8.184999999999999568e-03,5.437500000000000666e-02
8.190799999999999817e-03,5.437500000000000666e-02
8.196600000000000066e-03,5.437500000000000666e-02
8.202400000000000316e-03,5.437500000000000666e-02
8.208200000000000565e-03,5.468750000000000000e-02
8.214000000000000815e-03,5.437500000000000666e-02
8.219800000000001064e-03,5.468750000000000000e-02
8.225599999999999579e-03,5.468750000000000000e-02
8.231399999999999828e-03,5.468750000000000000e-02
8.237200000000000077e-03,5.468750000000000000e-02
8.243000000000000327e-03,5.437500000000000666e-02
8.248800000000000576e-03,5.406249999999999944e-02
8.254600000000000826e-03,5.406249999999999944e-02
8.260400000000001075e-03,5.375000000000000611e-02
8.266199999999999590e-03,5.312500000000000555e-02
8.271999999999999839e-03,5.312500000000000555e-02
8.277800000000000089e-03,5.281250000000000527e-02
8.283600000000000338e-03,5.250000000000000500e-02
8.289400000000000587e-03,5.218750000000000472e-02
8.295200000000000837e-03,5.156250000000000416e-02
8.301000000000001086e-03,5.156250000000000416e-02
8.306799999999999601e-03,5.156250000000000416e-02
8.312599999999999850e-03,5.156250000000000416e-02
8.318400000000000100e-03,5.187500000000000444e-02
8.324200000000000349e-03,5.187500000000000444e-02
8.330000000000000598e-03,5.250000000000000500e-02
8.335800000000000848e-03,5.281250000000000527e-02
8.341600000000001097e-03,5.281250000000000527e-02
8.347399999999999612e-03,5.312500000000000555e-02
8.353199999999999861e-03,5.312500000000000555e-02
8.359000000000000111e-03,5.375000000000000611e-02
8.364800000000000360e-03,5.375000000000000611e-02
8.370600000000000609e-03,5.375000000000000611e-02
8.376400000000000859e-03,5.375000000000000611e-02
8.382200000000001108e-03,5.406249999999999944e-02
8.387999999999999623e-03,5.406249999999999944e-02
8.393799999999999872e-03,5.406249999999999944e-02
8.399600000000000122e-03,5.406249999999999944e-02
8.405400000000000371e-03,5.406249999999999944e-02
8.411200000000000621e-03,5.406249999999999944e-02
8.417000000000000870e-03,5.375000000000000611e-02
8.422800000000001119e-03,5.375000000000000611e-02
8.428599999999999634e-03,5.343749999999999889e-02
8.434399999999999883e-03,5.406249999999999944e-02
8.440200000000000133e-03,5.406249999999999944e-02
8.446000000000000382e-03,5.437500000000000666e-02
8.451800000000000632e-03,5.375000000000000611e-02
8.457600000000000881e-03,5.375000000000000611e-02
8.463400000000001130e-03,5.375000000000000611e-02
8.469199999999999645e-03,5.375000000000000611e-02
8.474999999999999895e-03,5.343749999999999889e-02
8.480800000000000144e-03,5.343749999999999889e-02
8.486600000000000393e-03,5.281250000000000527e-02
8.492400000000000643e-03,5.250000000000000500e-02
8.498200000000000892e-03,5.187500000000000444e-02
8.504000000000001142e-03,5.187500000000000444e-02
8.509799999999999656e-03,5.125000000000000389e-02
8.515599999999999906e-03,5.093750000000000361e-02
8.521400000000000155e-03,5.062500000000000333e-02
8.527200000000000404e-03,5.031250000000000305e-02
8.533000000000000654e-03,5.031250000000000305e-02
8.538800000000000903e-03,5.000000000000000278e-02
8.544600000000001153e-03,5.031250000000000305e-02
8.550399999999999667e-03,5.062500000000000333e-02
8.556199999999999917e-03,5.062500000000000333e-02
8.562000000000000166e-03,5.093750000000000361e-02
8.567800000000000415e-03,5.156250000000000416e-02
8.573600000000000665e-03,5.187500000000000444e-02
8.579400000000000914e-03,5.218750000000000472e-02
8.585200000000001164e-03,5.250000000000000500e-02
8.590999999999999678e-03,5.250000000000000500e-02
8.596799999999999928e-03,5.218750000000000472e-02
8.602600000000000177e-03,5.250000000000000500e-02
8.608400000000000427e-03,5.250000000000000500e-02
8.614200000000000676e-03,5.281250000000000527e-02
8.620000000000000925e-03,5.281250000000000527e-02
8.625800000000001175e-03,5.250000000000000500e-02
8.631599999999999689e-03,5.250000000000000500e-02
8.637399999999999939e-03,5.218750000000000472e-02
8.643200000000000188e-03,5.218750000000000472e-02
8.649000000000000438e-03,5.187500000000000444e-02
8.654800000000000687e-03,5.187500000000000444e-02
8.660600000000000936e-03,5.218750000000000472e-02
8.666400000000001186e-03,5.218750000000000472e-02
8.672199999999999701e-03,5.187500000000000444e-02
8.677999999999999950e-03,5.187500000000000444e-02
8.683800000000000199e-03,5.187500000000000444e-02
8.689600000000000449e-03,5.156250000000000416e-02
8.695400000000000698e-03,5.093750000000000361e-02
8.701200000000000948e-03,5.062500000000000333e-02
8.707000000000001197e-03,5.031250000000000305e-02
8.712799999999999712e-03,5.031250000000000305e-02
8.718599999999999961e-03,4.968750000000000250e-02
8.724400000000000210e-03,4.906250000000000194e-02
8.730200000000000460e-03,4.875000000000000167e-02
8.736000000000000709e-03,4.781250000000000777e-02
8.741800000000000959e-03,4.750000000000000056e-02
8.747600000000001208e-03,4.687500000000000000e-02
8.753399999999999723e-03,4.656250000000000666e-02
8.759199999999999972e-03,4.656250000000000666e-02
8.765000000000000221e-03,4.656250000000000666e-02
8.770800000000000471e-03,4.624999999999999944e-02
8.776600000000000720e-03,4.656250000000000666e-02
8.782400000000000970e-03,4.718750000000000722e-02
8.788200000000001219e-03,4.718750000000000722e-02
8.793999999999999734e-03,4.812500000000000111e-02
8.799799999999999983e-03,4.812500000000000111e-02
8.805600000000000233e-03,4.843750000000000139e-02
8.811400000000000482e-03,4.875000000000000167e-02
8.817200000000000731e-03,4.906250000000000194e-02
8.823000000000000981e-03,4.906250000000000194e-02
8.828800000000001230e-03,4.906250000000000194e-02
8.834599999999999745e-03,4.937500000000000222e-02
8.840399999999999994e-03,4.906250000000000194e-02
8.846200000000000244e-03,4.906250000000000194e-02
8.852000000000000493e-03,4.875000000000000167e-02
8.857800000000000742e-03,4.875000000000000167e-02
8.863600000000000992e-03,4.812500000000000111e-02
8.869399999999999507e-03,4.812500000000000111e-02
8.875199999999999756e-03,4.781250000000000777e-02
8.881000000000000005e-03,4.750000000000000056e-02
8.886800000000000255e-03,4.718750000000000722e-02
8.892600000000000504e-03,4.687500000000000000e-02
8.898400000000000754e-03,4.687500000000000000e-02
8.904200000000001003e-03,4.656250000000000666e-02
8.909999999999999518e-03,4.593750000000000611e-02
8.915799999999999767e-03,4.562500000000000583e-02
8.921600000000000016e-03,4.531250000000000555e-02
8.927400000000000266e-03,4.468750000000000500e-02
8.933200000000000515e-03,4.437500000000000472e-02
8.939000000000000765e-03,4.343750000000000389e-02
8.944800000000001014e-03,4.312500000000000361e-02
8.950599999999999529e-03,4.218750000000000278e-02
8.956399999999999778e-03,4.187500000000000250e-02
8.962200000000000027e-03,4.062500000000000139e-02
8.968000000000000277e-03,4.031250000000000111e-02
8.973800000000000526e-03,3.968750000000000056e-02
8.979600000000000776e-03,3.937500000000000722e-02
8.985400000000001025e-03,3.843750000000000638e-02
8.991199999999999540e-03,3.843750000000000638e-02
8.996999999999999789e-03,3.812500000000000611e-02
9.002800000000000039e-03,3.843750000000000638e-02
9.008600000000000288e-03,3.875000000000000666e-02
9.014400000000000537e-03,3.906250000000000000e-02
9.020200000000000787e-03,3.937500000000000722e-02
9.026000000000001036e-03,3.968750000000000056e-02
9.031799999999999551e-03,4.000000000000000083e-02
9.037599999999999800e-03,4.031250000000000111e-02
9.043400000000000050e-03,4.031250000000000111e-02
9.049200000000000299e-03,4.062500000000000139e-02
9.055000000000000548e-03,4.093750000000000167e-02
9.060800000000000798e-03,4.062500000000000139e-02
9.066600000000001047e-03,4.062500000000000139e-02
9.072399999999999562e-03,4.062500000000000139e-02
9.078199999999999811e-03,4.062500000000000139e-02
9.084000000000000061e-03,4.062500000000000139e-02
9.089800000000000310e-03,3.968750000000000056e-02
9.095600000000000560e-03,3.968750000000000056e-02
9.101400000000000809e-03,3.937500000000000722e-02
9.107200000000001058e-03,3.875000000000000666e-02
9.112999999999999573e-03,3.843750000000000638e-02
9.118799999999999822e-03,3.812500000000000611e-02
9.124600000000000072e-03,3.812500000000000611e-02
9.130400000000000321e-03,3.781250000000000583e-02
9.136200000000000571e-03,3.687500000000000500e-02
9.142000000000000820e-03,3.718750000000000527e-02
9.147800000000001069e-03,3.656250000000000472e-02
9.153599999999999584e-03,3.562500000000000389e-02
9.159399999999999833e-03,3.500000000000000333e-02
9.165200000000000083e-03,3.468750000000000305e-02
9.171000000000000332e-03,3.437500000000000278e-02
9.176800000000000582e-03,3.343750000000000194e-02
9.182600000000000831e-03,3.250000000000000111e-02
9.188400000000001080e-03,3.125000000000000000e-02
9.194199999999999595e-03,3.125000000000000000e-02
9.199999999999999845e-03,3.062500000000000291e-02
9.205800000000000094e-03,3.031250000000000264e-02
9.211600000000000343e-03,2.937500000000000527e-02
9.217400000000000593e-03,2.937500000000000527e-02
9.223200000000000842e-03,2.906250000000000500e-02
9.229000000000001092e-03,2.906250000000000500e-02
9.234799999999999606e-03,3.000000000000000236e-02
9.240599999999999856e-03,3.031250000000000264e-02
9.246400000000000105e-03,3.093750000000000319e-02
9.252200000000000354e-03,3.125000000000000000e-02
9.258000000000000604e-03,3.156250000000000028e-02
9.263800000000000853e-03,3.218750000000000083e-02
9.269600000000001103e-03,3.250000000000000111e-02
9.275399999999999617e-03,3.250000000000000111e-02
9.281199999999999867e-03,3.312500000000000167e-02
9.287000000000000116e-03,3.281250000000000139e-02
9.292800000000000366e-03,3.343750000000000194e-02
9.298600000000000615e-03,3.312500000000000167e-02
9.304400000000000864e-03,3.312500000000000167e-02
9.310200000000001114e-03,3.312500000000000167e-02
9.315999999999999628e-03,3.281250000000000139e-02
9.321799999999999878e-03,3.218750000000000083e-02
9.327600000000000127e-03,3.187500000000000056e-02
9.333400000000000377e-03,3.187500000000000056e-02
9.339200000000000626e-03,3.156250000000000028e-02
9.345000000000000875e-03,3.125000000000000000e-02
9.350800000000001125e-03,3.156250000000000028e-02
9.356599999999999639e-03,3.125000000000000000e-02
9.362399999999999889e-03,3.125000000000000000e-02
9.368200000000000138e-03,3.062500000000000291e-02
9.374000000000000388e-03,3.000000000000000236e-02
9.379800000000000637e-03,2.968750000000000208e-02
9.385600000000000886e-03,2.906250000000000500e-02
9.391400000000001136e-03,2.875000000000000472e-02
9.397199999999999651e-03,2.812500000000000416e-02
9.402999999999999900e-03,2.781250000000000389e-02
9.408800000000000149e-03,2.687500000000000305e-02
9.414600000000000399e-03,2.687500000000000305e-02
9.420400000000000648e-03,2.625000000000000250e-02
9.426200000000000898e-03,2.562500000000000194e-02
9.432000000000001147e-03,2.531250000000000167e-02
9.437799999999999662e-03,2.468750000000000111e-02
9.443599999999999911e-03,2.468750000000000111e-02
9.449400000000000160e-03,2.468750000000000111e-02
9.455200000000000410e-03,2.437500000000000083e-02
9.461000000000000659e-03,2.468750000000000111e-02
9.466800000000000909e-03,2.562500000000000194e-02
9.472600000000001158e-03,2.625000000000000250e-02
9.478399999999999673e-03,2.687500000000000305e-02
9.484199999999999922e-03,2.687500000000000305e-02
9.490000000000000172e-03,2.781250000000000389e-02
9.495800000000000421e-03,2.781250000000000389e-02
9.501600000000000670e-03,2.843750000000000444e-02
9.507400000000000920e-03,2.875000000000000472e-02
9.513200000000001169e-03,2.906250000000000500e-02
9.518999999999999684e-03,2.875000000000000472e-02
9.524799999999999933e-03,2.906250000000000500e-02
9.530600000000000183e-03,2.875000000000000472e-02
9.536400000000000432e-03,2.843750000000000444e-02
9.542200000000000681e-03,2.843750000000000444e-02
9.548000000000000931e-03,2.843750000000000444e-02
9.553800000000001180e-03,2.781250000000000389e-02
9.559599999999999695e-03,2.781250000000000389e-02
9.565399999999999944e-03,2.750000000000000361e-02
9.571200000000000194e-03,2.718750000000000333e-02
9.577000000000000443e-03,2.718750000000000333e-02
9.582800000000000692e-03,2.718750000000000333e-02
9.588600000000000942e-03,2.687500000000000305e-02
9.594400000000001191e-03,2.656250000000000278e-02
9.600199999999999706e-03,2.625000000000000250e-02
9.605999999999999955e-03,2.562500000000000194e-02
9.611800000000000205e-03,2.531250000000000167e-02
9.617600000000000454e-03,2.500000000000000139e-02
9.623400000000000704e-03,2.437500000000000083e-02
9.629200000000000953e-03,2.375000000000000375e-02
9.635000000000001202e-03,2.312500000000000319e-02
9.640799999999999717e-03,2.250000000000000264e-02
9.646599999999999966e-03,2.218750000000000236e-02
9.652400000000000216e-03,2.187500000000000555e-02
9.658200000000000465e-03,2.156250000000000527e-02
9.664000000000000715e-03,2.093750000000000472e-02
9.669800000000000964e-03,2.093750000000000472e-02
9.675600000000001213e-03,2.062500000000000444e-02
9.681399999999999728e-03,2.093750000000000472e-02
9.687199999999999978e-03,2.093750000000000472e-02
9.693000000000000227e-03,2.125000000000000500e-02
9.698800000000000476e-03,2.187500000000000555e-02
9.704600000000000726e-03,2.250000000000000264e-02
9.710400000000000975e-03,2.281250000000000291e-02
9.716200000000001225e-03,2.312500000000000319e-02
9.721999999999999739e-03,2.375000000000000375e-02
9.727799999999999989e-03,2.375000000000000375e-02
9.733600000000000238e-03,2.406250000000000056e-02
9.739400000000000487e-03,2.468750000000000111e-02
9.745200000000000737e-03,2.437500000000000083e-02
9.751000000000000986e-03,2.437500000000000083e-02
9.756800000000001236e-03,2.437500000000000083e-02
9.762599999999999750e-03,2.406250000000000056e-02
9.768400000000000000e-03,2.406250000000000056e-02
9.774200000000000249e-03,2.375000000000000375e-02
9.780000000000000498e-03,2.312500000000000319e-02
9.785800000000000748e-03,2.281250000000000291e-02
9.791600000000000997e-03,2.281250000000000291e-02
9.797400000000001247e-03,2.250000000000000264e-02
9.803199999999999761e-03,2.218750000000000236e-02
9.809000000000000011e-03,2.218750000000000236e-02
9.814800000000000260e-03,2.156250000000000527e-02
9.820600000000000510e-03,2.156250000000000527e-02
9.826400000000000759e-03,2.125000000000000500e-02
9.832200000000001008e-03,2.062500000000000444e-02
9.838000000000001258e-03,2.031250000000000416e-02
9.843799999999999772e-03,2.000000000000000389e-02
9.849600000000000022e-03,1.906250000000000305e-02
9.855400000000000271e-03,1.875000000000000278e-02
9.861200000000000521e-03,1.843750000000000250e-02
9.867000000000000770e-03,1.812500000000000222e-02
9.872800000000001019e-03,1.718750000000000139e-02
9.878600000000001269e-03,1.718750000000000139e-02
9.884399999999999784e-03,1.656250000000000430e-02
9.890200000000000033e-03,1.625000000000000402e-02
9.896000000000000282e-03,1.593750000000000375e-02
9.901800000000000532e-03,1.562500000000000347e-02
9.907600000000000781e-03,1.562500000000000347e-02
9.913400000000001031e-03,1.625000000000000402e-02
9.919200000000001280e-03,1.625000000000000402e-02
9.924999999999999795e-03,1.687500000000000458e-02
9.930800000000000044e-03,1.718750000000000139e-02
9.936600000000000293e-03,1.781250000000000194e-02
9.942400000000000543e-03,1.812500000000000222e-02
9.948200000000000792e-03,1.875000000000000278e-02
9.954000000000001042e-03,1.906250000000000305e-02
9.959800000000001291e-03,1.937500000000000333e-02
9.965599999999999806e-03,1.937500000000000333e-02
9.971400000000000055e-03,1.968750000000000361e-02
9.977200000000000304e-03,1.968750000000000361e-02
9.983000000000000554e-03,1.968750000000000361e-02
9.988800000000000803e-03,1.937500000000000333e-02
9.994600000000001053e-03,1.937500000000000333e-02
1.000040000000000130e-02,1.906250000000000305e-02
1.000619999999999982e-02,1.875000000000000278e-02
1.001200000000000007e-02,1.875000000000000278e-02
1.001780000000000032e-02,1.843750000000000250e-02
1.002360000000000056e-02,1.843750000000000250e-02
1.002940000000000081e-02,1.843750000000000250e-02
1.003520000000000106e-02,1.781250000000000194e-02
1.004099999999999958e-02,1.781250000000000194e-02
1.004679999999999983e-02,1.750000000000000167e-02
1.005260000000000008e-02,1.750000000000000167e-02
1.005840000000000033e-02,1.687500000000000458e-02
1.006420000000000058e-02,1.656250000000000430e-02
1.007000000000000083e-02,1.593750000000000375e-02
1.007580000000000107e-02,1.593750000000000375e-02
1.008159999999999959e-02,1.531250000000000319e-02
1.008739999999999984e-02,1.468750000000000264e-02
1.009320000000000009e-02,1.406250000000000208e-02
1.009900000000000034e-02,1.406250000000000208e-02
1.010480000000000059e-02,1.375000000000000180e-02
1.011060000000000084e-02,1.312500000000000125e-02
1.011640000000000109e-02,1.281250000000000444e-02
1.012219999999999960e-02,1.250000000000000416e-02
1.012799999999999985e-02,1.281250000000000444e-02
1.013380000000000010e-02,1.250000000000000416e-02
1.013960000000000035e-02,1.312500000000000125e-02
1.014540000000000060e-02,1.312500000000000125e-02
1.015120000000000085e-02,1.406250000000000208e-02
1.015700000000000110e-02,1.437500000000000236e-02
1.016279999999999961e-02,1.500000000000000291e-02
1.016859999999999986e-02,1.593750000000000375e-02
1.017440000000000011e-02,1.562500000000000347e-02
1.018020000000000036e-02,1.656250000000000430e-02
1.018600000000000061e-02,1.656250000000000430e-02
1.019180000000000086e-02,1.718750000000000139e-02
1.019760000000000111e-02,1.718750000000000139e-02
1.020339999999999962e-02,1.718750000000000139e-02
1.020919999999999987e-02,1.718750000000000139e-02
1.021500000000000012e-02,1.718750000000000139e-02
1.022080000000000037e-02,1.718750000000000139e-02
1.022660000000000062e-02,1.656250000000000430e-02
1.023240000000000087e-02,1.656250000000000430e-02
1.023820000000000112e-02,1.656250000000000430e-02
1.024399999999999963e-02,1.625000000000000402e-02
1.024979999999999988e-02,1.593750000000000375e-02
1.025560000000000013e-02,1.625000000000000402e-02
1.026140000000000038e-02,1.593750000000000375e-02
1.026720000000000063e-02,1.562500000000000347e-02
1.027300000000000088e-02,1.562500000000000347e-02
1.027880000000000113e-02,1.500000000000000291e-02
1.028459999999999964e-02,1.468750000000000264e-02
1.029039999999999989e-02,1.468750000000000264e-02
1.029620000000000014e-02,1.437500000000000236e-02
1.030200000000000039e-02,1.406250000000000208e-02
1.030780000000000064e-02,1.343750000000000153e-02
1.031360000000000089e-02,1.312500000000000125e-02
1.031940000000000114e-02,1.281250000000000444e-02
1.032519999999999966e-02,1.250000000000000416e-02
1.033099999999999991e-02,1.218750000000000389e-02
1.033680000000000015e-02,1.187500000000000361e-02
1.034260000000000040e-02,1.187500000000000361e-02
1.034840000000000065e-02,1.156250000000000333e-02
1.035420000000000090e-02,1.156250000000000333e-02
1.036000000000000115e-02,1.156250000000000333e-02
1.036579999999999967e-02,1.187500000000000361e-02
1.037159999999999992e-02,1.218750000000000389e-02
1.037740000000000017e-02,1.250000000000000416e-02
1.038320000000000042e-02,1.312500000000000125e-02
1.038900000000000066e-02,1.343750000000000153e-02
1.039480000000000091e-02,1.406250000000000208e-02
1.040060000000000116e-02,1.468750000000000264e-02
1.040639999999999968e-02,1.531250000000000319e-02
1.041219999999999993e-02,1.593750000000000375e-02
1.041800000000000018e-02,1.593750000000000375e-02
1.042380000000000043e-02,1.656250000000000430e-02
1.042960000000000068e-02,1.625000000000000402e-02
1.043540000000000093e-02,1.656250000000000430e-02
1.044120000000000117e-02,1.687500000000000458e-02
1.044699999999999969e-02,1.656250000000000430e-02
1.045279999999999994e-02,1.625000000000000402e-02
1.045860000000000019e-02,1.625000000000000402e-02
1.046440000000000044e-02,1.593750000000000375e-02
1.047020000000000069e-02,1.593750000000000375e-02
1.047600000000000094e-02,1.562500000000000347e-02
1.048180000000000119e-02,1.593750000000000375e-02
1.048759999999999970e-02,1.562500000000000347e-02
1.049339999999999995e-02,1.562500000000000347e-02
1.049920000000000020e-02,1.500000000000000291e-02
1.050500000000000045e-02,1.468750000000000264e-02
1.051080000000000070e-02,1.468750000000000264e-02
1.051660000000000095e-02,1.437500000000000236e-02
1.052240000000000120e-02,1.406250000000000208e-02
1.052819999999999971e-02,1.375000000000000180e-02
1.053399999999999996e-02,1.312500000000000125e-02
1.053980000000000021e-02,1.312500000000000125e-02
1.054560000000000046e-02,1.281250000000000444e-02
1.055140000000000071e-02,1.250000000000000416e-02
1.055720000000000096e-02,1.187500000000000361e-02
1.056300000000000121e-02,1.187500000000000361e-02
1.056879999999999972e-02,1.156250000000000333e-02
1.057459999999999997e-02,1.125000000000000305e-02
1.058040000000000022e-02,1.125000000000000305e-02
1.058620000000000047e-02,1.125000000000000305e-02
1.059200000000000072e-02,1.218750000000000389e-02
1.059780000000000097e-02,1.218750000000000389e-02
1.060360000000000122e-02,1.250000000000000416e-02
1.060939999999999973e-02,1.281250000000000444e-02
1.061519999999999998e-02,1.343750000000000153e-02
1.062100000000000023e-02,1.375000000000000180e-02
1.062680000000000048e-02,1.406250000000000208e-02
1.063260000000000073e-02,1.437500000000000236e-02
1.063840000000000098e-02,1.468750000000000264e-02
1.064420000000000123e-02,1.500000000000000291e-02
1.064999999999999974e-02,1.531250000000000319e-02
1.065579999999999999e-02,1.531250000000000319e-02
1.066160000000000024e-02,1.531250000000000319e-02
1.066740000000000049e-02,1.531250000000000319e-02
1.067320000000000074e-02,1.468750000000000264e-02
1.067900000000000099e-02,1.468750000000000264e-02
1.068480000000000124e-02,1.468750000000000264e-02
1.069059999999999976e-02,1.437500000000000236e-02
1.069640000000000001e-02,1.375000000000000180e-02
1.070220000000000025e-02,1.375000000000000180e-02
1.070800000000000050e-02,1.343750000000000153e-02
1.071380000000000075e-02,1.343750000000000153e-02
1.071960000000000100e-02,1.312500000000000125e-02
1.072540000000000125e-02,1.312500000000000125e-02
1.073119999999999977e-02,1.250000000000000416e-02
1.073700000000000002e-02,1.218750000000000389e-02
1.074280000000000027e-02,1.187500000000000361e-02
1.074860000000000052e-02,1.156250000000000333e-02
1.075440000000000076e-02,1.125000000000000305e-02
1.076020000000000101e-02,1.093750000000000278e-02
1.076600000000000126e-02,1.062500000000000250e-02
1.077179999999999978e-02,1.031250000000000222e-02
1.077760000000000003e-02,1.000000000000000194e-02
1.078340000000000028e-02,9.687500000000001665e-03
1.078920000000000053e-02,9.375000000000001388e-03
1.079500000000000078e-02,9.062500000000001110e-03
1.080080000000000102e-02,9.062500000000001110e-03
1.080660000000000127e-02,8.437500000000004025e-03
1.081239999999999979e-02,8.125000000000003747e-03
1.081820000000000004e-02,8.125000000000003747e-03
1.082400000000000029e-02,8.125000000000003747e-03
1.082980000000000054e-02,8.125000000000003747e-03
1.083560000000000079e-02,8.125000000000003747e-03
1.084140000000000104e-02,8.437500000000004025e-03
1.084720000000000129e-02,8.750000000000004302e-03
1.085299999999999980e-02,9.062500000000001110e-03
1.085880000000000005e-02,9.062500000000001110e-03
1.086460000000000030e-02,9.375000000000001388e-03
1.087040000000000055e-02,9.375000000000001388e-03
1.087620000000000080e-02,9.062500000000001110e-03
1.088200000000000105e-02,9.062500000000001110e-03
1.088780000000000130e-02,9.062500000000001110e-03
1.089359999999999981e-02,8.750000000000004302e-03
1.089940000000000006e-02,8.750000000000004302e-03
1.090520000000000031e-02,8.750000000000004302e-03
1.091100000000000056e-02,8.437500000000004025e-03
1.091680000000000081e-02,8.437500000000004025e-03
1.092260000000000106e-02,8.125000000000003747e-03
1.092840000000000131e-02,8.125000000000003747e-03
1.093419999999999982e-02,7.500000000000003192e-03
1.094000000000000007e-02,7.500000000000003192e-03
1.094580000000000032e-02,7.187500000000002914e-03
1.095160000000000057e-02,7.187500000000002914e-03
1.095740000000000082e-02,7.187500000000002914e-03
1.096320000000000107e-02,6.875000000000002637e-03
1.096900000000000132e-02,6.562500000000002359e-03
1.097479999999999983e-02,6.562500000000002359e-03
1.098060000000000008e-02,6.562500000000002359e-03
1.098640000000000033e-02,6.250000000000002082e-03
1.099220000000000058e-02,5.937500000000001804e-03
1.099800000000000083e-02,5.625000000000001527e-03
1.100380000000000108e-02,5.625000000000001527e-03
1.100960000000000133e-02,5.625000000000001527e-03
1.101539999999999984e-02,5.625000000000001527e-03
1.102120000000000009e-02,5.312500000000001249e-03
1.102700000000000034e-02,5.312500000000001249e-03
1.103280000000000059e-02,5.625000000000001527e-03
1.103860000000000084e-02,5.000000000000004441e-03
1.104440000000000109e-02,5.000000000000004441e-03
1.105020000000000134e-02,5.312500000000001249e-03
1.105599999999999986e-02,5.000000000000004441e-03
1.106180000000000010e-02,5.312500000000001249e-03
1.106760000000000035e-02,5.312500000000001249e-03
1.107340000000000060e-02,5.625000000000001527e-03
1.107920000000000085e-02,5.625000000000001527e-03
1.108500000000000110e-02,5.937500000000001804e-03
1.109080000000000135e-02,5.937500000000001804e-03
1.109659999999999987e-02,5.625000000000001527e-03
1.110240000000000012e-02,5.937500000000001804e-03
1.110820000000000037e-02,5.937500000000001804e-03
1.111400000000000061e-02,6.250000000000002082e-03
1.111980000000000086e-02,5.937500000000001804e-03
1.112560000000000111e-02,5.937500000000001804e-03
1.113140000000000136e-02,5.625000000000001527e-03
1.113719999999999988e-02,5.625000000000001527e-03
1.114300000000000013e-02,5.312500000000001249e-03
1.114880000000000038e-02,5.625000000000001527e-03
1.115460000000000063e-02,5.312500000000001249e-03
1.116040000000000088e-02,5.625000000000001527e-03
1.116620000000000112e-02,5.312500000000001249e-03
1.117200000000000137e-02,4.687500000000004163e-03
1.117779999999999989e-02,5.000000000000004441e-03
1.118360000000000014e-02,4.375000000000003886e-03
1.118940000000000039e-02,4.687500000000004163e-03
1.119520000000000064e-02,4.687500000000004163e-03
1.120100000000000089e-02,4.375000000000003886e-03
1.120680000000000114e-02,4.687500000000004163e-03
1.121259999999999965e-02,4.062500000000003608e-03
1.121839999999999990e-02,4.375000000000003886e-03
1.122420000000000015e-02,4.375000000000003886e-03
1.123000000000000040e-02,4.687500000000004163e-03
1.123580000000000065e-02,4.687500000000004163e-03
1.124160000000000090e-02,4.687500000000004163e-03
1.124740000000000115e-02,4.687500000000004163e-03
1.125319999999999966e-02,4.375000000000003886e-03
1.125899999999999991e-02,4.687500000000004163e-03
1.126480000000000016e-02,4.375000000000003886e-03
1.127060000000000041e-02,4.375000000000003886e-03
1.127640000000000066e-02,4.687500000000004163e-03
1.128220000000000091e-02,4.687500000000004163e-03
1.128800000000000116e-02,4.687500000000004163e-03
1.129379999999999967e-02,4.062500000000003608e-03
1.129959999999999992e-02,4.687500000000004163e-03
1.130540000000000017e-02,4.375000000000003886e-03
1.131120000000000042e-02,4.375000000000003886e-03
1.131700000000000067e-02,4.375000000000003886e-03
1.132280000000000092e-02,4.375000000000003886e-03
1.132860000000000117e-02,4.375000000000003886e-03
1.133439999999999968e-02,4.375000000000003886e-03
1.134019999999999993e-02,4.375000000000003886e-03
1.134600000000000018e-02,4.687500000000004163e-03
1.135180000000000043e-02,4.375000000000003886e-03
1.135760000000000068e-02,4.375000000000003886e-03
1.136340000000000093e-02,4.062500000000003608e-03
1.136920000000000118e-02,4.375000000000003886e-03
1.137499999999999969e-02,4.062500000000003608e-03
1.138079999999999994e-02,4.062500000000003608e-03
1.138660000000000019e-02,4.375000000000003886e-03
1.139240000000000044e-02,4.062500000000003608e-03
1.139820000000000069e-02,4.062500000000003608e-03
1.140400000000000094e-02,4.062500000000003608e-03
1.140980000000000119e-02,4.062500000000003608e-03
1.141559999999999971e-02,3.750000000000003331e-03
1.142139999999999996e-02,4.062500000000003608e-03
1.142720000000000020e-02,5.312500000000001249e-03
1.143300000000000045e-02,5.937500000000001804e-03
1.143880000000000070e-02,7.500000000000003192e-03
1.144460000000000095e-02,8.750000000000004302e-03
1.145040000000000120e-02,1.125000000000000305e-02
1.145619999999999972e-02,1.343750000000000153e-02
1.146199999999999997e-02,1.468750000000000264e-02
1.146780000000000022e-02,1.656250000000000430e-02
1.147360000000000047e-02,1.656250000000000430e-02
1.147940000000000071e-02,1.656250000000000430e-02
1.148520000000000096e-02,1.687500000000000458e-02
1.149100000000000121e-02,1.812500000000000222e-02
1.149679999999999973e-02,1.781250000000000194e-02
1.150259999999999998e-02,1.718750000000000139e-02
1.150840000000000023e-02,1.718750000000000139e-02
1.151420000000000048e-02,1.750000000000000167e-02
