PURE SILICA, ELECTRODE=TUNGSTEN, TIME=35, POLING_VOLTAGE=3700, WAVELENGTH=1.55e-06, EFFECTIVE_DISTANCE=3.1e-05, POLED_LENGTH=0.3, CORE_INDEX=1.45, POLE=MAX, AC_VOLTAGE=1081.0, AC_FREQUENCY=5300, PIEZO_FREQUENCY=106.0
Time(s),Voltage(V)
0.000000000000000000e+00,9.062500000000001110e-03
4.699999999999999893e-06,9.062500000000001110e-03
9.399999999999999786e-06,8.750000000000004302e-03
1.410000000000000053e-05,8.437500000000004025e-03
1.879999999999999957e-05,8.750000000000004302e-03
2.349999999999999862e-05,8.125000000000003747e-03
2.820000000000000105e-05,8.437500000000004025e-03
3.290000000000000010e-05,8.750000000000004302e-03
3.759999999999999915e-05,9.062500000000001110e-03
4.229999999999999819e-05,2.125000000000000500e-02
4.699999999999999724e-05,2.156250000000000527e-02
5.169999999999999628e-05,2.093750000000000472e-02
5.640000000000000211e-05,2.218750000000000236e-02
6.109999999999999438e-05,2.281250000000000291e-02
6.580000000000000020e-05,2.375000000000000375e-02
7.049999999999999247e-05,2.468750000000000111e-02
7.519999999999999829e-05,2.593750000000000222e-02
7.990000000000000411e-05,2.593750000000000222e-02
8.459999999999999638e-05,2.531250000000000167e-02
8.930000000000000221e-05,2.500000000000000139e-02
9.399999999999999448e-05,2.500000000000000139e-02
9.870000000000000030e-05,2.562500000000000194e-02
1.033999999999999926e-04,2.687500000000000305e-02
1.080999999999999984e-04,2.718750000000000333e-02
1.128000000000000042e-04,2.687500000000000305e-02
1.174999999999999965e-04,2.625000000000000250e-02
1.221999999999999888e-04,2.531250000000000167e-02
1.268999999999999946e-04,2.468750000000000111e-02
1.316000000000000004e-04,2.406250000000000056e-02
1.363000000000000062e-04,2.375000000000000375e-02
1.409999999999999849e-04,2.312500000000000319e-02
1.456999999999999908e-04,2.250000000000000264e-02
1.503999999999999966e-04,2.187500000000000555e-02
1.551000000000000024e-04,2.156250000000000527e-02
1.598000000000000082e-04,2.125000000000000500e-02
1.644999999999999869e-04,2.093750000000000472e-02
1.691999999999999928e-04,2.125000000000000500e-02
1.738999999999999986e-04,2.125000000000000500e-02
1.786000000000000044e-04,2.156250000000000527e-02
1.832999999999999831e-04,2.125000000000000500e-02
1.879999999999999890e-04,2.062500000000000444e-02
1.926999999999999948e-04,2.000000000000000389e-02
1.974000000000000006e-04,1.968750000000000361e-02
2.021000000000000064e-04,1.875000000000000278e-02
2.067999999999999851e-04,1.843750000000000250e-02
2.114999999999999910e-04,1.781250000000000194e-02
2.161999999999999968e-04,1.718750000000000139e-02
2.209000000000000026e-04,1.687500000000000458e-02
2.256000000000000084e-04,1.687500000000000458e-02
2.302999999999999871e-04,1.625000000000000402e-02
2.349999999999999930e-04,1.562500000000000347e-02
2.396999999999999988e-04,1.562500000000000347e-02
2.443999999999999775e-04,1.531250000000000319e-02
2.490999999999999833e-04,1.500000000000000291e-02
2.537999999999999892e-04,1.468750000000000264e-02
2.584999999999999950e-04,1.406250000000000208e-02
2.632000000000000008e-04,1.343750000000000153e-02
2.679000000000000066e-04,1.343750000000000153e-02
2.726000000000000124e-04,1.312500000000000125e-02
2.773000000000000183e-04,1.250000000000000416e-02
2.819999999999999699e-04,1.250000000000000416e-02
2.866999999999999757e-04,1.218750000000000389e-02
2.913999999999999815e-04,1.218750000000000389e-02
2.960999999999999873e-04,1.218750000000000389e-02
3.007999999999999932e-04,1.218750000000000389e-02
3.054999999999999990e-04,1.187500000000000361e-02
3.102000000000000048e-04,1.187500000000000361e-02
3.149000000000000106e-04,1.156250000000000333e-02
3.196000000000000165e-04,1.125000000000000305e-02
3.242999999999999681e-04,1.156250000000000333e-02
3.289999999999999739e-04,1.187500000000000361e-02
3.336999999999999797e-04,1.156250000000000333e-02
3.383999999999999855e-04,1.125000000000000305e-02
3.430999999999999914e-04,1.125000000000000305e-02
3.477999999999999972e-04,1.093750000000000278e-02
3.525000000000000030e-04,1.093750000000000278e-02
3.572000000000000088e-04,1.093750000000000278e-02
3.619000000000000146e-04,1.031250000000000222e-02
3.665999999999999663e-04,1.000000000000000194e-02
3.712999999999999721e-04,1.000000000000000194e-02
3.759999999999999779e-04,9.687500000000001665e-03
3.806999999999999837e-04,9.687500000000001665e-03
3.853999999999999895e-04,9.375000000000001388e-03
3.900999999999999954e-04,9.062500000000001110e-03
3.948000000000000012e-04,9.062500000000001110e-03
3.995000000000000070e-04,9.062500000000001110e-03
4.042000000000000128e-04,8.750000000000004302e-03
4.088999999999999644e-04,8.750000000000004302e-03
4.135999999999999703e-04,9.062500000000001110e-03
4.182999999999999761e-04,8.750000000000004302e-03
4.229999999999999819e-04,8.750000000000004302e-03
4.276999999999999877e-04,8.750000000000004302e-03
4.323999999999999936e-04,8.437500000000004025e-03
4.370999999999999994e-04,8.125000000000003747e-03
4.418000000000000052e-04,8.125000000000003747e-03
4.465000000000000110e-04,7.812500000000003469e-03
4.512000000000000169e-04,8.125000000000003747e-03
4.558999999999999685e-04,7.812500000000003469e-03
4.605999999999999743e-04,7.500000000000003192e-03
4.652999999999999801e-04,7.500000000000003192e-03
4.699999999999999859e-04,7.500000000000003192e-03
4.746999999999999918e-04,6.875000000000002637e-03
4.793999999999999976e-04,6.875000000000002637e-03
4.841000000000000034e-04,6.562500000000002359e-03
4.887999999999999550e-04,6.875000000000002637e-03
4.935000000000000150e-04,6.562500000000002359e-03
4.981999999999999667e-04,6.562500000000002359e-03
5.029000000000000267e-04,6.562500000000002359e-03
5.075999999999999783e-04,6.562500000000002359e-03
5.123000000000000383e-04,6.250000000000002082e-03
5.169999999999999899e-04,6.562500000000002359e-03
5.216999999999999416e-04,6.562500000000002359e-03
5.264000000000000016e-04,6.875000000000002637e-03
5.310999999999999532e-04,7.187500000000002914e-03
5.358000000000000132e-04,7.500000000000003192e-03
5.404999999999999648e-04,7.812500000000003469e-03
5.452000000000000249e-04,7.812500000000003469e-03
5.498999999999999765e-04,8.125000000000003747e-03
5.546000000000000365e-04,8.125000000000003747e-03
5.592999999999999881e-04,8.125000000000003747e-03
5.639999999999999397e-04,8.125000000000003747e-03
5.686999999999999998e-04,7.812500000000003469e-03
5.733999999999999514e-04,7.500000000000003192e-03
5.781000000000000114e-04,7.812500000000003469e-03
5.827999999999999630e-04,7.187500000000002914e-03
5.875000000000000231e-04,7.187500000000002914e-03
5.921999999999999747e-04,7.187500000000002914e-03
5.969000000000000347e-04,6.875000000000002637e-03
6.015999999999999863e-04,6.562500000000002359e-03
6.062999999999999379e-04,6.562500000000002359e-03
6.109999999999999980e-04,6.250000000000002082e-03
6.156999999999999496e-04,6.562500000000002359e-03
6.204000000000000096e-04,6.562500000000002359e-03
6.250999999999999612e-04,5.937500000000001804e-03
6.298000000000000213e-04,5.937500000000001804e-03
6.344999999999999729e-04,5.937500000000001804e-03
6.392000000000000329e-04,5.937500000000001804e-03
6.438999999999999845e-04,5.937500000000001804e-03
6.485999999999999361e-04,5.937500000000001804e-03
6.532999999999999962e-04,5.937500000000001804e-03
6.579999999999999478e-04,6.250000000000002082e-03
6.627000000000000078e-04,5.937500000000001804e-03
6.673999999999999594e-04,5.937500000000001804e-03
6.721000000000000195e-04,5.937500000000001804e-03
6.767999999999999711e-04,5.937500000000001804e-03
6.815000000000000311e-04,5.625000000000001527e-03
6.861999999999999827e-04,5.625000000000001527e-03
6.908999999999999343e-04,5.312500000000001249e-03
6.955999999999999944e-04,5.625000000000001527e-03
7.002999999999999460e-04,5.937500000000001804e-03
7.050000000000000060e-04,5.937500000000001804e-03
7.096999999999999576e-04,6.250000000000002082e-03
7.144000000000000176e-04,6.875000000000002637e-03
7.190999999999999693e-04,7.500000000000003192e-03
7.238000000000000293e-04,7.187500000000002914e-03
7.284999999999999809e-04,8.125000000000003747e-03
7.331999999999999325e-04,8.750000000000004302e-03
7.378999999999999925e-04,9.062500000000001110e-03
7.425999999999999442e-04,9.375000000000001388e-03
7.473000000000000042e-04,9.687500000000001665e-03
7.519999999999999558e-04,1.031250000000000222e-02
7.567000000000000158e-04,1.031250000000000222e-02
7.613999999999999675e-04,1.031250000000000222e-02
7.661000000000000275e-04,1.031250000000000222e-02
7.707999999999999791e-04,1.031250000000000222e-02
7.754999999999999307e-04,1.031250000000000222e-02
7.801999999999999907e-04,1.000000000000000194e-02
7.848999999999999424e-04,1.000000000000000194e-02
7.896000000000000024e-04,1.000000000000000194e-02
7.942999999999999540e-04,9.687500000000001665e-03
7.990000000000000140e-04,9.375000000000001388e-03
8.036999999999999656e-04,9.062500000000001110e-03
8.084000000000000257e-04,9.062500000000001110e-03
8.130999999999999773e-04,8.750000000000004302e-03
8.177999999999999289e-04,8.750000000000004302e-03
8.224999999999999889e-04,8.750000000000004302e-03
8.271999999999999405e-04,8.437500000000004025e-03
8.319000000000000006e-04,8.125000000000003747e-03
8.365999999999999522e-04,8.125000000000003747e-03
8.413000000000000122e-04,8.125000000000003747e-03
8.459999999999999638e-04,8.125000000000003747e-03
8.507000000000000239e-04,8.125000000000003747e-03
8.553999999999999755e-04,8.125000000000003747e-03
8.600999999999999271e-04,8.437500000000004025e-03
8.647999999999999871e-04,8.125000000000003747e-03
8.694999999999999387e-04,8.437500000000004025e-03
8.741999999999999988e-04,8.750000000000004302e-03
8.788999999999999504e-04,8.750000000000004302e-03
8.836000000000000104e-04,9.375000000000001388e-03
8.882999999999999620e-04,1.000000000000000194e-02
8.930000000000000221e-04,1.062500000000000250e-02
8.976999999999999737e-04,1.062500000000000250e-02
9.024000000000000337e-04,1.156250000000000333e-02
9.070999999999999853e-04,1.156250000000000333e-02
9.117999999999999369e-04,1.187500000000000361e-02
9.164999999999999970e-04,1.250000000000000416e-02
9.211999999999999486e-04,1.250000000000000416e-02
9.259000000000000086e-04,1.281250000000000444e-02
9.305999999999999602e-04,1.312500000000000125e-02
9.353000000000000203e-04,1.343750000000000153e-02
9.399999999999999719e-04,1.343750000000000153e-02
9.447000000000000319e-04,1.375000000000000180e-02
9.493999999999999835e-04,1.343750000000000153e-02
9.540999999999999351e-04,1.375000000000000180e-02
9.587999999999999952e-04,1.343750000000000153e-02
9.634999999999999468e-04,1.312500000000000125e-02
9.682000000000000068e-04,1.343750000000000153e-02
9.728999999999999584e-04,1.281250000000000444e-02
9.775999999999999100e-04,1.218750000000000389e-02
9.822999999999999701e-04,1.218750000000000389e-02
9.870000000000000301e-04,1.187500000000000361e-02
9.916999999999998733e-04,1.187500000000000361e-02
9.963999999999999333e-04,1.156250000000000333e-02
1.001099999999999993e-03,1.125000000000000305e-02
1.005800000000000053e-03,1.093750000000000278e-02
1.010499999999999897e-03,1.062500000000000250e-02
1.015199999999999957e-03,1.031250000000000222e-02
1.019900000000000017e-03,1.062500000000000250e-02
1.024600000000000077e-03,1.062500000000000250e-02
1.029299999999999920e-03,1.031250000000000222e-02
1.033999999999999980e-03,1.062500000000000250e-02
1.038700000000000040e-03,1.062500000000000250e-02
1.043399999999999883e-03,1.062500000000000250e-02
1.048099999999999943e-03,1.031250000000000222e-02
1.052800000000000003e-03,1.062500000000000250e-02
1.057500000000000063e-03,1.062500000000000250e-02
1.062199999999999906e-03,1.062500000000000250e-02
1.066899999999999966e-03,1.062500000000000250e-02
1.071600000000000026e-03,1.125000000000000305e-02
1.076299999999999870e-03,1.187500000000000361e-02
1.080999999999999930e-03,1.187500000000000361e-02
1.085699999999999990e-03,1.250000000000000416e-02
1.090400000000000050e-03,1.312500000000000125e-02
1.095099999999999893e-03,1.343750000000000153e-02
1.099799999999999953e-03,1.437500000000000236e-02
1.104500000000000013e-03,1.468750000000000264e-02
1.109200000000000073e-03,1.562500000000000347e-02
1.113899999999999916e-03,1.656250000000000430e-02
1.118599999999999976e-03,1.656250000000000430e-02
1.123300000000000036e-03,1.718750000000000139e-02
1.127999999999999879e-03,1.781250000000000194e-02
1.132699999999999940e-03,1.750000000000000167e-02
1.137400000000000000e-03,1.781250000000000194e-02
1.142100000000000060e-03,1.812500000000000222e-02
1.146799999999999903e-03,1.812500000000000222e-02
1.151499999999999963e-03,1.812500000000000222e-02
1.156200000000000023e-03,1.781250000000000194e-02
1.160899999999999866e-03,1.781250000000000194e-02
1.165599999999999926e-03,1.781250000000000194e-02
1.170299999999999986e-03,1.750000000000000167e-02
1.175000000000000046e-03,1.750000000000000167e-02
1.179699999999999889e-03,1.750000000000000167e-02
1.184399999999999949e-03,1.718750000000000139e-02
1.189100000000000009e-03,1.718750000000000139e-02
1.193800000000000069e-03,1.656250000000000430e-02
1.198499999999999913e-03,1.656250000000000430e-02
1.203199999999999973e-03,1.687500000000000458e-02
1.207900000000000033e-03,1.687500000000000458e-02
1.212599999999999876e-03,1.687500000000000458e-02
1.217299999999999936e-03,1.718750000000000139e-02
1.221999999999999996e-03,1.750000000000000167e-02
1.226700000000000056e-03,1.781250000000000194e-02
1.231399999999999899e-03,1.781250000000000194e-02
1.236099999999999959e-03,1.781250000000000194e-02
1.240800000000000019e-03,1.843750000000000250e-02
1.245500000000000079e-03,1.843750000000000250e-02
1.250199999999999922e-03,1.875000000000000278e-02
1.254899999999999982e-03,1.937500000000000333e-02
1.259600000000000043e-03,1.937500000000000333e-02
1.264299999999999886e-03,1.968750000000000361e-02
1.268999999999999946e-03,2.031250000000000416e-02
1.273700000000000006e-03,2.125000000000000500e-02
1.278400000000000066e-03,2.156250000000000527e-02
1.283099999999999909e-03,2.218750000000000236e-02
1.287799999999999969e-03,2.312500000000000319e-02
1.292500000000000029e-03,2.375000000000000375e-02
1.297199999999999872e-03,2.437500000000000083e-02
1.301899999999999932e-03,2.468750000000000111e-02
1.306599999999999992e-03,2.562500000000000194e-02
1.311300000000000052e-03,2.562500000000000194e-02
1.315999999999999896e-03,2.593750000000000222e-02
1.320699999999999956e-03,2.656250000000000278e-02
1.325400000000000016e-03,2.656250000000000278e-02
1.330100000000000076e-03,2.687500000000000305e-02
1.334799999999999919e-03,2.656250000000000278e-02
1.339499999999999979e-03,2.625000000000000250e-02
1.344200000000000039e-03,2.625000000000000250e-02
1.348899999999999882e-03,2.625000000000000250e-02
1.353599999999999942e-03,2.593750000000000222e-02
1.358300000000000002e-03,2.500000000000000139e-02
1.363000000000000062e-03,2.500000000000000139e-02
1.367699999999999905e-03,2.468750000000000111e-02
1.372399999999999965e-03,2.468750000000000111e-02
1.377100000000000025e-03,2.406250000000000056e-02
1.381799999999999869e-03,2.375000000000000375e-02
1.386499999999999929e-03,2.375000000000000375e-02
1.391199999999999989e-03,2.375000000000000375e-02
1.395900000000000049e-03,2.375000000000000375e-02
1.400599999999999892e-03,2.406250000000000056e-02
1.405299999999999952e-03,2.406250000000000056e-02
1.410000000000000012e-03,2.406250000000000056e-02
1.414700000000000072e-03,2.437500000000000083e-02
1.419399999999999915e-03,2.468750000000000111e-02
1.424099999999999975e-03,2.468750000000000111e-02
1.428800000000000035e-03,2.468750000000000111e-02
1.433499999999999878e-03,2.531250000000000167e-02
1.438199999999999939e-03,2.531250000000000167e-02
1.442899999999999999e-03,2.593750000000000222e-02
1.447600000000000059e-03,2.625000000000000250e-02
1.452299999999999902e-03,2.687500000000000305e-02
1.456999999999999962e-03,2.781250000000000389e-02
1.461700000000000022e-03,2.812500000000000416e-02
1.466399999999999865e-03,2.906250000000000500e-02
1.471099999999999925e-03,2.937500000000000527e-02
1.475799999999999985e-03,3.062500000000000291e-02
1.480500000000000045e-03,3.093750000000000319e-02
1.485199999999999888e-03,3.187500000000000056e-02
1.489899999999999948e-03,3.187500000000000056e-02
1.494600000000000008e-03,3.250000000000000111e-02
1.499300000000000068e-03,3.312500000000000167e-02
1.503999999999999912e-03,3.343750000000000194e-02
1.508699999999999972e-03,3.375000000000000222e-02
1.513400000000000032e-03,3.375000000000000222e-02
1.518099999999999875e-03,3.406250000000000250e-02
1.522799999999999935e-03,3.375000000000000222e-02
1.527499999999999995e-03,3.375000000000000222e-02
1.532200000000000055e-03,3.343750000000000194e-02
1.536899999999999898e-03,3.312500000000000167e-02
1.541599999999999958e-03,3.281250000000000139e-02
1.546300000000000018e-03,3.250000000000000111e-02
1.550999999999999861e-03,3.218750000000000083e-02
1.555699999999999921e-03,3.187500000000000056e-02
1.560399999999999981e-03,3.125000000000000000e-02
1.565100000000000042e-03,3.093750000000000319e-02
1.569799999999999885e-03,3.093750000000000319e-02
1.574499999999999945e-03,3.062500000000000291e-02
1.579200000000000005e-03,3.031250000000000264e-02
1.583900000000000065e-03,3.031250000000000264e-02
1.588599999999999908e-03,3.031250000000000264e-02
1.593299999999999968e-03,3.031250000000000264e-02
1.598000000000000028e-03,3.062500000000000291e-02
1.602699999999999871e-03,3.031250000000000264e-02
1.607399999999999931e-03,3.125000000000000000e-02
1.612099999999999991e-03,3.125000000000000000e-02
1.616800000000000051e-03,3.156250000000000028e-02
1.621499999999999895e-03,3.187500000000000056e-02
1.626199999999999955e-03,3.218750000000000083e-02
1.630900000000000015e-03,3.281250000000000139e-02
1.635599999999999858e-03,3.312500000000000167e-02
1.640299999999999918e-03,3.375000000000000222e-02
1.644999999999999978e-03,3.437500000000000278e-02
1.649700000000000038e-03,3.468750000000000305e-02
1.654399999999999881e-03,3.562500000000000389e-02
1.659099999999999941e-03,3.625000000000000444e-02
1.663800000000000001e-03,3.656250000000000472e-02
1.668500000000000061e-03,3.750000000000000555e-02
1.673199999999999904e-03,3.781250000000000583e-02
1.677899999999999964e-03,3.843750000000000638e-02
1.682600000000000024e-03,3.843750000000000638e-02
1.687299999999999868e-03,3.937500000000000722e-02
1.691999999999999928e-03,3.968750000000000056e-02
1.696699999999999988e-03,4.000000000000000083e-02
1.701400000000000048e-03,4.000000000000000083e-02
1.706099999999999891e-03,4.031250000000000111e-02
1.710799999999999951e-03,4.093750000000000167e-02
1.715500000000000011e-03,4.062500000000000139e-02
1.720199999999999854e-03,4.031250000000000111e-02
1.724899999999999914e-03,4.062500000000000139e-02
1.729599999999999974e-03,4.000000000000000083e-02
1.734300000000000034e-03,3.968750000000000056e-02
1.738999999999999877e-03,3.937500000000000722e-02
1.743699999999999938e-03,3.906250000000000000e-02
1.748399999999999998e-03,3.906250000000000000e-02
1.753100000000000058e-03,3.875000000000000666e-02
1.757799999999999901e-03,3.843750000000000638e-02
1.762499999999999961e-03,3.812500000000000611e-02
1.767200000000000021e-03,3.812500000000000611e-02
1.771899999999999864e-03,3.812500000000000611e-02
1.776599999999999924e-03,3.812500000000000611e-02
1.781299999999999984e-03,3.843750000000000638e-02
1.786000000000000044e-03,3.812500000000000611e-02
1.790699999999999887e-03,3.875000000000000666e-02
1.795399999999999947e-03,3.906250000000000000e-02
1.800100000000000007e-03,3.937500000000000722e-02
1.804800000000000067e-03,3.937500000000000722e-02
1.809499999999999911e-03,3.968750000000000056e-02
1.814199999999999971e-03,4.000000000000000083e-02
1.818900000000000031e-03,4.062500000000000139e-02
1.823599999999999874e-03,4.062500000000000139e-02
1.828299999999999934e-03,4.093750000000000167e-02
1.832999999999999994e-03,4.156250000000000222e-02
1.837700000000000054e-03,4.187500000000000250e-02
1.842399999999999897e-03,4.281250000000000333e-02
1.847099999999999957e-03,4.312500000000000361e-02
1.851800000000000017e-03,4.312500000000000361e-02
1.856499999999999860e-03,4.375000000000000416e-02
1.861199999999999920e-03,4.437500000000000472e-02
1.865899999999999980e-03,4.468750000000000500e-02
1.870600000000000041e-03,4.500000000000000527e-02
1.875299999999999884e-03,4.531250000000000555e-02
1.879999999999999944e-03,4.593750000000000611e-02
1.884700000000000004e-03,4.624999999999999944e-02
1.889400000000000064e-03,4.624999999999999944e-02
1.894099999999999907e-03,4.624999999999999944e-02
1.898799999999999967e-03,4.656250000000000666e-02
1.903500000000000027e-03,4.624999999999999944e-02
1.908199999999999870e-03,4.656250000000000666e-02
1.912899999999999930e-03,4.624999999999999944e-02
1.917599999999999990e-03,4.593750000000000611e-02
1.922300000000000050e-03,4.562500000000000583e-02
1.926999999999999894e-03,4.562500000000000583e-02
1.931699999999999954e-03,4.531250000000000555e-02
1.936400000000000014e-03,4.500000000000000527e-02
1.941099999999999857e-03,4.468750000000000500e-02
1.945799999999999917e-03,4.468750000000000500e-02
1.950499999999999977e-03,4.437500000000000472e-02
1.955199999999999820e-03,4.437500000000000472e-02
1.959900000000000097e-03,4.437500000000000472e-02
1.964599999999999940e-03,4.406250000000000444e-02
1.969299999999999783e-03,4.437500000000000472e-02
1.974000000000000060e-03,4.437500000000000472e-02
1.978699999999999903e-03,4.468750000000000500e-02
1.983399999999999747e-03,4.437500000000000472e-02
1.988100000000000023e-03,4.468750000000000500e-02
1.992799999999999867e-03,4.531250000000000555e-02
1.997500000000000143e-03,4.500000000000000527e-02
2.002199999999999987e-03,4.593750000000000611e-02
2.006899999999999830e-03,4.593750000000000611e-02
2.011600000000000107e-03,4.624999999999999944e-02
2.016299999999999950e-03,4.656250000000000666e-02
2.020999999999999793e-03,4.687500000000000000e-02
2.025700000000000070e-03,4.718750000000000722e-02
2.030399999999999913e-03,4.781250000000000777e-02
2.035099999999999756e-03,4.812500000000000111e-02
2.039800000000000033e-03,4.812500000000000111e-02
2.044499999999999876e-03,4.906250000000000194e-02
2.049200000000000153e-03,4.906250000000000194e-02
2.053899999999999997e-03,4.937500000000000222e-02
2.058599999999999840e-03,4.968750000000000250e-02
2.063300000000000117e-03,5.000000000000000278e-02
2.067999999999999960e-03,5.000000000000000278e-02
2.072699999999999803e-03,5.062500000000000333e-02
2.077400000000000080e-03,5.062500000000000333e-02
2.082099999999999923e-03,5.156250000000000416e-02
2.086799999999999766e-03,5.093750000000000361e-02
2.091500000000000043e-03,5.125000000000000389e-02
2.096199999999999886e-03,5.125000000000000389e-02
2.100900000000000163e-03,5.125000000000000389e-02
2.105600000000000006e-03,5.156250000000000416e-02
2.110299999999999850e-03,5.125000000000000389e-02
2.115000000000000126e-03,5.093750000000000361e-02
2.119699999999999970e-03,5.093750000000000361e-02
2.124399999999999813e-03,5.093750000000000361e-02
2.129100000000000090e-03,5.093750000000000361e-02
2.133799999999999933e-03,5.093750000000000361e-02
2.138499999999999776e-03,5.062500000000000333e-02
2.143200000000000053e-03,5.062500000000000333e-02
2.147899999999999896e-03,5.093750000000000361e-02
2.152599999999999739e-03,5.093750000000000361e-02
2.157300000000000016e-03,5.093750000000000361e-02
2.161999999999999859e-03,5.125000000000000389e-02
2.166700000000000136e-03,5.125000000000000389e-02
2.171399999999999979e-03,5.156250000000000416e-02
2.176099999999999823e-03,5.187500000000000444e-02
2.180800000000000100e-03,5.218750000000000472e-02
2.185499999999999943e-03,5.218750000000000472e-02
2.190199999999999786e-03,4.656250000000000666e-02
2.194900000000000063e-03,4.687500000000000000e-02
2.199599999999999906e-03,4.750000000000000056e-02
2.204299999999999749e-03,4.781250000000000777e-02
2.209000000000000026e-03,4.781250000000000777e-02
2.213699999999999869e-03,4.843750000000000139e-02
2.218400000000000146e-03,4.875000000000000167e-02
2.223099999999999989e-03,4.906250000000000194e-02
2.227799999999999832e-03,4.968750000000000250e-02
2.232500000000000109e-03,5.000000000000000278e-02
2.237199999999999953e-03,5.000000000000000278e-02
2.241899999999999796e-03,5.062500000000000333e-02
2.246600000000000073e-03,5.093750000000000361e-02
2.251299999999999916e-03,5.093750000000000361e-02
2.255999999999999759e-03,5.093750000000000361e-02
2.260700000000000036e-03,5.156250000000000416e-02
2.265399999999999879e-03,5.156250000000000416e-02
2.270100000000000156e-03,5.156250000000000416e-02
2.274799999999999999e-03,5.156250000000000416e-02
2.279499999999999842e-03,5.187500000000000444e-02
2.284200000000000119e-03,5.156250000000000416e-02
2.288899999999999962e-03,5.156250000000000416e-02
2.293599999999999806e-03,5.093750000000000361e-02
2.298300000000000082e-03,5.093750000000000361e-02
2.302999999999999926e-03,5.093750000000000361e-02
2.307699999999999769e-03,5.031250000000000305e-02
2.312400000000000046e-03,5.031250000000000305e-02
2.317099999999999889e-03,5.031250000000000305e-02
2.321799999999999732e-03,5.000000000000000278e-02
2.326500000000000009e-03,5.000000000000000278e-02
2.331199999999999852e-03,4.968750000000000250e-02
2.335900000000000129e-03,5.000000000000000278e-02
2.340599999999999972e-03,5.000000000000000278e-02
2.345299999999999815e-03,5.031250000000000305e-02
2.350000000000000092e-03,5.031250000000000305e-02
2.354699999999999935e-03,5.062500000000000333e-02
2.359399999999999779e-03,5.093750000000000361e-02
2.364100000000000056e-03,5.093750000000000361e-02
2.368799999999999899e-03,5.125000000000000389e-02
2.373499999999999742e-03,5.125000000000000389e-02
2.378200000000000019e-03,5.156250000000000416e-02
2.382899999999999862e-03,5.187500000000000444e-02
2.387600000000000139e-03,5.218750000000000472e-02
2.392299999999999982e-03,5.250000000000000500e-02
2.396999999999999825e-03,5.281250000000000527e-02
2.401700000000000102e-03,5.281250000000000527e-02
2.406399999999999945e-03,5.312500000000000555e-02
2.411099999999999789e-03,5.343749999999999889e-02
2.415800000000000065e-03,5.343749999999999889e-02
2.420499999999999909e-03,5.375000000000000611e-02
2.425199999999999752e-03,5.406249999999999944e-02
2.429900000000000029e-03,5.406249999999999944e-02
2.434599999999999872e-03,5.437500000000000666e-02
2.439300000000000149e-03,5.437500000000000666e-02
2.443999999999999992e-03,5.468750000000000000e-02
2.448699999999999835e-03,5.468750000000000000e-02
2.453400000000000112e-03,5.468750000000000000e-02
2.458099999999999955e-03,5.500000000000000722e-02
2.462799999999999798e-03,5.500000000000000722e-02
2.467500000000000075e-03,5.500000000000000722e-02
2.472199999999999918e-03,5.500000000000000722e-02
2.476899999999999762e-03,5.500000000000000722e-02
2.481600000000000038e-03,5.468750000000000000e-02
2.486299999999999882e-03,5.437500000000000666e-02
2.491000000000000159e-03,5.468750000000000000e-02
2.495700000000000002e-03,5.468750000000000000e-02
2.500399999999999845e-03,5.406249999999999944e-02
2.505100000000000122e-03,5.406249999999999944e-02
2.509799999999999965e-03,5.406249999999999944e-02
2.514499999999999808e-03,5.406249999999999944e-02
2.519200000000000085e-03,5.375000000000000611e-02
2.523899999999999928e-03,5.406249999999999944e-02
2.528599999999999771e-03,5.406249999999999944e-02
2.533300000000000048e-03,5.406249999999999944e-02
2.537999999999999892e-03,5.406249999999999944e-02
2.542699999999999735e-03,5.437500000000000666e-02
2.547400000000000012e-03,5.437500000000000666e-02
2.552099999999999855e-03,5.437500000000000666e-02
2.556800000000000132e-03,5.468750000000000000e-02
2.561499999999999975e-03,5.468750000000000000e-02
2.566199999999999818e-03,5.531250000000000056e-02
2.570900000000000095e-03,5.531250000000000056e-02
2.575599999999999938e-03,5.531250000000000056e-02
2.580299999999999781e-03,5.562500000000000777e-02
2.585000000000000058e-03,5.562500000000000777e-02
2.589699999999999901e-03,5.593750000000000111e-02
2.594399999999999745e-03,5.593750000000000111e-02
2.599100000000000021e-03,5.562500000000000777e-02
2.603799999999999865e-03,5.562500000000000777e-02
2.608500000000000141e-03,5.562500000000000777e-02
2.613199999999999985e-03,5.562500000000000777e-02
2.617899999999999828e-03,5.531250000000000056e-02
2.622600000000000105e-03,5.562500000000000777e-02
2.627299999999999948e-03,5.531250000000000056e-02
2.631999999999999791e-03,5.562500000000000777e-02
2.636700000000000068e-03,5.562500000000000777e-02
2.641399999999999911e-03,5.531250000000000056e-02
2.646099999999999754e-03,5.562500000000000777e-02
2.650800000000000031e-03,5.593750000000000111e-02
2.655499999999999874e-03,5.593750000000000111e-02
2.660200000000000151e-03,5.625000000000000833e-02
2.664899999999999994e-03,5.656250000000000167e-02
2.669599999999999838e-03,5.656250000000000167e-02
2.674300000000000115e-03,5.656250000000000167e-02
2.678999999999999958e-03,5.656250000000000167e-02
2.683699999999999801e-03,5.656250000000000167e-02
2.688400000000000078e-03,5.656250000000000167e-02
2.693099999999999921e-03,5.656250000000000167e-02
2.697799999999999764e-03,5.656250000000000167e-02
2.702500000000000041e-03,5.656250000000000167e-02
2.707199999999999884e-03,5.687500000000000888e-02
2.711899999999999727e-03,5.656250000000000167e-02
2.716600000000000004e-03,5.687500000000000888e-02
2.721299999999999848e-03,5.687500000000000888e-02
2.726000000000000124e-03,5.687500000000000888e-02
2.730699999999999968e-03,5.656250000000000167e-02
2.735399999999999811e-03,5.656250000000000167e-02
2.740100000000000088e-03,5.718750000000000222e-02
2.744799999999999931e-03,5.687500000000000888e-02
2.749499999999999774e-03,5.687500000000000888e-02
2.754200000000000051e-03,5.750000000000000250e-02
2.758899999999999894e-03,5.687500000000000888e-02
2.763599999999999737e-03,5.718750000000000222e-02
2.768300000000000014e-03,5.687500000000000888e-02
2.772999999999999857e-03,5.718750000000000222e-02
2.777700000000000134e-03,5.687500000000000888e-02
2.782399999999999977e-03,5.656250000000000167e-02
2.787099999999999821e-03,5.656250000000000167e-02
2.791800000000000097e-03,5.593750000000000111e-02
2.796499999999999941e-03,5.656250000000000167e-02
2.801199999999999784e-03,5.562500000000000777e-02
2.805900000000000061e-03,5.562500000000000777e-02
2.810599999999999904e-03,5.531250000000000056e-02
2.815299999999999747e-03,5.468750000000000000e-02
2.820000000000000024e-03,5.468750000000000000e-02
2.824699999999999867e-03,5.468750000000000000e-02
2.829400000000000144e-03,5.468750000000000000e-02
2.834099999999999987e-03,5.468750000000000000e-02
2.838799999999999830e-03,5.468750000000000000e-02
2.843500000000000107e-03,5.500000000000000722e-02
2.848199999999999951e-03,5.531250000000000056e-02
2.852899999999999794e-03,5.531250000000000056e-02
2.857600000000000071e-03,5.593750000000000111e-02
2.862299999999999914e-03,5.593750000000000111e-02
2.866999999999999757e-03,5.593750000000000111e-02
2.871700000000000034e-03,5.656250000000000167e-02
2.876399999999999877e-03,5.625000000000000833e-02
2.881099999999999720e-03,5.625000000000000833e-02
2.885799999999999997e-03,5.656250000000000167e-02
2.890499999999999840e-03,5.656250000000000167e-02
2.895200000000000117e-03,5.656250000000000167e-02
2.899899999999999960e-03,5.625000000000000833e-02
2.904599999999999804e-03,5.656250000000000167e-02
2.909300000000000080e-03,5.625000000000000833e-02
2.913999999999999924e-03,5.625000000000000833e-02
2.918699999999999767e-03,5.625000000000000833e-02
2.923400000000000044e-03,5.625000000000000833e-02
2.928099999999999887e-03,5.593750000000000111e-02
2.932799999999999730e-03,5.625000000000000833e-02
2.937500000000000007e-03,5.625000000000000833e-02
2.942199999999999850e-03,5.625000000000000833e-02
2.946900000000000127e-03,5.625000000000000833e-02
2.951599999999999970e-03,5.625000000000000833e-02
2.956299999999999813e-03,5.625000000000000833e-02
2.961000000000000090e-03,5.625000000000000833e-02
2.965699999999999933e-03,5.562500000000000777e-02
2.970399999999999777e-03,5.531250000000000056e-02
2.975100000000000054e-03,5.500000000000000722e-02
2.979799999999999897e-03,5.468750000000000000e-02
2.984499999999999740e-03,5.406249999999999944e-02
2.989200000000000017e-03,5.375000000000000611e-02
2.993899999999999860e-03,5.343749999999999889e-02
2.998600000000000137e-03,5.281250000000000527e-02
3.003299999999999980e-03,5.281250000000000527e-02
3.007999999999999823e-03,5.218750000000000472e-02
3.012700000000000100e-03,5.187500000000000444e-02
3.017399999999999943e-03,5.187500000000000444e-02
3.022099999999999786e-03,5.187500000000000444e-02
3.026800000000000063e-03,5.187500000000000444e-02
3.031499999999999907e-03,5.218750000000000472e-02
3.036199999999999750e-03,5.218750000000000472e-02
3.040900000000000027e-03,5.250000000000000500e-02
3.045599999999999870e-03,5.281250000000000527e-02
3.050300000000000147e-03,5.281250000000000527e-02
3.054999999999999990e-03,5.343749999999999889e-02
3.059699999999999833e-03,5.312500000000000555e-02
3.064400000000000110e-03,5.343749999999999889e-02
3.069099999999999953e-03,5.375000000000000611e-02
3.073799999999999796e-03,5.343749999999999889e-02
3.078500000000000073e-03,5.343749999999999889e-02
3.083199999999999916e-03,5.375000000000000611e-02
3.087899999999999760e-03,5.375000000000000611e-02
3.092600000000000036e-03,5.375000000000000611e-02
3.097299999999999880e-03,5.312500000000000555e-02
3.101999999999999723e-03,5.312500000000000555e-02
3.106700000000000000e-03,5.312500000000000555e-02
3.111399999999999843e-03,5.281250000000000527e-02
3.116100000000000120e-03,5.250000000000000500e-02
3.120799999999999963e-03,5.281250000000000527e-02
3.125499999999999806e-03,5.250000000000000500e-02
3.130200000000000083e-03,5.187500000000000444e-02
3.134899999999999926e-03,5.187500000000000444e-02
3.139599999999999769e-03,5.156250000000000416e-02
3.144300000000000046e-03,5.125000000000000389e-02
3.148999999999999889e-03,5.093750000000000361e-02
3.153699999999999733e-03,5.062500000000000333e-02
3.158400000000000010e-03,4.968750000000000250e-02
3.163099999999999853e-03,4.906250000000000194e-02
3.167800000000000130e-03,4.812500000000000111e-02
3.172499999999999973e-03,4.750000000000000056e-02
3.177199999999999816e-03,4.718750000000000722e-02
3.181900000000000093e-03,4.624999999999999944e-02
3.186599999999999936e-03,4.531250000000000555e-02
3.191299999999999779e-03,4.500000000000000527e-02
3.196000000000000056e-03,4.437500000000000472e-02
3.200699999999999899e-03,4.375000000000000416e-02
3.205399999999999743e-03,4.375000000000000416e-02
3.210100000000000019e-03,4.312500000000000361e-02
3.214799999999999863e-03,4.281250000000000333e-02
3.219500000000000139e-03,4.312500000000000361e-02
3.224199999999999983e-03,4.281250000000000333e-02
3.228899999999999826e-03,4.343750000000000389e-02
3.233600000000000103e-03,4.343750000000000389e-02
3.238299999999999946e-03,4.375000000000000416e-02
3.242999999999999789e-03,4.406250000000000444e-02
3.247700000000000066e-03,4.437500000000000472e-02
3.252399999999999909e-03,4.468750000000000500e-02
3.257099999999999752e-03,4.468750000000000500e-02
3.261800000000000029e-03,4.468750000000000500e-02
3.266499999999999872e-03,4.468750000000000500e-02
3.271199999999999716e-03,4.468750000000000500e-02
3.275899999999999992e-03,4.437500000000000472e-02
3.280599999999999836e-03,4.406250000000000444e-02
3.285300000000000113e-03,4.406250000000000444e-02
3.289999999999999956e-03,4.343750000000000389e-02
3.294699999999999799e-03,4.343750000000000389e-02
3.299400000000000076e-03,4.312500000000000361e-02
3.304099999999999919e-03,4.312500000000000361e-02
3.308799999999999762e-03,4.250000000000000305e-02
3.313500000000000039e-03,4.250000000000000305e-02
3.318199999999999882e-03,4.250000000000000305e-02
3.322899999999999725e-03,4.187500000000000250e-02
3.327600000000000002e-03,4.125000000000000194e-02
3.332299999999999846e-03,4.093750000000000167e-02
3.337000000000000122e-03,4.062500000000000139e-02
3.341699999999999966e-03,3.968750000000000056e-02
3.346399999999999809e-03,3.937500000000000722e-02
3.351100000000000086e-03,3.875000000000000666e-02
3.355799999999999929e-03,3.812500000000000611e-02
3.360499999999999772e-03,3.718750000000000527e-02
3.365200000000000049e-03,3.687500000000000500e-02
3.369899999999999892e-03,3.562500000000000389e-02
3.374599999999999735e-03,3.531250000000000361e-02
3.379300000000000012e-03,3.437500000000000278e-02
3.383999999999999855e-03,3.406250000000000250e-02
3.388700000000000132e-03,3.343750000000000194e-02
3.393399999999999975e-03,3.312500000000000167e-02
3.398099999999999819e-03,3.250000000000000111e-02
3.402800000000000095e-03,3.281250000000000139e-02
3.407499999999999939e-03,3.281250000000000139e-02
3.412199999999999782e-03,3.250000000000000111e-02
3.416900000000000059e-03,3.281250000000000139e-02
3.421599999999999902e-03,3.312500000000000167e-02
3.426299999999999745e-03,3.343750000000000194e-02
3.431000000000000022e-03,3.343750000000000194e-02
3.435699999999999865e-03,3.406250000000000250e-02
3.440399999999999708e-03,3.406250000000000250e-02
3.445099999999999985e-03,3.406250000000000250e-02
3.449799999999999828e-03,3.406250000000000250e-02
3.454500000000000105e-03,3.406250000000000250e-02
3.459199999999999948e-03,3.406250000000000250e-02
3.463899999999999792e-03,3.406250000000000250e-02
3.468600000000000069e-03,3.375000000000000222e-02
3.473299999999999912e-03,3.343750000000000194e-02
3.477999999999999755e-03,3.312500000000000167e-02
3.482700000000000032e-03,3.281250000000000139e-02
3.487399999999999875e-03,3.250000000000000111e-02
3.492099999999999718e-03,3.218750000000000083e-02
3.496799999999999995e-03,3.156250000000000028e-02
3.501499999999999838e-03,3.125000000000000000e-02
3.506200000000000115e-03,3.125000000000000000e-02
3.510899999999999958e-03,3.062500000000000291e-02
3.515599999999999802e-03,3.000000000000000236e-02
3.520300000000000078e-03,2.968750000000000208e-02
3.524999999999999922e-03,2.875000000000000472e-02
3.529699999999999765e-03,2.781250000000000389e-02
3.534400000000000042e-03,2.781250000000000389e-02
3.539099999999999885e-03,2.687500000000000305e-02
3.543799999999999728e-03,2.625000000000000250e-02
3.548500000000000005e-03,2.562500000000000194e-02
3.553199999999999848e-03,2.500000000000000139e-02
3.557900000000000125e-03,2.437500000000000083e-02
3.562599999999999968e-03,2.343750000000000347e-02
3.567299999999999811e-03,2.281250000000000291e-02
3.572000000000000088e-03,2.218750000000000236e-02
3.576699999999999931e-03,2.187500000000000555e-02
3.581399999999999775e-03,2.125000000000000500e-02
3.586100000000000051e-03,2.093750000000000472e-02
3.590799999999999895e-03,2.093750000000000472e-02
3.595499999999999738e-03,2.093750000000000472e-02
3.600200000000000015e-03,2.062500000000000444e-02
3.604899999999999858e-03,2.062500000000000444e-02
3.609600000000000135e-03,2.093750000000000472e-02
3.614299999999999978e-03,2.093750000000000472e-02
3.618999999999999821e-03,2.125000000000000500e-02
3.623700000000000098e-03,2.125000000000000500e-02
3.628399999999999941e-03,2.125000000000000500e-02
3.633099999999999784e-03,2.125000000000000500e-02
3.637800000000000061e-03,2.156250000000000527e-02
3.642499999999999905e-03,2.156250000000000527e-02
3.647199999999999748e-03,2.125000000000000500e-02
3.651900000000000025e-03,2.125000000000000500e-02
3.656599999999999868e-03,2.093750000000000472e-02
3.661299999999999711e-03,2.062500000000000444e-02
3.665999999999999988e-03,2.093750000000000472e-02
3.670699999999999831e-03,2.000000000000000389e-02
3.675400000000000108e-03,2.000000000000000389e-02
3.680099999999999951e-03,1.968750000000000361e-02
3.684799999999999794e-03,1.937500000000000333e-02
3.689500000000000071e-03,1.906250000000000305e-02
3.694199999999999914e-03,1.875000000000000278e-02
3.698899999999999758e-03,1.843750000000000250e-02
3.703600000000000034e-03,1.812500000000000222e-02
3.708299999999999878e-03,1.781250000000000194e-02
3.712999999999999721e-03,1.718750000000000139e-02
3.717699999999999998e-03,1.687500000000000458e-02
3.722399999999999841e-03,1.593750000000000375e-02
3.727100000000000118e-03,1.593750000000000375e-02
3.731799999999999961e-03,1.531250000000000319e-02
3.736499999999999804e-03,1.468750000000000264e-02
3.741200000000000081e-03,1.468750000000000264e-02
3.745899999999999924e-03,1.375000000000000180e-02
3.750599999999999767e-03,1.375000000000000180e-02
3.755300000000000044e-03,1.312500000000000125e-02
3.759999999999999887e-03,1.312500000000000125e-02
3.764699999999999731e-03,1.250000000000000416e-02
3.769400000000000008e-03,1.218750000000000389e-02
3.774099999999999851e-03,1.187500000000000361e-02
3.778800000000000128e-03,1.187500000000000361e-02
3.783499999999999971e-03,1.156250000000000333e-02
3.788199999999999814e-03,1.156250000000000333e-02
3.792900000000000091e-03,1.156250000000000333e-02
3.797599999999999934e-03,1.156250000000000333e-02
3.802299999999999777e-03,1.187500000000000361e-02
3.807000000000000054e-03,1.156250000000000333e-02
3.811699999999999897e-03,1.218750000000000389e-02
3.816399999999999740e-03,1.187500000000000361e-02
3.821100000000000017e-03,1.187500000000000361e-02
3.825799999999999861e-03,1.187500000000000361e-02
3.830499999999999704e-03,1.218750000000000389e-02
3.835199999999999981e-03,1.218750000000000389e-02
3.839899999999999824e-03,1.187500000000000361e-02
3.844600000000000101e-03,1.218750000000000389e-02
3.849299999999999944e-03,1.187500000000000361e-02
3.853999999999999787e-03,1.187500000000000361e-02
3.858700000000000064e-03,1.156250000000000333e-02
3.863399999999999907e-03,1.125000000000000305e-02
3.868099999999999750e-03,1.093750000000000278e-02
3.872800000000000027e-03,1.062500000000000250e-02
3.877499999999999870e-03,1.062500000000000250e-02
3.882199999999999714e-03,1.062500000000000250e-02
3.886899999999999990e-03,1.031250000000000222e-02
3.891599999999999834e-03,1.031250000000000222e-02
3.896300000000000111e-03,1.000000000000000194e-02
3.900999999999999954e-03,9.687500000000001665e-03
3.905699999999999797e-03,9.375000000000001388e-03
3.910399999999999640e-03,9.062500000000001110e-03
3.915099999999999483e-03,9.062500000000001110e-03
3.919800000000000194e-03,9.062500000000001110e-03
3.924500000000000037e-03,8.750000000000004302e-03
3.929199999999999880e-03,8.750000000000004302e-03
3.933899999999999723e-03,8.437500000000004025e-03
3.938599999999999567e-03,8.125000000000003747e-03
3.943300000000000277e-03,8.125000000000003747e-03
3.948000000000000120e-03,7.812500000000003469e-03
3.952699999999999964e-03,7.812500000000003469e-03
3.957399999999999807e-03,7.812500000000003469e-03
3.962099999999999650e-03,7.187500000000002914e-03
3.966799999999999493e-03,7.187500000000002914e-03
3.971500000000000204e-03,7.187500000000002914e-03
3.976200000000000047e-03,7.187500000000002914e-03
3.980899999999999890e-03,6.875000000000002637e-03
3.985599999999999733e-03,7.187500000000002914e-03
3.990299999999999576e-03,6.875000000000002637e-03
3.995000000000000287e-03,7.187500000000002914e-03
3.999700000000000130e-03,6.875000000000002637e-03
4.004399999999999973e-03,6.875000000000002637e-03
4.009099999999999817e-03,6.875000000000002637e-03
4.013799999999999660e-03,7.187500000000002914e-03
4.018499999999999503e-03,7.187500000000002914e-03
4.023200000000000214e-03,6.875000000000002637e-03
4.027900000000000057e-03,7.187500000000002914e-03
4.032599999999999900e-03,6.875000000000002637e-03
4.037299999999999743e-03,6.875000000000002637e-03
4.041999999999999586e-03,6.562500000000002359e-03
4.046700000000000297e-03,6.562500000000002359e-03
4.051400000000000140e-03,6.250000000000002082e-03
4.056099999999999983e-03,6.562500000000002359e-03
4.060799999999999826e-03,5.937500000000001804e-03
4.065499999999999670e-03,6.250000000000002082e-03
4.070199999999999513e-03,5.937500000000001804e-03
4.074900000000000223e-03,5.937500000000001804e-03
4.079600000000000067e-03,5.937500000000001804e-03
4.084299999999999910e-03,5.937500000000001804e-03
4.088999999999999753e-03,5.312500000000001249e-03
4.093699999999999596e-03,5.312500000000001249e-03
4.098400000000000307e-03,5.625000000000001527e-03
4.103100000000000150e-03,5.625000000000001527e-03
4.107799999999999993e-03,5.625000000000001527e-03
4.112499999999999836e-03,5.625000000000001527e-03
4.117199999999999679e-03,5.625000000000001527e-03
4.121899999999999523e-03,5.625000000000001527e-03
4.126600000000000233e-03,5.625000000000001527e-03
4.131300000000000076e-03,5.937500000000001804e-03
4.135999999999999920e-03,8.125000000000003747e-03
4.140699999999999763e-03,8.750000000000004302e-03
4.145399999999999606e-03,8.750000000000004302e-03
4.150100000000000317e-03,8.750000000000004302e-03
4.154800000000000160e-03,8.750000000000004302e-03
4.159500000000000003e-03,8.750000000000004302e-03
4.164199999999999846e-03,8.750000000000004302e-03
4.168899999999999689e-03,8.750000000000004302e-03
4.173599999999999532e-03,8.750000000000004302e-03
4.178300000000000243e-03,8.125000000000003747e-03
4.183000000000000086e-03,7.812500000000003469e-03
4.187699999999999929e-03,7.812500000000003469e-03
4.192399999999999773e-03,7.500000000000003192e-03
4.197099999999999616e-03,8.125000000000003747e-03
4.201800000000000326e-03,7.812500000000003469e-03
4.206500000000000170e-03,7.500000000000003192e-03
4.211200000000000013e-03,7.187500000000002914e-03
4.215899999999999856e-03,7.500000000000003192e-03
4.220599999999999699e-03,7.500000000000003192e-03
4.225299999999999542e-03,7.187500000000002914e-03
4.230000000000000253e-03,7.187500000000002914e-03
4.234700000000000096e-03,7.187500000000002914e-03
4.239399999999999939e-03,7.187500000000002914e-03
4.244099999999999782e-03,7.187500000000002914e-03
4.248799999999999626e-03,7.500000000000003192e-03
4.253500000000000336e-03,7.187500000000002914e-03
4.258200000000000179e-03,7.187500000000002914e-03
4.262900000000000023e-03,7.187500000000002914e-03
4.267599999999999866e-03,7.500000000000003192e-03
4.272299999999999709e-03,7.500000000000003192e-03
4.276999999999999552e-03,7.812500000000003469e-03
4.281700000000000263e-03,8.125000000000003747e-03
4.286400000000000106e-03,8.437500000000004025e-03
4.291099999999999949e-03,8.750000000000004302e-03
4.295799999999999792e-03,8.750000000000004302e-03
4.300499999999999635e-03,9.687500000000001665e-03
4.305199999999999479e-03,1.000000000000000194e-02
4.309900000000000189e-03,1.031250000000000222e-02
4.314600000000000032e-03,1.093750000000000278e-02
4.319299999999999876e-03,1.062500000000000250e-02
4.323999999999999719e-03,1.156250000000000333e-02
4.328699999999999562e-03,1.156250000000000333e-02
4.333400000000000273e-03,1.187500000000000361e-02
4.338100000000000116e-03,1.187500000000000361e-02
4.342799999999999959e-03,1.187500000000000361e-02
4.347499999999999802e-03,1.156250000000000333e-02
4.352199999999999645e-03,1.187500000000000361e-02
4.356899999999999488e-03,1.187500000000000361e-02
4.361600000000000199e-03,1.125000000000000305e-02
4.366300000000000042e-03,1.125000000000000305e-02
4.370999999999999885e-03,1.093750000000000278e-02
4.375699999999999729e-03,1.093750000000000278e-02
4.380399999999999572e-03,1.062500000000000250e-02
4.385100000000000282e-03,1.000000000000000194e-02
4.389800000000000126e-03,1.031250000000000222e-02
4.394499999999999969e-03,1.000000000000000194e-02
4.399199999999999812e-03,9.687500000000001665e-03
4.403899999999999655e-03,9.687500000000001665e-03
4.408599999999999498e-03,1.000000000000000194e-02
4.413300000000000209e-03,1.000000000000000194e-02
4.418000000000000052e-03,9.687500000000001665e-03
4.422699999999999895e-03,9.687500000000001665e-03
4.427399999999999738e-03,9.687500000000001665e-03
4.432099999999999582e-03,9.687500000000001665e-03
4.436800000000000292e-03,9.687500000000001665e-03
4.441500000000000135e-03,1.000000000000000194e-02
4.446199999999999979e-03,9.687500000000001665e-03
4.450899999999999822e-03,1.000000000000000194e-02
4.455599999999999665e-03,1.031250000000000222e-02
4.460299999999999508e-03,1.031250000000000222e-02
4.465000000000000219e-03,1.031250000000000222e-02
4.469700000000000062e-03,1.093750000000000278e-02
4.474399999999999905e-03,1.093750000000000278e-02
4.479099999999999748e-03,1.156250000000000333e-02
4.483799999999999591e-03,1.218750000000000389e-02
4.488500000000000302e-03,1.281250000000000444e-02
4.493200000000000145e-03,1.312500000000000125e-02
4.497899999999999988e-03,1.343750000000000153e-02
4.502599999999999832e-03,1.375000000000000180e-02
4.507299999999999675e-03,1.406250000000000208e-02
4.511999999999999518e-03,1.437500000000000236e-02
4.516700000000000229e-03,1.531250000000000319e-02
4.521400000000000072e-03,1.531250000000000319e-02
4.526099999999999915e-03,1.562500000000000347e-02
4.530799999999999758e-03,1.562500000000000347e-02
4.535499999999999601e-03,1.562500000000000347e-02
4.540200000000000312e-03,1.531250000000000319e-02
4.544900000000000155e-03,1.562500000000000347e-02
4.549599999999999998e-03,1.531250000000000319e-02
4.554299999999999841e-03,1.468750000000000264e-02
4.558999999999999685e-03,1.437500000000000236e-02
4.563699999999999528e-03,1.437500000000000236e-02
4.568400000000000238e-03,1.406250000000000208e-02
4.573100000000000082e-03,1.375000000000000180e-02
4.577799999999999925e-03,1.375000000000000180e-02
4.582499999999999768e-03,1.312500000000000125e-02
4.587199999999999611e-03,1.312500000000000125e-02
4.591900000000000322e-03,1.312500000000000125e-02
4.596600000000000165e-03,1.281250000000000444e-02
4.601300000000000008e-03,1.281250000000000444e-02
4.605999999999999851e-03,1.281250000000000444e-02
4.610699999999999694e-03,1.250000000000000416e-02
4.615399999999999538e-03,1.281250000000000444e-02
4.620100000000000248e-03,1.312500000000000125e-02
4.624800000000000091e-03,1.312500000000000125e-02
4.629499999999999935e-03,1.312500000000000125e-02
4.634199999999999778e-03,1.312500000000000125e-02
4.638899999999999621e-03,1.343750000000000153e-02
4.643599999999999464e-03,1.312500000000000125e-02
4.648300000000000175e-03,1.343750000000000153e-02
4.653000000000000018e-03,1.406250000000000208e-02
4.657699999999999861e-03,1.406250000000000208e-02
4.662399999999999704e-03,1.437500000000000236e-02
4.667099999999999548e-03,1.468750000000000264e-02
4.671800000000000258e-03,1.531250000000000319e-02
4.676500000000000101e-03,1.593750000000000375e-02
4.681199999999999944e-03,1.687500000000000458e-02
4.685899999999999788e-03,1.750000000000000167e-02
4.690599999999999631e-03,1.781250000000000194e-02
4.695299999999999474e-03,1.781250000000000194e-02
4.700000000000000185e-03,1.875000000000000278e-02
4.704700000000000028e-03,1.906250000000000305e-02
4.709399999999999871e-03,1.937500000000000333e-02
4.714099999999999714e-03,1.937500000000000333e-02
4.718799999999999557e-03,1.968750000000000361e-02
4.723500000000000268e-03,1.968750000000000361e-02
4.728200000000000111e-03,2.000000000000000389e-02
4.732899999999999954e-03,1.968750000000000361e-02
4.737599999999999797e-03,1.937500000000000333e-02
4.742299999999999641e-03,1.937500000000000333e-02
4.746999999999999484e-03,1.906250000000000305e-02
4.751700000000000194e-03,1.875000000000000278e-02
4.756400000000000038e-03,1.812500000000000222e-02
4.761099999999999881e-03,1.781250000000000194e-02
4.765799999999999724e-03,1.750000000000000167e-02
4.770499999999999567e-03,1.750000000000000167e-02
4.775200000000000278e-03,1.750000000000000167e-02
4.779900000000000121e-03,1.718750000000000139e-02
4.784599999999999964e-03,1.718750000000000139e-02
4.789299999999999807e-03,1.687500000000000458e-02
4.793999999999999651e-03,1.687500000000000458e-02
4.798699999999999494e-03,1.718750000000000139e-02
4.803400000000000204e-03,1.718750000000000139e-02
4.808100000000000047e-03,1.781250000000000194e-02
4.812799999999999891e-03,1.750000000000000167e-02
4.817499999999999734e-03,1.750000000000000167e-02
4.822199999999999577e-03,1.781250000000000194e-02
4.826900000000000288e-03,1.781250000000000194e-02
4.831600000000000131e-03,1.812500000000000222e-02
4.836299999999999974e-03,1.843750000000000250e-02
4.840999999999999817e-03,1.843750000000000250e-02
4.845699999999999660e-03,1.906250000000000305e-02
4.850399999999999504e-03,1.937500000000000333e-02
4.855100000000000214e-03,2.000000000000000389e-02
4.859800000000000057e-03,2.031250000000000416e-02
4.864499999999999900e-03,2.125000000000000500e-02
4.869199999999999744e-03,2.187500000000000555e-02
4.873899999999999587e-03,2.250000000000000264e-02
4.878600000000000297e-03,2.312500000000000319e-02
4.883300000000000141e-03,2.375000000000000375e-02
4.887999999999999984e-03,2.468750000000000111e-02
4.892699999999999827e-03,2.468750000000000111e-02
4.897399999999999670e-03,2.531250000000000167e-02
4.902099999999999513e-03,2.593750000000000222e-02
4.906800000000000224e-03,2.625000000000000250e-02
4.911500000000000067e-03,2.593750000000000222e-02
4.916199999999999910e-03,2.625000000000000250e-02
4.920899999999999753e-03,2.625000000000000250e-02
4.925599999999999597e-03,2.625000000000000250e-02
4.930300000000000307e-03,2.593750000000000222e-02
4.935000000000000150e-03,2.562500000000000194e-02
4.939699999999999994e-03,2.562500000000000194e-02
4.944399999999999837e-03,2.500000000000000139e-02
4.949099999999999680e-03,2.500000000000000139e-02
4.953799999999999523e-03,2.531250000000000167e-02
4.958500000000000234e-03,2.468750000000000111e-02
4.963200000000000077e-03,2.500000000000000139e-02
4.967899999999999920e-03,2.468750000000000111e-02
4.972599999999999763e-03,2.468750000000000111e-02
4.977299999999999607e-03,2.437500000000000083e-02
4.982000000000000317e-03,2.500000000000000139e-02
4.986700000000000160e-03,2.500000000000000139e-02
4.991400000000000003e-03,2.531250000000000167e-02
4.996099999999999847e-03,2.562500000000000194e-02
5.000799999999999690e-03,2.593750000000000222e-02
5.005499999999999533e-03,2.625000000000000250e-02
5.010200000000000244e-03,2.656250000000000278e-02
5.014900000000000087e-03,2.687500000000000305e-02
5.019599999999999930e-03,2.687500000000000305e-02
5.024299999999999773e-03,2.750000000000000361e-02
5.028999999999999616e-03,2.781250000000000389e-02
5.033699999999999460e-03,2.812500000000000416e-02
5.038400000000000170e-03,2.875000000000000472e-02
5.043100000000000013e-03,2.968750000000000208e-02
5.047799999999999856e-03,3.062500000000000291e-02
5.052499999999999700e-03,3.062500000000000291e-02
5.057199999999999543e-03,3.156250000000000028e-02
5.061900000000000253e-03,3.218750000000000083e-02
5.066600000000000097e-03,3.312500000000000167e-02
5.071299999999999940e-03,3.343750000000000194e-02
5.075999999999999783e-03,3.437500000000000278e-02
5.080699999999999626e-03,3.468750000000000305e-02
5.085399999999999469e-03,3.531250000000000361e-02
5.090100000000000180e-03,3.593750000000000416e-02
5.094800000000000023e-03,3.625000000000000444e-02
5.099499999999999866e-03,3.656250000000000472e-02
5.104199999999999710e-03,3.687500000000000500e-02
5.108899999999999553e-03,3.687500000000000500e-02
5.113600000000000263e-03,3.687500000000000500e-02
5.118300000000000106e-03,3.687500000000000500e-02
5.122999999999999950e-03,3.687500000000000500e-02
5.127699999999999793e-03,3.625000000000000444e-02
5.132399999999999636e-03,3.625000000000000444e-02
5.137099999999999479e-03,3.593750000000000416e-02
5.141800000000000190e-03,3.593750000000000416e-02
5.146500000000000033e-03,3.593750000000000416e-02
5.151199999999999876e-03,3.562500000000000389e-02
5.155899999999999719e-03,3.625000000000000444e-02
5.160599999999999563e-03,3.625000000000000444e-02
5.165300000000000273e-03,3.656250000000000472e-02
5.170000000000000116e-03,3.656250000000000472e-02
5.174699999999999959e-03,3.687500000000000500e-02
5.179399999999999803e-03,3.687500000000000500e-02
5.184099999999999646e-03,3.718750000000000527e-02
5.188799999999999489e-03,3.750000000000000555e-02
5.193500000000000200e-03,3.781250000000000583e-02
5.198200000000000043e-03,3.812500000000000611e-02
5.202899999999999886e-03,3.875000000000000666e-02
5.207599999999999729e-03,3.843750000000000638e-02
5.212299999999999572e-03,3.906250000000000000e-02
5.217000000000000283e-03,3.968750000000000056e-02
5.221700000000000126e-03,4.000000000000000083e-02
5.226399999999999969e-03,4.062500000000000139e-02
5.231099999999999813e-03,4.125000000000000194e-02
5.235799999999999656e-03,4.156250000000000222e-02
5.240499999999999499e-03,4.250000000000000305e-02
5.245200000000000209e-03,4.250000000000000305e-02
5.249900000000000053e-03,4.312500000000000361e-02
5.254599999999999896e-03,4.375000000000000416e-02
5.259299999999999739e-03,4.375000000000000416e-02
5.263999999999999582e-03,4.437500000000000472e-02
5.268700000000000293e-03,4.500000000000000527e-02
5.273400000000000136e-03,4.531250000000000555e-02
5.278099999999999979e-03,4.562500000000000583e-02
5.282799999999999822e-03,4.593750000000000611e-02
5.287499999999999666e-03,4.624999999999999944e-02
5.292199999999999509e-03,4.656250000000000666e-02
5.296900000000000219e-03,4.624999999999999944e-02
5.301600000000000062e-03,4.624999999999999944e-02
5.306299999999999906e-03,4.624999999999999944e-02
5.310999999999999749e-03,4.624999999999999944e-02
5.315699999999999592e-03,4.624999999999999944e-02
5.320400000000000303e-03,4.593750000000000611e-02
5.325100000000000146e-03,4.593750000000000611e-02
5.329799999999999989e-03,4.593750000000000611e-02
5.334499999999999832e-03,4.562500000000000583e-02
5.339199999999999675e-03,4.593750000000000611e-02
5.343899999999999519e-03,4.593750000000000611e-02
5.348600000000000229e-03,4.562500000000000583e-02
5.353300000000000072e-03,4.593750000000000611e-02
5.357999999999999916e-03,4.562500000000000583e-02
5.362699999999999759e-03,4.593750000000000611e-02
5.367399999999999602e-03,4.593750000000000611e-02
5.372099999999999445e-03,4.624999999999999944e-02
5.376800000000000156e-03,4.656250000000000666e-02
5.381499999999999999e-03,4.656250000000000666e-02
5.386199999999999842e-03,4.656250000000000666e-02
5.390899999999999685e-03,4.687500000000000000e-02
5.395599999999999528e-03,4.718750000000000722e-02
5.400300000000000239e-03,4.781250000000000777e-02
5.405000000000000082e-03,4.781250000000000777e-02
5.409699999999999925e-03,4.812500000000000111e-02
5.414399999999999769e-03,4.875000000000000167e-02
5.419099999999999612e-03,4.906250000000000194e-02
5.423799999999999455e-03,4.937500000000000222e-02
5.428500000000000165e-03,4.937500000000000222e-02
5.433200000000000009e-03,5.000000000000000278e-02
5.437899999999999852e-03,5.000000000000000278e-02
5.442599999999999695e-03,5.031250000000000305e-02
5.447299999999999538e-03,5.093750000000000361e-02
5.452000000000000249e-03,5.062500000000000333e-02
5.456700000000000092e-03,5.093750000000000361e-02
5.461399999999999935e-03,5.125000000000000389e-02
5.466099999999999778e-03,5.156250000000000416e-02
5.470799999999999622e-03,5.156250000000000416e-02
5.475499999999999465e-03,5.187500000000000444e-02
5.480200000000000175e-03,5.187500000000000444e-02
5.484900000000000019e-03,5.218750000000000472e-02
5.489599999999999862e-03,5.218750000000000472e-02
5.494299999999999705e-03,5.218750000000000472e-02
5.498999999999999548e-03,5.218750000000000472e-02
5.503700000000000259e-03,5.218750000000000472e-02
5.508400000000000102e-03,5.187500000000000444e-02
5.513099999999999945e-03,5.218750000000000472e-02
5.517799999999999788e-03,5.187500000000000444e-02
5.522499999999999631e-03,5.156250000000000416e-02
5.527199999999999475e-03,5.187500000000000444e-02
5.531900000000000185e-03,5.156250000000000416e-02
5.536600000000000028e-03,5.187500000000000444e-02
5.541299999999999872e-03,5.187500000000000444e-02
5.545999999999999715e-03,5.187500000000000444e-02
5.550699999999999558e-03,5.218750000000000472e-02
5.555400000000000268e-03,5.218750000000000472e-02
5.560100000000000112e-03,5.218750000000000472e-02
5.564799999999999955e-03,5.218750000000000472e-02
5.569499999999999798e-03,5.281250000000000527e-02
5.574199999999999641e-03,5.281250000000000527e-02
5.578899999999999484e-03,5.281250000000000527e-02
5.583600000000000195e-03,5.312500000000000555e-02
5.588300000000000038e-03,5.343749999999999889e-02
5.592999999999999881e-03,5.343749999999999889e-02
5.597699999999999725e-03,5.375000000000000611e-02
5.602399999999999568e-03,5.375000000000000611e-02
5.607100000000000278e-03,5.437500000000000666e-02
5.611800000000000122e-03,5.437500000000000666e-02
5.616499999999999965e-03,5.437500000000000666e-02
5.621199999999999808e-03,5.468750000000000000e-02
5.625899999999999651e-03,5.437500000000000666e-02
5.630599999999999494e-03,5.468750000000000000e-02
5.635300000000000205e-03,5.468750000000000000e-02
5.640000000000000048e-03,5.468750000000000000e-02
5.644699999999999891e-03,5.468750000000000000e-02
5.649399999999999734e-03,5.500000000000000722e-02
5.654099999999999578e-03,5.468750000000000000e-02
5.658800000000000288e-03,5.500000000000000722e-02
5.663500000000000131e-03,5.468750000000000000e-02
5.668199999999999975e-03,5.531250000000000056e-02
5.672899999999999818e-03,5.531250000000000056e-02
5.677599999999999661e-03,5.531250000000000056e-02
5.682299999999999504e-03,5.562500000000000777e-02
5.687000000000000215e-03,5.593750000000000111e-02
5.691700000000000058e-03,5.562500000000000777e-02
5.696399999999999901e-03,5.562500000000000777e-02
5.701099999999999744e-03,5.562500000000000777e-02
5.705799999999999587e-03,5.531250000000000056e-02
5.710500000000000298e-03,5.562500000000000777e-02
5.715200000000000141e-03,5.562500000000000777e-02
5.719899999999999984e-03,5.562500000000000777e-02
5.724599999999999828e-03,5.562500000000000777e-02
5.729299999999999671e-03,5.593750000000000111e-02
5.733999999999999514e-03,5.562500000000000777e-02
5.738700000000000224e-03,5.593750000000000111e-02
5.743400000000000068e-03,5.593750000000000111e-02
5.748099999999999911e-03,5.625000000000000833e-02
5.752799999999999754e-03,5.593750000000000111e-02
5.757499999999999597e-03,5.593750000000000111e-02
5.762199999999999440e-03,5.625000000000000833e-02
5.766900000000000151e-03,5.625000000000000833e-02
5.771599999999999994e-03,5.656250000000000167e-02
5.776299999999999837e-03,5.687500000000000888e-02
5.780999999999999681e-03,5.718750000000000222e-02
5.785699999999999524e-03,5.718750000000000222e-02
5.790400000000000234e-03,5.687500000000000888e-02
5.795100000000000078e-03,5.718750000000000222e-02
5.799799999999999921e-03,5.718750000000000222e-02
5.804499999999999764e-03,5.687500000000000888e-02
5.809199999999999607e-03,5.687500000000000888e-02
5.813899999999999450e-03,5.687500000000000888e-02
5.818600000000000161e-03,5.687500000000000888e-02
5.823300000000000004e-03,5.625000000000000833e-02
5.827999999999999847e-03,5.625000000000000833e-02
5.832699999999999690e-03,5.593750000000000111e-02
5.837399999999999534e-03,5.593750000000000111e-02
5.842100000000000244e-03,5.593750000000000111e-02
5.846800000000000087e-03,5.593750000000000111e-02
5.851499999999999931e-03,5.593750000000000111e-02
5.856199999999999774e-03,5.625000000000000833e-02
5.860899999999999617e-03,5.656250000000000167e-02
5.865599999999999460e-03,5.656250000000000167e-02
5.870300000000000171e-03,5.656250000000000167e-02
5.875000000000000014e-03,5.687500000000000888e-02
5.879699999999999857e-03,5.656250000000000167e-02
5.884399999999999700e-03,5.687500000000000888e-02
5.889099999999999543e-03,5.656250000000000167e-02
5.893800000000000254e-03,5.687500000000000888e-02
5.898500000000000097e-03,5.687500000000000888e-02
5.903199999999999940e-03,5.687500000000000888e-02
5.907899999999999784e-03,5.687500000000000888e-02
5.912599999999999627e-03,5.687500000000000888e-02
5.917299999999999470e-03,5.687500000000000888e-02
5.922000000000000181e-03,5.687500000000000888e-02
5.926700000000000024e-03,5.687500000000000888e-02
5.931399999999999867e-03,5.687500000000000888e-02
5.936099999999999710e-03,5.687500000000000888e-02
5.940799999999999553e-03,5.687500000000000888e-02
5.945500000000000264e-03,5.687500000000000888e-02
5.950200000000000107e-03,5.687500000000000888e-02
5.954899999999999950e-03,5.718750000000000222e-02
5.959599999999999793e-03,5.718750000000000222e-02
5.964299999999999637e-03,5.718750000000000222e-02
5.968999999999999480e-03,5.687500000000000888e-02
5.973700000000000190e-03,5.750000000000000250e-02
5.978400000000000034e-03,5.718750000000000222e-02
5.983099999999999877e-03,5.718750000000000222e-02
5.987799999999999720e-03,5.718750000000000222e-02
5.992499999999999563e-03,5.687500000000000888e-02
5.997200000000000274e-03,5.687500000000000888e-02
6.001900000000000117e-03,5.656250000000000167e-02
6.006599999999999960e-03,5.625000000000000833e-02
6.011299999999999803e-03,5.593750000000000111e-02
6.015999999999999646e-03,5.531250000000000056e-02
6.020699999999999490e-03,5.562500000000000777e-02
6.025400000000000200e-03,5.562500000000000777e-02
6.030100000000000043e-03,5.593750000000000111e-02
6.034799999999999887e-03,5.562500000000000777e-02
6.039499999999999730e-03,5.593750000000000111e-02
6.044199999999999573e-03,5.593750000000000111e-02
6.048900000000000284e-03,5.625000000000000833e-02
6.053600000000000127e-03,5.625000000000000833e-02
6.058299999999999970e-03,5.656250000000000167e-02
6.062999999999999813e-03,5.656250000000000167e-02
6.067699999999999656e-03,5.656250000000000167e-02
6.072399999999999499e-03,5.687500000000000888e-02
6.077100000000000210e-03,5.656250000000000167e-02
6.081800000000000053e-03,5.687500000000000888e-02
6.086499999999999896e-03,5.625000000000000833e-02
6.091199999999999740e-03,5.625000000000000833e-02
6.095899999999999583e-03,5.625000000000000833e-02
6.100600000000000293e-03,5.687500000000000888e-02
6.105300000000000137e-03,5.625000000000000833e-02
6.109999999999999980e-03,5.656250000000000167e-02
6.114699999999999823e-03,5.687500000000000888e-02
6.119399999999999666e-03,5.656250000000000167e-02
6.124099999999999509e-03,5.687500000000000888e-02
6.128800000000000220e-03,5.718750000000000222e-02
6.133500000000000063e-03,5.687500000000000888e-02
6.138199999999999906e-03,5.687500000000000888e-02
6.142899999999999749e-03,5.718750000000000222e-02
6.147599999999999593e-03,5.718750000000000222e-02
6.152299999999999436e-03,5.750000000000000250e-02
6.157000000000000146e-03,5.718750000000000222e-02
6.161699999999999990e-03,5.750000000000000250e-02
6.166399999999999833e-03,5.750000000000000250e-02
6.171099999999999676e-03,5.750000000000000250e-02
6.175799999999999519e-03,5.718750000000000222e-02
6.180500000000000230e-03,5.750000000000000250e-02
6.185200000000000073e-03,5.718750000000000222e-02
6.189899999999999916e-03,5.718750000000000222e-02
6.194599999999999759e-03,5.718750000000000222e-02
6.199299999999999602e-03,5.656250000000000167e-02
6.203999999999999446e-03,5.656250000000000167e-02
6.208700000000000156e-03,5.687500000000000888e-02
6.213399999999999999e-03,5.656250000000000167e-02
6.218099999999999843e-03,5.625000000000000833e-02
6.222799999999999686e-03,5.625000000000000833e-02
6.227499999999999529e-03,5.625000000000000833e-02
6.232200000000000240e-03,5.625000000000000833e-02
6.236900000000000083e-03,5.656250000000000167e-02
6.241599999999999926e-03,5.656250000000000167e-02
6.246299999999999769e-03,5.687500000000000888e-02
6.250999999999999612e-03,5.687500000000000888e-02
6.255699999999999456e-03,5.718750000000000222e-02
6.260400000000000166e-03,5.718750000000000222e-02
6.265100000000000009e-03,5.718750000000000222e-02
6.269799999999999852e-03,5.718750000000000222e-02
6.274499999999999696e-03,5.718750000000000222e-02
6.279199999999999539e-03,5.718750000000000222e-02
6.283900000000000249e-03,5.750000000000000250e-02
6.288600000000000093e-03,5.718750000000000222e-02
6.293299999999999936e-03,5.750000000000000250e-02
6.297999999999999779e-03,5.781250000000000278e-02
6.302699999999999622e-03,5.750000000000000250e-02
6.307399999999999465e-03,5.750000000000000250e-02
6.312100000000000176e-03,5.750000000000000250e-02
6.316800000000000019e-03,5.718750000000000222e-02
6.321499999999999862e-03,5.781250000000000278e-02
6.326199999999999705e-03,5.750000000000000250e-02
6.330899999999999549e-03,5.781250000000000278e-02
6.335600000000000259e-03,5.781250000000000278e-02
6.340300000000000102e-03,5.781250000000000278e-02
6.344999999999999946e-03,5.750000000000000250e-02
6.349699999999999789e-03,5.781250000000000278e-02
6.354399999999999632e-03,5.750000000000000250e-02
6.359099999999999475e-03,5.718750000000000222e-02
6.363800000000000186e-03,5.718750000000000222e-02
6.368500000000000029e-03,5.718750000000000222e-02
6.373199999999999872e-03,5.656250000000000167e-02
6.377899999999999715e-03,5.625000000000000833e-02
6.382599999999999558e-03,5.625000000000000833e-02
6.387300000000000269e-03,5.593750000000000111e-02
6.392000000000000112e-03,5.562500000000000777e-02
6.396699999999999955e-03,5.500000000000000722e-02
6.401399999999999799e-03,5.500000000000000722e-02
6.406099999999999642e-03,5.468750000000000000e-02
6.410799999999999485e-03,5.468750000000000000e-02
6.415500000000000196e-03,5.437500000000000666e-02
6.420200000000000039e-03,5.468750000000000000e-02
6.424899999999999882e-03,5.468750000000000000e-02
6.429599999999999725e-03,5.500000000000000722e-02
6.434299999999999568e-03,5.468750000000000000e-02
6.439000000000000279e-03,5.500000000000000722e-02
6.443700000000000122e-03,5.531250000000000056e-02
6.448399999999999965e-03,5.562500000000000777e-02
6.453099999999999808e-03,5.531250000000000056e-02
6.457799999999999652e-03,5.593750000000000111e-02
6.462499999999999495e-03,5.593750000000000111e-02
6.467200000000000205e-03,5.593750000000000111e-02
6.471900000000000049e-03,5.593750000000000111e-02
6.476599999999999892e-03,5.625000000000000833e-02
6.481299999999999735e-03,5.625000000000000833e-02
6.485999999999999578e-03,5.625000000000000833e-02
6.490699999999999421e-03,5.593750000000000111e-02
6.495400000000000132e-03,5.625000000000000833e-02
6.500099999999999975e-03,5.562500000000000777e-02
6.504799999999999818e-03,5.593750000000000111e-02
6.509499999999999661e-03,5.593750000000000111e-02
6.514199999999999505e-03,5.593750000000000111e-02
6.518900000000000215e-03,5.593750000000000111e-02
6.523600000000000058e-03,5.593750000000000111e-02
6.528299999999999902e-03,5.625000000000000833e-02
6.532999999999999745e-03,5.593750000000000111e-02
6.537699999999999588e-03,5.593750000000000111e-02
6.542399999999999431e-03,5.562500000000000777e-02
6.547100000000000142e-03,5.531250000000000056e-02
6.551799999999999985e-03,5.500000000000000722e-02
6.556499999999999828e-03,5.468750000000000000e-02
6.561199999999999671e-03,5.437500000000000666e-02
6.565899999999999515e-03,5.375000000000000611e-02
6.570600000000000225e-03,5.375000000000000611e-02
6.575300000000000068e-03,5.281250000000000527e-02
6.579999999999999911e-03,5.250000000000000500e-02
6.584699999999999755e-03,5.218750000000000472e-02
6.589399999999999598e-03,5.187500000000000444e-02
6.594099999999999441e-03,5.187500000000000444e-02
6.598800000000000152e-03,5.156250000000000416e-02
6.603499999999999995e-03,5.125000000000000389e-02
6.608199999999999838e-03,5.156250000000000416e-02
6.612899999999999681e-03,5.156250000000000416e-02
6.617599999999999524e-03,5.187500000000000444e-02
6.622300000000000235e-03,5.218750000000000472e-02
6.627000000000000078e-03,5.218750000000000472e-02
6.631699999999999921e-03,5.250000000000000500e-02
6.636399999999999764e-03,5.281250000000000527e-02
6.641099999999999608e-03,5.281250000000000527e-02
6.645799999999999451e-03,5.281250000000000527e-02
6.650500000000000161e-03,5.343749999999999889e-02
6.655200000000000005e-03,5.343749999999999889e-02
6.659899999999999848e-03,5.343749999999999889e-02
6.664599999999999691e-03,5.343749999999999889e-02
6.669299999999999534e-03,5.343749999999999889e-02
6.674000000000000245e-03,5.343749999999999889e-02
6.678700000000000088e-03,5.343749999999999889e-02
6.683399999999999931e-03,5.343749999999999889e-02
6.688099999999999774e-03,5.343749999999999889e-02
6.692799999999999618e-03,5.343749999999999889e-02
6.697499999999999461e-03,5.343749999999999889e-02
6.702200000000000171e-03,5.343749999999999889e-02
6.706900000000000014e-03,5.312500000000000555e-02
6.711599999999999858e-03,5.312500000000000555e-02
6.716299999999999701e-03,5.343749999999999889e-02
6.720999999999999544e-03,5.343749999999999889e-02
6.725700000000000255e-03,5.312500000000000555e-02
6.730400000000000098e-03,5.281250000000000527e-02
6.735099999999999941e-03,5.250000000000000500e-02
6.739799999999999784e-03,5.250000000000000500e-02
6.744499999999999627e-03,5.218750000000000472e-02
6.749199999999999471e-03,5.218750000000000472e-02
6.753900000000000181e-03,5.125000000000000389e-02
6.758600000000000024e-03,5.062500000000000333e-02
6.763299999999999867e-03,5.093750000000000361e-02
6.767999999999999711e-03,5.000000000000000278e-02
6.772699999999999554e-03,4.937500000000000222e-02
6.777400000000000264e-03,4.937500000000000222e-02
6.782100000000000108e-03,4.906250000000000194e-02
6.786799999999999951e-03,4.937500000000000222e-02
6.791499999999999794e-03,4.906250000000000194e-02
6.796199999999999637e-03,4.906250000000000194e-02
6.800899999999999480e-03,4.906250000000000194e-02
6.805600000000000191e-03,4.937500000000000222e-02
6.810300000000000034e-03,4.968750000000000250e-02
6.814999999999999877e-03,4.968750000000000250e-02
6.819699999999999721e-03,5.031250000000000305e-02
6.824399999999999564e-03,5.062500000000000333e-02
6.829100000000000274e-03,5.125000000000000389e-02
6.833800000000000117e-03,5.125000000000000389e-02
6.838499999999999961e-03,5.156250000000000416e-02
6.843199999999999804e-03,5.156250000000000416e-02
6.847899999999999647e-03,5.187500000000000444e-02
6.852599999999999490e-03,5.187500000000000444e-02
6.857300000000000201e-03,5.218750000000000472e-02
6.862000000000000044e-03,5.218750000000000472e-02
6.866699999999999887e-03,5.218750000000000472e-02
6.871399999999999730e-03,5.218750000000000472e-02
6.876099999999999574e-03,5.218750000000000472e-02
6.880799999999999417e-03,5.218750000000000472e-02
6.885500000000000127e-03,5.218750000000000472e-02
6.890199999999999970e-03,5.218750000000000472e-02
6.894899999999999814e-03,5.218750000000000472e-02
6.899599999999999657e-03,5.187500000000000444e-02
6.904299999999999500e-03,5.250000000000000500e-02
6.909000000000000211e-03,5.218750000000000472e-02
6.913700000000000054e-03,5.250000000000000500e-02
6.918399999999999897e-03,5.218750000000000472e-02
6.923099999999999740e-03,5.187500000000000444e-02
6.927799999999999583e-03,5.156250000000000416e-02
6.932499999999999427e-03,5.125000000000000389e-02
6.937200000000000137e-03,5.093750000000000361e-02
6.941899999999999980e-03,5.062500000000000333e-02
6.946599999999999824e-03,5.031250000000000305e-02
6.951299999999999667e-03,4.968750000000000250e-02
6.955999999999999510e-03,4.968750000000000250e-02
6.960700000000000220e-03,4.906250000000000194e-02
6.965400000000000064e-03,4.875000000000000167e-02
6.970099999999999907e-03,4.843750000000000139e-02
6.974799999999999750e-03,4.812500000000000111e-02
6.979499999999999593e-03,4.812500000000000111e-02
6.984199999999999436e-03,4.843750000000000139e-02
6.988900000000000147e-03,4.843750000000000139e-02
6.993599999999999990e-03,4.875000000000000167e-02
6.998299999999999833e-03,4.843750000000000139e-02
7.002999999999999677e-03,4.937500000000000222e-02
7.007699999999999520e-03,4.906250000000000194e-02
7.012400000000000230e-03,4.937500000000000222e-02
7.017100000000000073e-03,5.000000000000000278e-02
7.021799999999999917e-03,5.031250000000000305e-02
7.026499999999999760e-03,5.062500000000000333e-02
7.031199999999999603e-03,5.093750000000000361e-02
7.035899999999999446e-03,5.093750000000000361e-02
7.040600000000000157e-03,5.093750000000000361e-02
7.045300000000000000e-03,5.125000000000000389e-02
7.049999999999999843e-03,5.125000000000000389e-02
7.054699999999999686e-03,5.125000000000000389e-02
7.059399999999999530e-03,5.156250000000000416e-02
7.064100000000000240e-03,5.125000000000000389e-02
7.068800000000000083e-03,5.156250000000000416e-02
7.073499999999999927e-03,5.156250000000000416e-02
7.078199999999999770e-03,5.156250000000000416e-02
7.082899999999999613e-03,5.156250000000000416e-02
7.087599999999999456e-03,5.156250000000000416e-02
7.092300000000000167e-03,5.156250000000000416e-02
7.097000000000000010e-03,5.156250000000000416e-02
7.101699999999999853e-03,5.156250000000000416e-02
7.106399999999999696e-03,5.156250000000000416e-02
7.111099999999999539e-03,5.156250000000000416e-02
7.115800000000000250e-03,5.093750000000000361e-02
7.120500000000000093e-03,5.062500000000000333e-02
7.125199999999999936e-03,5.000000000000000278e-02
7.129899999999999780e-03,4.968750000000000250e-02
7.134599999999999623e-03,4.875000000000000167e-02
7.139299999999999466e-03,4.843750000000000139e-02
7.144000000000000176e-03,4.812500000000000111e-02
7.148700000000000020e-03,4.781250000000000777e-02
7.153399999999999863e-03,4.750000000000000056e-02
7.158099999999999706e-03,4.718750000000000722e-02
7.162799999999999549e-03,4.656250000000000666e-02
7.167500000000000260e-03,4.656250000000000666e-02
7.172200000000000103e-03,4.656250000000000666e-02
7.176899999999999946e-03,4.656250000000000666e-02
7.181599999999999789e-03,4.656250000000000666e-02
7.186299999999999633e-03,4.687500000000000000e-02
7.190999999999999476e-03,4.718750000000000722e-02
7.195700000000000186e-03,4.750000000000000056e-02
7.200400000000000029e-03,4.781250000000000777e-02
7.205099999999999873e-03,4.812500000000000111e-02
7.209799999999999716e-03,4.812500000000000111e-02
7.214499999999999559e-03,4.843750000000000139e-02
7.219200000000000270e-03,4.875000000000000167e-02
7.223900000000000113e-03,4.906250000000000194e-02
7.228599999999999956e-03,4.937500000000000222e-02
7.233299999999999799e-03,4.937500000000000222e-02
7.237999999999999642e-03,4.937500000000000222e-02
7.242699999999999486e-03,4.937500000000000222e-02
7.247400000000000196e-03,4.906250000000000194e-02
7.252100000000000039e-03,4.937500000000000222e-02
7.256799999999999883e-03,4.937500000000000222e-02
7.261499999999999726e-03,4.906250000000000194e-02
7.266199999999999569e-03,4.937500000000000222e-02
7.270899999999999412e-03,4.906250000000000194e-02
7.275600000000000123e-03,4.906250000000000194e-02
7.280299999999999966e-03,4.906250000000000194e-02
7.284999999999999809e-03,4.906250000000000194e-02
7.289699999999999652e-03,4.906250000000000194e-02
7.294399999999999495e-03,4.843750000000000139e-02
7.299100000000000206e-03,4.843750000000000139e-02
7.303800000000000049e-03,4.781250000000000777e-02
7.308499999999999892e-03,4.781250000000000777e-02
7.313199999999999736e-03,4.718750000000000722e-02
7.317899999999999579e-03,4.656250000000000666e-02
7.322599999999999422e-03,4.562500000000000583e-02
7.327300000000000132e-03,4.531250000000000555e-02
7.331999999999999976e-03,4.468750000000000500e-02
7.336699999999999819e-03,4.406250000000000444e-02
7.341399999999999662e-03,4.343750000000000389e-02
7.346099999999999505e-03,4.343750000000000389e-02
7.350800000000000216e-03,4.281250000000000333e-02
7.355500000000000059e-03,4.281250000000000333e-02
7.360199999999999902e-03,4.250000000000000305e-02
7.364899999999999745e-03,4.250000000000000305e-02
7.369599999999999589e-03,4.250000000000000305e-02
7.374299999999999432e-03,4.250000000000000305e-02
7.379000000000000142e-03,4.312500000000000361e-02
7.383699999999999986e-03,4.312500000000000361e-02
7.388399999999999829e-03,4.312500000000000361e-02
7.393099999999999672e-03,4.375000000000000416e-02
7.397799999999999515e-03,4.375000000000000416e-02
7.402500000000000226e-03,4.406250000000000444e-02
7.407200000000000069e-03,4.406250000000000444e-02
7.411899999999999912e-03,4.406250000000000444e-02
7.416599999999999755e-03,4.437500000000000472e-02
7.421299999999999598e-03,4.468750000000000500e-02
7.425999999999999442e-03,4.437500000000000472e-02
7.430700000000000152e-03,4.437500000000000472e-02
7.435399999999999995e-03,4.406250000000000444e-02
7.440099999999999839e-03,4.375000000000000416e-02
7.444799999999999682e-03,4.406250000000000444e-02
7.449499999999999525e-03,4.375000000000000416e-02
7.454200000000000235e-03,4.343750000000000389e-02
7.458900000000000079e-03,4.312500000000000361e-02
7.463599999999999922e-03,4.312500000000000361e-02
7.468299999999999765e-03,4.281250000000000333e-02
7.472999999999999608e-03,4.250000000000000305e-02
7.477699999999999451e-03,4.250000000000000305e-02
7.482400000000000162e-03,4.218750000000000278e-02
7.487100000000000005e-03,4.187500000000000250e-02
7.491799999999999848e-03,4.125000000000000194e-02
7.496499999999999692e-03,4.062500000000000139e-02
7.501199999999999535e-03,3.968750000000000056e-02
7.505900000000000245e-03,3.906250000000000000e-02
7.510600000000000089e-03,3.906250000000000000e-02
7.515299999999999932e-03,3.843750000000000638e-02
7.519999999999999775e-03,3.750000000000000555e-02
7.524699999999999618e-03,3.687500000000000500e-02
7.529399999999999461e-03,3.625000000000000444e-02
7.534100000000000172e-03,3.562500000000000389e-02
7.538800000000000015e-03,3.468750000000000305e-02
7.543499999999999858e-03,3.500000000000000333e-02
7.548199999999999701e-03,3.437500000000000278e-02
7.552899999999999545e-03,3.406250000000000250e-02
7.557600000000000255e-03,3.406250000000000250e-02
7.562300000000000098e-03,3.437500000000000278e-02
7.566999999999999942e-03,3.468750000000000305e-02
7.571699999999999785e-03,3.468750000000000305e-02
7.576399999999999628e-03,3.468750000000000305e-02
7.581099999999999471e-03,3.500000000000000333e-02
7.585800000000000182e-03,3.562500000000000389e-02
7.590500000000000025e-03,3.593750000000000416e-02
7.595199999999999868e-03,3.593750000000000416e-02
7.599899999999999711e-03,3.562500000000000389e-02
7.604599999999999554e-03,3.593750000000000416e-02
7.609299999999999398e-03,3.625000000000000444e-02
7.614000000000000108e-03,3.625000000000000444e-02
7.618699999999999951e-03,3.593750000000000416e-02
7.623399999999999795e-03,3.593750000000000416e-02
7.628099999999999638e-03,3.531250000000000361e-02
7.632799999999999481e-03,3.531250000000000361e-02
7.637500000000000192e-03,3.500000000000000333e-02
7.642200000000000035e-03,3.468750000000000305e-02
7.646899999999999878e-03,3.468750000000000305e-02
7.651599999999999721e-03,3.468750000000000305e-02
7.656299999999999564e-03,3.406250000000000250e-02
7.660999999999999407e-03,3.375000000000000222e-02
7.665700000000000118e-03,3.375000000000000222e-02
7.670399999999999961e-03,3.312500000000000167e-02
7.675099999999999804e-03,3.281250000000000139e-02
7.679799999999999648e-03,3.218750000000000083e-02
7.684499999999999491e-03,3.156250000000000028e-02
7.689200000000000201e-03,3.093750000000000319e-02
7.693900000000000045e-03,3.062500000000000291e-02
7.698599999999999888e-03,2.968750000000000208e-02
7.703299999999999731e-03,2.906250000000000500e-02
7.707999999999999574e-03,2.812500000000000416e-02
7.712699999999999417e-03,2.718750000000000333e-02
7.717400000000000128e-03,2.687500000000000305e-02
7.722099999999999971e-03,2.656250000000000278e-02
7.726799999999999814e-03,2.593750000000000222e-02
7.731499999999999657e-03,2.531250000000000167e-02
7.736199999999999501e-03,2.500000000000000139e-02
7.740900000000000211e-03,2.468750000000000111e-02
7.745600000000000054e-03,2.437500000000000083e-02
7.750299999999999898e-03,2.437500000000000083e-02
7.754999999999999741e-03,2.437500000000000083e-02
7.759699999999999584e-03,2.468750000000000111e-02
7.764399999999999427e-03,2.500000000000000139e-02
7.769100000000000138e-03,2.468750000000000111e-02
7.773799999999999981e-03,2.531250000000000167e-02
7.778499999999999824e-03,2.531250000000000167e-02
7.783199999999999667e-03,2.531250000000000167e-02
7.787899999999999510e-03,2.562500000000000194e-02
7.792600000000000221e-03,2.531250000000000167e-02
7.797300000000000064e-03,2.562500000000000194e-02
7.801999999999999907e-03,2.500000000000000139e-02
7.806699999999999751e-03,2.562500000000000194e-02
7.811399999999999594e-03,2.500000000000000139e-02
7.816099999999999437e-03,2.468750000000000111e-02
7.820799999999999280e-03,2.468750000000000111e-02
7.825499999999999123e-03,2.406250000000000056e-02
7.830199999999998967e-03,2.375000000000000375e-02
7.834900000000000544e-03,2.375000000000000375e-02
7.839600000000000388e-03,2.343750000000000347e-02
7.844300000000000231e-03,2.343750000000000347e-02
7.849000000000000074e-03,2.312500000000000319e-02
7.853699999999999917e-03,2.281250000000000291e-02
7.858399999999999760e-03,2.250000000000000264e-02
7.863099999999999604e-03,2.156250000000000527e-02
7.867799999999999447e-03,2.156250000000000527e-02
7.872499999999999290e-03,2.093750000000000472e-02
7.877199999999999133e-03,2.031250000000000416e-02
7.881899999999998976e-03,2.000000000000000389e-02
7.886600000000000554e-03,1.968750000000000361e-02
7.891300000000000398e-03,1.843750000000000250e-02
7.896000000000000241e-03,1.750000000000000167e-02
7.900700000000000084e-03,1.687500000000000458e-02
7.905399999999999927e-03,1.656250000000000430e-02
7.910099999999999770e-03,1.625000000000000402e-02
7.914799999999999613e-03,1.562500000000000347e-02
7.919499999999999457e-03,1.531250000000000319e-02
7.924199999999999300e-03,1.531250000000000319e-02
7.928899999999999143e-03,1.531250000000000319e-02
7.933599999999998986e-03,1.468750000000000264e-02
7.938300000000000564e-03,1.500000000000000291e-02
7.943000000000000407e-03,1.500000000000000291e-02
7.947700000000000251e-03,1.500000000000000291e-02
7.952400000000000094e-03,1.562500000000000347e-02
7.957099999999999937e-03,1.562500000000000347e-02
7.961799999999999780e-03,1.593750000000000375e-02
7.966499999999999623e-03,1.625000000000000402e-02
7.971199999999999466e-03,1.656250000000000430e-02
7.975899999999999310e-03,1.656250000000000430e-02
7.980599999999999153e-03,1.687500000000000458e-02
7.985299999999998996e-03,1.687500000000000458e-02
7.990000000000000574e-03,1.656250000000000430e-02
7.994700000000000417e-03,1.656250000000000430e-02
7.999400000000000260e-03,1.656250000000000430e-02
8.004100000000000104e-03,1.656250000000000430e-02
8.008799999999999947e-03,1.625000000000000402e-02
8.013499999999999790e-03,1.625000000000000402e-02
8.018199999999999633e-03,1.562500000000000347e-02
8.022899999999999476e-03,1.562500000000000347e-02
8.027599999999999320e-03,1.562500000000000347e-02
8.032299999999999163e-03,1.500000000000000291e-02
8.036999999999999006e-03,1.468750000000000264e-02
8.041700000000000584e-03,1.468750000000000264e-02
8.046400000000000427e-03,1.406250000000000208e-02
8.051100000000000270e-03,1.406250000000000208e-02
8.055800000000000113e-03,1.406250000000000208e-02
8.060499999999999957e-03,1.312500000000000125e-02
8.065199999999999800e-03,1.281250000000000444e-02
8.069899999999999643e-03,1.250000000000000416e-02
8.074599999999999486e-03,1.218750000000000389e-02
8.079299999999999329e-03,1.187500000000000361e-02
8.083999999999999173e-03,1.156250000000000333e-02
8.088699999999999016e-03,1.125000000000000305e-02
8.093400000000000594e-03,1.125000000000000305e-02
8.098100000000000437e-03,1.093750000000000278e-02
8.102800000000000280e-03,1.062500000000000250e-02
8.107500000000000123e-03,1.031250000000000222e-02
8.112199999999999966e-03,1.000000000000000194e-02
8.116899999999999810e-03,1.000000000000000194e-02
8.121599999999999653e-03,9.375000000000001388e-03
8.126299999999999496e-03,9.687500000000001665e-03
8.130999999999999339e-03,9.687500000000001665e-03
8.135699999999999182e-03,9.687500000000001665e-03
8.140399999999999026e-03,1.000000000000000194e-02
8.145100000000000603e-03,9.687500000000001665e-03
8.149800000000000447e-03,1.031250000000000222e-02
8.154500000000000290e-03,1.062500000000000250e-02
8.159200000000000133e-03,1.031250000000000222e-02
8.163899999999999976e-03,1.093750000000000278e-02
8.168599999999999819e-03,1.062500000000000250e-02
8.173299999999999663e-03,1.062500000000000250e-02
8.177999999999999506e-03,1.093750000000000278e-02
8.182699999999999349e-03,1.031250000000000222e-02
8.187399999999999192e-03,1.062500000000000250e-02
8.192099999999999035e-03,1.031250000000000222e-02
8.196800000000000613e-03,1.031250000000000222e-02
8.201500000000000457e-03,1.000000000000000194e-02
8.206200000000000300e-03,9.687500000000001665e-03
8.210900000000000143e-03,1.000000000000000194e-02
8.215599999999999986e-03,9.375000000000001388e-03
8.220299999999999829e-03,9.375000000000001388e-03
8.224999999999999672e-03,9.375000000000001388e-03
8.229699999999999516e-03,9.062500000000001110e-03
8.234399999999999359e-03,8.750000000000004302e-03
8.239099999999999202e-03,8.750000000000004302e-03
8.243799999999999045e-03,8.750000000000004302e-03
8.248500000000000623e-03,8.125000000000003747e-03
8.253200000000000466e-03,8.125000000000003747e-03
8.257900000000000310e-03,8.125000000000003747e-03
8.262600000000000153e-03,7.812500000000003469e-03
8.267299999999999996e-03,7.812500000000003469e-03
8.271999999999999839e-03,7.500000000000003192e-03
8.276699999999999682e-03,7.187500000000002914e-03
8.281399999999999526e-03,7.187500000000002914e-03
8.286099999999999369e-03,7.187500000000002914e-03
8.290799999999999212e-03,7.187500000000002914e-03
8.295499999999999055e-03,6.875000000000002637e-03
8.300200000000000633e-03,6.562500000000002359e-03
8.304900000000000476e-03,6.562500000000002359e-03
8.309600000000000319e-03,6.562500000000002359e-03
8.314300000000000163e-03,6.562500000000002359e-03
8.319000000000000006e-03,6.250000000000002082e-03
8.323699999999999849e-03,6.562500000000002359e-03
8.328399999999999692e-03,6.562500000000002359e-03
8.333099999999999535e-03,6.875000000000002637e-03
8.337799999999999379e-03,7.187500000000002914e-03
8.342499999999999222e-03,7.187500000000002914e-03
8.347199999999999065e-03,7.500000000000003192e-03
8.351900000000000643e-03,7.187500000000002914e-03
8.356600000000000486e-03,7.500000000000003192e-03
8.361300000000000329e-03,7.500000000000003192e-03
8.366000000000000172e-03,7.812500000000003469e-03
8.370700000000000016e-03,7.812500000000003469e-03
8.375399999999999859e-03,7.500000000000003192e-03
8.380099999999999702e-03,7.500000000000003192e-03
8.384799999999999545e-03,7.500000000000003192e-03
8.389499999999999388e-03,7.500000000000003192e-03
8.394199999999999232e-03,7.500000000000003192e-03
8.398899999999999075e-03,7.187500000000002914e-03
8.403600000000000653e-03,7.187500000000002914e-03
8.408300000000000496e-03,7.187500000000002914e-03
8.413000000000000339e-03,6.875000000000002637e-03
8.417700000000000182e-03,6.875000000000002637e-03
8.422400000000000025e-03,6.562500000000002359e-03
8.427099999999999869e-03,6.562500000000002359e-03
8.431799999999999712e-03,6.250000000000002082e-03
8.436499999999999555e-03,6.250000000000002082e-03
8.441199999999999398e-03,5.937500000000001804e-03
8.445899999999999241e-03,6.250000000000002082e-03
8.450599999999999085e-03,6.250000000000002082e-03
8.455300000000000663e-03,5.937500000000001804e-03
8.460000000000000506e-03,5.937500000000001804e-03
8.464700000000000349e-03,5.625000000000001527e-03
8.469400000000000192e-03,5.625000000000001527e-03
8.474100000000000035e-03,5.625000000000001527e-03
8.478799999999999878e-03,5.312500000000001249e-03
8.483499999999999722e-03,5.312500000000001249e-03
8.488199999999999565e-03,5.312500000000001249e-03
8.492899999999999408e-03,5.000000000000004441e-03
8.497599999999999251e-03,5.312500000000001249e-03
8.502299999999999094e-03,5.312500000000001249e-03
8.507000000000000672e-03,5.312500000000001249e-03
8.511700000000000516e-03,5.625000000000001527e-03
8.516400000000000359e-03,5.312500000000001249e-03
8.521100000000000202e-03,5.312500000000001249e-03
8.525800000000000045e-03,5.625000000000001527e-03
8.530499999999999888e-03,5.937500000000001804e-03
8.535199999999999732e-03,5.937500000000001804e-03
8.539899999999999575e-03,5.937500000000001804e-03
8.544599999999999418e-03,6.250000000000002082e-03
8.549299999999999261e-03,6.250000000000002082e-03
8.553999999999999104e-03,6.562500000000002359e-03
8.558699999999998947e-03,6.250000000000002082e-03
8.563400000000000525e-03,6.250000000000002082e-03
8.568100000000000369e-03,6.250000000000002082e-03
8.572800000000000212e-03,5.937500000000001804e-03
8.577500000000000055e-03,5.937500000000001804e-03
8.582199999999999898e-03,5.937500000000001804e-03
8.586899999999999741e-03,5.937500000000001804e-03
8.591599999999999585e-03,5.937500000000001804e-03
8.596299999999999428e-03,5.937500000000001804e-03
8.600999999999999271e-03,5.937500000000001804e-03
8.605699999999999114e-03,5.937500000000001804e-03
8.610399999999998957e-03,5.312500000000001249e-03
8.615100000000000535e-03,5.625000000000001527e-03
8.619800000000000378e-03,5.000000000000004441e-03
8.624500000000000222e-03,5.000000000000004441e-03
8.629200000000000065e-03,5.000000000000004441e-03
8.633899999999999908e-03,5.000000000000004441e-03
8.638599999999999751e-03,5.000000000000004441e-03
8.643299999999999594e-03,4.687500000000004163e-03
8.647999999999999438e-03,5.312500000000001249e-03
8.652699999999999281e-03,5.000000000000004441e-03
8.657399999999999124e-03,5.000000000000004441e-03
8.662099999999998967e-03,5.000000000000004441e-03
8.666800000000000545e-03,5.312500000000001249e-03
8.671500000000000388e-03,5.312500000000001249e-03
8.676200000000000231e-03,5.000000000000004441e-03
8.680900000000000075e-03,4.687500000000004163e-03
8.685599999999999918e-03,4.687500000000004163e-03
8.690299999999999761e-03,4.375000000000003886e-03
8.694999999999999604e-03,4.687500000000004163e-03
8.699699999999999447e-03,4.687500000000004163e-03
8.704399999999999291e-03,4.375000000000003886e-03
8.709099999999999134e-03,4.687500000000004163e-03
8.713799999999998977e-03,4.687500000000004163e-03
8.718500000000000555e-03,5.312500000000001249e-03
8.723200000000000398e-03,5.312500000000001249e-03
8.727900000000000241e-03,5.312500000000001249e-03
8.732600000000000084e-03,5.312500000000001249e-03
8.737299999999999928e-03,5.312500000000001249e-03
8.741999999999999771e-03,5.000000000000004441e-03
8.746699999999999614e-03,5.312500000000001249e-03
8.751399999999999457e-03,5.312500000000001249e-03
8.756099999999999300e-03,5.312500000000001249e-03
8.760799999999999144e-03,5.000000000000004441e-03
8.765499999999998987e-03,5.312500000000001249e-03
8.770200000000000565e-03,5.000000000000004441e-03
8.774900000000000408e-03,4.687500000000004163e-03
8.779600000000000251e-03,4.687500000000004163e-03
8.784300000000000094e-03,5.000000000000004441e-03
8.788999999999999937e-03,4.687500000000004163e-03
8.793699999999999781e-03,4.687500000000004163e-03
8.798399999999999624e-03,4.375000000000003886e-03
8.803099999999999467e-03,4.375000000000003886e-03
8.807799999999999310e-03,4.687500000000004163e-03
8.812499999999999153e-03,4.375000000000003886e-03
8.817199999999998997e-03,4.062500000000003608e-03
8.821900000000000575e-03,4.375000000000003886e-03
8.826600000000000418e-03,4.687500000000004163e-03
8.831300000000000261e-03,4.375000000000003886e-03
8.836000000000000104e-03,4.375000000000003886e-03
8.840699999999999947e-03,4.687500000000004163e-03
8.845399999999999791e-03,4.687500000000004163e-03
8.850099999999999634e-03,4.687500000000004163e-03
8.854799999999999477e-03,4.687500000000004163e-03
8.859499999999999320e-03,4.687500000000004163e-03
8.864199999999999163e-03,4.375000000000003886e-03
8.868899999999999006e-03,4.375000000000003886e-03
8.873600000000000584e-03,4.687500000000004163e-03
8.878300000000000428e-03,4.062500000000003608e-03
8.883000000000000271e-03,4.375000000000003886e-03
8.887700000000000114e-03,4.062500000000003608e-03
8.892399999999999957e-03,4.687500000000004163e-03
8.897099999999999800e-03,4.687500000000004163e-03
8.901799999999999644e-03,4.375000000000003886e-03
8.906499999999999487e-03,4.687500000000004163e-03
8.911199999999999330e-03,4.687500000000004163e-03
8.915899999999999173e-03,4.687500000000004163e-03
8.920599999999999016e-03,5.000000000000004441e-03
8.925300000000000594e-03,5.000000000000004441e-03
8.930000000000000437e-03,4.687500000000004163e-03
8.934700000000000281e-03,4.687500000000004163e-03
8.939400000000000124e-03,4.687500000000004163e-03
8.944099999999999967e-03,4.687500000000004163e-03
8.948799999999999810e-03,4.375000000000003886e-03
8.953499999999999653e-03,4.687500000000004163e-03
8.958199999999999497e-03,4.375000000000003886e-03
8.962899999999999340e-03,4.375000000000003886e-03
8.967599999999999183e-03,4.375000000000003886e-03
8.972299999999999026e-03,4.375000000000003886e-03
8.977000000000000604e-03,3.750000000000003331e-03
8.981700000000000447e-03,4.062500000000003608e-03
8.986400000000000290e-03,4.062500000000003608e-03
8.991100000000000134e-03,3.750000000000003331e-03
8.995799999999999977e-03,4.062500000000003608e-03
9.000499999999999820e-03,4.062500000000003608e-03
9.005199999999999663e-03,4.062500000000003608e-03
9.009899999999999506e-03,4.062500000000003608e-03
9.014599999999999350e-03,4.375000000000003886e-03
9.019299999999999193e-03,4.375000000000003886e-03
9.023999999999999036e-03,4.375000000000003886e-03
9.028700000000000614e-03,5.000000000000004441e-03
9.033400000000000457e-03,4.687500000000004163e-03
9.038100000000000300e-03,5.000000000000004441e-03
9.042800000000000143e-03,5.312500000000001249e-03
9.047499999999999987e-03,5.312500000000001249e-03
9.052199999999999830e-03,5.312500000000001249e-03
9.056899999999999673e-03,5.312500000000001249e-03
9.061599999999999516e-03,5.000000000000004441e-03
9.066299999999999359e-03,5.000000000000004441e-03
9.070999999999999203e-03,5.000000000000004441e-03
9.075699999999999046e-03,4.687500000000004163e-03
9.080400000000000624e-03,4.687500000000004163e-03
9.085100000000000467e-03,5.000000000000004441e-03
9.089800000000000310e-03,4.687500000000004163e-03
9.094500000000000153e-03,4.687500000000004163e-03
9.099199999999999997e-03,4.687500000000004163e-03
9.103899999999999840e-03,4.375000000000003886e-03
9.108599999999999683e-03,4.687500000000004163e-03
9.113299999999999526e-03,4.375000000000003886e-03
9.117999999999999369e-03,4.687500000000004163e-03
9.122699999999999212e-03,4.375000000000003886e-03
9.127399999999999056e-03,4.687500000000004163e-03
9.132100000000000634e-03,4.687500000000004163e-03
9.136800000000000477e-03,4.375000000000003886e-03
9.141500000000000320e-03,4.375000000000003886e-03
9.146200000000000163e-03,4.375000000000003886e-03
9.150900000000000006e-03,4.375000000000003886e-03
9.155599999999999850e-03,4.062500000000003608e-03
9.160299999999999693e-03,4.375000000000003886e-03
9.164999999999999536e-03,4.375000000000003886e-03
9.169699999999999379e-03,4.062500000000003608e-03
9.174399999999999222e-03,4.375000000000003886e-03
9.179099999999999066e-03,4.375000000000003886e-03
9.183800000000000643e-03,4.062500000000003608e-03
9.188500000000000487e-03,4.687500000000004163e-03
9.193200000000000330e-03,5.000000000000004441e-03
9.197900000000000173e-03,4.687500000000004163e-03
9.202600000000000016e-03,5.625000000000001527e-03
9.207299999999999859e-03,5.625000000000001527e-03
9.211999999999999703e-03,5.937500000000001804e-03
9.216699999999999546e-03,6.250000000000002082e-03
9.221399999999999389e-03,6.562500000000002359e-03
9.226099999999999232e-03,6.562500000000002359e-03
9.230799999999999075e-03,6.562500000000002359e-03
9.235500000000000653e-03,7.187500000000002914e-03
9.240200000000000496e-03,7.187500000000002914e-03
9.244900000000000340e-03,7.500000000000003192e-03
9.249600000000000183e-03,7.187500000000002914e-03
9.254300000000000026e-03,7.187500000000002914e-03
9.258999999999999869e-03,7.187500000000002914e-03
9.263699999999999712e-03,7.187500000000002914e-03
9.268399999999999556e-03,6.562500000000002359e-03
9.273099999999999399e-03,6.250000000000002082e-03
9.277799999999999242e-03,6.250000000000002082e-03
9.282499999999999085e-03,6.562500000000002359e-03
9.287199999999998928e-03,5.937500000000001804e-03
9.291900000000000506e-03,6.250000000000002082e-03
9.296600000000000349e-03,5.937500000000001804e-03
9.301300000000000193e-03,5.937500000000001804e-03
9.306000000000000036e-03,5.937500000000001804e-03
9.310699999999999879e-03,5.625000000000001527e-03
9.315399999999999722e-03,5.937500000000001804e-03
9.320099999999999565e-03,5.937500000000001804e-03
9.324799999999999409e-03,5.937500000000001804e-03
9.329499999999999252e-03,5.937500000000001804e-03
9.334199999999999095e-03,6.250000000000002082e-03
9.338899999999998938e-03,5.937500000000001804e-03
9.343600000000000516e-03,6.250000000000002082e-03
9.348300000000000359e-03,6.250000000000002082e-03
9.353000000000000203e-03,6.562500000000002359e-03
9.357700000000000046e-03,6.875000000000002637e-03
9.362399999999999889e-03,6.562500000000002359e-03
9.367099999999999732e-03,7.187500000000002914e-03
9.371799999999999575e-03,7.187500000000002914e-03
9.376499999999999418e-03,7.812500000000003469e-03
9.381199999999999262e-03,8.437500000000004025e-03
9.385899999999999105e-03,8.437500000000004025e-03
9.390599999999998948e-03,9.375000000000001388e-03
9.395300000000000526e-03,1.031250000000000222e-02
