PURE SILICA, ELECTRODE=TUNGSTEN, TIME=35, POLING_VOLTAGE=3700, WAVELENGTH=1.55e-06, EFFECTIVE_DISTANCE=3.1e-05, POLED_LENGTH=0.3, CORE_INDEX=1.45, POLE=MAX, AC_VOLTAGE=356.25, AC_FREQUENCY=700, PIEZO_FREQUENCY=14.0
Time(s),Voltage(V)
-2.000000000000000096e-04,2.187500000000001943e-03
-1.640000000000000019e-04,2.500000000000002220e-03
-1.280000000000000213e-04,2.187500000000001943e-03
-9.200000000000001362e-05,2.500000000000002220e-03
-5.600000000000000594e-05,2.500000000000002220e-03
-1.999999999999999825e-05,2.500000000000002220e-03
1.599999999999998234e-05,2.812500000000002498e-03
5.199999999999999002e-05,3.125000000000002776e-03
8.799999999999999771e-05,3.750000000000003331e-03
1.240000000000000054e-04,3.437500000000003053e-03
1.600000000000000131e-04,3.750000000000003331e-03
1.960000000000000208e-04,7.500000000000003192e-03
2.319999999999999743e-04,1.312500000000000125e-02
2.680000000000000090e-04,1.500000000000000291e-02
3.040000000000000167e-04,1.625000000000000402e-02
3.400000000000000244e-04,1.656250000000000430e-02
3.760000000000000321e-04,1.468750000000000264e-02
4.120000000000000398e-04,1.250000000000000416e-02
4.480000000000000475e-04,1.031250000000000222e-02
4.840000000000000552e-04,9.375000000000001388e-03
5.200000000000000629e-04,6.875000000000002637e-03
5.560000000000000706e-04,5.937500000000001804e-03
5.920000000000000782e-04,5.312500000000001249e-03
6.280000000000000859e-04,5.000000000000004441e-03
6.639999999999999852e-04,4.375000000000003886e-03
6.999999999999999929e-04,4.062500000000003608e-03
7.360000000000000006e-04,3.437500000000003053e-03
7.720000000000000083e-04,3.750000000000003331e-03
8.080000000000000160e-04,4.062500000000003608e-03
8.440000000000000236e-04,5.312500000000001249e-03
8.800000000000000313e-04,5.000000000000004441e-03
9.160000000000000390e-04,4.687500000000004163e-03
9.520000000000000467e-04,4.375000000000003886e-03
9.879999999999999460e-04,3.437500000000003053e-03
1.023999999999999954e-03,3.437500000000003053e-03
1.059999999999999961e-03,3.437500000000003053e-03
1.095999999999999969e-03,3.125000000000002776e-03
1.131999999999999977e-03,3.125000000000002776e-03
1.167999999999999984e-03,3.125000000000002776e-03
1.203999999999999992e-03,3.750000000000003331e-03
1.240000000000000000e-03,3.750000000000003331e-03
1.276000000000000007e-03,4.062500000000003608e-03
1.312000000000000015e-03,3.750000000000003331e-03
1.348000000000000023e-03,3.750000000000003331e-03
1.384000000000000031e-03,4.687500000000004163e-03
1.420000000000000038e-03,5.000000000000004441e-03
1.456000000000000046e-03,5.312500000000001249e-03
1.492000000000000054e-03,5.625000000000001527e-03
1.527999999999999844e-03,5.625000000000001527e-03
1.563999999999999852e-03,5.312500000000001249e-03
1.599999999999999860e-03,5.625000000000001527e-03
1.635999999999999868e-03,5.625000000000001527e-03
1.671999999999999875e-03,6.250000000000002082e-03
1.707999999999999883e-03,6.250000000000002082e-03
1.743999999999999891e-03,5.937500000000001804e-03
1.779999999999999898e-03,5.312500000000001249e-03
1.815999999999999906e-03,5.000000000000004441e-03
1.851999999999999914e-03,4.687500000000004163e-03
1.887999999999999921e-03,4.062500000000003608e-03
1.923999999999999929e-03,3.750000000000003331e-03
1.959999999999999937e-03,3.125000000000002776e-03
1.995999999999999944e-03,3.125000000000002776e-03
2.031999999999999952e-03,2.812500000000002498e-03
2.067999999999999960e-03,2.812500000000002498e-03
2.103999999999999967e-03,2.500000000000002220e-03
2.139999999999999975e-03,2.500000000000002220e-03
2.175999999999999983e-03,2.500000000000002220e-03
2.211999999999999991e-03,2.500000000000002220e-03
2.247999999999999998e-03,2.812500000000002498e-03
2.284000000000000006e-03,3.125000000000002776e-03
2.320000000000000014e-03,3.437500000000003053e-03
2.356000000000000021e-03,3.437500000000003053e-03
2.392000000000000029e-03,3.125000000000002776e-03
2.428000000000000037e-03,3.125000000000002776e-03
2.464000000000000044e-03,3.125000000000002776e-03
2.500000000000000052e-03,3.125000000000002776e-03
2.536000000000000060e-03,2.500000000000002220e-03
2.572000000000000067e-03,2.500000000000002220e-03
2.608000000000000075e-03,2.500000000000002220e-03
2.644000000000000083e-03,2.500000000000002220e-03
2.680000000000000090e-03,2.500000000000002220e-03
2.716000000000000098e-03,2.500000000000002220e-03
2.752000000000000106e-03,2.500000000000002220e-03
2.788000000000000114e-03,2.500000000000002220e-03
2.824000000000000121e-03,2.500000000000002220e-03
2.860000000000000129e-03,2.812500000000002498e-03
2.896000000000000137e-03,2.812500000000002498e-03
2.932000000000000144e-03,3.125000000000002776e-03
2.968000000000000152e-03,3.437500000000003053e-03
3.004000000000000160e-03,3.125000000000002776e-03
3.040000000000000167e-03,3.750000000000003331e-03
3.076000000000000175e-03,3.750000000000003331e-03
3.112000000000000183e-03,4.062500000000003608e-03
3.148000000000000190e-03,4.062500000000003608e-03
3.184000000000000198e-03,4.062500000000003608e-03
3.220000000000000206e-03,3.750000000000003331e-03
3.255999999999999780e-03,3.437500000000003053e-03
3.291999999999999788e-03,3.125000000000002776e-03
3.327999999999999795e-03,3.125000000000002776e-03
3.363999999999999803e-03,2.500000000000002220e-03
3.399999999999999811e-03,2.500000000000002220e-03
3.435999999999999818e-03,2.500000000000002220e-03
3.471999999999999826e-03,2.500000000000002220e-03
3.507999999999999834e-03,2.500000000000002220e-03
3.543999999999999841e-03,2.500000000000002220e-03
3.579999999999999849e-03,2.500000000000002220e-03
3.615999999999999857e-03,2.500000000000002220e-03
3.651999999999999864e-03,2.812500000000002498e-03
3.687999999999999872e-03,3.125000000000002776e-03
3.724000000000000313e-03,3.125000000000002776e-03
3.759999999999999887e-03,3.125000000000002776e-03
3.796000000000000329e-03,2.812500000000002498e-03
3.831999999999999903e-03,2.812500000000002498e-03
3.868000000000000344e-03,3.125000000000002776e-03
3.903999999999999918e-03,3.125000000000002776e-03
3.940000000000000793e-03,2.812500000000002498e-03
3.976000000000000367e-03,2.812500000000002498e-03
4.012000000000000809e-03,2.500000000000002220e-03
4.048000000000000383e-03,2.500000000000002220e-03
4.084000000000000824e-03,2.500000000000002220e-03
4.120000000000000398e-03,2.187500000000001943e-03
4.156000000000000839e-03,1.875000000000001665e-03
4.192000000000000413e-03,1.875000000000001665e-03
4.228000000000000855e-03,2.187500000000001943e-03
4.264000000000000429e-03,2.187500000000001943e-03
4.300000000000000870e-03,2.500000000000002220e-03
4.336000000000000444e-03,2.500000000000002220e-03
4.372000000000000886e-03,2.187500000000001943e-03
4.408000000000000460e-03,2.187500000000001943e-03
4.444000000000000034e-03,2.500000000000002220e-03
4.480000000000000475e-03,2.812500000000002498e-03
4.516000000000000049e-03,2.500000000000002220e-03
4.552000000000000490e-03,2.812500000000002498e-03
4.588000000000000064e-03,2.187500000000001943e-03
4.624000000000000506e-03,2.500000000000002220e-03
4.660000000000000080e-03,2.500000000000002220e-03
4.696000000000000521e-03,2.187500000000001943e-03
4.732000000000000095e-03,2.187500000000001943e-03
4.768000000000000536e-03,2.187500000000001943e-03
4.804000000000000110e-03,2.187500000000001943e-03
4.840000000000000552e-03,2.500000000000002220e-03
4.876000000000000126e-03,2.812500000000002498e-03
4.912000000000000567e-03,3.125000000000002776e-03
4.948000000000000141e-03,3.437500000000003053e-03
4.984000000000000583e-03,3.750000000000003331e-03
5.020000000000000157e-03,4.062500000000003608e-03
5.056000000000000598e-03,4.375000000000003886e-03
5.092000000000000172e-03,5.312500000000001249e-03
5.128000000000000613e-03,5.625000000000001527e-03
5.164000000000000187e-03,5.625000000000001527e-03
5.200000000000000629e-03,5.625000000000001527e-03
5.236000000000000203e-03,5.937500000000001804e-03
5.272000000000000644e-03,5.625000000000001527e-03
5.308000000000000218e-03,5.625000000000001527e-03
5.344000000000000659e-03,5.000000000000004441e-03
5.380000000000000233e-03,4.687500000000004163e-03
5.416000000000000675e-03,4.062500000000003608e-03
5.452000000000000249e-03,4.062500000000003608e-03
5.488000000000000690e-03,3.437500000000003053e-03
5.524000000000000264e-03,3.437500000000003053e-03
5.560000000000000706e-03,3.125000000000002776e-03
5.596000000000000280e-03,2.812500000000002498e-03
5.632000000000000721e-03,2.812500000000002498e-03
5.668000000000000295e-03,2.500000000000002220e-03
5.704000000000000736e-03,2.500000000000002220e-03
5.740000000000000310e-03,2.187500000000001943e-03
5.776000000000000752e-03,2.187500000000001943e-03
5.812000000000000326e-03,1.875000000000001665e-03
5.848000000000000767e-03,2.187500000000001943e-03
5.884000000000000341e-03,1.875000000000001665e-03
5.920000000000000782e-03,1.875000000000001665e-03
5.956000000000000356e-03,1.875000000000001665e-03
5.992000000000000798e-03,2.187500000000001943e-03
6.028000000000000372e-03,2.187500000000001943e-03
6.064000000000000813e-03,2.500000000000002220e-03
6.100000000000000387e-03,2.812500000000002498e-03
6.136000000000000829e-03,3.437500000000003053e-03
6.172000000000000403e-03,4.375000000000003886e-03
6.208000000000000844e-03,5.625000000000001527e-03
6.244000000000000418e-03,6.562500000000002359e-03
6.280000000000000859e-03,8.125000000000003747e-03
6.316000000000000433e-03,9.062500000000001110e-03
6.352000000000000875e-03,1.031250000000000222e-02
6.388000000000000449e-03,1.156250000000000333e-02
6.424000000000000890e-03,1.281250000000000444e-02
6.460000000000000464e-03,1.343750000000000153e-02
6.496000000000000905e-03,1.375000000000000180e-02
6.532000000000000479e-03,1.437500000000000236e-02
6.568000000000000921e-03,1.468750000000000264e-02
6.604000000000000495e-03,1.468750000000000264e-02
6.640000000000000936e-03,1.437500000000000236e-02
6.676000000000000510e-03,1.437500000000000236e-02
6.712000000000000084e-03,1.375000000000000180e-02
6.748000000000000526e-03,1.312500000000000125e-02
6.784000000000000100e-03,1.156250000000000333e-02
6.820000000000000541e-03,1.062500000000000250e-02
6.856000000000000115e-03,1.031250000000000222e-02
6.892000000000000556e-03,8.437500000000004025e-03
6.928000000000000130e-03,7.500000000000003192e-03
6.964000000000000572e-03,6.562500000000002359e-03
7.000000000000000146e-03,5.625000000000001527e-03
7.036000000000000587e-03,5.000000000000004441e-03
7.072000000000000161e-03,4.062500000000003608e-03
7.108000000000000602e-03,3.750000000000003331e-03
7.144000000000000176e-03,3.125000000000002776e-03
7.180000000000000618e-03,3.125000000000002776e-03
7.216000000000000192e-03,2.500000000000002220e-03
7.252000000000000633e-03,2.500000000000002220e-03
7.288000000000000207e-03,2.500000000000002220e-03
7.324000000000000649e-03,2.187500000000001943e-03
7.360000000000000223e-03,2.187500000000001943e-03
7.396000000000000664e-03,2.500000000000002220e-03
7.432000000000000238e-03,2.500000000000002220e-03
7.468000000000000679e-03,2.812500000000002498e-03
7.504000000000000253e-03,2.812500000000002498e-03
7.540000000000000695e-03,3.750000000000003331e-03
7.576000000000000269e-03,4.375000000000003886e-03
7.612000000000000710e-03,4.687500000000004163e-03
7.648000000000001151e-03,5.937500000000001804e-03
7.684000000000000725e-03,7.187500000000002914e-03
7.720000000000000299e-03,8.750000000000004302e-03
7.755999999999999873e-03,1.031250000000000222e-02
7.792000000000001182e-03,1.187500000000000361e-02
7.827999999999999889e-03,1.312500000000000125e-02
7.863999999999999463e-03,1.468750000000000264e-02
7.899999999999999037e-03,1.562500000000000347e-02
7.936000000000000346e-03,1.656250000000000430e-02
7.971999999999999920e-03,1.781250000000000194e-02
8.007999999999999494e-03,1.812500000000000222e-02
8.043999999999999068e-03,1.875000000000000278e-02
8.080000000000000376e-03,1.937500000000000333e-02
8.115999999999999950e-03,1.906250000000000305e-02
8.151999999999999524e-03,1.906250000000000305e-02
8.187999999999999098e-03,1.875000000000000278e-02
8.224000000000000407e-03,1.812500000000000222e-02
8.259999999999999981e-03,1.750000000000000167e-02
8.295999999999999555e-03,1.656250000000000430e-02
8.331999999999999129e-03,1.500000000000000291e-02
8.368000000000000438e-03,1.437500000000000236e-02
8.404000000000000012e-03,1.343750000000000153e-02
8.439999999999999586e-03,1.187500000000000361e-02
8.475999999999999160e-03,1.093750000000000278e-02
8.512000000000000469e-03,9.375000000000001388e-03
8.548000000000000043e-03,9.062500000000001110e-03
8.583999999999999617e-03,8.125000000000003747e-03
8.619999999999999191e-03,7.187500000000002914e-03
8.656000000000000499e-03,6.875000000000002637e-03
8.692000000000000073e-03,6.562500000000002359e-03
8.727999999999999647e-03,5.937500000000001804e-03
8.763999999999999221e-03,5.937500000000001804e-03
8.800000000000000530e-03,5.937500000000001804e-03
8.836000000000000104e-03,5.937500000000001804e-03
8.871999999999999678e-03,5.937500000000001804e-03
8.907999999999999252e-03,6.875000000000002637e-03
8.944000000000000561e-03,7.500000000000003192e-03
8.980000000000000135e-03,8.437500000000004025e-03
9.015999999999999709e-03,1.000000000000000194e-02
9.051999999999999283e-03,1.062500000000000250e-02
9.087999999999998857e-03,1.218750000000000389e-02
9.124000000000000166e-03,1.437500000000000236e-02
9.159999999999999740e-03,1.500000000000000291e-02
9.195999999999999314e-03,1.812500000000000222e-02
9.231999999999998888e-03,1.968750000000000361e-02
9.268000000000000196e-03,2.062500000000000444e-02
9.303999999999999770e-03,2.218750000000000236e-02
9.339999999999999344e-03,2.406250000000000056e-02
9.375999999999998918e-03,2.531250000000000167e-02
9.412000000000000227e-03,2.625000000000000250e-02
9.447999999999999801e-03,2.656250000000000278e-02
9.483999999999999375e-03,2.750000000000000361e-02
9.519999999999998949e-03,2.812500000000000416e-02
9.556000000000000258e-03,2.781250000000000389e-02
9.591999999999999832e-03,2.781250000000000389e-02
9.627999999999999406e-03,2.750000000000000361e-02
9.663999999999998980e-03,2.718750000000000333e-02
9.700000000000000289e-03,2.656250000000000278e-02
9.735999999999999863e-03,2.625000000000000250e-02
9.771999999999999437e-03,2.468750000000000111e-02
9.807999999999999011e-03,2.375000000000000375e-02
9.844000000000000319e-03,2.343750000000000347e-02
9.879999999999999893e-03,2.218750000000000236e-02
9.915999999999999467e-03,2.062500000000000444e-02
9.951999999999999041e-03,1.968750000000000361e-02
9.988000000000000350e-03,1.937500000000000333e-02
1.002399999999999992e-02,1.843750000000000250e-02
1.005999999999999950e-02,1.718750000000000139e-02
1.009599999999999907e-02,1.687500000000000458e-02
1.013200000000000038e-02,1.593750000000000375e-02
1.016799999999999995e-02,1.593750000000000375e-02
1.020399999999999953e-02,1.562500000000000347e-02
1.023999999999999910e-02,1.593750000000000375e-02
1.027600000000000041e-02,1.625000000000000402e-02
1.031199999999999999e-02,1.687500000000000458e-02
1.034799999999999956e-02,1.718750000000000139e-02
1.038399999999999913e-02,1.843750000000000250e-02
1.042000000000000044e-02,2.000000000000000389e-02
1.045600000000000002e-02,2.156250000000000527e-02
1.049199999999999959e-02,2.281250000000000291e-02
1.052799999999999916e-02,2.468750000000000111e-02
1.056400000000000047e-02,2.718750000000000333e-02
1.060000000000000005e-02,2.906250000000000500e-02
1.063599999999999962e-02,3.000000000000000236e-02
1.067199999999999920e-02,3.218750000000000083e-02
1.070800000000000050e-02,3.375000000000000222e-02
1.074400000000000008e-02,3.500000000000000333e-02
1.077999999999999965e-02,3.593750000000000416e-02
1.081599999999999923e-02,3.687500000000000500e-02
1.085200000000000053e-02,3.781250000000000583e-02
1.088800000000000011e-02,3.812500000000000611e-02
1.092399999999999968e-02,3.843750000000000638e-02
1.095999999999999926e-02,3.906250000000000000e-02
1.099600000000000057e-02,3.843750000000000638e-02
1.103200000000000014e-02,3.812500000000000611e-02
1.106799999999999971e-02,3.718750000000000527e-02
1.110399999999999929e-02,3.718750000000000527e-02
1.114000000000000060e-02,3.593750000000000416e-02
1.117600000000000017e-02,3.531250000000000361e-02
1.121199999999999974e-02,3.437500000000000278e-02
1.124799999999999932e-02,3.281250000000000139e-02
1.128400000000000063e-02,3.187500000000000056e-02
1.132000000000000020e-02,3.093750000000000319e-02
1.135599999999999977e-02,3.000000000000000236e-02
1.139199999999999935e-02,2.875000000000000472e-02
1.142799999999999892e-02,2.750000000000000361e-02
1.146400000000000023e-02,2.687500000000000305e-02
1.149999999999999981e-02,2.593750000000000222e-02
1.153599999999999938e-02,2.562500000000000194e-02
1.157199999999999895e-02,2.531250000000000167e-02
1.160800000000000026e-02,2.562500000000000194e-02
1.164399999999999984e-02,2.562500000000000194e-02
1.167999999999999941e-02,2.593750000000000222e-02
1.171599999999999898e-02,2.687500000000000305e-02
1.175200000000000029e-02,2.750000000000000361e-02
1.178799999999999987e-02,2.843750000000000444e-02
1.182399999999999944e-02,3.000000000000000236e-02
1.185999999999999902e-02,3.093750000000000319e-02
1.189600000000000032e-02,3.218750000000000083e-02
1.193199999999999990e-02,3.343750000000000194e-02
1.196799999999999947e-02,3.500000000000000333e-02
1.200399999999999905e-02,3.656250000000000472e-02
1.204000000000000035e-02,3.843750000000000638e-02
1.207599999999999993e-02,3.906250000000000000e-02
1.211199999999999950e-02,4.062500000000000139e-02
1.214799999999999908e-02,4.093750000000000167e-02
1.218400000000000039e-02,4.218750000000000278e-02
1.221999999999999996e-02,4.312500000000000361e-02
1.225599999999999953e-02,4.312500000000000361e-02
1.229199999999999911e-02,4.312500000000000361e-02
1.232800000000000042e-02,4.375000000000000416e-02
1.236399999999999999e-02,4.375000000000000416e-02
1.239999999999999956e-02,4.375000000000000416e-02
1.243599999999999914e-02,4.343750000000000389e-02
1.247200000000000045e-02,4.312500000000000361e-02
1.250800000000000002e-02,4.281250000000000333e-02
1.254399999999999959e-02,4.250000000000000305e-02
1.257999999999999917e-02,4.187500000000000250e-02
1.261600000000000048e-02,4.093750000000000167e-02
1.265200000000000005e-02,4.000000000000000083e-02
1.268799999999999963e-02,3.906250000000000000e-02
1.272399999999999920e-02,3.781250000000000583e-02
1.276000000000000051e-02,3.687500000000000500e-02
1.279600000000000008e-02,3.625000000000000444e-02
1.283199999999999966e-02,3.500000000000000333e-02
1.286799999999999923e-02,3.437500000000000278e-02
1.290400000000000054e-02,3.375000000000000222e-02
1.294000000000000011e-02,3.281250000000000139e-02
1.297599999999999969e-02,3.281250000000000139e-02
1.301199999999999926e-02,3.281250000000000139e-02
1.304800000000000057e-02,3.250000000000000111e-02
1.308400000000000014e-02,3.312500000000000167e-02
1.311999999999999972e-02,3.343750000000000194e-02
1.315599999999999929e-02,3.406250000000000250e-02
1.319200000000000060e-02,3.468750000000000305e-02
1.322800000000000017e-02,3.625000000000000444e-02
1.326399999999999975e-02,3.718750000000000527e-02
1.329999999999999932e-02,3.781250000000000583e-02
1.333600000000000063e-02,3.937500000000000722e-02
1.337200000000000021e-02,4.062500000000000139e-02
1.340799999999999978e-02,4.125000000000000194e-02
1.344399999999999935e-02,4.218750000000000278e-02
1.348000000000000066e-02,4.343750000000000389e-02
1.351600000000000024e-02,4.406250000000000444e-02
1.355199999999999981e-02,4.468750000000000500e-02
1.358799999999999938e-02,4.500000000000000527e-02
1.362399999999999896e-02,4.531250000000000555e-02
1.366000000000000027e-02,4.562500000000000583e-02
1.369599999999999984e-02,4.531250000000000555e-02
1.373199999999999942e-02,4.562500000000000583e-02
1.376799999999999899e-02,4.562500000000000583e-02
1.380400000000000030e-02,4.562500000000000583e-02
1.383999999999999987e-02,4.562500000000000583e-02
1.387599999999999945e-02,4.562500000000000583e-02
1.391199999999999902e-02,4.562500000000000583e-02
1.394800000000000033e-02,4.562500000000000583e-02
1.398399999999999990e-02,4.531250000000000555e-02
1.401999999999999948e-02,4.500000000000000527e-02
1.405599999999999905e-02,4.437500000000000472e-02
1.409200000000000036e-02,4.375000000000000416e-02
1.412799999999999993e-02,4.343750000000000389e-02
1.416399999999999951e-02,4.250000000000000305e-02
1.419999999999999908e-02,4.250000000000000305e-02
1.423600000000000039e-02,4.218750000000000278e-02
1.427199999999999996e-02,4.187500000000000250e-02
1.430799999999999954e-02,4.093750000000000167e-02
1.434399999999999911e-02,4.062500000000000139e-02
1.438000000000000042e-02,4.031250000000000111e-02
1.441599999999999999e-02,4.031250000000000111e-02
1.445199999999999957e-02,4.031250000000000111e-02
1.448799999999999914e-02,4.031250000000000111e-02
1.452400000000000045e-02,4.062500000000000139e-02
1.456000000000000003e-02,4.062500000000000139e-02
1.459599999999999960e-02,4.125000000000000194e-02
1.463199999999999917e-02,4.125000000000000194e-02
1.466800000000000048e-02,4.218750000000000278e-02
1.470400000000000006e-02,4.250000000000000305e-02
1.473999999999999963e-02,4.343750000000000389e-02
1.477599999999999920e-02,4.375000000000000416e-02
1.481200000000000051e-02,4.437500000000000472e-02
1.484800000000000009e-02,4.437500000000000472e-02
1.488399999999999966e-02,4.468750000000000500e-02
1.491999999999999924e-02,4.500000000000000527e-02
1.495600000000000054e-02,4.531250000000000555e-02
1.499200000000000012e-02,4.500000000000000527e-02
1.502799999999999969e-02,4.500000000000000527e-02
1.506399999999999927e-02,4.531250000000000555e-02
1.510000000000000057e-02,4.500000000000000527e-02
1.513600000000000015e-02,4.437500000000000472e-02
1.517199999999999972e-02,4.437500000000000472e-02
1.520799999999999930e-02,4.437500000000000472e-02
1.524400000000000061e-02,4.437500000000000472e-02
1.528000000000000018e-02,4.468750000000000500e-02
1.531599999999999975e-02,4.468750000000000500e-02
1.535199999999999933e-02,4.437500000000000472e-02
1.538800000000000064e-02,4.468750000000000500e-02
1.542400000000000021e-02,4.468750000000000500e-02
1.545999999999999978e-02,4.531250000000000555e-02
1.549600000000000109e-02,4.500000000000000527e-02
1.553199999999999893e-02,4.500000000000000527e-02
1.556800000000000024e-02,4.468750000000000500e-02
1.560400000000000155e-02,4.468750000000000500e-02
1.564000000000000112e-02,4.437500000000000472e-02
1.567600000000000243e-02,4.406250000000000444e-02
1.571200000000000027e-02,4.406250000000000444e-02
1.574800000000000158e-02,4.375000000000000416e-02
1.578400000000000289e-02,4.343750000000000389e-02
1.582000000000000073e-02,4.375000000000000416e-02
1.585600000000000204e-02,4.312500000000000361e-02
1.589200000000000335e-02,4.312500000000000361e-02
1.592800000000000119e-02,4.375000000000000416e-02
1.596400000000000249e-02,4.312500000000000361e-02
1.600000000000000033e-02,4.375000000000000416e-02
1.603600000000000164e-02,4.375000000000000416e-02
1.607200000000000295e-02,4.406250000000000444e-02
1.610800000000000079e-02,4.437500000000000472e-02
1.614400000000000210e-02,4.468750000000000500e-02
1.617999999999999994e-02,4.468750000000000500e-02
1.621600000000000125e-02,4.500000000000000527e-02
1.625200000000000256e-02,4.468750000000000500e-02
1.628800000000000039e-02,4.500000000000000527e-02
1.632400000000000170e-02,4.468750000000000500e-02
1.636000000000000301e-02,4.406250000000000444e-02
1.639600000000000085e-02,4.375000000000000416e-02
1.643200000000000216e-02,4.312500000000000361e-02
1.646800000000000000e-02,4.281250000000000333e-02
1.650400000000000131e-02,4.218750000000000278e-02
1.654000000000000262e-02,4.156250000000000222e-02
1.657600000000000046e-02,4.125000000000000194e-02
1.661200000000000176e-02,4.125000000000000194e-02
1.664800000000000307e-02,4.093750000000000167e-02
1.668400000000000091e-02,4.093750000000000167e-02
1.672000000000000222e-02,4.093750000000000167e-02
1.675600000000000006e-02,4.156250000000000222e-02
1.679200000000000137e-02,4.156250000000000222e-02
1.682800000000000268e-02,4.218750000000000278e-02
1.686400000000000052e-02,4.281250000000000333e-02
1.690000000000000183e-02,4.312500000000000361e-02
1.693600000000000314e-02,4.343750000000000389e-02
1.697200000000000097e-02,4.406250000000000444e-02
1.700800000000000228e-02,4.406250000000000444e-02
1.704400000000000012e-02,4.437500000000000472e-02
1.708000000000000143e-02,4.437500000000000472e-02
1.711600000000000274e-02,4.468750000000000500e-02
1.715200000000000058e-02,4.500000000000000527e-02
1.718800000000000189e-02,4.531250000000000555e-02
1.722400000000000320e-02,4.531250000000000555e-02
1.726000000000000104e-02,4.500000000000000527e-02
1.729600000000000234e-02,4.531250000000000555e-02
1.733200000000000018e-02,4.500000000000000527e-02
1.736800000000000149e-02,4.500000000000000527e-02
1.740400000000000280e-02,4.500000000000000527e-02
1.744000000000000064e-02,4.531250000000000555e-02
1.747600000000000195e-02,4.531250000000000555e-02
1.751200000000000326e-02,4.531250000000000555e-02
1.754800000000000110e-02,4.531250000000000555e-02
1.758400000000000241e-02,4.531250000000000555e-02
1.762000000000000025e-02,4.500000000000000527e-02
1.765600000000000155e-02,4.500000000000000527e-02
1.769200000000000286e-02,4.437500000000000472e-02
1.772800000000000070e-02,4.437500000000000472e-02
1.776400000000000201e-02,4.375000000000000416e-02
1.780000000000000332e-02,4.343750000000000389e-02
1.783600000000000116e-02,4.218750000000000278e-02
1.787200000000000247e-02,4.156250000000000222e-02
1.790800000000000031e-02,4.156250000000000222e-02
1.794400000000000162e-02,4.062500000000000139e-02
1.798000000000000292e-02,3.968750000000000056e-02
1.801600000000000076e-02,3.906250000000000000e-02
1.805200000000000207e-02,3.875000000000000666e-02
1.808800000000000338e-02,3.875000000000000666e-02
1.812400000000000122e-02,3.843750000000000638e-02
1.816000000000000253e-02,3.875000000000000666e-02
1.819600000000000037e-02,3.875000000000000666e-02
1.823200000000000168e-02,3.906250000000000000e-02
1.826800000000000299e-02,3.968750000000000056e-02
1.830400000000000083e-02,3.968750000000000056e-02
1.834000000000000213e-02,4.062500000000000139e-02
1.837599999999999997e-02,4.125000000000000194e-02
1.841200000000000128e-02,4.187500000000000250e-02
1.844800000000000259e-02,4.250000000000000305e-02
1.848400000000000043e-02,4.281250000000000333e-02
1.852000000000000174e-02,4.343750000000000389e-02
1.855600000000000305e-02,4.375000000000000416e-02
1.859200000000000089e-02,4.406250000000000444e-02
1.862800000000000220e-02,4.468750000000000500e-02
1.866400000000000003e-02,4.500000000000000527e-02
1.870000000000000134e-02,4.531250000000000555e-02
1.873600000000000265e-02,4.531250000000000555e-02
1.877200000000000049e-02,4.500000000000000527e-02
1.880800000000000180e-02,4.500000000000000527e-02
1.884400000000000311e-02,4.531250000000000555e-02
1.888000000000000095e-02,4.531250000000000555e-02
1.891600000000000226e-02,4.500000000000000527e-02
1.895200000000000010e-02,4.468750000000000500e-02
1.898800000000000140e-02,4.437500000000000472e-02
1.902400000000000271e-02,4.437500000000000472e-02
1.906000000000000055e-02,4.406250000000000444e-02
1.909600000000000186e-02,4.343750000000000389e-02
1.913200000000000317e-02,4.250000000000000305e-02
1.916800000000000101e-02,4.250000000000000305e-02
1.920400000000000232e-02,4.187500000000000250e-02
1.924000000000000016e-02,4.093750000000000167e-02
1.927600000000000147e-02,4.031250000000000111e-02
1.931200000000000278e-02,3.968750000000000056e-02
1.934800000000000061e-02,3.906250000000000000e-02
1.938400000000000192e-02,3.843750000000000638e-02
1.942000000000000323e-02,3.781250000000000583e-02
1.945600000000000107e-02,3.718750000000000527e-02
1.949200000000000238e-02,3.656250000000000472e-02
1.952800000000000022e-02,3.656250000000000472e-02
1.956400000000000153e-02,3.625000000000000444e-02
1.960000000000000284e-02,3.625000000000000444e-02
1.963600000000000068e-02,3.625000000000000444e-02
1.967200000000000198e-02,3.656250000000000472e-02
1.970800000000000329e-02,3.718750000000000527e-02
1.974400000000000113e-02,3.718750000000000527e-02
1.978000000000000244e-02,3.781250000000000583e-02
1.981600000000000028e-02,3.843750000000000638e-02
1.985200000000000159e-02,3.937500000000000722e-02
1.988800000000000290e-02,3.906250000000000000e-02
1.992400000000000074e-02,4.031250000000000111e-02
1.996000000000000205e-02,4.125000000000000194e-02
1.999600000000000335e-02,4.187500000000000250e-02
2.003200000000000119e-02,4.218750000000000278e-02
2.006800000000000250e-02,4.281250000000000333e-02
2.010400000000000034e-02,4.281250000000000333e-02
2.014000000000000165e-02,4.343750000000000389e-02
2.017600000000000296e-02,4.312500000000000361e-02
2.021200000000000080e-02,4.375000000000000416e-02
2.024800000000000211e-02,4.343750000000000389e-02
2.028400000000000342e-02,4.343750000000000389e-02
2.032000000000000126e-02,4.375000000000000416e-02
2.035600000000000256e-02,4.312500000000000361e-02
2.039200000000000040e-02,4.312500000000000361e-02
2.042800000000000171e-02,4.281250000000000333e-02
2.046400000000000302e-02,4.250000000000000305e-02
2.050000000000000086e-02,4.187500000000000250e-02
2.053600000000000217e-02,4.125000000000000194e-02
2.057200000000000001e-02,4.093750000000000167e-02
2.060800000000000132e-02,4.000000000000000083e-02
2.064400000000000263e-02,3.937500000000000722e-02
2.068000000000000047e-02,3.906250000000000000e-02
2.071600000000000177e-02,3.812500000000000611e-02
2.075200000000000308e-02,3.750000000000000555e-02
2.078800000000000092e-02,3.718750000000000527e-02
2.082400000000000223e-02,3.687500000000000500e-02
2.086000000000000007e-02,3.593750000000000416e-02
2.089600000000000138e-02,3.562500000000000389e-02
2.093200000000000269e-02,3.562500000000000389e-02
2.096800000000000053e-02,3.593750000000000416e-02
2.100400000000000184e-02,3.593750000000000416e-02
2.104000000000000314e-02,3.625000000000000444e-02
2.107600000000000098e-02,3.718750000000000527e-02
2.111200000000000229e-02,3.718750000000000527e-02
2.114800000000000013e-02,3.812500000000000611e-02
2.118400000000000144e-02,3.843750000000000638e-02
2.122000000000000275e-02,3.937500000000000722e-02
2.125600000000000059e-02,4.000000000000000083e-02
2.129200000000000190e-02,4.093750000000000167e-02
2.132800000000000321e-02,4.093750000000000167e-02
2.136400000000000104e-02,4.156250000000000222e-02
2.140000000000000235e-02,4.218750000000000278e-02
2.143600000000000019e-02,4.250000000000000305e-02
2.147200000000000150e-02,4.281250000000000333e-02
2.150800000000000281e-02,4.312500000000000361e-02
2.154400000000000065e-02,4.312500000000000361e-02
2.158000000000000196e-02,4.312500000000000361e-02
2.161600000000000327e-02,4.343750000000000389e-02
2.165200000000000111e-02,4.312500000000000361e-02
2.168800000000000242e-02,4.281250000000000333e-02
2.172400000000000025e-02,4.250000000000000305e-02
2.176000000000000156e-02,4.218750000000000278e-02
2.179600000000000287e-02,4.187500000000000250e-02
2.183200000000000071e-02,4.093750000000000167e-02
2.186800000000000202e-02,4.062500000000000139e-02
2.190400000000000333e-02,3.937500000000000722e-02
2.194000000000000117e-02,3.875000000000000666e-02
2.197600000000000248e-02,3.812500000000000611e-02
2.201200000000000032e-02,3.718750000000000527e-02
2.204800000000000162e-02,3.656250000000000472e-02
2.208400000000000293e-02,3.562500000000000389e-02
2.212000000000000077e-02,3.437500000000000278e-02
2.215600000000000208e-02,3.406250000000000250e-02
2.219200000000000339e-02,3.281250000000000139e-02
2.222800000000000123e-02,3.281250000000000139e-02
2.226400000000000254e-02,3.187500000000000056e-02
2.230000000000000038e-02,3.125000000000000000e-02
2.233600000000000169e-02,3.125000000000000000e-02
2.237200000000000299e-02,3.125000000000000000e-02
2.240800000000000083e-02,3.125000000000000000e-02
2.244400000000000214e-02,3.156250000000000028e-02
2.248000000000000345e-02,3.187500000000000056e-02
2.251600000000000129e-02,3.250000000000000111e-02
2.255200000000000260e-02,3.312500000000000167e-02
2.258800000000000044e-02,3.375000000000000222e-02
2.262400000000000175e-02,3.468750000000000305e-02
2.266000000000000306e-02,3.531250000000000361e-02
2.269600000000000090e-02,3.593750000000000416e-02
2.273200000000000220e-02,3.718750000000000527e-02
2.276800000000000351e-02,3.781250000000000583e-02
2.280400000000000135e-02,3.843750000000000638e-02
2.284000000000000266e-02,3.906250000000000000e-02
2.287600000000000050e-02,3.937500000000000722e-02
2.291200000000000181e-02,3.968750000000000056e-02
2.294800000000000312e-02,4.000000000000000083e-02
2.298400000000000096e-02,4.031250000000000111e-02
2.302000000000000227e-02,4.000000000000000083e-02
2.305600000000000011e-02,3.968750000000000056e-02
2.309200000000000141e-02,3.937500000000000722e-02
2.312800000000000272e-02,3.906250000000000000e-02
2.316400000000000056e-02,3.875000000000000666e-02
2.320000000000000187e-02,3.781250000000000583e-02
2.323600000000000318e-02,3.750000000000000555e-02
2.327200000000000102e-02,3.625000000000000444e-02
2.330800000000000233e-02,3.500000000000000333e-02
2.334400000000000017e-02,3.437500000000000278e-02
2.338000000000000148e-02,3.312500000000000167e-02
2.341600000000000278e-02,3.218750000000000083e-02
2.345200000000000062e-02,3.125000000000000000e-02
2.348800000000000193e-02,2.937500000000000527e-02
2.352400000000000324e-02,2.875000000000000472e-02
2.356000000000000108e-02,2.781250000000000389e-02
2.359600000000000239e-02,2.687500000000000305e-02
2.363200000000000023e-02,2.625000000000000250e-02
2.366800000000000154e-02,2.531250000000000167e-02
2.370400000000000285e-02,2.562500000000000194e-02
2.374000000000000069e-02,2.531250000000000167e-02
2.377600000000000199e-02,2.468750000000000111e-02
2.381200000000000330e-02,2.531250000000000167e-02
2.384800000000000114e-02,2.562500000000000194e-02
2.388400000000000245e-02,2.656250000000000278e-02
2.392000000000000029e-02,2.687500000000000305e-02
2.395600000000000160e-02,2.781250000000000389e-02
2.399200000000000291e-02,2.906250000000000500e-02
2.402800000000000075e-02,3.000000000000000236e-02
2.406400000000000206e-02,3.156250000000000028e-02
2.410000000000000336e-02,3.218750000000000083e-02
2.413600000000000120e-02,3.343750000000000194e-02
2.417200000000000251e-02,3.437500000000000278e-02
2.420800000000000035e-02,3.531250000000000361e-02
2.424400000000000166e-02,3.562500000000000389e-02
2.428000000000000297e-02,3.656250000000000472e-02
2.431600000000000081e-02,3.718750000000000527e-02
2.435200000000000212e-02,3.750000000000000555e-02
2.438800000000000343e-02,3.750000000000000555e-02
2.442400000000000126e-02,3.812500000000000611e-02
2.446000000000000257e-02,3.750000000000000555e-02
2.449600000000000041e-02,3.687500000000000500e-02
2.453200000000000172e-02,3.687500000000000500e-02
2.456800000000000303e-02,3.656250000000000472e-02
2.460400000000000087e-02,3.625000000000000444e-02
2.464000000000000218e-02,3.531250000000000361e-02
2.467600000000000349e-02,3.468750000000000305e-02
2.471200000000000133e-02,3.281250000000000139e-02
2.474800000000000264e-02,3.187500000000000056e-02
2.478400000000000047e-02,2.968750000000000208e-02
2.482000000000000178e-02,2.843750000000000444e-02
2.485600000000000309e-02,2.656250000000000278e-02
2.489200000000000093e-02,2.500000000000000139e-02
2.492800000000000224e-02,2.406250000000000056e-02
2.496400000000000355e-02,2.312500000000000319e-02
2.500000000000000139e-02,2.187500000000000555e-02
2.503600000000000270e-02,2.062500000000000444e-02
2.507200000000000054e-02,1.968750000000000361e-02
2.510800000000000184e-02,1.906250000000000305e-02
2.514400000000000315e-02,1.812500000000000222e-02
2.518000000000000099e-02,1.812500000000000222e-02
2.521600000000000230e-02,1.750000000000000167e-02
2.525200000000000014e-02,1.812500000000000222e-02
2.528800000000000145e-02,1.812500000000000222e-02
2.532400000000000276e-02,1.875000000000000278e-02
2.536000000000000060e-02,1.906250000000000305e-02
2.539600000000000191e-02,2.000000000000000389e-02
2.543200000000000321e-02,2.093750000000000472e-02
2.546800000000000105e-02,2.156250000000000527e-02
2.550400000000000236e-02,2.281250000000000291e-02
2.554000000000000020e-02,2.375000000000000375e-02
2.557600000000000151e-02,2.500000000000000139e-02
2.561200000000000282e-02,2.593750000000000222e-02
2.564800000000000066e-02,2.718750000000000333e-02
2.568400000000000197e-02,2.781250000000000389e-02
2.572000000000000328e-02,2.875000000000000472e-02
2.575600000000000112e-02,2.906250000000000500e-02
2.579200000000000242e-02,2.937500000000000527e-02
2.582800000000000026e-02,2.968750000000000208e-02
2.586400000000000157e-02,2.968750000000000208e-02
2.590000000000000288e-02,3.000000000000000236e-02
2.593600000000000072e-02,2.968750000000000208e-02
2.597200000000000203e-02,2.906250000000000500e-02
2.600800000000000334e-02,2.843750000000000444e-02
2.604400000000000118e-02,2.781250000000000389e-02
2.608000000000000249e-02,2.687500000000000305e-02
2.611600000000000033e-02,2.562500000000000194e-02
2.615200000000000163e-02,2.531250000000000167e-02
2.618800000000000294e-02,2.343750000000000347e-02
2.622400000000000078e-02,2.187500000000000555e-02
2.626000000000000209e-02,2.093750000000000472e-02
2.629600000000000340e-02,1.906250000000000305e-02
2.633200000000000124e-02,1.781250000000000194e-02
2.636800000000000255e-02,1.625000000000000402e-02
2.640400000000000039e-02,1.531250000000000319e-02
2.644000000000000170e-02,1.343750000000000153e-02
2.647600000000000300e-02,1.281250000000000444e-02
2.651200000000000084e-02,1.218750000000000389e-02
2.654800000000000215e-02,1.125000000000000305e-02
2.658400000000000346e-02,1.093750000000000278e-02
2.662000000000000130e-02,1.062500000000000250e-02
2.665600000000000261e-02,1.031250000000000222e-02
2.669200000000000045e-02,1.031250000000000222e-02
2.672800000000000176e-02,1.062500000000000250e-02
2.676400000000000307e-02,1.093750000000000278e-02
2.680000000000000090e-02,1.125000000000000305e-02
2.683600000000000221e-02,1.187500000000000361e-02
2.687200000000000352e-02,1.312500000000000125e-02
2.690800000000000136e-02,1.406250000000000208e-02
2.694400000000000267e-02,1.562500000000000347e-02
2.698000000000000051e-02,1.625000000000000402e-02
2.701600000000000182e-02,1.687500000000000458e-02
2.705200000000000313e-02,1.843750000000000250e-02
2.708800000000000097e-02,1.875000000000000278e-02
2.712400000000000228e-02,2.000000000000000389e-02
2.716000000000000358e-02,2.062500000000000444e-02
2.719600000000000142e-02,2.093750000000000472e-02
2.723200000000000273e-02,2.125000000000000500e-02
2.726800000000000057e-02,2.125000000000000500e-02
2.730400000000000188e-02,2.156250000000000527e-02
2.734000000000000319e-02,2.093750000000000472e-02
2.737600000000000103e-02,2.093750000000000472e-02
2.741200000000000234e-02,2.031250000000000416e-02
2.744800000000000018e-02,1.937500000000000333e-02
2.748400000000000148e-02,1.843750000000000250e-02
2.752000000000000279e-02,1.750000000000000167e-02
2.755600000000000063e-02,1.687500000000000458e-02
2.759200000000000194e-02,1.562500000000000347e-02
2.762800000000000325e-02,1.468750000000000264e-02
2.766400000000000109e-02,1.375000000000000180e-02
2.770000000000000240e-02,1.187500000000000361e-02
2.773600000000000024e-02,1.125000000000000305e-02
2.777200000000000155e-02,1.031250000000000222e-02
2.780800000000000285e-02,9.062500000000001110e-03
2.784400000000000069e-02,8.750000000000004302e-03
2.788000000000000200e-02,8.125000000000003747e-03
2.791600000000000331e-02,7.500000000000003192e-03
2.795200000000000115e-02,7.187500000000002914e-03
2.798800000000000246e-02,7.187500000000002914e-03
2.802400000000000030e-02,6.875000000000002637e-03
2.806000000000000161e-02,7.187500000000002914e-03
2.809600000000000292e-02,7.187500000000002914e-03
2.813200000000000076e-02,7.187500000000002914e-03
2.816800000000000206e-02,7.812500000000003469e-03
2.820400000000000337e-02,8.125000000000003747e-03
2.824000000000000121e-02,8.750000000000004302e-03
2.827600000000000252e-02,9.375000000000001388e-03
2.831200000000000036e-02,1.062500000000000250e-02
2.834800000000000167e-02,1.187500000000000361e-02
2.838400000000000298e-02,1.312500000000000125e-02
2.842000000000000082e-02,1.375000000000000180e-02
2.845600000000000213e-02,1.406250000000000208e-02
2.849200000000000343e-02,1.562500000000000347e-02
2.852800000000000127e-02,1.593750000000000375e-02
2.856400000000000258e-02,1.687500000000000458e-02
2.860000000000000042e-02,1.718750000000000139e-02
2.863600000000000173e-02,1.718750000000000139e-02
2.867200000000000304e-02,1.750000000000000167e-02
2.870800000000000088e-02,1.750000000000000167e-02
2.874400000000000219e-02,1.718750000000000139e-02
2.878000000000000350e-02,1.656250000000000430e-02
2.881600000000000134e-02,1.593750000000000375e-02
2.885200000000000264e-02,1.531250000000000319e-02
2.888800000000000048e-02,1.406250000000000208e-02
2.892400000000000179e-02,1.281250000000000444e-02
2.896000000000000310e-02,1.187500000000000361e-02
2.899600000000000094e-02,1.093750000000000278e-02
2.903200000000000225e-02,9.062500000000001110e-03
2.906800000000000356e-02,7.812500000000003469e-03
2.910400000000000140e-02,6.875000000000002637e-03
2.914000000000000271e-02,5.937500000000001804e-03
2.917600000000000054e-02,5.312500000000001249e-03
2.921200000000000185e-02,4.687500000000004163e-03
2.924800000000000316e-02,3.750000000000003331e-03
2.928400000000000100e-02,3.125000000000002776e-03
2.932000000000000231e-02,3.437500000000003053e-03
2.935600000000000362e-02,2.812500000000002498e-03
2.939200000000000146e-02,2.500000000000002220e-03
2.942800000000000277e-02,2.500000000000002220e-03
2.946400000000000061e-02,2.187500000000001943e-03
2.950000000000000192e-02,2.500000000000002220e-03
2.953600000000000322e-02,2.187500000000001943e-03
2.957200000000000106e-02,2.187500000000001943e-03
2.960800000000000237e-02,2.500000000000002220e-03
2.964400000000000368e-02,2.187500000000001943e-03
2.968000000000000152e-02,2.812500000000002498e-03
2.971600000000000283e-02,3.437500000000003053e-03
2.975200000000000067e-02,3.750000000000003331e-03
2.978800000000000198e-02,4.062500000000003608e-03
2.982400000000000329e-02,4.687500000000004163e-03
2.986000000000000112e-02,5.312500000000001249e-03
2.989600000000000243e-02,6.250000000000002082e-03
2.993200000000000027e-02,6.875000000000002637e-03
2.996800000000000158e-02,8.125000000000003747e-03
3.000400000000000289e-02,8.750000000000004302e-03
3.004000000000000073e-02,8.750000000000004302e-03
3.007600000000000204e-02,9.375000000000001388e-03
3.011200000000000335e-02,9.687500000000001665e-03
3.014800000000000119e-02,9.687500000000001665e-03
3.018400000000000249e-02,9.687500000000001665e-03
3.022000000000000033e-02,9.375000000000001388e-03
3.025600000000000164e-02,8.750000000000004302e-03
3.029200000000000295e-02,8.125000000000003747e-03
3.032800000000000079e-02,7.500000000000003192e-03
3.036400000000000210e-02,6.875000000000002637e-03
3.040000000000000341e-02,5.937500000000001804e-03
3.043600000000000125e-02,5.000000000000004441e-03
3.047200000000000256e-02,4.375000000000003886e-03
3.050800000000000040e-02,3.750000000000003331e-03
3.054400000000000170e-02,3.437500000000003053e-03
3.058000000000000301e-02,3.125000000000002776e-03
3.061600000000000085e-02,3.125000000000002776e-03
3.065200000000000216e-02,3.125000000000002776e-03
3.068800000000000347e-02,3.125000000000002776e-03
3.072400000000000131e-02,3.437500000000003053e-03
3.076000000000000262e-02,3.437500000000003053e-03
3.079600000000000046e-02,3.750000000000003331e-03
3.083200000000000177e-02,4.375000000000003886e-03
3.086800000000000307e-02,3.750000000000003331e-03
3.090400000000000091e-02,3.750000000000003331e-03
3.094000000000000222e-02,3.437500000000003053e-03
3.097600000000000353e-02,3.125000000000002776e-03
3.101200000000000137e-02,3.437500000000003053e-03
3.104800000000000268e-02,3.125000000000002776e-03
3.108400000000000052e-02,2.812500000000002498e-03
3.112000000000000183e-02,2.500000000000002220e-03
3.115600000000000314e-02,2.500000000000002220e-03
3.119200000000000444e-02,2.812500000000002498e-03
3.122799999999999881e-02,2.500000000000002220e-03
3.126400000000000012e-02,3.437500000000003053e-03
3.130000000000000143e-02,3.437500000000003053e-03
3.133600000000000274e-02,4.375000000000003886e-03
3.137200000000000405e-02,5.000000000000004441e-03
3.140800000000000536e-02,5.625000000000001527e-03
3.144399999999999973e-02,6.250000000000002082e-03
3.148000000000000104e-02,6.875000000000002637e-03
3.151600000000000235e-02,7.187500000000002914e-03
3.155200000000000365e-02,7.812500000000003469e-03
3.158800000000000496e-02,7.812500000000003469e-03
3.162399999999999933e-02,7.812500000000003469e-03
3.166000000000000064e-02,7.812500000000003469e-03
3.169600000000000195e-02,7.187500000000002914e-03
3.173200000000000326e-02,6.875000000000002637e-03
3.176800000000000457e-02,6.562500000000002359e-03
3.180399999999999894e-02,5.937500000000001804e-03
3.184000000000000025e-02,5.000000000000004441e-03
3.187600000000000156e-02,4.375000000000003886e-03
3.191200000000000286e-02,3.750000000000003331e-03
3.194800000000000417e-02,3.437500000000003053e-03
3.198400000000000548e-02,2.812500000000002498e-03
3.201999999999999985e-02,2.812500000000002498e-03
3.205600000000000116e-02,3.125000000000002776e-03
3.209200000000000247e-02,3.125000000000002776e-03
3.212800000000000378e-02,3.437500000000003053e-03
3.216400000000000509e-02,4.062500000000003608e-03
3.219999999999999946e-02,4.375000000000003886e-03
3.223600000000000076e-02,5.000000000000004441e-03
3.227200000000000207e-02,5.312500000000001249e-03
3.230800000000000338e-02,5.937500000000001804e-03
3.234400000000000469e-02,5.625000000000001527e-03
3.237999999999999906e-02,5.937500000000001804e-03
3.241600000000000037e-02,6.250000000000002082e-03
3.245200000000000168e-02,5.625000000000001527e-03
3.248800000000000299e-02,5.312500000000001249e-03
3.252400000000000430e-02,5.312500000000001249e-03
3.255999999999999867e-02,4.687500000000004163e-03
3.259599999999999997e-02,4.062500000000003608e-03
3.263200000000000128e-02,3.750000000000003331e-03
3.266800000000000259e-02,3.437500000000003053e-03
3.270400000000000390e-02,2.812500000000002498e-03
3.274000000000000521e-02,2.812500000000002498e-03
3.277599999999999958e-02,2.500000000000002220e-03
3.281200000000000089e-02,2.187500000000001943e-03
3.284800000000000220e-02,2.500000000000002220e-03
3.288400000000000351e-02,2.187500000000001943e-03
3.292000000000000481e-02,2.187500000000001943e-03
3.295599999999999918e-02,2.187500000000001943e-03
3.299200000000000049e-02,2.187500000000001943e-03
3.302800000000000180e-02,2.500000000000002220e-03
3.306400000000000311e-02,2.187500000000001943e-03
3.310000000000000442e-02,1.875000000000001665e-03
3.313599999999999879e-02,2.187500000000001943e-03
3.317200000000000010e-02,2.187500000000001943e-03
3.320800000000000141e-02,1.875000000000001665e-03
3.324400000000000271e-02,1.875000000000001665e-03
3.328000000000000402e-02,2.187500000000001943e-03
3.331600000000000533e-02,2.500000000000002220e-03
3.335199999999999970e-02,3.125000000000002776e-03
3.338800000000000101e-02,3.437500000000003053e-03
3.342400000000000232e-02,4.687500000000004163e-03
3.346000000000000363e-02,5.312500000000001249e-03
3.349600000000000494e-02,6.875000000000002637e-03
3.353199999999999931e-02,7.812500000000003469e-03
3.356800000000000062e-02,9.062500000000001110e-03
3.360400000000000192e-02,1.093750000000000278e-02
3.364000000000000323e-02,1.187500000000000361e-02
3.367600000000000454e-02,1.250000000000000416e-02
3.371199999999999891e-02,1.343750000000000153e-02
3.374800000000000022e-02,1.406250000000000208e-02
3.378400000000000153e-02,1.468750000000000264e-02
3.382000000000000284e-02,1.437500000000000236e-02
3.385600000000000415e-02,1.468750000000000264e-02
3.389200000000000546e-02,1.406250000000000208e-02
3.392799999999999983e-02,1.312500000000000125e-02
3.396400000000000113e-02,1.312500000000000125e-02
3.400000000000000244e-02,1.218750000000000389e-02
3.403600000000000375e-02,1.031250000000000222e-02
3.407200000000000506e-02,9.375000000000001388e-03
3.410799999999999943e-02,9.062500000000001110e-03
3.414400000000000074e-02,7.812500000000003469e-03
3.418000000000000205e-02,6.875000000000002637e-03
3.421600000000000336e-02,5.625000000000001527e-03
3.425200000000000466e-02,5.625000000000001527e-03
3.428799999999999903e-02,4.687500000000004163e-03
3.432400000000000034e-02,4.062500000000003608e-03
3.436000000000000165e-02,3.437500000000003053e-03
3.439600000000000296e-02,3.125000000000002776e-03
3.443200000000000427e-02,3.125000000000002776e-03
3.446799999999999864e-02,3.125000000000002776e-03
3.450399999999999995e-02,2.500000000000002220e-03
3.454000000000000126e-02,2.500000000000002220e-03
3.457600000000000257e-02,2.812500000000002498e-03
3.461200000000000387e-02,2.812500000000002498e-03
3.464800000000000518e-02,2.812500000000002498e-03
3.468399999999999955e-02,3.125000000000002776e-03
3.472000000000000086e-02,3.437500000000003053e-03
3.475600000000000217e-02,4.062500000000003608e-03
3.479200000000000348e-02,5.000000000000004441e-03
3.482800000000000479e-02,6.562500000000002359e-03
3.486399999999999916e-02,7.187500000000002914e-03
3.490000000000000047e-02,9.062500000000001110e-03
3.493600000000000178e-02,1.031250000000000222e-02
3.497200000000000308e-02,1.312500000000000125e-02
3.500800000000000439e-02,1.406250000000000208e-02
3.504399999999999876e-02,1.625000000000000402e-02
3.508000000000000007e-02,1.718750000000000139e-02
3.511600000000000138e-02,1.906250000000000305e-02
3.515200000000000269e-02,2.031250000000000416e-02
3.518800000000000400e-02,2.093750000000000472e-02
3.522400000000000531e-02,2.125000000000000500e-02
3.525999999999999968e-02,2.125000000000000500e-02
3.529600000000000098e-02,2.125000000000000500e-02
3.533200000000000229e-02,2.062500000000000444e-02
3.536800000000000360e-02,2.031250000000000416e-02
3.540400000000000491e-02,1.906250000000000305e-02
3.543999999999999928e-02,1.843750000000000250e-02
3.547600000000000059e-02,1.687500000000000458e-02
3.551200000000000190e-02,1.531250000000000319e-02
3.554800000000000321e-02,1.406250000000000208e-02
3.558400000000000452e-02,1.281250000000000444e-02
3.561999999999999889e-02,1.218750000000000389e-02
3.565600000000000019e-02,1.062500000000000250e-02
3.569200000000000150e-02,1.000000000000000194e-02
3.572800000000000281e-02,8.750000000000004302e-03
3.576400000000000412e-02,8.750000000000004302e-03
3.580000000000000543e-02,7.187500000000002914e-03
3.583599999999999980e-02,7.187500000000002914e-03
3.587200000000000111e-02,6.562500000000002359e-03
3.590800000000000242e-02,6.250000000000002082e-03
3.594400000000000373e-02,6.250000000000002082e-03
3.598000000000000503e-02,6.562500000000002359e-03
3.601599999999999940e-02,6.250000000000002082e-03
3.605200000000000071e-02,6.875000000000002637e-03
3.608800000000000202e-02,7.187500000000002914e-03
3.612400000000000333e-02,8.125000000000003747e-03
3.616000000000000464e-02,8.750000000000004302e-03
3.619599999999999901e-02,1.000000000000000194e-02
3.623200000000000032e-02,1.156250000000000333e-02
3.626800000000000163e-02,1.343750000000000153e-02
3.630400000000000293e-02,1.500000000000000291e-02
3.634000000000000424e-02,1.718750000000000139e-02
3.637600000000000555e-02,1.843750000000000250e-02
3.641199999999999992e-02,2.000000000000000389e-02
3.644800000000000123e-02,2.218750000000000236e-02
3.648400000000000254e-02,2.437500000000000083e-02
3.652000000000000385e-02,2.531250000000000167e-02
3.655600000000000516e-02,2.625000000000000250e-02
3.659199999999999953e-02,2.750000000000000361e-02
3.662800000000000084e-02,2.812500000000000416e-02
3.666400000000000214e-02,2.875000000000000472e-02
3.670000000000000345e-02,2.875000000000000472e-02
3.673600000000000476e-02,2.875000000000000472e-02
3.677199999999999913e-02,2.843750000000000444e-02
3.680800000000000044e-02,2.781250000000000389e-02
3.684400000000000175e-02,2.687500000000000305e-02
3.688000000000000306e-02,2.656250000000000278e-02
3.691600000000000437e-02,2.562500000000000194e-02
3.695199999999999874e-02,2.437500000000000083e-02
3.698800000000000004e-02,2.312500000000000319e-02
3.702400000000000135e-02,2.187500000000000555e-02
3.706000000000000266e-02,2.062500000000000444e-02
3.709600000000000397e-02,1.968750000000000361e-02
3.713200000000000528e-02,1.843750000000000250e-02
3.716799999999999965e-02,1.750000000000000167e-02
3.720400000000000096e-02,1.687500000000000458e-02
3.724000000000000227e-02,1.562500000000000347e-02
3.727600000000000358e-02,1.500000000000000291e-02
3.731200000000000488e-02,1.500000000000000291e-02
3.734799999999999925e-02,1.406250000000000208e-02
3.738400000000000056e-02,1.375000000000000180e-02
3.742000000000000187e-02,1.406250000000000208e-02
3.745600000000000318e-02,1.406250000000000208e-02
3.749200000000000449e-02,1.437500000000000236e-02
3.752799999999999886e-02,1.531250000000000319e-02
3.756400000000000017e-02,1.562500000000000347e-02
3.760000000000000148e-02,1.656250000000000430e-02
3.763600000000000279e-02,1.843750000000000250e-02
3.767200000000000409e-02,1.875000000000000278e-02
3.770800000000000540e-02,2.093750000000000472e-02
3.774399999999999977e-02,2.250000000000000264e-02
3.778000000000000108e-02,2.343750000000000347e-02
3.781600000000000239e-02,2.531250000000000167e-02
3.785200000000000370e-02,2.593750000000000222e-02
3.788800000000000501e-02,2.812500000000000416e-02
3.792399999999999938e-02,2.906250000000000500e-02
3.796000000000000069e-02,3.000000000000000236e-02
3.799600000000000199e-02,3.062500000000000291e-02
3.803200000000000330e-02,3.187500000000000056e-02
3.806800000000000461e-02,3.250000000000000111e-02
3.810399999999999898e-02,3.281250000000000139e-02
3.814000000000000029e-02,3.312500000000000167e-02
3.817600000000000160e-02,3.281250000000000139e-02
3.821200000000000291e-02,3.281250000000000139e-02
3.824800000000000422e-02,3.218750000000000083e-02
3.828400000000000553e-02,3.187500000000000056e-02
3.831999999999999990e-02,3.156250000000000028e-02
3.835600000000000120e-02,3.031250000000000264e-02
3.839200000000000251e-02,2.968750000000000208e-02
3.842800000000000382e-02,2.843750000000000444e-02
3.846400000000000513e-02,2.781250000000000389e-02
3.849999999999999950e-02,2.625000000000000250e-02
3.853600000000000081e-02,2.531250000000000167e-02
3.857200000000000212e-02,2.437500000000000083e-02
3.860800000000000343e-02,2.343750000000000347e-02
3.864400000000000474e-02,2.281250000000000291e-02
3.867999999999999911e-02,2.156250000000000527e-02
3.871600000000000041e-02,2.125000000000000500e-02
3.875200000000000172e-02,2.093750000000000472e-02
3.878800000000000303e-02,2.093750000000000472e-02
3.882400000000000434e-02,2.062500000000000444e-02
3.886000000000000565e-02,2.093750000000000472e-02
3.889600000000000002e-02,2.156250000000000527e-02
3.893200000000000133e-02,2.218750000000000236e-02
3.896800000000000264e-02,2.312500000000000319e-02
3.900400000000000394e-02,2.406250000000000056e-02
3.904000000000000525e-02,2.500000000000000139e-02
3.907599999999999962e-02,2.656250000000000278e-02
3.911200000000000093e-02,2.781250000000000389e-02
3.914800000000000224e-02,2.968750000000000208e-02
3.918400000000000355e-02,3.093750000000000319e-02
3.922000000000000486e-02,3.156250000000000028e-02
3.925599999999999923e-02,3.312500000000000167e-02
3.929200000000000054e-02,3.375000000000000222e-02
3.932800000000000185e-02,3.468750000000000305e-02
3.936400000000000315e-02,3.593750000000000416e-02
3.940000000000000446e-02,3.656250000000000472e-02
3.943599999999999883e-02,3.750000000000000555e-02
3.947200000000000014e-02,3.750000000000000555e-02
3.950800000000000145e-02,3.750000000000000555e-02
3.954400000000000276e-02,3.750000000000000555e-02
3.958000000000000407e-02,3.718750000000000527e-02
3.961600000000000538e-02,3.625000000000000444e-02
3.965199999999999975e-02,3.656250000000000472e-02
3.968800000000000106e-02,3.562500000000000389e-02
3.972400000000000236e-02,3.437500000000000278e-02
3.976000000000000367e-02,3.375000000000000222e-02
3.979600000000000498e-02,3.281250000000000139e-02
3.983199999999999935e-02,3.156250000000000028e-02
3.986800000000000066e-02,3.031250000000000264e-02
3.990400000000000197e-02,2.937500000000000527e-02
3.994000000000000328e-02,2.812500000000000416e-02
3.997600000000000459e-02,2.718750000000000333e-02
4.001199999999999896e-02,2.625000000000000250e-02
4.004800000000000026e-02,2.531250000000000167e-02
4.008400000000000157e-02,2.500000000000000139e-02
4.012000000000000288e-02,2.468750000000000111e-02
4.015600000000000419e-02,2.406250000000000056e-02
4.019200000000000550e-02,2.406250000000000056e-02
4.022799999999999987e-02,2.406250000000000056e-02
4.026400000000000118e-02,2.468750000000000111e-02
4.030000000000000249e-02,2.468750000000000111e-02
4.033600000000000380e-02,2.593750000000000222e-02
4.037200000000000510e-02,2.656250000000000278e-02
4.040799999999999947e-02,2.812500000000000416e-02
4.044400000000000078e-02,2.937500000000000527e-02
4.048000000000000209e-02,3.000000000000000236e-02
4.051600000000000340e-02,3.125000000000000000e-02
4.055200000000000471e-02,3.281250000000000139e-02
4.058799999999999908e-02,3.406250000000000250e-02
4.062400000000000039e-02,3.531250000000000361e-02
4.066000000000000170e-02,3.656250000000000472e-02
4.069600000000000301e-02,3.718750000000000527e-02
4.073200000000000431e-02,3.812500000000000611e-02
4.076800000000000562e-02,3.906250000000000000e-02
4.080399999999999999e-02,3.968750000000000056e-02
4.084000000000000130e-02,3.968750000000000056e-02
4.087600000000000261e-02,3.968750000000000056e-02
4.091200000000000392e-02,4.000000000000000083e-02
4.094800000000000523e-02,3.968750000000000056e-02
4.098399999999999960e-02,3.937500000000000722e-02
4.102000000000000091e-02,3.875000000000000666e-02
4.105600000000000221e-02,3.812500000000000611e-02
4.109200000000000352e-02,3.718750000000000527e-02
4.112800000000000483e-02,3.656250000000000472e-02
4.116399999999999920e-02,3.500000000000000333e-02
4.120000000000000051e-02,3.375000000000000222e-02
4.123600000000000182e-02,3.281250000000000139e-02
4.127200000000000313e-02,3.093750000000000319e-02
4.130800000000000444e-02,3.000000000000000236e-02
4.134399999999999881e-02,2.906250000000000500e-02
4.138000000000000012e-02,2.750000000000000361e-02
4.141600000000000142e-02,2.593750000000000222e-02
4.145200000000000273e-02,2.531250000000000167e-02
4.148800000000000404e-02,2.406250000000000056e-02
4.152400000000000535e-02,2.375000000000000375e-02
4.155999999999999972e-02,2.312500000000000319e-02
4.159600000000000103e-02,2.281250000000000291e-02
4.163200000000000234e-02,2.281250000000000291e-02
4.166800000000000365e-02,2.281250000000000291e-02
4.170400000000000496e-02,2.281250000000000291e-02
4.173999999999999932e-02,2.343750000000000347e-02
4.177600000000000063e-02,2.437500000000000083e-02
4.181200000000000194e-02,2.468750000000000111e-02
4.184800000000000325e-02,2.593750000000000222e-02
4.188400000000000456e-02,2.718750000000000333e-02
4.191999999999999893e-02,2.812500000000000416e-02
4.195600000000000024e-02,2.906250000000000500e-02
4.199200000000000155e-02,3.062500000000000291e-02
4.202800000000000286e-02,3.156250000000000028e-02
4.206400000000000416e-02,3.281250000000000139e-02
4.210000000000000547e-02,3.375000000000000222e-02
4.213599999999999984e-02,3.531250000000000361e-02
4.217200000000000115e-02,3.593750000000000416e-02
4.220800000000000246e-02,3.687500000000000500e-02
4.224400000000000377e-02,3.718750000000000527e-02
4.228000000000000508e-02,3.781250000000000583e-02
4.231599999999999945e-02,3.812500000000000611e-02
4.235200000000000076e-02,3.812500000000000611e-02
4.238800000000000207e-02,3.812500000000000611e-02
4.242400000000000337e-02,3.781250000000000583e-02
4.246000000000000468e-02,3.718750000000000527e-02
4.249599999999999905e-02,3.718750000000000527e-02
4.253200000000000036e-02,3.593750000000000416e-02
4.256800000000000167e-02,3.500000000000000333e-02
4.260400000000000298e-02,3.437500000000000278e-02
4.264000000000000429e-02,3.312500000000000167e-02
4.267600000000000560e-02,3.250000000000000111e-02
4.271199999999999997e-02,3.093750000000000319e-02
4.274800000000000127e-02,2.906250000000000500e-02
4.278400000000000258e-02,2.812500000000000416e-02
4.282000000000000389e-02,2.750000000000000361e-02
4.285600000000000520e-02,2.656250000000000278e-02
4.289199999999999957e-02,2.625000000000000250e-02
4.292800000000000088e-02,2.531250000000000167e-02
4.296400000000000219e-02,2.437500000000000083e-02
4.300000000000000350e-02,2.406250000000000056e-02
4.303600000000000481e-02,2.375000000000000375e-02
4.307199999999999918e-02,2.375000000000000375e-02
4.310800000000000048e-02,2.406250000000000056e-02
4.314400000000000179e-02,2.468750000000000111e-02
4.318000000000000310e-02,2.500000000000000139e-02
4.321600000000000441e-02,2.531250000000000167e-02
4.325200000000000572e-02,2.718750000000000333e-02
4.328800000000000009e-02,2.781250000000000389e-02
4.332400000000000140e-02,2.843750000000000444e-02
4.336000000000000271e-02,3.031250000000000264e-02
4.339600000000000402e-02,3.125000000000000000e-02
4.343200000000000532e-02,3.250000000000000111e-02
4.346799999999999969e-02,3.343750000000000194e-02
4.350400000000000100e-02,3.437500000000000278e-02
4.354000000000000231e-02,3.593750000000000416e-02
4.357600000000000362e-02,3.656250000000000472e-02
4.361200000000000493e-02,3.718750000000000527e-02
4.364799999999999930e-02,3.781250000000000583e-02
4.368400000000000061e-02,3.812500000000000611e-02
4.372000000000000192e-02,3.843750000000000638e-02
4.375600000000000322e-02,3.812500000000000611e-02
4.379200000000000453e-02,3.812500000000000611e-02
4.382799999999999890e-02,3.812500000000000611e-02
4.386400000000000021e-02,3.812500000000000611e-02
4.390000000000000152e-02,3.750000000000000555e-02
4.393600000000000283e-02,3.625000000000000444e-02
4.397200000000000414e-02,3.625000000000000444e-02
4.400800000000000545e-02,3.468750000000000305e-02
4.404399999999999982e-02,3.375000000000000222e-02
4.408000000000000113e-02,3.281250000000000139e-02
4.411600000000000243e-02,3.093750000000000319e-02
4.415200000000000374e-02,3.031250000000000264e-02
4.418800000000000505e-02,2.906250000000000500e-02
4.422399999999999942e-02,2.781250000000000389e-02
4.426000000000000073e-02,2.687500000000000305e-02
4.429600000000000204e-02,2.625000000000000250e-02
4.433200000000000335e-02,2.531250000000000167e-02
4.436800000000000466e-02,2.500000000000000139e-02
4.440399999999999903e-02,2.500000000000000139e-02
4.444000000000000034e-02,2.531250000000000167e-02
4.447600000000000164e-02,2.500000000000000139e-02
4.451200000000000295e-02,2.562500000000000194e-02
4.454800000000000426e-02,2.562500000000000194e-02
4.458400000000000557e-02,2.625000000000000250e-02
4.461999999999999994e-02,2.718750000000000333e-02
4.465600000000000125e-02,2.781250000000000389e-02
4.469200000000000256e-02,2.937500000000000527e-02
4.472800000000000387e-02,3.062500000000000291e-02
4.476400000000000517e-02,3.156250000000000028e-02
4.479999999999999954e-02,3.218750000000000083e-02
4.483600000000000085e-02,3.375000000000000222e-02
4.487200000000000216e-02,3.468750000000000305e-02
4.490800000000000347e-02,3.562500000000000389e-02
4.494400000000000478e-02,3.687500000000000500e-02
4.497999999999999915e-02,3.812500000000000611e-02
4.501600000000000046e-02,3.843750000000000638e-02
4.505200000000000177e-02,3.875000000000000666e-02
4.508800000000000308e-02,3.875000000000000666e-02
4.512400000000000438e-02,3.875000000000000666e-02
4.516000000000000569e-02,3.843750000000000638e-02
4.519600000000000006e-02,3.812500000000000611e-02
4.523200000000000137e-02,3.750000000000000555e-02
4.526800000000000268e-02,3.718750000000000527e-02
4.530400000000000399e-02,3.562500000000000389e-02
4.534000000000000530e-02,3.437500000000000278e-02
4.537599999999999967e-02,3.375000000000000222e-02
4.541200000000000098e-02,3.187500000000000056e-02
4.544800000000000229e-02,3.031250000000000264e-02
4.548400000000000359e-02,2.843750000000000444e-02
4.552000000000000490e-02,2.718750000000000333e-02
4.555599999999999927e-02,2.593750000000000222e-02
4.559200000000000058e-02,2.437500000000000083e-02
4.562800000000000189e-02,2.312500000000000319e-02
4.566400000000000320e-02,2.187500000000000555e-02
4.570000000000000451e-02,2.093750000000000472e-02
4.573600000000000582e-02,2.000000000000000389e-02
4.577200000000000019e-02,1.937500000000000333e-02
4.580800000000000149e-02,1.937500000000000333e-02
4.584400000000000280e-02,1.843750000000000250e-02
4.588000000000000411e-02,1.875000000000000278e-02
4.591600000000000542e-02,1.875000000000000278e-02
4.595199999999999979e-02,1.937500000000000333e-02
4.598800000000000110e-02,1.968750000000000361e-02
4.602400000000000241e-02,2.031250000000000416e-02
4.606000000000000372e-02,2.093750000000000472e-02
4.609600000000000503e-02,2.250000000000000264e-02
4.613199999999999940e-02,2.375000000000000375e-02
4.616800000000000070e-02,2.468750000000000111e-02
4.620400000000000201e-02,2.687500000000000305e-02
4.624000000000000332e-02,2.781250000000000389e-02
4.627600000000000463e-02,3.000000000000000236e-02
4.631199999999999900e-02,3.093750000000000319e-02
4.634800000000000031e-02,3.187500000000000056e-02
4.638400000000000162e-02,3.343750000000000194e-02
4.642000000000000293e-02,3.437500000000000278e-02
4.645600000000000424e-02,3.562500000000000389e-02
4.649200000000000554e-02,3.562500000000000389e-02
4.652799999999999991e-02,3.625000000000000444e-02
4.656400000000000122e-02,3.625000000000000444e-02
4.660000000000000253e-02,3.656250000000000472e-02
4.663600000000000384e-02,3.593750000000000416e-02
4.667200000000000515e-02,3.562500000000000389e-02
4.670799999999999952e-02,3.531250000000000361e-02
4.674400000000000083e-02,3.375000000000000222e-02
4.678000000000000214e-02,3.281250000000000139e-02
4.681600000000000344e-02,3.156250000000000028e-02
4.685200000000000475e-02,3.031250000000000264e-02
4.688799999999999912e-02,2.812500000000000416e-02
4.692400000000000043e-02,2.781250000000000389e-02
4.696000000000000174e-02,2.656250000000000278e-02
4.699600000000000305e-02,2.437500000000000083e-02
4.703200000000000436e-02,2.281250000000000291e-02
4.706800000000000567e-02,2.125000000000000500e-02
4.710400000000000004e-02,2.031250000000000416e-02
4.714000000000000135e-02,1.937500000000000333e-02
4.717600000000000265e-02,1.875000000000000278e-02
4.721200000000000396e-02,1.718750000000000139e-02
4.724800000000000527e-02,1.687500000000000458e-02
4.728399999999999964e-02,1.656250000000000430e-02
4.732000000000000095e-02,1.656250000000000430e-02
4.735600000000000226e-02,1.687500000000000458e-02
4.739200000000000357e-02,1.718750000000000139e-02
4.742800000000000488e-02,1.781250000000000194e-02
4.746399999999999925e-02,1.843750000000000250e-02
4.750000000000000056e-02,1.968750000000000361e-02
4.753600000000000186e-02,2.156250000000000527e-02
4.757200000000000317e-02,2.250000000000000264e-02
4.760800000000000448e-02,2.468750000000000111e-02
4.764400000000000579e-02,2.562500000000000194e-02
4.768000000000000016e-02,2.875000000000000472e-02
4.771600000000000147e-02,3.031250000000000264e-02
4.775200000000000278e-02,3.250000000000000111e-02
4.778800000000000409e-02,3.375000000000000222e-02
4.782400000000000539e-02,3.500000000000000333e-02
4.785999999999999976e-02,3.656250000000000472e-02
4.789600000000000107e-02,3.718750000000000527e-02
4.793200000000000238e-02,3.812500000000000611e-02
4.796800000000000369e-02,3.843750000000000638e-02
4.800400000000000500e-02,3.937500000000000722e-02
4.803999999999999937e-02,3.937500000000000722e-02
4.807600000000000068e-02,3.906250000000000000e-02
4.811200000000000199e-02,3.906250000000000000e-02
4.814800000000000330e-02,3.875000000000000666e-02
4.818400000000000460e-02,3.750000000000000555e-02
4.821999999999999897e-02,3.593750000000000416e-02
4.825600000000000028e-02,3.593750000000000416e-02
4.829200000000000159e-02,3.468750000000000305e-02
4.832800000000000290e-02,3.312500000000000167e-02
4.836400000000000421e-02,3.156250000000000028e-02
4.840000000000000552e-02,3.031250000000000264e-02
4.843599999999999989e-02,2.906250000000000500e-02
4.847200000000000120e-02,2.718750000000000333e-02
4.850800000000000251e-02,2.593750000000000222e-02
4.854400000000000381e-02,2.406250000000000056e-02
4.858000000000000512e-02,2.343750000000000347e-02
4.861599999999999949e-02,2.250000000000000264e-02
4.865200000000000080e-02,2.125000000000000500e-02
4.868800000000000211e-02,2.093750000000000472e-02
4.872400000000000342e-02,2.062500000000000444e-02
4.876000000000000473e-02,2.031250000000000416e-02
4.879599999999999910e-02,2.062500000000000444e-02
4.883200000000000041e-02,2.156250000000000527e-02
4.886800000000000171e-02,2.218750000000000236e-02
4.890400000000000302e-02,2.375000000000000375e-02
4.894000000000000433e-02,2.437500000000000083e-02
4.897600000000000564e-02,2.593750000000000222e-02
4.901200000000000001e-02,2.843750000000000444e-02
4.904800000000000132e-02,3.062500000000000291e-02
4.908400000000000263e-02,3.250000000000000111e-02
4.912000000000000394e-02,3.406250000000000250e-02
4.915600000000000525e-02,3.531250000000000361e-02
4.919199999999999962e-02,3.687500000000000500e-02
4.922800000000000092e-02,3.812500000000000611e-02
4.926400000000000223e-02,4.000000000000000083e-02
4.930000000000000354e-02,4.125000000000000194e-02
4.933600000000000485e-02,4.156250000000000222e-02
4.937199999999999922e-02,4.218750000000000278e-02
4.940800000000000053e-02,4.281250000000000333e-02
4.944400000000000184e-02,4.312500000000000361e-02
4.948000000000000315e-02,4.343750000000000389e-02
4.951600000000000446e-02,4.343750000000000389e-02
4.955200000000000576e-02,4.343750000000000389e-02
4.958800000000000013e-02,4.312500000000000361e-02
4.962400000000000144e-02,4.281250000000000333e-02
4.966000000000000275e-02,4.218750000000000278e-02
4.969600000000000406e-02,4.093750000000000167e-02
4.973200000000000537e-02,4.031250000000000111e-02
4.976799999999999974e-02,3.968750000000000056e-02
4.980400000000000105e-02,3.812500000000000611e-02
4.984000000000000236e-02,3.718750000000000527e-02
4.987600000000000366e-02,3.593750000000000416e-02
4.991200000000000497e-02,3.437500000000000278e-02
4.994799999999999934e-02,3.343750000000000194e-02
4.998400000000000065e-02,3.156250000000000028e-02
5.002000000000000196e-02,3.062500000000000291e-02
5.005600000000000327e-02,2.937500000000000527e-02
5.009200000000000458e-02,2.843750000000000444e-02
5.012800000000000589e-02,2.718750000000000333e-02
5.016400000000000026e-02,2.687500000000000305e-02
5.020000000000000157e-02,2.656250000000000278e-02
5.023600000000000287e-02,2.656250000000000278e-02
5.027200000000000418e-02,2.718750000000000333e-02
5.030800000000000549e-02,2.718750000000000333e-02
5.034399999999999986e-02,2.843750000000000444e-02
5.038000000000000117e-02,2.906250000000000500e-02
5.041600000000000248e-02,3.062500000000000291e-02
5.045200000000000379e-02,3.187500000000000056e-02
5.048800000000000510e-02,3.375000000000000222e-02
5.052399999999999947e-02,3.468750000000000305e-02
5.056000000000000077e-02,3.656250000000000472e-02
5.059600000000000208e-02,3.843750000000000638e-02
5.063200000000000339e-02,4.000000000000000083e-02
5.066800000000000470e-02,4.062500000000000139e-02
5.070399999999999907e-02,4.187500000000000250e-02
5.074000000000000038e-02,4.281250000000000333e-02
5.077600000000000169e-02,4.375000000000000416e-02
5.081200000000000300e-02,4.406250000000000444e-02
5.084800000000000431e-02,4.468750000000000500e-02
5.088400000000000561e-02,4.531250000000000555e-02
5.091999999999999998e-02,4.500000000000000527e-02
5.095600000000000129e-02,4.531250000000000555e-02
5.099200000000000260e-02,4.562500000000000583e-02
5.102800000000000391e-02,4.562500000000000583e-02
5.106400000000000522e-02,4.531250000000000555e-02
5.109999999999999959e-02,4.562500000000000583e-02
5.113600000000000090e-02,4.468750000000000500e-02
5.117200000000000221e-02,4.437500000000000472e-02
5.120800000000000352e-02,4.343750000000000389e-02
5.124400000000000482e-02,4.312500000000000361e-02
5.127999999999999919e-02,4.187500000000000250e-02
5.131600000000000050e-02,4.093750000000000167e-02
5.135200000000000181e-02,4.000000000000000083e-02
5.138800000000000312e-02,3.906250000000000000e-02
5.142400000000000443e-02,3.656250000000000472e-02
5.146000000000000574e-02,3.625000000000000444e-02
5.149600000000000011e-02,3.500000000000000333e-02
5.153200000000000142e-02,3.437500000000000278e-02
5.156800000000000272e-02,3.375000000000000222e-02
5.160400000000000403e-02,3.343750000000000194e-02
5.164000000000000534e-02,3.281250000000000139e-02
5.167599999999999971e-02,3.281250000000000139e-02
5.171200000000000102e-02,3.281250000000000139e-02
5.174800000000000233e-02,3.312500000000000167e-02
5.178400000000000364e-02,3.437500000000000278e-02
5.182000000000000495e-02,3.468750000000000305e-02
5.185599999999999932e-02,3.562500000000000389e-02
5.189200000000000063e-02,3.656250000000000472e-02
5.192800000000000193e-02,3.843750000000000638e-02
5.196400000000000324e-02,3.937500000000000722e-02
5.200000000000000455e-02,4.031250000000000111e-02
5.203600000000000586e-02,4.125000000000000194e-02
5.207200000000000023e-02,4.250000000000000305e-02
5.210800000000000154e-02,4.343750000000000389e-02
5.214400000000000285e-02,4.437500000000000472e-02
5.218000000000000416e-02,4.468750000000000500e-02
5.221600000000000547e-02,4.500000000000000527e-02
5.225199999999999984e-02,4.531250000000000555e-02
5.228800000000000114e-02,4.531250000000000555e-02
5.232400000000000245e-02,4.562500000000000583e-02
5.236000000000000376e-02,4.562500000000000583e-02
5.239600000000000507e-02,4.531250000000000555e-02
5.243199999999999944e-02,4.562500000000000583e-02
5.246800000000000075e-02,4.562500000000000583e-02
5.250400000000000206e-02,4.562500000000000583e-02
5.254000000000000337e-02,4.531250000000000555e-02
5.257600000000000467e-02,4.562500000000000583e-02
5.261200000000000598e-02,4.531250000000000555e-02
5.264800000000000035e-02,4.531250000000000555e-02
5.268400000000000166e-02,4.562500000000000583e-02
5.272000000000000297e-02,4.500000000000000527e-02
5.275600000000000428e-02,4.500000000000000527e-02
5.279200000000000559e-02,4.500000000000000527e-02
5.282799999999999996e-02,4.468750000000000500e-02
5.286400000000000127e-02,4.437500000000000472e-02
5.290000000000000258e-02,4.343750000000000389e-02
5.293600000000000388e-02,4.343750000000000389e-02
5.297200000000000519e-02,4.281250000000000333e-02
5.300799999999999956e-02,4.250000000000000305e-02
5.304400000000000087e-02,4.187500000000000250e-02
5.308000000000000218e-02,4.187500000000000250e-02
5.311600000000000349e-02,4.156250000000000222e-02
5.315200000000000480e-02,4.187500000000000250e-02
5.318799999999999917e-02,4.250000000000000305e-02
5.322400000000000048e-02,4.250000000000000305e-02
5.326000000000000179e-02,4.250000000000000305e-02
5.329600000000000309e-02,4.312500000000000361e-02
5.333200000000000440e-02,4.375000000000000416e-02
5.336800000000000571e-02,4.437500000000000472e-02
5.340400000000000008e-02,4.468750000000000500e-02
5.344000000000000139e-02,4.468750000000000500e-02
5.347600000000000270e-02,4.500000000000000527e-02
5.351200000000000401e-02,4.562500000000000583e-02
5.354800000000000532e-02,4.531250000000000555e-02
5.358399999999999969e-02,4.562500000000000583e-02
5.362000000000000099e-02,4.531250000000000555e-02
5.365600000000000230e-02,4.437500000000000472e-02
5.369200000000000361e-02,4.406250000000000444e-02
5.372800000000000492e-02,4.406250000000000444e-02
5.376399999999999929e-02,4.312500000000000361e-02
5.380000000000000060e-02,4.281250000000000333e-02
5.383600000000000191e-02,4.281250000000000333e-02
5.387200000000000322e-02,4.218750000000000278e-02
5.390800000000000453e-02,4.218750000000000278e-02
5.394400000000000583e-02,4.218750000000000278e-02
5.398000000000000020e-02,4.218750000000000278e-02
5.401600000000000151e-02,4.250000000000000305e-02
5.405200000000000282e-02,4.218750000000000278e-02
5.408800000000000413e-02,4.218750000000000278e-02
5.412400000000000544e-02,4.312500000000000361e-02
5.415999999999999981e-02,4.312500000000000361e-02
5.419600000000000112e-02,4.375000000000000416e-02
5.423200000000000243e-02,4.406250000000000444e-02
5.426800000000000374e-02,4.406250000000000444e-02
5.430400000000000504e-02,4.468750000000000500e-02
5.433999999999999941e-02,4.500000000000000527e-02
5.437600000000000072e-02,4.468750000000000500e-02
5.441200000000000203e-02,4.500000000000000527e-02
5.444800000000000334e-02,4.500000000000000527e-02
5.448400000000000465e-02,4.500000000000000527e-02
5.452000000000000596e-02,4.531250000000000555e-02
5.455600000000000033e-02,4.531250000000000555e-02
5.459200000000000164e-02,4.468750000000000500e-02
5.462800000000000294e-02,4.500000000000000527e-02
5.466400000000000425e-02,4.500000000000000527e-02
5.470000000000000556e-02,4.468750000000000500e-02
5.473599999999999993e-02,4.437500000000000472e-02
5.477200000000000124e-02,4.437500000000000472e-02
5.480800000000000255e-02,4.375000000000000416e-02
5.484400000000000386e-02,4.375000000000000416e-02
5.488000000000000517e-02,4.343750000000000389e-02
5.491599999999999954e-02,4.281250000000000333e-02
5.495200000000000085e-02,4.218750000000000278e-02
5.498800000000000215e-02,4.125000000000000194e-02
5.502400000000000346e-02,4.062500000000000139e-02
5.506000000000000477e-02,4.031250000000000111e-02
5.509599999999999914e-02,3.906250000000000000e-02
5.513200000000000045e-02,3.843750000000000638e-02
5.516800000000000176e-02,3.812500000000000611e-02
5.520400000000000307e-02,3.750000000000000555e-02
5.524000000000000438e-02,3.718750000000000527e-02
5.527600000000000569e-02,3.718750000000000527e-02
5.531200000000000006e-02,3.687500000000000500e-02
5.534800000000000136e-02,3.687500000000000500e-02
5.538400000000000267e-02,3.718750000000000527e-02
5.542000000000000398e-02,3.718750000000000527e-02
5.545600000000000529e-02,3.750000000000000555e-02
5.549199999999999966e-02,3.781250000000000583e-02
5.552800000000000097e-02,3.812500000000000611e-02
5.556400000000000228e-02,3.843750000000000638e-02
5.560000000000000359e-02,3.875000000000000666e-02
5.563600000000000489e-02,3.937500000000000722e-02
5.567199999999999926e-02,3.968750000000000056e-02
5.570800000000000057e-02,4.031250000000000111e-02
5.574400000000000188e-02,4.062500000000000139e-02
5.578000000000000319e-02,4.125000000000000194e-02
5.581600000000000450e-02,4.093750000000000167e-02
5.585200000000000581e-02,4.125000000000000194e-02
5.588800000000000018e-02,4.156250000000000222e-02
5.592400000000000149e-02,4.156250000000000222e-02
5.596000000000000280e-02,4.187500000000000250e-02
5.599600000000000410e-02,4.187500000000000250e-02
5.603200000000000541e-02,4.156250000000000222e-02
5.606799999999999978e-02,4.156250000000000222e-02
5.610400000000000109e-02,4.156250000000000222e-02
5.614000000000000240e-02,4.093750000000000167e-02
5.617600000000000371e-02,4.031250000000000111e-02
5.621200000000000502e-02,3.937500000000000722e-02
5.624799999999999939e-02,3.843750000000000638e-02
5.628400000000000070e-02,3.812500000000000611e-02
5.632000000000000201e-02,3.687500000000000500e-02
5.635600000000000331e-02,3.625000000000000444e-02
5.639200000000000462e-02,3.468750000000000305e-02
5.642800000000000593e-02,3.406250000000000250e-02
5.646400000000000030e-02,3.281250000000000139e-02
5.650000000000000161e-02,3.156250000000000028e-02
5.653600000000000292e-02,3.062500000000000291e-02
5.657200000000000423e-02,3.062500000000000291e-02
5.660800000000000554e-02,2.968750000000000208e-02
5.664399999999999991e-02,2.968750000000000208e-02
5.668000000000000121e-02,2.875000000000000472e-02
5.671600000000000252e-02,2.906250000000000500e-02
5.675200000000000383e-02,2.937500000000000527e-02
5.678800000000000514e-02,2.937500000000000527e-02
5.682399999999999951e-02,2.968750000000000208e-02
5.686000000000000082e-02,3.000000000000000236e-02
5.689600000000000213e-02,3.062500000000000291e-02
5.693200000000000344e-02,3.125000000000000000e-02
5.696800000000000475e-02,3.218750000000000083e-02
5.700400000000000605e-02,3.281250000000000139e-02
5.704000000000000042e-02,3.312500000000000167e-02
5.707600000000000173e-02,3.375000000000000222e-02
5.711200000000000304e-02,3.500000000000000333e-02
5.714800000000000435e-02,3.562500000000000389e-02
5.718400000000000566e-02,3.593750000000000416e-02
5.722000000000000003e-02,3.625000000000000444e-02
5.725600000000000134e-02,3.687500000000000500e-02
5.729200000000000265e-02,3.718750000000000527e-02
5.732800000000000396e-02,3.750000000000000555e-02
5.736400000000000526e-02,3.718750000000000527e-02
5.739999999999999963e-02,3.750000000000000555e-02
5.743600000000000094e-02,3.718750000000000527e-02
5.747200000000000225e-02,3.718750000000000527e-02
5.750800000000000356e-02,3.687500000000000500e-02
5.754400000000000487e-02,3.656250000000000472e-02
5.757999999999999924e-02,3.625000000000000444e-02
5.761600000000000055e-02,3.531250000000000361e-02
5.765200000000000186e-02,3.468750000000000305e-02
5.768800000000000316e-02,3.406250000000000250e-02
5.772400000000000447e-02,3.250000000000000111e-02
5.776000000000000578e-02,3.187500000000000056e-02
5.779600000000000015e-02,3.125000000000000000e-02
5.783200000000000146e-02,3.031250000000000264e-02
5.786800000000000277e-02,2.906250000000000500e-02
5.790400000000000408e-02,2.843750000000000444e-02
5.794000000000000539e-02,2.781250000000000389e-02
5.797599999999999976e-02,2.687500000000000305e-02
5.801200000000000107e-02,2.656250000000000278e-02
5.804800000000000237e-02,2.625000000000000250e-02
5.808400000000000368e-02,2.593750000000000222e-02
5.812000000000000499e-02,2.593750000000000222e-02
5.815599999999999936e-02,2.625000000000000250e-02
5.819200000000000067e-02,2.625000000000000250e-02
5.822800000000000198e-02,2.656250000000000278e-02
5.826400000000000329e-02,2.687500000000000305e-02
5.830000000000000460e-02,2.781250000000000389e-02
5.833600000000000591e-02,2.812500000000000416e-02
5.837200000000000027e-02,2.906250000000000500e-02
5.840800000000000158e-02,2.937500000000000527e-02
5.844400000000000289e-02,3.062500000000000291e-02
5.848000000000000420e-02,3.125000000000000000e-02
5.851600000000000551e-02,3.156250000000000028e-02
5.855199999999999988e-02,3.250000000000000111e-02
5.858800000000000119e-02,3.312500000000000167e-02
5.862400000000000250e-02,3.375000000000000222e-02
5.866000000000000381e-02,3.406250000000000250e-02
5.869600000000000511e-02,3.437500000000000278e-02
5.873199999999999948e-02,3.437500000000000278e-02
5.876800000000000079e-02,3.468750000000000305e-02
5.880400000000000210e-02,3.468750000000000305e-02
5.884000000000000341e-02,3.468750000000000305e-02
5.887600000000000472e-02,3.437500000000000278e-02
5.891200000000000603e-02,3.437500000000000278e-02
5.894800000000000040e-02,3.375000000000000222e-02
5.898400000000000171e-02,3.312500000000000167e-02
5.902000000000000302e-02,3.281250000000000139e-02
5.905600000000000432e-02,3.187500000000000056e-02
5.909200000000000563e-02,3.062500000000000291e-02
5.912800000000000000e-02,3.000000000000000236e-02
5.916400000000000131e-02,2.937500000000000527e-02
5.920000000000000262e-02,2.843750000000000444e-02
5.923600000000000393e-02,2.750000000000000361e-02
5.927200000000000524e-02,2.656250000000000278e-02
5.930799999999999961e-02,2.562500000000000194e-02
5.934400000000000092e-02,2.531250000000000167e-02
5.938000000000000222e-02,2.406250000000000056e-02
5.941600000000000353e-02,2.375000000000000375e-02
5.945200000000000484e-02,2.343750000000000347e-02
5.948800000000000615e-02,2.343750000000000347e-02
5.952400000000000052e-02,2.312500000000000319e-02
5.956000000000000183e-02,2.312500000000000319e-02
5.959600000000000314e-02,2.343750000000000347e-02
5.963200000000000445e-02,2.406250000000000056e-02
5.966800000000000576e-02,2.437500000000000083e-02
5.970400000000000013e-02,2.500000000000000139e-02
5.974000000000000143e-02,2.531250000000000167e-02
5.977600000000000274e-02,2.625000000000000250e-02
5.981200000000000405e-02,2.718750000000000333e-02
5.984800000000000536e-02,2.812500000000000416e-02
5.988399999999999973e-02,2.875000000000000472e-02
5.992000000000000104e-02,2.906250000000000500e-02
5.995600000000000235e-02,2.968750000000000208e-02
5.999200000000000366e-02,3.031250000000000264e-02
6.002800000000000497e-02,3.062500000000000291e-02
6.006399999999999934e-02,3.093750000000000319e-02
6.010000000000000064e-02,3.125000000000000000e-02
6.013600000000000195e-02,3.156250000000000028e-02
6.017200000000000326e-02,3.093750000000000319e-02
6.020800000000000457e-02,3.062500000000000291e-02
6.024400000000000588e-02,3.062500000000000291e-02
6.028000000000000025e-02,3.031250000000000264e-02
6.031600000000000156e-02,2.937500000000000527e-02
6.035200000000000287e-02,2.843750000000000444e-02
6.038800000000000417e-02,2.781250000000000389e-02
6.042400000000000548e-02,2.687500000000000305e-02
6.045999999999999985e-02,2.531250000000000167e-02
6.049600000000000116e-02,2.375000000000000375e-02
6.053200000000000247e-02,2.187500000000000555e-02
6.056800000000000378e-02,2.125000000000000500e-02
6.060400000000000509e-02,1.968750000000000361e-02
6.063999999999999946e-02,1.812500000000000222e-02
6.067600000000000077e-02,1.656250000000000430e-02
6.071200000000000208e-02,1.562500000000000347e-02
6.074800000000000338e-02,1.562500000000000347e-02
6.078400000000000469e-02,1.531250000000000319e-02
6.082000000000000600e-02,1.500000000000000291e-02
6.085600000000000037e-02,1.500000000000000291e-02
6.089200000000000168e-02,1.531250000000000319e-02
6.092800000000000299e-02,1.531250000000000319e-02
6.096400000000000430e-02,1.593750000000000375e-02
6.100000000000000561e-02,1.593750000000000375e-02
6.103599999999999998e-02,1.750000000000000167e-02
6.107200000000000129e-02,1.781250000000000194e-02
6.110800000000000259e-02,1.906250000000000305e-02
6.114400000000000390e-02,2.031250000000000416e-02
6.118000000000000521e-02,2.156250000000000527e-02
6.121599999999999958e-02,2.281250000000000291e-02
6.125200000000000089e-02,2.312500000000000319e-02
6.128800000000000220e-02,2.375000000000000375e-02
6.132400000000000351e-02,2.531250000000000167e-02
6.136000000000000482e-02,2.593750000000000222e-02
6.139600000000000612e-02,2.656250000000000278e-02
6.143200000000000049e-02,2.718750000000000333e-02
6.146800000000000180e-02,2.750000000000000361e-02
6.150400000000000311e-02,2.781250000000000389e-02
6.154000000000000442e-02,2.781250000000000389e-02
6.157600000000000573e-02,2.781250000000000389e-02
6.161200000000000010e-02,2.718750000000000333e-02
6.164800000000000141e-02,2.687500000000000305e-02
6.168400000000000272e-02,2.593750000000000222e-02
6.172000000000000403e-02,2.531250000000000167e-02
6.175600000000000533e-02,2.406250000000000056e-02
6.179199999999999970e-02,2.281250000000000291e-02
6.182800000000000101e-02,2.187500000000000555e-02
6.186400000000000232e-02,2.156250000000000527e-02
6.190000000000000363e-02,2.031250000000000416e-02
6.193600000000000494e-02,1.906250000000000305e-02
6.197200000000000625e-02,1.781250000000000194e-02
6.200800000000000062e-02,1.625000000000000402e-02
6.204400000000000193e-02,1.531250000000000319e-02
6.208000000000000324e-02,1.406250000000000208e-02
6.211600000000000454e-02,1.343750000000000153e-02
6.215200000000000585e-02,1.250000000000000416e-02
6.218800000000000022e-02,1.218750000000000389e-02
6.222400000000000153e-02,1.187500000000000361e-02
6.226000000000000284e-02,1.156250000000000333e-02
6.229600000000000415e-02,1.156250000000000333e-02
6.233200000000000546e-02,1.156250000000000333e-02
6.236799999999999983e-02,1.218750000000000389e-02
6.240400000000000807e-02,1.281250000000000444e-02
6.244000000000000244e-02,1.281250000000000444e-02
6.247599999999999681e-02,1.406250000000000208e-02
6.251199999999999812e-02,1.562500000000000347e-02
6.254799999999999249e-02,1.625000000000000402e-02
6.258400000000000074e-02,1.812500000000000222e-02
6.261999999999999511e-02,1.906250000000000305e-02
6.265599999999998948e-02,2.187500000000000555e-02
6.269199999999999773e-02,2.218750000000000236e-02
6.272799999999999210e-02,2.375000000000000375e-02
6.276400000000000035e-02,2.562500000000000194e-02
6.279999999999999472e-02,2.687500000000000305e-02
6.283599999999998909e-02,2.750000000000000361e-02
6.287199999999999733e-02,2.812500000000000416e-02
6.290799999999999170e-02,2.937500000000000527e-02
6.294399999999999995e-02,2.968750000000000208e-02
6.297999999999999432e-02,3.000000000000000236e-02
6.301600000000000257e-02,2.968750000000000208e-02
6.305199999999999694e-02,2.937500000000000527e-02
6.308799999999999131e-02,2.875000000000000472e-02
6.312399999999999956e-02,2.750000000000000361e-02
6.315999999999999392e-02,2.656250000000000278e-02
6.319600000000000217e-02,2.531250000000000167e-02
6.323199999999999654e-02,2.406250000000000056e-02
6.326799999999999091e-02,2.250000000000000264e-02
6.330399999999999916e-02,2.125000000000000500e-02
6.333999999999999353e-02,1.937500000000000333e-02
6.337600000000000178e-02,1.750000000000000167e-02
6.341199999999999615e-02,1.656250000000000430e-02
6.344799999999999052e-02,1.531250000000000319e-02
6.348399999999999876e-02,1.343750000000000153e-02
6.351999999999999313e-02,1.187500000000000361e-02
6.355600000000000138e-02,1.031250000000000222e-02
6.359199999999999575e-02,9.687500000000001665e-03
6.362799999999999012e-02,8.750000000000004302e-03
6.366399999999999837e-02,8.437500000000004025e-03
6.369999999999999274e-02,8.125000000000003747e-03
6.373600000000000099e-02,8.125000000000003747e-03
6.377199999999999536e-02,7.812500000000003469e-03
6.380799999999998973e-02,8.125000000000003747e-03
6.384399999999999797e-02,8.437500000000004025e-03
6.387999999999999234e-02,9.375000000000001388e-03
6.391600000000000059e-02,1.000000000000000194e-02
6.395199999999999496e-02,1.062500000000000250e-02
6.398799999999998933e-02,1.187500000000000361e-02
6.402399999999999758e-02,1.312500000000000125e-02
6.405999999999999195e-02,1.468750000000000264e-02
6.409600000000000020e-02,1.625000000000000402e-02
6.413199999999999457e-02,1.812500000000000222e-02
6.416800000000000281e-02,2.031250000000000416e-02
6.420399999999999718e-02,2.093750000000000472e-02
6.423999999999999155e-02,2.218750000000000236e-02
6.427599999999999980e-02,2.312500000000000319e-02
6.431199999999999417e-02,2.437500000000000083e-02
6.434800000000000242e-02,2.593750000000000222e-02
6.438399999999999679e-02,2.656250000000000278e-02
6.441999999999999116e-02,2.687500000000000305e-02
6.445599999999999941e-02,2.687500000000000305e-02
6.449199999999999378e-02,2.687500000000000305e-02
6.452800000000000202e-02,2.687500000000000305e-02
6.456399999999999639e-02,2.625000000000000250e-02
6.459999999999999076e-02,2.531250000000000167e-02
6.463599999999999901e-02,2.437500000000000083e-02
6.467199999999999338e-02,2.281250000000000291e-02
6.470800000000000163e-02,2.125000000000000500e-02
6.474399999999999600e-02,2.000000000000000389e-02
6.477999999999999037e-02,1.906250000000000305e-02
6.481599999999999862e-02,1.687500000000000458e-02
6.485199999999999299e-02,1.562500000000000347e-02
6.488800000000000123e-02,1.375000000000000180e-02
6.492399999999999560e-02,1.250000000000000416e-02
6.495999999999998997e-02,1.125000000000000305e-02
6.499599999999999822e-02,1.062500000000000250e-02
6.503199999999999259e-02,9.687500000000001665e-03
6.506800000000000084e-02,9.062500000000001110e-03
6.510399999999999521e-02,8.125000000000003747e-03
6.513999999999998958e-02,8.125000000000003747e-03
6.517599999999999782e-02,8.125000000000003747e-03
6.521199999999999219e-02,8.125000000000003747e-03
6.524800000000000044e-02,8.125000000000003747e-03
6.528399999999999481e-02,9.062500000000001110e-03
6.531999999999998918e-02,1.000000000000000194e-02
6.535599999999999743e-02,1.031250000000000222e-02
6.539199999999999180e-02,1.156250000000000333e-02
6.542800000000000005e-02,1.250000000000000416e-02
6.546399999999999442e-02,1.437500000000000236e-02
6.550000000000000266e-02,1.562500000000000347e-02
6.553599999999999703e-02,1.812500000000000222e-02
6.557199999999999140e-02,1.875000000000000278e-02
6.560799999999999965e-02,2.093750000000000472e-02
6.564399999999999402e-02,2.250000000000000264e-02
6.568000000000000227e-02,2.406250000000000056e-02
6.571599999999999664e-02,2.468750000000000111e-02
6.575199999999999101e-02,2.625000000000000250e-02
6.578799999999999926e-02,2.687500000000000305e-02
6.582399999999999363e-02,2.750000000000000361e-02
6.586000000000000187e-02,2.781250000000000389e-02
6.589599999999999624e-02,2.750000000000000361e-02
6.593199999999999061e-02,2.750000000000000361e-02
6.596799999999999886e-02,2.656250000000000278e-02
6.600399999999999323e-02,2.625000000000000250e-02
6.604000000000000148e-02,2.406250000000000056e-02
6.607599999999999585e-02,2.312500000000000319e-02
6.611199999999999022e-02,2.187500000000000555e-02
6.614799999999999847e-02,2.031250000000000416e-02
6.618399999999999284e-02,1.875000000000000278e-02
6.622000000000000108e-02,1.625000000000000402e-02
6.625599999999999545e-02,1.437500000000000236e-02
6.629199999999998982e-02,1.312500000000000125e-02
6.632799999999999807e-02,1.187500000000000361e-02
6.636399999999999244e-02,1.000000000000000194e-02
6.640000000000000069e-02,9.062500000000001110e-03
6.643599999999999506e-02,7.500000000000003192e-03
6.647199999999998943e-02,6.250000000000002082e-03
6.650799999999999768e-02,5.937500000000001804e-03
6.654399999999999205e-02,5.312500000000001249e-03
6.658000000000000029e-02,4.687500000000004163e-03
6.661599999999999466e-02,4.687500000000004163e-03
6.665199999999998903e-02,4.687500000000004163e-03
6.668799999999999728e-02,4.375000000000003886e-03
6.672399999999999165e-02,4.687500000000004163e-03
6.675999999999999990e-02,5.000000000000004441e-03
6.679599999999999427e-02,5.937500000000001804e-03
6.683200000000000252e-02,6.250000000000002082e-03
6.686799999999999689e-02,7.187500000000002914e-03
6.690399999999999125e-02,7.812500000000003469e-03
6.693999999999999950e-02,9.062500000000001110e-03
6.697599999999999387e-02,1.000000000000000194e-02
6.701200000000000212e-02,1.125000000000000305e-02
6.704799999999999649e-02,1.281250000000000444e-02
6.708399999999999086e-02,1.375000000000000180e-02
6.711999999999999911e-02,1.531250000000000319e-02
6.715599999999999348e-02,1.625000000000000402e-02
6.719200000000000172e-02,1.750000000000000167e-02
6.722799999999999609e-02,1.843750000000000250e-02
6.726399999999999046e-02,1.843750000000000250e-02
6.729999999999999871e-02,1.875000000000000278e-02
6.733599999999999308e-02,1.875000000000000278e-02
6.737200000000000133e-02,1.812500000000000222e-02
6.740799999999999570e-02,1.718750000000000139e-02
6.744399999999999007e-02,1.656250000000000430e-02
6.747999999999999832e-02,1.625000000000000402e-02
6.751599999999999269e-02,1.468750000000000264e-02
6.755200000000000093e-02,1.281250000000000444e-02
6.758799999999999530e-02,1.187500000000000361e-02
6.762399999999998967e-02,1.000000000000000194e-02
6.765999999999999792e-02,8.125000000000003747e-03
6.769599999999999229e-02,7.812500000000003469e-03
6.773200000000000054e-02,6.562500000000002359e-03
6.776799999999999491e-02,5.312500000000001249e-03
6.780399999999998928e-02,4.687500000000004163e-03
6.783999999999999753e-02,4.062500000000003608e-03
6.787599999999999190e-02,3.437500000000003053e-03
6.791200000000000014e-02,3.125000000000002776e-03
6.794799999999999451e-02,2.812500000000002498e-03
6.798400000000000276e-02,2.500000000000002220e-03
6.801999999999999713e-02,2.812500000000002498e-03
6.805599999999999150e-02,2.812500000000002498e-03
6.809199999999999975e-02,2.187500000000001943e-03
6.812799999999999412e-02,2.187500000000001943e-03
6.816400000000000237e-02,1.875000000000001665e-03
6.819999999999999674e-02,2.187500000000001943e-03
6.823599999999999111e-02,2.500000000000002220e-03
6.827199999999999935e-02,2.500000000000002220e-03
6.830799999999999372e-02,3.125000000000002776e-03
6.834400000000000197e-02,3.750000000000003331e-03
6.837999999999999634e-02,4.062500000000003608e-03
6.841599999999999071e-02,4.687500000000004163e-03
6.845199999999999896e-02,5.625000000000001527e-03
6.848799999999999333e-02,7.187500000000002914e-03
6.852400000000000158e-02,7.500000000000003192e-03
6.855999999999999595e-02,8.750000000000004302e-03
6.859599999999999032e-02,1.000000000000000194e-02
6.863199999999999856e-02,1.093750000000000278e-02
6.866799999999999293e-02,1.187500000000000361e-02
6.870400000000000118e-02,1.218750000000000389e-02
6.873999999999999555e-02,1.281250000000000444e-02
6.877599999999998992e-02,1.281250000000000444e-02
6.881199999999999817e-02,1.281250000000000444e-02
6.884799999999999254e-02,1.281250000000000444e-02
6.888400000000000079e-02,1.187500000000000361e-02
6.891999999999999515e-02,1.125000000000000305e-02
6.895599999999998952e-02,1.062500000000000250e-02
6.899199999999999777e-02,9.687500000000001665e-03
6.902799999999999214e-02,8.750000000000004302e-03
6.906400000000000039e-02,7.187500000000002914e-03
6.909999999999999476e-02,6.562500000000002359e-03
6.913599999999998913e-02,5.312500000000001249e-03
6.917199999999999738e-02,4.375000000000003886e-03
6.920799999999999175e-02,4.375000000000003886e-03
6.924399999999999999e-02,3.437500000000003053e-03
6.927999999999999436e-02,3.437500000000003053e-03
6.931600000000000261e-02,3.125000000000002776e-03
6.935199999999999698e-02,2.812500000000002498e-03
6.938799999999999135e-02,2.812500000000002498e-03
6.942399999999999960e-02,3.125000000000002776e-03
6.945999999999999397e-02,2.500000000000002220e-03
6.949600000000000222e-02,2.500000000000002220e-03
6.953199999999999659e-02,2.812500000000002498e-03
6.956799999999999096e-02,2.500000000000002220e-03
6.960399999999999920e-02,2.187500000000001943e-03
6.963999999999999357e-02,2.187500000000001943e-03
6.967600000000000182e-02,2.187500000000001943e-03
6.971199999999999619e-02,2.187500000000001943e-03
6.974799999999999056e-02,2.500000000000002220e-03
6.978399999999999881e-02,2.812500000000002498e-03
6.981999999999999318e-02,3.125000000000002776e-03
6.985600000000000143e-02,3.125000000000002776e-03
6.989199999999999580e-02,3.437500000000003053e-03
6.992799999999999017e-02,4.375000000000003886e-03
6.996399999999999841e-02,5.312500000000001249e-03
6.999999999999999278e-02,5.312500000000001249e-03
7.003600000000000103e-02,6.250000000000002082e-03
7.007199999999999540e-02,7.187500000000002914e-03
7.010799999999998977e-02,7.812500000000003469e-03
7.014399999999999802e-02,8.125000000000003747e-03
7.017999999999999239e-02,8.437500000000004025e-03
7.021600000000000064e-02,8.750000000000004302e-03
7.025199999999999501e-02,8.750000000000004302e-03
7.028799999999998938e-02,8.437500000000004025e-03
7.032399999999999762e-02,8.125000000000003747e-03
7.035999999999999199e-02,7.500000000000003192e-03
7.039600000000000024e-02,6.875000000000002637e-03
7.043199999999999461e-02,5.937500000000001804e-03
7.046800000000000286e-02,5.000000000000004441e-03
7.050399999999999723e-02,4.687500000000004163e-03
7.053999999999999160e-02,4.062500000000003608e-03
7.057599999999999985e-02,3.750000000000003331e-03
7.061199999999999422e-02,3.437500000000003053e-03
7.064800000000000246e-02,3.125000000000002776e-03
7.068399999999999683e-02,3.437500000000003053e-03
7.071999999999999120e-02,3.125000000000002776e-03
7.075599999999999945e-02,3.750000000000003331e-03
7.079199999999999382e-02,3.750000000000003331e-03
7.082800000000000207e-02,4.062500000000003608e-03
7.086399999999999644e-02,4.375000000000003886e-03
7.089999999999999081e-02,4.687500000000004163e-03
7.093599999999999905e-02,5.000000000000004441e-03
7.097199999999999342e-02,5.000000000000004441e-03
7.100800000000000167e-02,4.375000000000003886e-03
7.104399999999999604e-02,4.687500000000004163e-03
7.107999999999999041e-02,4.375000000000003886e-03
7.111599999999999866e-02,4.062500000000003608e-03
7.115199999999999303e-02,3.750000000000003331e-03
7.118800000000000128e-02,3.125000000000002776e-03
7.122399999999999565e-02,2.812500000000002498e-03
7.125999999999999002e-02,2.812500000000002498e-03
7.129599999999999826e-02,2.500000000000002220e-03
7.133199999999999263e-02,2.500000000000002220e-03
7.136800000000000088e-02,2.500000000000002220e-03
7.140399999999999525e-02,2.812500000000002498e-03
7.143999999999998962e-02,2.812500000000002498e-03
7.147599999999999787e-02,3.125000000000002776e-03
7.151199999999999224e-02,3.125000000000002776e-03
7.154800000000000049e-02,3.437500000000003053e-03
7.158399999999999486e-02,3.750000000000003331e-03
7.161999999999998923e-02,4.687500000000004163e-03
7.165599999999999747e-02,1.406250000000000208e-02
7.169199999999999184e-02,1.531250000000000319e-02
7.172800000000000009e-02,1.562500000000000347e-02
7.176399999999999446e-02,1.656250000000000430e-02
