PURE SILICA, ELECTRODE=TUNGSTEN, TIME=35, POLING_VOLTAGE=3700, WAVELENGTH=1.55e-06, EFFECTIVE_DISTANCE=3.1e-05, POLED_LENGTH=0.3, CORE_INDEX=1.45, POLE=MAX, AC_VOLTAGE=910.0, AC_FREQUENCY=3450, PIEZO_FREQUENCY=69.0
Time(s),Voltage(V)
0.000000000000000000e+00,8.125000000000003747e-03
7.199999999999999674e-06,9.062500000000001110e-03
1.439999999999999935e-05,9.062500000000001110e-03
2.159999999999999987e-05,9.687500000000001665e-03
2.879999999999999870e-05,9.687500000000001665e-03
3.600000000000000091e-05,9.062500000000001110e-03
4.319999999999999974e-05,8.750000000000004302e-03
5.039999999999999857e-05,9.062500000000001110e-03
5.759999999999999739e-05,9.687500000000001665e-03
6.480000000000000300e-05,1.156250000000000333e-02
7.200000000000000182e-05,1.250000000000000416e-02
7.920000000000000065e-05,1.437500000000000236e-02
8.639999999999999948e-05,1.562500000000000347e-02
9.359999999999999831e-05,1.531250000000000319e-02
1.007999999999999971e-04,1.531250000000000319e-02
1.079999999999999960e-04,1.625000000000000402e-02
1.151999999999999948e-04,1.593750000000000375e-02
1.223999999999999936e-04,1.562500000000000347e-02
1.296000000000000060e-04,1.656250000000000430e-02
1.367999999999999913e-04,1.718750000000000139e-02
1.440000000000000036e-04,1.781250000000000194e-02
1.511999999999999889e-04,1.750000000000000167e-02
1.584000000000000013e-04,1.687500000000000458e-02
1.655999999999999866e-04,1.625000000000000402e-02
1.727999999999999990e-04,1.562500000000000347e-02
1.799999999999999842e-04,1.562500000000000347e-02
1.871999999999999966e-04,1.468750000000000264e-02
1.943999999999999819e-04,1.406250000000000208e-02
2.015999999999999943e-04,1.343750000000000153e-02
2.087999999999999795e-04,1.343750000000000153e-02
2.159999999999999919e-04,1.281250000000000444e-02
2.231999999999999772e-04,1.187500000000000361e-02
2.303999999999999896e-04,1.187500000000000361e-02
2.376000000000000020e-04,1.187500000000000361e-02
2.447999999999999872e-04,1.156250000000000333e-02
2.519999999999999996e-04,1.218750000000000389e-02
2.592000000000000120e-04,1.250000000000000416e-02
2.663999999999999702e-04,1.281250000000000444e-02
2.735999999999999825e-04,1.312500000000000125e-02
2.807999999999999949e-04,1.281250000000000444e-02
2.880000000000000073e-04,1.218750000000000389e-02
2.951999999999999655e-04,1.187500000000000361e-02
3.023999999999999778e-04,1.250000000000000416e-02
3.095999999999999902e-04,1.406250000000000208e-02
3.168000000000000026e-04,1.437500000000000236e-02
3.239999999999999608e-04,1.593750000000000375e-02
3.311999999999999732e-04,1.687500000000000458e-02
3.383999999999999855e-04,1.687500000000000458e-02
3.455999999999999979e-04,1.656250000000000430e-02
3.528000000000000103e-04,1.687500000000000458e-02
3.599999999999999685e-04,1.625000000000000402e-02
3.671999999999999808e-04,1.625000000000000402e-02
3.743999999999999932e-04,1.531250000000000319e-02
3.816000000000000056e-04,1.531250000000000319e-02
3.887999999999999638e-04,1.437500000000000236e-02
3.959999999999999762e-04,1.375000000000000180e-02
4.031999999999999885e-04,1.343750000000000153e-02
4.104000000000000009e-04,1.281250000000000444e-02
4.175999999999999591e-04,1.250000000000000416e-02
4.247999999999999715e-04,1.156250000000000333e-02
4.319999999999999838e-04,1.156250000000000333e-02
4.391999999999999962e-04,1.125000000000000305e-02
4.463999999999999544e-04,1.093750000000000278e-02
4.535999999999999668e-04,1.062500000000000250e-02
4.607999999999999791e-04,1.000000000000000194e-02
4.679999999999999915e-04,1.000000000000000194e-02
4.752000000000000039e-04,1.000000000000000194e-02
4.823999999999999621e-04,9.687500000000001665e-03
4.895999999999999745e-04,9.375000000000001388e-03
4.967999999999999326e-04,9.375000000000001388e-03
5.039999999999999992e-04,9.062500000000001110e-03
5.111999999999999574e-04,9.062500000000001110e-03
5.184000000000000240e-04,9.062500000000001110e-03
5.255999999999999821e-04,8.125000000000003747e-03
5.327999999999999403e-04,8.125000000000003747e-03
5.400000000000000069e-04,7.500000000000003192e-03
5.471999999999999651e-04,7.812500000000003469e-03
5.543999999999999232e-04,8.125000000000003747e-03
5.615999999999999898e-04,7.812500000000003469e-03
5.687999999999999480e-04,7.500000000000003192e-03
5.760000000000000146e-04,7.812500000000003469e-03
5.831999999999999728e-04,7.812500000000003469e-03
5.903999999999999309e-04,8.125000000000003747e-03
5.975999999999999975e-04,9.062500000000001110e-03
6.047999999999999557e-04,9.687500000000001665e-03
6.120000000000000223e-04,1.000000000000000194e-02
6.191999999999999805e-04,1.125000000000000305e-02
6.263999999999999386e-04,1.093750000000000278e-02
6.336000000000000052e-04,1.125000000000000305e-02
6.407999999999999634e-04,1.156250000000000333e-02
6.479999999999999215e-04,1.250000000000000416e-02
6.551999999999999881e-04,1.250000000000000416e-02
6.623999999999999463e-04,1.218750000000000389e-02
6.696000000000000129e-04,1.218750000000000389e-02
6.767999999999999711e-04,1.156250000000000333e-02
6.839999999999999292e-04,1.156250000000000333e-02
6.911999999999999958e-04,1.093750000000000278e-02
6.983999999999999540e-04,1.031250000000000222e-02
7.056000000000000206e-04,1.031250000000000222e-02
7.127999999999999788e-04,9.687500000000001665e-03
7.199999999999999369e-04,9.375000000000001388e-03
7.272000000000000035e-04,9.062500000000001110e-03
7.343999999999999617e-04,9.062500000000001110e-03
7.415999999999999199e-04,9.062500000000001110e-03
7.487999999999999864e-04,8.750000000000004302e-03
7.559999999999999446e-04,8.750000000000004302e-03
7.632000000000000112e-04,8.750000000000004302e-03
7.703999999999999694e-04,8.750000000000004302e-03
7.775999999999999275e-04,8.437500000000004025e-03
7.847999999999999941e-04,8.437500000000004025e-03
7.919999999999999523e-04,8.437500000000004025e-03
7.991999999999999105e-04,7.812500000000003469e-03
8.063999999999999771e-04,7.500000000000003192e-03
8.135999999999999352e-04,7.187500000000002914e-03
8.208000000000000018e-04,7.187500000000002914e-03
8.279999999999999600e-04,7.187500000000002914e-03
8.351999999999999182e-04,7.187500000000002914e-03
8.423999999999999847e-04,7.500000000000003192e-03
8.495999999999999429e-04,7.812500000000003469e-03
8.568000000000000095e-04,8.437500000000004025e-03
8.639999999999999677e-04,9.687500000000001665e-03
8.711999999999999258e-04,1.000000000000000194e-02
8.783999999999999924e-04,1.093750000000000278e-02
8.855999999999999506e-04,1.312500000000000125e-02
8.927999999999999088e-04,1.375000000000000180e-02
8.999999999999999754e-04,1.500000000000000291e-02
9.071999999999999335e-04,1.593750000000000375e-02
9.144000000000000001e-04,1.687500000000000458e-02
9.215999999999999583e-04,1.750000000000000167e-02
9.287999999999999165e-04,1.750000000000000167e-02
9.359999999999999831e-04,1.781250000000000194e-02
9.431999999999999412e-04,1.750000000000000167e-02
9.504000000000000078e-04,1.687500000000000458e-02
9.575999999999999660e-04,1.687500000000000458e-02
9.647999999999999242e-04,1.625000000000000402e-02
9.719999999999999907e-04,1.593750000000000375e-02
9.791999999999999489e-04,1.437500000000000236e-02
9.863999999999999071e-04,1.406250000000000208e-02
9.935999999999998653e-04,1.343750000000000153e-02
1.000800000000000040e-03,1.281250000000000444e-02
1.007999999999999998e-03,1.250000000000000416e-02
1.015199999999999957e-03,1.000000000000000194e-02
1.022399999999999915e-03,1.031250000000000222e-02
1.029599999999999873e-03,1.062500000000000250e-02
1.036800000000000048e-03,1.093750000000000278e-02
1.044000000000000006e-03,1.093750000000000278e-02
1.051199999999999964e-03,1.093750000000000278e-02
1.058399999999999922e-03,1.125000000000000305e-02
1.065599999999999881e-03,1.093750000000000278e-02
1.072800000000000056e-03,1.062500000000000250e-02
1.080000000000000014e-03,1.031250000000000222e-02
1.087199999999999972e-03,1.000000000000000194e-02
1.094399999999999930e-03,9.375000000000001388e-03
1.101599999999999888e-03,9.062500000000001110e-03
1.108799999999999846e-03,8.750000000000004302e-03
1.116000000000000021e-03,8.437500000000004025e-03
1.123199999999999980e-03,8.125000000000003747e-03
1.130399999999999938e-03,8.125000000000003747e-03
1.137599999999999896e-03,8.437500000000004025e-03
1.144799999999999854e-03,9.062500000000001110e-03
1.152000000000000029e-03,9.687500000000001665e-03
1.159199999999999987e-03,1.031250000000000222e-02
1.166399999999999946e-03,1.187500000000000361e-02
1.173599999999999904e-03,1.250000000000000416e-02
1.180799999999999862e-03,1.343750000000000153e-02
1.188000000000000037e-03,1.437500000000000236e-02
1.195199999999999995e-03,1.468750000000000264e-02
1.202399999999999953e-03,1.531250000000000319e-02
1.209599999999999911e-03,1.593750000000000375e-02
1.216799999999999870e-03,1.656250000000000430e-02
1.224000000000000045e-03,1.625000000000000402e-02
1.231200000000000003e-03,1.593750000000000375e-02
1.238399999999999961e-03,1.562500000000000347e-02
1.245599999999999919e-03,1.531250000000000319e-02
1.252799999999999877e-03,1.437500000000000236e-02
1.259999999999999835e-03,1.437500000000000236e-02
1.267200000000000010e-03,1.406250000000000208e-02
1.274399999999999969e-03,1.281250000000000444e-02
1.281599999999999927e-03,1.218750000000000389e-02
1.288799999999999885e-03,1.187500000000000361e-02
1.295999999999999843e-03,1.125000000000000305e-02
1.303200000000000018e-03,1.093750000000000278e-02
1.310399999999999976e-03,1.062500000000000250e-02
1.317599999999999934e-03,1.062500000000000250e-02
1.324799999999999893e-03,1.000000000000000194e-02
1.331999999999999851e-03,9.687500000000001665e-03
1.339200000000000026e-03,9.062500000000001110e-03
1.346399999999999984e-03,8.750000000000004302e-03
1.353599999999999942e-03,8.750000000000004302e-03
1.360799999999999900e-03,8.437500000000004025e-03
1.367999999999999858e-03,7.500000000000003192e-03
1.375200000000000033e-03,7.500000000000003192e-03
1.382399999999999992e-03,7.500000000000003192e-03
1.389599999999999950e-03,7.500000000000003192e-03
1.396799999999999908e-03,7.500000000000003192e-03
1.403999999999999866e-03,8.125000000000003747e-03
1.411200000000000041e-03,8.125000000000003747e-03
1.418399999999999999e-03,8.750000000000004302e-03
1.425599999999999958e-03,1.000000000000000194e-02
1.432799999999999916e-03,1.062500000000000250e-02
1.439999999999999874e-03,1.187500000000000361e-02
1.447199999999999832e-03,1.187500000000000361e-02
1.454400000000000007e-03,1.343750000000000153e-02
1.461599999999999965e-03,1.437500000000000236e-02
1.468799999999999923e-03,1.562500000000000347e-02
1.475999999999999882e-03,1.687500000000000458e-02
1.483199999999999840e-03,1.750000000000000167e-02
1.490400000000000015e-03,1.812500000000000222e-02
1.497599999999999973e-03,1.875000000000000278e-02
1.504799999999999931e-03,1.875000000000000278e-02
1.511999999999999889e-03,1.937500000000000333e-02
1.519199999999999847e-03,1.906250000000000305e-02
1.526400000000000022e-03,1.937500000000000333e-02
1.533599999999999981e-03,1.906250000000000305e-02
1.540799999999999939e-03,1.875000000000000278e-02
1.547999999999999897e-03,1.812500000000000222e-02
1.555199999999999855e-03,1.781250000000000194e-02
1.562400000000000030e-03,1.687500000000000458e-02
1.569599999999999988e-03,1.562500000000000347e-02
1.576799999999999946e-03,1.531250000000000319e-02
1.583999999999999905e-03,1.437500000000000236e-02
1.591199999999999863e-03,1.406250000000000208e-02
1.598399999999999821e-03,1.343750000000000153e-02
1.605599999999999996e-03,1.250000000000000416e-02
1.612799999999999954e-03,1.218750000000000389e-02
1.619999999999999912e-03,1.156250000000000333e-02
1.627199999999999870e-03,1.156250000000000333e-02
1.634399999999999829e-03,1.093750000000000278e-02
1.641600000000000004e-03,1.062500000000000250e-02
1.648799999999999962e-03,1.000000000000000194e-02
1.655999999999999920e-03,9.375000000000001388e-03
1.663199999999999878e-03,9.062500000000001110e-03
1.670399999999999836e-03,8.750000000000004302e-03
1.677600000000000011e-03,8.750000000000004302e-03
1.684799999999999969e-03,8.750000000000004302e-03
1.691999999999999928e-03,8.750000000000004302e-03
1.699199999999999886e-03,8.750000000000004302e-03
1.706399999999999844e-03,9.687500000000001665e-03
1.713600000000000019e-03,1.062500000000000250e-02
1.720799999999999977e-03,1.125000000000000305e-02
1.727999999999999935e-03,1.156250000000000333e-02
1.735199999999999894e-03,1.312500000000000125e-02
1.742399999999999852e-03,1.406250000000000208e-02
1.749600000000000027e-03,1.468750000000000264e-02
1.756799999999999985e-03,1.625000000000000402e-02
1.763999999999999943e-03,1.718750000000000139e-02
1.771199999999999901e-03,1.812500000000000222e-02
1.778399999999999859e-03,1.968750000000000361e-02
1.785599999999999818e-03,1.968750000000000361e-02
1.792799999999999993e-03,2.062500000000000444e-02
1.799999999999999951e-03,2.125000000000000500e-02
1.807199999999999909e-03,2.125000000000000500e-02
1.814399999999999867e-03,2.156250000000000527e-02
1.821599999999999825e-03,2.156250000000000527e-02
1.828800000000000000e-03,2.093750000000000472e-02
1.835999999999999958e-03,2.000000000000000389e-02
1.843199999999999917e-03,1.968750000000000361e-02
1.850399999999999875e-03,1.937500000000000333e-02
1.857599999999999833e-03,1.875000000000000278e-02
1.864800000000000008e-03,1.718750000000000139e-02
1.871999999999999966e-03,1.656250000000000430e-02
1.879199999999999924e-03,1.593750000000000375e-02
1.886399999999999882e-03,1.500000000000000291e-02
1.893599999999999841e-03,1.437500000000000236e-02
1.900800000000000016e-03,1.406250000000000208e-02
1.907999999999999974e-03,1.312500000000000125e-02
1.915199999999999932e-03,1.250000000000000416e-02
1.922399999999999890e-03,1.218750000000000389e-02
1.929599999999999848e-03,1.187500000000000361e-02
1.936799999999999806e-03,1.125000000000000305e-02
1.943999999999999981e-03,1.093750000000000278e-02
1.951199999999999940e-03,1.062500000000000250e-02
1.958399999999999898e-03,1.031250000000000222e-02
1.965600000000000073e-03,1.062500000000000250e-02
1.972799999999999814e-03,1.062500000000000250e-02
1.979999999999999989e-03,1.093750000000000278e-02
1.987199999999999731e-03,1.156250000000000333e-02
1.994399999999999906e-03,1.187500000000000361e-02
2.001600000000000081e-03,1.312500000000000125e-02
2.008799999999999822e-03,1.437500000000000236e-02
2.015999999999999997e-03,1.531250000000000319e-02
2.023199999999999738e-03,1.656250000000000430e-02
2.030399999999999913e-03,1.812500000000000222e-02
2.037600000000000088e-03,1.906250000000000305e-02
2.044799999999999830e-03,2.031250000000000416e-02
2.052000000000000005e-03,2.156250000000000527e-02
2.059199999999999746e-03,2.312500000000000319e-02
2.066399999999999921e-03,2.437500000000000083e-02
2.073600000000000096e-03,2.500000000000000139e-02
2.080799999999999837e-03,2.531250000000000167e-02
2.088000000000000012e-03,2.687500000000000305e-02
2.095199999999999754e-03,2.718750000000000333e-02
2.102399999999999929e-03,2.781250000000000389e-02
2.109600000000000104e-03,2.812500000000000416e-02
2.116799999999999845e-03,2.812500000000000416e-02
2.124000000000000020e-03,2.781250000000000389e-02
2.131199999999999761e-03,2.781250000000000389e-02
2.138399999999999936e-03,2.781250000000000389e-02
2.145600000000000111e-03,2.687500000000000305e-02
2.152799999999999853e-03,2.593750000000000222e-02
2.160000000000000028e-03,2.468750000000000111e-02
2.167199999999999769e-03,2.406250000000000056e-02
2.174399999999999944e-03,2.343750000000000347e-02
2.181599999999999685e-03,2.250000000000000264e-02
2.188799999999999860e-03,2.156250000000000527e-02
2.196000000000000035e-03,2.125000000000000500e-02
2.203199999999999777e-03,2.062500000000000444e-02
2.210399999999999952e-03,1.968750000000000361e-02
2.217599999999999693e-03,1.906250000000000305e-02
2.224799999999999868e-03,1.875000000000000278e-02
2.232000000000000043e-03,1.812500000000000222e-02
2.239199999999999784e-03,1.812500000000000222e-02
2.246399999999999959e-03,1.781250000000000194e-02
2.253599999999999701e-03,1.843750000000000250e-02
2.260799999999999876e-03,1.843750000000000250e-02
2.268000000000000051e-03,1.875000000000000278e-02
2.275199999999999792e-03,1.937500000000000333e-02
2.282399999999999967e-03,2.031250000000000416e-02
2.289599999999999708e-03,2.156250000000000527e-02
2.296799999999999883e-03,2.218750000000000236e-02
2.304000000000000058e-03,2.343750000000000347e-02
2.311199999999999800e-03,2.437500000000000083e-02
2.318399999999999975e-03,2.562500000000000194e-02
2.325599999999999716e-03,2.718750000000000333e-02
2.332799999999999891e-03,2.812500000000000416e-02
2.340000000000000066e-03,2.843750000000000444e-02
2.347199999999999807e-03,2.968750000000000208e-02
2.354399999999999982e-03,3.031250000000000264e-02
2.361599999999999724e-03,3.156250000000000028e-02
2.368799999999999899e-03,3.187500000000000056e-02
2.376000000000000074e-03,3.281250000000000139e-02
2.383199999999999815e-03,3.312500000000000167e-02
2.390399999999999990e-03,3.375000000000000222e-02
2.397599999999999731e-03,3.375000000000000222e-02
2.404799999999999906e-03,3.406250000000000250e-02
2.412000000000000081e-03,3.406250000000000250e-02
2.419199999999999823e-03,3.343750000000000194e-02
2.426399999999999998e-03,3.281250000000000139e-02
2.433599999999999739e-03,3.281250000000000139e-02
2.440799999999999914e-03,3.093750000000000319e-02
2.448000000000000089e-03,3.031250000000000264e-02
2.455199999999999830e-03,2.906250000000000500e-02
2.462400000000000005e-03,2.781250000000000389e-02
2.469599999999999747e-03,2.687500000000000305e-02
2.476799999999999922e-03,2.593750000000000222e-02
2.484000000000000097e-03,2.531250000000000167e-02
2.491199999999999838e-03,2.437500000000000083e-02
2.498400000000000013e-03,2.375000000000000375e-02
2.505599999999999754e-03,2.312500000000000319e-02
2.512799999999999929e-03,2.250000000000000264e-02
2.519999999999999671e-03,2.218750000000000236e-02
2.527199999999999846e-03,2.187500000000000555e-02
2.534400000000000021e-03,2.156250000000000527e-02
2.541599999999999762e-03,2.187500000000000555e-02
2.548799999999999937e-03,2.218750000000000236e-02
2.555999999999999679e-03,2.312500000000000319e-02
2.563199999999999854e-03,2.343750000000000347e-02
2.570400000000000029e-03,2.468750000000000111e-02
2.577599999999999770e-03,2.500000000000000139e-02
2.584799999999999945e-03,2.687500000000000305e-02
2.591999999999999686e-03,2.781250000000000389e-02
2.599199999999999861e-03,2.906250000000000500e-02
2.606400000000000036e-03,3.000000000000000236e-02
2.613599999999999778e-03,3.062500000000000291e-02
2.620799999999999953e-03,3.187500000000000056e-02
2.627999999999999694e-03,3.250000000000000111e-02
2.635199999999999869e-03,3.343750000000000194e-02
2.642400000000000044e-03,3.375000000000000222e-02
2.649599999999999785e-03,3.406250000000000250e-02
2.656799999999999960e-03,3.531250000000000361e-02
2.663999999999999702e-03,3.593750000000000416e-02
2.671199999999999877e-03,3.625000000000000444e-02
2.678400000000000052e-03,3.687500000000000500e-02
2.685599999999999793e-03,3.750000000000000555e-02
2.692799999999999968e-03,3.812500000000000611e-02
2.699999999999999709e-03,3.781250000000000583e-02
2.707199999999999884e-03,3.843750000000000638e-02
2.714400000000000059e-03,3.843750000000000638e-02
2.721599999999999801e-03,3.781250000000000583e-02
2.728799999999999976e-03,3.750000000000000555e-02
2.735999999999999717e-03,3.687500000000000500e-02
2.743199999999999892e-03,3.625000000000000444e-02
2.750400000000000067e-03,3.562500000000000389e-02
2.757599999999999808e-03,3.468750000000000305e-02
2.764799999999999983e-03,3.437500000000000278e-02
2.771999999999999725e-03,3.281250000000000139e-02
2.779199999999999900e-03,3.156250000000000028e-02
2.786400000000000075e-03,3.156250000000000028e-02
2.793599999999999816e-03,3.093750000000000319e-02
2.800799999999999991e-03,3.031250000000000264e-02
2.807999999999999732e-03,2.968750000000000208e-02
2.815199999999999907e-03,2.968750000000000208e-02
2.822400000000000082e-03,2.968750000000000208e-02
2.829599999999999824e-03,2.968750000000000208e-02
2.836799999999999999e-03,2.968750000000000208e-02
2.843999999999999740e-03,3.031250000000000264e-02
2.851199999999999915e-03,3.062500000000000291e-02
2.858399999999999656e-03,3.156250000000000028e-02
2.865599999999999831e-03,3.250000000000000111e-02
2.872800000000000006e-03,3.250000000000000111e-02
2.879999999999999748e-03,3.312500000000000167e-02
2.887199999999999923e-03,3.437500000000000278e-02
2.894399999999999664e-03,3.468750000000000305e-02
2.901599999999999839e-03,3.562500000000000389e-02
2.908800000000000014e-03,3.625000000000000444e-02
2.915999999999999755e-03,3.625000000000000444e-02
2.923199999999999930e-03,3.687500000000000500e-02
2.930399999999999672e-03,3.687500000000000500e-02
2.937599999999999847e-03,3.718750000000000527e-02
2.944800000000000022e-03,3.750000000000000555e-02
2.951999999999999763e-03,3.843750000000000638e-02
2.959199999999999938e-03,3.812500000000000611e-02
2.966399999999999679e-03,3.875000000000000666e-02
2.973599999999999854e-03,3.906250000000000000e-02
2.980800000000000029e-03,3.937500000000000722e-02
2.987999999999999771e-03,4.000000000000000083e-02
2.995199999999999946e-03,4.000000000000000083e-02
3.002399999999999687e-03,4.000000000000000083e-02
3.009599999999999862e-03,4.000000000000000083e-02
3.016800000000000037e-03,3.968750000000000056e-02
3.023999999999999778e-03,3.968750000000000056e-02
3.031199999999999953e-03,3.906250000000000000e-02
3.038399999999999695e-03,3.812500000000000611e-02
3.045599999999999870e-03,3.781250000000000583e-02
3.052800000000000045e-03,3.718750000000000527e-02
3.059999999999999786e-03,3.625000000000000444e-02
3.067199999999999961e-03,3.593750000000000416e-02
3.074399999999999702e-03,3.562500000000000389e-02
3.081599999999999877e-03,3.531250000000000361e-02
3.088800000000000053e-03,3.500000000000000333e-02
3.095999999999999794e-03,3.500000000000000333e-02
3.103199999999999969e-03,3.500000000000000333e-02
3.110399999999999710e-03,3.500000000000000333e-02
3.117599999999999885e-03,3.531250000000000361e-02
3.124800000000000060e-03,3.593750000000000416e-02
3.131999999999999802e-03,3.625000000000000444e-02
3.139199999999999977e-03,3.656250000000000472e-02
3.146399999999999718e-03,3.750000000000000555e-02
3.153599999999999893e-03,3.781250000000000583e-02
3.160800000000000068e-03,3.812500000000000611e-02
3.167999999999999809e-03,3.843750000000000638e-02
3.175199999999999984e-03,3.875000000000000666e-02
3.182399999999999726e-03,3.906250000000000000e-02
3.189599999999999901e-03,3.906250000000000000e-02
3.196799999999999642e-03,3.906250000000000000e-02
3.203999999999999817e-03,3.906250000000000000e-02
3.211199999999999992e-03,3.906250000000000000e-02
3.218399999999999733e-03,3.875000000000000666e-02
3.225599999999999908e-03,3.875000000000000666e-02
3.232799999999999650e-03,3.906250000000000000e-02
3.239999999999999825e-03,3.875000000000000666e-02
3.247200000000000000e-03,3.937500000000000722e-02
3.254399999999999741e-03,3.937500000000000722e-02
3.261599999999999916e-03,3.968750000000000056e-02
3.268799999999999657e-03,4.031250000000000111e-02
3.275999999999999832e-03,4.093750000000000167e-02
3.283200000000000007e-03,4.125000000000000194e-02
3.290399999999999749e-03,4.156250000000000222e-02
3.297599999999999924e-03,4.156250000000000222e-02
3.304799999999999665e-03,4.156250000000000222e-02
3.311999999999999840e-03,4.187500000000000250e-02
3.319200000000000015e-03,4.125000000000000194e-02
3.326399999999999756e-03,4.125000000000000194e-02
3.333599999999999931e-03,4.031250000000000111e-02
3.340799999999999673e-03,4.000000000000000083e-02
3.347999999999999848e-03,3.937500000000000722e-02
3.355200000000000023e-03,3.906250000000000000e-02
3.362399999999999764e-03,3.843750000000000638e-02
3.369599999999999939e-03,3.843750000000000638e-02
3.376799999999999680e-03,3.750000000000000555e-02
3.383999999999999855e-03,3.718750000000000527e-02
3.391200000000000030e-03,3.687500000000000500e-02
3.398399999999999772e-03,3.687500000000000500e-02
3.405599999999999947e-03,3.687500000000000500e-02
3.412799999999999688e-03,3.718750000000000527e-02
3.419999999999999863e-03,3.750000000000000555e-02
3.427200000000000038e-03,3.781250000000000583e-02
3.434399999999999779e-03,3.812500000000000611e-02
3.441599999999999954e-03,3.843750000000000638e-02
3.448799999999999696e-03,3.906250000000000000e-02
3.455999999999999871e-03,3.937500000000000722e-02
3.463200000000000046e-03,3.968750000000000056e-02
3.470399999999999787e-03,4.000000000000000083e-02
3.477599999999999962e-03,4.031250000000000111e-02
3.484799999999999703e-03,4.031250000000000111e-02
3.491999999999999878e-03,4.062500000000000139e-02
3.499200000000000053e-03,4.062500000000000139e-02
3.506399999999999795e-03,4.031250000000000111e-02
3.513599999999999970e-03,4.031250000000000111e-02
3.520799999999999711e-03,4.031250000000000111e-02
3.527999999999999886e-03,4.062500000000000139e-02
3.535199999999999627e-03,4.062500000000000139e-02
3.542399999999999802e-03,4.093750000000000167e-02
3.549599999999999977e-03,4.093750000000000167e-02
3.556799999999999719e-03,4.156250000000000222e-02
3.563999999999999894e-03,4.156250000000000222e-02
3.571199999999999635e-03,4.187500000000000250e-02
3.578399999999999810e-03,4.187500000000000250e-02
3.585599999999999985e-03,4.187500000000000250e-02
3.592799999999999726e-03,4.156250000000000222e-02
3.599999999999999901e-03,4.125000000000000194e-02
3.607199999999999643e-03,4.093750000000000167e-02
3.614399999999999818e-03,4.000000000000000083e-02
3.621599999999999993e-03,3.906250000000000000e-02
3.628799999999999734e-03,3.875000000000000666e-02
3.635999999999999909e-03,3.812500000000000611e-02
3.643199999999999650e-03,3.750000000000000555e-02
3.650399999999999825e-03,3.656250000000000472e-02
3.657600000000000001e-03,3.625000000000000444e-02
3.664799999999999742e-03,3.593750000000000416e-02
3.671999999999999917e-03,3.562500000000000389e-02
3.679199999999999658e-03,3.562500000000000389e-02
3.686399999999999833e-03,3.531250000000000361e-02
3.693600000000000008e-03,3.531250000000000361e-02
3.700799999999999750e-03,3.593750000000000416e-02
3.707999999999999925e-03,3.625000000000000444e-02
3.715199999999999666e-03,3.593750000000000416e-02
3.722399999999999841e-03,3.687500000000000500e-02
3.729600000000000016e-03,3.750000000000000555e-02
3.736799999999999757e-03,3.812500000000000611e-02
3.743999999999999932e-03,3.812500000000000611e-02
3.751199999999999674e-03,3.812500000000000611e-02
3.758399999999999849e-03,3.812500000000000611e-02
3.765600000000000024e-03,3.812500000000000611e-02
3.772799999999999765e-03,3.781250000000000583e-02
3.779999999999999940e-03,3.781250000000000583e-02
3.787199999999999681e-03,3.718750000000000527e-02
3.794399999999999856e-03,3.687500000000000500e-02
3.801600000000000031e-03,3.625000000000000444e-02
3.808799999999999773e-03,3.593750000000000416e-02
3.815999999999999948e-03,3.562500000000000389e-02
3.823199999999999689e-03,3.593750000000000416e-02
3.830399999999999864e-03,3.562500000000000389e-02
3.837600000000000039e-03,3.562500000000000389e-02
3.844799999999999780e-03,3.625000000000000444e-02
3.851999999999999955e-03,3.625000000000000444e-02
3.859199999999999697e-03,3.718750000000000527e-02
3.866399999999999872e-03,3.687500000000000500e-02
3.873599999999999613e-03,3.750000000000000555e-02
3.880799999999999788e-03,3.812500000000000611e-02
3.887999999999999963e-03,3.875000000000000666e-02
3.895199999999999704e-03,3.875000000000000666e-02
3.902399999999999879e-03,3.906250000000000000e-02
3.909600000000000054e-03,3.968750000000000056e-02
3.916799999999999796e-03,3.968750000000000056e-02
3.923999999999999537e-03,4.000000000000000083e-02
3.931200000000000146e-03,4.031250000000000111e-02
3.938399999999999887e-03,4.062500000000000139e-02
3.945599999999999628e-03,4.093750000000000167e-02
3.952800000000000237e-03,4.093750000000000167e-02
3.959999999999999978e-03,4.125000000000000194e-02
3.967199999999999720e-03,4.156250000000000222e-02
3.974399999999999461e-03,4.187500000000000250e-02
3.981600000000000070e-03,4.187500000000000250e-02
3.988799999999999811e-03,4.156250000000000222e-02
3.995999999999999552e-03,4.187500000000000250e-02
4.003200000000000161e-03,4.156250000000000222e-02
4.010399999999999902e-03,4.125000000000000194e-02
4.017599999999999644e-03,4.125000000000000194e-02
4.024799999999999385e-03,4.031250000000000111e-02
4.031999999999999994e-03,3.968750000000000056e-02
4.039199999999999735e-03,3.843750000000000638e-02
4.046399999999999476e-03,3.718750000000000527e-02
4.053600000000000085e-03,3.593750000000000416e-02
4.060799999999999826e-03,3.531250000000000361e-02
4.067999999999999568e-03,3.343750000000000194e-02
4.075200000000000176e-03,3.250000000000000111e-02
4.082399999999999918e-03,3.125000000000000000e-02
4.089599999999999659e-03,2.968750000000000208e-02
4.096799999999999400e-03,2.875000000000000472e-02
4.104000000000000009e-03,2.718750000000000333e-02
4.111199999999999750e-03,2.656250000000000278e-02
4.118399999999999492e-03,2.593750000000000222e-02
4.125600000000000100e-03,2.562500000000000194e-02
4.132799999999999842e-03,2.500000000000000139e-02
4.139999999999999583e-03,2.468750000000000111e-02
4.147200000000000192e-03,2.468750000000000111e-02
4.154399999999999933e-03,2.468750000000000111e-02
4.161599999999999674e-03,2.500000000000000139e-02
4.168799999999999416e-03,2.593750000000000222e-02
4.176000000000000024e-03,2.593750000000000222e-02
4.183199999999999766e-03,2.656250000000000278e-02
4.190399999999999507e-03,2.656250000000000278e-02
4.197600000000000116e-03,2.781250000000000389e-02
4.204799999999999857e-03,2.781250000000000389e-02
4.211999999999999598e-03,2.843750000000000444e-02
4.219200000000000207e-03,2.937500000000000527e-02
4.226399999999999949e-03,2.968750000000000208e-02
4.233599999999999690e-03,3.031250000000000264e-02
4.240799999999999431e-03,3.062500000000000291e-02
4.248000000000000040e-03,3.125000000000000000e-02
4.255199999999999781e-03,3.125000000000000000e-02
4.262399999999999523e-03,3.125000000000000000e-02
4.269600000000000131e-03,3.125000000000000000e-02
4.276799999999999873e-03,3.125000000000000000e-02
4.283999999999999614e-03,3.093750000000000319e-02
4.291200000000000223e-03,3.062500000000000291e-02
4.298399999999999964e-03,2.937500000000000527e-02
4.305599999999999705e-03,2.843750000000000444e-02
4.312799999999999447e-03,2.781250000000000389e-02
4.320000000000000055e-03,2.687500000000000305e-02
4.327199999999999797e-03,2.593750000000000222e-02
4.334399999999999538e-03,2.468750000000000111e-02
4.341600000000000147e-03,2.375000000000000375e-02
4.348799999999999888e-03,2.218750000000000236e-02
4.355999999999999629e-03,2.125000000000000500e-02
4.363199999999999371e-03,2.062500000000000444e-02
4.370399999999999979e-03,1.937500000000000333e-02
4.377599999999999721e-03,1.843750000000000250e-02
4.384799999999999462e-03,1.812500000000000222e-02
4.392000000000000071e-03,1.718750000000000139e-02
4.399199999999999812e-03,1.656250000000000430e-02
4.406399999999999553e-03,1.593750000000000375e-02
4.413600000000000162e-03,1.531250000000000319e-02
4.420799999999999903e-03,1.406250000000000208e-02
4.427999999999999645e-03,1.406250000000000208e-02
4.435199999999999386e-03,1.375000000000000180e-02
4.442399999999999995e-03,1.343750000000000153e-02
4.449599999999999736e-03,1.312500000000000125e-02
4.456799999999999477e-03,1.343750000000000153e-02
4.464000000000000086e-03,1.343750000000000153e-02
4.471199999999999827e-03,1.437500000000000236e-02
4.478399999999999569e-03,1.468750000000000264e-02
4.485600000000000177e-03,1.593750000000000375e-02
4.492799999999999919e-03,1.750000000000000167e-02
4.499999999999999660e-03,1.750000000000000167e-02
4.507199999999999401e-03,1.843750000000000250e-02
4.514400000000000010e-03,1.906250000000000305e-02
4.521599999999999751e-03,1.968750000000000361e-02
4.528799999999999493e-03,1.968750000000000361e-02
4.536000000000000101e-03,2.093750000000000472e-02
4.543199999999999843e-03,2.093750000000000472e-02
4.550399999999999584e-03,2.125000000000000500e-02
4.557600000000000193e-03,2.125000000000000500e-02
4.564799999999999934e-03,2.062500000000000444e-02
4.571999999999999675e-03,2.031250000000000416e-02
4.579199999999999417e-03,1.968750000000000361e-02
4.586400000000000025e-03,1.968750000000000361e-02
4.593599999999999767e-03,1.906250000000000305e-02
4.600799999999999508e-03,1.718750000000000139e-02
4.608000000000000117e-03,1.718750000000000139e-02
4.615199999999999858e-03,1.656250000000000430e-02
4.622399999999999599e-03,1.593750000000000375e-02
4.629600000000000208e-03,1.500000000000000291e-02
4.636799999999999949e-03,1.468750000000000264e-02
4.643999999999999691e-03,1.375000000000000180e-02
4.651199999999999432e-03,1.343750000000000153e-02
4.658400000000000041e-03,1.312500000000000125e-02
4.665599999999999782e-03,1.281250000000000444e-02
4.672799999999999523e-03,1.250000000000000416e-02
4.680000000000000132e-03,1.218750000000000389e-02
4.687199999999999873e-03,1.156250000000000333e-02
4.694399999999999615e-03,1.125000000000000305e-02
4.701599999999999356e-03,1.062500000000000250e-02
4.708799999999999965e-03,1.062500000000000250e-02
4.715999999999999706e-03,9.687500000000001665e-03
4.723199999999999447e-03,9.687500000000001665e-03
4.730400000000000056e-03,9.687500000000001665e-03
4.737599999999999797e-03,9.375000000000001388e-03
4.744799999999999539e-03,9.375000000000001388e-03
4.752000000000000147e-03,9.687500000000001665e-03
4.759199999999999889e-03,1.000000000000000194e-02
4.766399999999999630e-03,1.031250000000000222e-02
4.773599999999999371e-03,1.062500000000000250e-02
4.780799999999999980e-03,1.187500000000000361e-02
4.787999999999999722e-03,1.187500000000000361e-02
4.795199999999999463e-03,1.250000000000000416e-02
4.802400000000000072e-03,1.343750000000000153e-02
4.809599999999999813e-03,1.375000000000000180e-02
4.816799999999999554e-03,1.468750000000000264e-02
4.824000000000000163e-03,1.531250000000000319e-02
4.831199999999999904e-03,1.593750000000000375e-02
4.838399999999999646e-03,1.593750000000000375e-02
4.845599999999999387e-03,1.593750000000000375e-02
4.852799999999999996e-03,1.593750000000000375e-02
4.859999999999999737e-03,1.562500000000000347e-02
4.867199999999999478e-03,1.531250000000000319e-02
4.874400000000000087e-03,1.531250000000000319e-02
4.881599999999999828e-03,1.406250000000000208e-02
4.888799999999999570e-03,1.406250000000000208e-02
4.896000000000000178e-03,1.281250000000000444e-02
4.903199999999999920e-03,1.281250000000000444e-02
4.910399999999999661e-03,1.156250000000000333e-02
4.917599999999999402e-03,1.187500000000000361e-02
4.924800000000000011e-03,1.125000000000000305e-02
4.931999999999999752e-03,1.093750000000000278e-02
4.939199999999999494e-03,1.062500000000000250e-02
4.946400000000000102e-03,1.062500000000000250e-02
4.953599999999999844e-03,1.062500000000000250e-02
4.960799999999999585e-03,1.031250000000000222e-02
4.968000000000000194e-03,1.031250000000000222e-02
4.975199999999999935e-03,1.000000000000000194e-02
4.982399999999999676e-03,1.000000000000000194e-02
4.989599999999999418e-03,9.375000000000001388e-03
4.996800000000000026e-03,9.375000000000001388e-03
5.003999999999999768e-03,8.750000000000004302e-03
5.011199999999999509e-03,8.437500000000004025e-03
5.018400000000000118e-03,8.125000000000003747e-03
5.025599999999999859e-03,7.812500000000003469e-03
5.032799999999999600e-03,7.812500000000003469e-03
5.039999999999999342e-03,7.812500000000003469e-03
5.047199999999999950e-03,8.125000000000003747e-03
5.054399999999999692e-03,8.437500000000004025e-03
5.061599999999999433e-03,9.062500000000001110e-03
5.068800000000000042e-03,9.375000000000001388e-03
5.075999999999999783e-03,9.375000000000001388e-03
5.083199999999999524e-03,1.031250000000000222e-02
5.090400000000000133e-03,1.062500000000000250e-02
5.097599999999999874e-03,1.093750000000000278e-02
5.104799999999999616e-03,1.187500000000000361e-02
5.111999999999999357e-03,1.187500000000000361e-02
5.119199999999999966e-03,1.187500000000000361e-02
5.126399999999999707e-03,1.187500000000000361e-02
5.133599999999999448e-03,1.218750000000000389e-02
5.140800000000000057e-03,1.187500000000000361e-02
5.147999999999999798e-03,1.187500000000000361e-02
5.155199999999999540e-03,1.125000000000000305e-02
5.162400000000000148e-03,1.062500000000000250e-02
5.169599999999999890e-03,1.062500000000000250e-02
5.176799999999999631e-03,1.031250000000000222e-02
5.183999999999999372e-03,9.687500000000001665e-03
5.191199999999999981e-03,9.375000000000001388e-03
5.198399999999999722e-03,9.062500000000001110e-03
5.205599999999999464e-03,8.750000000000004302e-03
5.212800000000000072e-03,8.750000000000004302e-03
5.219999999999999814e-03,8.437500000000004025e-03
5.227199999999999555e-03,9.062500000000001110e-03
5.234400000000000164e-03,8.750000000000004302e-03
5.241599999999999905e-03,8.750000000000004302e-03
5.248799999999999646e-03,9.062500000000001110e-03
5.255999999999999388e-03,9.062500000000001110e-03
5.263199999999999996e-03,9.062500000000001110e-03
5.270399999999999738e-03,8.750000000000004302e-03
5.277599999999999479e-03,8.750000000000004302e-03
5.284800000000000088e-03,8.125000000000003747e-03
5.291999999999999829e-03,8.125000000000003747e-03
5.299199999999999570e-03,7.812500000000003469e-03
5.306400000000000179e-03,7.500000000000003192e-03
5.313599999999999920e-03,7.187500000000002914e-03
5.320799999999999662e-03,7.187500000000002914e-03
5.327999999999999403e-03,7.500000000000003192e-03
5.335200000000000012e-03,7.812500000000003469e-03
5.342399999999999753e-03,8.125000000000003747e-03
5.349599999999999494e-03,8.750000000000004302e-03
5.356800000000000103e-03,9.062500000000001110e-03
5.363999999999999845e-03,9.375000000000001388e-03
5.371199999999999586e-03,1.000000000000000194e-02
5.378399999999999327e-03,1.125000000000000305e-02
5.385599999999999936e-03,1.156250000000000333e-02
5.392799999999999677e-03,1.218750000000000389e-02
5.399999999999999419e-03,1.281250000000000444e-02
5.407200000000000027e-03,1.312500000000000125e-02
5.414399999999999769e-03,1.343750000000000153e-02
5.421599999999999510e-03,1.312500000000000125e-02
5.428800000000000119e-03,1.343750000000000153e-02
5.435999999999999860e-03,1.343750000000000153e-02
5.443199999999999601e-03,1.281250000000000444e-02
5.450399999999999343e-03,1.218750000000000389e-02
5.457599999999999951e-03,1.187500000000000361e-02
5.464799999999999693e-03,1.187500000000000361e-02
5.471999999999999434e-03,1.125000000000000305e-02
5.479200000000000043e-03,1.062500000000000250e-02
5.486399999999999784e-03,1.031250000000000222e-02
5.493599999999999525e-03,1.000000000000000194e-02
5.500800000000000134e-03,9.687500000000001665e-03
5.507999999999999875e-03,9.375000000000001388e-03
5.515199999999999617e-03,9.375000000000001388e-03
5.522399999999999358e-03,9.375000000000001388e-03
5.529599999999999967e-03,9.375000000000001388e-03
5.536799999999999708e-03,9.687500000000001665e-03
5.543999999999999449e-03,9.687500000000001665e-03
5.551200000000000058e-03,9.687500000000001665e-03
5.558399999999999799e-03,9.687500000000001665e-03
5.565599999999999541e-03,9.375000000000001388e-03
5.572800000000000149e-03,9.375000000000001388e-03
5.579999999999999891e-03,9.062500000000001110e-03
5.587199999999999632e-03,8.750000000000004302e-03
5.594399999999999373e-03,8.125000000000003747e-03
5.601599999999999982e-03,8.125000000000003747e-03
5.608799999999999723e-03,7.812500000000003469e-03
5.615999999999999465e-03,7.812500000000003469e-03
5.623200000000000073e-03,7.500000000000003192e-03
5.630399999999999815e-03,7.500000000000003192e-03
5.637599999999999556e-03,7.500000000000003192e-03
5.644800000000000165e-03,8.125000000000003747e-03
5.651999999999999906e-03,8.125000000000003747e-03
5.659199999999999647e-03,8.750000000000004302e-03
5.666399999999999389e-03,9.375000000000001388e-03
5.673599999999999997e-03,9.062500000000001110e-03
5.680799999999999739e-03,1.000000000000000194e-02
5.687999999999999480e-03,1.000000000000000194e-02
5.695200000000000089e-03,1.000000000000000194e-02
5.702399999999999830e-03,1.031250000000000222e-02
5.709599999999999571e-03,1.031250000000000222e-02
5.716799999999999313e-03,1.031250000000000222e-02
5.723999999999999921e-03,9.687500000000001665e-03
5.731199999999999663e-03,9.687500000000001665e-03
5.738399999999999404e-03,9.062500000000001110e-03
5.745600000000000013e-03,8.750000000000004302e-03
5.752799999999999754e-03,8.437500000000004025e-03
5.759999999999999495e-03,1.093750000000000278e-02
5.767200000000000104e-03,1.031250000000000222e-02
5.774399999999999845e-03,1.031250000000000222e-02
5.781599999999999587e-03,1.000000000000000194e-02
5.788799999999999328e-03,9.687500000000001665e-03
5.795999999999999937e-03,9.375000000000001388e-03
5.803199999999999678e-03,9.375000000000001388e-03
5.810399999999999419e-03,9.375000000000001388e-03
5.817600000000000028e-03,9.375000000000001388e-03
5.824799999999999769e-03,9.687500000000001665e-03
5.831999999999999511e-03,9.687500000000001665e-03
5.839200000000000119e-03,1.000000000000000194e-02
5.846399999999999861e-03,9.687500000000001665e-03
5.853599999999999602e-03,9.687500000000001665e-03
5.860799999999999343e-03,9.375000000000001388e-03
5.867999999999999952e-03,9.375000000000001388e-03
5.875199999999999693e-03,9.062500000000001110e-03
5.882399999999999435e-03,8.750000000000004302e-03
5.889600000000000043e-03,8.437500000000004025e-03
5.896799999999999785e-03,8.125000000000003747e-03
5.903999999999999526e-03,7.812500000000003469e-03
5.911200000000000135e-03,7.187500000000002914e-03
5.918399999999999876e-03,7.500000000000003192e-03
5.925599999999999618e-03,7.500000000000003192e-03
5.932799999999999359e-03,7.812500000000003469e-03
5.939999999999999968e-03,7.812500000000003469e-03
5.947199999999999709e-03,8.125000000000003747e-03
5.954399999999999450e-03,8.125000000000003747e-03
5.961600000000000059e-03,8.750000000000004302e-03
5.968799999999999800e-03,8.750000000000004302e-03
5.975999999999999542e-03,8.750000000000004302e-03
5.983200000000000150e-03,9.375000000000001388e-03
5.990399999999999892e-03,8.750000000000004302e-03
5.997599999999999633e-03,9.375000000000001388e-03
6.004799999999999374e-03,9.062500000000001110e-03
6.011999999999999983e-03,8.437500000000004025e-03
6.019199999999999724e-03,8.437500000000004025e-03
6.026399999999999466e-03,8.437500000000004025e-03
6.033600000000000074e-03,8.125000000000003747e-03
6.040799999999999816e-03,7.812500000000003469e-03
6.047999999999999557e-03,7.500000000000003192e-03
6.055199999999999298e-03,7.187500000000002914e-03
6.062399999999999907e-03,7.187500000000002914e-03
6.069599999999999648e-03,7.500000000000003192e-03
6.076799999999999390e-03,7.812500000000003469e-03
6.083999999999999998e-03,7.812500000000003469e-03
6.091199999999999740e-03,8.125000000000003747e-03
6.098399999999999481e-03,8.750000000000004302e-03
6.105600000000000090e-03,9.687500000000001665e-03
6.112799999999999831e-03,1.031250000000000222e-02
6.119999999999999572e-03,1.062500000000000250e-02
6.127199999999999314e-03,1.125000000000000305e-02
6.134399999999999922e-03,1.156250000000000333e-02
6.141599999999999664e-03,1.218750000000000389e-02
6.148799999999999405e-03,1.250000000000000416e-02
6.156000000000000014e-03,1.281250000000000444e-02
6.163199999999999755e-03,1.250000000000000416e-02
6.170399999999999496e-03,1.218750000000000389e-02
6.177600000000000105e-03,1.250000000000000416e-02
6.184799999999999846e-03,1.156250000000000333e-02
6.191999999999999588e-03,1.156250000000000333e-02
6.199199999999999329e-03,1.062500000000000250e-02
6.206399999999999938e-03,1.062500000000000250e-02
6.213599999999999679e-03,1.000000000000000194e-02
6.220799999999999420e-03,9.687500000000001665e-03
6.228000000000000029e-03,9.375000000000001388e-03
6.235199999999999770e-03,9.375000000000001388e-03
6.242399999999999512e-03,9.062500000000001110e-03
6.249600000000000120e-03,9.062500000000001110e-03
6.256799999999999862e-03,9.062500000000001110e-03
6.263999999999999603e-03,9.062500000000001110e-03
6.271199999999999344e-03,9.375000000000001388e-03
6.278399999999999953e-03,9.062500000000001110e-03
6.285599999999999694e-03,8.750000000000004302e-03
6.292799999999999436e-03,8.750000000000004302e-03
6.300000000000000044e-03,8.437500000000004025e-03
6.307199999999999786e-03,8.437500000000004025e-03
6.314399999999999527e-03,7.500000000000003192e-03
6.321600000000000136e-03,7.500000000000003192e-03
6.328799999999999877e-03,7.187500000000002914e-03
6.335999999999999618e-03,7.187500000000002914e-03
6.343199999999999360e-03,6.875000000000002637e-03
6.350399999999999968e-03,7.187500000000002914e-03
6.357599999999999710e-03,7.187500000000002914e-03
6.364799999999999451e-03,7.812500000000003469e-03
6.372000000000000060e-03,7.812500000000003469e-03
6.379199999999999801e-03,8.750000000000004302e-03
6.386399999999999542e-03,9.062500000000001110e-03
6.393599999999999284e-03,1.031250000000000222e-02
6.400799999999999892e-03,1.125000000000000305e-02
6.407999999999999634e-03,1.125000000000000305e-02
6.415199999999999375e-03,1.218750000000000389e-02
6.422399999999999984e-03,1.281250000000000444e-02
6.429599999999999725e-03,1.343750000000000153e-02
6.436799999999999466e-03,1.343750000000000153e-02
6.444000000000000075e-03,1.375000000000000180e-02
6.451199999999999816e-03,1.406250000000000208e-02
6.458399999999999558e-03,1.375000000000000180e-02
6.465599999999999299e-03,1.343750000000000153e-02
6.472799999999999908e-03,1.312500000000000125e-02
6.479999999999999649e-03,1.218750000000000389e-02
6.487199999999999390e-03,1.218750000000000389e-02
6.494399999999999999e-03,1.125000000000000305e-02
6.501599999999999741e-03,1.093750000000000278e-02
6.508799999999999482e-03,1.093750000000000278e-02
6.516000000000000091e-03,1.000000000000000194e-02
6.523199999999999832e-03,1.000000000000000194e-02
6.530399999999999573e-03,9.687500000000001665e-03
6.537599999999999315e-03,9.375000000000001388e-03
6.544799999999999923e-03,9.375000000000001388e-03
6.551999999999999665e-03,9.062500000000001110e-03
6.559199999999999406e-03,9.062500000000001110e-03
6.566400000000000015e-03,9.062500000000001110e-03
6.573599999999999756e-03,8.750000000000004302e-03
6.580799999999999497e-03,8.437500000000004025e-03
6.588000000000000106e-03,8.125000000000003747e-03
6.595199999999999847e-03,7.812500000000003469e-03
6.602399999999999589e-03,7.812500000000003469e-03
6.609599999999999330e-03,7.187500000000002914e-03
6.616799999999999939e-03,7.187500000000002914e-03
6.623999999999999680e-03,6.875000000000002637e-03
6.631199999999999421e-03,6.875000000000002637e-03
6.638400000000000030e-03,7.187500000000002914e-03
6.645599999999999771e-03,7.500000000000003192e-03
6.652799999999999513e-03,7.500000000000003192e-03
6.660000000000000121e-03,8.750000000000004302e-03
6.667199999999999863e-03,9.375000000000001388e-03
6.674399999999999604e-03,1.031250000000000222e-02
6.681599999999999345e-03,1.062500000000000250e-02
6.688799999999999954e-03,1.187500000000000361e-02
6.695999999999999695e-03,1.250000000000000416e-02
6.703199999999999437e-03,1.312500000000000125e-02
6.710400000000000045e-03,1.406250000000000208e-02
6.717599999999999787e-03,1.468750000000000264e-02
6.724799999999999528e-03,1.500000000000000291e-02
6.731999999999999269e-03,1.562500000000000347e-02
6.739199999999999878e-03,1.562500000000000347e-02
6.746399999999999619e-03,1.531250000000000319e-02
6.753599999999999361e-03,1.531250000000000319e-02
6.760799999999999969e-03,1.500000000000000291e-02
6.767999999999999711e-03,1.406250000000000208e-02
6.775199999999999452e-03,1.375000000000000180e-02
6.782400000000000061e-03,1.312500000000000125e-02
6.789599999999999802e-03,1.281250000000000444e-02
6.796799999999999543e-03,1.187500000000000361e-02
6.803999999999999285e-03,1.156250000000000333e-02
6.811199999999999893e-03,1.156250000000000333e-02
6.818399999999999635e-03,1.093750000000000278e-02
6.825599999999999376e-03,1.062500000000000250e-02
6.832799999999999985e-03,1.031250000000000222e-02
6.839999999999999726e-03,1.000000000000000194e-02
6.847199999999999467e-03,1.031250000000000222e-02
6.854400000000000076e-03,9.687500000000001665e-03
6.861599999999999817e-03,9.375000000000001388e-03
6.868799999999999559e-03,8.750000000000004302e-03
6.875999999999999300e-03,8.750000000000004302e-03
6.883199999999999909e-03,8.437500000000004025e-03
6.890399999999999650e-03,8.125000000000003747e-03
6.897599999999999391e-03,7.500000000000003192e-03
6.904800000000000000e-03,7.500000000000003192e-03
6.911999999999999741e-03,7.500000000000003192e-03
6.919199999999999483e-03,7.500000000000003192e-03
6.926400000000000091e-03,7.500000000000003192e-03
6.933599999999999833e-03,8.125000000000003747e-03
6.940799999999999574e-03,8.437500000000004025e-03
6.947999999999999315e-03,8.750000000000004302e-03
6.955199999999999924e-03,9.687500000000001665e-03
6.962399999999999665e-03,1.062500000000000250e-02
6.969599999999999407e-03,1.187500000000000361e-02
6.976800000000000015e-03,1.250000000000000416e-02
6.983999999999999757e-03,1.437500000000000236e-02
6.991199999999999498e-03,1.531250000000000319e-02
6.998400000000000107e-03,1.625000000000000402e-02
7.005599999999999848e-03,1.718750000000000139e-02
7.012799999999999589e-03,1.812500000000000222e-02
7.019999999999999331e-03,1.812500000000000222e-02
7.027199999999999940e-03,1.875000000000000278e-02
7.034399999999999681e-03,1.906250000000000305e-02
7.041599999999999422e-03,1.937500000000000333e-02
7.048800000000000031e-03,1.906250000000000305e-02
7.055999999999999772e-03,1.906250000000000305e-02
7.063199999999999514e-03,1.843750000000000250e-02
7.070399999999999255e-03,1.750000000000000167e-02
7.077599999999999864e-03,1.718750000000000139e-02
7.084799999999999605e-03,1.656250000000000430e-02
7.091999999999999346e-03,1.593750000000000375e-02
7.099199999999999955e-03,1.500000000000000291e-02
7.106399999999999696e-03,1.468750000000000264e-02
7.113599999999999438e-03,1.375000000000000180e-02
7.120800000000000046e-03,1.375000000000000180e-02
7.127999999999999788e-03,1.312500000000000125e-02
7.135199999999999529e-03,1.187500000000000361e-02
7.142399999999999270e-03,1.187500000000000361e-02
7.149599999999999879e-03,1.156250000000000333e-02
7.156799999999999620e-03,1.093750000000000278e-02
7.163999999999999362e-03,1.062500000000000250e-02
7.171199999999999970e-03,1.031250000000000222e-02
7.178399999999999712e-03,1.062500000000000250e-02
7.185599999999999453e-03,1.093750000000000278e-02
7.192800000000000062e-03,1.156250000000000333e-02
7.199999999999999803e-03,1.250000000000000416e-02
7.207199999999999544e-03,1.250000000000000416e-02
7.214399999999999286e-03,1.375000000000000180e-02
7.221599999999999894e-03,1.468750000000000264e-02
7.228799999999999636e-03,1.718750000000000139e-02
7.235999999999999377e-03,1.750000000000000167e-02
7.243199999999999986e-03,1.968750000000000361e-02
7.250399999999999727e-03,2.093750000000000472e-02
7.257599999999999468e-03,2.218750000000000236e-02
7.264800000000000077e-03,2.343750000000000347e-02
7.271999999999999818e-03,2.531250000000000167e-02
7.279199999999999560e-03,2.625000000000000250e-02
7.286399999999999301e-03,2.687500000000000305e-02
7.293599999999999910e-03,2.750000000000000361e-02
7.300799999999999651e-03,2.906250000000000500e-02
7.307999999999999392e-03,2.968750000000000208e-02
7.315200000000000001e-03,3.062500000000000291e-02
7.322399999999999742e-03,3.125000000000000000e-02
7.329599999999999484e-03,3.187500000000000056e-02
7.336800000000000092e-03,3.250000000000000111e-02
7.343999999999999834e-03,3.250000000000000111e-02
7.351199999999999575e-03,3.218750000000000083e-02
7.358399999999999316e-03,3.218750000000000083e-02
7.365599999999999925e-03,3.156250000000000028e-02
7.372799999999999666e-03,3.125000000000000000e-02
7.379999999999999408e-03,3.031250000000000264e-02
7.387200000000000016e-03,3.000000000000000236e-02
7.394399999999999758e-03,2.875000000000000472e-02
7.401599999999999499e-03,2.812500000000000416e-02
7.408799999999999240e-03,2.687500000000000305e-02
7.415999999999999849e-03,2.625000000000000250e-02
7.423199999999999590e-03,2.562500000000000194e-02
7.430399999999999332e-03,2.500000000000000139e-02
7.437599999999999940e-03,2.468750000000000111e-02
7.444799999999999682e-03,2.375000000000000375e-02
7.451999999999999423e-03,2.375000000000000375e-02
7.459200000000000032e-03,2.343750000000000347e-02
7.466399999999999773e-03,2.343750000000000347e-02
7.473599999999999514e-03,2.343750000000000347e-02
7.480799999999999256e-03,2.343750000000000347e-02
7.487999999999999864e-03,2.437500000000000083e-02
7.495199999999999606e-03,2.500000000000000139e-02
7.502399999999999347e-03,2.593750000000000222e-02
7.509599999999999956e-03,2.656250000000000278e-02
7.516799999999999697e-03,2.781250000000000389e-02
7.523999999999999438e-03,2.843750000000000444e-02
7.531200000000000047e-03,2.968750000000000208e-02
7.538399999999999788e-03,3.031250000000000264e-02
7.545599999999999530e-03,3.093750000000000319e-02
7.552799999999999271e-03,3.187500000000000056e-02
7.559999999999999880e-03,3.312500000000000167e-02
7.567199999999999621e-03,3.375000000000000222e-02
7.574399999999999362e-03,3.437500000000000278e-02
7.581599999999999971e-03,3.500000000000000333e-02
7.588799999999999712e-03,3.593750000000000416e-02
7.595999999999999454e-03,3.687500000000000500e-02
7.603200000000000063e-03,3.718750000000000527e-02
7.610399999999999804e-03,3.781250000000000583e-02
7.617599999999999545e-03,3.781250000000000583e-02
7.624799999999999287e-03,3.812500000000000611e-02
7.631999999999999895e-03,3.843750000000000638e-02
7.639199999999999637e-03,3.843750000000000638e-02
7.646399999999999378e-03,3.812500000000000611e-02
7.653599999999999987e-03,3.750000000000000555e-02
7.660799999999999728e-03,3.781250000000000583e-02
7.667999999999999469e-03,3.656250000000000472e-02
7.675200000000000078e-03,3.625000000000000444e-02
7.682399999999999819e-03,3.500000000000000333e-02
7.689599999999999561e-03,3.406250000000000250e-02
7.696799999999999302e-03,3.312500000000000167e-02
7.703999999999999911e-03,3.250000000000000111e-02
7.711199999999999652e-03,3.156250000000000028e-02
7.718399999999999393e-03,3.156250000000000028e-02
7.725600000000000002e-03,3.062500000000000291e-02
7.732799999999999743e-03,3.000000000000000236e-02
7.739999999999999485e-03,2.968750000000000208e-02
7.747199999999999226e-03,2.937500000000000527e-02
7.754399999999999835e-03,2.937500000000000527e-02
7.761599999999999576e-03,2.937500000000000527e-02
7.768799999999999317e-03,2.968750000000000208e-02
7.775999999999999926e-03,3.031250000000000264e-02
7.783199999999999667e-03,3.031250000000000264e-02
7.790399999999999409e-03,3.125000000000000000e-02
7.797600000000000017e-03,3.218750000000000083e-02
7.804799999999999759e-03,3.281250000000000139e-02
7.811999999999999500e-03,3.312500000000000167e-02
7.819200000000000109e-03,3.437500000000000278e-02
7.826399999999998983e-03,3.500000000000000333e-02
7.833599999999999591e-03,3.531250000000000361e-02
7.840800000000000200e-03,3.593750000000000416e-02
7.847999999999999074e-03,3.656250000000000472e-02
7.855199999999999683e-03,3.656250000000000472e-02
7.862400000000000291e-03,3.718750000000000527e-02
7.869599999999999165e-03,3.718750000000000527e-02
7.876799999999999774e-03,3.750000000000000555e-02
7.884000000000000383e-03,3.812500000000000611e-02
7.891199999999999257e-03,3.812500000000000611e-02
7.898399999999999865e-03,3.843750000000000638e-02
7.905600000000000474e-03,3.937500000000000722e-02
7.912799999999999348e-03,3.937500000000000722e-02
7.919999999999999957e-03,3.968750000000000056e-02
7.927199999999998831e-03,3.968750000000000056e-02
7.934399999999999439e-03,3.968750000000000056e-02
7.941600000000000048e-03,3.968750000000000056e-02
7.948799999999998922e-03,3.937500000000000722e-02
7.955999999999999531e-03,3.937500000000000722e-02
7.963200000000000139e-03,3.843750000000000638e-02
7.970399999999999013e-03,3.781250000000000583e-02
7.977599999999999622e-03,3.687500000000000500e-02
7.984800000000000231e-03,3.687500000000000500e-02
7.991999999999999105e-03,3.593750000000000416e-02
7.999199999999999713e-03,3.500000000000000333e-02
8.006400000000000322e-03,3.437500000000000278e-02
8.013599999999999196e-03,3.437500000000000278e-02
8.020799999999999805e-03,3.375000000000000222e-02
8.028000000000000413e-03,3.375000000000000222e-02
8.035199999999999287e-03,3.312500000000000167e-02
8.042399999999999896e-03,3.312500000000000167e-02
8.049599999999998770e-03,3.343750000000000194e-02
8.056799999999999379e-03,3.343750000000000194e-02
8.063999999999999987e-03,3.375000000000000222e-02
8.071199999999998861e-03,3.437500000000000278e-02
8.078399999999999470e-03,3.562500000000000389e-02
8.085600000000000079e-03,3.593750000000000416e-02
8.092799999999998953e-03,3.656250000000000472e-02
8.099999999999999561e-03,3.750000000000000555e-02
8.107200000000000170e-03,3.750000000000000555e-02
8.114399999999999044e-03,3.812500000000000611e-02
8.121599999999999653e-03,3.875000000000000666e-02
8.128800000000000262e-03,3.937500000000000722e-02
8.135999999999999135e-03,3.937500000000000722e-02
8.143199999999999744e-03,3.968750000000000056e-02
8.150400000000000353e-03,4.000000000000000083e-02
8.157599999999999227e-03,4.062500000000000139e-02
8.164799999999999836e-03,4.062500000000000139e-02
8.172000000000000444e-03,4.125000000000000194e-02
8.179199999999999318e-03,4.125000000000000194e-02
8.186399999999999927e-03,4.218750000000000278e-02
8.193599999999998801e-03,4.218750000000000278e-02
8.200799999999999410e-03,4.281250000000000333e-02
8.208000000000000018e-03,4.312500000000000361e-02
8.215199999999998892e-03,4.312500000000000361e-02
8.222399999999999501e-03,4.343750000000000389e-02
8.229600000000000110e-03,4.312500000000000361e-02
8.236799999999998984e-03,4.281250000000000333e-02
8.243999999999999592e-03,4.250000000000000305e-02
8.251200000000000201e-03,4.156250000000000222e-02
8.258399999999999075e-03,4.062500000000000139e-02
8.265599999999999684e-03,4.062500000000000139e-02
8.272800000000000292e-03,3.906250000000000000e-02
8.279999999999999166e-03,3.843750000000000638e-02
8.287199999999999775e-03,3.781250000000000583e-02
8.294400000000000384e-03,3.718750000000000527e-02
8.301599999999999258e-03,3.656250000000000472e-02
8.308799999999999866e-03,3.562500000000000389e-02
8.316000000000000475e-03,3.500000000000000333e-02
8.323199999999999349e-03,3.500000000000000333e-02
8.330399999999999958e-03,3.437500000000000278e-02
8.337599999999998832e-03,3.468750000000000305e-02
8.344799999999999440e-03,3.468750000000000305e-02
8.352000000000000049e-03,3.500000000000000333e-02
8.359199999999998923e-03,3.593750000000000416e-02
8.366399999999999532e-03,3.593750000000000416e-02
8.373600000000000140e-03,3.656250000000000472e-02
8.380799999999999014e-03,3.687500000000000500e-02
8.387999999999999623e-03,3.750000000000000555e-02
8.395200000000000232e-03,3.781250000000000583e-02
8.402399999999999106e-03,3.843750000000000638e-02
8.409599999999999714e-03,3.843750000000000638e-02
8.416800000000000323e-03,3.906250000000000000e-02
8.423999999999999197e-03,3.875000000000000666e-02
8.431199999999999806e-03,3.937500000000000722e-02
8.438400000000000414e-03,3.937500000000000722e-02
8.445599999999999288e-03,3.937500000000000722e-02
8.452799999999999897e-03,3.968750000000000056e-02
8.459999999999998771e-03,4.000000000000000083e-02
8.467199999999999380e-03,4.031250000000000111e-02
8.474399999999999988e-03,4.062500000000000139e-02
8.481599999999998862e-03,4.062500000000000139e-02
8.488799999999999471e-03,4.062500000000000139e-02
8.496000000000000080e-03,4.093750000000000167e-02
8.503199999999998954e-03,4.093750000000000167e-02
8.510399999999999562e-03,4.125000000000000194e-02
8.517600000000000171e-03,4.125000000000000194e-02
8.524799999999999045e-03,4.093750000000000167e-02
8.531999999999999654e-03,4.031250000000000111e-02
8.539200000000000262e-03,4.000000000000000083e-02
8.546399999999999136e-03,3.937500000000000722e-02
8.553599999999999745e-03,3.843750000000000638e-02
8.560800000000000354e-03,3.812500000000000611e-02
8.567999999999999228e-03,3.687500000000000500e-02
8.575199999999999836e-03,3.625000000000000444e-02
8.582400000000000445e-03,3.562500000000000389e-02
8.589599999999999319e-03,3.500000000000000333e-02
8.596799999999999928e-03,3.468750000000000305e-02
8.603999999999998802e-03,3.406250000000000250e-02
8.611199999999999410e-03,3.406250000000000250e-02
8.618400000000000019e-03,3.343750000000000194e-02
8.625599999999998893e-03,3.312500000000000167e-02
8.632799999999999502e-03,3.343750000000000194e-02
8.640000000000000110e-03,3.343750000000000194e-02
8.647199999999998984e-03,3.406250000000000250e-02
8.654399999999999593e-03,3.406250000000000250e-02
8.661600000000000202e-03,3.500000000000000333e-02
8.668799999999999076e-03,3.593750000000000416e-02
8.675999999999999684e-03,3.625000000000000444e-02
8.683200000000000293e-03,3.687500000000000500e-02
8.690399999999999167e-03,3.718750000000000527e-02
8.697599999999999776e-03,3.781250000000000583e-02
8.704800000000000385e-03,3.812500000000000611e-02
8.711999999999999258e-03,3.843750000000000638e-02
8.719199999999999867e-03,3.812500000000000611e-02
8.726399999999998741e-03,3.875000000000000666e-02
8.733599999999999350e-03,3.843750000000000638e-02
8.740799999999999959e-03,3.906250000000000000e-02
8.747999999999998832e-03,3.906250000000000000e-02
8.755199999999999441e-03,3.906250000000000000e-02
8.762400000000000050e-03,3.937500000000000722e-02
8.769599999999998924e-03,4.000000000000000083e-02
8.776799999999999533e-03,4.000000000000000083e-02
8.784000000000000141e-03,4.093750000000000167e-02
8.791199999999999015e-03,4.093750000000000167e-02
8.798399999999999624e-03,4.156250000000000222e-02
8.805600000000000233e-03,4.156250000000000222e-02
8.812799999999999107e-03,4.156250000000000222e-02
8.819999999999999715e-03,4.156250000000000222e-02
8.827200000000000324e-03,4.156250000000000222e-02
8.834399999999999198e-03,4.093750000000000167e-02
8.841599999999999807e-03,4.062500000000000139e-02
8.848800000000000415e-03,4.000000000000000083e-02
8.855999999999999289e-03,3.968750000000000056e-02
8.863199999999999898e-03,3.875000000000000666e-02
8.870399999999998772e-03,3.875000000000000666e-02
8.877599999999999381e-03,3.812500000000000611e-02
8.884799999999999989e-03,3.781250000000000583e-02
8.891999999999998863e-03,3.781250000000000583e-02
8.899199999999999472e-03,3.781250000000000583e-02
8.906400000000000081e-03,3.781250000000000583e-02
8.913599999999998955e-03,3.781250000000000583e-02
8.920799999999999563e-03,3.843750000000000638e-02
8.928000000000000172e-03,3.843750000000000638e-02
8.935199999999999046e-03,3.875000000000000666e-02
8.942399999999999655e-03,3.937500000000000722e-02
8.949600000000000263e-03,3.968750000000000056e-02
8.956799999999999137e-03,4.000000000000000083e-02
8.963999999999999746e-03,4.000000000000000083e-02
8.971200000000000355e-03,4.031250000000000111e-02
8.978399999999999229e-03,4.031250000000000111e-02
8.985599999999999837e-03,4.000000000000000083e-02
8.992800000000000446e-03,4.000000000000000083e-02
8.999999999999999320e-03,3.937500000000000722e-02
9.007199999999999929e-03,3.906250000000000000e-02
9.014399999999998803e-03,3.843750000000000638e-02
9.021599999999999411e-03,3.781250000000000583e-02
9.028800000000000020e-03,3.750000000000000555e-02
9.035999999999998894e-03,3.718750000000000527e-02
9.043199999999999503e-03,3.718750000000000527e-02
9.050400000000000111e-03,3.687500000000000500e-02
9.057599999999998985e-03,3.687500000000000500e-02
9.064799999999999594e-03,3.718750000000000527e-02
9.072000000000000203e-03,3.718750000000000527e-02
9.079199999999999077e-03,3.781250000000000583e-02
9.086399999999999685e-03,3.781250000000000583e-02
9.093600000000000294e-03,3.843750000000000638e-02
9.100799999999999168e-03,3.875000000000000666e-02
9.107999999999999777e-03,3.906250000000000000e-02
9.115200000000000385e-03,3.968750000000000056e-02
9.122399999999999259e-03,3.968750000000000056e-02
9.129599999999999868e-03,3.968750000000000056e-02
9.136799999999998742e-03,3.937500000000000722e-02
9.143999999999999351e-03,4.000000000000000083e-02
9.151199999999999959e-03,4.031250000000000111e-02
9.158399999999998833e-03,4.031250000000000111e-02
9.165599999999999442e-03,4.031250000000000111e-02
9.172800000000000051e-03,4.062500000000000139e-02
9.179999999999998925e-03,4.093750000000000167e-02
9.187199999999999533e-03,4.093750000000000167e-02
9.194400000000000142e-03,4.156250000000000222e-02
9.201599999999999016e-03,4.125000000000000194e-02
9.208799999999999625e-03,4.156250000000000222e-02
9.216000000000000233e-03,4.187500000000000250e-02
9.223199999999999107e-03,4.187500000000000250e-02
9.230399999999999716e-03,4.218750000000000278e-02
9.237600000000000325e-03,4.218750000000000278e-02
9.244799999999999199e-03,4.187500000000000250e-02
9.251999999999999807e-03,4.187500000000000250e-02
9.259200000000000416e-03,4.125000000000000194e-02
9.266399999999999290e-03,4.093750000000000167e-02
9.273599999999999899e-03,4.093750000000000167e-02
9.280799999999998773e-03,3.968750000000000056e-02
9.287999999999999381e-03,3.906250000000000000e-02
9.295199999999999990e-03,3.812500000000000611e-02
9.302399999999998864e-03,3.750000000000000555e-02
9.309599999999999473e-03,3.687500000000000500e-02
9.316800000000000082e-03,3.625000000000000444e-02
9.323999999999998956e-03,3.562500000000000389e-02
9.331199999999999564e-03,3.531250000000000361e-02
9.338400000000000173e-03,3.531250000000000361e-02
9.345599999999999047e-03,3.500000000000000333e-02
9.352799999999999656e-03,3.531250000000000361e-02
9.360000000000000264e-03,3.593750000000000416e-02
9.367199999999999138e-03,3.625000000000000444e-02
9.374399999999999747e-03,3.656250000000000472e-02
9.381600000000000356e-03,3.718750000000000527e-02
9.388799999999999230e-03,3.812500000000000611e-02
9.395999999999999838e-03,3.781250000000000583e-02
9.403199999999998712e-03,3.843750000000000638e-02
9.410399999999999321e-03,3.875000000000000666e-02
9.417599999999999930e-03,3.843750000000000638e-02
9.424799999999998804e-03,3.906250000000000000e-02
9.431999999999999412e-03,3.906250000000000000e-02
9.439200000000000021e-03,3.906250000000000000e-02
9.446399999999998895e-03,3.906250000000000000e-02
9.453599999999999504e-03,3.906250000000000000e-02
9.460800000000000112e-03,3.906250000000000000e-02
9.467999999999998986e-03,3.906250000000000000e-02
9.475199999999999595e-03,3.937500000000000722e-02
9.482400000000000204e-03,3.937500000000000722e-02
9.489599999999999078e-03,3.937500000000000722e-02
9.496799999999999686e-03,3.968750000000000056e-02
9.504000000000000295e-03,4.000000000000000083e-02
9.511199999999999169e-03,4.062500000000000139e-02
9.518399999999999778e-03,4.062500000000000139e-02
9.525600000000000386e-03,4.062500000000000139e-02
9.532799999999999260e-03,4.093750000000000167e-02
9.539999999999999869e-03,4.125000000000000194e-02
9.547199999999998743e-03,4.156250000000000222e-02
9.554399999999999352e-03,4.125000000000000194e-02
9.561599999999999960e-03,4.062500000000000139e-02
9.568799999999998834e-03,4.031250000000000111e-02
9.575999999999999443e-03,4.000000000000000083e-02
9.583200000000000052e-03,3.968750000000000056e-02
9.590399999999998926e-03,3.875000000000000666e-02
9.597599999999999534e-03,3.843750000000000638e-02
9.604800000000000143e-03,3.750000000000000555e-02
9.611999999999999017e-03,3.750000000000000555e-02
9.619199999999999626e-03,3.718750000000000527e-02
9.626400000000000234e-03,3.718750000000000527e-02
9.633599999999999108e-03,3.718750000000000527e-02
9.640799999999999717e-03,3.750000000000000555e-02
9.648000000000000326e-03,3.750000000000000555e-02
9.655199999999999200e-03,3.812500000000000611e-02
9.662399999999999808e-03,3.843750000000000638e-02
9.669600000000000417e-03,3.906250000000000000e-02
9.676799999999999291e-03,3.937500000000000722e-02
9.683999999999999900e-03,3.937500000000000722e-02
9.691199999999998774e-03,4.000000000000000083e-02
9.698399999999999382e-03,4.031250000000000111e-02
9.705599999999999991e-03,4.031250000000000111e-02
9.712799999999998865e-03,4.000000000000000083e-02
9.719999999999999474e-03,4.031250000000000111e-02
9.727200000000000082e-03,4.031250000000000111e-02
9.734399999999998956e-03,3.968750000000000056e-02
9.741599999999999565e-03,4.000000000000000083e-02
9.748800000000000174e-03,3.968750000000000056e-02
9.755999999999999048e-03,3.937500000000000722e-02
9.763199999999999656e-03,3.937500000000000722e-02
9.770400000000000265e-03,3.937500000000000722e-02
9.777599999999999139e-03,3.937500000000000722e-02
9.784799999999999748e-03,3.968750000000000056e-02
9.792000000000000356e-03,4.000000000000000083e-02
9.799199999999999230e-03,4.031250000000000111e-02
9.806399999999999839e-03,4.062500000000000139e-02
9.813599999999998713e-03,4.093750000000000167e-02
9.820799999999999322e-03,4.125000000000000194e-02
9.827999999999999931e-03,4.156250000000000222e-02
9.835199999999998804e-03,4.187500000000000250e-02
9.842399999999999413e-03,4.156250000000000222e-02
9.849600000000000022e-03,4.156250000000000222e-02
9.856799999999998896e-03,4.187500000000000250e-02
9.863999999999999505e-03,4.125000000000000194e-02
9.871200000000000113e-03,4.093750000000000167e-02
9.878399999999998987e-03,4.093750000000000167e-02
9.885599999999999596e-03,4.031250000000000111e-02
9.892800000000000205e-03,4.000000000000000083e-02
9.899999999999999079e-03,4.000000000000000083e-02
9.907199999999999687e-03,3.937500000000000722e-02
9.914400000000000296e-03,3.968750000000000056e-02
9.921599999999999170e-03,3.937500000000000722e-02
9.928799999999999779e-03,3.968750000000000056e-02
9.936000000000000387e-03,4.000000000000000083e-02
9.943199999999999261e-03,4.031250000000000111e-02
9.950399999999999870e-03,4.062500000000000139e-02
9.957599999999998744e-03,4.125000000000000194e-02
9.964799999999999353e-03,4.125000000000000194e-02
9.971999999999999961e-03,4.156250000000000222e-02
9.979199999999998835e-03,4.156250000000000222e-02
9.986399999999999444e-03,4.125000000000000194e-02
9.993600000000000053e-03,4.125000000000000194e-02
1.000079999999999893e-02,4.093750000000000167e-02
1.000799999999999954e-02,4.031250000000000111e-02
1.001520000000000014e-02,4.031250000000000111e-02
1.002239999999999902e-02,4.000000000000000083e-02
1.002959999999999963e-02,3.937500000000000722e-02
1.003680000000000024e-02,3.937500000000000722e-02
1.004399999999999911e-02,3.906250000000000000e-02
1.005119999999999972e-02,3.875000000000000666e-02
1.005840000000000033e-02,3.843750000000000638e-02
1.006559999999999920e-02,3.843750000000000638e-02
1.007279999999999981e-02,3.875000000000000666e-02
1.007999999999999868e-02,3.875000000000000666e-02
1.008719999999999929e-02,3.906250000000000000e-02
1.009439999999999990e-02,3.937500000000000722e-02
1.010159999999999877e-02,4.000000000000000083e-02
1.010879999999999938e-02,4.031250000000000111e-02
1.011599999999999999e-02,4.000000000000000083e-02
1.012319999999999887e-02,4.062500000000000139e-02
1.013039999999999947e-02,4.062500000000000139e-02
1.013760000000000008e-02,4.062500000000000139e-02
1.014479999999999896e-02,4.031250000000000111e-02
1.015199999999999957e-02,4.031250000000000111e-02
1.015920000000000017e-02,3.968750000000000056e-02
1.016639999999999905e-02,3.937500000000000722e-02
1.017359999999999966e-02,3.875000000000000666e-02
1.018080000000000027e-02,3.875000000000000666e-02
1.018799999999999914e-02,3.843750000000000638e-02
1.019519999999999975e-02,3.812500000000000611e-02
1.020240000000000036e-02,3.781250000000000583e-02
1.020959999999999923e-02,3.750000000000000555e-02
1.021679999999999984e-02,3.781250000000000583e-02
1.022399999999999871e-02,3.812500000000000611e-02
1.023119999999999932e-02,3.843750000000000638e-02
1.023839999999999993e-02,3.937500000000000722e-02
1.024559999999999881e-02,3.937500000000000722e-02
1.025279999999999941e-02,4.000000000000000083e-02
1.026000000000000002e-02,4.031250000000000111e-02
1.026719999999999890e-02,4.062500000000000139e-02
1.027439999999999951e-02,4.093750000000000167e-02
1.028160000000000011e-02,4.093750000000000167e-02
1.028879999999999899e-02,4.125000000000000194e-02
1.029599999999999960e-02,4.093750000000000167e-02
1.030320000000000021e-02,4.125000000000000194e-02
1.031039999999999908e-02,4.093750000000000167e-02
1.031759999999999969e-02,4.093750000000000167e-02
1.032480000000000030e-02,4.125000000000000194e-02
1.033199999999999917e-02,4.093750000000000167e-02
1.033919999999999978e-02,4.093750000000000167e-02
1.034640000000000039e-02,4.125000000000000194e-02
1.035359999999999926e-02,4.156250000000000222e-02
1.036079999999999987e-02,4.156250000000000222e-02
1.036799999999999874e-02,4.125000000000000194e-02
1.037519999999999935e-02,4.187500000000000250e-02
1.038239999999999996e-02,4.187500000000000250e-02
1.038959999999999884e-02,4.218750000000000278e-02
1.039679999999999944e-02,4.250000000000000305e-02
1.040400000000000005e-02,4.218750000000000278e-02
1.041119999999999893e-02,4.218750000000000278e-02
1.041839999999999954e-02,4.156250000000000222e-02
1.042560000000000014e-02,4.125000000000000194e-02
1.043279999999999902e-02,4.093750000000000167e-02
1.043999999999999963e-02,4.000000000000000083e-02
1.044720000000000024e-02,3.937500000000000722e-02
1.045439999999999911e-02,3.812500000000000611e-02
1.046159999999999972e-02,3.781250000000000583e-02
1.046880000000000033e-02,3.656250000000000472e-02
1.047599999999999920e-02,3.593750000000000416e-02
1.048319999999999981e-02,3.500000000000000333e-02
1.049039999999999868e-02,3.500000000000000333e-02
1.049759999999999929e-02,3.437500000000000278e-02
1.050479999999999990e-02,3.437500000000000278e-02
1.051199999999999878e-02,3.468750000000000305e-02
1.051919999999999938e-02,3.468750000000000305e-02
1.052639999999999999e-02,3.500000000000000333e-02
1.053359999999999887e-02,3.531250000000000361e-02
1.054079999999999948e-02,3.625000000000000444e-02
1.054800000000000008e-02,3.656250000000000472e-02
1.055519999999999896e-02,3.718750000000000527e-02
1.056239999999999957e-02,3.781250000000000583e-02
1.056960000000000018e-02,3.812500000000000611e-02
1.057679999999999905e-02,3.812500000000000611e-02
1.058399999999999966e-02,3.875000000000000666e-02
1.059120000000000027e-02,3.906250000000000000e-02
1.059839999999999914e-02,3.968750000000000056e-02
1.060559999999999975e-02,3.968750000000000056e-02
1.061280000000000036e-02,3.968750000000000056e-02
1.061999999999999923e-02,4.000000000000000083e-02
1.062719999999999984e-02,4.031250000000000111e-02
1.063439999999999871e-02,4.062500000000000139e-02
1.064159999999999932e-02,4.093750000000000167e-02
1.064879999999999993e-02,4.093750000000000167e-02
1.065599999999999881e-02,4.156250000000000222e-02
1.066319999999999941e-02,4.125000000000000194e-02
1.067040000000000002e-02,4.125000000000000194e-02
1.067759999999999890e-02,4.187500000000000250e-02
1.068479999999999951e-02,4.125000000000000194e-02
1.069200000000000012e-02,4.093750000000000167e-02
1.069919999999999899e-02,4.031250000000000111e-02
1.070639999999999960e-02,3.968750000000000056e-02
1.071360000000000021e-02,3.968750000000000056e-02
1.072079999999999908e-02,3.843750000000000638e-02
1.072799999999999969e-02,3.718750000000000527e-02
1.073520000000000030e-02,3.656250000000000472e-02
1.074239999999999917e-02,3.500000000000000333e-02
1.074959999999999978e-02,3.406250000000000250e-02
1.075679999999999865e-02,3.375000000000000222e-02
1.076399999999999926e-02,3.187500000000000056e-02
1.077119999999999987e-02,3.062500000000000291e-02
1.077839999999999875e-02,3.031250000000000264e-02
1.078559999999999935e-02,2.906250000000000500e-02
1.079279999999999996e-02,2.875000000000000472e-02
1.079999999999999884e-02,2.812500000000000416e-02
1.080719999999999945e-02,2.781250000000000389e-02
1.081440000000000005e-02,2.750000000000000361e-02
1.082159999999999893e-02,2.781250000000000389e-02
1.082879999999999954e-02,2.812500000000000416e-02
1.083600000000000015e-02,2.843750000000000444e-02
1.084319999999999902e-02,2.937500000000000527e-02
1.085039999999999963e-02,2.968750000000000208e-02
1.085760000000000024e-02,3.062500000000000291e-02
1.086479999999999911e-02,3.093750000000000319e-02
1.087199999999999972e-02,3.187500000000000056e-02
1.087920000000000033e-02,3.218750000000000083e-02
1.088639999999999920e-02,3.312500000000000167e-02
1.089359999999999981e-02,3.312500000000000167e-02
1.090079999999999869e-02,3.406250000000000250e-02
1.090799999999999929e-02,3.468750000000000305e-02
1.091519999999999990e-02,3.531250000000000361e-02
1.092239999999999878e-02,3.531250000000000361e-02
1.092959999999999939e-02,3.531250000000000361e-02
1.093679999999999999e-02,3.593750000000000416e-02
1.094399999999999887e-02,3.812500000000000611e-02
1.095119999999999948e-02,3.843750000000000638e-02
1.095840000000000009e-02,3.843750000000000638e-02
1.096559999999999896e-02,3.843750000000000638e-02
1.097279999999999957e-02,3.843750000000000638e-02
1.098000000000000018e-02,3.812500000000000611e-02
1.098719999999999905e-02,3.750000000000000555e-02
1.099439999999999966e-02,3.718750000000000527e-02
1.100160000000000027e-02,3.687500000000000500e-02
1.100879999999999914e-02,3.593750000000000416e-02
1.101599999999999975e-02,3.531250000000000361e-02
1.102320000000000036e-02,3.437500000000000278e-02
1.103039999999999923e-02,3.312500000000000167e-02
1.103759999999999984e-02,3.218750000000000083e-02
1.104479999999999872e-02,3.093750000000000319e-02
1.105199999999999932e-02,3.031250000000000264e-02
1.105919999999999993e-02,3.000000000000000236e-02
1.106639999999999881e-02,2.906250000000000500e-02
1.107359999999999942e-02,2.906250000000000500e-02
1.108080000000000002e-02,2.906250000000000500e-02
1.108799999999999890e-02,2.906250000000000500e-02
1.109519999999999951e-02,2.937500000000000527e-02
1.110240000000000012e-02,2.968750000000000208e-02
1.110959999999999899e-02,3.031250000000000264e-02
1.111679999999999960e-02,3.125000000000000000e-02
1.112400000000000021e-02,3.125000000000000000e-02
1.113119999999999908e-02,3.187500000000000056e-02
1.113839999999999969e-02,3.281250000000000139e-02
1.114560000000000030e-02,3.406250000000000250e-02
1.115279999999999917e-02,3.406250000000000250e-02
1.115999999999999978e-02,3.500000000000000333e-02
1.116719999999999866e-02,3.531250000000000361e-02
1.117439999999999926e-02,3.562500000000000389e-02
1.118159999999999987e-02,3.625000000000000444e-02
1.118879999999999875e-02,3.656250000000000472e-02
1.119599999999999936e-02,3.718750000000000527e-02
1.120319999999999996e-02,3.750000000000000555e-02
1.121039999999999884e-02,3.812500000000000611e-02
1.121759999999999945e-02,3.812500000000000611e-02
1.122480000000000006e-02,3.812500000000000611e-02
1.123199999999999893e-02,3.843750000000000638e-02
1.123919999999999954e-02,3.875000000000000666e-02
1.124640000000000015e-02,3.812500000000000611e-02
1.125359999999999902e-02,3.812500000000000611e-02
1.126079999999999963e-02,3.781250000000000583e-02
1.126800000000000024e-02,3.687500000000000500e-02
1.127519999999999911e-02,3.656250000000000472e-02
1.128239999999999972e-02,3.531250000000000361e-02
1.128960000000000033e-02,3.406250000000000250e-02
1.129679999999999920e-02,3.343750000000000194e-02
1.130399999999999981e-02,3.218750000000000083e-02
1.131119999999999869e-02,3.093750000000000319e-02
1.131839999999999929e-02,3.062500000000000291e-02
1.132559999999999990e-02,2.937500000000000527e-02
1.133279999999999878e-02,2.812500000000000416e-02
1.133999999999999939e-02,2.687500000000000305e-02
1.134719999999999999e-02,2.625000000000000250e-02
1.135439999999999887e-02,2.593750000000000222e-02
1.136159999999999948e-02,2.468750000000000111e-02
1.136880000000000009e-02,2.437500000000000083e-02
1.137599999999999896e-02,2.406250000000000056e-02
1.138319999999999957e-02,2.406250000000000056e-02
1.139040000000000018e-02,2.437500000000000083e-02
1.139759999999999905e-02,2.468750000000000111e-02
1.140479999999999966e-02,2.531250000000000167e-02
1.141200000000000027e-02,2.593750000000000222e-02
1.141919999999999914e-02,2.656250000000000278e-02
1.142639999999999975e-02,2.718750000000000333e-02
1.143359999999999863e-02,2.812500000000000416e-02
1.144079999999999923e-02,2.906250000000000500e-02
1.144799999999999984e-02,3.000000000000000236e-02
1.145519999999999872e-02,3.031250000000000264e-02
1.146239999999999933e-02,3.093750000000000319e-02
1.146959999999999993e-02,3.187500000000000056e-02
1.147679999999999881e-02,3.250000000000000111e-02
1.148399999999999942e-02,3.312500000000000167e-02
1.149120000000000003e-02,3.406250000000000250e-02
1.149839999999999890e-02,3.406250000000000250e-02
1.150559999999999951e-02,3.437500000000000278e-02
1.151280000000000012e-02,3.468750000000000305e-02
1.151999999999999899e-02,3.468750000000000305e-02
1.152719999999999960e-02,3.437500000000000278e-02
1.153440000000000021e-02,3.437500000000000278e-02
1.154159999999999908e-02,3.437500000000000278e-02
1.154879999999999969e-02,3.375000000000000222e-02
1.155600000000000030e-02,3.312500000000000167e-02
1.156319999999999917e-02,3.250000000000000111e-02
1.157039999999999978e-02,3.062500000000000291e-02
1.157759999999999866e-02,2.968750000000000208e-02
1.158479999999999926e-02,2.875000000000000472e-02
1.159199999999999987e-02,2.781250000000000389e-02
1.159919999999999875e-02,2.625000000000000250e-02
1.160639999999999936e-02,2.562500000000000194e-02
1.161359999999999996e-02,2.375000000000000375e-02
1.162079999999999884e-02,2.281250000000000291e-02
1.162799999999999945e-02,2.250000000000000264e-02
1.163520000000000006e-02,2.156250000000000527e-02
1.164239999999999893e-02,2.062500000000000444e-02
1.164959999999999954e-02,1.968750000000000361e-02
1.165680000000000015e-02,1.906250000000000305e-02
1.166399999999999902e-02,1.812500000000000222e-02
1.167119999999999963e-02,1.812500000000000222e-02
1.167840000000000024e-02,1.812500000000000222e-02
1.168559999999999911e-02,1.812500000000000222e-02
1.169279999999999972e-02,1.843750000000000250e-02
1.170000000000000033e-02,1.906250000000000305e-02
1.170719999999999920e-02,1.968750000000000361e-02
1.171439999999999981e-02,2.062500000000000444e-02
1.172159999999999869e-02,2.156250000000000527e-02
1.172879999999999930e-02,2.218750000000000236e-02
1.173599999999999990e-02,2.312500000000000319e-02
1.174319999999999878e-02,2.468750000000000111e-02
1.175039999999999939e-02,2.531250000000000167e-02
1.175760000000000000e-02,2.625000000000000250e-02
1.176479999999999887e-02,2.687500000000000305e-02
1.177199999999999948e-02,2.781250000000000389e-02
1.177920000000000009e-02,2.843750000000000444e-02
1.178639999999999896e-02,2.906250000000000500e-02
1.179359999999999957e-02,2.906250000000000500e-02
1.180080000000000018e-02,2.968750000000000208e-02
1.180799999999999905e-02,2.937500000000000527e-02
1.181519999999999966e-02,2.968750000000000208e-02
1.182240000000000027e-02,2.937500000000000527e-02
1.182959999999999914e-02,2.906250000000000500e-02
1.183679999999999975e-02,2.843750000000000444e-02
1.184399999999999863e-02,2.750000000000000361e-02
1.185119999999999924e-02,2.718750000000000333e-02
1.185839999999999984e-02,2.625000000000000250e-02
1.186559999999999872e-02,2.531250000000000167e-02
1.187279999999999933e-02,2.375000000000000375e-02
1.187999999999999994e-02,2.312500000000000319e-02
1.188719999999999881e-02,2.250000000000000264e-02
1.189439999999999942e-02,2.125000000000000500e-02
1.190160000000000003e-02,2.093750000000000472e-02
1.190879999999999890e-02,1.937500000000000333e-02
1.191599999999999951e-02,1.906250000000000305e-02
1.192320000000000012e-02,1.812500000000000222e-02
1.193039999999999899e-02,1.750000000000000167e-02
1.193759999999999960e-02,1.718750000000000139e-02
1.194480000000000021e-02,1.625000000000000402e-02
1.195199999999999908e-02,1.593750000000000375e-02
1.195919999999999969e-02,1.625000000000000402e-02
1.196640000000000030e-02,1.562500000000000347e-02
1.197359999999999917e-02,1.625000000000000402e-02
1.198079999999999978e-02,1.687500000000000458e-02
1.198799999999999866e-02,1.750000000000000167e-02
1.199519999999999927e-02,1.812500000000000222e-02
1.200239999999999987e-02,1.906250000000000305e-02
1.200959999999999875e-02,2.031250000000000416e-02
1.201679999999999936e-02,2.062500000000000444e-02
1.202399999999999997e-02,2.218750000000000236e-02
1.203119999999999884e-02,2.312500000000000319e-02
1.203839999999999945e-02,2.375000000000000375e-02
1.204560000000000006e-02,2.468750000000000111e-02
1.205279999999999893e-02,2.593750000000000222e-02
1.205999999999999954e-02,2.656250000000000278e-02
1.206720000000000015e-02,2.750000000000000361e-02
1.207439999999999902e-02,2.843750000000000444e-02
1.208159999999999963e-02,2.906250000000000500e-02
1.208880000000000024e-02,2.906250000000000500e-02
1.209599999999999911e-02,2.906250000000000500e-02
1.210319999999999972e-02,2.937500000000000527e-02
1.211039999999999860e-02,2.906250000000000500e-02
1.211759999999999921e-02,2.906250000000000500e-02
1.212479999999999981e-02,2.812500000000000416e-02
1.213199999999999869e-02,2.750000000000000361e-02
1.213919999999999930e-02,2.718750000000000333e-02
1.214639999999999991e-02,2.562500000000000194e-02
1.215359999999999878e-02,2.531250000000000167e-02
1.216079999999999939e-02,2.437500000000000083e-02
1.216800000000000000e-02,2.281250000000000291e-02
1.217519999999999887e-02,2.187500000000000555e-02
1.218239999999999948e-02,2.125000000000000500e-02
1.218960000000000009e-02,2.000000000000000389e-02
1.219679999999999896e-02,1.968750000000000361e-02
1.220399999999999957e-02,1.843750000000000250e-02
1.221120000000000018e-02,1.718750000000000139e-02
1.221839999999999905e-02,1.687500000000000458e-02
1.222559999999999966e-02,1.593750000000000375e-02
1.223280000000000027e-02,1.562500000000000347e-02
1.223999999999999914e-02,1.500000000000000291e-02
1.224719999999999975e-02,1.437500000000000236e-02
1.225439999999999863e-02,1.437500000000000236e-02
1.226159999999999924e-02,1.406250000000000208e-02
1.226879999999999984e-02,1.437500000000000236e-02
1.227599999999999872e-02,1.468750000000000264e-02
1.228319999999999933e-02,1.531250000000000319e-02
1.229039999999999994e-02,1.593750000000000375e-02
1.229759999999999881e-02,1.656250000000000430e-02
1.230479999999999942e-02,1.781250000000000194e-02
1.231200000000000003e-02,1.843750000000000250e-02
1.231919999999999890e-02,1.937500000000000333e-02
1.232639999999999951e-02,2.062500000000000444e-02
1.233360000000000012e-02,2.156250000000000527e-02
1.234079999999999899e-02,2.250000000000000264e-02
1.234799999999999960e-02,2.250000000000000264e-02
1.235520000000000021e-02,2.343750000000000347e-02
1.236239999999999908e-02,2.437500000000000083e-02
1.236959999999999969e-02,2.468750000000000111e-02
1.237680000000000030e-02,2.500000000000000139e-02
1.238399999999999918e-02,2.468750000000000111e-02
1.239119999999999978e-02,2.500000000000000139e-02
1.239839999999999866e-02,2.500000000000000139e-02
1.240559999999999927e-02,2.437500000000000083e-02
1.241279999999999988e-02,2.375000000000000375e-02
1.241999999999999875e-02,2.281250000000000291e-02
1.242719999999999936e-02,2.312500000000000319e-02
1.243439999999999997e-02,2.156250000000000527e-02
1.244159999999999884e-02,2.125000000000000500e-02
1.244879999999999945e-02,2.031250000000000416e-02
1.245600000000000006e-02,1.937500000000000333e-02
1.246319999999999893e-02,1.875000000000000278e-02
1.247039999999999954e-02,1.781250000000000194e-02
1.247760000000000015e-02,1.718750000000000139e-02
1.248479999999999902e-02,1.656250000000000430e-02
1.249199999999999963e-02,1.562500000000000347e-02
1.249920000000000024e-02,1.437500000000000236e-02
1.250639999999999911e-02,1.406250000000000208e-02
1.251359999999999972e-02,1.343750000000000153e-02
1.252079999999999860e-02,1.281250000000000444e-02
1.252799999999999921e-02,1.281250000000000444e-02
1.253519999999999981e-02,1.250000000000000416e-02
1.254239999999999869e-02,1.250000000000000416e-02
1.254959999999999930e-02,1.250000000000000416e-02
1.255679999999999991e-02,1.281250000000000444e-02
1.256399999999999878e-02,1.375000000000000180e-02
1.257119999999999939e-02,1.437500000000000236e-02
1.257840000000000000e-02,1.531250000000000319e-02
1.258559999999999887e-02,1.625000000000000402e-02
1.259279999999999948e-02,1.718750000000000139e-02
1.260000000000000009e-02,1.750000000000000167e-02
1.260719999999999896e-02,1.937500000000000333e-02
1.261439999999999957e-02,2.062500000000000444e-02
1.262160000000000018e-02,2.156250000000000527e-02
1.262879999999999905e-02,2.250000000000000264e-02
1.263599999999999966e-02,2.343750000000000347e-02
1.264320000000000027e-02,2.437500000000000083e-02
1.265039999999999915e-02,2.468750000000000111e-02
1.265759999999999975e-02,2.562500000000000194e-02
1.266479999999999863e-02,2.562500000000000194e-02
1.267199999999999924e-02,2.625000000000000250e-02
1.267919999999999985e-02,2.593750000000000222e-02
1.268639999999999872e-02,2.625000000000000250e-02
1.269359999999999933e-02,2.593750000000000222e-02
1.270079999999999994e-02,2.562500000000000194e-02
1.270799999999999881e-02,2.500000000000000139e-02
1.271519999999999942e-02,2.468750000000000111e-02
1.272240000000000003e-02,2.375000000000000375e-02
1.272959999999999890e-02,2.250000000000000264e-02
1.273679999999999951e-02,2.187500000000000555e-02
1.274400000000000012e-02,2.125000000000000500e-02
1.275119999999999899e-02,2.031250000000000416e-02
1.275839999999999960e-02,1.875000000000000278e-02
1.276560000000000021e-02,1.843750000000000250e-02
1.277279999999999908e-02,1.781250000000000194e-02
1.277999999999999969e-02,1.656250000000000430e-02
1.278719999999999857e-02,1.593750000000000375e-02
1.279439999999999918e-02,1.531250000000000319e-02
1.280159999999999978e-02,1.437500000000000236e-02
1.280879999999999866e-02,1.375000000000000180e-02
1.281599999999999927e-02,1.343750000000000153e-02
1.282319999999999988e-02,1.281250000000000444e-02
1.283039999999999875e-02,1.250000000000000416e-02
1.283759999999999936e-02,1.250000000000000416e-02
1.284479999999999997e-02,1.250000000000000416e-02
1.285199999999999884e-02,1.312500000000000125e-02
1.285919999999999945e-02,1.375000000000000180e-02
1.286640000000000006e-02,1.437500000000000236e-02
1.287359999999999893e-02,1.500000000000000291e-02
1.288079999999999954e-02,1.531250000000000319e-02
1.288800000000000015e-02,1.625000000000000402e-02
1.289519999999999902e-02,1.781250000000000194e-02
1.290239999999999963e-02,1.812500000000000222e-02
1.290960000000000024e-02,1.937500000000000333e-02
1.291679999999999912e-02,2.031250000000000416e-02
1.292399999999999972e-02,2.187500000000000555e-02
1.293119999999999860e-02,2.218750000000000236e-02
1.293839999999999921e-02,2.281250000000000291e-02
1.294559999999999982e-02,2.312500000000000319e-02
1.295279999999999869e-02,2.343750000000000347e-02
1.295999999999999930e-02,2.375000000000000375e-02
1.296719999999999991e-02,2.406250000000000056e-02
1.297439999999999878e-02,2.375000000000000375e-02
1.298159999999999939e-02,2.375000000000000375e-02
1.298880000000000000e-02,2.281250000000000291e-02
1.299599999999999887e-02,2.281250000000000291e-02
1.300319999999999948e-02,2.187500000000000555e-02
1.301040000000000009e-02,2.125000000000000500e-02
1.301759999999999896e-02,2.000000000000000389e-02
1.302479999999999957e-02,1.906250000000000305e-02
1.303200000000000018e-02,1.812500000000000222e-02
1.303919999999999906e-02,1.781250000000000194e-02
1.304639999999999966e-02,1.687500000000000458e-02
1.305360000000000027e-02,1.625000000000000402e-02
1.306079999999999915e-02,1.531250000000000319e-02
1.306799999999999976e-02,1.468750000000000264e-02
1.307519999999999863e-02,1.375000000000000180e-02
1.308239999999999924e-02,1.312500000000000125e-02
1.308959999999999985e-02,1.312500000000000125e-02
1.309679999999999872e-02,1.218750000000000389e-02
1.310399999999999933e-02,1.218750000000000389e-02
1.311119999999999994e-02,1.125000000000000305e-02
1.311839999999999881e-02,1.093750000000000278e-02
1.312559999999999942e-02,1.093750000000000278e-02
1.313280000000000003e-02,1.093750000000000278e-02
1.313999999999999890e-02,1.156250000000000333e-02
1.314719999999999951e-02,1.156250000000000333e-02
1.315440000000000012e-02,1.187500000000000361e-02
1.316159999999999899e-02,1.312500000000000125e-02
1.316879999999999960e-02,1.375000000000000180e-02
1.317600000000000021e-02,1.437500000000000236e-02
1.318319999999999909e-02,1.531250000000000319e-02
1.319039999999999969e-02,1.656250000000000430e-02
1.319759999999999857e-02,1.750000000000000167e-02
1.320479999999999918e-02,1.812500000000000222e-02
1.321199999999999979e-02,1.968750000000000361e-02
1.321919999999999866e-02,2.000000000000000389e-02
1.322639999999999927e-02,2.093750000000000472e-02
1.323359999999999988e-02,2.125000000000000500e-02
1.324079999999999875e-02,2.156250000000000527e-02
1.324799999999999936e-02,2.187500000000000555e-02
1.325519999999999997e-02,2.156250000000000527e-02
1.326239999999999884e-02,2.156250000000000527e-02
1.326959999999999945e-02,2.125000000000000500e-02
1.327680000000000006e-02,2.125000000000000500e-02
1.328399999999999893e-02,2.031250000000000416e-02
1.329119999999999954e-02,2.000000000000000389e-02
1.329840000000000015e-02,1.875000000000000278e-02
1.330559999999999903e-02,1.843750000000000250e-02
1.331279999999999963e-02,1.718750000000000139e-02
1.332000000000000024e-02,1.656250000000000430e-02
1.332719999999999912e-02,1.562500000000000347e-02
1.333439999999999973e-02,1.531250000000000319e-02
1.334159999999999860e-02,1.437500000000000236e-02
1.334879999999999921e-02,1.406250000000000208e-02
1.335599999999999982e-02,1.312500000000000125e-02
1.336319999999999869e-02,1.281250000000000444e-02
1.337039999999999930e-02,1.187500000000000361e-02
1.337759999999999991e-02,1.156250000000000333e-02
1.338479999999999878e-02,1.125000000000000305e-02
1.339199999999999939e-02,1.093750000000000278e-02
1.339920000000000000e-02,1.031250000000000222e-02
1.340639999999999887e-02,1.000000000000000194e-02
1.341359999999999948e-02,9.687500000000001665e-03
1.342080000000000009e-02,9.375000000000001388e-03
1.342799999999999896e-02,9.687500000000001665e-03
1.343519999999999957e-02,1.000000000000000194e-02
1.344240000000000018e-02,1.031250000000000222e-02
1.344959999999999906e-02,1.062500000000000250e-02
1.345679999999999966e-02,1.125000000000000305e-02
1.346399999999999854e-02,1.218750000000000389e-02
1.347119999999999915e-02,1.250000000000000416e-02
1.347839999999999976e-02,1.406250000000000208e-02
1.348559999999999863e-02,1.468750000000000264e-02
1.349279999999999924e-02,1.531250000000000319e-02
1.349999999999999985e-02,1.593750000000000375e-02
1.350719999999999872e-02,1.687500000000000458e-02
1.351439999999999933e-02,1.750000000000000167e-02
1.352159999999999994e-02,1.781250000000000194e-02
1.352879999999999881e-02,1.843750000000000250e-02
1.353599999999999942e-02,1.843750000000000250e-02
1.354320000000000003e-02,1.843750000000000250e-02
1.355039999999999890e-02,1.875000000000000278e-02
1.355759999999999951e-02,1.812500000000000222e-02
1.356480000000000012e-02,1.781250000000000194e-02
1.357199999999999900e-02,1.750000000000000167e-02
1.357919999999999960e-02,1.687500000000000458e-02
1.358640000000000021e-02,1.593750000000000375e-02
1.359359999999999909e-02,1.531250000000000319e-02
1.360079999999999970e-02,1.437500000000000236e-02
1.360799999999999857e-02,1.437500000000000236e-02
1.361519999999999918e-02,1.343750000000000153e-02
1.362239999999999979e-02,1.281250000000000444e-02
1.362959999999999866e-02,1.218750000000000389e-02
1.363679999999999927e-02,1.187500000000000361e-02
1.364399999999999988e-02,1.156250000000000333e-02
1.365119999999999875e-02,1.093750000000000278e-02
1.365839999999999936e-02,1.062500000000000250e-02
1.366559999999999997e-02,1.031250000000000222e-02
1.367279999999999884e-02,1.000000000000000194e-02
1.367999999999999945e-02,9.687500000000001665e-03
1.368720000000000006e-02,9.375000000000001388e-03
1.369439999999999893e-02,8.437500000000004025e-03
1.370159999999999954e-02,8.437500000000004025e-03
1.370880000000000015e-02,8.437500000000004025e-03
1.371599999999999903e-02,8.437500000000004025e-03
1.372319999999999963e-02,8.750000000000004302e-03
1.373040000000000024e-02,9.062500000000001110e-03
1.373759999999999912e-02,9.375000000000001388e-03
1.374479999999999973e-02,1.031250000000000222e-02
1.375199999999999860e-02,1.093750000000000278e-02
1.375919999999999921e-02,1.218750000000000389e-02
1.376639999999999982e-02,1.218750000000000389e-02
1.377359999999999869e-02,1.343750000000000153e-02
1.378079999999999930e-02,1.437500000000000236e-02
1.378799999999999991e-02,1.562500000000000347e-02
1.379519999999999878e-02,1.656250000000000430e-02
1.380239999999999939e-02,1.687500000000000458e-02
1.380960000000000000e-02,1.781250000000000194e-02
1.381679999999999887e-02,1.812500000000000222e-02
1.382399999999999948e-02,1.812500000000000222e-02
1.383120000000000009e-02,1.812500000000000222e-02
1.383839999999999897e-02,1.843750000000000250e-02
1.384559999999999957e-02,1.812500000000000222e-02
1.385280000000000018e-02,1.750000000000000167e-02
1.385999999999999906e-02,1.718750000000000139e-02
1.386719999999999967e-02,1.656250000000000430e-02
1.387439999999999854e-02,1.562500000000000347e-02
1.388159999999999915e-02,1.562500000000000347e-02
1.388879999999999976e-02,1.468750000000000264e-02
1.389599999999999863e-02,1.375000000000000180e-02
1.390319999999999924e-02,1.343750000000000153e-02
1.391039999999999985e-02,1.281250000000000444e-02
1.391759999999999872e-02,1.218750000000000389e-02
1.392479999999999933e-02,1.218750000000000389e-02
1.393199999999999994e-02,1.125000000000000305e-02
1.393919999999999881e-02,1.125000000000000305e-02
1.394639999999999942e-02,1.062500000000000250e-02
1.395360000000000003e-02,1.062500000000000250e-02
1.396079999999999890e-02,1.000000000000000194e-02
1.396799999999999951e-02,9.687500000000001665e-03
1.397520000000000012e-02,1.000000000000000194e-02
1.398239999999999900e-02,9.375000000000001388e-03
1.398959999999999960e-02,9.062500000000001110e-03
1.399680000000000021e-02,8.125000000000003747e-03
1.400399999999999909e-02,8.125000000000003747e-03
1.401119999999999970e-02,8.125000000000003747e-03
1.401839999999999857e-02,7.812500000000003469e-03
1.402559999999999918e-02,8.125000000000003747e-03
1.403279999999999979e-02,8.750000000000004302e-03
1.403999999999999866e-02,9.375000000000001388e-03
1.404719999999999927e-02,9.062500000000001110e-03
1.405439999999999988e-02,1.062500000000000250e-02
1.406159999999999875e-02,1.093750000000000278e-02
1.406879999999999936e-02,1.187500000000000361e-02
1.407599999999999997e-02,1.187500000000000361e-02
1.408319999999999884e-02,1.250000000000000416e-02
1.409039999999999945e-02,1.281250000000000444e-02
1.409760000000000006e-02,1.312500000000000125e-02
1.410479999999999894e-02,1.343750000000000153e-02
1.411199999999999954e-02,1.406250000000000208e-02
1.411920000000000015e-02,1.375000000000000180e-02
1.412639999999999903e-02,1.343750000000000153e-02
1.413359999999999964e-02,1.312500000000000125e-02
1.414079999999999851e-02,1.250000000000000416e-02
1.414799999999999912e-02,1.250000000000000416e-02
1.415519999999999973e-02,1.156250000000000333e-02
1.416239999999999860e-02,1.125000000000000305e-02
1.416959999999999921e-02,1.062500000000000250e-02
1.417679999999999982e-02,1.031250000000000222e-02
1.418399999999999869e-02,1.000000000000000194e-02
1.419119999999999930e-02,1.000000000000000194e-02
1.419839999999999991e-02,1.000000000000000194e-02
1.420559999999999878e-02,1.000000000000000194e-02
1.421279999999999939e-02,1.000000000000000194e-02
1.422000000000000000e-02,1.031250000000000222e-02
1.422719999999999888e-02,1.062500000000000250e-02
1.423439999999999948e-02,1.093750000000000278e-02
1.424160000000000009e-02,1.093750000000000278e-02
1.424879999999999897e-02,1.093750000000000278e-02
1.425599999999999958e-02,1.093750000000000278e-02
1.426320000000000018e-02,1.062500000000000250e-02
1.427039999999999906e-02,1.031250000000000222e-02
1.427759999999999967e-02,1.000000000000000194e-02
1.428479999999999854e-02,1.000000000000000194e-02
1.429199999999999915e-02,9.687500000000001665e-03
1.429919999999999976e-02,8.750000000000004302e-03
1.430639999999999863e-02,8.750000000000004302e-03
1.431359999999999924e-02,8.437500000000004025e-03
1.432079999999999985e-02,8.125000000000003747e-03
1.432799999999999872e-02,8.125000000000003747e-03
1.433519999999999933e-02,8.437500000000004025e-03
1.434239999999999994e-02,8.437500000000004025e-03
1.434959999999999881e-02,8.750000000000004302e-03
1.435679999999999942e-02,8.750000000000004302e-03
1.436400000000000003e-02,8.750000000000004302e-03
1.437119999999999891e-02,9.062500000000001110e-03
1.437839999999999951e-02,9.375000000000001388e-03
1.438560000000000012e-02,9.375000000000001388e-03
1.439279999999999900e-02,9.062500000000001110e-03
