PURE SILICA, ELECTRODE=TUNGSTEN, TIME=35, POLING_VOLTAGE=3700, WAVELENGTH=1.55e-06, EFFECTIVE_DISTANCE=3.1e-05, POLED_LENGTH=0.3, CORE_INDEX=1.45, POLE=MAX, AC_VOLTAGE=356.25, AC_FREQUENCY=825, PIEZO_FREQUENCY=16.5
Time(s),Voltage(V)
2.000000000000000096e-04,1.250000000000000416e-02
2.300000000000000070e-04,1.125000000000000305e-02
2.600000000000000314e-04,1.000000000000000194e-02
2.900000000000000017e-04,9.062500000000001110e-03
3.200000000000000262e-04,7.500000000000003192e-03
3.500000000000000507e-04,7.187500000000002914e-03
3.800000000000000209e-04,7.187500000000002914e-03
4.099999999999999912e-04,6.562500000000002359e-03
4.400000000000000157e-04,5.312500000000001249e-03
4.700000000000000401e-04,4.687500000000004163e-03
5.000000000000000104e-04,4.375000000000003886e-03
5.299999999999999807e-04,4.375000000000003886e-03
5.600000000000000594e-04,4.687500000000004163e-03
5.900000000000000296e-04,4.687500000000004163e-03
6.199999999999999999e-04,4.062500000000003608e-03
6.499999999999999702e-04,4.062500000000003608e-03
6.800000000000000488e-04,3.437500000000003053e-03
7.100000000000000191e-04,3.750000000000003331e-03
7.399999999999999894e-04,3.125000000000002776e-03
7.699999999999999597e-04,3.125000000000002776e-03
8.000000000000000383e-04,2.812500000000002498e-03
8.300000000000000086e-04,2.500000000000002220e-03
8.599999999999999789e-04,3.125000000000002776e-03
8.899999999999999491e-04,2.812500000000002498e-03
9.200000000000000278e-04,3.437500000000003053e-03
9.499999999999999981e-04,4.062500000000003608e-03
9.799999999999999684e-04,4.062500000000003608e-03
1.010000000000000047e-03,4.375000000000003886e-03
1.040000000000000126e-03,4.062500000000003608e-03
1.069999999999999988e-03,4.062500000000003608e-03
1.100000000000000066e-03,3.437500000000003053e-03
1.130000000000000145e-03,3.437500000000003053e-03
1.160000000000000007e-03,3.125000000000002776e-03
1.190000000000000085e-03,3.125000000000002776e-03
1.220000000000000164e-03,3.125000000000002776e-03
1.250000000000000026e-03,2.812500000000002498e-03
1.280000000000000105e-03,2.812500000000002498e-03
1.310000000000000183e-03,2.500000000000002220e-03
1.340000000000000045e-03,3.125000000000002776e-03
1.370000000000000124e-03,2.812500000000002498e-03
1.400000000000000203e-03,2.500000000000002220e-03
1.430000000000000064e-03,2.812500000000002498e-03
1.460000000000000143e-03,2.812500000000002498e-03
1.490000000000000222e-03,3.125000000000002776e-03
1.520000000000000084e-03,3.750000000000003331e-03
1.550000000000000162e-03,4.375000000000003886e-03
1.580000000000000024e-03,5.000000000000004441e-03
1.610000000000000103e-03,4.687500000000004163e-03
1.640000000000000182e-03,5.625000000000001527e-03
1.670000000000000043e-03,5.312500000000001249e-03
1.700000000000000122e-03,5.625000000000001527e-03
1.730000000000000201e-03,5.625000000000001527e-03
1.760000000000000063e-03,5.000000000000004441e-03
1.790000000000000141e-03,5.000000000000004441e-03
1.820000000000000220e-03,5.000000000000004441e-03
1.850000000000000082e-03,4.375000000000003886e-03
1.880000000000000161e-03,4.062500000000003608e-03
1.910000000000000239e-03,3.750000000000003331e-03
1.940000000000000101e-03,3.437500000000003053e-03
1.969999999999999963e-03,3.437500000000003053e-03
2.000000000000000042e-03,2.812500000000002498e-03
2.030000000000000120e-03,2.812500000000002498e-03
2.060000000000000199e-03,2.812500000000002498e-03
2.089999999999999844e-03,2.500000000000002220e-03
2.119999999999999923e-03,2.500000000000002220e-03
2.150000000000000001e-03,2.500000000000002220e-03
2.180000000000000080e-03,2.500000000000002220e-03
2.210000000000000159e-03,2.187500000000001943e-03
2.240000000000000237e-03,2.187500000000001943e-03
2.270000000000000316e-03,2.187500000000001943e-03
2.299999999999999961e-03,1.875000000000001665e-03
2.330000000000000040e-03,1.875000000000001665e-03
2.360000000000000119e-03,2.187500000000001943e-03
2.390000000000000197e-03,2.187500000000001943e-03
2.420000000000000276e-03,2.187500000000001943e-03
2.450000000000000355e-03,2.187500000000001943e-03
2.480000000000000000e-03,2.187500000000001943e-03
2.510000000000000078e-03,3.125000000000002776e-03
2.540000000000000157e-03,4.062500000000003608e-03
2.570000000000000236e-03,4.375000000000003886e-03
2.600000000000000314e-03,5.625000000000001527e-03
2.629999999999999959e-03,5.937500000000001804e-03
2.660000000000000038e-03,7.187500000000002914e-03
2.690000000000000117e-03,7.812500000000003469e-03
2.720000000000000195e-03,8.750000000000004302e-03
2.750000000000000274e-03,9.375000000000001388e-03
2.780000000000000353e-03,1.000000000000000194e-02
2.809999999999999998e-03,1.062500000000000250e-02
2.840000000000000076e-03,1.093750000000000278e-02
2.870000000000000155e-03,1.093750000000000278e-02
2.900000000000000234e-03,1.125000000000000305e-02
2.930000000000000313e-03,1.156250000000000333e-02
2.959999999999999958e-03,1.156250000000000333e-02
2.990000000000000036e-03,1.156250000000000333e-02
3.020000000000000115e-03,1.125000000000000305e-02
3.050000000000000194e-03,1.062500000000000250e-02
3.080000000000000272e-03,1.031250000000000222e-02
3.110000000000000351e-03,1.000000000000000194e-02
3.139999999999999996e-03,9.687500000000001665e-03
3.170000000000000075e-03,9.062500000000001110e-03
3.200000000000000153e-03,8.437500000000004025e-03
3.230000000000000232e-03,7.500000000000003192e-03
3.260000000000000311e-03,7.500000000000003192e-03
3.289999999999999956e-03,6.250000000000002082e-03
3.320000000000000034e-03,5.625000000000001527e-03
3.350000000000000113e-03,5.625000000000001527e-03
3.380000000000000192e-03,5.000000000000004441e-03
3.410000000000000270e-03,5.000000000000004441e-03
3.440000000000000349e-03,4.687500000000004163e-03
3.469999999999999994e-03,4.062500000000003608e-03
3.500000000000000073e-03,4.062500000000003608e-03
3.530000000000000152e-03,4.062500000000003608e-03
3.560000000000000230e-03,4.062500000000003608e-03
3.590000000000000309e-03,4.687500000000004163e-03
3.620000000000000388e-03,4.687500000000004163e-03
3.650000000000000033e-03,5.625000000000001527e-03
3.680000000000000111e-03,6.250000000000002082e-03
3.710000000000000190e-03,6.562500000000002359e-03
3.740000000000000269e-03,7.500000000000003192e-03
3.770000000000000347e-03,7.812500000000003469e-03
3.799999999999999992e-03,8.750000000000004302e-03
3.830000000000000071e-03,9.062500000000001110e-03
3.860000000000000150e-03,1.093750000000000278e-02
3.890000000000000228e-03,1.250000000000000416e-02
3.919999999999999873e-03,1.343750000000000153e-02
3.950000000000000386e-03,1.437500000000000236e-02
3.980000000000000031e-03,1.593750000000000375e-02
4.009999999999999676e-03,1.718750000000000139e-02
4.040000000000000188e-03,1.781250000000000194e-02
4.069999999999999833e-03,1.843750000000000250e-02
4.100000000000000346e-03,1.968750000000000361e-02
4.129999999999999991e-03,1.968750000000000361e-02
4.159999999999999636e-03,2.000000000000000389e-02
4.190000000000000148e-03,2.000000000000000389e-02
4.219999999999999793e-03,1.937500000000000333e-02
4.249999999999999438e-03,1.843750000000000250e-02
4.279999999999999950e-03,1.812500000000000222e-02
4.309999999999999595e-03,1.718750000000000139e-02
4.340000000000000108e-03,1.625000000000000402e-02
4.369999999999999753e-03,1.593750000000000375e-02
4.399999999999999398e-03,1.468750000000000264e-02
4.429999999999999910e-03,1.406250000000000208e-02
4.459999999999999555e-03,1.343750000000000153e-02
4.490000000000000067e-03,1.281250000000000444e-02
4.519999999999999712e-03,1.218750000000000389e-02
4.549999999999999357e-03,1.093750000000000278e-02
4.579999999999999870e-03,1.093750000000000278e-02
4.609999999999999515e-03,1.062500000000000250e-02
4.640000000000000027e-03,1.000000000000000194e-02
4.669999999999999672e-03,9.687500000000001665e-03
4.700000000000000185e-03,9.062500000000001110e-03
4.729999999999999830e-03,9.062500000000001110e-03
4.759999999999999475e-03,9.062500000000001110e-03
4.789999999999999987e-03,9.687500000000001665e-03
4.819999999999999632e-03,1.031250000000000222e-02
4.850000000000000144e-03,1.156250000000000333e-02
4.879999999999999789e-03,1.156250000000000333e-02
4.909999999999999434e-03,1.250000000000000416e-02
4.939999999999999947e-03,1.375000000000000180e-02
4.969999999999999592e-03,1.500000000000000291e-02
5.000000000000000104e-03,1.531250000000000319e-02
5.029999999999999749e-03,1.843750000000000250e-02
5.059999999999999394e-03,1.843750000000000250e-02
5.089999999999999906e-03,1.968750000000000361e-02
5.119999999999999551e-03,2.125000000000000500e-02
5.150000000000000064e-03,2.281250000000000291e-02
5.179999999999999709e-03,2.312500000000000319e-02
5.209999999999999354e-03,2.437500000000000083e-02
5.239999999999999866e-03,2.500000000000000139e-02
5.269999999999999511e-03,2.625000000000000250e-02
5.300000000000000024e-03,2.625000000000000250e-02
5.329999999999999669e-03,2.656250000000000278e-02
5.360000000000000181e-03,2.687500000000000305e-02
5.389999999999999826e-03,2.687500000000000305e-02
5.419999999999999471e-03,2.656250000000000278e-02
5.449999999999999983e-03,2.656250000000000278e-02
5.479999999999999628e-03,2.562500000000000194e-02
5.510000000000000141e-03,2.562500000000000194e-02
5.539999999999999786e-03,2.437500000000000083e-02
5.569999999999999431e-03,2.343750000000000347e-02
5.599999999999999943e-03,2.218750000000000236e-02
5.629999999999999588e-03,2.125000000000000500e-02
5.660000000000000100e-03,2.031250000000000416e-02
5.689999999999999745e-03,1.906250000000000305e-02
5.719999999999999390e-03,1.875000000000000278e-02
5.749999999999999903e-03,1.781250000000000194e-02
5.779999999999999548e-03,1.718750000000000139e-02
5.810000000000000060e-03,1.593750000000000375e-02
5.839999999999999705e-03,1.593750000000000375e-02
5.870000000000000218e-03,1.562500000000000347e-02
5.899999999999999863e-03,1.593750000000000375e-02
5.929999999999999508e-03,1.562500000000000347e-02
5.960000000000000020e-03,1.625000000000000402e-02
5.989999999999999665e-03,1.718750000000000139e-02
6.020000000000000177e-03,1.812500000000000222e-02
6.049999999999999822e-03,1.937500000000000333e-02
6.079999999999999467e-03,2.000000000000000389e-02
6.109999999999999980e-03,2.125000000000000500e-02
6.139999999999999625e-03,2.312500000000000319e-02
6.170000000000000137e-03,2.406250000000000056e-02
6.199999999999999782e-03,2.625000000000000250e-02
6.229999999999999427e-03,2.656250000000000278e-02
6.259999999999999939e-03,2.812500000000000416e-02
6.289999999999999584e-03,2.968750000000000208e-02
6.320000000000000097e-03,3.000000000000000236e-02
6.349999999999999742e-03,3.187500000000000056e-02
6.379999999999999387e-03,3.281250000000000139e-02
6.409999999999999899e-03,3.375000000000000222e-02
6.439999999999999544e-03,3.468750000000000305e-02
6.470000000000000057e-03,3.531250000000000361e-02
6.499999999999999702e-03,3.562500000000000389e-02
6.530000000000000214e-03,3.593750000000000416e-02
6.559999999999999859e-03,3.625000000000000444e-02
6.589999999999999504e-03,3.593750000000000416e-02
6.620000000000000016e-03,3.593750000000000416e-02
6.649999999999999661e-03,3.562500000000000389e-02
6.680000000000000174e-03,3.531250000000000361e-02
6.709999999999999819e-03,3.437500000000000278e-02
6.739999999999999464e-03,3.343750000000000194e-02
6.769999999999999976e-03,3.312500000000000167e-02
6.799999999999999621e-03,3.218750000000000083e-02
6.830000000000000134e-03,3.156250000000000028e-02
6.859999999999999779e-03,3.062500000000000291e-02
6.889999999999999424e-03,3.000000000000000236e-02
6.919999999999999936e-03,2.875000000000000472e-02
6.949999999999999581e-03,2.875000000000000472e-02
6.980000000000000093e-03,2.781250000000000389e-02
7.009999999999999738e-03,2.718750000000000333e-02
7.040000000000000251e-03,2.687500000000000305e-02
7.069999999999999896e-03,2.687500000000000305e-02
7.099999999999999541e-03,2.656250000000000278e-02
7.130000000000000053e-03,2.656250000000000278e-02
7.159999999999999698e-03,2.656250000000000278e-02
7.190000000000000210e-03,2.656250000000000278e-02
7.219999999999999855e-03,2.781250000000000389e-02
7.249999999999999500e-03,2.875000000000000472e-02
7.280000000000000013e-03,3.000000000000000236e-02
7.309999999999999658e-03,3.000000000000000236e-02
7.340000000000000170e-03,3.125000000000000000e-02
7.369999999999999815e-03,3.250000000000000111e-02
7.399999999999999460e-03,3.375000000000000222e-02
7.429999999999999973e-03,3.531250000000000361e-02
7.459999999999999618e-03,3.593750000000000416e-02
7.490000000000000130e-03,3.750000000000000555e-02
7.519999999999999775e-03,3.843750000000000638e-02
7.549999999999999420e-03,3.906250000000000000e-02
7.579999999999999932e-03,4.000000000000000083e-02
7.609999999999999577e-03,4.062500000000000139e-02
7.640000000000000090e-03,4.125000000000000194e-02
7.669999999999999735e-03,4.156250000000000222e-02
7.700000000000000247e-03,4.250000000000000305e-02
7.729999999999999892e-03,4.250000000000000305e-02
7.759999999999999537e-03,4.250000000000000305e-02
7.790000000000000049e-03,4.250000000000000305e-02
7.820000000000000562e-03,4.250000000000000305e-02
7.850000000000001074e-03,4.218750000000000278e-02
7.879999999999999852e-03,4.187500000000000250e-02
7.910000000000000364e-03,4.125000000000000194e-02
7.940000000000000877e-03,4.093750000000000167e-02
7.969999999999999654e-03,4.000000000000000083e-02
8.000000000000000167e-03,3.937500000000000722e-02
8.030000000000000679e-03,3.906250000000000000e-02
8.060000000000001191e-03,3.843750000000000638e-02
8.089999999999999969e-03,3.812500000000000611e-02
8.120000000000000481e-03,3.718750000000000527e-02
8.150000000000000994e-03,3.625000000000000444e-02
8.180000000000001506e-03,3.593750000000000416e-02
8.210000000000000284e-03,3.593750000000000416e-02
8.240000000000000796e-03,3.562500000000000389e-02
8.270000000000001308e-03,3.500000000000000333e-02
8.300000000000000086e-03,3.562500000000000389e-02
8.330000000000000598e-03,3.562500000000000389e-02
8.360000000000001111e-03,3.562500000000000389e-02
8.389999999999999888e-03,3.656250000000000472e-02
8.420000000000000401e-03,3.718750000000000527e-02
8.450000000000000913e-03,3.750000000000000555e-02
8.480000000000001426e-03,3.875000000000000666e-02
8.510000000000000203e-03,3.968750000000000056e-02
8.540000000000000716e-03,4.000000000000000083e-02
8.570000000000001228e-03,4.062500000000000139e-02
8.600000000000000006e-03,4.125000000000000194e-02
8.630000000000000518e-03,4.218750000000000278e-02
8.660000000000001030e-03,4.250000000000000305e-02
8.690000000000001543e-03,4.312500000000000361e-02
8.720000000000000320e-03,4.406250000000000444e-02
8.750000000000000833e-03,4.437500000000000472e-02
8.780000000000001345e-03,4.437500000000000472e-02
8.810000000000000123e-03,4.468750000000000500e-02
8.840000000000000635e-03,4.500000000000000527e-02
8.870000000000001147e-03,4.500000000000000527e-02
8.899999999999999925e-03,4.500000000000000527e-02
8.930000000000000437e-03,4.562500000000000583e-02
8.960000000000000950e-03,4.531250000000000555e-02
8.990000000000001462e-03,4.531250000000000555e-02
9.020000000000000240e-03,4.531250000000000555e-02
9.050000000000000752e-03,4.562500000000000583e-02
9.080000000000001265e-03,4.562500000000000583e-02
9.110000000000000042e-03,4.562500000000000583e-02
9.140000000000000555e-03,4.562500000000000583e-02
9.170000000000001067e-03,4.468750000000000500e-02
9.200000000000001579e-03,4.468750000000000500e-02
9.230000000000000357e-03,4.468750000000000500e-02
9.260000000000000869e-03,4.375000000000000416e-02
9.290000000000001382e-03,4.343750000000000389e-02
9.320000000000000159e-03,4.312500000000000361e-02
9.350000000000000672e-03,4.312500000000000361e-02
9.380000000000001184e-03,4.218750000000000278e-02
9.409999999999999962e-03,4.187500000000000250e-02
9.440000000000000474e-03,4.156250000000000222e-02
9.470000000000000986e-03,4.156250000000000222e-02
9.500000000000001499e-03,4.125000000000000194e-02
9.530000000000000276e-03,4.093750000000000167e-02
9.560000000000000789e-03,4.156250000000000222e-02
9.590000000000001301e-03,4.156250000000000222e-02
9.620000000000000079e-03,4.187500000000000250e-02
9.650000000000000591e-03,4.218750000000000278e-02
9.680000000000001104e-03,4.281250000000000333e-02
9.710000000000001616e-03,4.312500000000000361e-02
9.740000000000000394e-03,4.375000000000000416e-02
9.770000000000000906e-03,4.375000000000000416e-02
9.800000000000001418e-03,4.437500000000000472e-02
9.830000000000000196e-03,4.437500000000000472e-02
9.860000000000000708e-03,4.437500000000000472e-02
9.890000000000001221e-03,4.468750000000000500e-02
9.919999999999999998e-03,4.437500000000000472e-02
9.950000000000000511e-03,4.406250000000000444e-02
9.980000000000001023e-03,4.343750000000000389e-02
1.001000000000000154e-02,4.343750000000000389e-02
1.004000000000000031e-02,4.281250000000000333e-02
1.007000000000000083e-02,4.281250000000000333e-02
1.010000000000000134e-02,4.250000000000000305e-02
1.013000000000000012e-02,4.187500000000000250e-02
1.016000000000000063e-02,4.187500000000000250e-02
1.019000000000000114e-02,4.156250000000000222e-02
1.021999999999999992e-02,4.156250000000000222e-02
1.025000000000000043e-02,4.187500000000000250e-02
1.028000000000000094e-02,4.187500000000000250e-02
1.031000000000000145e-02,4.218750000000000278e-02
1.034000000000000023e-02,4.250000000000000305e-02
1.037000000000000074e-02,4.250000000000000305e-02
1.040000000000000126e-02,4.281250000000000333e-02
1.043000000000000003e-02,4.312500000000000361e-02
1.046000000000000055e-02,4.312500000000000361e-02
1.049000000000000106e-02,4.375000000000000416e-02
1.052000000000000157e-02,4.406250000000000444e-02
1.055000000000000035e-02,4.437500000000000472e-02
1.058000000000000086e-02,4.406250000000000444e-02
1.061000000000000137e-02,4.437500000000000472e-02
1.064000000000000015e-02,4.437500000000000472e-02
1.067000000000000066e-02,4.437500000000000472e-02
1.070000000000000118e-02,4.437500000000000472e-02
1.072999999999999995e-02,4.437500000000000472e-02
1.076000000000000047e-02,4.437500000000000472e-02
1.079000000000000098e-02,4.468750000000000500e-02
1.082000000000000149e-02,4.500000000000000527e-02
1.085000000000000027e-02,4.531250000000000555e-02
1.088000000000000078e-02,4.500000000000000527e-02
1.091000000000000129e-02,4.531250000000000555e-02
1.094000000000000007e-02,4.531250000000000555e-02
1.097000000000000058e-02,4.500000000000000527e-02
1.100000000000000110e-02,4.468750000000000500e-02
1.103000000000000161e-02,4.406250000000000444e-02
1.106000000000000039e-02,4.375000000000000416e-02
1.109000000000000090e-02,4.343750000000000389e-02
1.112000000000000141e-02,4.281250000000000333e-02
1.115000000000000019e-02,4.218750000000000278e-02
1.118000000000000070e-02,4.125000000000000194e-02
1.121000000000000121e-02,4.093750000000000167e-02
1.123999999999999999e-02,3.968750000000000056e-02
1.127000000000000050e-02,3.968750000000000056e-02
1.130000000000000102e-02,3.843750000000000638e-02
1.133000000000000153e-02,3.843750000000000638e-02
1.136000000000000031e-02,3.812500000000000611e-02
1.139000000000000082e-02,3.812500000000000611e-02
1.142000000000000133e-02,3.781250000000000583e-02
1.145000000000000011e-02,3.781250000000000583e-02
1.148000000000000062e-02,3.812500000000000611e-02
1.151000000000000113e-02,3.781250000000000583e-02
1.154000000000000165e-02,3.812500000000000611e-02
1.157000000000000042e-02,3.843750000000000638e-02
1.160000000000000094e-02,3.875000000000000666e-02
1.163000000000000145e-02,3.906250000000000000e-02
1.166000000000000023e-02,3.968750000000000056e-02
1.169000000000000074e-02,4.000000000000000083e-02
1.172000000000000125e-02,4.062500000000000139e-02
1.175000000000000003e-02,4.093750000000000167e-02
1.178000000000000054e-02,4.156250000000000222e-02
1.181000000000000105e-02,4.156250000000000222e-02
1.184000000000000156e-02,4.218750000000000278e-02
1.187000000000000034e-02,4.250000000000000305e-02
1.190000000000000085e-02,4.281250000000000333e-02
1.193000000000000137e-02,4.281250000000000333e-02
1.196000000000000014e-02,4.343750000000000389e-02
1.199000000000000066e-02,4.343750000000000389e-02
1.202000000000000117e-02,4.375000000000000416e-02
1.205000000000000168e-02,4.312500000000000361e-02
1.208000000000000046e-02,4.343750000000000389e-02
1.211000000000000097e-02,4.312500000000000361e-02
1.214000000000000148e-02,4.312500000000000361e-02
1.217000000000000026e-02,4.250000000000000305e-02
1.220000000000000077e-02,4.187500000000000250e-02
1.223000000000000129e-02,4.125000000000000194e-02
1.226000000000000006e-02,4.031250000000000111e-02
1.229000000000000058e-02,3.937500000000000722e-02
1.232000000000000109e-02,3.937500000000000722e-02
1.235000000000000160e-02,3.843750000000000638e-02
1.238000000000000038e-02,3.718750000000000527e-02
1.241000000000000089e-02,3.625000000000000444e-02
1.244000000000000140e-02,3.562500000000000389e-02
1.247000000000000018e-02,3.468750000000000305e-02
1.250000000000000069e-02,3.406250000000000250e-02
1.253000000000000121e-02,3.281250000000000139e-02
1.255999999999999998e-02,3.281250000000000139e-02
1.259000000000000050e-02,3.218750000000000083e-02
1.262000000000000101e-02,3.187500000000000056e-02
1.265000000000000152e-02,3.156250000000000028e-02
1.268000000000000030e-02,3.187500000000000056e-02
1.271000000000000081e-02,3.156250000000000028e-02
1.274000000000000132e-02,3.187500000000000056e-02
1.277000000000000010e-02,3.218750000000000083e-02
1.280000000000000061e-02,3.250000000000000111e-02
1.283000000000000113e-02,3.250000000000000111e-02
1.286000000000000164e-02,3.312500000000000167e-02
1.289000000000000042e-02,3.375000000000000222e-02
1.292000000000000093e-02,3.437500000000000278e-02
1.295000000000000144e-02,3.531250000000000361e-02
1.298000000000000022e-02,3.562500000000000389e-02
1.301000000000000073e-02,3.625000000000000444e-02
1.304000000000000124e-02,3.687500000000000500e-02
1.307000000000000002e-02,3.718750000000000527e-02
1.310000000000000053e-02,3.750000000000000555e-02
1.313000000000000105e-02,3.812500000000000611e-02
1.316000000000000156e-02,3.781250000000000583e-02
1.319000000000000034e-02,3.812500000000000611e-02
1.322000000000000085e-02,3.812500000000000611e-02
1.325000000000000136e-02,3.781250000000000583e-02
1.328000000000000014e-02,3.750000000000000555e-02
1.331000000000000065e-02,3.718750000000000527e-02
1.334000000000000116e-02,3.656250000000000472e-02
1.337000000000000167e-02,3.562500000000000389e-02
1.340000000000000045e-02,3.500000000000000333e-02
1.343000000000000096e-02,3.375000000000000222e-02
1.346000000000000148e-02,3.250000000000000111e-02
1.349000000000000025e-02,3.250000000000000111e-02
1.352000000000000077e-02,3.031250000000000264e-02
1.355000000000000128e-02,2.906250000000000500e-02
1.358000000000000006e-02,2.875000000000000472e-02
1.361000000000000057e-02,2.750000000000000361e-02
1.364000000000000108e-02,2.687500000000000305e-02
1.367000000000000159e-02,2.593750000000000222e-02
1.370000000000000037e-02,2.500000000000000139e-02
1.373000000000000088e-02,2.437500000000000083e-02
1.376000000000000140e-02,2.406250000000000056e-02
1.379000000000000017e-02,2.406250000000000056e-02
1.382000000000000069e-02,2.406250000000000056e-02
1.385000000000000120e-02,2.375000000000000375e-02
1.388000000000000171e-02,2.406250000000000056e-02
1.391000000000000049e-02,2.437500000000000083e-02
1.394000000000000100e-02,2.468750000000000111e-02
1.397000000000000151e-02,2.562500000000000194e-02
1.400000000000000029e-02,2.656250000000000278e-02
1.403000000000000080e-02,2.687500000000000305e-02
1.406000000000000132e-02,2.781250000000000389e-02
1.409000000000000009e-02,2.812500000000000416e-02
1.412000000000000061e-02,2.906250000000000500e-02
1.415000000000000112e-02,2.968750000000000208e-02
1.418000000000000163e-02,3.031250000000000264e-02
1.421000000000000041e-02,3.093750000000000319e-02
1.424000000000000092e-02,3.156250000000000028e-02
1.427000000000000143e-02,3.187500000000000056e-02
1.430000000000000021e-02,3.250000000000000111e-02
1.433000000000000072e-02,3.250000000000000111e-02
1.436000000000000124e-02,3.281250000000000139e-02
1.439000000000000175e-02,3.281250000000000139e-02
1.442000000000000053e-02,3.250000000000000111e-02
1.445000000000000104e-02,3.187500000000000056e-02
1.448000000000000155e-02,3.187500000000000056e-02
1.451000000000000033e-02,3.125000000000000000e-02
1.454000000000000084e-02,3.000000000000000236e-02
1.457000000000000135e-02,2.906250000000000500e-02
1.460000000000000013e-02,2.843750000000000444e-02
1.463000000000000064e-02,2.656250000000000278e-02
1.466000000000000116e-02,2.625000000000000250e-02
1.469000000000000167e-02,2.437500000000000083e-02
1.472000000000000045e-02,2.312500000000000319e-02
1.475000000000000096e-02,2.156250000000000527e-02
1.478000000000000147e-02,2.000000000000000389e-02
1.481000000000000025e-02,1.906250000000000305e-02
1.484000000000000076e-02,1.781250000000000194e-02
1.487000000000000127e-02,1.718750000000000139e-02
1.490000000000000005e-02,1.593750000000000375e-02
1.493000000000000056e-02,1.562500000000000347e-02
1.496000000000000107e-02,1.531250000000000319e-02
1.499000000000000159e-02,1.437500000000000236e-02
1.502000000000000036e-02,1.437500000000000236e-02
1.505000000000000088e-02,1.437500000000000236e-02
1.508000000000000139e-02,1.468750000000000264e-02
1.511000000000000017e-02,1.500000000000000291e-02
1.514000000000000068e-02,1.531250000000000319e-02
1.517000000000000119e-02,1.625000000000000402e-02
1.520000000000000170e-02,1.718750000000000139e-02
1.523000000000000048e-02,1.781250000000000194e-02
1.526000000000000099e-02,1.906250000000000305e-02
1.529000000000000151e-02,2.000000000000000389e-02
1.532000000000000028e-02,2.156250000000000527e-02
1.535000000000000080e-02,2.218750000000000236e-02
1.538000000000000131e-02,2.312500000000000319e-02
1.541000000000000009e-02,2.468750000000000111e-02
1.544000000000000060e-02,2.593750000000000222e-02
1.547000000000000111e-02,2.625000000000000250e-02
1.550000000000000162e-02,2.750000000000000361e-02
1.553000000000000040e-02,2.812500000000000416e-02
1.556000000000000091e-02,2.843750000000000444e-02
1.559000000000000143e-02,2.875000000000000472e-02
1.562000000000000020e-02,2.875000000000000472e-02
1.565000000000000072e-02,2.875000000000000472e-02
1.567999999999999949e-02,2.875000000000000472e-02
1.571000000000000174e-02,2.781250000000000389e-02
1.574000000000000052e-02,2.687500000000000305e-02
1.576999999999999930e-02,2.656250000000000278e-02
1.580000000000000154e-02,2.500000000000000139e-02
1.583000000000000032e-02,2.343750000000000347e-02
1.585999999999999910e-02,2.281250000000000291e-02
1.588999999999999788e-02,2.000000000000000389e-02
1.592000000000000012e-02,1.843750000000000250e-02
1.594999999999999890e-02,1.781250000000000194e-02
1.597999999999999768e-02,1.625000000000000402e-02
1.600999999999999993e-02,1.406250000000000208e-02
1.603999999999999870e-02,1.375000000000000180e-02
1.606999999999999748e-02,1.187500000000000361e-02
1.609999999999999973e-02,1.062500000000000250e-02
1.612999999999999851e-02,1.000000000000000194e-02
1.616000000000000075e-02,8.750000000000004302e-03
1.618999999999999953e-02,8.437500000000004025e-03
1.621999999999999831e-02,7.500000000000003192e-03
1.625000000000000056e-02,7.187500000000002914e-03
1.627999999999999933e-02,6.875000000000002637e-03
1.630999999999999811e-02,6.875000000000002637e-03
1.634000000000000036e-02,6.875000000000002637e-03
1.636999999999999914e-02,7.187500000000002914e-03
1.639999999999999791e-02,6.875000000000002637e-03
1.643000000000000016e-02,8.125000000000003747e-03
1.645999999999999894e-02,8.125000000000003747e-03
1.648999999999999772e-02,8.750000000000004302e-03
1.651999999999999996e-02,9.375000000000001388e-03
1.654999999999999874e-02,1.093750000000000278e-02
1.657999999999999752e-02,1.125000000000000305e-02
1.660999999999999976e-02,1.281250000000000444e-02
1.663999999999999854e-02,1.406250000000000208e-02
1.667000000000000079e-02,1.500000000000000291e-02
1.669999999999999957e-02,1.625000000000000402e-02
1.672999999999999834e-02,1.687500000000000458e-02
1.676000000000000059e-02,1.750000000000000167e-02
1.678999999999999937e-02,1.843750000000000250e-02
1.681999999999999815e-02,1.906250000000000305e-02
1.685000000000000039e-02,1.937500000000000333e-02
1.687999999999999917e-02,1.937500000000000333e-02
1.690999999999999795e-02,1.968750000000000361e-02
1.694000000000000020e-02,1.968750000000000361e-02
1.696999999999999897e-02,1.937500000000000333e-02
1.699999999999999775e-02,1.875000000000000278e-02
1.703000000000000000e-02,1.843750000000000250e-02
1.705999999999999878e-02,1.781250000000000194e-02
1.708999999999999755e-02,1.687500000000000458e-02
1.711999999999999980e-02,1.593750000000000375e-02
1.714999999999999858e-02,1.500000000000000291e-02
1.718000000000000083e-02,1.375000000000000180e-02
1.720999999999999960e-02,1.343750000000000153e-02
1.723999999999999838e-02,1.187500000000000361e-02
1.727000000000000063e-02,1.156250000000000333e-02
1.729999999999999941e-02,1.062500000000000250e-02
1.732999999999999818e-02,9.375000000000001388e-03
1.736000000000000043e-02,9.062500000000001110e-03
1.738999999999999921e-02,8.437500000000004025e-03
1.741999999999999799e-02,8.125000000000003747e-03
1.745000000000000023e-02,7.812500000000003469e-03
1.747999999999999901e-02,7.500000000000003192e-03
1.750999999999999779e-02,7.500000000000003192e-03
1.754000000000000004e-02,7.500000000000003192e-03
1.756999999999999881e-02,7.187500000000002914e-03
1.759999999999999759e-02,7.812500000000003469e-03
1.762999999999999984e-02,7.812500000000003469e-03
1.765999999999999862e-02,8.125000000000003747e-03
1.769000000000000086e-02,8.125000000000003747e-03
1.771999999999999964e-02,8.437500000000004025e-03
1.774999999999999842e-02,9.375000000000001388e-03
1.778000000000000067e-02,9.375000000000001388e-03
1.780999999999999944e-02,9.687500000000001665e-03
1.783999999999999822e-02,1.000000000000000194e-02
1.787000000000000047e-02,1.031250000000000222e-02
1.789999999999999925e-02,1.093750000000000278e-02
1.792999999999999802e-02,1.093750000000000278e-02
1.796000000000000027e-02,1.125000000000000305e-02
1.798999999999999905e-02,1.125000000000000305e-02
1.801999999999999783e-02,1.156250000000000333e-02
1.805000000000000007e-02,1.125000000000000305e-02
1.807999999999999885e-02,1.093750000000000278e-02
1.810999999999999763e-02,1.031250000000000222e-02
1.813999999999999987e-02,1.000000000000000194e-02
1.816999999999999865e-02,9.375000000000001388e-03
1.820000000000000090e-02,9.062500000000001110e-03
1.822999999999999968e-02,8.437500000000004025e-03
1.825999999999999845e-02,7.812500000000003469e-03
1.829000000000000070e-02,7.187500000000002914e-03
1.831999999999999948e-02,6.562500000000002359e-03
1.834999999999999826e-02,6.562500000000002359e-03
1.838000000000000050e-02,5.937500000000001804e-03
1.840999999999999928e-02,5.312500000000001249e-03
1.843999999999999806e-02,4.687500000000004163e-03
1.847000000000000031e-02,4.375000000000003886e-03
1.849999999999999908e-02,4.062500000000003608e-03
1.852999999999999786e-02,3.750000000000003331e-03
1.856000000000000011e-02,3.437500000000003053e-03
1.858999999999999889e-02,3.125000000000002776e-03
1.861999999999999766e-02,3.125000000000002776e-03
1.864999999999999991e-02,3.125000000000002776e-03
1.867999999999999869e-02,2.812500000000002498e-03
1.871000000000000094e-02,3.125000000000002776e-03
1.873999999999999971e-02,3.437500000000003053e-03
1.876999999999999849e-02,3.437500000000003053e-03
1.880000000000000074e-02,4.062500000000003608e-03
1.882999999999999952e-02,4.062500000000003608e-03
1.885999999999999829e-02,5.000000000000004441e-03
1.889000000000000054e-02,5.000000000000004441e-03
1.891999999999999932e-02,6.250000000000002082e-03
1.894999999999999810e-02,6.875000000000002637e-03
1.898000000000000034e-02,7.500000000000003192e-03
1.900999999999999912e-02,7.812500000000003469e-03
1.903999999999999790e-02,8.750000000000004302e-03
1.907000000000000015e-02,9.062500000000001110e-03
1.909999999999999892e-02,1.031250000000000222e-02
1.912999999999999770e-02,1.093750000000000278e-02
1.915999999999999995e-02,1.125000000000000305e-02
1.918999999999999873e-02,1.156250000000000333e-02
1.922000000000000097e-02,1.187500000000000361e-02
1.924999999999999975e-02,1.187500000000000361e-02
1.927999999999999853e-02,1.156250000000000333e-02
1.931000000000000077e-02,1.125000000000000305e-02
1.933999999999999955e-02,1.093750000000000278e-02
1.936999999999999833e-02,1.000000000000000194e-02
1.940000000000000058e-02,9.375000000000001388e-03
1.942999999999999935e-02,8.750000000000004302e-03
1.945999999999999813e-02,7.812500000000003469e-03
1.949000000000000038e-02,6.875000000000002637e-03
1.951999999999999916e-02,6.562500000000002359e-03
1.954999999999999793e-02,5.937500000000001804e-03
1.958000000000000018e-02,5.000000000000004441e-03
1.960999999999999896e-02,4.375000000000003886e-03
1.963999999999999774e-02,3.750000000000003331e-03
1.966999999999999998e-02,3.437500000000003053e-03
1.969999999999999876e-02,3.125000000000002776e-03
1.973000000000000101e-02,3.125000000000002776e-03
1.975999999999999979e-02,2.812500000000002498e-03
1.978999999999999856e-02,2.812500000000002498e-03
1.982000000000000081e-02,2.500000000000002220e-03
1.984999999999999959e-02,2.187500000000001943e-03
1.987999999999999837e-02,2.187500000000001943e-03
1.991000000000000061e-02,2.187500000000001943e-03
1.993999999999999939e-02,2.187500000000001943e-03
1.996999999999999817e-02,2.187500000000001943e-03
2.000000000000000042e-02,2.500000000000002220e-03
2.002999999999999919e-02,2.500000000000002220e-03
2.005999999999999797e-02,2.187500000000001943e-03
2.009000000000000022e-02,2.500000000000002220e-03
2.011999999999999900e-02,2.812500000000002498e-03
2.014999999999999777e-02,3.125000000000002776e-03
2.018000000000000002e-02,3.437500000000003053e-03
2.020999999999999880e-02,4.062500000000003608e-03
2.023999999999999758e-02,4.687500000000004163e-03
2.026999999999999982e-02,5.312500000000001249e-03
2.029999999999999860e-02,5.937500000000001804e-03
2.033000000000000085e-02,5.937500000000001804e-03
2.035999999999999963e-02,6.562500000000002359e-03
2.038999999999999840e-02,7.187500000000002914e-03
2.042000000000000065e-02,7.187500000000002914e-03
2.044999999999999943e-02,7.500000000000003192e-03
2.047999999999999821e-02,7.812500000000003469e-03
2.051000000000000045e-02,7.500000000000003192e-03
2.053999999999999923e-02,7.187500000000002914e-03
2.056999999999999801e-02,7.187500000000002914e-03
2.060000000000000026e-02,6.562500000000002359e-03
2.062999999999999903e-02,5.625000000000001527e-03
2.065999999999999781e-02,5.312500000000001249e-03
2.069000000000000006e-02,5.000000000000004441e-03
2.071999999999999884e-02,4.687500000000004163e-03
2.074999999999999761e-02,4.062500000000003608e-03
2.077999999999999986e-02,3.437500000000003053e-03
2.080999999999999864e-02,3.437500000000003053e-03
2.084000000000000088e-02,3.125000000000002776e-03
2.086999999999999966e-02,2.812500000000002498e-03
2.089999999999999844e-02,2.500000000000002220e-03
2.093000000000000069e-02,2.500000000000002220e-03
2.095999999999999946e-02,2.500000000000002220e-03
2.098999999999999824e-02,2.500000000000002220e-03
2.102000000000000049e-02,2.500000000000002220e-03
2.104999999999999927e-02,2.500000000000002220e-03
2.107999999999999804e-02,2.187500000000001943e-03
2.111000000000000029e-02,2.500000000000002220e-03
2.113999999999999907e-02,2.187500000000001943e-03
2.116999999999999785e-02,2.500000000000002220e-03
2.120000000000000009e-02,2.187500000000001943e-03
2.122999999999999887e-02,1.875000000000001665e-03
2.125999999999999765e-02,1.875000000000001665e-03
2.128999999999999990e-02,1.875000000000001665e-03
2.131999999999999867e-02,1.875000000000001665e-03
2.135000000000000092e-02,2.500000000000002220e-03
2.137999999999999970e-02,2.500000000000002220e-03
2.140999999999999848e-02,2.812500000000002498e-03
2.144000000000000072e-02,2.812500000000002498e-03
2.146999999999999950e-02,3.437500000000003053e-03
2.149999999999999828e-02,4.062500000000003608e-03
2.153000000000000053e-02,4.062500000000003608e-03
2.155999999999999930e-02,4.375000000000003886e-03
2.158999999999999808e-02,4.687500000000004163e-03
2.162000000000000033e-02,4.687500000000004163e-03
2.164999999999999911e-02,4.687500000000004163e-03
2.167999999999999788e-02,5.000000000000004441e-03
2.171000000000000013e-02,4.687500000000004163e-03
2.173999999999999891e-02,4.687500000000004163e-03
2.176999999999999769e-02,4.375000000000003886e-03
2.179999999999999993e-02,4.062500000000003608e-03
2.182999999999999871e-02,3.750000000000003331e-03
2.186000000000000096e-02,3.750000000000003331e-03
2.188999999999999974e-02,3.125000000000002776e-03
2.191999999999999851e-02,3.125000000000002776e-03
2.195000000000000076e-02,2.812500000000002498e-03
2.197999999999999954e-02,2.500000000000002220e-03
2.200999999999999832e-02,2.500000000000002220e-03
2.204000000000000056e-02,2.812500000000002498e-03
2.206999999999999934e-02,2.812500000000002498e-03
2.209999999999999812e-02,2.812500000000002498e-03
2.213000000000000037e-02,2.812500000000002498e-03
2.215999999999999914e-02,3.437500000000003053e-03
2.218999999999999792e-02,3.750000000000003331e-03
2.222000000000000017e-02,4.062500000000003608e-03
2.224999999999999895e-02,3.750000000000003331e-03
2.227999999999999772e-02,4.375000000000003886e-03
2.230999999999999997e-02,4.375000000000003886e-03
2.233999999999999875e-02,4.375000000000003886e-03
2.237000000000000099e-02,4.687500000000004163e-03
2.239999999999999977e-02,4.062500000000003608e-03
2.242999999999999855e-02,4.062500000000003608e-03
2.246000000000000080e-02,3.750000000000003331e-03
2.248999999999999957e-02,3.437500000000003053e-03
2.251999999999999835e-02,3.750000000000003331e-03
2.255000000000000060e-02,3.125000000000002776e-03
2.257999999999999938e-02,2.812500000000002498e-03
2.260999999999999815e-02,2.500000000000002220e-03
2.264000000000000040e-02,2.812500000000002498e-03
2.266999999999999918e-02,2.500000000000002220e-03
2.269999999999999796e-02,2.500000000000002220e-03
2.273000000000000020e-02,2.187500000000001943e-03
2.275999999999999898e-02,2.500000000000002220e-03
2.278999999999999776e-02,2.500000000000002220e-03
2.282000000000000001e-02,2.500000000000002220e-03
2.284999999999999878e-02,2.500000000000002220e-03
2.288000000000000103e-02,2.500000000000002220e-03
2.290999999999999981e-02,2.187500000000001943e-03
2.293999999999999859e-02,2.187500000000001943e-03
2.297000000000000083e-02,2.187500000000001943e-03
2.299999999999999961e-02,2.500000000000002220e-03
2.302999999999999839e-02,2.187500000000001943e-03
2.306000000000000064e-02,1.875000000000001665e-03
2.308999999999999941e-02,1.875000000000001665e-03
2.311999999999999819e-02,2.187500000000001943e-03
2.315000000000000044e-02,2.187500000000001943e-03
2.317999999999999922e-02,2.500000000000002220e-03
2.320999999999999799e-02,2.500000000000002220e-03
2.324000000000000024e-02,3.125000000000002776e-03
2.326999999999999902e-02,3.437500000000003053e-03
2.329999999999999780e-02,3.750000000000003331e-03
2.333000000000000004e-02,4.687500000000004163e-03
2.335999999999999882e-02,5.000000000000004441e-03
2.339000000000000107e-02,5.625000000000001527e-03
2.341999999999999985e-02,6.250000000000002082e-03
2.344999999999999862e-02,6.562500000000002359e-03
2.348000000000000087e-02,6.875000000000002637e-03
2.350999999999999965e-02,7.187500000000002914e-03
2.353999999999999843e-02,7.500000000000003192e-03
2.357000000000000067e-02,7.500000000000003192e-03
2.359999999999999945e-02,7.500000000000003192e-03
2.362999999999999823e-02,7.187500000000002914e-03
2.366000000000000048e-02,7.187500000000002914e-03
2.368999999999999925e-02,6.562500000000002359e-03
2.371999999999999803e-02,5.937500000000001804e-03
2.375000000000000028e-02,5.625000000000001527e-03
2.377999999999999906e-02,5.625000000000001527e-03
2.380999999999999783e-02,5.000000000000004441e-03
2.384000000000000008e-02,4.687500000000004163e-03
2.386999999999999886e-02,4.062500000000003608e-03
2.390000000000000110e-02,4.062500000000003608e-03
2.392999999999999988e-02,3.437500000000003053e-03
2.395999999999999866e-02,3.125000000000002776e-03
2.399000000000000091e-02,3.125000000000002776e-03
2.401999999999999968e-02,2.812500000000002498e-03
2.404999999999999846e-02,2.812500000000002498e-03
2.408000000000000071e-02,3.125000000000002776e-03
2.410999999999999949e-02,3.125000000000002776e-03
2.413999999999999826e-02,2.812500000000002498e-03
2.417000000000000051e-02,3.125000000000002776e-03
2.419999999999999929e-02,3.750000000000003331e-03
2.422999999999999807e-02,3.750000000000003331e-03
2.426000000000000031e-02,3.750000000000003331e-03
2.428999999999999909e-02,4.687500000000004163e-03
2.431999999999999787e-02,5.312500000000001249e-03
2.435000000000000012e-02,5.937500000000001804e-03
2.437999999999999889e-02,6.562500000000002359e-03
2.440999999999999767e-02,7.500000000000003192e-03
2.443999999999999992e-02,8.750000000000004302e-03
2.446999999999999870e-02,9.375000000000001388e-03
2.450000000000000094e-02,1.125000000000000305e-02
2.452999999999999972e-02,1.187500000000000361e-02
2.455999999999999850e-02,1.281250000000000444e-02
2.459000000000000075e-02,1.375000000000000180e-02
2.461999999999999952e-02,1.468750000000000264e-02
2.464999999999999830e-02,1.562500000000000347e-02
2.468000000000000055e-02,1.593750000000000375e-02
2.470999999999999933e-02,1.656250000000000430e-02
2.473999999999999810e-02,1.687500000000000458e-02
2.477000000000000035e-02,1.625000000000000402e-02
2.479999999999999913e-02,1.593750000000000375e-02
2.482999999999999791e-02,1.593750000000000375e-02
2.486000000000000015e-02,1.562500000000000347e-02
2.488999999999999893e-02,1.468750000000000264e-02
2.491999999999999771e-02,1.437500000000000236e-02
2.494999999999999996e-02,1.343750000000000153e-02
2.497999999999999873e-02,1.250000000000000416e-02
2.501000000000000098e-02,1.187500000000000361e-02
2.503999999999999976e-02,1.062500000000000250e-02
2.506999999999999854e-02,1.031250000000000222e-02
2.510000000000000078e-02,9.687500000000001665e-03
2.512999999999999956e-02,9.062500000000001110e-03
2.515999999999999834e-02,8.125000000000003747e-03
2.519000000000000059e-02,8.125000000000003747e-03
2.521999999999999936e-02,7.500000000000003192e-03
2.524999999999999814e-02,7.812500000000003469e-03
2.528000000000000039e-02,7.500000000000003192e-03
2.530999999999999917e-02,7.500000000000003192e-03
2.533999999999999794e-02,7.812500000000003469e-03
2.537000000000000019e-02,8.125000000000003747e-03
2.539999999999999897e-02,8.437500000000004025e-03
2.542999999999999775e-02,9.375000000000001388e-03
2.545999999999999999e-02,1.062500000000000250e-02
2.548999999999999877e-02,1.125000000000000305e-02
2.552000000000000102e-02,1.312500000000000125e-02
2.554999999999999979e-02,1.500000000000000291e-02
2.557999999999999857e-02,1.562500000000000347e-02
2.561000000000000082e-02,1.625000000000000402e-02
2.563999999999999960e-02,1.781250000000000194e-02
2.566999999999999837e-02,1.968750000000000361e-02
2.570000000000000062e-02,2.125000000000000500e-02
2.572999999999999940e-02,2.250000000000000264e-02
2.575999999999999818e-02,2.468750000000000111e-02
2.579000000000000042e-02,2.531250000000000167e-02
2.581999999999999920e-02,2.625000000000000250e-02
2.584999999999999798e-02,2.718750000000000333e-02
2.588000000000000023e-02,2.843750000000000444e-02
2.590999999999999900e-02,2.937500000000000527e-02
2.593999999999999778e-02,3.000000000000000236e-02
2.597000000000000003e-02,3.000000000000000236e-02
2.599999999999999881e-02,3.031250000000000264e-02
2.603000000000000105e-02,3.000000000000000236e-02
2.605999999999999983e-02,2.968750000000000208e-02
2.608999999999999861e-02,2.968750000000000208e-02
2.612000000000000086e-02,2.843750000000000444e-02
2.614999999999999963e-02,2.750000000000000361e-02
2.617999999999999841e-02,2.687500000000000305e-02
2.621000000000000066e-02,2.625000000000000250e-02
2.623999999999999944e-02,2.531250000000000167e-02
2.626999999999999821e-02,2.437500000000000083e-02
2.630000000000000046e-02,2.312500000000000319e-02
2.632999999999999924e-02,2.125000000000000500e-02
2.635999999999999802e-02,2.062500000000000444e-02
2.639000000000000026e-02,1.937500000000000333e-02
2.641999999999999904e-02,1.906250000000000305e-02
2.644999999999999782e-02,1.843750000000000250e-02
2.648000000000000007e-02,1.781250000000000194e-02
2.650999999999999884e-02,1.750000000000000167e-02
2.654000000000000109e-02,1.750000000000000167e-02
2.656999999999999987e-02,1.750000000000000167e-02
2.659999999999999865e-02,1.843750000000000250e-02
2.663000000000000089e-02,1.906250000000000305e-02
2.665999999999999967e-02,1.937500000000000333e-02
2.668999999999999845e-02,2.062500000000000444e-02
2.672000000000000069e-02,2.250000000000000264e-02
2.674999999999999947e-02,2.343750000000000347e-02
2.677999999999999825e-02,2.437500000000000083e-02
2.681000000000000050e-02,2.625000000000000250e-02
2.683999999999999928e-02,2.781250000000000389e-02
2.686999999999999805e-02,2.875000000000000472e-02
2.690000000000000030e-02,3.000000000000000236e-02
2.692999999999999908e-02,3.187500000000000056e-02
2.695999999999999786e-02,3.250000000000000111e-02
2.699000000000000010e-02,3.406250000000000250e-02
2.701999999999999888e-02,3.500000000000000333e-02
2.705000000000000113e-02,3.562500000000000389e-02
2.707999999999999990e-02,3.625000000000000444e-02
2.710999999999999868e-02,3.687500000000000500e-02
2.714000000000000093e-02,3.718750000000000527e-02
2.716999999999999971e-02,3.750000000000000555e-02
2.719999999999999848e-02,3.718750000000000527e-02
2.723000000000000073e-02,3.718750000000000527e-02
2.725999999999999951e-02,3.718750000000000527e-02
2.728999999999999829e-02,3.656250000000000472e-02
2.732000000000000053e-02,3.656250000000000472e-02
2.734999999999999931e-02,3.625000000000000444e-02
2.737999999999999809e-02,3.531250000000000361e-02
2.741000000000000034e-02,3.500000000000000333e-02
2.743999999999999911e-02,3.343750000000000194e-02
2.746999999999999789e-02,3.343750000000000194e-02
2.750000000000000014e-02,3.218750000000000083e-02
2.752999999999999892e-02,3.156250000000000028e-02
2.756000000000000116e-02,3.031250000000000264e-02
2.758999999999999994e-02,2.968750000000000208e-02
2.761999999999999872e-02,2.937500000000000527e-02
2.765000000000000097e-02,2.875000000000000472e-02
2.767999999999999974e-02,2.812500000000000416e-02
2.770999999999999852e-02,2.812500000000000416e-02
2.774000000000000077e-02,2.781250000000000389e-02
2.776999999999999955e-02,2.781250000000000389e-02
2.779999999999999832e-02,2.812500000000000416e-02
2.783000000000000057e-02,2.843750000000000444e-02
2.785999999999999935e-02,2.968750000000000208e-02
2.788999999999999813e-02,3.000000000000000236e-02
2.792000000000000037e-02,3.125000000000000000e-02
2.794999999999999915e-02,3.218750000000000083e-02
2.797999999999999793e-02,3.281250000000000139e-02
2.801000000000000018e-02,3.437500000000000278e-02
2.803999999999999895e-02,3.437500000000000278e-02
2.807000000000000120e-02,3.625000000000000444e-02
2.809999999999999998e-02,3.750000000000000555e-02
2.812999999999999876e-02,3.843750000000000638e-02
2.816000000000000100e-02,3.906250000000000000e-02
2.818999999999999978e-02,4.062500000000000139e-02
2.821999999999999856e-02,4.125000000000000194e-02
2.825000000000000080e-02,4.187500000000000250e-02
2.827999999999999958e-02,4.218750000000000278e-02
2.830999999999999836e-02,4.281250000000000333e-02
2.834000000000000061e-02,4.343750000000000389e-02
2.836999999999999938e-02,4.343750000000000389e-02
2.839999999999999816e-02,4.343750000000000389e-02
2.843000000000000041e-02,4.375000000000000416e-02
2.845999999999999919e-02,4.406250000000000444e-02
2.848999999999999796e-02,4.312500000000000361e-02
2.852000000000000021e-02,4.312500000000000361e-02
2.854999999999999899e-02,4.250000000000000305e-02
2.858000000000000124e-02,4.218750000000000278e-02
2.861000000000000001e-02,4.187500000000000250e-02
2.863999999999999879e-02,4.093750000000000167e-02
2.867000000000000104e-02,4.062500000000000139e-02
2.869999999999999982e-02,4.000000000000000083e-02
2.872999999999999859e-02,3.937500000000000722e-02
2.876000000000000084e-02,3.875000000000000666e-02
2.878999999999999962e-02,3.812500000000000611e-02
2.881999999999999840e-02,3.750000000000000555e-02
2.885000000000000064e-02,3.656250000000000472e-02
2.887999999999999942e-02,3.687500000000000500e-02
2.890999999999999820e-02,3.656250000000000472e-02
2.894000000000000045e-02,3.656250000000000472e-02
2.896999999999999922e-02,3.656250000000000472e-02
2.899999999999999800e-02,3.687500000000000500e-02
2.903000000000000025e-02,3.750000000000000555e-02
2.905999999999999903e-02,3.781250000000000583e-02
2.908999999999999780e-02,3.843750000000000638e-02
2.912000000000000005e-02,3.937500000000000722e-02
2.914999999999999883e-02,4.000000000000000083e-02
2.918000000000000108e-02,4.093750000000000167e-02
2.920999999999999985e-02,4.187500000000000250e-02
2.923999999999999863e-02,4.218750000000000278e-02
2.927000000000000088e-02,4.312500000000000361e-02
2.929999999999999966e-02,4.406250000000000444e-02
2.932999999999999843e-02,4.437500000000000472e-02
2.936000000000000068e-02,4.437500000000000472e-02
2.938999999999999946e-02,4.437500000000000472e-02
2.941999999999999824e-02,4.500000000000000527e-02
2.945000000000000048e-02,4.531250000000000555e-02
2.947999999999999926e-02,4.562500000000000583e-02
2.950999999999999804e-02,4.562500000000000583e-02
2.954000000000000029e-02,4.562500000000000583e-02
2.956999999999999906e-02,4.562500000000000583e-02
2.959999999999999784e-02,4.562500000000000583e-02
2.963000000000000009e-02,4.562500000000000583e-02
2.965999999999999887e-02,4.531250000000000555e-02
2.969000000000000111e-02,4.562500000000000583e-02
2.971999999999999989e-02,4.562500000000000583e-02
2.974999999999999867e-02,4.562500000000000583e-02
2.978000000000000091e-02,4.531250000000000555e-02
2.980999999999999969e-02,4.531250000000000555e-02
2.983999999999999847e-02,4.531250000000000555e-02
2.987000000000000072e-02,4.531250000000000555e-02
2.989999999999999949e-02,4.531250000000000555e-02
2.992999999999999827e-02,4.500000000000000527e-02
2.996000000000000052e-02,4.437500000000000472e-02
2.998999999999999930e-02,4.437500000000000472e-02
3.001999999999999807e-02,4.406250000000000444e-02
3.005000000000000032e-02,4.406250000000000444e-02
3.007999999999999910e-02,4.343750000000000389e-02
3.010999999999999788e-02,4.343750000000000389e-02
3.014000000000000012e-02,4.375000000000000416e-02
3.016999999999999890e-02,4.343750000000000389e-02
3.020000000000000115e-02,4.343750000000000389e-02
3.022999999999999993e-02,4.406250000000000444e-02
3.025999999999999870e-02,4.406250000000000444e-02
3.029000000000000095e-02,4.437500000000000472e-02
3.031999999999999973e-02,4.437500000000000472e-02
3.034999999999999851e-02,4.468750000000000500e-02
3.038000000000000075e-02,4.531250000000000555e-02
3.040999999999999953e-02,4.531250000000000555e-02
3.043999999999999831e-02,4.500000000000000527e-02
3.047000000000000056e-02,4.531250000000000555e-02
3.049999999999999933e-02,4.531250000000000555e-02
3.052999999999999811e-02,4.562500000000000583e-02
3.056000000000000036e-02,4.531250000000000555e-02
3.058999999999999914e-02,4.562500000000000583e-02
3.061999999999999791e-02,4.500000000000000527e-02
3.065000000000000016e-02,4.531250000000000555e-02
3.067999999999999894e-02,4.531250000000000555e-02
3.071000000000000119e-02,4.500000000000000527e-02
3.073999999999999996e-02,4.500000000000000527e-02
3.076999999999999874e-02,4.500000000000000527e-02
3.080000000000000099e-02,4.468750000000000500e-02
3.082999999999999977e-02,4.500000000000000527e-02
3.085999999999999854e-02,4.500000000000000527e-02
3.089000000000000079e-02,4.468750000000000500e-02
3.091999999999999957e-02,4.468750000000000500e-02
3.094999999999999835e-02,4.500000000000000527e-02
3.098000000000000059e-02,4.500000000000000527e-02
3.100999999999999937e-02,4.500000000000000527e-02
3.103999999999999815e-02,4.500000000000000527e-02
3.107000000000000040e-02,4.500000000000000527e-02
3.109999999999999917e-02,4.531250000000000555e-02
3.112999999999999795e-02,4.500000000000000527e-02
3.116000000000000020e-02,4.500000000000000527e-02
3.118999999999999898e-02,4.468750000000000500e-02
3.122000000000000122e-02,4.468750000000000500e-02
3.125000000000000000e-02,4.468750000000000500e-02
3.128000000000000225e-02,4.468750000000000500e-02
3.131000000000000449e-02,4.468750000000000500e-02
3.133999999999999980e-02,4.468750000000000500e-02
3.137000000000000205e-02,4.500000000000000527e-02
3.140000000000000430e-02,4.500000000000000527e-02
3.142999999999999960e-02,4.500000000000000527e-02
3.146000000000000185e-02,4.500000000000000527e-02
3.148999999999999716e-02,4.531250000000000555e-02
3.151999999999999941e-02,4.562500000000000583e-02
3.155000000000000165e-02,4.562500000000000583e-02
3.157999999999999696e-02,4.562500000000000583e-02
3.160999999999999921e-02,4.531250000000000555e-02
3.164000000000000146e-02,4.531250000000000555e-02
3.166999999999999676e-02,4.531250000000000555e-02
3.169999999999999901e-02,4.468750000000000500e-02
3.173000000000000126e-02,4.468750000000000500e-02
3.175999999999999657e-02,4.437500000000000472e-02
3.178999999999999881e-02,4.406250000000000444e-02
3.182000000000000106e-02,4.343750000000000389e-02
3.184999999999999637e-02,4.343750000000000389e-02
3.187999999999999862e-02,4.312500000000000361e-02
3.191000000000000086e-02,4.281250000000000333e-02
3.193999999999999617e-02,4.281250000000000333e-02
3.196999999999999842e-02,4.281250000000000333e-02
3.200000000000000067e-02,4.281250000000000333e-02
3.203000000000000291e-02,4.312500000000000361e-02
3.205999999999999822e-02,4.343750000000000389e-02
3.209000000000000047e-02,4.343750000000000389e-02
3.212000000000000272e-02,4.343750000000000389e-02
3.214999999999999802e-02,4.375000000000000416e-02
3.218000000000000027e-02,4.406250000000000444e-02
3.221000000000000252e-02,4.437500000000000472e-02
3.223999999999999783e-02,4.437500000000000472e-02
3.227000000000000007e-02,4.437500000000000472e-02
3.230000000000000232e-02,4.437500000000000472e-02
3.232999999999999763e-02,4.468750000000000500e-02
3.235999999999999988e-02,4.468750000000000500e-02
3.239000000000000212e-02,4.437500000000000472e-02
3.241999999999999743e-02,4.437500000000000472e-02
3.244999999999999968e-02,4.437500000000000472e-02
3.248000000000000193e-02,4.406250000000000444e-02
3.250999999999999723e-02,4.437500000000000472e-02
3.253999999999999948e-02,4.437500000000000472e-02
3.257000000000000173e-02,4.437500000000000472e-02
3.259999999999999704e-02,4.437500000000000472e-02
3.262999999999999928e-02,4.468750000000000500e-02
3.266000000000000153e-02,4.468750000000000500e-02
3.268999999999999684e-02,4.500000000000000527e-02
3.271999999999999909e-02,4.531250000000000555e-02
3.275000000000000133e-02,4.531250000000000555e-02
3.277999999999999664e-02,4.531250000000000555e-02
3.280999999999999889e-02,4.531250000000000555e-02
3.284000000000000113e-02,4.500000000000000527e-02
3.286999999999999644e-02,4.468750000000000500e-02
3.289999999999999869e-02,4.437500000000000472e-02
3.293000000000000094e-02,4.406250000000000444e-02
3.295999999999999625e-02,4.343750000000000389e-02
3.298999999999999849e-02,4.250000000000000305e-02
3.302000000000000074e-02,4.281250000000000333e-02
3.305000000000000299e-02,4.156250000000000222e-02
3.307999999999999829e-02,4.093750000000000167e-02
3.311000000000000054e-02,4.093750000000000167e-02
3.314000000000000279e-02,4.062500000000000139e-02
3.316999999999999810e-02,4.031250000000000111e-02
3.320000000000000034e-02,3.968750000000000056e-02
3.323000000000000259e-02,4.000000000000000083e-02
3.325999999999999790e-02,4.000000000000000083e-02
3.329000000000000015e-02,4.031250000000000111e-02
3.332000000000000239e-02,4.031250000000000111e-02
3.334999999999999770e-02,4.031250000000000111e-02
3.337999999999999995e-02,4.125000000000000194e-02
3.341000000000000220e-02,4.125000000000000194e-02
3.343999999999999750e-02,4.187500000000000250e-02
3.346999999999999975e-02,4.250000000000000305e-02
3.350000000000000200e-02,4.281250000000000333e-02
3.352999999999999731e-02,4.281250000000000333e-02
3.355999999999999955e-02,4.312500000000000361e-02
3.359000000000000180e-02,4.375000000000000416e-02
3.361999999999999711e-02,4.406250000000000444e-02
3.364999999999999936e-02,4.406250000000000444e-02
3.368000000000000160e-02,4.468750000000000500e-02
3.370999999999999691e-02,4.437500000000000472e-02
3.373999999999999916e-02,4.468750000000000500e-02
3.377000000000000141e-02,4.468750000000000500e-02
3.379999999999999671e-02,4.500000000000000527e-02
3.382999999999999896e-02,4.500000000000000527e-02
3.386000000000000121e-02,4.531250000000000555e-02
3.388999999999999652e-02,4.531250000000000555e-02
3.391999999999999876e-02,4.531250000000000555e-02
3.395000000000000101e-02,4.531250000000000555e-02
3.397999999999999632e-02,4.531250000000000555e-02
3.400999999999999857e-02,4.500000000000000527e-02
3.404000000000000081e-02,4.500000000000000527e-02
3.407000000000000306e-02,4.468750000000000500e-02
3.409999999999999837e-02,4.406250000000000444e-02
3.413000000000000062e-02,4.375000000000000416e-02
3.416000000000000286e-02,4.312500000000000361e-02
3.418999999999999817e-02,4.218750000000000278e-02
3.422000000000000042e-02,4.156250000000000222e-02
3.425000000000000266e-02,4.125000000000000194e-02
3.427999999999999797e-02,4.062500000000000139e-02
3.431000000000000022e-02,4.062500000000000139e-02
3.434000000000000247e-02,3.937500000000000722e-02
3.436999999999999778e-02,3.937500000000000722e-02
3.440000000000000002e-02,3.875000000000000666e-02
3.443000000000000227e-02,3.875000000000000666e-02
3.445999999999999758e-02,3.875000000000000666e-02
3.448999999999999982e-02,3.875000000000000666e-02
3.452000000000000207e-02,3.875000000000000666e-02
3.454999999999999738e-02,3.906250000000000000e-02
3.457999999999999963e-02,3.937500000000000722e-02
3.461000000000000187e-02,3.937500000000000722e-02
3.463999999999999718e-02,4.031250000000000111e-02
3.466999999999999943e-02,4.031250000000000111e-02
3.470000000000000168e-02,4.062500000000000139e-02
3.472999999999999698e-02,4.125000000000000194e-02
3.475999999999999923e-02,4.156250000000000222e-02
3.479000000000000148e-02,4.218750000000000278e-02
3.481999999999999679e-02,4.281250000000000333e-02
3.484999999999999903e-02,4.312500000000000361e-02
3.488000000000000128e-02,4.312500000000000361e-02
3.490999999999999659e-02,4.343750000000000389e-02
3.493999999999999884e-02,4.375000000000000416e-02
3.497000000000000108e-02,4.375000000000000416e-02
3.499999999999999639e-02,4.437500000000000472e-02
3.502999999999999864e-02,4.375000000000000416e-02
3.506000000000000089e-02,4.406250000000000444e-02
3.509000000000000313e-02,4.437500000000000472e-02
3.511999999999999844e-02,4.406250000000000444e-02
3.515000000000000069e-02,4.375000000000000416e-02
3.518000000000000294e-02,4.375000000000000416e-02
3.520999999999999824e-02,4.375000000000000416e-02
3.524000000000000049e-02,4.312500000000000361e-02
3.527000000000000274e-02,4.218750000000000278e-02
3.529999999999999805e-02,4.187500000000000250e-02
3.533000000000000029e-02,4.125000000000000194e-02
3.536000000000000254e-02,4.093750000000000167e-02
3.538999999999999785e-02,3.968750000000000056e-02
3.542000000000000010e-02,3.937500000000000722e-02
3.545000000000000234e-02,3.875000000000000666e-02
3.547999999999999765e-02,3.812500000000000611e-02
3.550999999999999990e-02,3.812500000000000611e-02
3.554000000000000214e-02,3.781250000000000583e-02
3.556999999999999745e-02,3.718750000000000527e-02
3.559999999999999970e-02,3.718750000000000527e-02
3.563000000000000195e-02,3.718750000000000527e-02
3.565999999999999726e-02,3.718750000000000527e-02
3.568999999999999950e-02,3.718750000000000527e-02
3.572000000000000175e-02,3.781250000000000583e-02
3.574999999999999706e-02,3.781250000000000583e-02
3.577999999999999931e-02,3.812500000000000611e-02
3.581000000000000155e-02,3.906250000000000000e-02
3.583999999999999686e-02,3.875000000000000666e-02
3.586999999999999911e-02,3.968750000000000056e-02
3.590000000000000135e-02,4.031250000000000111e-02
3.592999999999999666e-02,4.093750000000000167e-02
3.595999999999999891e-02,4.125000000000000194e-02
3.599000000000000116e-02,4.156250000000000222e-02
3.601999999999999647e-02,4.218750000000000278e-02
3.604999999999999871e-02,4.250000000000000305e-02
3.608000000000000096e-02,4.312500000000000361e-02
3.610999999999999627e-02,4.312500000000000361e-02
3.613999999999999851e-02,4.312500000000000361e-02
3.617000000000000076e-02,4.375000000000000416e-02
3.620000000000000301e-02,4.406250000000000444e-02
3.622999999999999832e-02,4.406250000000000444e-02
3.626000000000000056e-02,4.406250000000000444e-02
3.629000000000000281e-02,4.375000000000000416e-02
3.631999999999999812e-02,4.375000000000000416e-02
3.635000000000000037e-02,4.343750000000000389e-02
3.638000000000000261e-02,4.250000000000000305e-02
3.640999999999999792e-02,4.218750000000000278e-02
3.644000000000000017e-02,4.156250000000000222e-02
3.647000000000000242e-02,4.156250000000000222e-02
3.649999999999999772e-02,4.031250000000000111e-02
3.652999999999999997e-02,3.906250000000000000e-02
3.656000000000000222e-02,3.781250000000000583e-02
3.658999999999999753e-02,3.656250000000000472e-02
3.661999999999999977e-02,3.593750000000000416e-02
3.665000000000000202e-02,3.468750000000000305e-02
3.667999999999999733e-02,3.343750000000000194e-02
3.670999999999999958e-02,3.281250000000000139e-02
3.674000000000000182e-02,3.218750000000000083e-02
3.676999999999999713e-02,3.156250000000000028e-02
3.679999999999999938e-02,3.125000000000000000e-02
3.683000000000000163e-02,3.125000000000000000e-02
3.685999999999999693e-02,3.125000000000000000e-02
3.688999999999999918e-02,3.156250000000000028e-02
3.692000000000000143e-02,3.156250000000000028e-02
3.694999999999999674e-02,3.187500000000000056e-02
3.697999999999999898e-02,3.250000000000000111e-02
3.701000000000000123e-02,3.343750000000000194e-02
3.703999999999999654e-02,3.406250000000000250e-02
3.706999999999999879e-02,3.500000000000000333e-02
3.710000000000000103e-02,3.593750000000000416e-02
3.712999999999999634e-02,3.656250000000000472e-02
3.715999999999999859e-02,3.750000000000000555e-02
3.719000000000000083e-02,3.843750000000000638e-02
3.722000000000000308e-02,3.937500000000000722e-02
3.724999999999999839e-02,4.000000000000000083e-02
3.728000000000000064e-02,4.062500000000000139e-02
3.731000000000000288e-02,4.031250000000000111e-02
3.733999999999999819e-02,4.125000000000000194e-02
3.737000000000000044e-02,4.156250000000000222e-02
3.740000000000000269e-02,4.187500000000000250e-02
3.742999999999999799e-02,4.187500000000000250e-02
3.746000000000000024e-02,4.218750000000000278e-02
3.749000000000000249e-02,4.187500000000000250e-02
3.751999999999999780e-02,4.156250000000000222e-02
3.755000000000000004e-02,4.156250000000000222e-02
3.758000000000000229e-02,4.156250000000000222e-02
3.760999999999999760e-02,4.031250000000000111e-02
3.763999999999999985e-02,3.937500000000000722e-02
3.767000000000000209e-02,3.906250000000000000e-02
3.769999999999999740e-02,3.781250000000000583e-02
3.772999999999999965e-02,3.625000000000000444e-02
3.776000000000000190e-02,3.500000000000000333e-02
3.778999999999999720e-02,3.406250000000000250e-02
3.781999999999999945e-02,3.343750000000000194e-02
3.785000000000000170e-02,3.218750000000000083e-02
3.787999999999999701e-02,3.062500000000000291e-02
3.790999999999999925e-02,2.937500000000000527e-02
3.794000000000000150e-02,2.906250000000000500e-02
3.796999999999999681e-02,2.843750000000000444e-02
3.799999999999999906e-02,2.812500000000000416e-02
3.803000000000000130e-02,2.812500000000000416e-02
3.805999999999999661e-02,2.781250000000000389e-02
3.808999999999999886e-02,2.781250000000000389e-02
3.812000000000000111e-02,2.812500000000000416e-02
3.814999999999999641e-02,2.875000000000000472e-02
3.817999999999999866e-02,2.906250000000000500e-02
3.821000000000000091e-02,2.937500000000000527e-02
3.824000000000000316e-02,3.000000000000000236e-02
3.826999999999999846e-02,3.156250000000000028e-02
3.830000000000000071e-02,3.218750000000000083e-02
3.833000000000000296e-02,3.312500000000000167e-02
3.835999999999999827e-02,3.437500000000000278e-02
3.839000000000000051e-02,3.562500000000000389e-02
3.842000000000000276e-02,3.625000000000000444e-02
3.844999999999999807e-02,3.687500000000000500e-02
3.848000000000000032e-02,3.718750000000000527e-02
3.851000000000000256e-02,3.875000000000000666e-02
3.853999999999999787e-02,3.843750000000000638e-02
3.857000000000000012e-02,3.968750000000000056e-02
3.860000000000000236e-02,3.968750000000000056e-02
3.862999999999999767e-02,4.000000000000000083e-02
3.865999999999999992e-02,4.031250000000000111e-02
3.869000000000000217e-02,4.062500000000000139e-02
3.871999999999999748e-02,4.031250000000000111e-02
3.874999999999999972e-02,4.000000000000000083e-02
3.878000000000000197e-02,3.937500000000000722e-02
3.880999999999999728e-02,3.875000000000000666e-02
3.883999999999999952e-02,3.843750000000000638e-02
3.887000000000000177e-02,3.781250000000000583e-02
3.889999999999999708e-02,3.656250000000000472e-02
3.892999999999999933e-02,3.593750000000000416e-02
3.896000000000000157e-02,3.406250000000000250e-02
3.898999999999999688e-02,3.375000000000000222e-02
3.901999999999999913e-02,3.187500000000000056e-02
3.905000000000000138e-02,3.093750000000000319e-02
3.907999999999999668e-02,2.968750000000000208e-02
3.910999999999999893e-02,2.875000000000000472e-02
3.914000000000000118e-02,2.781250000000000389e-02
3.916999999999999649e-02,2.687500000000000305e-02
3.919999999999999873e-02,2.625000000000000250e-02
3.923000000000000098e-02,2.562500000000000194e-02
3.926000000000000323e-02,2.531250000000000167e-02
3.928999999999999854e-02,2.500000000000000139e-02
3.932000000000000078e-02,2.500000000000000139e-02
3.935000000000000303e-02,2.500000000000000139e-02
3.937999999999999834e-02,2.562500000000000194e-02
3.941000000000000059e-02,2.593750000000000222e-02
3.944000000000000283e-02,2.625000000000000250e-02
3.946999999999999814e-02,2.687500000000000305e-02
3.950000000000000039e-02,2.750000000000000361e-02
3.953000000000000264e-02,2.906250000000000500e-02
3.955999999999999794e-02,2.968750000000000208e-02
3.959000000000000019e-02,3.062500000000000291e-02
3.962000000000000244e-02,3.187500000000000056e-02
3.964999999999999775e-02,3.281250000000000139e-02
3.967999999999999999e-02,3.375000000000000222e-02
3.971000000000000224e-02,3.500000000000000333e-02
3.973999999999999755e-02,3.562500000000000389e-02
3.976999999999999980e-02,3.625000000000000444e-02
3.980000000000000204e-02,3.687500000000000500e-02
3.982999999999999735e-02,3.718750000000000527e-02
3.985999999999999960e-02,3.781250000000000583e-02
3.989000000000000185e-02,3.781250000000000583e-02
3.991999999999999715e-02,3.750000000000000555e-02
3.994999999999999940e-02,3.781250000000000583e-02
3.998000000000000165e-02,3.687500000000000500e-02
4.000999999999999696e-02,3.593750000000000416e-02
4.003999999999999920e-02,3.562500000000000389e-02
4.007000000000000145e-02,3.437500000000000278e-02
4.009999999999999676e-02,3.312500000000000167e-02
4.012999999999999901e-02,3.156250000000000028e-02
4.016000000000000125e-02,3.031250000000000264e-02
4.018999999999999656e-02,2.875000000000000472e-02
4.021999999999999881e-02,2.812500000000000416e-02
4.025000000000000105e-02,2.687500000000000305e-02
4.027999999999999636e-02,2.468750000000000111e-02
4.030999999999999861e-02,2.406250000000000056e-02
4.034000000000000086e-02,2.250000000000000264e-02
4.037000000000000310e-02,2.156250000000000527e-02
4.039999999999999841e-02,2.031250000000000416e-02
4.043000000000000066e-02,1.968750000000000361e-02
4.046000000000000291e-02,1.906250000000000305e-02
4.048999999999999821e-02,1.906250000000000305e-02
4.052000000000000046e-02,1.843750000000000250e-02
4.055000000000000271e-02,1.812500000000000222e-02
4.057999999999999802e-02,1.812500000000000222e-02
4.061000000000000026e-02,1.843750000000000250e-02
4.064000000000000251e-02,1.875000000000000278e-02
4.066999999999999782e-02,1.906250000000000305e-02
4.070000000000000007e-02,1.937500000000000333e-02
4.073000000000000231e-02,1.968750000000000361e-02
4.075999999999999762e-02,2.031250000000000416e-02
4.078999999999999987e-02,2.125000000000000500e-02
4.082000000000000212e-02,2.187500000000000555e-02
4.084999999999999742e-02,2.250000000000000264e-02
4.087999999999999967e-02,2.312500000000000319e-02
4.091000000000000192e-02,2.406250000000000056e-02
4.093999999999999723e-02,2.437500000000000083e-02
4.096999999999999947e-02,2.500000000000000139e-02
4.100000000000000172e-02,2.562500000000000194e-02
4.102999999999999703e-02,2.562500000000000194e-02
4.105999999999999928e-02,2.593750000000000222e-02
4.109000000000000152e-02,2.625000000000000250e-02
4.111999999999999683e-02,2.656250000000000278e-02
4.114999999999999908e-02,2.593750000000000222e-02
4.118000000000000133e-02,2.593750000000000222e-02
4.120999999999999663e-02,2.562500000000000194e-02
4.123999999999999888e-02,2.531250000000000167e-02
4.127000000000000113e-02,2.437500000000000083e-02
4.129999999999999644e-02,2.375000000000000375e-02
4.132999999999999868e-02,2.312500000000000319e-02
4.136000000000000093e-02,2.281250000000000291e-02
4.139000000000000318e-02,2.218750000000000236e-02
4.141999999999999849e-02,2.093750000000000472e-02
4.145000000000000073e-02,2.000000000000000389e-02
4.148000000000000298e-02,1.906250000000000305e-02
4.150999999999999829e-02,1.812500000000000222e-02
4.154000000000000054e-02,1.750000000000000167e-02
4.157000000000000278e-02,1.718750000000000139e-02
4.159999999999999809e-02,1.656250000000000430e-02
4.163000000000000034e-02,1.593750000000000375e-02
4.166000000000000258e-02,1.593750000000000375e-02
4.168999999999999789e-02,1.562500000000000347e-02
4.172000000000000014e-02,1.562500000000000347e-02
4.175000000000000239e-02,1.593750000000000375e-02
4.177999999999999770e-02,1.625000000000000402e-02
4.180999999999999994e-02,1.656250000000000430e-02
4.184000000000000219e-02,1.718750000000000139e-02
4.186999999999999750e-02,1.781250000000000194e-02
4.189999999999999974e-02,1.875000000000000278e-02
4.193000000000000199e-02,1.968750000000000361e-02
4.195999999999999730e-02,2.031250000000000416e-02
4.198999999999999955e-02,2.125000000000000500e-02
4.202000000000000179e-02,2.187500000000000555e-02
4.204999999999999710e-02,2.250000000000000264e-02
4.207999999999999935e-02,2.343750000000000347e-02
4.211000000000000160e-02,2.406250000000000056e-02
4.213999999999999690e-02,2.437500000000000083e-02
4.216999999999999915e-02,2.531250000000000167e-02
4.220000000000000140e-02,2.625000000000000250e-02
4.222999999999999671e-02,2.625000000000000250e-02
4.225999999999999895e-02,2.625000000000000250e-02
4.229000000000000120e-02,2.625000000000000250e-02
4.231999999999999651e-02,2.625000000000000250e-02
4.234999999999999876e-02,2.531250000000000167e-02
4.238000000000000100e-02,2.500000000000000139e-02
4.241000000000000325e-02,2.437500000000000083e-02
4.243999999999999856e-02,2.375000000000000375e-02
4.247000000000000081e-02,2.218750000000000236e-02
4.250000000000000305e-02,2.187500000000000555e-02
4.252999999999999836e-02,2.062500000000000444e-02
4.256000000000000061e-02,1.843750000000000250e-02
4.259000000000000286e-02,1.812500000000000222e-02
4.261999999999999816e-02,1.625000000000000402e-02
4.265000000000000041e-02,1.593750000000000375e-02
4.268000000000000266e-02,1.406250000000000208e-02
4.270999999999999797e-02,1.343750000000000153e-02
4.274000000000000021e-02,1.312500000000000125e-02
4.277000000000000246e-02,1.281250000000000444e-02
4.279999999999999777e-02,1.187500000000000361e-02
4.283000000000000002e-02,1.156250000000000333e-02
4.286000000000000226e-02,1.125000000000000305e-02
4.288999999999999757e-02,1.093750000000000278e-02
4.291999999999999982e-02,1.125000000000000305e-02
4.295000000000000207e-02,1.156250000000000333e-02
4.297999999999999737e-02,1.156250000000000333e-02
4.300999999999999962e-02,1.250000000000000416e-02
4.304000000000000187e-02,1.312500000000000125e-02
4.306999999999999718e-02,1.500000000000000291e-02
4.309999999999999942e-02,1.562500000000000347e-02
4.313000000000000167e-02,1.687500000000000458e-02
4.315999999999999698e-02,1.843750000000000250e-02
4.318999999999999923e-02,1.937500000000000333e-02
4.322000000000000147e-02,2.000000000000000389e-02
4.324999999999999678e-02,2.125000000000000500e-02
4.327999999999999903e-02,2.218750000000000236e-02
4.331000000000000127e-02,2.375000000000000375e-02
4.333999999999999658e-02,2.468750000000000111e-02
4.336999999999999883e-02,2.562500000000000194e-02
4.340000000000000108e-02,2.625000000000000250e-02
4.343000000000000332e-02,2.687500000000000305e-02
4.345999999999999863e-02,2.687500000000000305e-02
4.349000000000000088e-02,2.718750000000000333e-02
4.352000000000000313e-02,2.718750000000000333e-02
4.354999999999999843e-02,2.656250000000000278e-02
4.358000000000000068e-02,2.656250000000000278e-02
4.361000000000000293e-02,2.562500000000000194e-02
4.363999999999999824e-02,2.406250000000000056e-02
4.367000000000000048e-02,2.406250000000000056e-02
4.370000000000000273e-02,2.187500000000000555e-02
4.372999999999999804e-02,2.062500000000000444e-02
4.376000000000000029e-02,2.000000000000000389e-02
4.379000000000000253e-02,1.781250000000000194e-02
4.381999999999999784e-02,1.625000000000000402e-02
4.385000000000000009e-02,1.531250000000000319e-02
4.388000000000000234e-02,1.406250000000000208e-02
4.390999999999999764e-02,1.218750000000000389e-02
4.393999999999999989e-02,1.125000000000000305e-02
4.397000000000000214e-02,1.031250000000000222e-02
4.399999999999999745e-02,9.687500000000001665e-03
4.402999999999999969e-02,8.437500000000004025e-03
4.406000000000000194e-02,8.437500000000004025e-03
4.408999999999999725e-02,8.125000000000003747e-03
4.411999999999999950e-02,7.500000000000003192e-03
4.415000000000000174e-02,7.500000000000003192e-03
4.417999999999999705e-02,7.500000000000003192e-03
4.420999999999999930e-02,7.812500000000003469e-03
4.424000000000000155e-02,8.125000000000003747e-03
4.426999999999999685e-02,8.437500000000004025e-03
4.429999999999999910e-02,9.062500000000001110e-03
4.433000000000000135e-02,1.000000000000000194e-02
4.435999999999999666e-02,1.093750000000000278e-02
4.438999999999999890e-02,1.156250000000000333e-02
4.442000000000000115e-02,1.250000000000000416e-02
4.444999999999999646e-02,1.343750000000000153e-02
4.447999999999999871e-02,1.468750000000000264e-02
4.451000000000000095e-02,1.562500000000000347e-02
4.454000000000000320e-02,1.687500000000000458e-02
4.456999999999999851e-02,1.750000000000000167e-02
4.460000000000000075e-02,1.843750000000000250e-02
4.463000000000000300e-02,1.937500000000000333e-02
4.465999999999999831e-02,2.000000000000000389e-02
4.469000000000000056e-02,2.031250000000000416e-02
4.472000000000000280e-02,2.093750000000000472e-02
4.474999999999999811e-02,2.062500000000000444e-02
4.478000000000000036e-02,2.093750000000000472e-02
4.481000000000000261e-02,2.000000000000000389e-02
4.483999999999999792e-02,1.937500000000000333e-02
4.487000000000000016e-02,1.843750000000000250e-02
4.490000000000000241e-02,1.812500000000000222e-02
4.492999999999999772e-02,1.687500000000000458e-02
4.495999999999999996e-02,1.562500000000000347e-02
4.499000000000000221e-02,1.437500000000000236e-02
4.501999999999999752e-02,1.281250000000000444e-02
4.504999999999999977e-02,1.187500000000000361e-02
4.508000000000000201e-02,1.062500000000000250e-02
4.510999999999999732e-02,9.687500000000001665e-03
4.513999999999999957e-02,8.750000000000004302e-03
4.517000000000000182e-02,8.125000000000003747e-03
4.519999999999999712e-02,6.875000000000002637e-03
4.522999999999999937e-02,5.937500000000001804e-03
4.526000000000000162e-02,5.312500000000001249e-03
4.528999999999999693e-02,5.312500000000001249e-03
4.531999999999999917e-02,5.000000000000004441e-03
4.535000000000000142e-02,4.375000000000003886e-03
4.537999999999999673e-02,4.062500000000003608e-03
4.540999999999999898e-02,4.375000000000003886e-03
4.544000000000000122e-02,4.062500000000003608e-03
4.546999999999999653e-02,4.062500000000003608e-03
4.549999999999999878e-02,4.375000000000003886e-03
4.553000000000000103e-02,4.375000000000003886e-03
4.556000000000000327e-02,5.000000000000004441e-03
4.558999999999999858e-02,5.000000000000004441e-03
4.562000000000000083e-02,5.625000000000001527e-03
4.565000000000000308e-02,6.250000000000002082e-03
4.567999999999999838e-02,7.187500000000002914e-03
4.571000000000000063e-02,7.812500000000003469e-03
4.574000000000000288e-02,8.750000000000004302e-03
4.576999999999999819e-02,9.687500000000001665e-03
4.580000000000000043e-02,1.093750000000000278e-02
4.583000000000000268e-02,1.125000000000000305e-02
4.585999999999999799e-02,1.250000000000000416e-02
4.589000000000000024e-02,1.281250000000000444e-02
4.592000000000000248e-02,1.343750000000000153e-02
4.594999999999999779e-02,1.437500000000000236e-02
4.598000000000000004e-02,1.468750000000000264e-02
4.601000000000000228e-02,1.437500000000000236e-02
4.603999999999999759e-02,1.468750000000000264e-02
4.606999999999999984e-02,1.406250000000000208e-02
4.610000000000000209e-02,1.375000000000000180e-02
4.612999999999999740e-02,1.406250000000000208e-02
4.615999999999999964e-02,1.312500000000000125e-02
4.619000000000000189e-02,1.250000000000000416e-02
4.621999999999999720e-02,1.156250000000000333e-02
4.624999999999999944e-02,1.125000000000000305e-02
4.628000000000000169e-02,1.031250000000000222e-02
4.630999999999999700e-02,9.687500000000001665e-03
4.633999999999999925e-02,8.750000000000004302e-03
4.637000000000000149e-02,8.437500000000004025e-03
4.639999999999999680e-02,8.125000000000003747e-03
4.642999999999999905e-02,7.500000000000003192e-03
4.646000000000000130e-02,7.500000000000003192e-03
4.648999999999999660e-02,7.187500000000002914e-03
4.651999999999999885e-02,6.562500000000002359e-03
4.655000000000000110e-02,6.250000000000002082e-03
4.658000000000000335e-02,6.562500000000002359e-03
4.660999999999999865e-02,6.562500000000002359e-03
4.664000000000000090e-02,6.250000000000002082e-03
4.667000000000000315e-02,6.562500000000002359e-03
4.669999999999999846e-02,6.875000000000002637e-03
4.673000000000000070e-02,7.187500000000002914e-03
4.676000000000000295e-02,7.500000000000003192e-03
4.678999999999999826e-02,8.125000000000003747e-03
4.682000000000000051e-02,8.125000000000003747e-03
4.685000000000000275e-02,8.750000000000004302e-03
4.687999999999999806e-02,9.062500000000001110e-03
4.691000000000000031e-02,9.687500000000001665e-03
4.694000000000000256e-02,1.031250000000000222e-02
4.696999999999999786e-02,1.093750000000000278e-02
4.700000000000000011e-02,1.187500000000000361e-02
4.703000000000000236e-02,1.187500000000000361e-02
4.705999999999999767e-02,1.250000000000000416e-02
4.708999999999999991e-02,1.250000000000000416e-02
4.712000000000000216e-02,1.281250000000000444e-02
4.714999999999999747e-02,1.312500000000000125e-02
4.717999999999999972e-02,1.281250000000000444e-02
4.721000000000000196e-02,1.250000000000000416e-02
4.723999999999999727e-02,1.218750000000000389e-02
4.726999999999999952e-02,1.218750000000000389e-02
4.730000000000000177e-02,1.187500000000000361e-02
4.732999999999999707e-02,1.125000000000000305e-02
4.735999999999999932e-02,1.031250000000000222e-02
4.739000000000000157e-02,9.687500000000001665e-03
4.741999999999999688e-02,9.062500000000001110e-03
4.744999999999999912e-02,8.437500000000004025e-03
4.748000000000000137e-02,8.125000000000003747e-03
4.750999999999999668e-02,7.500000000000003192e-03
4.753999999999999893e-02,6.875000000000002637e-03
4.757000000000000117e-02,6.562500000000002359e-03
4.760000000000000342e-02,5.937500000000001804e-03
4.762999999999999873e-02,5.625000000000001527e-03
4.766000000000000097e-02,5.000000000000004441e-03
4.769000000000000322e-02,5.000000000000004441e-03
4.771999999999999853e-02,5.312500000000001249e-03
4.775000000000000078e-02,5.312500000000001249e-03
4.778000000000000302e-02,5.000000000000004441e-03
4.780999999999999833e-02,5.312500000000001249e-03
4.784000000000000058e-02,5.312500000000001249e-03
4.787000000000000283e-02,5.937500000000001804e-03
4.789999999999999813e-02,6.875000000000002637e-03
4.793000000000000038e-02,7.187500000000002914e-03
4.796000000000000263e-02,7.812500000000003469e-03
4.798999999999999794e-02,8.437500000000004025e-03
4.802000000000000018e-02,9.062500000000001110e-03
4.805000000000000243e-02,9.687500000000001665e-03
4.807999999999999774e-02,1.031250000000000222e-02
4.810999999999999999e-02,1.125000000000000305e-02
4.814000000000000223e-02,1.156250000000000333e-02
4.816999999999999754e-02,1.187500000000000361e-02
4.819999999999999979e-02,1.218750000000000389e-02
4.823000000000000204e-02,1.281250000000000444e-02
4.825999999999999734e-02,1.312500000000000125e-02
4.828999999999999959e-02,1.312500000000000125e-02
4.832000000000000184e-02,1.312500000000000125e-02
4.834999999999999715e-02,1.312500000000000125e-02
4.837999999999999939e-02,1.250000000000000416e-02
4.841000000000000164e-02,1.218750000000000389e-02
4.843999999999999695e-02,1.187500000000000361e-02
4.846999999999999920e-02,1.093750000000000278e-02
4.850000000000000144e-02,1.031250000000000222e-02
4.852999999999999675e-02,9.375000000000001388e-03
4.855999999999999900e-02,9.062500000000001110e-03
4.859000000000000125e-02,8.125000000000003747e-03
4.861999999999999655e-02,7.187500000000002914e-03
4.864999999999999880e-02,6.875000000000002637e-03
4.868000000000000105e-02,5.625000000000001527e-03
4.871000000000000330e-02,5.312500000000001249e-03
4.873999999999999860e-02,4.687500000000004163e-03
4.877000000000000085e-02,4.062500000000003608e-03
4.880000000000000310e-02,3.750000000000003331e-03
4.882999999999999841e-02,3.437500000000003053e-03
4.886000000000000065e-02,3.125000000000002776e-03
4.889000000000000290e-02,3.125000000000002776e-03
4.891999999999999821e-02,2.812500000000002498e-03
4.895000000000000046e-02,2.812500000000002498e-03
4.898000000000000270e-02,2.812500000000002498e-03
4.900999999999999801e-02,2.812500000000002498e-03
4.904000000000000026e-02,2.812500000000002498e-03
4.907000000000000250e-02,3.437500000000003053e-03
4.909999999999999781e-02,3.750000000000003331e-03
4.913000000000000006e-02,3.750000000000003331e-03
4.916000000000000231e-02,4.375000000000003886e-03
4.918999999999999762e-02,5.000000000000004441e-03
4.921999999999999986e-02,5.625000000000001527e-03
4.925000000000000211e-02,6.875000000000002637e-03
4.927999999999999742e-02,7.187500000000002914e-03
4.930999999999999966e-02,8.125000000000003747e-03
4.934000000000000191e-02,8.750000000000004302e-03
4.936999999999999722e-02,1.031250000000000222e-02
4.939999999999999947e-02,1.062500000000000250e-02
4.943000000000000171e-02,1.218750000000000389e-02
4.945999999999999702e-02,1.281250000000000444e-02
4.948999999999999927e-02,1.281250000000000444e-02
4.952000000000000152e-02,1.343750000000000153e-02
4.954999999999999682e-02,1.375000000000000180e-02
4.957999999999999907e-02,1.375000000000000180e-02
4.961000000000000132e-02,1.406250000000000208e-02
4.963999999999999663e-02,1.312500000000000125e-02
4.966999999999999887e-02,1.312500000000000125e-02
4.970000000000000112e-02,1.250000000000000416e-02
4.973000000000000337e-02,1.156250000000000333e-02
4.975999999999999868e-02,1.062500000000000250e-02
4.979000000000000092e-02,1.000000000000000194e-02
4.982000000000000317e-02,8.750000000000004302e-03
4.984999999999999848e-02,8.125000000000003747e-03
4.988000000000000073e-02,7.187500000000002914e-03
4.991000000000000297e-02,6.562500000000002359e-03
4.993999999999999828e-02,5.937500000000001804e-03
4.997000000000000053e-02,5.312500000000001249e-03
5.000000000000000278e-02,4.375000000000003886e-03
5.002999999999999808e-02,4.375000000000003886e-03
5.006000000000000033e-02,3.750000000000003331e-03
5.009000000000000258e-02,3.437500000000003053e-03
5.011999999999999789e-02,3.125000000000002776e-03
5.015000000000000013e-02,2.812500000000002498e-03
5.018000000000000238e-02,3.125000000000002776e-03
5.020999999999999769e-02,2.812500000000002498e-03
5.023999999999999994e-02,2.812500000000002498e-03
5.027000000000000218e-02,2.812500000000002498e-03
5.029999999999999749e-02,2.812500000000002498e-03
5.032999999999999974e-02,3.125000000000002776e-03
5.036000000000000199e-02,3.437500000000003053e-03
5.038999999999999729e-02,3.437500000000003053e-03
5.041999999999999954e-02,4.062500000000003608e-03
5.045000000000000179e-02,4.687500000000004163e-03
5.047999999999999710e-02,5.000000000000004441e-03
5.050999999999999934e-02,5.937500000000001804e-03
5.054000000000000159e-02,7.187500000000002914e-03
5.056999999999999690e-02,7.812500000000003469e-03
5.059999999999999915e-02,9.062500000000001110e-03
5.063000000000000139e-02,1.000000000000000194e-02
5.065999999999999670e-02,1.093750000000000278e-02
5.068999999999999895e-02,1.125000000000000305e-02
5.072000000000000119e-02,1.218750000000000389e-02
5.075000000000000344e-02,1.281250000000000444e-02
5.077999999999999875e-02,1.312500000000000125e-02
5.081000000000000100e-02,1.343750000000000153e-02
5.084000000000000324e-02,1.343750000000000153e-02
5.086999999999999855e-02,1.343750000000000153e-02
5.090000000000000080e-02,1.312500000000000125e-02
5.093000000000000305e-02,1.156250000000000333e-02
5.095999999999999835e-02,1.093750000000000278e-02
5.099000000000000060e-02,1.062500000000000250e-02
5.102000000000000285e-02,9.375000000000001388e-03
5.104999999999999816e-02,8.437500000000004025e-03
5.108000000000000040e-02,7.187500000000002914e-03
5.111000000000000265e-02,6.250000000000002082e-03
5.113999999999999796e-02,5.625000000000001527e-03
5.117000000000000021e-02,4.687500000000004163e-03
5.120000000000000245e-02,4.375000000000003886e-03
5.122999999999999776e-02,3.750000000000003331e-03
5.126000000000000001e-02,3.437500000000003053e-03
5.129000000000000226e-02,3.437500000000003053e-03
5.131999999999999756e-02,3.125000000000002776e-03
5.134999999999999981e-02,2.812500000000002498e-03
5.138000000000000206e-02,2.500000000000002220e-03
5.140999999999999737e-02,2.187500000000001943e-03
5.143999999999999961e-02,2.187500000000001943e-03
5.147000000000000186e-02,2.187500000000001943e-03
5.149999999999999717e-02,2.187500000000001943e-03
5.152999999999999942e-02,2.187500000000001943e-03
5.156000000000000166e-02,1.875000000000001665e-03
5.158999999999999697e-02,2.187500000000001943e-03
5.161999999999999922e-02,2.500000000000002220e-03
5.165000000000000147e-02,2.812500000000002498e-03
5.167999999999999677e-02,2.812500000000002498e-03
5.170999999999999902e-02,3.125000000000002776e-03
5.174000000000000127e-02,3.750000000000003331e-03
5.177000000000000351e-02,4.062500000000003608e-03
5.179999999999999882e-02,4.062500000000003608e-03
5.183000000000000107e-02,4.375000000000003886e-03
5.186000000000000332e-02,5.000000000000004441e-03
5.188999999999999863e-02,5.312500000000001249e-03
5.192000000000000087e-02,5.625000000000001527e-03
5.195000000000000312e-02,5.937500000000001804e-03
5.197999999999999843e-02,6.250000000000002082e-03
5.201000000000000068e-02,6.250000000000002082e-03
5.204000000000000292e-02,5.937500000000001804e-03
5.206999999999999823e-02,6.562500000000002359e-03
5.210000000000000048e-02,5.937500000000001804e-03
5.213000000000000272e-02,5.625000000000001527e-03
5.215999999999999803e-02,5.312500000000001249e-03
5.219000000000000028e-02,5.312500000000001249e-03
5.222000000000000253e-02,4.375000000000003886e-03
5.224999999999999784e-02,4.375000000000003886e-03
5.228000000000000008e-02,4.062500000000003608e-03
5.231000000000000233e-02,3.437500000000003053e-03
5.233999999999999764e-02,3.437500000000003053e-03
5.236999999999999988e-02,3.125000000000002776e-03
5.240000000000000213e-02,3.125000000000002776e-03
5.242999999999999744e-02,2.812500000000002498e-03
5.245999999999999969e-02,2.500000000000002220e-03
5.249000000000000193e-02,2.187500000000001943e-03
5.251999999999999724e-02,2.500000000000002220e-03
5.254999999999999949e-02,2.500000000000002220e-03
5.258000000000000174e-02,2.500000000000002220e-03
5.260999999999999704e-02,2.500000000000002220e-03
5.263999999999999929e-02,2.500000000000002220e-03
5.267000000000000154e-02,2.500000000000002220e-03
5.269999999999999685e-02,2.500000000000002220e-03
5.272999999999999909e-02,2.812500000000002498e-03
5.276000000000000134e-02,2.812500000000002498e-03
5.279000000000000359e-02,2.812500000000002498e-03
5.281999999999999890e-02,3.437500000000003053e-03
5.285000000000000114e-02,4.062500000000003608e-03
5.288000000000000339e-02,4.062500000000003608e-03
5.290999999999999870e-02,4.062500000000003608e-03
5.294000000000000095e-02,4.375000000000003886e-03
5.297000000000000319e-02,5.312500000000001249e-03
5.299999999999999850e-02,5.625000000000001527e-03
5.303000000000000075e-02,5.937500000000001804e-03
5.306000000000000300e-02,6.562500000000002359e-03
5.308999999999999830e-02,6.562500000000002359e-03
5.312000000000000055e-02,6.562500000000002359e-03
5.315000000000000280e-02,6.562500000000002359e-03
5.317999999999999811e-02,6.250000000000002082e-03
5.321000000000000035e-02,6.250000000000002082e-03
5.324000000000000260e-02,5.625000000000001527e-03
5.326999999999999791e-02,5.312500000000001249e-03
5.330000000000000016e-02,5.000000000000004441e-03
5.333000000000000240e-02,4.687500000000004163e-03
5.335999999999999771e-02,4.375000000000003886e-03
5.338999999999999996e-02,4.062500000000003608e-03
5.342000000000000220e-02,3.125000000000002776e-03
5.344999999999999751e-02,3.437500000000003053e-03
5.347999999999999976e-02,2.812500000000002498e-03
5.351000000000000201e-02,3.125000000000002776e-03
5.353999999999999732e-02,2.500000000000002220e-03
5.356999999999999956e-02,2.500000000000002220e-03
5.360000000000000181e-02,2.500000000000002220e-03
5.362999999999999712e-02,2.500000000000002220e-03
5.365999999999999936e-02,2.500000000000002220e-03
5.369000000000000161e-02,2.500000000000002220e-03
5.371999999999999692e-02,2.500000000000002220e-03
5.374999999999999917e-02,2.500000000000002220e-03
5.378000000000000141e-02,2.187500000000001943e-03
5.380999999999999672e-02,2.187500000000001943e-03
5.383999999999999897e-02,2.187500000000001943e-03
5.387000000000000122e-02,1.875000000000001665e-03
5.390000000000000346e-02,2.187500000000001943e-03
5.392999999999999877e-02,2.187500000000001943e-03
5.396000000000000102e-02,2.500000000000002220e-03
5.399000000000000327e-02,2.500000000000002220e-03
5.401999999999999857e-02,2.500000000000002220e-03
5.405000000000000082e-02,3.125000000000002776e-03
5.408000000000000307e-02,3.437500000000003053e-03
5.410999999999999838e-02,3.750000000000003331e-03
5.414000000000000062e-02,4.375000000000003886e-03
5.417000000000000287e-02,5.312500000000001249e-03
5.419999999999999818e-02,5.937500000000001804e-03
5.423000000000000043e-02,6.562500000000002359e-03
5.426000000000000267e-02,7.500000000000003192e-03
5.428999999999999798e-02,7.500000000000003192e-03
5.432000000000000023e-02,8.437500000000004025e-03
5.435000000000000248e-02,8.125000000000003747e-03
5.437999999999999778e-02,8.437500000000004025e-03
5.441000000000000003e-02,8.125000000000003747e-03
5.444000000000000228e-02,8.125000000000003747e-03
5.446999999999999759e-02,7.812500000000003469e-03
5.449999999999999983e-02,7.500000000000003192e-03
5.453000000000000208e-02,6.875000000000002637e-03
5.455999999999999739e-02,6.250000000000002082e-03
5.458999999999999964e-02,5.625000000000001527e-03
5.462000000000000188e-02,5.000000000000004441e-03
5.464999999999999719e-02,4.687500000000004163e-03
5.467999999999999944e-02,4.062500000000003608e-03
5.471000000000000169e-02,3.750000000000003331e-03
5.473999999999999699e-02,3.437500000000003053e-03
5.476999999999999924e-02,3.125000000000002776e-03
5.480000000000000149e-02,2.812500000000002498e-03
5.482999999999999680e-02,2.812500000000002498e-03
5.485999999999999904e-02,2.812500000000002498e-03
5.489000000000000129e-02,3.125000000000002776e-03
5.492000000000000354e-02,2.812500000000002498e-03
5.494999999999999885e-02,2.812500000000002498e-03
5.498000000000000109e-02,3.125000000000002776e-03
5.501000000000000334e-02,3.125000000000002776e-03
5.503999999999999865e-02,3.437500000000003053e-03
5.507000000000000089e-02,3.125000000000002776e-03
5.510000000000000314e-02,2.812500000000002498e-03
5.512999999999999845e-02,2.812500000000002498e-03
5.516000000000000070e-02,2.812500000000002498e-03
5.519000000000000294e-02,2.187500000000001943e-03
5.521999999999999825e-02,2.187500000000001943e-03
5.525000000000000050e-02,2.500000000000002220e-03
5.528000000000000275e-02,2.187500000000001943e-03
5.530999999999999805e-02,2.812500000000002498e-03
5.534000000000000030e-02,2.812500000000002498e-03
5.537000000000000255e-02,2.812500000000002498e-03
5.539999999999999786e-02,3.437500000000003053e-03
5.543000000000000010e-02,3.750000000000003331e-03
5.546000000000000235e-02,4.062500000000003608e-03
5.548999999999999766e-02,4.687500000000004163e-03
5.551999999999999991e-02,4.687500000000004163e-03
5.555000000000000215e-02,5.312500000000001249e-03
5.557999999999999746e-02,5.312500000000001249e-03
5.560999999999999971e-02,5.625000000000001527e-03
5.564000000000000196e-02,5.625000000000001527e-03
5.566999999999999726e-02,5.312500000000001249e-03
5.569999999999999951e-02,5.312500000000001249e-03
5.573000000000000176e-02,5.000000000000004441e-03
5.575999999999999707e-02,4.687500000000004163e-03
5.578999999999999931e-02,4.062500000000003608e-03
5.582000000000000156e-02,4.062500000000003608e-03
5.584999999999999687e-02,3.437500000000003053e-03
5.587999999999999912e-02,3.437500000000003053e-03
5.591000000000000136e-02,3.125000000000002776e-03
5.594000000000000361e-02,3.125000000000002776e-03
5.596999999999999892e-02,2.812500000000002498e-03
5.600000000000000117e-02,2.500000000000002220e-03
5.603000000000000341e-02,2.500000000000002220e-03
5.605999999999999872e-02,2.500000000000002220e-03
5.609000000000000097e-02,2.812500000000002498e-03
5.612000000000000322e-02,2.500000000000002220e-03
5.614999999999999852e-02,2.500000000000002220e-03
5.618000000000000077e-02,2.812500000000002498e-03
5.621000000000000302e-02,2.500000000000002220e-03
5.623999999999999833e-02,2.812500000000002498e-03
5.627000000000000057e-02,2.812500000000002498e-03
5.630000000000000282e-02,2.812500000000002498e-03
5.632999999999999813e-02,2.500000000000002220e-03
5.636000000000000038e-02,2.187500000000001943e-03
5.639000000000000262e-02,2.500000000000002220e-03
5.641999999999999793e-02,2.500000000000002220e-03
5.645000000000000018e-02,2.187500000000001943e-03
5.648000000000000242e-02,2.500000000000002220e-03
5.650999999999999773e-02,1.875000000000001665e-03
5.653999999999999998e-02,2.500000000000002220e-03
5.657000000000000223e-02,2.187500000000001943e-03
5.659999999999999754e-02,2.187500000000001943e-03
5.662999999999999978e-02,2.500000000000002220e-03
5.666000000000000203e-02,2.812500000000002498e-03
5.668999999999999734e-02,3.125000000000002776e-03
5.671999999999999958e-02,3.125000000000002776e-03
5.675000000000000183e-02,3.125000000000002776e-03
5.677999999999999714e-02,3.437500000000003053e-03
5.680999999999999939e-02,3.750000000000003331e-03
5.684000000000000163e-02,3.750000000000003331e-03
5.686999999999999694e-02,3.437500000000003053e-03
5.689999999999999919e-02,3.437500000000003053e-03
5.693000000000000144e-02,3.437500000000003053e-03
5.696000000000000368e-02,3.437500000000003053e-03
5.698999999999999899e-02,3.125000000000002776e-03
5.702000000000000124e-02,3.125000000000002776e-03
5.705000000000000349e-02,2.812500000000002498e-03
5.707999999999999879e-02,2.500000000000002220e-03
5.711000000000000104e-02,2.500000000000002220e-03
5.714000000000000329e-02,2.500000000000002220e-03
5.716999999999999860e-02,2.187500000000001943e-03
5.720000000000000084e-02,2.187500000000001943e-03
5.723000000000000309e-02,2.187500000000001943e-03
5.725999999999999840e-02,2.187500000000001943e-03
5.729000000000000065e-02,2.187500000000001943e-03
5.732000000000000289e-02,2.187500000000001943e-03
5.734999999999999820e-02,2.500000000000002220e-03
5.738000000000000045e-02,2.500000000000002220e-03
5.741000000000000270e-02,2.500000000000002220e-03
5.743999999999999800e-02,2.500000000000002220e-03
5.747000000000000025e-02,2.500000000000002220e-03
5.750000000000000250e-02,2.187500000000001943e-03
5.752999999999999781e-02,2.187500000000001943e-03
5.756000000000000005e-02,2.187500000000001943e-03
5.759000000000000230e-02,2.500000000000002220e-03
5.761999999999999761e-02,2.187500000000001943e-03
5.764999999999999986e-02,1.875000000000001665e-03
5.768000000000000210e-02,1.875000000000001665e-03
5.770999999999999741e-02,2.187500000000001943e-03
5.773999999999999966e-02,2.500000000000002220e-03
5.777000000000000191e-02,2.812500000000002498e-03
5.779999999999999721e-02,2.812500000000002498e-03
5.782999999999999946e-02,2.812500000000002498e-03
5.786000000000000171e-02,2.812500000000002498e-03
5.788999999999999702e-02,3.437500000000003053e-03
5.791999999999999926e-02,3.125000000000002776e-03
5.795000000000000151e-02,3.437500000000003053e-03
5.797999999999999682e-02,3.437500000000003053e-03
5.800999999999999907e-02,3.750000000000003331e-03
5.804000000000000131e-02,3.437500000000003053e-03
5.807000000000000356e-02,3.437500000000003053e-03
5.809999999999999887e-02,3.437500000000003053e-03
5.813000000000000111e-02,3.125000000000002776e-03
5.816000000000000336e-02,2.812500000000002498e-03
5.818999999999999867e-02,2.812500000000002498e-03
5.822000000000000092e-02,2.500000000000002220e-03
5.825000000000000316e-02,2.500000000000002220e-03
5.827999999999999847e-02,2.500000000000002220e-03
5.831000000000000072e-02,2.187500000000001943e-03
5.834000000000000297e-02,2.500000000000002220e-03
5.836999999999999827e-02,2.500000000000002220e-03
5.840000000000000052e-02,2.812500000000002498e-03
5.843000000000000277e-02,3.125000000000002776e-03
5.845999999999999808e-02,3.437500000000003053e-03
5.849000000000000032e-02,3.437500000000003053e-03
5.852000000000000257e-02,4.062500000000003608e-03
5.854999999999999788e-02,4.687500000000004163e-03
5.858000000000000013e-02,5.000000000000004441e-03
5.861000000000000237e-02,5.000000000000004441e-03
5.863999999999999768e-02,5.000000000000004441e-03
5.866999999999999993e-02,5.312500000000001249e-03
5.870000000000000218e-02,5.000000000000004441e-03
5.872999999999999748e-02,5.000000000000004441e-03
5.875999999999999973e-02,4.687500000000004163e-03
5.879000000000000198e-02,4.687500000000004163e-03
5.881999999999999729e-02,4.375000000000003886e-03
5.884999999999999953e-02,3.750000000000003331e-03
5.888000000000000178e-02,3.437500000000003053e-03
5.890999999999999709e-02,3.125000000000002776e-03
5.893999999999999934e-02,3.437500000000003053e-03
5.897000000000000158e-02,2.812500000000002498e-03
5.899999999999999689e-02,2.812500000000002498e-03
5.902999999999999914e-02,2.500000000000002220e-03
5.906000000000000139e-02,2.500000000000002220e-03
5.909000000000000363e-02,2.500000000000002220e-03
5.911999999999999894e-02,2.500000000000002220e-03
5.915000000000000119e-02,2.812500000000002498e-03
5.918000000000000344e-02,2.500000000000002220e-03
5.920999999999999874e-02,2.812500000000002498e-03
5.924000000000000099e-02,2.500000000000002220e-03
5.927000000000000324e-02,2.500000000000002220e-03
5.929999999999999855e-02,2.500000000000002220e-03
5.933000000000000079e-02,2.187500000000001943e-03
5.936000000000000304e-02,2.187500000000001943e-03
5.938999999999999835e-02,2.187500000000001943e-03
5.942000000000000060e-02,2.187500000000001943e-03
5.945000000000000284e-02,2.187500000000001943e-03
5.947999999999999815e-02,2.500000000000002220e-03
5.951000000000000040e-02,2.812500000000002498e-03
5.954000000000000264e-02,3.125000000000002776e-03
5.956999999999999795e-02,3.125000000000002776e-03
5.960000000000000020e-02,3.750000000000003331e-03
5.963000000000000245e-02,4.062500000000003608e-03
5.965999999999999776e-02,4.687500000000004163e-03
5.969000000000000000e-02,5.625000000000001527e-03
5.972000000000000225e-02,5.937500000000001804e-03
5.974999999999999756e-02,6.562500000000002359e-03
5.977999999999999980e-02,7.187500000000002914e-03
5.981000000000000205e-02,7.500000000000003192e-03
5.983999999999999736e-02,7.812500000000003469e-03
5.986999999999999961e-02,7.500000000000003192e-03
5.990000000000000185e-02,8.125000000000003747e-03
5.992999999999999716e-02,8.125000000000003747e-03
5.995999999999999941e-02,7.500000000000003192e-03
5.999000000000000166e-02,7.500000000000003192e-03
6.001999999999999696e-02,7.187500000000002914e-03
6.004999999999999921e-02,6.562500000000002359e-03
6.008000000000000146e-02,6.562500000000002359e-03
6.011000000000000371e-02,6.250000000000002082e-03
6.013999999999999901e-02,5.625000000000001527e-03
6.017000000000000126e-02,5.312500000000001249e-03
