PURE SILICA, ELECTRODE=TUNGSTEN, TIME=35, POLING_VOLTAGE=3700, WAVELENGTH=1.55e-06, EFFECTIVE_DISTANCE=3.1e-05, POLED_LENGTH=0.3, CORE_INDEX=1.45, POLE=MAX, AC_VOLTAGE=1163.0, AC_FREQUENCY=2550, PIEZO_FREQUENCY=51.0
Time(s),Voltage(V)
0.000000000000000000e+00,5.593750000000000111e-02
9.799999999999999345e-06,5.625000000000000833e-02
1.959999999999999869e-05,5.687500000000000888e-02
2.939999999999999634e-05,5.687500000000000888e-02
3.919999999999999738e-05,5.656250000000000167e-02
4.899999999999999842e-05,5.406249999999999944e-02
5.879999999999999268e-05,5.156250000000000416e-02
6.860000000000000050e-05,4.812500000000000111e-02
7.839999999999999476e-05,4.531250000000000555e-02
8.819999999999998902e-05,4.437500000000000472e-02
9.799999999999999684e-05,4.468750000000000500e-02
1.077999999999999911e-04,4.531250000000000555e-02
1.175999999999999854e-04,4.343750000000000389e-02
1.273999999999999796e-04,4.343750000000000389e-02
1.372000000000000010e-04,4.187500000000000250e-02
1.469999999999999953e-04,3.968750000000000056e-02
1.567999999999999895e-04,3.968750000000000056e-02
1.665999999999999838e-04,4.062500000000000139e-02
1.763999999999999780e-04,4.156250000000000222e-02
1.861999999999999994e-04,4.281250000000000333e-02
1.959999999999999937e-04,4.437500000000000472e-02
2.057999999999999879e-04,4.500000000000000527e-02
2.155999999999999822e-04,4.500000000000000527e-02
2.253999999999999765e-04,4.593750000000000611e-02
2.351999999999999707e-04,4.593750000000000611e-02
2.449999999999999921e-04,4.718750000000000722e-02
2.547999999999999592e-04,4.843750000000000139e-02
2.645999999999999806e-04,4.875000000000000167e-02
2.744000000000000020e-04,5.000000000000000278e-02
2.841999999999999691e-04,5.031250000000000305e-02
2.939999999999999905e-04,4.937500000000000222e-02
3.037999999999999577e-04,4.781250000000000777e-02
3.135999999999999790e-04,4.750000000000000056e-02
3.234000000000000004e-04,4.875000000000000167e-02
3.331999999999999676e-04,4.906250000000000194e-02
3.429999999999999889e-04,5.062500000000000333e-02
3.527999999999999561e-04,5.093750000000000361e-02
3.625999999999999775e-04,5.093750000000000361e-02
3.723999999999999988e-04,5.125000000000000389e-02
3.821999999999999660e-04,5.187500000000000444e-02
3.919999999999999873e-04,5.218750000000000472e-02
4.017999999999999545e-04,5.250000000000000500e-02
4.115999999999999759e-04,5.250000000000000500e-02
4.213999999999999972e-04,5.250000000000000500e-02
4.311999999999999644e-04,5.187500000000000444e-02
4.409999999999999858e-04,5.250000000000000500e-02
4.507999999999999529e-04,5.281250000000000527e-02
4.605999999999999743e-04,5.250000000000000500e-02
4.703999999999999414e-04,5.250000000000000500e-02
4.801999999999999628e-04,5.250000000000000500e-02
4.899999999999999842e-04,5.125000000000000389e-02
4.998000000000000055e-04,5.062500000000000333e-02
5.095999999999999185e-04,4.968750000000000250e-02
5.193999999999999399e-04,4.843750000000000139e-02
5.291999999999999612e-04,4.781250000000000777e-02
5.389999999999999826e-04,4.718750000000000722e-02
5.488000000000000040e-04,4.656250000000000666e-02
5.585999999999999169e-04,4.656250000000000666e-02
5.683999999999999383e-04,4.500000000000000527e-02
5.781999999999999596e-04,4.343750000000000389e-02
5.879999999999999810e-04,4.218750000000000278e-02
5.978000000000000024e-04,4.125000000000000194e-02
6.075999999999999153e-04,4.156250000000000222e-02
6.173999999999999367e-04,4.156250000000000222e-02
6.271999999999999581e-04,4.187500000000000250e-02
6.369999999999999794e-04,4.218750000000000278e-02
6.468000000000000008e-04,4.250000000000000305e-02
6.565999999999999137e-04,4.312500000000000361e-02
6.663999999999999351e-04,4.375000000000000416e-02
6.761999999999999565e-04,4.437500000000000472e-02
6.859999999999999779e-04,4.468750000000000500e-02
6.957999999999999992e-04,4.531250000000000555e-02
7.055999999999999122e-04,4.562500000000000583e-02
7.153999999999999335e-04,4.624999999999999944e-02
7.251999999999999549e-04,4.750000000000000056e-02
7.349999999999999763e-04,4.812500000000000111e-02
7.447999999999999976e-04,4.875000000000000167e-02
7.545999999999999106e-04,4.968750000000000250e-02
7.643999999999999320e-04,5.031250000000000305e-02
7.741999999999999533e-04,5.125000000000000389e-02
7.839999999999999747e-04,5.156250000000000416e-02
7.937999999999999961e-04,5.218750000000000472e-02
8.035999999999999090e-04,5.250000000000000500e-02
8.133999999999999304e-04,5.281250000000000527e-02
8.231999999999999517e-04,5.281250000000000527e-02
8.329999999999999731e-04,5.312500000000000555e-02
8.427999999999999945e-04,5.312500000000000555e-02
8.525999999999999074e-04,5.343749999999999889e-02
8.623999999999999288e-04,5.312500000000000555e-02
8.721999999999999502e-04,5.343749999999999889e-02
8.819999999999999715e-04,5.375000000000000611e-02
8.917999999999999929e-04,5.406249999999999944e-02
9.015999999999999058e-04,5.437500000000000666e-02
9.113999999999999272e-04,5.375000000000000611e-02
9.211999999999999486e-04,5.312500000000000555e-02
9.309999999999999699e-04,5.250000000000000500e-02
9.407999999999998829e-04,5.156250000000000416e-02
9.505999999999999043e-04,5.125000000000000389e-02
9.603999999999999256e-04,5.093750000000000361e-02
9.701999999999999470e-04,5.031250000000000305e-02
9.799999999999999684e-04,5.000000000000000278e-02
9.897999999999998813e-04,4.937500000000000222e-02
9.996000000000000111e-04,4.875000000000000167e-02
1.009399999999999924e-03,4.812500000000000111e-02
1.019199999999999837e-03,4.812500000000000111e-02
1.028999999999999967e-03,4.812500000000000111e-02
1.038799999999999880e-03,4.875000000000000167e-02
1.048600000000000010e-03,4.843750000000000139e-02
1.058399999999999922e-03,4.906250000000000194e-02
1.068199999999999835e-03,4.968750000000000250e-02
1.077999999999999965e-03,5.062500000000000333e-02
1.087799999999999878e-03,5.125000000000000389e-02
1.097600000000000008e-03,5.187500000000000444e-02
1.107399999999999921e-03,5.281250000000000527e-02
1.117199999999999834e-03,5.343749999999999889e-02
1.126999999999999964e-03,5.343749999999999889e-02
1.136799999999999877e-03,5.437500000000000666e-02
1.146600000000000006e-03,5.468750000000000000e-02
1.156399999999999919e-03,5.500000000000000722e-02
1.166199999999999832e-03,5.562500000000000777e-02
1.175999999999999962e-03,5.593750000000000111e-02
1.185799999999999875e-03,5.625000000000000833e-02
1.195600000000000005e-03,5.656250000000000167e-02
1.205399999999999918e-03,5.687500000000000888e-02
1.215199999999999831e-03,5.718750000000000222e-02
1.224999999999999960e-03,5.750000000000000250e-02
1.234799999999999873e-03,5.781250000000000278e-02
1.244600000000000003e-03,5.781250000000000278e-02
1.254399999999999916e-03,5.812500000000000305e-02
1.264199999999999829e-03,5.812500000000000305e-02
1.273999999999999959e-03,5.812500000000000305e-02
1.283799999999999872e-03,5.812500000000000305e-02
1.293600000000000002e-03,5.781250000000000278e-02
1.303399999999999915e-03,5.781250000000000278e-02
1.313199999999999827e-03,5.781250000000000278e-02
1.322999999999999957e-03,5.781250000000000278e-02
1.332799999999999870e-03,5.750000000000000250e-02
1.342600000000000000e-03,5.718750000000000222e-02
1.352399999999999913e-03,5.687500000000000888e-02
1.362199999999999826e-03,5.656250000000000167e-02
1.371999999999999956e-03,5.625000000000000833e-02
1.381799999999999869e-03,5.625000000000000833e-02
1.391599999999999998e-03,5.625000000000000833e-02
1.401399999999999911e-03,5.625000000000000833e-02
1.411199999999999824e-03,5.593750000000000111e-02
1.420999999999999954e-03,5.625000000000000833e-02
1.430799999999999867e-03,5.625000000000000833e-02
1.440599999999999997e-03,5.625000000000000833e-02
1.450399999999999910e-03,5.656250000000000167e-02
1.460199999999999823e-03,5.656250000000000167e-02
1.469999999999999953e-03,5.687500000000000888e-02
1.479799999999999865e-03,5.718750000000000222e-02
1.489599999999999995e-03,5.750000000000000250e-02
1.499399999999999908e-03,5.812500000000000305e-02
1.509199999999999821e-03,5.875000000000000361e-02
1.518999999999999951e-03,5.843750000000000333e-02
1.528799999999999864e-03,5.875000000000000361e-02
1.538599999999999994e-03,5.875000000000000361e-02
1.548399999999999907e-03,5.875000000000000361e-02
1.558199999999999820e-03,5.875000000000000361e-02
1.567999999999999949e-03,5.906250000000000389e-02
1.577799999999999862e-03,5.906250000000000389e-02
1.587599999999999992e-03,5.906250000000000389e-02
1.597399999999999905e-03,5.906250000000000389e-02
1.607199999999999818e-03,5.937500000000000416e-02
1.616999999999999948e-03,5.937500000000000416e-02
1.626799999999999861e-03,5.937500000000000416e-02
1.636599999999999991e-03,5.937500000000000416e-02
1.646399999999999903e-03,5.937500000000000416e-02
1.656199999999999816e-03,5.937500000000000416e-02
1.665999999999999946e-03,5.937500000000000416e-02
1.675799999999999859e-03,5.937500000000000416e-02
1.685599999999999989e-03,5.937500000000000416e-02
1.695399999999999902e-03,5.937500000000000416e-02
1.705199999999999815e-03,5.906250000000000389e-02
1.714999999999999945e-03,5.875000000000000361e-02
1.724799999999999858e-03,5.875000000000000361e-02
1.734599999999999987e-03,5.875000000000000361e-02
1.744399999999999900e-03,5.875000000000000361e-02
1.754199999999999813e-03,5.843750000000000333e-02
1.763999999999999943e-03,5.812500000000000305e-02
1.773799999999999856e-03,5.781250000000000278e-02
1.783599999999999986e-03,5.781250000000000278e-02
1.793399999999999899e-03,5.750000000000000250e-02
1.803199999999999812e-03,5.781250000000000278e-02
1.812999999999999941e-03,5.781250000000000278e-02
1.822799999999999854e-03,5.781250000000000278e-02
1.832599999999999984e-03,5.812500000000000305e-02
1.842399999999999897e-03,5.843750000000000333e-02
1.852199999999999810e-03,5.812500000000000305e-02
1.861999999999999940e-03,5.843750000000000333e-02
1.871799999999999853e-03,5.875000000000000361e-02
1.881599999999999766e-03,5.875000000000000361e-02
1.891399999999999896e-03,5.906250000000000389e-02
1.901199999999999809e-03,5.906250000000000389e-02
1.910999999999999938e-03,5.937500000000000416e-02
1.920799999999999851e-03,6.000000000000000472e-02
1.930599999999999764e-03,5.937500000000000416e-02
1.940399999999999894e-03,5.968750000000000444e-02
1.950199999999999807e-03,5.968750000000000444e-02
1.959999999999999937e-03,5.968750000000000444e-02
1.969799999999999850e-03,5.968750000000000444e-02
1.979599999999999763e-03,5.968750000000000444e-02
1.989399999999999676e-03,5.968750000000000444e-02
1.999200000000000022e-03,6.000000000000000472e-02
2.008999999999999935e-03,6.000000000000000472e-02
2.018799999999999848e-03,6.000000000000000472e-02
2.028599999999999761e-03,5.968750000000000444e-02
2.038399999999999674e-03,5.968750000000000444e-02
2.048200000000000021e-03,6.000000000000000472e-02
2.057999999999999934e-03,5.968750000000000444e-02
2.067799999999999847e-03,6.000000000000000472e-02
2.077599999999999759e-03,5.968750000000000444e-02
2.087399999999999672e-03,5.968750000000000444e-02
2.097200000000000019e-03,5.937500000000000416e-02
2.106999999999999932e-03,5.937500000000000416e-02
2.116799999999999845e-03,5.968750000000000444e-02
2.126599999999999758e-03,5.937500000000000416e-02
2.136399999999999671e-03,5.937500000000000416e-02
2.146200000000000017e-03,5.906250000000000389e-02
2.155999999999999930e-03,5.906250000000000389e-02
2.165799999999999843e-03,5.906250000000000389e-02
2.175599999999999756e-03,5.906250000000000389e-02
2.185399999999999669e-03,5.875000000000000361e-02
2.195200000000000016e-03,5.875000000000000361e-02
2.204999999999999929e-03,5.843750000000000333e-02
2.214799999999999842e-03,5.843750000000000333e-02
2.224599999999999755e-03,5.843750000000000333e-02
2.234399999999999668e-03,5.875000000000000361e-02
2.244200000000000014e-03,5.875000000000000361e-02
2.253999999999999927e-03,5.906250000000000389e-02
2.263799999999999840e-03,5.937500000000000416e-02
2.273599999999999753e-03,5.937500000000000416e-02
2.283399999999999666e-03,5.968750000000000444e-02
2.293200000000000013e-03,6.000000000000000472e-02
2.302999999999999926e-03,5.968750000000000444e-02
2.312799999999999839e-03,5.968750000000000444e-02
2.322599999999999752e-03,5.968750000000000444e-02
2.332399999999999664e-03,5.968750000000000444e-02
2.342200000000000011e-03,5.906250000000000389e-02
2.351999999999999924e-03,5.937500000000000416e-02
2.361799999999999837e-03,5.906250000000000389e-02
2.371599999999999750e-03,5.937500000000000416e-02
2.381399999999999663e-03,5.937500000000000416e-02
2.391200000000000010e-03,5.937500000000000416e-02
2.400999999999999922e-03,5.937500000000000416e-02
2.410799999999999835e-03,5.968750000000000444e-02
2.420599999999999748e-03,5.968750000000000444e-02
2.430399999999999661e-03,5.937500000000000416e-02
2.440200000000000008e-03,5.968750000000000444e-02
2.449999999999999921e-03,6.000000000000000472e-02
2.459799999999999834e-03,6.000000000000000472e-02
2.469599999999999747e-03,6.000000000000000472e-02
2.479399999999999660e-03,6.000000000000000472e-02
2.489200000000000006e-03,6.000000000000000472e-02
2.498999999999999919e-03,6.000000000000000472e-02
2.508799999999999832e-03,5.968750000000000444e-02
2.518599999999999745e-03,6.000000000000000472e-02
2.528399999999999658e-03,6.000000000000000472e-02
2.538200000000000005e-03,6.000000000000000472e-02
2.547999999999999918e-03,6.062500000000000527e-02
2.557799999999999831e-03,6.031250000000000500e-02
2.567599999999999744e-03,6.031250000000000500e-02
2.577399999999999657e-03,5.968750000000000444e-02
2.587200000000000003e-03,6.000000000000000472e-02
2.596999999999999916e-03,6.000000000000000472e-02
2.606799999999999829e-03,6.000000000000000472e-02
2.616599999999999742e-03,5.968750000000000444e-02
2.626399999999999655e-03,5.968750000000000444e-02
2.636200000000000002e-03,5.968750000000000444e-02
2.645999999999999915e-03,5.968750000000000444e-02
2.655799999999999828e-03,5.906250000000000389e-02
2.665599999999999740e-03,5.906250000000000389e-02
2.675399999999999653e-03,5.875000000000000361e-02
2.685200000000000000e-03,5.843750000000000333e-02
2.694999999999999913e-03,5.781250000000000278e-02
2.704799999999999826e-03,5.625000000000000833e-02
2.714599999999999739e-03,5.562500000000000777e-02
2.724399999999999652e-03,5.468750000000000000e-02
2.734199999999999998e-03,5.343749999999999889e-02
2.743999999999999911e-03,5.281250000000000527e-02
2.753799999999999824e-03,5.250000000000000500e-02
2.763599999999999737e-03,5.218750000000000472e-02
2.773399999999999650e-03,5.125000000000000389e-02
2.783199999999999997e-03,5.062500000000000333e-02
2.792999999999999910e-03,5.031250000000000305e-02
2.802799999999999823e-03,5.000000000000000278e-02
2.812599999999999736e-03,4.968750000000000250e-02
2.822399999999999649e-03,4.937500000000000222e-02
2.832199999999999995e-03,4.968750000000000250e-02
2.841999999999999908e-03,4.937500000000000222e-02
2.851799999999999821e-03,4.937500000000000222e-02
2.861599999999999734e-03,5.000000000000000278e-02
2.871399999999999647e-03,5.031250000000000305e-02
2.881199999999999994e-03,5.062500000000000333e-02
2.890999999999999907e-03,5.062500000000000333e-02
2.900799999999999820e-03,5.156250000000000416e-02
2.910599999999999733e-03,5.187500000000000444e-02
2.920399999999999646e-03,5.250000000000000500e-02
2.930199999999999992e-03,5.250000000000000500e-02
2.939999999999999905e-03,5.250000000000000500e-02
2.949799999999999818e-03,5.312500000000000555e-02
2.959599999999999731e-03,5.281250000000000527e-02
2.969399999999999644e-03,5.250000000000000500e-02
2.979199999999999991e-03,5.218750000000000472e-02
2.988999999999999903e-03,5.218750000000000472e-02
2.998799999999999816e-03,5.187500000000000444e-02
3.008599999999999729e-03,5.156250000000000416e-02
3.018399999999999642e-03,5.093750000000000361e-02
3.028199999999999989e-03,5.031250000000000305e-02
3.037999999999999902e-03,5.000000000000000278e-02
3.047799999999999815e-03,4.906250000000000194e-02
3.057599999999999728e-03,4.875000000000000167e-02
3.067399999999999641e-03,4.812500000000000111e-02
3.077199999999999987e-03,4.718750000000000722e-02
3.086999999999999900e-03,4.593750000000000611e-02
3.096799999999999813e-03,4.437500000000000472e-02
3.106599999999999726e-03,4.312500000000000361e-02
3.116399999999999639e-03,4.187500000000000250e-02
3.126199999999999986e-03,4.062500000000000139e-02
3.135999999999999899e-03,3.968750000000000056e-02
3.145799999999999812e-03,3.843750000000000638e-02
3.155599999999999725e-03,3.781250000000000583e-02
3.165399999999999638e-03,3.687500000000000500e-02
3.175199999999999984e-03,3.656250000000000472e-02
3.184999999999999897e-03,3.562500000000000389e-02
3.194799999999999810e-03,3.531250000000000361e-02
3.204599999999999723e-03,3.500000000000000333e-02
3.214399999999999636e-03,3.468750000000000305e-02
3.224199999999999983e-03,3.468750000000000305e-02
3.233999999999999896e-03,3.468750000000000305e-02
3.243799999999999809e-03,3.468750000000000305e-02
3.253599999999999721e-03,3.500000000000000333e-02
3.263399999999999634e-03,3.562500000000000389e-02
3.273199999999999981e-03,3.625000000000000444e-02
3.282999999999999894e-03,3.656250000000000472e-02
3.292799999999999807e-03,3.718750000000000527e-02
3.302599999999999720e-03,3.781250000000000583e-02
3.312399999999999633e-03,3.781250000000000583e-02
3.322199999999999979e-03,3.875000000000000666e-02
3.331999999999999892e-03,3.937500000000000722e-02
3.341799999999999805e-03,3.968750000000000056e-02
3.351599999999999718e-03,4.000000000000000083e-02
3.361399999999999631e-03,4.000000000000000083e-02
3.371199999999999978e-03,4.031250000000000111e-02
3.380999999999999891e-03,3.968750000000000056e-02
3.390799999999999804e-03,3.968750000000000056e-02
3.400599999999999717e-03,3.937500000000000722e-02
3.410399999999999630e-03,3.937500000000000722e-02
3.420199999999999976e-03,3.875000000000000666e-02
3.429999999999999889e-03,3.843750000000000638e-02
3.439799999999999802e-03,3.843750000000000638e-02
3.449599999999999715e-03,3.812500000000000611e-02
3.459399999999999628e-03,3.781250000000000583e-02
3.469199999999999975e-03,3.718750000000000527e-02
3.478999999999999888e-03,3.656250000000000472e-02
3.488799999999999801e-03,3.531250000000000361e-02
3.498599999999999714e-03,3.375000000000000222e-02
3.508399999999999627e-03,3.281250000000000139e-02
3.518199999999999973e-03,3.218750000000000083e-02
3.527999999999999886e-03,3.125000000000000000e-02
3.537799999999999799e-03,3.031250000000000264e-02
3.547599999999999712e-03,2.968750000000000208e-02
3.557399999999999625e-03,2.937500000000000527e-02
3.567199999999999972e-03,2.906250000000000500e-02
3.576999999999999885e-03,2.875000000000000472e-02
3.586799999999999797e-03,2.843750000000000444e-02
3.596599999999999710e-03,2.875000000000000472e-02
3.606399999999999623e-03,2.843750000000000444e-02
3.616199999999999970e-03,2.906250000000000500e-02
3.625999999999999883e-03,2.937500000000000527e-02
3.635799999999999796e-03,3.000000000000000236e-02
3.645599999999999709e-03,3.093750000000000319e-02
3.655399999999999622e-03,3.156250000000000028e-02
3.665199999999999968e-03,3.281250000000000139e-02
3.674999999999999881e-03,3.343750000000000194e-02
3.684799999999999794e-03,3.437500000000000278e-02
3.694599999999999707e-03,3.500000000000000333e-02
3.704399999999999620e-03,3.593750000000000416e-02
3.714199999999999967e-03,3.625000000000000444e-02
3.723999999999999880e-03,3.687500000000000500e-02
3.733799999999999793e-03,3.750000000000000555e-02
3.743599999999999706e-03,3.781250000000000583e-02
3.753399999999999619e-03,3.781250000000000583e-02
3.763199999999999532e-03,3.843750000000000638e-02
3.772999999999999878e-03,3.812500000000000611e-02
3.782799999999999791e-03,3.843750000000000638e-02
3.792599999999999704e-03,3.812500000000000611e-02
3.802399999999999617e-03,3.812500000000000611e-02
3.812199999999999530e-03,3.812500000000000611e-02
3.821999999999999877e-03,3.781250000000000583e-02
3.831799999999999790e-03,3.750000000000000555e-02
3.841599999999999702e-03,3.781250000000000583e-02
3.851399999999999615e-03,3.750000000000000555e-02
3.861199999999999528e-03,3.687500000000000500e-02
3.870999999999999875e-03,3.593750000000000416e-02
3.880799999999999788e-03,3.531250000000000361e-02
3.890599999999999701e-03,3.437500000000000278e-02
3.900399999999999614e-03,3.375000000000000222e-02
3.910199999999999960e-03,3.250000000000000111e-02
3.919999999999999873e-03,3.218750000000000083e-02
3.929799999999999786e-03,3.187500000000000056e-02
3.939599999999999699e-03,3.156250000000000028e-02
3.949399999999999612e-03,3.125000000000000000e-02
3.959199999999999525e-03,3.062500000000000291e-02
3.968999999999999438e-03,3.031250000000000264e-02
3.978799999999999351e-03,3.000000000000000236e-02
3.988600000000000131e-03,3.031250000000000264e-02
3.998400000000000044e-03,3.062500000000000291e-02
4.008199999999999957e-03,3.031250000000000264e-02
4.017999999999999870e-03,3.062500000000000291e-02
4.027799999999999783e-03,3.093750000000000319e-02
4.037599999999999696e-03,3.156250000000000028e-02
4.047399999999999609e-03,3.218750000000000083e-02
4.057199999999999522e-03,3.281250000000000139e-02
4.066999999999999435e-03,3.375000000000000222e-02
4.076799999999999348e-03,3.406250000000000250e-02
4.086600000000000128e-03,3.468750000000000305e-02
4.096400000000000041e-03,3.531250000000000361e-02
4.106199999999999954e-03,3.593750000000000416e-02
4.115999999999999867e-03,3.656250000000000472e-02
4.125799999999999780e-03,3.687500000000000500e-02
4.135599999999999693e-03,3.687500000000000500e-02
4.145399999999999606e-03,3.687500000000000500e-02
4.155199999999999519e-03,3.656250000000000472e-02
4.164999999999999432e-03,3.625000000000000444e-02
4.174799999999999345e-03,3.625000000000000444e-02
4.184600000000000125e-03,3.593750000000000416e-02
4.194400000000000038e-03,3.500000000000000333e-02
4.204199999999999951e-03,3.437500000000000278e-02
4.213999999999999864e-03,3.312500000000000167e-02
4.223799999999999777e-03,3.281250000000000139e-02
4.233599999999999690e-03,3.218750000000000083e-02
4.243399999999999603e-03,3.093750000000000319e-02
4.253199999999999516e-03,3.031250000000000264e-02
4.262999999999999429e-03,2.937500000000000527e-02
4.272799999999999342e-03,2.781250000000000389e-02
4.282600000000000122e-03,2.687500000000000305e-02
4.292400000000000035e-03,2.500000000000000139e-02
4.302199999999999948e-03,2.406250000000000056e-02
4.311999999999999861e-03,2.375000000000000375e-02
4.321799999999999774e-03,2.250000000000000264e-02
4.331599999999999687e-03,2.218750000000000236e-02
4.341399999999999600e-03,2.156250000000000527e-02
4.351199999999999513e-03,2.125000000000000500e-02
4.360999999999999426e-03,2.031250000000000416e-02
4.370799999999999338e-03,2.031250000000000416e-02
4.380600000000000119e-03,2.000000000000000389e-02
4.390400000000000032e-03,2.000000000000000389e-02
4.400199999999999945e-03,2.000000000000000389e-02
4.409999999999999858e-03,2.000000000000000389e-02
4.419799999999999771e-03,2.031250000000000416e-02
4.429599999999999684e-03,2.000000000000000389e-02
4.439399999999999596e-03,2.031250000000000416e-02
4.449199999999999509e-03,2.062500000000000444e-02
4.458999999999999422e-03,2.093750000000000472e-02
4.468799999999999335e-03,2.125000000000000500e-02
4.478600000000000116e-03,2.125000000000000500e-02
4.488400000000000029e-03,2.156250000000000527e-02
4.498199999999999942e-03,2.156250000000000527e-02
4.507999999999999854e-03,2.156250000000000527e-02
4.517799999999999767e-03,2.156250000000000527e-02
4.527599999999999680e-03,2.125000000000000500e-02
4.537399999999999593e-03,2.093750000000000472e-02
4.547199999999999506e-03,2.062500000000000444e-02
4.556999999999999419e-03,2.000000000000000389e-02
4.566799999999999332e-03,1.968750000000000361e-02
4.576600000000000112e-03,1.906250000000000305e-02
4.586400000000000025e-03,1.812500000000000222e-02
4.596199999999999938e-03,1.781250000000000194e-02
4.605999999999999851e-03,1.750000000000000167e-02
4.615799999999999764e-03,1.656250000000000430e-02
4.625599999999999677e-03,1.562500000000000347e-02
4.635399999999999590e-03,1.531250000000000319e-02
4.645199999999999503e-03,1.406250000000000208e-02
4.654999999999999416e-03,1.312500000000000125e-02
4.664799999999999329e-03,1.312500000000000125e-02
4.674600000000000109e-03,1.218750000000000389e-02
4.684400000000000022e-03,1.125000000000000305e-02
4.694199999999999935e-03,1.062500000000000250e-02
4.703999999999999848e-03,1.031250000000000222e-02
4.713799999999999761e-03,9.687500000000001665e-03
4.723599999999999674e-03,9.062500000000001110e-03
4.733399999999999587e-03,8.750000000000004302e-03
4.743199999999999500e-03,8.437500000000004025e-03
4.752999999999999413e-03,8.437500000000004025e-03
4.762799999999999326e-03,8.125000000000003747e-03
4.772600000000000106e-03,7.500000000000003192e-03
4.782400000000000019e-03,7.187500000000002914e-03
4.792199999999999932e-03,7.187500000000002914e-03
4.801999999999999845e-03,7.187500000000002914e-03
4.811799999999999758e-03,7.187500000000002914e-03
4.821599999999999671e-03,7.500000000000003192e-03
4.831399999999999584e-03,6.875000000000002637e-03
4.841199999999999497e-03,7.500000000000003192e-03
4.850999999999999410e-03,7.812500000000003469e-03
4.860799999999999323e-03,8.125000000000003747e-03
4.870600000000000103e-03,8.125000000000003747e-03
4.880400000000000016e-03,8.125000000000003747e-03
4.890199999999999929e-03,8.437500000000004025e-03
4.899999999999999842e-03,8.437500000000004025e-03
4.909799999999999755e-03,8.437500000000004025e-03
4.919599999999999668e-03,8.125000000000003747e-03
4.929399999999999581e-03,8.437500000000004025e-03
4.939199999999999494e-03,8.125000000000003747e-03
4.948999999999999407e-03,7.812500000000003469e-03
4.958799999999999319e-03,7.500000000000003192e-03
4.968600000000000100e-03,7.187500000000002914e-03
4.978400000000000013e-03,7.500000000000003192e-03
4.988199999999999926e-03,6.562500000000002359e-03
4.997999999999999839e-03,6.562500000000002359e-03
5.007799999999999752e-03,6.250000000000002082e-03
5.017599999999999665e-03,5.937500000000001804e-03
5.027399999999999577e-03,5.625000000000001527e-03
5.037199999999999490e-03,5.625000000000001527e-03
5.046999999999999403e-03,5.312500000000001249e-03
5.056799999999999316e-03,5.312500000000001249e-03
5.066599999999999229e-03,5.000000000000004441e-03
5.076400000000000010e-03,5.000000000000004441e-03
5.086199999999999923e-03,5.000000000000004441e-03
5.095999999999999835e-03,5.312500000000001249e-03
5.105799999999999748e-03,4.687500000000004163e-03
5.115599999999999661e-03,4.687500000000004163e-03
5.125399999999999574e-03,4.687500000000004163e-03
5.135199999999999487e-03,5.000000000000004441e-03
5.144999999999999400e-03,4.375000000000003886e-03
5.154799999999999313e-03,4.375000000000003886e-03
5.164599999999999226e-03,4.375000000000003886e-03
5.174400000000000006e-03,4.062500000000003608e-03
5.184199999999999919e-03,4.062500000000003608e-03
5.193999999999999832e-03,3.750000000000003331e-03
5.203799999999999745e-03,4.062500000000003608e-03
5.213599999999999658e-03,4.375000000000003886e-03
5.223399999999999571e-03,4.062500000000003608e-03
5.233199999999999484e-03,4.062500000000003608e-03
5.242999999999999397e-03,4.375000000000003886e-03
5.252799999999999310e-03,4.375000000000003886e-03
5.262599999999999223e-03,4.687500000000004163e-03
5.272400000000000003e-03,4.687500000000004163e-03
5.282199999999999916e-03,4.687500000000004163e-03
5.291999999999999829e-03,5.000000000000004441e-03
5.301799999999999742e-03,5.000000000000004441e-03
5.311599999999999655e-03,5.312500000000001249e-03
5.321399999999999568e-03,5.312500000000001249e-03
5.331199999999999481e-03,5.000000000000004441e-03
5.340999999999999394e-03,4.687500000000004163e-03
5.350799999999999307e-03,5.000000000000004441e-03
5.360599999999999220e-03,5.000000000000004441e-03
5.370400000000000000e-03,4.687500000000004163e-03
5.380199999999999913e-03,4.687500000000004163e-03
5.389999999999999826e-03,4.375000000000003886e-03
5.399799999999999739e-03,4.062500000000003608e-03
5.409599999999999652e-03,4.375000000000003886e-03
5.419399999999999565e-03,4.062500000000003608e-03
5.429199999999999478e-03,4.062500000000003608e-03
5.438999999999999391e-03,4.062500000000003608e-03
5.448799999999999304e-03,3.750000000000003331e-03
5.458599999999999217e-03,4.062500000000003608e-03
5.468399999999999997e-03,4.062500000000003608e-03
5.478199999999999910e-03,4.062500000000003608e-03
5.487999999999999823e-03,4.375000000000003886e-03
5.497799999999999736e-03,3.750000000000003331e-03
5.507599999999999649e-03,4.062500000000003608e-03
5.517399999999999562e-03,4.062500000000003608e-03
5.527199999999999475e-03,3.750000000000003331e-03
5.536999999999999388e-03,3.750000000000003331e-03
5.546799999999999300e-03,3.437500000000003053e-03
5.556599999999999213e-03,3.750000000000003331e-03
5.566399999999999994e-03,4.062500000000003608e-03
5.576199999999999907e-03,3.437500000000003053e-03
5.585999999999999820e-03,3.437500000000003053e-03
5.595799999999999733e-03,3.125000000000002776e-03
5.605599999999999646e-03,3.437500000000003053e-03
5.615399999999999558e-03,3.437500000000003053e-03
5.625199999999999471e-03,3.437500000000003053e-03
5.634999999999999384e-03,3.437500000000003053e-03
5.644799999999999297e-03,3.437500000000003053e-03
5.654599999999999210e-03,3.750000000000003331e-03
5.664399999999999991e-03,3.750000000000003331e-03
5.674199999999999904e-03,3.750000000000003331e-03
5.683999999999999816e-03,4.062500000000003608e-03
5.693799999999999729e-03,4.062500000000003608e-03
5.703599999999999642e-03,4.375000000000003886e-03
5.713399999999999555e-03,4.375000000000003886e-03
5.723199999999999468e-03,4.375000000000003886e-03
5.732999999999999381e-03,4.062500000000003608e-03
5.742799999999999294e-03,4.062500000000003608e-03
5.752599999999999207e-03,4.375000000000003886e-03
5.762399999999999987e-03,4.062500000000003608e-03
5.772199999999999900e-03,4.062500000000003608e-03
5.781999999999999813e-03,3.750000000000003331e-03
5.791799999999999726e-03,3.750000000000003331e-03
5.801599999999999639e-03,4.062500000000003608e-03
5.811399999999999552e-03,3.750000000000003331e-03
5.821199999999999465e-03,3.750000000000003331e-03
5.830999999999999378e-03,3.437500000000003053e-03
5.840799999999999291e-03,3.750000000000003331e-03
5.850599999999999204e-03,3.750000000000003331e-03
5.860399999999999984e-03,3.750000000000003331e-03
5.870199999999999897e-03,3.750000000000003331e-03
5.879999999999999810e-03,3.750000000000003331e-03
5.889799999999999723e-03,4.062500000000003608e-03
5.899599999999999636e-03,4.062500000000003608e-03
5.909399999999999549e-03,4.062500000000003608e-03
5.919199999999999462e-03,3.437500000000003053e-03
5.928999999999999375e-03,3.750000000000003331e-03
5.938799999999999288e-03,3.750000000000003331e-03
5.948599999999999201e-03,3.750000000000003331e-03
5.958399999999999981e-03,3.437500000000003053e-03
5.968199999999999894e-03,3.437500000000003053e-03
5.977999999999999807e-03,3.437500000000003053e-03
5.987799999999999720e-03,3.437500000000003053e-03
5.997599999999999633e-03,3.437500000000003053e-03
6.007399999999999546e-03,3.125000000000002776e-03
6.017199999999999459e-03,3.750000000000003331e-03
6.026999999999999372e-03,3.437500000000003053e-03
6.036799999999999285e-03,3.437500000000003053e-03
6.046599999999999198e-03,3.437500000000003053e-03
6.056399999999999978e-03,3.437500000000003053e-03
6.066199999999999891e-03,3.437500000000003053e-03
6.075999999999999804e-03,3.437500000000003053e-03
6.085799999999999717e-03,3.125000000000002776e-03
6.095599999999999630e-03,3.125000000000002776e-03
6.105399999999999543e-03,3.437500000000003053e-03
6.115199999999999456e-03,3.125000000000002776e-03
6.124999999999999369e-03,3.125000000000002776e-03
6.134799999999999282e-03,3.125000000000002776e-03
6.144599999999999194e-03,3.437500000000003053e-03
6.154399999999999975e-03,3.437500000000003053e-03
6.164199999999999888e-03,3.125000000000002776e-03
6.173999999999999801e-03,3.125000000000002776e-03
6.183799999999999714e-03,3.125000000000002776e-03
6.193599999999999627e-03,3.437500000000003053e-03
6.203399999999999540e-03,3.437500000000003053e-03
6.213199999999999452e-03,3.437500000000003053e-03
6.222999999999999365e-03,4.062500000000003608e-03
6.232799999999999278e-03,4.375000000000003886e-03
6.242599999999999191e-03,5.000000000000004441e-03
6.252399999999999972e-03,5.312500000000001249e-03
6.262199999999999885e-03,5.937500000000001804e-03
6.271999999999999797e-03,6.250000000000002082e-03
6.281799999999999710e-03,6.562500000000002359e-03
6.291599999999999623e-03,6.875000000000002637e-03
6.301399999999999536e-03,7.187500000000002914e-03
6.311199999999999449e-03,6.875000000000002637e-03
6.320999999999999362e-03,7.187500000000002914e-03
6.330799999999999275e-03,7.500000000000003192e-03
6.340599999999999188e-03,6.875000000000002637e-03
6.350399999999999968e-03,7.187500000000002914e-03
6.360199999999999881e-03,6.875000000000002637e-03
6.369999999999999794e-03,6.562500000000002359e-03
6.379799999999999707e-03,6.562500000000002359e-03
6.389599999999999620e-03,6.250000000000002082e-03
6.399399999999999533e-03,6.250000000000002082e-03
6.409199999999999446e-03,6.250000000000002082e-03
6.418999999999999359e-03,5.625000000000001527e-03
6.428799999999999272e-03,5.312500000000001249e-03
6.438599999999999185e-03,5.312500000000001249e-03
6.448399999999999965e-03,5.312500000000001249e-03
6.458199999999999878e-03,5.312500000000001249e-03
6.467999999999999791e-03,5.000000000000004441e-03
6.477799999999999704e-03,4.687500000000004163e-03
6.487599999999999617e-03,4.687500000000004163e-03
6.497399999999999530e-03,4.687500000000004163e-03
6.507199999999999443e-03,5.000000000000004441e-03
6.516999999999999356e-03,5.000000000000004441e-03
6.526799999999999269e-03,5.312500000000001249e-03
6.536599999999999182e-03,5.312500000000001249e-03
6.546399999999999962e-03,5.625000000000001527e-03
6.556199999999999875e-03,5.937500000000001804e-03
6.565999999999999788e-03,6.562500000000002359e-03
6.575799999999999701e-03,6.562500000000002359e-03
6.585599999999999614e-03,7.500000000000003192e-03
6.595399999999999527e-03,8.125000000000003747e-03
6.605199999999999440e-03,9.062500000000001110e-03
6.614999999999999353e-03,1.000000000000000194e-02
6.624799999999999266e-03,1.093750000000000278e-02
6.634599999999999179e-03,1.156250000000000333e-02
6.644399999999999959e-03,1.281250000000000444e-02
6.654199999999999872e-03,1.406250000000000208e-02
6.663999999999999785e-03,1.500000000000000291e-02
6.673799999999999698e-03,1.593750000000000375e-02
6.683599999999999611e-03,1.656250000000000430e-02
6.693399999999999524e-03,1.750000000000000167e-02
6.703199999999999437e-03,1.781250000000000194e-02
6.712999999999999350e-03,1.843750000000000250e-02
6.722799999999999263e-03,1.875000000000000278e-02
6.732599999999999175e-03,1.875000000000000278e-02
6.742399999999999956e-03,1.875000000000000278e-02
6.752199999999999869e-03,1.875000000000000278e-02
6.761999999999999782e-03,1.875000000000000278e-02
6.771799999999999695e-03,1.843750000000000250e-02
6.781599999999999608e-03,1.781250000000000194e-02
6.791399999999999521e-03,1.718750000000000139e-02
6.801199999999999433e-03,1.750000000000000167e-02
6.810999999999999346e-03,1.656250000000000430e-02
6.820799999999999259e-03,1.625000000000000402e-02
6.830599999999999172e-03,1.562500000000000347e-02
6.840399999999999953e-03,1.562500000000000347e-02
6.850199999999999866e-03,1.531250000000000319e-02
6.859999999999999779e-03,1.406250000000000208e-02
6.869799999999999691e-03,1.437500000000000236e-02
6.879599999999999604e-03,1.406250000000000208e-02
6.889399999999999517e-03,1.406250000000000208e-02
6.899199999999999430e-03,1.406250000000000208e-02
6.908999999999999343e-03,1.406250000000000208e-02
6.918799999999999256e-03,1.406250000000000208e-02
6.928599999999999169e-03,1.437500000000000236e-02
6.938399999999999949e-03,1.468750000000000264e-02
6.948199999999999862e-03,1.562500000000000347e-02
6.957999999999999775e-03,1.593750000000000375e-02
6.967799999999999688e-03,1.656250000000000430e-02
6.977599999999999601e-03,1.687500000000000458e-02
6.987399999999999514e-03,1.750000000000000167e-02
6.997199999999999427e-03,1.906250000000000305e-02
7.006999999999999340e-03,1.937500000000000333e-02
7.016799999999999253e-03,2.062500000000000444e-02
7.026599999999999166e-03,2.156250000000000527e-02
7.036399999999999946e-03,2.250000000000000264e-02
7.046199999999999859e-03,2.375000000000000375e-02
7.055999999999999772e-03,2.468750000000000111e-02
7.065799999999999685e-03,2.562500000000000194e-02
7.075599999999999598e-03,2.687500000000000305e-02
7.085399999999999511e-03,2.687500000000000305e-02
7.095199999999999424e-03,2.750000000000000361e-02
7.104999999999999337e-03,2.781250000000000389e-02
7.114799999999999250e-03,2.812500000000000416e-02
7.124599999999999163e-03,2.812500000000000416e-02
7.134399999999999943e-03,2.812500000000000416e-02
7.144199999999999856e-03,2.812500000000000416e-02
7.153999999999999769e-03,2.781250000000000389e-02
7.163799999999999682e-03,2.750000000000000361e-02
7.173599999999999595e-03,2.718750000000000333e-02
7.183399999999999508e-03,2.593750000000000222e-02
7.193199999999999421e-03,2.562500000000000194e-02
7.202999999999999334e-03,2.531250000000000167e-02
7.212799999999999247e-03,2.406250000000000056e-02
7.222599999999999160e-03,2.343750000000000347e-02
7.232399999999999940e-03,2.312500000000000319e-02
7.242199999999999853e-03,2.218750000000000236e-02
7.251999999999999766e-03,2.187500000000000555e-02
7.261799999999999679e-03,2.125000000000000500e-02
7.271599999999999592e-03,2.093750000000000472e-02
7.281399999999999505e-03,2.093750000000000472e-02
7.291199999999999418e-03,2.093750000000000472e-02
7.300999999999999331e-03,2.093750000000000472e-02
7.310799999999999244e-03,2.093750000000000472e-02
7.320599999999999156e-03,2.156250000000000527e-02
7.330399999999999937e-03,2.156250000000000527e-02
7.340199999999999850e-03,2.187500000000000555e-02
7.349999999999999763e-03,2.250000000000000264e-02
7.359799999999999676e-03,2.312500000000000319e-02
7.369599999999999589e-03,2.375000000000000375e-02
7.379399999999999502e-03,2.468750000000000111e-02
7.389199999999999414e-03,2.562500000000000194e-02
7.398999999999999327e-03,2.687500000000000305e-02
7.408799999999999240e-03,2.750000000000000361e-02
7.418599999999999153e-03,2.875000000000000472e-02
7.428399999999999934e-03,2.968750000000000208e-02
7.438199999999999847e-03,3.062500000000000291e-02
7.447999999999999760e-03,3.125000000000000000e-02
7.457799999999999672e-03,3.250000000000000111e-02
7.467599999999999585e-03,3.281250000000000139e-02
7.477399999999999498e-03,3.375000000000000222e-02
7.487199999999999411e-03,3.406250000000000250e-02
7.496999999999999324e-03,3.437500000000000278e-02
7.506799999999999237e-03,3.468750000000000305e-02
7.516599999999999150e-03,3.468750000000000305e-02
7.526399999999999063e-03,3.437500000000000278e-02
7.536199999999999843e-03,3.437500000000000278e-02
7.545999999999999756e-03,3.406250000000000250e-02
7.555799999999999669e-03,3.437500000000000278e-02
7.565599999999999582e-03,3.375000000000000222e-02
7.575399999999999495e-03,3.312500000000000167e-02
7.585199999999999408e-03,3.281250000000000139e-02
7.594999999999999321e-03,3.156250000000000028e-02
7.604799999999999234e-03,3.125000000000000000e-02
7.614599999999999147e-03,3.125000000000000000e-02
7.624399999999999060e-03,3.031250000000000264e-02
7.634199999999999840e-03,3.031250000000000264e-02
7.643999999999999753e-03,2.968750000000000208e-02
7.653799999999999666e-03,2.937500000000000527e-02
7.663599999999999579e-03,2.906250000000000500e-02
7.673399999999999492e-03,2.906250000000000500e-02
7.683199999999999405e-03,2.937500000000000527e-02
7.692999999999999318e-03,2.968750000000000208e-02
7.702799999999999231e-03,2.968750000000000208e-02
7.712599999999999144e-03,3.000000000000000236e-02
7.722399999999999057e-03,3.062500000000000291e-02
7.732199999999999837e-03,3.125000000000000000e-02
7.741999999999999750e-03,3.218750000000000083e-02
7.751799999999999663e-03,3.281250000000000139e-02
7.761599999999999576e-03,3.375000000000000222e-02
7.771399999999999489e-03,3.437500000000000278e-02
7.781199999999999402e-03,3.562500000000000389e-02
7.790999999999999315e-03,3.625000000000000444e-02
7.800799999999999228e-03,3.750000000000000555e-02
7.810599999999999141e-03,3.906250000000000000e-02
7.820399999999999921e-03,4.031250000000000111e-02
7.830199999999998967e-03,4.093750000000000167e-02
7.839999999999999747e-03,4.125000000000000194e-02
7.849799999999998792e-03,4.281250000000000333e-02
7.859599999999999573e-03,4.312500000000000361e-02
7.869399999999998618e-03,4.375000000000000416e-02
7.879199999999999399e-03,4.406250000000000444e-02
7.889000000000000179e-03,4.437500000000000472e-02
7.898799999999999225e-03,4.468750000000000500e-02
7.908600000000000005e-03,4.468750000000000500e-02
7.918399999999999050e-03,4.500000000000000527e-02
7.928199999999999831e-03,4.500000000000000527e-02
7.937999999999998876e-03,4.468750000000000500e-02
7.947799999999999657e-03,4.437500000000000472e-02
7.957599999999998702e-03,4.437500000000000472e-02
7.967399999999999483e-03,4.375000000000000416e-02
7.977200000000000263e-03,4.312500000000000361e-02
7.986999999999999308e-03,4.250000000000000305e-02
7.996800000000000089e-03,4.187500000000000250e-02
8.006599999999999134e-03,4.156250000000000222e-02
8.016399999999999915e-03,4.093750000000000167e-02
8.026199999999998960e-03,4.062500000000000139e-02
8.035999999999999741e-03,4.031250000000000111e-02
8.045799999999998786e-03,4.000000000000000083e-02
8.055599999999999566e-03,3.968750000000000056e-02
8.065399999999998612e-03,3.906250000000000000e-02
8.075199999999999392e-03,3.937500000000000722e-02
8.085000000000000173e-03,3.937500000000000722e-02
8.094799999999999218e-03,3.968750000000000056e-02
8.104599999999999999e-03,4.000000000000000083e-02
8.114399999999999044e-03,4.031250000000000111e-02
8.124199999999999824e-03,4.062500000000000139e-02
8.133999999999998870e-03,4.125000000000000194e-02
8.143799999999999650e-03,4.187500000000000250e-02
8.153599999999998696e-03,4.218750000000000278e-02
8.163399999999999476e-03,4.312500000000000361e-02
8.173200000000000257e-03,4.375000000000000416e-02
8.182999999999999302e-03,4.406250000000000444e-02
8.192800000000000082e-03,4.531250000000000555e-02
8.202599999999999128e-03,4.624999999999999944e-02
8.212399999999999908e-03,4.656250000000000666e-02
8.222199999999998954e-03,4.781250000000000777e-02
8.231999999999999734e-03,4.843750000000000139e-02
8.241799999999998780e-03,4.906250000000000194e-02
8.251599999999999560e-03,4.937500000000000222e-02
8.261399999999998606e-03,5.000000000000000278e-02
8.271199999999999386e-03,5.031250000000000305e-02
8.281000000000000166e-03,5.031250000000000305e-02
8.290799999999999212e-03,5.031250000000000305e-02
8.300599999999999992e-03,5.062500000000000333e-02
8.310399999999999038e-03,5.062500000000000333e-02
8.320199999999999818e-03,5.093750000000000361e-02
8.329999999999998864e-03,5.062500000000000333e-02
8.339799999999999644e-03,5.031250000000000305e-02
8.349599999999998690e-03,4.968750000000000250e-02
8.359399999999999470e-03,4.968750000000000250e-02
8.369200000000000250e-03,4.906250000000000194e-02
8.378999999999999296e-03,4.843750000000000139e-02
8.388800000000000076e-03,4.781250000000000777e-02
8.398599999999999122e-03,4.718750000000000722e-02
8.408399999999999902e-03,4.750000000000000056e-02
8.418199999999998948e-03,4.656250000000000666e-02
8.427999999999999728e-03,4.624999999999999944e-02
8.437799999999998773e-03,4.593750000000000611e-02
8.447599999999999554e-03,4.531250000000000555e-02
8.457399999999998599e-03,4.562500000000000583e-02
8.467199999999999380e-03,4.531250000000000555e-02
8.477000000000000160e-03,4.562500000000000583e-02
8.486799999999999206e-03,4.562500000000000583e-02
8.496599999999999986e-03,4.593750000000000611e-02
8.506399999999999031e-03,4.593750000000000611e-02
8.516199999999999812e-03,4.624999999999999944e-02
8.525999999999998857e-03,4.687500000000000000e-02
8.535799999999999638e-03,4.718750000000000722e-02
8.545599999999998683e-03,4.812500000000000111e-02
8.555399999999999464e-03,4.843750000000000139e-02
8.565200000000000244e-03,4.906250000000000194e-02
8.574999999999999289e-03,5.000000000000000278e-02
8.584800000000000070e-03,5.062500000000000333e-02
8.594599999999999115e-03,5.156250000000000416e-02
8.604399999999999896e-03,5.156250000000000416e-02
8.614199999999998941e-03,5.250000000000000500e-02
8.623999999999999722e-03,5.312500000000000555e-02
8.633799999999998767e-03,5.343749999999999889e-02
8.643599999999999547e-03,5.406249999999999944e-02
8.653399999999998593e-03,5.437500000000000666e-02
8.663199999999999373e-03,5.468750000000000000e-02
8.673000000000000154e-03,5.500000000000000722e-02
8.682799999999999199e-03,5.531250000000000056e-02
8.692599999999999980e-03,5.593750000000000111e-02
8.702399999999999025e-03,5.593750000000000111e-02
8.712199999999999805e-03,5.625000000000000833e-02
8.721999999999998851e-03,5.625000000000000833e-02
8.731799999999999631e-03,5.625000000000000833e-02
8.741599999999998677e-03,5.625000000000000833e-02
8.751399999999999457e-03,5.625000000000000833e-02
8.761200000000000238e-03,5.625000000000000833e-02
8.770999999999999283e-03,5.593750000000000111e-02
8.780800000000000063e-03,5.562500000000000777e-02
8.790599999999999109e-03,5.562500000000000777e-02
8.800399999999999889e-03,5.593750000000000111e-02
8.810199999999998935e-03,5.593750000000000111e-02
8.819999999999999715e-03,5.593750000000000111e-02
8.829799999999998761e-03,5.531250000000000056e-02
8.839599999999999541e-03,5.531250000000000056e-02
8.849399999999998587e-03,5.531250000000000056e-02
8.859199999999999367e-03,5.562500000000000777e-02
8.869000000000000147e-03,5.562500000000000777e-02
8.878799999999999193e-03,5.562500000000000777e-02
8.888599999999999973e-03,5.593750000000000111e-02
8.898399999999999019e-03,5.562500000000000777e-02
8.908199999999999799e-03,5.593750000000000111e-02
8.917999999999998845e-03,5.656250000000000167e-02
8.927799999999999625e-03,5.687500000000000888e-02
8.937599999999998671e-03,5.718750000000000222e-02
8.947399999999999451e-03,5.750000000000000250e-02
8.957200000000000231e-03,5.812500000000000305e-02
8.966999999999999277e-03,5.843750000000000333e-02
8.976800000000000057e-03,5.843750000000000333e-02
8.986599999999999103e-03,5.843750000000000333e-02
8.996399999999999883e-03,5.875000000000000361e-02
9.006199999999998929e-03,5.843750000000000333e-02
9.015999999999999709e-03,5.875000000000000361e-02
9.025799999999998754e-03,5.875000000000000361e-02
9.035599999999999535e-03,5.875000000000000361e-02
9.045399999999998580e-03,5.875000000000000361e-02
9.055199999999999361e-03,5.906250000000000389e-02
9.065000000000000141e-03,5.906250000000000389e-02
9.074799999999999187e-03,5.906250000000000389e-02
9.084599999999999967e-03,5.906250000000000389e-02
9.094399999999999012e-03,5.906250000000000389e-02
9.104199999999999793e-03,5.906250000000000389e-02
9.113999999999998838e-03,5.906250000000000389e-02
9.123799999999999619e-03,5.906250000000000389e-02
9.133599999999998664e-03,5.937500000000000416e-02
9.143399999999999445e-03,5.937500000000000416e-02
9.153200000000000225e-03,5.937500000000000416e-02
9.162999999999999270e-03,5.937500000000000416e-02
9.172800000000000051e-03,5.937500000000000416e-02
9.182599999999999096e-03,5.906250000000000389e-02
9.192399999999999877e-03,5.937500000000000416e-02
9.202199999999998922e-03,5.937500000000000416e-02
9.211999999999999703e-03,5.937500000000000416e-02
9.221799999999998748e-03,5.937500000000000416e-02
9.231599999999999528e-03,5.906250000000000389e-02
9.241399999999998574e-03,5.906250000000000389e-02
9.251199999999999354e-03,5.937500000000000416e-02
9.261000000000000135e-03,5.906250000000000389e-02
9.270799999999999180e-03,5.875000000000000361e-02
9.280599999999999961e-03,5.875000000000000361e-02
9.290399999999999006e-03,5.906250000000000389e-02
9.300199999999999786e-03,5.906250000000000389e-02
9.309999999999998832e-03,5.875000000000000361e-02
9.319799999999999612e-03,5.906250000000000389e-02
9.329599999999998658e-03,5.937500000000000416e-02
9.339399999999999438e-03,5.968750000000000444e-02
9.349200000000000219e-03,5.968750000000000444e-02
9.358999999999999264e-03,5.906250000000000389e-02
9.368800000000000044e-03,5.937500000000000416e-02
9.378599999999999090e-03,5.875000000000000361e-02
9.388399999999999870e-03,5.843750000000000333e-02
9.398199999999998916e-03,5.812500000000000305e-02
9.407999999999999696e-03,5.750000000000000250e-02
9.417799999999998742e-03,5.718750000000000222e-02
9.427599999999999522e-03,5.687500000000000888e-02
9.437399999999998568e-03,5.718750000000000222e-02
9.447199999999999348e-03,5.718750000000000222e-02
9.457000000000000128e-03,5.718750000000000222e-02
9.466799999999999174e-03,5.718750000000000222e-02
9.476599999999999954e-03,5.687500000000000888e-02
9.486399999999999000e-03,5.718750000000000222e-02
9.496199999999999780e-03,5.718750000000000222e-02
9.505999999999998826e-03,5.750000000000000250e-02
9.515799999999999606e-03,5.750000000000000250e-02
9.525599999999998652e-03,5.812500000000000305e-02
9.535399999999999432e-03,5.781250000000000278e-02
9.545200000000000212e-03,5.843750000000000333e-02
9.554999999999999258e-03,5.843750000000000333e-02
9.564800000000000038e-03,5.875000000000000361e-02
9.574599999999999084e-03,5.906250000000000389e-02
9.584399999999999864e-03,5.906250000000000389e-02
9.594199999999998910e-03,5.906250000000000389e-02
9.603999999999999690e-03,5.906250000000000389e-02
9.613799999999998736e-03,5.906250000000000389e-02
9.623599999999999516e-03,5.968750000000000444e-02
9.633399999999998561e-03,5.937500000000000416e-02
9.643199999999999342e-03,5.968750000000000444e-02
9.653000000000000122e-03,5.937500000000000416e-02
9.662799999999999168e-03,5.937500000000000416e-02
9.672599999999999948e-03,5.968750000000000444e-02
9.682399999999998993e-03,5.968750000000000444e-02
9.692199999999999774e-03,6.000000000000000472e-02
9.701999999999998819e-03,6.000000000000000472e-02
9.711799999999999600e-03,6.000000000000000472e-02
9.721599999999998645e-03,6.000000000000000472e-02
9.731399999999999426e-03,6.031250000000000500e-02
9.741200000000000206e-03,6.062500000000000527e-02
9.750999999999999251e-03,6.031250000000000500e-02
9.760800000000000032e-03,6.000000000000000472e-02
9.770599999999999077e-03,5.937500000000000416e-02
9.780399999999999858e-03,5.906250000000000389e-02
9.790199999999998903e-03,5.843750000000000333e-02
9.799999999999999684e-03,5.812500000000000305e-02
9.809799999999998729e-03,5.781250000000000278e-02
9.819599999999999509e-03,5.750000000000000250e-02
9.829399999999998555e-03,5.718750000000000222e-02
9.839199999999999335e-03,5.687500000000000888e-02
9.849000000000000116e-03,5.687500000000000888e-02
9.858799999999999161e-03,5.687500000000000888e-02
9.868599999999999942e-03,5.687500000000000888e-02
9.878399999999998987e-03,5.656250000000000167e-02
9.888199999999999767e-03,5.687500000000000888e-02
9.897999999999998813e-03,5.718750000000000222e-02
9.907799999999999593e-03,5.687500000000000888e-02
9.917599999999998639e-03,5.718750000000000222e-02
9.927399999999999419e-03,5.812500000000000305e-02
9.937200000000000200e-03,5.781250000000000278e-02
9.946999999999999245e-03,5.843750000000000333e-02
9.956800000000000025e-03,5.843750000000000333e-02
9.966599999999999071e-03,5.906250000000000389e-02
9.976399999999999851e-03,5.906250000000000389e-02
9.986199999999998897e-03,5.906250000000000389e-02
9.995999999999999677e-03,5.937500000000000416e-02
1.000579999999999872e-02,5.968750000000000444e-02
1.001559999999999950e-02,5.968750000000000444e-02
1.002539999999999855e-02,5.937500000000000416e-02
1.003519999999999933e-02,5.937500000000000416e-02
1.004500000000000011e-02,5.968750000000000444e-02
1.005479999999999915e-02,5.906250000000000389e-02
1.006459999999999994e-02,5.937500000000000416e-02
1.007439999999999898e-02,5.906250000000000389e-02
1.008419999999999976e-02,5.937500000000000416e-02
1.009399999999999881e-02,5.906250000000000389e-02
1.010379999999999959e-02,5.906250000000000389e-02
1.011359999999999863e-02,5.875000000000000361e-02
1.012339999999999941e-02,5.875000000000000361e-02
1.013319999999999846e-02,5.875000000000000361e-02
1.014299999999999924e-02,5.812500000000000305e-02
1.015280000000000002e-02,5.781250000000000278e-02
1.016259999999999906e-02,5.718750000000000222e-02
1.017239999999999985e-02,5.625000000000000833e-02
1.018219999999999889e-02,5.562500000000000777e-02
1.019199999999999967e-02,5.531250000000000056e-02
1.020179999999999872e-02,5.468750000000000000e-02
1.021159999999999950e-02,5.406249999999999944e-02
1.022139999999999854e-02,5.375000000000000611e-02
1.023119999999999932e-02,5.343749999999999889e-02
1.024100000000000010e-02,5.312500000000000555e-02
1.025079999999999915e-02,5.343749999999999889e-02
1.026059999999999993e-02,5.312500000000000555e-02
1.027039999999999897e-02,5.343749999999999889e-02
1.028019999999999975e-02,5.343749999999999889e-02
1.028999999999999880e-02,5.343749999999999889e-02
1.029979999999999958e-02,5.375000000000000611e-02
1.030959999999999863e-02,5.406249999999999944e-02
1.031939999999999941e-02,5.437500000000000666e-02
1.032919999999999845e-02,5.500000000000000722e-02
1.033899999999999923e-02,5.531250000000000056e-02
1.034880000000000001e-02,5.562500000000000777e-02
1.035859999999999906e-02,5.593750000000000111e-02
1.036839999999999984e-02,5.625000000000000833e-02
1.037819999999999888e-02,5.625000000000000833e-02
1.038799999999999966e-02,5.687500000000000888e-02
1.039779999999999871e-02,5.718750000000000222e-02
1.040759999999999949e-02,5.750000000000000250e-02
1.041739999999999854e-02,5.718750000000000222e-02
1.042719999999999932e-02,5.718750000000000222e-02
1.043700000000000010e-02,5.687500000000000888e-02
1.044679999999999914e-02,5.656250000000000167e-02
1.045659999999999992e-02,5.656250000000000167e-02
1.046639999999999897e-02,5.656250000000000167e-02
1.047619999999999975e-02,5.656250000000000167e-02
1.048599999999999879e-02,5.625000000000000833e-02
1.049579999999999957e-02,5.593750000000000111e-02
1.050559999999999862e-02,5.593750000000000111e-02
1.051539999999999940e-02,5.531250000000000056e-02
1.052519999999999845e-02,5.531250000000000056e-02
1.053499999999999923e-02,5.468750000000000000e-02
1.054480000000000001e-02,5.375000000000000611e-02
1.055459999999999905e-02,5.250000000000000500e-02
1.056439999999999983e-02,5.218750000000000472e-02
1.057419999999999888e-02,5.125000000000000389e-02
1.058399999999999966e-02,5.031250000000000305e-02
1.059379999999999870e-02,4.937500000000000222e-02
1.060359999999999948e-02,4.937500000000000222e-02
1.061339999999999853e-02,4.843750000000000139e-02
1.062319999999999931e-02,4.812500000000000111e-02
1.063300000000000009e-02,4.781250000000000777e-02
1.064279999999999914e-02,4.781250000000000777e-02
1.065259999999999992e-02,4.781250000000000777e-02
1.066239999999999896e-02,4.781250000000000777e-02
1.067219999999999974e-02,4.781250000000000777e-02
1.068199999999999879e-02,4.812500000000000111e-02
1.069179999999999957e-02,4.843750000000000139e-02
1.070159999999999861e-02,4.875000000000000167e-02
1.071139999999999939e-02,4.937500000000000222e-02
1.072119999999999844e-02,4.937500000000000222e-02
1.073099999999999922e-02,5.031250000000000305e-02
1.074080000000000000e-02,5.093750000000000361e-02
1.075059999999999905e-02,5.156250000000000416e-02
1.076039999999999983e-02,5.187500000000000444e-02
1.077019999999999887e-02,5.218750000000000472e-02
1.077999999999999965e-02,5.281250000000000527e-02
1.078979999999999870e-02,5.343749999999999889e-02
1.079959999999999948e-02,5.343749999999999889e-02
1.080939999999999852e-02,5.343749999999999889e-02
1.081919999999999930e-02,5.343749999999999889e-02
1.082900000000000008e-02,5.375000000000000611e-02
1.083879999999999913e-02,5.375000000000000611e-02
1.084859999999999991e-02,5.343749999999999889e-02
1.085839999999999896e-02,5.312500000000000555e-02
1.086819999999999974e-02,5.312500000000000555e-02
1.087799999999999878e-02,5.281250000000000527e-02
1.088779999999999956e-02,5.250000000000000500e-02
1.089759999999999861e-02,5.218750000000000472e-02
1.090739999999999939e-02,5.187500000000000444e-02
1.091719999999999843e-02,5.125000000000000389e-02
1.092699999999999921e-02,5.093750000000000361e-02
1.093679999999999999e-02,4.968750000000000250e-02
1.094659999999999904e-02,4.843750000000000139e-02
1.095639999999999982e-02,4.750000000000000056e-02
1.096619999999999887e-02,4.687500000000000000e-02
1.097599999999999965e-02,4.593750000000000611e-02
1.098579999999999869e-02,4.531250000000000555e-02
1.099559999999999947e-02,4.437500000000000472e-02
1.100539999999999852e-02,4.437500000000000472e-02
1.101519999999999930e-02,4.375000000000000416e-02
1.102500000000000008e-02,4.343750000000000389e-02
1.103479999999999912e-02,4.312500000000000361e-02
1.104459999999999990e-02,4.312500000000000361e-02
1.105439999999999895e-02,4.343750000000000389e-02
1.106419999999999973e-02,4.343750000000000389e-02
1.107399999999999878e-02,4.375000000000000416e-02
1.108379999999999956e-02,4.375000000000000416e-02
1.109359999999999860e-02,4.437500000000000472e-02
1.110339999999999938e-02,4.500000000000000527e-02
1.111319999999999843e-02,4.562500000000000583e-02
1.112299999999999921e-02,4.593750000000000611e-02
1.113279999999999999e-02,4.687500000000000000e-02
1.114259999999999903e-02,4.718750000000000722e-02
1.115239999999999981e-02,4.750000000000000056e-02
1.116219999999999886e-02,4.781250000000000777e-02
1.117199999999999964e-02,4.843750000000000139e-02
1.118179999999999868e-02,4.906250000000000194e-02
1.119159999999999947e-02,4.875000000000000167e-02
1.120139999999999851e-02,4.906250000000000194e-02
1.121119999999999929e-02,4.875000000000000167e-02
1.122100000000000007e-02,4.906250000000000194e-02
1.123079999999999912e-02,4.875000000000000167e-02
1.124059999999999990e-02,4.875000000000000167e-02
1.125039999999999894e-02,4.875000000000000167e-02
1.126019999999999972e-02,4.843750000000000139e-02
1.126999999999999877e-02,4.843750000000000139e-02
1.127979999999999955e-02,4.812500000000000111e-02
1.128959999999999859e-02,4.781250000000000777e-02
1.129939999999999937e-02,4.750000000000000056e-02
1.130919999999999842e-02,4.687500000000000000e-02
1.131899999999999920e-02,4.593750000000000611e-02
1.132879999999999998e-02,4.562500000000000583e-02
1.133859999999999903e-02,4.468750000000000500e-02
1.134839999999999981e-02,4.343750000000000389e-02
1.135819999999999885e-02,4.281250000000000333e-02
1.136799999999999963e-02,4.187500000000000250e-02
1.137779999999999868e-02,4.125000000000000194e-02
1.138759999999999946e-02,4.093750000000000167e-02
1.139739999999999850e-02,4.093750000000000167e-02
1.140719999999999928e-02,4.031250000000000111e-02
1.141700000000000007e-02,4.031250000000000111e-02
1.142679999999999911e-02,4.093750000000000167e-02
1.143659999999999989e-02,4.031250000000000111e-02
1.144639999999999894e-02,4.062500000000000139e-02
1.145619999999999972e-02,4.093750000000000167e-02
1.146599999999999876e-02,4.125000000000000194e-02
1.147579999999999954e-02,4.187500000000000250e-02
1.148559999999999859e-02,4.250000000000000305e-02
1.149539999999999937e-02,4.312500000000000361e-02
1.150519999999999841e-02,4.375000000000000416e-02
1.151499999999999919e-02,4.468750000000000500e-02
1.152479999999999997e-02,4.468750000000000500e-02
1.153459999999999902e-02,4.562500000000000583e-02
1.154439999999999980e-02,4.624999999999999944e-02
1.155419999999999885e-02,4.687500000000000000e-02
1.156399999999999963e-02,4.718750000000000722e-02
1.157379999999999867e-02,4.812500000000000111e-02
1.158359999999999945e-02,4.781250000000000777e-02
1.159339999999999850e-02,4.812500000000000111e-02
1.160319999999999928e-02,4.843750000000000139e-02
1.161300000000000006e-02,4.843750000000000139e-02
1.162279999999999910e-02,4.812500000000000111e-02
1.163259999999999988e-02,4.812500000000000111e-02
1.164239999999999893e-02,4.812500000000000111e-02
1.165219999999999971e-02,4.781250000000000777e-02
1.166199999999999876e-02,4.750000000000000056e-02
1.167179999999999954e-02,4.718750000000000722e-02
1.168159999999999858e-02,4.687500000000000000e-02
1.169139999999999936e-02,4.624999999999999944e-02
1.170119999999999841e-02,4.562500000000000583e-02
1.171099999999999919e-02,4.500000000000000527e-02
1.172079999999999997e-02,4.375000000000000416e-02
1.173059999999999901e-02,4.281250000000000333e-02
1.174039999999999979e-02,4.187500000000000250e-02
1.175019999999999884e-02,4.093750000000000167e-02
1.175999999999999962e-02,4.000000000000000083e-02
1.176979999999999867e-02,3.906250000000000000e-02
1.177959999999999945e-02,3.875000000000000666e-02
1.178939999999999849e-02,3.781250000000000583e-02
1.179919999999999927e-02,3.718750000000000527e-02
1.180900000000000005e-02,3.656250000000000472e-02
1.181879999999999910e-02,3.625000000000000444e-02
1.182859999999999988e-02,3.593750000000000416e-02
1.183839999999999892e-02,3.593750000000000416e-02
1.184819999999999970e-02,3.593750000000000416e-02
1.185799999999999875e-02,3.625000000000000444e-02
1.186779999999999953e-02,3.625000000000000444e-02
1.187759999999999858e-02,3.656250000000000472e-02
1.188739999999999936e-02,3.687500000000000500e-02
1.189719999999999840e-02,3.718750000000000527e-02
1.190699999999999918e-02,3.812500000000000611e-02
1.191679999999999996e-02,3.812500000000000611e-02
1.192659999999999901e-02,3.843750000000000638e-02
1.193639999999999979e-02,3.875000000000000666e-02
1.194619999999999883e-02,3.906250000000000000e-02
1.195599999999999961e-02,3.937500000000000722e-02
1.196579999999999866e-02,3.937500000000000722e-02
1.197559999999999944e-02,3.937500000000000722e-02
1.198539999999999849e-02,3.906250000000000000e-02
1.199519999999999927e-02,3.875000000000000666e-02
1.200500000000000005e-02,3.812500000000000611e-02
1.201479999999999909e-02,3.750000000000000555e-02
1.202459999999999987e-02,3.718750000000000527e-02
1.203439999999999892e-02,3.656250000000000472e-02
1.204419999999999970e-02,3.562500000000000389e-02
1.205399999999999874e-02,3.531250000000000361e-02
1.206379999999999952e-02,3.437500000000000278e-02
1.207359999999999857e-02,3.375000000000000222e-02
1.208339999999999935e-02,3.281250000000000139e-02
1.209319999999999840e-02,3.218750000000000083e-02
1.210299999999999918e-02,3.093750000000000319e-02
1.211279999999999996e-02,2.968750000000000208e-02
1.212259999999999900e-02,2.843750000000000444e-02
1.213239999999999978e-02,2.718750000000000333e-02
1.214219999999999883e-02,2.656250000000000278e-02
1.215199999999999961e-02,2.500000000000000139e-02
1.216179999999999865e-02,2.406250000000000056e-02
1.217159999999999943e-02,2.312500000000000319e-02
1.218139999999999848e-02,2.218750000000000236e-02
1.219119999999999926e-02,2.218750000000000236e-02
1.220100000000000004e-02,2.125000000000000500e-02
1.221079999999999909e-02,2.093750000000000472e-02
1.222059999999999987e-02,2.125000000000000500e-02
1.223039999999999891e-02,2.031250000000000416e-02
1.224019999999999969e-02,2.031250000000000416e-02
1.224999999999999874e-02,2.093750000000000472e-02
1.225979999999999952e-02,2.062500000000000444e-02
1.226959999999999856e-02,2.093750000000000472e-02
1.227939999999999934e-02,2.156250000000000527e-02
1.228919999999999839e-02,2.218750000000000236e-02
1.229899999999999917e-02,2.281250000000000291e-02
1.230879999999999995e-02,2.343750000000000347e-02
1.231859999999999900e-02,2.406250000000000056e-02
1.232839999999999978e-02,2.468750000000000111e-02
1.233819999999999882e-02,2.500000000000000139e-02
1.234799999999999960e-02,2.593750000000000222e-02
1.235779999999999865e-02,2.625000000000000250e-02
1.236759999999999943e-02,2.625000000000000250e-02
1.237739999999999847e-02,2.656250000000000278e-02
1.238719999999999925e-02,2.625000000000000250e-02
1.239700000000000003e-02,2.593750000000000222e-02
1.240679999999999908e-02,2.593750000000000222e-02
1.241659999999999986e-02,2.531250000000000167e-02
1.242639999999999890e-02,2.500000000000000139e-02
1.243619999999999969e-02,2.468750000000000111e-02
1.244599999999999873e-02,2.437500000000000083e-02
1.245579999999999951e-02,2.375000000000000375e-02
1.246559999999999856e-02,2.312500000000000319e-02
1.247539999999999934e-02,2.312500000000000319e-02
1.248519999999999838e-02,2.218750000000000236e-02
1.249499999999999916e-02,2.156250000000000527e-02
1.250479999999999994e-02,2.062500000000000444e-02
1.251459999999999899e-02,2.000000000000000389e-02
1.252439999999999977e-02,1.937500000000000333e-02
1.253419999999999881e-02,1.875000000000000278e-02
1.254399999999999959e-02,1.781250000000000194e-02
1.255379999999999864e-02,1.718750000000000139e-02
1.256359999999999942e-02,1.687500000000000458e-02
1.257339999999999847e-02,1.625000000000000402e-02
1.258319999999999925e-02,1.593750000000000375e-02
1.259299999999999829e-02,1.562500000000000347e-02
1.260279999999999907e-02,1.562500000000000347e-02
1.261259999999999985e-02,1.531250000000000319e-02
1.262239999999999890e-02,1.500000000000000291e-02
1.263219999999999968e-02,1.531250000000000319e-02
1.264199999999999872e-02,1.562500000000000347e-02
1.265179999999999950e-02,1.562500000000000347e-02
1.266159999999999855e-02,1.625000000000000402e-02
1.267139999999999933e-02,1.718750000000000139e-02
1.268119999999999838e-02,1.718750000000000139e-02
1.269099999999999916e-02,1.781250000000000194e-02
1.270079999999999994e-02,1.875000000000000278e-02
1.271059999999999898e-02,1.906250000000000305e-02
1.272039999999999976e-02,2.000000000000000389e-02
1.273019999999999881e-02,2.031250000000000416e-02
1.273999999999999959e-02,2.093750000000000472e-02
1.274979999999999863e-02,2.187500000000000555e-02
1.275959999999999941e-02,2.218750000000000236e-02
1.276939999999999846e-02,2.218750000000000236e-02
1.277919999999999924e-02,2.281250000000000291e-02
1.278899999999999829e-02,2.218750000000000236e-02
1.279879999999999907e-02,2.250000000000000264e-02
1.280859999999999985e-02,2.218750000000000236e-02
1.281839999999999889e-02,2.218750000000000236e-02
1.282819999999999967e-02,2.187500000000000555e-02
1.283799999999999872e-02,2.156250000000000527e-02
1.284779999999999950e-02,2.156250000000000527e-02
1.285759999999999854e-02,2.093750000000000472e-02
1.286739999999999932e-02,2.062500000000000444e-02
1.287719999999999837e-02,2.031250000000000416e-02
1.288699999999999915e-02,1.968750000000000361e-02
1.289679999999999993e-02,1.906250000000000305e-02
1.290659999999999898e-02,1.812500000000000222e-02
1.291639999999999976e-02,1.781250000000000194e-02
1.292619999999999880e-02,1.656250000000000430e-02
1.293599999999999958e-02,1.593750000000000375e-02
1.294579999999999863e-02,1.562500000000000347e-02
1.295559999999999941e-02,1.531250000000000319e-02
1.296539999999999845e-02,1.500000000000000291e-02
1.297519999999999923e-02,1.500000000000000291e-02
1.298499999999999828e-02,1.468750000000000264e-02
1.299479999999999906e-02,1.437500000000000236e-02
1.300459999999999984e-02,1.468750000000000264e-02
1.301439999999999889e-02,1.500000000000000291e-02
1.302419999999999967e-02,1.468750000000000264e-02
1.303399999999999871e-02,1.562500000000000347e-02
1.304379999999999949e-02,1.593750000000000375e-02
1.305359999999999854e-02,1.625000000000000402e-02
1.306339999999999932e-02,1.687500000000000458e-02
1.307319999999999836e-02,1.718750000000000139e-02
1.308299999999999914e-02,1.843750000000000250e-02
1.309279999999999992e-02,1.906250000000000305e-02
1.310259999999999897e-02,1.937500000000000333e-02
1.311239999999999975e-02,1.968750000000000361e-02
1.312219999999999880e-02,2.031250000000000416e-02
1.313199999999999958e-02,2.093750000000000472e-02
1.314179999999999862e-02,2.156250000000000527e-02
1.315159999999999940e-02,2.156250000000000527e-02
1.316139999999999845e-02,2.156250000000000527e-02
1.317119999999999923e-02,2.156250000000000527e-02
1.318099999999999827e-02,2.156250000000000527e-02
1.319079999999999905e-02,2.125000000000000500e-02
1.320059999999999983e-02,2.093750000000000472e-02
1.321039999999999888e-02,2.093750000000000472e-02
1.322019999999999966e-02,2.062500000000000444e-02
1.322999999999999871e-02,2.000000000000000389e-02
1.323979999999999949e-02,2.000000000000000389e-02
1.324959999999999853e-02,1.906250000000000305e-02
1.325939999999999931e-02,1.875000000000000278e-02
1.326919999999999836e-02,1.812500000000000222e-02
1.327899999999999914e-02,1.750000000000000167e-02
1.328879999999999992e-02,1.687500000000000458e-02
1.329859999999999896e-02,1.625000000000000402e-02
1.330839999999999974e-02,1.562500000000000347e-02
1.331819999999999879e-02,1.468750000000000264e-02
1.332799999999999957e-02,1.406250000000000208e-02
1.333779999999999862e-02,1.312500000000000125e-02
1.334759999999999940e-02,1.281250000000000444e-02
1.335739999999999844e-02,1.250000000000000416e-02
1.336719999999999922e-02,1.250000000000000416e-02
1.337699999999999827e-02,1.218750000000000389e-02
1.338679999999999905e-02,1.218750000000000389e-02
1.339659999999999983e-02,1.187500000000000361e-02
1.340639999999999887e-02,1.250000000000000416e-02
1.341619999999999965e-02,1.218750000000000389e-02
1.342599999999999870e-02,1.312500000000000125e-02
1.343579999999999948e-02,1.281250000000000444e-02
1.344559999999999853e-02,1.343750000000000153e-02
1.345539999999999931e-02,1.375000000000000180e-02
1.346519999999999835e-02,1.468750000000000264e-02
1.347499999999999913e-02,1.593750000000000375e-02
1.348479999999999991e-02,1.625000000000000402e-02
1.349459999999999896e-02,1.656250000000000430e-02
1.350439999999999974e-02,1.781250000000000194e-02
1.351419999999999878e-02,1.843750000000000250e-02
1.352399999999999956e-02,1.875000000000000278e-02
1.353379999999999861e-02,1.937500000000000333e-02
1.354359999999999939e-02,1.937500000000000333e-02
1.355339999999999843e-02,2.000000000000000389e-02
1.356319999999999922e-02,1.968750000000000361e-02
1.357299999999999826e-02,1.968750000000000361e-02
1.358279999999999904e-02,1.968750000000000361e-02
1.359259999999999982e-02,1.968750000000000361e-02
1.360239999999999887e-02,1.968750000000000361e-02
1.361219999999999965e-02,1.875000000000000278e-02
1.362199999999999869e-02,1.843750000000000250e-02
1.363179999999999947e-02,1.781250000000000194e-02
1.364159999999999852e-02,1.781250000000000194e-02
1.365139999999999930e-02,1.718750000000000139e-02
1.366119999999999834e-02,1.687500000000000458e-02
1.367099999999999912e-02,1.562500000000000347e-02
1.368079999999999991e-02,1.531250000000000319e-02
1.369059999999999895e-02,1.375000000000000180e-02
1.370039999999999973e-02,1.375000000000000180e-02
1.371019999999999878e-02,1.281250000000000444e-02
1.371999999999999956e-02,1.250000000000000416e-02
1.372979999999999860e-02,1.156250000000000333e-02
1.373959999999999938e-02,1.093750000000000278e-02
1.374939999999999843e-02,1.062500000000000250e-02
1.375919999999999921e-02,1.000000000000000194e-02
1.376899999999999825e-02,9.687500000000001665e-03
1.377879999999999903e-02,9.687500000000001665e-03
1.378859999999999982e-02,9.375000000000001388e-03
1.379839999999999886e-02,9.375000000000001388e-03
1.380819999999999964e-02,9.062500000000001110e-03
1.381799999999999869e-02,9.062500000000001110e-03
1.382779999999999947e-02,9.375000000000001388e-03
1.383759999999999851e-02,9.375000000000001388e-03
1.384739999999999929e-02,9.687500000000001665e-03
1.385719999999999834e-02,1.000000000000000194e-02
1.386699999999999912e-02,1.093750000000000278e-02
1.387679999999999990e-02,1.125000000000000305e-02
1.388659999999999894e-02,1.187500000000000361e-02
1.389639999999999972e-02,1.187500000000000361e-02
1.390619999999999877e-02,1.250000000000000416e-02
1.391599999999999955e-02,1.281250000000000444e-02
1.392579999999999860e-02,1.343750000000000153e-02
1.393559999999999938e-02,1.343750000000000153e-02
1.394539999999999842e-02,1.343750000000000153e-02
1.395519999999999920e-02,1.312500000000000125e-02
1.396499999999999825e-02,1.312500000000000125e-02
1.397479999999999903e-02,1.281250000000000444e-02
1.398459999999999981e-02,1.250000000000000416e-02
1.399439999999999885e-02,1.218750000000000389e-02
1.400419999999999963e-02,1.218750000000000389e-02
1.401399999999999868e-02,1.156250000000000333e-02
1.402379999999999946e-02,1.156250000000000333e-02
1.403359999999999851e-02,1.093750000000000278e-02
1.404339999999999929e-02,1.062500000000000250e-02
1.405319999999999833e-02,1.031250000000000222e-02
1.406299999999999911e-02,9.687500000000001665e-03
1.407279999999999989e-02,9.375000000000001388e-03
1.408259999999999894e-02,8.750000000000004302e-03
1.409239999999999972e-02,8.437500000000004025e-03
1.410219999999999876e-02,7.812500000000003469e-03
1.411199999999999954e-02,7.500000000000003192e-03
1.412179999999999859e-02,7.187500000000002914e-03
1.413159999999999937e-02,6.562500000000002359e-03
1.414139999999999842e-02,6.562500000000002359e-03
1.415119999999999920e-02,6.250000000000002082e-03
1.416099999999999824e-02,6.250000000000002082e-03
1.417079999999999902e-02,5.937500000000001804e-03
1.418059999999999980e-02,5.625000000000001527e-03
1.419039999999999885e-02,5.937500000000001804e-03
1.420019999999999963e-02,5.937500000000001804e-03
1.420999999999999867e-02,5.625000000000001527e-03
1.421979999999999945e-02,5.937500000000001804e-03
1.422959999999999850e-02,5.937500000000001804e-03
1.423939999999999928e-02,6.250000000000002082e-03
1.424919999999999833e-02,5.937500000000001804e-03
1.425899999999999911e-02,6.562500000000002359e-03
1.426879999999999989e-02,6.875000000000002637e-03
1.427859999999999893e-02,6.875000000000002637e-03
1.428839999999999971e-02,7.187500000000002914e-03
1.429819999999999876e-02,7.187500000000002914e-03
1.430799999999999954e-02,7.812500000000003469e-03
1.431779999999999858e-02,7.812500000000003469e-03
1.432759999999999936e-02,7.812500000000003469e-03
1.433739999999999841e-02,7.812500000000003469e-03
1.434719999999999919e-02,7.812500000000003469e-03
1.435699999999999824e-02,7.187500000000002914e-03
1.436679999999999902e-02,7.500000000000003192e-03
1.437659999999999980e-02,7.500000000000003192e-03
1.438639999999999884e-02,7.187500000000002914e-03
1.439619999999999962e-02,7.187500000000002914e-03
1.440599999999999867e-02,6.562500000000002359e-03
1.441579999999999945e-02,6.562500000000002359e-03
1.442559999999999849e-02,6.562500000000002359e-03
1.443539999999999927e-02,6.250000000000002082e-03
1.444519999999999832e-02,6.250000000000002082e-03
1.445499999999999910e-02,5.625000000000001527e-03
1.446479999999999988e-02,5.312500000000001249e-03
1.447459999999999893e-02,5.312500000000001249e-03
1.448439999999999971e-02,5.000000000000004441e-03
1.449419999999999875e-02,5.000000000000004441e-03
1.450399999999999953e-02,5.000000000000004441e-03
1.451379999999999858e-02,4.687500000000004163e-03
1.452359999999999936e-02,4.687500000000004163e-03
1.453339999999999840e-02,4.375000000000003886e-03
1.454319999999999918e-02,4.375000000000003886e-03
1.455299999999999823e-02,4.375000000000003886e-03
1.456279999999999901e-02,4.062500000000003608e-03
1.457259999999999979e-02,4.062500000000003608e-03
1.458239999999999884e-02,4.062500000000003608e-03
1.459219999999999962e-02,4.062500000000003608e-03
1.460199999999999866e-02,4.062500000000003608e-03
1.461179999999999944e-02,4.062500000000003608e-03
1.462159999999999849e-02,4.062500000000003608e-03
1.463139999999999927e-02,4.375000000000003886e-03
1.464119999999999831e-02,4.687500000000004163e-03
1.465099999999999909e-02,5.312500000000001249e-03
1.466079999999999987e-02,5.625000000000001527e-03
1.467059999999999892e-02,5.625000000000001527e-03
1.468039999999999970e-02,5.937500000000001804e-03
1.469019999999999875e-02,6.562500000000002359e-03
1.469999999999999953e-02,6.562500000000002359e-03
1.470979999999999857e-02,6.875000000000002637e-03
1.471959999999999935e-02,6.562500000000002359e-03
1.472939999999999840e-02,6.875000000000002637e-03
1.473919999999999918e-02,6.562500000000002359e-03
1.474899999999999822e-02,6.562500000000002359e-03
1.475879999999999900e-02,6.250000000000002082e-03
1.476859999999999978e-02,6.250000000000002082e-03
1.477839999999999883e-02,5.937500000000001804e-03
1.478819999999999961e-02,5.937500000000001804e-03
1.479799999999999865e-02,5.625000000000001527e-03
1.480779999999999944e-02,5.312500000000001249e-03
1.481759999999999848e-02,5.312500000000001249e-03
1.482739999999999926e-02,5.312500000000001249e-03
1.483719999999999831e-02,5.000000000000004441e-03
1.484699999999999909e-02,4.375000000000003886e-03
1.485679999999999987e-02,4.687500000000004163e-03
1.486659999999999891e-02,5.000000000000004441e-03
1.487639999999999969e-02,4.687500000000004163e-03
1.488619999999999874e-02,5.000000000000004441e-03
1.489599999999999952e-02,5.000000000000004441e-03
1.490579999999999856e-02,5.000000000000004441e-03
1.491559999999999934e-02,5.000000000000004441e-03
1.492539999999999839e-02,4.687500000000004163e-03
1.493519999999999917e-02,4.687500000000004163e-03
1.494499999999999822e-02,5.000000000000004441e-03
1.495479999999999900e-02,4.687500000000004163e-03
1.496459999999999978e-02,4.687500000000004163e-03
1.497439999999999882e-02,4.375000000000003886e-03
1.498419999999999960e-02,4.375000000000003886e-03
1.499399999999999865e-02,4.062500000000003608e-03
1.500379999999999943e-02,4.062500000000003608e-03
1.501359999999999847e-02,4.062500000000003608e-03
1.502339999999999925e-02,4.062500000000003608e-03
1.503319999999999830e-02,4.062500000000003608e-03
1.504299999999999908e-02,4.062500000000003608e-03
1.505279999999999813e-02,4.062500000000003608e-03
1.506259999999999891e-02,4.062500000000003608e-03
1.507239999999999969e-02,4.062500000000003608e-03
1.508219999999999873e-02,4.062500000000003608e-03
1.509199999999999951e-02,4.375000000000003886e-03
1.510179999999999856e-02,4.375000000000003886e-03
1.511159999999999934e-02,4.062500000000003608e-03
1.512139999999999838e-02,4.062500000000003608e-03
1.513119999999999916e-02,4.062500000000003608e-03
1.514099999999999821e-02,4.062500000000003608e-03
1.515079999999999899e-02,3.750000000000003331e-03
1.516059999999999977e-02,4.062500000000003608e-03
1.517039999999999882e-02,3.750000000000003331e-03
1.518019999999999960e-02,3.437500000000003053e-03
1.518999999999999864e-02,3.437500000000003053e-03
1.519979999999999942e-02,3.437500000000003053e-03
1.520959999999999847e-02,3.437500000000003053e-03
1.521939999999999925e-02,3.750000000000003331e-03
1.522919999999999829e-02,3.437500000000003053e-03
1.523899999999999907e-02,4.062500000000003608e-03
1.524879999999999812e-02,4.062500000000003608e-03
1.525859999999999890e-02,4.062500000000003608e-03
1.526839999999999968e-02,4.687500000000004163e-03
1.527819999999999873e-02,5.000000000000004441e-03
1.528799999999999951e-02,5.000000000000004441e-03
1.529779999999999855e-02,5.312500000000001249e-03
1.530759999999999933e-02,5.312500000000001249e-03
1.531739999999999838e-02,5.625000000000001527e-03
1.532719999999999916e-02,5.937500000000001804e-03
1.533699999999999820e-02,5.937500000000001804e-03
1.534679999999999898e-02,5.625000000000001527e-03
1.535659999999999976e-02,5.625000000000001527e-03
1.536639999999999881e-02,5.312500000000001249e-03
1.537619999999999959e-02,5.312500000000001249e-03
1.538599999999999864e-02,5.312500000000001249e-03
1.539579999999999942e-02,5.312500000000001249e-03
1.540559999999999846e-02,4.687500000000004163e-03
1.541539999999999924e-02,5.000000000000004441e-03
1.542519999999999829e-02,4.375000000000003886e-03
1.543499999999999907e-02,4.375000000000003886e-03
1.544479999999999811e-02,4.062500000000003608e-03
1.545459999999999889e-02,4.375000000000003886e-03
1.546439999999999967e-02,4.062500000000003608e-03
1.547419999999999872e-02,4.062500000000003608e-03
1.548399999999999950e-02,4.062500000000003608e-03
1.549379999999999855e-02,4.062500000000003608e-03
1.550359999999999933e-02,3.750000000000003331e-03
1.551339999999999837e-02,3.750000000000003331e-03
1.552319999999999915e-02,3.750000000000003331e-03
1.553299999999999820e-02,3.750000000000003331e-03
1.554279999999999898e-02,3.750000000000003331e-03
1.555259999999999976e-02,3.437500000000003053e-03
1.556239999999999880e-02,3.125000000000002776e-03
1.557219999999999958e-02,3.750000000000003331e-03
1.558199999999999863e-02,3.437500000000003053e-03
1.559179999999999941e-02,3.437500000000003053e-03
1.560159999999999846e-02,3.125000000000002776e-03
1.561139999999999924e-02,3.750000000000003331e-03
1.562119999999999828e-02,3.437500000000003053e-03
1.563099999999999906e-02,3.437500000000003053e-03
1.564079999999999984e-02,3.437500000000003053e-03
1.565060000000000062e-02,3.750000000000003331e-03
1.566039999999999793e-02,4.375000000000003886e-03
1.567019999999999871e-02,4.375000000000003886e-03
1.567999999999999949e-02,9.062500000000001110e-03
1.568980000000000027e-02,8.750000000000004302e-03
1.569959999999999758e-02,8.125000000000003747e-03
1.570939999999999837e-02,8.125000000000003747e-03
1.571919999999999915e-02,7.812500000000003469e-03
1.572899999999999993e-02,7.500000000000003192e-03
1.573879999999999724e-02,7.187500000000002914e-03
1.574859999999999802e-02,7.187500000000002914e-03
1.575839999999999880e-02,7.187500000000002914e-03
1.576819999999999958e-02,7.187500000000002914e-03
1.577800000000000036e-02,7.187500000000002914e-03
1.578779999999999767e-02,7.187500000000002914e-03
1.579759999999999845e-02,7.500000000000003192e-03
1.580739999999999923e-02,7.500000000000003192e-03
1.581720000000000001e-02,7.812500000000003469e-03
1.582699999999999732e-02,7.812500000000003469e-03
1.583679999999999810e-02,8.437500000000004025e-03
1.584659999999999888e-02,8.750000000000004302e-03
1.585639999999999966e-02,8.750000000000004302e-03
1.586620000000000044e-02,9.062500000000001110e-03
1.587599999999999775e-02,9.375000000000001388e-03
1.588579999999999853e-02,9.687500000000001665e-03
1.589559999999999931e-02,9.687500000000001665e-03
1.590540000000000009e-02,9.375000000000001388e-03
1.591519999999999740e-02,9.375000000000001388e-03
1.592499999999999818e-02,9.375000000000001388e-03
1.593479999999999897e-02,9.375000000000001388e-03
1.594459999999999975e-02,9.062500000000001110e-03
1.595440000000000053e-02,8.437500000000004025e-03
1.596419999999999784e-02,8.750000000000004302e-03
1.597399999999999862e-02,8.125000000000003747e-03
1.598379999999999940e-02,7.812500000000003469e-03
1.599360000000000018e-02,7.187500000000002914e-03
1.600339999999999749e-02,7.187500000000002914e-03
1.601319999999999827e-02,6.875000000000002637e-03
1.602299999999999905e-02,6.562500000000002359e-03
1.603279999999999983e-02,6.562500000000002359e-03
1.604260000000000061e-02,6.250000000000002082e-03
1.605239999999999792e-02,5.937500000000001804e-03
1.606219999999999870e-02,5.937500000000001804e-03
1.607199999999999948e-02,5.625000000000001527e-03
1.608180000000000026e-02,5.312500000000001249e-03
1.609159999999999757e-02,5.312500000000001249e-03
1.610139999999999835e-02,5.312500000000001249e-03
1.611119999999999913e-02,5.312500000000001249e-03
1.612099999999999991e-02,5.000000000000004441e-03
1.613079999999999722e-02,5.000000000000004441e-03
1.614059999999999800e-02,4.687500000000004163e-03
1.615039999999999878e-02,4.687500000000004163e-03
1.616019999999999956e-02,4.375000000000003886e-03
1.617000000000000035e-02,4.375000000000003886e-03
1.617979999999999766e-02,4.375000000000003886e-03
1.618959999999999844e-02,4.062500000000003608e-03
1.619939999999999922e-02,4.062500000000003608e-03
1.620920000000000000e-02,4.062500000000003608e-03
1.621899999999999731e-02,4.062500000000003608e-03
1.622879999999999809e-02,4.062500000000003608e-03
1.623859999999999887e-02,4.375000000000003886e-03
1.624839999999999965e-02,4.062500000000003608e-03
1.625820000000000043e-02,4.062500000000003608e-03
1.626799999999999774e-02,4.062500000000003608e-03
1.627779999999999852e-02,3.750000000000003331e-03
1.628759999999999930e-02,4.062500000000003608e-03
1.629740000000000008e-02,4.062500000000003608e-03
1.630719999999999739e-02,3.750000000000003331e-03
1.631699999999999817e-02,3.750000000000003331e-03
1.632679999999999895e-02,3.750000000000003331e-03
1.633659999999999973e-02,3.750000000000003331e-03
1.634640000000000051e-02,3.750000000000003331e-03
1.635619999999999782e-02,3.750000000000003331e-03
1.636599999999999860e-02,3.437500000000003053e-03
1.637579999999999938e-02,3.125000000000002776e-03
1.638560000000000016e-02,3.437500000000003053e-03
1.639539999999999748e-02,3.437500000000003053e-03
1.640519999999999826e-02,3.437500000000003053e-03
1.641499999999999904e-02,3.437500000000003053e-03
1.642479999999999982e-02,3.437500000000003053e-03
1.643460000000000060e-02,4.062500000000003608e-03
1.644439999999999791e-02,4.062500000000003608e-03
1.645419999999999869e-02,4.687500000000004163e-03
1.646399999999999947e-02,5.000000000000004441e-03
1.647380000000000025e-02,5.000000000000004441e-03
1.648359999999999756e-02,5.312500000000001249e-03
1.649339999999999834e-02,5.625000000000001527e-03
1.650319999999999912e-02,5.625000000000001527e-03
1.651299999999999990e-02,5.625000000000001527e-03
1.652279999999999721e-02,5.625000000000001527e-03
1.653259999999999799e-02,5.312500000000001249e-03
1.654239999999999877e-02,5.000000000000004441e-03
1.655219999999999955e-02,5.312500000000001249e-03
1.656200000000000033e-02,5.000000000000004441e-03
1.657179999999999764e-02,4.687500000000004163e-03
1.658159999999999842e-02,5.000000000000004441e-03
1.659139999999999920e-02,4.375000000000003886e-03
1.660119999999999998e-02,4.375000000000003886e-03
1.661099999999999730e-02,4.062500000000003608e-03
1.662079999999999808e-02,4.375000000000003886e-03
1.663059999999999886e-02,4.062500000000003608e-03
1.664039999999999964e-02,3.750000000000003331e-03
1.665020000000000042e-02,4.062500000000003608e-03
1.665999999999999773e-02,3.750000000000003331e-03
1.666979999999999851e-02,3.750000000000003331e-03
1.667959999999999929e-02,3.750000000000003331e-03
1.668940000000000007e-02,3.750000000000003331e-03
1.669919999999999738e-02,4.062500000000003608e-03
1.670899999999999816e-02,4.062500000000003608e-03
1.671879999999999894e-02,3.437500000000003053e-03
1.672859999999999972e-02,3.750000000000003331e-03
1.673840000000000050e-02,3.437500000000003053e-03
1.674819999999999781e-02,3.437500000000003053e-03
1.675799999999999859e-02,3.750000000000003331e-03
1.676779999999999937e-02,3.437500000000003053e-03
1.677760000000000015e-02,3.437500000000003053e-03
1.678739999999999746e-02,3.125000000000002776e-03
1.679719999999999824e-02,3.437500000000003053e-03
1.680699999999999902e-02,3.750000000000003331e-03
1.681679999999999980e-02,4.687500000000004163e-03
1.682660000000000058e-02,4.062500000000003608e-03
1.683639999999999790e-02,4.687500000000004163e-03
1.684619999999999868e-02,5.000000000000004441e-03
1.685599999999999946e-02,5.625000000000001527e-03
1.686580000000000024e-02,5.625000000000001527e-03
1.687559999999999755e-02,5.937500000000001804e-03
1.688539999999999833e-02,5.937500000000001804e-03
1.689519999999999911e-02,6.250000000000002082e-03
1.690499999999999989e-02,6.250000000000002082e-03
1.691479999999999720e-02,6.250000000000002082e-03
1.692459999999999798e-02,6.250000000000002082e-03
1.693439999999999876e-02,5.937500000000001804e-03
1.694419999999999954e-02,5.937500000000001804e-03
1.695400000000000032e-02,5.625000000000001527e-03
1.696379999999999763e-02,5.625000000000001527e-03
1.697359999999999841e-02,5.312500000000001249e-03
1.698339999999999919e-02,5.312500000000001249e-03
1.699319999999999997e-02,4.687500000000004163e-03
1.700299999999999728e-02,5.000000000000004441e-03
1.701279999999999806e-02,4.687500000000004163e-03
1.702259999999999884e-02,4.375000000000003886e-03
1.703239999999999962e-02,4.375000000000003886e-03
1.704220000000000040e-02,4.062500000000003608e-03
1.705199999999999771e-02,4.375000000000003886e-03
1.706179999999999850e-02,3.750000000000003331e-03
1.707159999999999928e-02,3.750000000000003331e-03
1.708140000000000006e-02,3.750000000000003331e-03
1.709119999999999737e-02,3.437500000000003053e-03
1.710099999999999815e-02,3.750000000000003331e-03
1.711079999999999893e-02,3.750000000000003331e-03
1.712059999999999971e-02,3.750000000000003331e-03
1.713040000000000049e-02,3.437500000000003053e-03
1.714019999999999780e-02,3.437500000000003053e-03
1.714999999999999858e-02,4.062500000000003608e-03
1.715979999999999936e-02,4.062500000000003608e-03
1.716960000000000014e-02,4.062500000000003608e-03
1.717939999999999745e-02,4.375000000000003886e-03
1.718919999999999823e-02,4.375000000000003886e-03
1.719899999999999901e-02,4.375000000000003886e-03
1.720879999999999979e-02,5.312500000000001249e-03
1.721860000000000057e-02,5.625000000000001527e-03
1.722839999999999788e-02,6.250000000000002082e-03
1.723819999999999866e-02,6.875000000000002637e-03
1.724799999999999944e-02,7.187500000000002914e-03
1.725780000000000022e-02,7.500000000000003192e-03
1.726759999999999753e-02,7.812500000000003469e-03
1.727739999999999831e-02,7.812500000000003469e-03
1.728719999999999909e-02,7.812500000000003469e-03
1.729699999999999988e-02,8.125000000000003747e-03
1.730679999999999719e-02,8.125000000000003747e-03
1.731659999999999797e-02,8.125000000000003747e-03
1.732639999999999875e-02,7.812500000000003469e-03
1.733619999999999953e-02,7.500000000000003192e-03
1.734600000000000031e-02,7.187500000000002914e-03
1.735579999999999762e-02,6.875000000000002637e-03
1.736559999999999840e-02,6.562500000000002359e-03
1.737539999999999918e-02,6.250000000000002082e-03
1.738519999999999996e-02,6.250000000000002082e-03
1.739499999999999727e-02,5.937500000000001804e-03
1.740479999999999805e-02,5.937500000000001804e-03
1.741459999999999883e-02,5.312500000000001249e-03
1.742439999999999961e-02,5.312500000000001249e-03
1.743420000000000039e-02,4.687500000000004163e-03
1.744399999999999770e-02,5.000000000000004441e-03
1.745379999999999848e-02,4.687500000000004163e-03
1.746359999999999926e-02,4.687500000000004163e-03
1.747340000000000004e-02,4.687500000000004163e-03
1.748319999999999735e-02,4.375000000000003886e-03
1.749299999999999813e-02,4.375000000000003886e-03
1.750279999999999891e-02,4.062500000000003608e-03
1.751259999999999969e-02,3.750000000000003331e-03
1.752240000000000048e-02,4.062500000000003608e-03
1.753219999999999779e-02,4.062500000000003608e-03
1.754199999999999857e-02,3.750000000000003331e-03
1.755179999999999935e-02,3.750000000000003331e-03
1.756160000000000013e-02,3.437500000000003053e-03
1.757139999999999744e-02,3.750000000000003331e-03
1.758119999999999822e-02,3.437500000000003053e-03
1.759099999999999900e-02,3.750000000000003331e-03
1.760079999999999978e-02,3.750000000000003331e-03
1.761059999999999709e-02,4.062500000000003608e-03
1.762039999999999787e-02,4.062500000000003608e-03
1.763019999999999865e-02,4.375000000000003886e-03
1.763999999999999943e-02,4.687500000000004163e-03
1.764980000000000021e-02,4.687500000000004163e-03
1.765959999999999752e-02,5.000000000000004441e-03
1.766939999999999830e-02,5.000000000000004441e-03
1.767919999999999908e-02,5.000000000000004441e-03
1.768899999999999986e-02,4.687500000000004163e-03
1.769879999999999717e-02,4.687500000000004163e-03
1.770859999999999795e-02,5.000000000000004441e-03
1.771839999999999873e-02,4.687500000000004163e-03
1.772819999999999951e-02,4.375000000000003886e-03
1.773800000000000029e-02,4.375000000000003886e-03
1.774779999999999761e-02,4.062500000000003608e-03
1.775759999999999839e-02,4.375000000000003886e-03
1.776739999999999917e-02,4.062500000000003608e-03
1.777719999999999995e-02,3.750000000000003331e-03
1.778699999999999726e-02,3.750000000000003331e-03
1.779679999999999804e-02,4.062500000000003608e-03
1.780659999999999882e-02,4.062500000000003608e-03
1.781639999999999960e-02,3.750000000000003331e-03
1.782620000000000038e-02,3.750000000000003331e-03
1.783599999999999769e-02,3.750000000000003331e-03
1.784579999999999847e-02,4.062500000000003608e-03
1.785559999999999925e-02,3.437500000000003053e-03
1.786540000000000003e-02,3.437500000000003053e-03
1.787519999999999734e-02,3.437500000000003053e-03
1.788499999999999812e-02,3.437500000000003053e-03
1.789479999999999890e-02,3.125000000000002776e-03
1.790459999999999968e-02,3.125000000000002776e-03
1.791440000000000046e-02,3.437500000000003053e-03
1.792419999999999777e-02,3.437500000000003053e-03
1.793399999999999855e-02,3.437500000000003053e-03
1.794379999999999933e-02,3.125000000000002776e-03
1.795360000000000011e-02,3.750000000000003331e-03
1.796339999999999743e-02,3.750000000000003331e-03
1.797319999999999821e-02,3.750000000000003331e-03
1.798299999999999899e-02,4.062500000000003608e-03
1.799279999999999977e-02,4.062500000000003608e-03
1.800259999999999708e-02,4.687500000000004163e-03
1.801239999999999786e-02,5.625000000000001527e-03
1.802219999999999864e-02,5.625000000000001527e-03
1.803199999999999942e-02,6.250000000000002082e-03
1.804180000000000020e-02,6.562500000000002359e-03
1.805159999999999751e-02,6.875000000000002637e-03
1.806139999999999829e-02,6.875000000000002637e-03
1.807119999999999907e-02,7.187500000000002914e-03
1.808099999999999985e-02,7.500000000000003192e-03
1.809079999999999716e-02,7.500000000000003192e-03
1.810059999999999794e-02,7.500000000000003192e-03
1.811039999999999872e-02,6.875000000000002637e-03
1.812019999999999950e-02,7.187500000000002914e-03
1.813000000000000028e-02,7.187500000000002914e-03
1.813979999999999759e-02,6.562500000000002359e-03
1.814959999999999837e-02,6.562500000000002359e-03
1.815939999999999915e-02,6.250000000000002082e-03
1.816919999999999993e-02,6.250000000000002082e-03
1.817899999999999724e-02,5.937500000000001804e-03
1.818879999999999802e-02,5.937500000000001804e-03
1.819859999999999881e-02,5.312500000000001249e-03
1.820839999999999959e-02,5.312500000000001249e-03
1.821820000000000037e-02,5.000000000000004441e-03
1.822799999999999768e-02,5.000000000000004441e-03
1.823779999999999846e-02,4.687500000000004163e-03
1.824759999999999924e-02,5.000000000000004441e-03
1.825740000000000002e-02,5.000000000000004441e-03
1.826719999999999733e-02,4.687500000000004163e-03
1.827699999999999811e-02,5.000000000000004441e-03
1.828679999999999889e-02,5.000000000000004441e-03
1.829659999999999967e-02,5.000000000000004441e-03
1.830640000000000045e-02,5.312500000000001249e-03
1.831619999999999776e-02,5.625000000000001527e-03
1.832599999999999854e-02,5.625000000000001527e-03
1.833579999999999932e-02,6.250000000000002082e-03
1.834560000000000010e-02,6.562500000000002359e-03
1.835539999999999741e-02,7.187500000000002914e-03
1.836519999999999819e-02,7.812500000000003469e-03
1.837499999999999897e-02,8.125000000000003747e-03
1.838479999999999975e-02,9.375000000000001388e-03
1.839459999999999706e-02,1.093750000000000278e-02
1.840439999999999784e-02,1.187500000000000361e-02
1.841419999999999862e-02,1.250000000000000416e-02
1.842399999999999941e-02,1.406250000000000208e-02
1.843380000000000019e-02,1.500000000000000291e-02
1.844359999999999750e-02,1.562500000000000347e-02
1.845339999999999828e-02,1.625000000000000402e-02
1.846319999999999906e-02,1.718750000000000139e-02
1.847299999999999984e-02,1.750000000000000167e-02
1.848279999999999715e-02,1.750000000000000167e-02
1.849259999999999793e-02,1.781250000000000194e-02
1.850239999999999871e-02,1.812500000000000222e-02
1.851219999999999949e-02,1.812500000000000222e-02
1.852200000000000027e-02,1.812500000000000222e-02
1.853179999999999758e-02,1.812500000000000222e-02
1.854159999999999836e-02,1.750000000000000167e-02
1.855139999999999914e-02,1.718750000000000139e-02
1.856119999999999992e-02,1.656250000000000430e-02
1.857099999999999723e-02,1.656250000000000430e-02
1.858079999999999801e-02,1.593750000000000375e-02
1.859059999999999879e-02,1.562500000000000347e-02
1.860039999999999957e-02,1.437500000000000236e-02
1.861020000000000035e-02,1.437500000000000236e-02
1.861999999999999766e-02,1.406250000000000208e-02
1.862979999999999844e-02,1.343750000000000153e-02
1.863959999999999922e-02,1.343750000000000153e-02
1.864940000000000001e-02,1.312500000000000125e-02
1.865919999999999732e-02,1.312500000000000125e-02
1.866899999999999810e-02,1.312500000000000125e-02
1.867879999999999888e-02,1.312500000000000125e-02
1.868859999999999966e-02,1.343750000000000153e-02
1.869840000000000044e-02,1.375000000000000180e-02
1.870819999999999775e-02,1.406250000000000208e-02
1.871799999999999853e-02,1.437500000000000236e-02
1.872779999999999931e-02,1.468750000000000264e-02
1.873760000000000009e-02,1.468750000000000264e-02
1.874739999999999740e-02,1.500000000000000291e-02
1.875719999999999818e-02,1.593750000000000375e-02
1.876699999999999896e-02,1.625000000000000402e-02
1.877679999999999974e-02,1.718750000000000139e-02
1.878659999999999705e-02,1.843750000000000250e-02
1.879639999999999783e-02,1.937500000000000333e-02
1.880619999999999861e-02,2.031250000000000416e-02
1.881599999999999939e-02,2.062500000000000444e-02
1.882580000000000017e-02,2.125000000000000500e-02
1.883559999999999748e-02,2.187500000000000555e-02
1.884539999999999826e-02,2.250000000000000264e-02
1.885519999999999904e-02,2.281250000000000291e-02
1.886499999999999982e-02,2.312500000000000319e-02
1.887479999999999714e-02,2.312500000000000319e-02
1.888459999999999792e-02,2.312500000000000319e-02
1.889439999999999870e-02,2.312500000000000319e-02
1.890419999999999948e-02,2.312500000000000319e-02
1.891400000000000026e-02,2.281250000000000291e-02
1.892379999999999757e-02,2.281250000000000291e-02
1.893359999999999835e-02,2.218750000000000236e-02
1.894339999999999913e-02,2.156250000000000527e-02
1.895319999999999991e-02,2.093750000000000472e-02
1.896299999999999722e-02,2.031250000000000416e-02
1.897279999999999800e-02,2.000000000000000389e-02
1.898259999999999878e-02,1.906250000000000305e-02
1.899239999999999956e-02,1.906250000000000305e-02
1.900220000000000034e-02,1.843750000000000250e-02
1.901199999999999765e-02,1.781250000000000194e-02
1.902179999999999843e-02,1.750000000000000167e-02
1.903159999999999921e-02,1.750000000000000167e-02
1.904139999999999999e-02,1.718750000000000139e-02
1.905119999999999730e-02,1.718750000000000139e-02
1.906099999999999808e-02,1.718750000000000139e-02
1.907079999999999886e-02,1.750000000000000167e-02
1.908059999999999964e-02,1.750000000000000167e-02
1.909040000000000042e-02,1.781250000000000194e-02
1.910019999999999774e-02,1.781250000000000194e-02
1.910999999999999852e-02,1.906250000000000305e-02
1.911979999999999930e-02,1.906250000000000305e-02
1.912960000000000008e-02,2.000000000000000389e-02
1.913939999999999739e-02,2.093750000000000472e-02
1.914919999999999817e-02,2.187500000000000555e-02
1.915899999999999895e-02,2.281250000000000291e-02
1.916879999999999973e-02,2.375000000000000375e-02
1.917859999999999704e-02,2.531250000000000167e-02
1.918839999999999782e-02,2.687500000000000305e-02
1.919819999999999860e-02,2.812500000000000416e-02
1.920799999999999938e-02,2.906250000000000500e-02
1.921780000000000016e-02,3.031250000000000264e-02
1.922759999999999747e-02,3.062500000000000291e-02
1.923739999999999825e-02,3.156250000000000028e-02
1.924719999999999903e-02,3.218750000000000083e-02
1.925699999999999981e-02,3.281250000000000139e-02
1.926679999999999712e-02,3.343750000000000194e-02
1.927659999999999790e-02,3.343750000000000194e-02
1.928639999999999868e-02,3.375000000000000222e-02
1.929619999999999946e-02,3.375000000000000222e-02
1.930600000000000024e-02,3.343750000000000194e-02
1.931579999999999755e-02,3.343750000000000194e-02
1.932559999999999834e-02,3.281250000000000139e-02
1.933539999999999912e-02,3.250000000000000111e-02
1.934519999999999990e-02,3.125000000000000000e-02
1.935499999999999721e-02,3.093750000000000319e-02
1.936479999999999799e-02,3.031250000000000264e-02
1.937459999999999877e-02,3.000000000000000236e-02
1.938439999999999955e-02,2.937500000000000527e-02
1.939420000000000033e-02,2.843750000000000444e-02
1.940399999999999764e-02,2.812500000000000416e-02
1.941379999999999842e-02,2.781250000000000389e-02
1.942359999999999920e-02,2.687500000000000305e-02
1.943339999999999998e-02,2.687500000000000305e-02
1.944319999999999729e-02,2.687500000000000305e-02
1.945299999999999807e-02,2.625000000000000250e-02
1.946279999999999885e-02,2.656250000000000278e-02
1.947259999999999963e-02,2.656250000000000278e-02
1.948240000000000041e-02,2.687500000000000305e-02
1.949219999999999772e-02,2.718750000000000333e-02
1.950199999999999850e-02,2.750000000000000361e-02
1.951179999999999928e-02,2.781250000000000389e-02
1.952160000000000006e-02,2.843750000000000444e-02
1.953139999999999737e-02,2.875000000000000472e-02
1.954119999999999815e-02,2.937500000000000527e-02
1.955099999999999894e-02,3.062500000000000291e-02
1.956079999999999972e-02,3.156250000000000028e-02
1.957059999999999703e-02,3.250000000000000111e-02
1.958039999999999781e-02,3.343750000000000194e-02
1.959019999999999859e-02,3.468750000000000305e-02
