PURE SILICA, ELECTRODE=TUNGSTEN, TIME=35, POLING_VOLTAGE=3700, WAVELENGTH=1.55e-06, EFFECTIVE_DISTANCE=3.1e-05, POLED_LENGTH=0.3, CORE_INDEX=1.45, POLE=MAX, AC_VOLTAGE=831.25, AC_FREQUENCY=380, PIEZO_FREQUENCY=7.6
Time(s),Voltage(V)
0.000000000000000000e+00,2.500000000000002220e-03
6.600000000000000506e-05,2.500000000000002220e-03
1.320000000000000101e-04,2.187500000000001943e-03
1.980000000000000152e-04,2.500000000000002220e-03
2.640000000000000202e-04,1.250000000000000416e-02
3.299999999999999982e-04,2.000000000000000389e-02
3.960000000000000304e-04,1.562500000000000347e-02
4.620000000000000625e-04,1.250000000000000416e-02
5.280000000000000405e-04,1.062500000000000250e-02
5.940000000000000184e-04,1.125000000000000305e-02
6.599999999999999964e-04,1.000000000000000194e-02
7.260000000000000828e-04,1.031250000000000222e-02
7.920000000000000607e-04,1.062500000000000250e-02
8.580000000000000387e-04,7.812500000000003469e-03
9.240000000000001251e-04,6.875000000000002637e-03
9.899999999999999946e-04,7.187500000000002914e-03
1.056000000000000081e-03,7.812500000000003469e-03
1.122000000000000167e-03,6.875000000000002637e-03
1.188000000000000037e-03,8.750000000000004302e-03
1.254000000000000123e-03,1.031250000000000222e-02
1.319999999999999993e-03,1.093750000000000278e-02
1.386000000000000079e-03,1.031250000000000222e-02
1.452000000000000166e-03,1.093750000000000278e-02
1.518000000000000035e-03,1.187500000000000361e-02
1.584000000000000121e-03,1.250000000000000416e-02
1.650000000000000208e-03,1.250000000000000416e-02
1.716000000000000077e-03,1.312500000000000125e-02
1.782000000000000164e-03,1.156250000000000333e-02
1.848000000000000250e-03,9.687500000000001665e-03
1.914000000000000120e-03,8.750000000000004302e-03
1.979999999999999989e-03,6.875000000000002637e-03
2.046000000000000076e-03,4.687500000000004163e-03
2.112000000000000162e-03,3.750000000000003331e-03
2.178000000000000248e-03,3.437500000000003053e-03
2.244000000000000335e-03,3.125000000000002776e-03
2.309999999999999987e-03,3.125000000000002776e-03
2.376000000000000074e-03,3.125000000000002776e-03
2.442000000000000160e-03,3.125000000000002776e-03
2.508000000000000246e-03,3.125000000000002776e-03
2.574000000000000333e-03,2.812500000000002498e-03
2.639999999999999986e-03,3.125000000000002776e-03
2.706000000000000072e-03,4.062500000000003608e-03
2.772000000000000158e-03,5.625000000000001527e-03
2.838000000000000245e-03,8.125000000000003747e-03
2.904000000000000331e-03,9.375000000000001388e-03
2.970000000000000417e-03,1.312500000000000125e-02
3.036000000000000070e-03,2.000000000000000389e-02
3.102000000000000157e-03,2.406250000000000056e-02
3.168000000000000243e-03,2.468750000000000111e-02
3.234000000000000329e-03,2.562500000000000194e-02
3.300000000000000416e-03,2.406250000000000056e-02
3.366000000000000068e-03,2.187500000000000555e-02
3.432000000000000155e-03,1.531250000000000319e-02
3.498000000000000241e-03,1.281250000000000444e-02
3.564000000000000327e-03,1.125000000000000305e-02
3.630000000000000414e-03,1.031250000000000222e-02
3.696000000000000500e-03,8.125000000000003747e-03
3.762000000000000153e-03,6.875000000000002637e-03
3.828000000000000239e-03,6.875000000000002637e-03
3.894000000000000326e-03,6.875000000000002637e-03
3.959999999999999978e-03,6.875000000000002637e-03
4.026000000000000065e-03,8.437500000000004025e-03
4.092000000000000151e-03,9.687500000000001665e-03
4.158000000000000237e-03,1.125000000000000305e-02
4.224000000000000324e-03,1.187500000000000361e-02
4.290000000000000410e-03,1.343750000000000153e-02
4.356000000000000497e-03,1.375000000000000180e-02
4.422000000000000583e-03,1.343750000000000153e-02
4.488000000000000669e-03,1.343750000000000153e-02
4.554000000000000756e-03,1.343750000000000153e-02
4.619999999999999975e-03,1.156250000000000333e-02
4.686000000000000061e-03,1.031250000000000222e-02
4.752000000000000147e-03,8.750000000000004302e-03
4.818000000000000234e-03,6.875000000000002637e-03
4.884000000000000320e-03,5.937500000000001804e-03
4.950000000000000407e-03,4.687500000000004163e-03
5.016000000000000493e-03,4.375000000000003886e-03
5.082000000000000579e-03,4.062500000000003608e-03
5.148000000000000666e-03,3.125000000000002776e-03
5.214000000000000752e-03,3.437500000000003053e-03
5.279999999999999971e-03,3.125000000000002776e-03
5.346000000000000058e-03,3.125000000000002776e-03
5.412000000000000144e-03,4.062500000000003608e-03
5.478000000000000230e-03,6.250000000000002082e-03
5.544000000000000317e-03,8.125000000000003747e-03
5.610000000000000403e-03,1.156250000000000333e-02
5.676000000000000489e-03,1.468750000000000264e-02
5.742000000000000576e-03,1.593750000000000375e-02
5.808000000000000662e-03,1.843750000000000250e-02
5.874000000000000749e-03,1.937500000000000333e-02
5.940000000000000835e-03,2.000000000000000389e-02
6.006000000000000054e-03,1.937500000000000333e-02
6.072000000000000140e-03,1.750000000000000167e-02
6.138000000000000227e-03,1.687500000000000458e-02
6.204000000000000313e-03,1.593750000000000375e-02
6.270000000000000399e-03,1.406250000000000208e-02
6.336000000000000486e-03,1.343750000000000153e-02
6.402000000000000572e-03,1.156250000000000333e-02
6.468000000000000659e-03,1.125000000000000305e-02
6.534000000000000745e-03,1.062500000000000250e-02
6.600000000000000831e-03,1.031250000000000222e-02
6.666000000000000918e-03,1.031250000000000222e-02
6.732000000000000137e-03,9.687500000000001665e-03
6.798000000000000223e-03,9.687500000000001665e-03
6.864000000000000309e-03,9.687500000000001665e-03
6.930000000000000396e-03,9.375000000000001388e-03
6.996000000000000482e-03,9.062500000000001110e-03
7.062000000000000569e-03,8.125000000000003747e-03
7.128000000000000655e-03,7.500000000000003192e-03
7.194000000000000741e-03,6.250000000000002082e-03
7.260000000000000828e-03,5.312500000000001249e-03
7.326000000000000914e-03,5.000000000000004441e-03
7.392000000000001000e-03,4.375000000000003886e-03
7.458000000000000219e-03,3.750000000000003331e-03
7.524000000000000306e-03,3.125000000000002776e-03
7.590000000000000392e-03,2.812500000000002498e-03
7.656000000000000479e-03,2.500000000000002220e-03
7.722000000000000565e-03,2.812500000000002498e-03
7.788000000000000651e-03,2.500000000000002220e-03
7.853999999999999870e-03,2.500000000000002220e-03
7.919999999999999957e-03,2.500000000000002220e-03
7.986000000000000043e-03,2.500000000000002220e-03
8.052000000000000129e-03,2.812500000000002498e-03
8.118000000000000216e-03,3.125000000000002776e-03
8.184000000000000302e-03,4.062500000000003608e-03
8.250000000000000389e-03,5.000000000000004441e-03
8.316000000000000475e-03,5.312500000000001249e-03
8.382000000000000561e-03,7.187500000000002914e-03
8.448000000000000648e-03,8.125000000000003747e-03
8.514000000000000734e-03,8.750000000000004302e-03
8.580000000000000820e-03,8.750000000000004302e-03
8.646000000000000907e-03,8.750000000000004302e-03
8.712000000000000993e-03,8.125000000000003747e-03
8.778000000000001080e-03,8.125000000000003747e-03
8.844000000000001166e-03,7.812500000000003469e-03
8.910000000000001252e-03,7.500000000000003192e-03
8.976000000000001339e-03,7.500000000000003192e-03
9.042000000000001425e-03,7.500000000000003192e-03
9.108000000000001511e-03,8.125000000000003747e-03
9.173999999999999863e-03,7.812500000000003469e-03
9.239999999999999949e-03,9.062500000000001110e-03
9.306000000000000036e-03,9.375000000000001388e-03
9.372000000000000122e-03,1.062500000000000250e-02
9.438000000000000209e-03,1.125000000000000305e-02
9.504000000000000295e-03,1.156250000000000333e-02
9.570000000000000381e-03,1.031250000000000222e-02
9.636000000000000468e-03,9.062500000000001110e-03
9.702000000000000554e-03,6.875000000000002637e-03
9.768000000000000640e-03,5.937500000000001804e-03
9.834000000000000727e-03,4.062500000000003608e-03
9.900000000000000813e-03,3.437500000000003053e-03
9.966000000000000900e-03,3.437500000000003053e-03
1.003200000000000099e-02,3.437500000000003053e-03
1.009800000000000107e-02,4.062500000000003608e-03
1.016400000000000116e-02,4.375000000000003886e-03
1.023000000000000125e-02,5.000000000000004441e-03
1.029600000000000133e-02,5.000000000000004441e-03
1.036200000000000142e-02,5.312500000000001249e-03
1.042800000000000150e-02,4.375000000000003886e-03
1.049400000000000159e-02,3.750000000000003331e-03
1.055999999999999994e-02,3.437500000000003053e-03
1.062600000000000003e-02,3.125000000000002776e-03
1.069200000000000012e-02,2.812500000000002498e-03
1.075800000000000020e-02,3.750000000000003331e-03
1.082400000000000029e-02,3.750000000000003331e-03
1.089000000000000037e-02,4.375000000000003886e-03
1.095600000000000046e-02,5.625000000000001527e-03
1.102200000000000055e-02,6.250000000000002082e-03
1.108800000000000063e-02,6.250000000000002082e-03
1.115400000000000072e-02,5.625000000000001527e-03
1.122000000000000081e-02,4.375000000000003886e-03
1.128600000000000089e-02,4.062500000000003608e-03
1.135200000000000098e-02,3.437500000000003053e-03
1.141800000000000107e-02,3.125000000000002776e-03
1.148400000000000115e-02,2.812500000000002498e-03
1.155000000000000124e-02,3.125000000000002776e-03
1.161600000000000132e-02,3.437500000000003053e-03
1.168200000000000141e-02,3.125000000000002776e-03
1.174800000000000150e-02,3.125000000000002776e-03
1.181400000000000158e-02,2.812500000000002498e-03
1.188000000000000167e-02,2.812500000000002498e-03
1.194600000000000176e-02,2.500000000000002220e-03
1.201200000000000011e-02,3.125000000000002776e-03
1.207800000000000019e-02,3.125000000000002776e-03
1.214400000000000028e-02,3.437500000000003053e-03
1.221000000000000037e-02,3.437500000000003053e-03
1.227600000000000045e-02,3.125000000000002776e-03
1.234200000000000054e-02,2.812500000000002498e-03
1.240800000000000063e-02,2.812500000000002498e-03
1.247400000000000071e-02,2.812500000000002498e-03
1.254000000000000080e-02,3.750000000000003331e-03
1.260600000000000089e-02,5.000000000000004441e-03
1.267200000000000097e-02,7.812500000000003469e-03
1.273800000000000106e-02,9.375000000000001388e-03
1.280400000000000114e-02,1.250000000000000416e-02
1.287000000000000123e-02,1.281250000000000444e-02
1.293600000000000132e-02,1.531250000000000319e-02
1.300200000000000140e-02,1.625000000000000402e-02
1.306800000000000149e-02,1.625000000000000402e-02
1.313400000000000158e-02,1.531250000000000319e-02
1.320000000000000166e-02,1.406250000000000208e-02
1.326600000000000175e-02,1.125000000000000305e-02
1.333200000000000184e-02,8.125000000000003747e-03
1.339800000000000019e-02,6.562500000000002359e-03
1.346400000000000027e-02,4.375000000000003886e-03
1.353000000000000036e-02,3.437500000000003053e-03
1.359600000000000045e-02,3.437500000000003053e-03
1.366200000000000053e-02,3.437500000000003053e-03
1.372800000000000062e-02,3.437500000000003053e-03
1.379400000000000071e-02,3.125000000000002776e-03
1.386000000000000079e-02,2.812500000000002498e-03
1.392600000000000088e-02,3.125000000000002776e-03
1.399200000000000096e-02,3.125000000000002776e-03
1.405800000000000105e-02,2.812500000000002498e-03
1.412400000000000114e-02,3.750000000000003331e-03
1.419000000000000122e-02,4.375000000000003886e-03
1.425600000000000131e-02,4.687500000000004163e-03
1.432200000000000140e-02,5.937500000000001804e-03
1.438800000000000148e-02,6.250000000000002082e-03
1.445400000000000157e-02,6.875000000000002637e-03
1.452000000000000166e-02,7.187500000000002914e-03
1.458600000000000174e-02,6.562500000000002359e-03
1.465200000000000183e-02,5.937500000000001804e-03
1.471800000000000191e-02,5.312500000000001249e-03
1.478400000000000200e-02,4.687500000000004163e-03
1.485000000000000035e-02,4.375000000000003886e-03
1.491600000000000044e-02,4.687500000000004163e-03
1.498200000000000053e-02,4.687500000000004163e-03
1.504800000000000061e-02,5.312500000000001249e-03
1.511400000000000070e-02,5.625000000000001527e-03
1.518000000000000078e-02,6.562500000000002359e-03
1.524600000000000087e-02,6.875000000000002637e-03
1.531200000000000096e-02,7.812500000000003469e-03
1.537800000000000104e-02,8.750000000000004302e-03
1.544400000000000113e-02,1.000000000000000194e-02
1.551000000000000122e-02,1.156250000000000333e-02
1.557600000000000130e-02,1.281250000000000444e-02
1.564199999999999965e-02,1.406250000000000208e-02
1.570799999999999974e-02,1.531250000000000319e-02
1.577399999999999983e-02,1.562500000000000347e-02
1.583999999999999991e-02,1.531250000000000319e-02
1.590600000000000000e-02,1.406250000000000208e-02
1.597200000000000009e-02,1.250000000000000416e-02
1.603800000000000017e-02,9.687500000000001665e-03
1.610400000000000026e-02,8.437500000000004025e-03
1.617000000000000035e-02,7.187500000000002914e-03
1.623600000000000043e-02,5.000000000000004441e-03
1.630200000000000052e-02,4.687500000000004163e-03
1.636800000000000060e-02,4.062500000000003608e-03
1.643400000000000069e-02,4.062500000000003608e-03
1.650000000000000078e-02,4.375000000000003886e-03
1.656600000000000086e-02,5.000000000000004441e-03
1.663200000000000095e-02,6.562500000000002359e-03
1.669800000000000104e-02,6.875000000000002637e-03
1.676400000000000112e-02,7.812500000000003469e-03
1.683000000000000121e-02,8.125000000000003747e-03
1.689600000000000130e-02,8.125000000000003747e-03
1.696200000000000138e-02,8.750000000000004302e-03
1.702800000000000147e-02,8.750000000000004302e-03
1.709400000000000155e-02,8.750000000000004302e-03
1.716000000000000164e-02,8.437500000000004025e-03
1.722600000000000173e-02,8.125000000000003747e-03
1.729200000000000181e-02,7.812500000000003469e-03
1.735800000000000190e-02,7.500000000000003192e-03
1.742400000000000199e-02,7.187500000000002914e-03
1.749000000000000207e-02,8.437500000000004025e-03
1.755600000000000216e-02,9.687500000000001665e-03
1.762200000000000225e-02,1.250000000000000416e-02
1.768800000000000233e-02,1.437500000000000236e-02
1.775400000000000242e-02,1.812500000000000222e-02
1.782000000000000250e-02,2.187500000000000555e-02
1.788600000000000259e-02,2.437500000000000083e-02
1.795200000000000268e-02,2.656250000000000278e-02
1.801800000000000276e-02,2.781250000000000389e-02
1.808400000000000285e-02,3.000000000000000236e-02
1.815000000000000294e-02,3.093750000000000319e-02
1.821600000000000302e-02,3.093750000000000319e-02
1.828200000000000311e-02,3.062500000000000291e-02
1.834799999999999973e-02,3.062500000000000291e-02
1.841399999999999981e-02,2.937500000000000527e-02
1.847999999999999990e-02,2.750000000000000361e-02
1.854599999999999999e-02,2.625000000000000250e-02
1.861200000000000007e-02,2.312500000000000319e-02
1.867800000000000016e-02,1.968750000000000361e-02
1.874400000000000024e-02,1.718750000000000139e-02
1.881000000000000033e-02,1.531250000000000319e-02
1.887600000000000042e-02,1.187500000000000361e-02
1.894200000000000050e-02,1.093750000000000278e-02
1.900800000000000059e-02,1.062500000000000250e-02
1.907400000000000068e-02,1.156250000000000333e-02
1.914000000000000076e-02,1.343750000000000153e-02
1.920600000000000085e-02,1.562500000000000347e-02
1.927200000000000094e-02,1.687500000000000458e-02
1.933800000000000102e-02,1.875000000000000278e-02
1.940400000000000111e-02,1.906250000000000305e-02
1.947000000000000119e-02,1.937500000000000333e-02
1.953600000000000128e-02,1.968750000000000361e-02
1.960200000000000137e-02,2.000000000000000389e-02
1.966800000000000145e-02,1.906250000000000305e-02
1.973400000000000154e-02,1.750000000000000167e-02
1.980000000000000163e-02,1.562500000000000347e-02
1.986600000000000171e-02,1.437500000000000236e-02
1.993200000000000180e-02,1.250000000000000416e-02
1.999800000000000189e-02,1.062500000000000250e-02
2.006400000000000197e-02,9.687500000000001665e-03
2.013000000000000206e-02,1.000000000000000194e-02
2.019600000000000214e-02,1.156250000000000333e-02
2.026200000000000223e-02,1.250000000000000416e-02
2.032800000000000232e-02,1.406250000000000208e-02
2.039400000000000240e-02,1.781250000000000194e-02
2.046000000000000249e-02,1.906250000000000305e-02
2.052600000000000258e-02,2.156250000000000527e-02
2.059200000000000266e-02,2.687500000000000305e-02
2.065800000000000275e-02,3.125000000000000000e-02
2.072400000000000284e-02,3.375000000000000222e-02
2.079000000000000292e-02,3.562500000000000389e-02
2.085600000000000301e-02,3.812500000000000611e-02
2.092200000000000309e-02,3.968750000000000056e-02
2.098800000000000318e-02,4.000000000000000083e-02
2.105400000000000327e-02,3.937500000000000722e-02
2.111999999999999988e-02,3.718750000000000527e-02
2.118599999999999997e-02,3.531250000000000361e-02
2.125200000000000006e-02,3.031250000000000264e-02
2.131800000000000014e-02,2.625000000000000250e-02
2.138400000000000023e-02,2.156250000000000527e-02
2.145000000000000032e-02,1.906250000000000305e-02
2.151600000000000040e-02,1.468750000000000264e-02
2.158200000000000049e-02,1.250000000000000416e-02
2.164800000000000058e-02,1.156250000000000333e-02
2.171400000000000066e-02,1.125000000000000305e-02
2.178000000000000075e-02,1.187500000000000361e-02
2.184600000000000083e-02,1.375000000000000180e-02
2.191200000000000092e-02,1.437500000000000236e-02
2.197800000000000101e-02,1.531250000000000319e-02
2.204400000000000109e-02,1.687500000000000458e-02
2.211000000000000118e-02,1.781250000000000194e-02
2.217600000000000127e-02,1.875000000000000278e-02
2.224200000000000135e-02,2.000000000000000389e-02
2.230800000000000144e-02,2.125000000000000500e-02
2.237400000000000153e-02,2.093750000000000472e-02
2.244000000000000161e-02,2.062500000000000444e-02
2.250600000000000170e-02,2.000000000000000389e-02
2.257200000000000178e-02,1.843750000000000250e-02
2.263800000000000187e-02,1.812500000000000222e-02
2.270400000000000196e-02,1.750000000000000167e-02
2.277000000000000204e-02,1.812500000000000222e-02
2.283600000000000213e-02,1.968750000000000361e-02
2.290200000000000222e-02,2.125000000000000500e-02
2.296800000000000230e-02,2.406250000000000056e-02
2.303400000000000239e-02,2.843750000000000444e-02
2.310000000000000248e-02,3.218750000000000083e-02
2.316600000000000256e-02,3.562500000000000389e-02
2.323200000000000265e-02,3.687500000000000500e-02
2.329800000000000273e-02,3.906250000000000000e-02
2.336400000000000282e-02,4.312500000000000361e-02
2.343000000000000291e-02,4.406250000000000444e-02
2.349600000000000299e-02,4.468750000000000500e-02
2.356200000000000308e-02,4.500000000000000527e-02
2.362800000000000317e-02,4.500000000000000527e-02
2.369400000000000325e-02,4.437500000000000472e-02
2.376000000000000334e-02,4.281250000000000333e-02
2.382600000000000343e-02,3.937500000000000722e-02
2.389200000000000351e-02,3.718750000000000527e-02
2.395800000000000013e-02,3.343750000000000194e-02
2.402400000000000022e-02,2.843750000000000444e-02
2.409000000000000030e-02,2.656250000000000278e-02
2.415600000000000039e-02,2.437500000000000083e-02
2.422200000000000047e-02,2.281250000000000291e-02
2.428800000000000056e-02,2.187500000000000555e-02
2.435400000000000065e-02,2.218750000000000236e-02
2.442000000000000073e-02,2.250000000000000264e-02
2.448600000000000082e-02,2.406250000000000056e-02
2.455200000000000091e-02,2.531250000000000167e-02
2.461800000000000099e-02,2.687500000000000305e-02
2.468400000000000108e-02,2.781250000000000389e-02
2.475000000000000117e-02,2.937500000000000527e-02
2.481600000000000125e-02,3.156250000000000028e-02
2.488200000000000134e-02,3.468750000000000305e-02
2.494800000000000142e-02,3.625000000000000444e-02
2.501400000000000151e-02,3.656250000000000472e-02
2.508000000000000160e-02,3.718750000000000527e-02
2.514600000000000168e-02,3.687500000000000500e-02
2.521200000000000177e-02,3.687500000000000500e-02
2.527800000000000186e-02,3.593750000000000416e-02
2.534400000000000194e-02,3.593750000000000416e-02
2.541000000000000203e-02,3.625000000000000444e-02
2.547600000000000212e-02,3.812500000000000611e-02
2.554200000000000220e-02,3.968750000000000056e-02
2.560800000000000229e-02,4.000000000000000083e-02
2.567400000000000237e-02,4.125000000000000194e-02
2.574000000000000246e-02,4.218750000000000278e-02
2.580600000000000255e-02,4.281250000000000333e-02
2.587200000000000263e-02,4.343750000000000389e-02
2.593800000000000272e-02,4.531250000000000555e-02
2.600400000000000281e-02,4.718750000000000722e-02
2.607000000000000289e-02,4.843750000000000139e-02
2.613600000000000298e-02,4.906250000000000194e-02
2.620200000000000307e-02,4.968750000000000250e-02
2.626800000000000315e-02,5.000000000000000278e-02
2.633400000000000324e-02,5.000000000000000278e-02
2.640000000000000333e-02,4.875000000000000167e-02
2.646600000000000341e-02,4.843750000000000139e-02
2.653200000000000350e-02,4.687500000000000000e-02
2.659800000000000358e-02,4.468750000000000500e-02
2.666400000000000367e-02,4.218750000000000278e-02
2.673000000000000376e-02,4.000000000000000083e-02
2.679600000000000037e-02,3.843750000000000638e-02
2.686200000000000046e-02,3.687500000000000500e-02
2.692800000000000055e-02,3.687500000000000500e-02
2.699400000000000063e-02,3.812500000000000611e-02
2.706000000000000072e-02,3.843750000000000638e-02
2.712600000000000081e-02,4.031250000000000111e-02
2.719200000000000089e-02,4.093750000000000167e-02
2.725800000000000098e-02,4.093750000000000167e-02
2.732400000000000106e-02,4.062500000000000139e-02
2.739000000000000115e-02,4.062500000000000139e-02
2.745600000000000124e-02,4.125000000000000194e-02
2.752200000000000132e-02,4.187500000000000250e-02
2.758800000000000141e-02,4.125000000000000194e-02
2.765400000000000150e-02,4.093750000000000167e-02
2.772000000000000158e-02,3.968750000000000056e-02
2.778600000000000167e-02,3.875000000000000666e-02
2.785200000000000176e-02,3.781250000000000583e-02
2.791800000000000184e-02,3.750000000000000555e-02
2.798400000000000193e-02,3.781250000000000583e-02
2.805000000000000202e-02,3.906250000000000000e-02
2.811600000000000210e-02,4.343750000000000389e-02
2.818200000000000219e-02,4.624999999999999944e-02
2.824800000000000227e-02,4.843750000000000139e-02
2.831400000000000236e-02,5.062500000000000333e-02
2.838000000000000245e-02,5.312500000000000555e-02
2.844600000000000253e-02,5.500000000000000722e-02
2.851200000000000262e-02,5.656250000000000167e-02
2.857800000000000271e-02,5.718750000000000222e-02
2.864400000000000279e-02,5.812500000000000305e-02
2.871000000000000288e-02,5.843750000000000333e-02
2.877600000000000297e-02,5.781250000000000278e-02
2.884200000000000305e-02,5.781250000000000278e-02
2.890800000000000314e-02,5.718750000000000222e-02
2.897400000000000322e-02,5.687500000000000888e-02
2.904000000000000331e-02,5.562500000000000777e-02
2.910600000000000340e-02,5.468750000000000000e-02
2.917200000000000348e-02,5.281250000000000527e-02
2.923800000000000357e-02,5.125000000000000389e-02
2.930400000000000366e-02,4.906250000000000194e-02
2.937000000000000374e-02,4.812500000000000111e-02
2.943600000000000383e-02,4.624999999999999944e-02
2.950200000000000392e-02,4.624999999999999944e-02
2.956800000000000400e-02,4.624999999999999944e-02
2.963400000000000062e-02,4.843750000000000139e-02
2.970000000000000070e-02,4.937500000000000222e-02
2.976600000000000079e-02,5.000000000000000278e-02
2.983200000000000088e-02,5.125000000000000389e-02
2.989800000000000096e-02,5.187500000000000444e-02
2.996400000000000105e-02,5.187500000000000444e-02
3.003000000000000114e-02,5.187500000000000444e-02
3.009600000000000122e-02,5.218750000000000472e-02
3.016200000000000131e-02,5.343749999999999889e-02
3.022800000000000140e-02,5.312500000000000555e-02
3.029400000000000148e-02,5.281250000000000527e-02
3.036000000000000157e-02,5.250000000000000500e-02
3.042600000000000166e-02,5.250000000000000500e-02
3.049200000000000174e-02,5.187500000000000444e-02
3.055800000000000183e-02,5.156250000000000416e-02
3.062400000000000191e-02,5.250000000000000500e-02
3.069000000000000200e-02,5.406249999999999944e-02
3.075600000000000209e-02,5.562500000000000777e-02
3.082200000000000217e-02,5.718750000000000222e-02
3.088800000000000226e-02,5.718750000000000222e-02
3.095400000000000235e-02,5.875000000000000361e-02
3.102000000000000243e-02,5.937500000000000416e-02
3.108600000000000252e-02,5.906250000000000389e-02
3.115200000000000261e-02,5.875000000000000361e-02
3.121800000000000269e-02,5.906250000000000389e-02
3.128399999999999931e-02,5.875000000000000361e-02
3.135000000000000286e-02,5.875000000000000361e-02
3.141599999999999948e-02,5.781250000000000278e-02
3.148200000000000304e-02,5.781250000000000278e-02
3.154799999999999965e-02,5.843750000000000333e-02
3.161400000000000321e-02,5.843750000000000333e-02
3.167999999999999983e-02,5.875000000000000361e-02
3.174600000000000338e-02,5.875000000000000361e-02
3.181200000000000000e-02,5.781250000000000278e-02
3.187800000000000356e-02,5.562500000000000777e-02
3.194400000000000017e-02,5.375000000000000611e-02
3.201000000000000373e-02,5.250000000000000500e-02
3.207600000000000035e-02,5.156250000000000416e-02
3.214200000000000390e-02,5.156250000000000416e-02
3.220800000000000052e-02,5.281250000000000527e-02
3.227400000000000407e-02,5.343749999999999889e-02
3.234000000000000069e-02,5.500000000000000722e-02
3.240600000000000425e-02,5.718750000000000222e-02
3.247200000000000086e-02,5.781250000000000278e-02
3.253800000000000442e-02,5.843750000000000333e-02
3.260400000000000104e-02,5.781250000000000278e-02
3.267000000000000459e-02,5.781250000000000278e-02
3.273600000000000121e-02,5.812500000000000305e-02
3.280200000000000476e-02,5.843750000000000333e-02
3.286800000000000138e-02,5.843750000000000333e-02
3.293400000000000494e-02,5.875000000000000361e-02
3.300000000000000155e-02,5.906250000000000389e-02
3.306600000000000511e-02,5.906250000000000389e-02
3.313200000000000173e-02,5.906250000000000389e-02
3.319800000000000528e-02,5.843750000000000333e-02
3.326400000000000190e-02,5.843750000000000333e-02
3.333000000000000546e-02,5.843750000000000333e-02
3.339600000000000207e-02,5.875000000000000361e-02
3.346200000000000563e-02,5.906250000000000389e-02
3.352800000000000225e-02,5.968750000000000444e-02
3.359400000000000580e-02,5.937500000000000416e-02
3.366000000000000242e-02,5.968750000000000444e-02
3.372600000000000597e-02,5.968750000000000444e-02
3.379200000000000259e-02,5.812500000000000305e-02
3.385799999999999921e-02,5.718750000000000222e-02
3.392400000000000276e-02,5.562500000000000777e-02
3.398999999999999938e-02,5.406249999999999944e-02
3.405600000000000294e-02,5.375000000000000611e-02
3.412199999999999955e-02,5.250000000000000500e-02
3.418800000000000311e-02,5.187500000000000444e-02
3.425399999999999973e-02,5.281250000000000527e-02
3.432000000000000328e-02,5.312500000000000555e-02
3.438599999999999990e-02,5.562500000000000777e-02
3.445200000000000345e-02,5.625000000000000833e-02
3.451800000000000007e-02,5.781250000000000278e-02
3.458400000000000363e-02,5.906250000000000389e-02
3.465000000000000024e-02,6.000000000000000472e-02
3.471600000000000380e-02,6.000000000000000472e-02
3.478200000000000042e-02,6.031250000000000500e-02
3.484800000000000397e-02,6.062500000000000527e-02
3.491400000000000059e-02,6.031250000000000500e-02
3.498000000000000415e-02,6.000000000000000472e-02
3.504600000000000076e-02,5.937500000000000416e-02
3.511200000000000432e-02,5.875000000000000361e-02
3.517800000000000094e-02,5.875000000000000361e-02
3.524400000000000449e-02,5.781250000000000278e-02
3.531000000000000111e-02,5.750000000000000250e-02
3.537600000000000466e-02,5.718750000000000222e-02
3.544200000000000128e-02,5.718750000000000222e-02
3.550800000000000484e-02,5.718750000000000222e-02
3.557400000000000145e-02,5.718750000000000222e-02
3.564000000000000501e-02,5.781250000000000278e-02
3.570600000000000163e-02,5.781250000000000278e-02
3.577200000000000518e-02,5.875000000000000361e-02
3.583800000000000180e-02,5.875000000000000361e-02
3.590400000000000535e-02,5.843750000000000333e-02
3.597000000000000197e-02,5.750000000000000250e-02
3.603600000000000553e-02,5.625000000000000833e-02
3.610200000000000214e-02,5.437500000000000666e-02
3.616800000000000570e-02,5.187500000000000444e-02
3.623400000000000232e-02,4.968750000000000250e-02
3.630000000000000587e-02,4.656250000000000666e-02
3.636600000000000249e-02,4.468750000000000500e-02
3.643200000000000605e-02,4.187500000000000250e-02
3.649800000000000266e-02,3.968750000000000056e-02
3.656400000000000622e-02,3.687500000000000500e-02
3.663000000000000284e-02,3.500000000000000333e-02
3.669599999999999945e-02,3.468750000000000305e-02
3.676200000000000301e-02,3.500000000000000333e-02
3.682799999999999963e-02,3.593750000000000416e-02
3.689400000000000318e-02,3.843750000000000638e-02
3.695999999999999980e-02,4.156250000000000222e-02
3.702600000000000335e-02,4.531250000000000555e-02
3.709199999999999997e-02,4.906250000000000194e-02
3.715800000000000353e-02,5.218750000000000472e-02
3.722400000000000014e-02,5.468750000000000000e-02
3.729000000000000370e-02,5.531250000000000056e-02
3.735600000000000032e-02,5.687500000000000888e-02
3.742200000000000387e-02,5.718750000000000222e-02
3.748800000000000049e-02,5.750000000000000250e-02
3.755400000000000404e-02,5.562500000000000777e-02
3.762000000000000066e-02,5.500000000000000722e-02
3.768600000000000422e-02,5.375000000000000611e-02
3.775200000000000083e-02,5.281250000000000527e-02
3.781800000000000439e-02,5.218750000000000472e-02
3.788400000000000101e-02,5.187500000000000444e-02
3.795000000000000456e-02,5.187500000000000444e-02
3.801600000000000118e-02,5.250000000000000500e-02
3.808200000000000474e-02,5.343749999999999889e-02
3.814800000000000135e-02,5.437500000000000666e-02
3.821400000000000491e-02,5.500000000000000722e-02
3.828000000000000153e-02,5.562500000000000777e-02
3.834600000000000508e-02,5.625000000000000833e-02
3.841200000000000170e-02,5.687500000000000888e-02
3.847800000000000525e-02,5.687500000000000888e-02
3.854400000000000187e-02,5.656250000000000167e-02
3.861000000000000543e-02,5.593750000000000111e-02
3.867600000000000204e-02,5.531250000000000056e-02
3.874200000000000560e-02,5.218750000000000472e-02
3.880800000000000222e-02,5.031250000000000305e-02
3.887400000000000577e-02,4.875000000000000167e-02
3.894000000000000239e-02,4.718750000000000722e-02
3.900600000000000595e-02,4.375000000000000416e-02
3.907200000000000256e-02,4.093750000000000167e-02
3.913800000000000612e-02,3.875000000000000666e-02
3.920400000000000273e-02,3.656250000000000472e-02
3.927000000000000629e-02,3.531250000000000361e-02
3.933600000000000291e-02,3.531250000000000361e-02
3.940200000000000646e-02,3.625000000000000444e-02
3.946800000000000308e-02,3.875000000000000666e-02
3.953399999999999970e-02,4.093750000000000167e-02
3.960000000000000325e-02,4.406250000000000444e-02
3.966599999999999987e-02,4.812500000000000111e-02
3.973200000000000343e-02,5.218750000000000472e-02
3.979800000000000004e-02,5.312500000000000555e-02
3.986400000000000360e-02,5.562500000000000777e-02
3.993000000000000022e-02,5.687500000000000888e-02
3.999600000000000377e-02,5.750000000000000250e-02
4.006200000000000039e-02,5.718750000000000222e-02
4.012800000000000394e-02,5.593750000000000111e-02
4.019400000000000056e-02,5.250000000000000500e-02
4.026000000000000412e-02,4.906250000000000194e-02
4.032600000000000073e-02,4.531250000000000555e-02
4.039200000000000429e-02,4.187500000000000250e-02
4.045800000000000091e-02,3.843750000000000638e-02
4.052400000000000446e-02,3.718750000000000527e-02
4.059000000000000108e-02,3.375000000000000222e-02
4.065600000000000463e-02,3.281250000000000139e-02
4.072200000000000125e-02,3.218750000000000083e-02
4.078800000000000481e-02,3.281250000000000139e-02
4.085400000000000142e-02,3.593750000000000416e-02
4.092000000000000498e-02,3.875000000000000666e-02
4.098600000000000160e-02,4.062500000000000139e-02
4.105200000000000515e-02,4.531250000000000555e-02
4.111800000000000177e-02,4.593750000000000611e-02
4.118400000000000533e-02,4.812500000000000111e-02
4.125000000000000194e-02,4.875000000000000167e-02
4.131600000000000550e-02,4.812500000000000111e-02
4.138200000000000212e-02,4.687500000000000000e-02
4.144800000000000567e-02,4.500000000000000527e-02
4.151400000000000229e-02,4.312500000000000361e-02
4.158000000000000584e-02,3.968750000000000056e-02
4.164600000000000246e-02,3.718750000000000527e-02
4.171200000000000602e-02,3.312500000000000167e-02
4.177800000000000263e-02,3.156250000000000028e-02
4.184400000000000619e-02,2.812500000000000416e-02
4.191000000000000281e-02,2.468750000000000111e-02
4.197600000000000636e-02,2.312500000000000319e-02
4.204200000000000298e-02,2.250000000000000264e-02
4.210800000000000654e-02,2.250000000000000264e-02
4.217400000000000315e-02,2.437500000000000083e-02
4.223999999999999977e-02,2.750000000000000361e-02
4.230600000000000332e-02,3.187500000000000056e-02
4.237199999999999994e-02,3.468750000000000305e-02
4.243800000000000350e-02,4.062500000000000139e-02
4.250400000000000011e-02,4.281250000000000333e-02
4.257000000000000367e-02,4.750000000000000056e-02
4.263600000000000029e-02,5.000000000000000278e-02
4.270200000000000384e-02,5.187500000000000444e-02
4.276800000000000046e-02,5.312500000000000555e-02
4.283400000000000402e-02,5.187500000000000444e-02
4.290000000000000063e-02,5.093750000000000361e-02
4.296600000000000419e-02,4.968750000000000250e-02
4.303200000000000081e-02,4.875000000000000167e-02
4.309800000000000436e-02,4.812500000000000111e-02
4.316400000000000098e-02,4.624999999999999944e-02
4.323000000000000453e-02,4.500000000000000527e-02
4.329600000000000115e-02,4.375000000000000416e-02
4.336200000000000471e-02,4.218750000000000278e-02
4.342800000000000132e-02,4.218750000000000278e-02
4.349400000000000488e-02,4.187500000000000250e-02
4.356000000000000150e-02,4.218750000000000278e-02
4.362600000000000505e-02,4.250000000000000305e-02
4.369200000000000167e-02,4.281250000000000333e-02
4.375800000000000523e-02,4.281250000000000333e-02
4.382400000000000184e-02,4.156250000000000222e-02
4.389000000000000540e-02,3.968750000000000056e-02
4.395600000000000201e-02,3.687500000000000500e-02
4.402200000000000557e-02,3.312500000000000167e-02
4.408800000000000219e-02,2.906250000000000500e-02
4.415400000000000574e-02,2.781250000000000389e-02
4.422000000000000236e-02,2.500000000000000139e-02
4.428600000000000592e-02,2.187500000000000555e-02
4.435200000000000253e-02,2.062500000000000444e-02
4.441800000000000609e-02,1.875000000000000278e-02
4.448400000000000271e-02,1.781250000000000194e-02
4.455000000000000626e-02,1.718750000000000139e-02
4.461600000000000288e-02,1.718750000000000139e-02
4.468200000000000643e-02,1.750000000000000167e-02
4.474800000000000305e-02,1.812500000000000222e-02
4.481400000000000661e-02,2.000000000000000389e-02
4.488000000000000322e-02,2.312500000000000319e-02
4.494600000000000678e-02,2.718750000000000333e-02
4.501200000000000340e-02,3.218750000000000083e-02
4.507800000000000001e-02,3.343750000000000194e-02
4.514400000000000357e-02,3.812500000000000611e-02
4.521000000000000019e-02,4.031250000000000111e-02
4.527600000000000374e-02,4.312500000000000361e-02
4.534200000000000036e-02,4.406250000000000444e-02
4.540800000000000392e-02,4.312500000000000361e-02
4.547400000000000053e-02,4.218750000000000278e-02
4.554000000000000409e-02,3.875000000000000666e-02
4.560600000000000070e-02,3.781250000000000583e-02
4.567200000000000426e-02,3.562500000000000389e-02
4.573800000000000088e-02,3.375000000000000222e-02
4.580400000000000443e-02,3.218750000000000083e-02
4.587000000000000105e-02,3.156250000000000028e-02
4.593600000000000461e-02,3.000000000000000236e-02
4.600200000000000122e-02,2.937500000000000527e-02
4.606800000000000478e-02,2.937500000000000527e-02
4.613400000000000140e-02,2.906250000000000500e-02
4.620000000000000495e-02,3.031250000000000264e-02
4.626600000000000157e-02,3.156250000000000028e-02
4.633200000000000512e-02,3.312500000000000167e-02
4.639800000000000174e-02,3.406250000000000250e-02
4.646400000000000530e-02,3.437500000000000278e-02
4.653000000000000191e-02,3.375000000000000222e-02
4.659600000000000547e-02,3.093750000000000319e-02
4.666200000000000209e-02,2.968750000000000208e-02
4.672800000000000564e-02,2.781250000000000389e-02
4.679400000000000226e-02,2.562500000000000194e-02
4.686000000000000582e-02,2.312500000000000319e-02
4.692600000000000243e-02,2.031250000000000416e-02
4.699200000000000599e-02,1.843750000000000250e-02
4.705800000000000261e-02,1.718750000000000139e-02
4.712400000000000616e-02,1.625000000000000402e-02
4.719000000000000278e-02,1.531250000000000319e-02
4.725600000000000633e-02,1.468750000000000264e-02
4.732200000000000295e-02,1.468750000000000264e-02
4.738800000000000651e-02,1.500000000000000291e-02
4.745400000000000312e-02,1.656250000000000430e-02
4.752000000000000668e-02,1.968750000000000361e-02
4.758600000000000330e-02,2.187500000000000555e-02
4.765200000000000685e-02,2.531250000000000167e-02
4.771800000000000347e-02,2.937500000000000527e-02
4.778400000000000702e-02,3.343750000000000194e-02
4.785000000000000364e-02,3.500000000000000333e-02
4.791600000000000026e-02,3.562500000000000389e-02
4.798200000000000381e-02,3.531250000000000361e-02
4.804800000000000043e-02,3.468750000000000305e-02
4.811400000000000399e-02,3.187500000000000056e-02
4.818000000000000060e-02,2.968750000000000208e-02
4.824600000000000416e-02,2.687500000000000305e-02
4.831200000000000078e-02,2.500000000000000139e-02
4.837800000000000433e-02,2.343750000000000347e-02
4.844400000000000095e-02,2.250000000000000264e-02
4.851000000000000451e-02,2.281250000000000291e-02
4.857600000000000112e-02,2.250000000000000264e-02
4.864200000000000468e-02,2.312500000000000319e-02
4.870800000000000129e-02,2.468750000000000111e-02
4.877400000000000485e-02,2.625000000000000250e-02
4.884000000000000147e-02,2.812500000000000416e-02
4.890600000000000502e-02,2.968750000000000208e-02
4.897200000000000164e-02,3.062500000000000291e-02
4.903800000000000520e-02,3.187500000000000056e-02
4.910400000000000181e-02,3.218750000000000083e-02
4.917000000000000537e-02,3.093750000000000319e-02
4.923600000000000199e-02,2.937500000000000527e-02
4.930200000000000554e-02,2.718750000000000333e-02
4.936800000000000216e-02,2.437500000000000083e-02
4.943400000000000571e-02,2.125000000000000500e-02
4.950000000000000233e-02,1.906250000000000305e-02
4.956600000000000589e-02,1.375000000000000180e-02
4.963200000000000250e-02,1.281250000000000444e-02
4.969800000000000606e-02,1.031250000000000222e-02
4.976400000000000268e-02,8.437500000000004025e-03
4.983000000000000623e-02,7.500000000000003192e-03
4.989600000000000285e-02,6.562500000000002359e-03
4.996200000000000641e-02,-4.999999999999997502e-03
5.002800000000000302e-02,-4.999999999999997502e-03
5.009400000000000658e-02,-4.999999999999997502e-03
5.016000000000000320e-02,-4.999999999999997502e-03
5.022600000000000675e-02,-4.999999999999997502e-03
5.029200000000000337e-02,4.093750000000000167e-02
5.035800000000000692e-02,4.593750000000000611e-02
5.042400000000000354e-02,4.843750000000000139e-02
5.049000000000000710e-02,5.281250000000000527e-02
5.055600000000000371e-02,5.343749999999999889e-02
5.062200000000000727e-02,5.375000000000000611e-02
5.068800000000000389e-02,5.281250000000000527e-02
5.075400000000000050e-02,5.187500000000000444e-02
5.082000000000000406e-02,4.968750000000000250e-02
5.088600000000000068e-02,4.718750000000000722e-02
5.095200000000000423e-02,4.624999999999999944e-02
5.101800000000000085e-02,4.343750000000000389e-02
5.108400000000000440e-02,4.250000000000000305e-02
5.115000000000000102e-02,4.125000000000000194e-02
5.121600000000000458e-02,4.031250000000000111e-02
5.128200000000000119e-02,3.968750000000000056e-02
5.134800000000000475e-02,4.031250000000000111e-02
5.141400000000000137e-02,4.187500000000000250e-02
5.148000000000000492e-02,4.218750000000000278e-02
5.154600000000000154e-02,4.406250000000000444e-02
5.161200000000000510e-02,4.656250000000000666e-02
5.167800000000000171e-02,4.875000000000000167e-02
5.174400000000000527e-02,4.875000000000000167e-02
5.181000000000000189e-02,4.843750000000000139e-02
5.187600000000000544e-02,4.718750000000000722e-02
5.194200000000000206e-02,4.500000000000000527e-02
5.200800000000000561e-02,4.156250000000000222e-02
5.207400000000000223e-02,3.843750000000000638e-02
5.214000000000000579e-02,3.562500000000000389e-02
5.220600000000000240e-02,3.312500000000000167e-02
5.227200000000000596e-02,2.968750000000000208e-02
5.233800000000000258e-02,2.718750000000000333e-02
5.240400000000000613e-02,2.531250000000000167e-02
5.247000000000000275e-02,2.375000000000000375e-02
5.253600000000000630e-02,2.343750000000000347e-02
5.260200000000000292e-02,2.343750000000000347e-02
5.266800000000000648e-02,2.531250000000000167e-02
5.273400000000000309e-02,2.593750000000000222e-02
5.280000000000000665e-02,3.031250000000000264e-02
5.286600000000000327e-02,3.437500000000000278e-02
5.293200000000000682e-02,3.937500000000000722e-02
5.299800000000000344e-02,4.093750000000000167e-02
5.306400000000000700e-02,4.500000000000000527e-02
5.313000000000000361e-02,4.750000000000000056e-02
5.319600000000000717e-02,4.906250000000000194e-02
5.326200000000000379e-02,4.906250000000000194e-02
5.332800000000000734e-02,4.843750000000000139e-02
5.339400000000000396e-02,4.656250000000000666e-02
5.346000000000000751e-02,4.218750000000000278e-02
5.352600000000000413e-02,3.937500000000000722e-02
5.359200000000000075e-02,3.781250000000000583e-02
5.365800000000000430e-02,3.625000000000000444e-02
5.372400000000000092e-02,3.531250000000000361e-02
5.379000000000000448e-02,3.437500000000000278e-02
5.385600000000000109e-02,3.343750000000000194e-02
5.392200000000000465e-02,3.437500000000000278e-02
5.398800000000000127e-02,3.500000000000000333e-02
5.405400000000000482e-02,3.656250000000000472e-02
5.412000000000000144e-02,3.906250000000000000e-02
5.418600000000000499e-02,4.000000000000000083e-02
5.425200000000000161e-02,4.281250000000000333e-02
5.431800000000000517e-02,4.312500000000000361e-02
5.438400000000000178e-02,4.187500000000000250e-02
5.445000000000000534e-02,4.031250000000000111e-02
5.451600000000000196e-02,3.812500000000000611e-02
5.458200000000000551e-02,3.468750000000000305e-02
5.464800000000000213e-02,3.093750000000000319e-02
5.471400000000000569e-02,2.718750000000000333e-02
5.478000000000000230e-02,2.437500000000000083e-02
5.484600000000000586e-02,1.937500000000000333e-02
5.491200000000000248e-02,1.656250000000000430e-02
5.497800000000000603e-02,1.468750000000000264e-02
5.504400000000000265e-02,1.343750000000000153e-02
5.511000000000000620e-02,1.093750000000000278e-02
5.517600000000000282e-02,1.000000000000000194e-02
5.524200000000000638e-02,9.687500000000001665e-03
5.530800000000000299e-02,9.687500000000001665e-03
5.537400000000000655e-02,1.062500000000000250e-02
5.544000000000000317e-02,1.187500000000000361e-02
5.550600000000000672e-02,1.437500000000000236e-02
5.557200000000000334e-02,1.593750000000000375e-02
5.563800000000000689e-02,2.093750000000000472e-02
5.570400000000000351e-02,2.656250000000000278e-02
5.577000000000000707e-02,2.968750000000000208e-02
5.583600000000000368e-02,3.312500000000000167e-02
5.590200000000000724e-02,3.406250000000000250e-02
5.596800000000000386e-02,3.468750000000000305e-02
5.603400000000000741e-02,3.437500000000000278e-02
5.610000000000000403e-02,3.187500000000000056e-02
5.616600000000000759e-02,2.937500000000000527e-02
5.623200000000000420e-02,2.718750000000000333e-02
5.629800000000000776e-02,2.562500000000000194e-02
5.636400000000000438e-02,2.375000000000000375e-02
5.643000000000000099e-02,2.000000000000000389e-02
5.649600000000000455e-02,1.937500000000000333e-02
5.656200000000000117e-02,1.687500000000000458e-02
5.662800000000000472e-02,1.656250000000000430e-02
5.669400000000000134e-02,1.625000000000000402e-02
5.676000000000000489e-02,1.656250000000000430e-02
5.682600000000000151e-02,1.781250000000000194e-02
5.689200000000000507e-02,1.812500000000000222e-02
5.695800000000000168e-02,1.843750000000000250e-02
5.702400000000000524e-02,1.781250000000000194e-02
5.709000000000000186e-02,1.687500000000000458e-02
5.715600000000000541e-02,1.625000000000000402e-02
5.722200000000000203e-02,1.375000000000000180e-02
5.728800000000000558e-02,1.156250000000000333e-02
5.735400000000000220e-02,9.062500000000001110e-03
5.742000000000000576e-02,7.812500000000003469e-03
5.748600000000000237e-02,6.875000000000002637e-03
5.755200000000000593e-02,5.312500000000001249e-03
5.761800000000000255e-02,4.687500000000004163e-03
5.768400000000000610e-02,3.125000000000002776e-03
5.775000000000000272e-02,3.125000000000002776e-03
5.781600000000000628e-02,2.812500000000002498e-03
5.788200000000000289e-02,2.812500000000002498e-03
5.794800000000000645e-02,2.812500000000002498e-03
5.801400000000000307e-02,2.812500000000002498e-03
5.808000000000000662e-02,3.437500000000003053e-03
5.814600000000000324e-02,4.062500000000003608e-03
5.821200000000000679e-02,6.250000000000002082e-03
5.827800000000000341e-02,7.812500000000003469e-03
5.834400000000000697e-02,9.375000000000001388e-03
5.841000000000000358e-02,1.062500000000000250e-02
5.847600000000000714e-02,1.125000000000000305e-02
5.854200000000000376e-02,1.156250000000000333e-02
5.860800000000000731e-02,1.125000000000000305e-02
5.867400000000000393e-02,9.687500000000001665e-03
5.874000000000000749e-02,9.062500000000001110e-03
5.880600000000000410e-02,8.125000000000003747e-03
5.887200000000000766e-02,7.500000000000003192e-03
5.893800000000000427e-02,6.875000000000002637e-03
5.900400000000000783e-02,6.562500000000002359e-03
5.907000000000000445e-02,6.562500000000002359e-03
5.913600000000000800e-02,5.937500000000001804e-03
5.920200000000000462e-02,5.937500000000001804e-03
5.926800000000000124e-02,6.250000000000002082e-03
5.933400000000000479e-02,6.562500000000002359e-03
5.940000000000000141e-02,6.562500000000002359e-03
5.946600000000000497e-02,6.875000000000002637e-03
5.953200000000000158e-02,7.500000000000003192e-03
5.959800000000000514e-02,7.187500000000002914e-03
5.966400000000000176e-02,6.250000000000002082e-03
5.973000000000000531e-02,5.312500000000001249e-03
5.979600000000000193e-02,4.062500000000003608e-03
5.986200000000000548e-02,3.437500000000003053e-03
5.992800000000000210e-02,2.812500000000002498e-03
5.999400000000000566e-02,3.125000000000002776e-03
6.006000000000000227e-02,3.125000000000002776e-03
6.012600000000000583e-02,4.062500000000003608e-03
6.019200000000000245e-02,5.000000000000004441e-03
6.025800000000000600e-02,6.562500000000002359e-03
6.032400000000000262e-02,7.500000000000003192e-03
6.039000000000000618e-02,7.500000000000003192e-03
6.045600000000000279e-02,8.125000000000003747e-03
6.052200000000000635e-02,8.437500000000004025e-03
6.058800000000000296e-02,7.500000000000003192e-03
6.065400000000000652e-02,6.562500000000002359e-03
6.072000000000000314e-02,5.312500000000001249e-03
6.078600000000000669e-02,4.375000000000003886e-03
6.085200000000000331e-02,3.125000000000002776e-03
6.091800000000000687e-02,2.812500000000002498e-03
6.098400000000000348e-02,2.812500000000002498e-03
6.105000000000000704e-02,3.437500000000003053e-03
6.111600000000000366e-02,3.437500000000003053e-03
6.118200000000000721e-02,3.437500000000003053e-03
6.124800000000000383e-02,3.437500000000003053e-03
6.131400000000000738e-02,3.437500000000003053e-03
6.138000000000000400e-02,3.125000000000002776e-03
6.144600000000000756e-02,2.812500000000002498e-03
6.151200000000000417e-02,2.812500000000002498e-03
6.157800000000000773e-02,2.812500000000002498e-03
6.164400000000000435e-02,2.812500000000002498e-03
6.171000000000000790e-02,2.812500000000002498e-03
6.177600000000000452e-02,2.812500000000002498e-03
6.184200000000000808e-02,3.437500000000003053e-03
6.190800000000000469e-02,3.125000000000002776e-03
6.197400000000000131e-02,3.437500000000003053e-03
6.204000000000000486e-02,3.125000000000002776e-03
6.210600000000000148e-02,2.812500000000002498e-03
6.217200000000000504e-02,2.500000000000002220e-03
6.223800000000000165e-02,2.812500000000002498e-03
6.230400000000000521e-02,3.125000000000002776e-03
6.237000000000000183e-02,3.437500000000003053e-03
6.243600000000000538e-02,4.062500000000003608e-03
6.250200000000000200e-02,5.000000000000004441e-03
6.256799999999999862e-02,6.250000000000002082e-03
6.263400000000000911e-02,7.812500000000003469e-03
6.270000000000000573e-02,9.062500000000001110e-03
6.276600000000000235e-02,1.062500000000000250e-02
6.283199999999999896e-02,1.250000000000000416e-02
6.289800000000000946e-02,1.312500000000000125e-02
6.296400000000000607e-02,1.406250000000000208e-02
6.303000000000000269e-02,1.406250000000000208e-02
6.309599999999999931e-02,1.375000000000000180e-02
6.316200000000000980e-02,1.406250000000000208e-02
6.322800000000000642e-02,1.187500000000000361e-02
6.329400000000000304e-02,9.687500000000001665e-03
6.335999999999999965e-02,7.812500000000003469e-03
6.342600000000001015e-02,5.625000000000001527e-03
6.349200000000000677e-02,4.687500000000004163e-03
6.355800000000000338e-02,3.437500000000003053e-03
6.362400000000000000e-02,3.125000000000002776e-03
6.369000000000001049e-02,2.812500000000002498e-03
6.375600000000000711e-02,2.500000000000002220e-03
6.382200000000000373e-02,2.187500000000001943e-03
6.388800000000000034e-02,2.812500000000002498e-03
6.395400000000001084e-02,3.125000000000002776e-03
6.402000000000000746e-02,3.750000000000003331e-03
6.408600000000000407e-02,4.687500000000004163e-03
6.415200000000000069e-02,5.625000000000001527e-03
6.421800000000001118e-02,6.250000000000002082e-03
6.428400000000000780e-02,7.500000000000003192e-03
6.435000000000000442e-02,7.812500000000003469e-03
6.441600000000000104e-02,8.125000000000003747e-03
6.448200000000001153e-02,7.812500000000003469e-03
6.454800000000000815e-02,6.875000000000002637e-03
6.461400000000000476e-02,6.250000000000002082e-03
6.468000000000000138e-02,5.625000000000001527e-03
6.474600000000001188e-02,4.687500000000004163e-03
6.481200000000000849e-02,3.437500000000003053e-03
6.487800000000000511e-02,3.437500000000003053e-03
6.494400000000000173e-02,3.125000000000002776e-03
6.500999999999999834e-02,4.062500000000003608e-03
6.507600000000000884e-02,4.375000000000003886e-03
6.514200000000000546e-02,6.250000000000002082e-03
6.520800000000000207e-02,7.812500000000003469e-03
6.527399999999999869e-02,1.000000000000000194e-02
6.534000000000000918e-02,1.343750000000000153e-02
6.540600000000000580e-02,1.593750000000000375e-02
6.547200000000000242e-02,1.906250000000000305e-02
6.553799999999999903e-02,2.031250000000000416e-02
6.560400000000000953e-02,2.156250000000000527e-02
6.567000000000000615e-02,2.250000000000000264e-02
6.573600000000000276e-02,2.281250000000000291e-02
6.580199999999999938e-02,2.250000000000000264e-02
6.586800000000000987e-02,2.093750000000000472e-02
6.593400000000000649e-02,1.875000000000000278e-02
6.600000000000000311e-02,1.687500000000000458e-02
6.606599999999999973e-02,1.406250000000000208e-02
6.613200000000001022e-02,1.062500000000000250e-02
6.619800000000000684e-02,7.500000000000003192e-03
6.626400000000000345e-02,6.562500000000002359e-03
6.633000000000000007e-02,4.062500000000003608e-03
6.639600000000001057e-02,3.437500000000003053e-03
6.646200000000000718e-02,3.437500000000003053e-03
6.652800000000000380e-02,3.750000000000003331e-03
6.659400000000000042e-02,4.062500000000003608e-03
6.666000000000001091e-02,4.687500000000004163e-03
6.672600000000000753e-02,5.000000000000004441e-03
6.679200000000000415e-02,5.625000000000001527e-03
6.685800000000000076e-02,5.625000000000001527e-03
6.692400000000001126e-02,6.250000000000002082e-03
6.699000000000000787e-02,6.562500000000002359e-03
6.705600000000000449e-02,7.187500000000002914e-03
6.712200000000000111e-02,7.812500000000003469e-03
6.718800000000001160e-02,7.812500000000003469e-03
6.725400000000000822e-02,7.500000000000003192e-03
6.732000000000000484e-02,6.875000000000002637e-03
6.738600000000000145e-02,6.875000000000002637e-03
6.745200000000001195e-02,6.562500000000002359e-03
6.751800000000000856e-02,6.562500000000002359e-03
6.758400000000000518e-02,6.875000000000002637e-03
6.765000000000000180e-02,7.500000000000003192e-03
6.771599999999999842e-02,9.062500000000001110e-03
6.778200000000000891e-02,1.000000000000000194e-02
6.784800000000000553e-02,1.093750000000000278e-02
6.791400000000000214e-02,1.312500000000000125e-02
6.797999999999999876e-02,1.375000000000000180e-02
6.804600000000000926e-02,1.531250000000000319e-02
6.811200000000000587e-02,1.718750000000000139e-02
6.817800000000000249e-02,1.906250000000000305e-02
6.824399999999999911e-02,2.031250000000000416e-02
6.831000000000000960e-02,2.062500000000000444e-02
6.837600000000000622e-02,2.062500000000000444e-02
6.844200000000000284e-02,2.031250000000000416e-02
6.850799999999999945e-02,1.937500000000000333e-02
6.857400000000000995e-02,1.875000000000000278e-02
6.864000000000000656e-02,1.656250000000000430e-02
6.870600000000000318e-02,1.531250000000000319e-02
6.877199999999999980e-02,1.125000000000000305e-02
6.883800000000001029e-02,9.375000000000001388e-03
6.890400000000000691e-02,7.812500000000003469e-03
6.897000000000000353e-02,7.187500000000002914e-03
6.903600000000000014e-02,5.625000000000001527e-03
6.910200000000001064e-02,5.625000000000001527e-03
6.916800000000000725e-02,6.250000000000002082e-03
6.923400000000000387e-02,6.562500000000002359e-03
6.930000000000000049e-02,7.812500000000003469e-03
6.936600000000001098e-02,8.750000000000004302e-03
6.943200000000000760e-02,8.750000000000004302e-03
6.949800000000000422e-02,8.750000000000004302e-03
6.956400000000000083e-02,8.750000000000004302e-03
6.963000000000001133e-02,8.750000000000004302e-03
6.969600000000000795e-02,8.750000000000004302e-03
6.976200000000000456e-02,8.125000000000003747e-03
6.982800000000000118e-02,7.500000000000003192e-03
6.989400000000001167e-02,7.187500000000002914e-03
6.996000000000000829e-02,6.250000000000002082e-03
7.002600000000000491e-02,5.000000000000004441e-03
7.009200000000000153e-02,5.000000000000004441e-03
7.015800000000001202e-02,5.000000000000004441e-03
7.022400000000000864e-02,5.625000000000001527e-03
7.029000000000000525e-02,6.875000000000002637e-03
7.035600000000000187e-02,1.000000000000000194e-02
7.042199999999999849e-02,1.281250000000000444e-02
7.048800000000000898e-02,1.656250000000000430e-02
7.055400000000000560e-02,1.937500000000000333e-02
7.062000000000000222e-02,2.375000000000000375e-02
7.068599999999999883e-02,2.500000000000000139e-02
7.075200000000000933e-02,2.875000000000000472e-02
7.081800000000000594e-02,3.187500000000000056e-02
7.088400000000000256e-02,3.250000000000000111e-02
7.094999999999999918e-02,3.250000000000000111e-02
7.101600000000000967e-02,3.218750000000000083e-02
7.108200000000000629e-02,3.125000000000000000e-02
7.114800000000000291e-02,3.031250000000000264e-02
7.121399999999999952e-02,2.750000000000000361e-02
7.128000000000001002e-02,2.656250000000000278e-02
7.134600000000000664e-02,2.187500000000000555e-02
7.141200000000000325e-02,2.062500000000000444e-02
7.147799999999999987e-02,1.656250000000000430e-02
7.154400000000001036e-02,1.312500000000000125e-02
7.161000000000000698e-02,1.218750000000000389e-02
7.167600000000000360e-02,1.125000000000000305e-02
7.174200000000000021e-02,1.093750000000000278e-02
7.180800000000001071e-02,1.187500000000000361e-02
7.187400000000000733e-02,1.250000000000000416e-02
7.194000000000000394e-02,1.406250000000000208e-02
7.200600000000000056e-02,1.531250000000000319e-02
7.207200000000001106e-02,1.625000000000000402e-02
7.213800000000000767e-02,1.750000000000000167e-02
7.220400000000000429e-02,1.781250000000000194e-02
7.227000000000000091e-02,1.843750000000000250e-02
7.233600000000001140e-02,1.906250000000000305e-02
7.240200000000000802e-02,1.906250000000000305e-02
7.246800000000000463e-02,1.906250000000000305e-02
7.253400000000000125e-02,1.875000000000000278e-02
7.260000000000001175e-02,1.812500000000000222e-02
7.266600000000000836e-02,1.781250000000000194e-02
7.273200000000000498e-02,1.843750000000000250e-02
7.279800000000000160e-02,1.968750000000000361e-02
7.286400000000001209e-02,2.218750000000000236e-02
7.293000000000000871e-02,2.375000000000000375e-02
7.299600000000000533e-02,2.718750000000000333e-02
7.306200000000000194e-02,2.937500000000000527e-02
7.312800000000001244e-02,3.250000000000000111e-02
7.319400000000000905e-02,3.500000000000000333e-02
7.326000000000000567e-02,3.656250000000000472e-02
7.332600000000000229e-02,3.937500000000000722e-02
7.339199999999999890e-02,4.125000000000000194e-02
7.345800000000000940e-02,4.343750000000000389e-02
7.352400000000000602e-02,4.468750000000000500e-02
7.359000000000000263e-02,4.468750000000000500e-02
7.365599999999999925e-02,4.437500000000000472e-02
7.372200000000000975e-02,4.375000000000000416e-02
7.378800000000000636e-02,4.187500000000000250e-02
7.385400000000000298e-02,4.062500000000000139e-02
7.391999999999999960e-02,3.687500000000000500e-02
7.398600000000001009e-02,3.406250000000000250e-02
7.405200000000000671e-02,2.875000000000000472e-02
7.411800000000000332e-02,2.531250000000000167e-02
7.418399999999999994e-02,2.187500000000000555e-02
7.425000000000001044e-02,1.875000000000000278e-02
7.431600000000000705e-02,1.781250000000000194e-02
7.438200000000000367e-02,1.812500000000000222e-02
7.444800000000000029e-02,2.000000000000000389e-02
7.451400000000001078e-02,2.218750000000000236e-02
7.458000000000000740e-02,2.468750000000000111e-02
7.464600000000000402e-02,2.656250000000000278e-02
7.471200000000000063e-02,2.843750000000000444e-02
7.477800000000001113e-02,3.062500000000000291e-02
7.484400000000000774e-02,3.156250000000000028e-02
7.491000000000000436e-02,3.406250000000000250e-02
7.497600000000000098e-02,3.531250000000000361e-02
7.504200000000001147e-02,3.562500000000000389e-02
7.510800000000000809e-02,3.562500000000000389e-02
7.517400000000000471e-02,3.531250000000000361e-02
7.524000000000000132e-02,3.406250000000000250e-02
7.530600000000001182e-02,3.375000000000000222e-02
7.537200000000000844e-02,3.250000000000000111e-02
7.543800000000000505e-02,3.281250000000000139e-02
7.550400000000000167e-02,3.375000000000000222e-02
7.557000000000001216e-02,3.656250000000000472e-02
7.563600000000000878e-02,3.687500000000000500e-02
7.570200000000000540e-02,3.875000000000000666e-02
7.576800000000000201e-02,4.156250000000000222e-02
7.583400000000001251e-02,4.312500000000000361e-02
7.590000000000000913e-02,4.437500000000000472e-02
7.596600000000000574e-02,4.656250000000000666e-02
7.603200000000000236e-02,4.875000000000000167e-02
7.609799999999999898e-02,4.968750000000000250e-02
7.616400000000000947e-02,5.000000000000000278e-02
7.623000000000000609e-02,4.968750000000000250e-02
7.629600000000000271e-02,4.906250000000000194e-02
7.636199999999999932e-02,4.843750000000000139e-02
7.642800000000000982e-02,4.718750000000000722e-02
7.649400000000000643e-02,4.343750000000000389e-02
7.656000000000000305e-02,4.281250000000000333e-02
7.662599999999999967e-02,3.843750000000000638e-02
7.669200000000001016e-02,3.531250000000000361e-02
7.675800000000000678e-02,3.000000000000000236e-02
7.682400000000000340e-02,2.906250000000000500e-02
7.689000000000000001e-02,2.562500000000000194e-02
7.695600000000001051e-02,2.468750000000000111e-02
7.702200000000000712e-02,2.500000000000000139e-02
7.708800000000000374e-02,2.562500000000000194e-02
7.715400000000000036e-02,2.750000000000000361e-02
7.722000000000001085e-02,2.906250000000000500e-02
7.728600000000000747e-02,3.031250000000000264e-02
7.735200000000000409e-02,3.062500000000000291e-02
7.741800000000000070e-02,3.156250000000000028e-02
7.748400000000001120e-02,3.218750000000000083e-02
7.755000000000000782e-02,3.312500000000000167e-02
7.761600000000000443e-02,3.312500000000000167e-02
7.768200000000000105e-02,3.281250000000000139e-02
7.774800000000001154e-02,3.187500000000000056e-02
7.781400000000000816e-02,3.093750000000000319e-02
7.788000000000000478e-02,3.000000000000000236e-02
7.794600000000000140e-02,2.906250000000000500e-02
7.801200000000001189e-02,2.906250000000000500e-02
7.807800000000000851e-02,3.031250000000000264e-02
7.814400000000000512e-02,3.281250000000000139e-02
7.821000000000000174e-02,3.468750000000000305e-02
7.827600000000001224e-02,3.843750000000000638e-02
7.834200000000000885e-02,4.031250000000000111e-02
7.840800000000000547e-02,4.312500000000000361e-02
7.847400000000000209e-02,4.500000000000000527e-02
7.854000000000001258e-02,4.781250000000000777e-02
7.860600000000000920e-02,4.937500000000000222e-02
7.867200000000000581e-02,5.062500000000000333e-02
7.873800000000000243e-02,5.250000000000000500e-02
7.880400000000001293e-02,5.281250000000000527e-02
7.887000000000000954e-02,5.250000000000000500e-02
7.893600000000000616e-02,5.250000000000000500e-02
7.900200000000000278e-02,5.125000000000000389e-02
7.906799999999999939e-02,5.062500000000000333e-02
7.913400000000000989e-02,4.781250000000000777e-02
7.920000000000000651e-02,4.562500000000000583e-02
7.926600000000000312e-02,4.125000000000000194e-02
7.933199999999999974e-02,3.812500000000000611e-02
7.939800000000001023e-02,3.437500000000000278e-02
7.946400000000000685e-02,3.343750000000000194e-02
7.953000000000000347e-02,3.093750000000000319e-02
7.959600000000000009e-02,3.031250000000000264e-02
7.966200000000001058e-02,3.062500000000000291e-02
7.972800000000000720e-02,3.218750000000000083e-02
7.979400000000000381e-02,3.375000000000000222e-02
7.986000000000000043e-02,3.437500000000000278e-02
7.992600000000001093e-02,3.500000000000000333e-02
7.999200000000000754e-02,3.437500000000000278e-02
8.005800000000000416e-02,3.437500000000000278e-02
8.012400000000000078e-02,3.500000000000000333e-02
8.019000000000001127e-02,3.531250000000000361e-02
8.025600000000000789e-02,3.562500000000000389e-02
8.032200000000000450e-02,3.468750000000000305e-02
8.038800000000000112e-02,3.437500000000000278e-02
8.045400000000001162e-02,3.281250000000000139e-02
8.052000000000000823e-02,3.062500000000000291e-02
8.058600000000000485e-02,2.968750000000000208e-02
8.065200000000000147e-02,2.875000000000000472e-02
8.071800000000001196e-02,2.968750000000000208e-02
8.078400000000000858e-02,3.125000000000000000e-02
8.085000000000000520e-02,3.281250000000000139e-02
8.091600000000000181e-02,3.593750000000000416e-02
8.098200000000001231e-02,3.750000000000000555e-02
8.104800000000000892e-02,4.093750000000000167e-02
8.111400000000000554e-02,4.343750000000000389e-02
8.118000000000000216e-02,4.406250000000000444e-02
8.124600000000001265e-02,4.531250000000000555e-02
8.131200000000000927e-02,4.718750000000000722e-02
8.137800000000000589e-02,4.812500000000000111e-02
8.144400000000000250e-02,4.781250000000000777e-02
8.151000000000001300e-02,4.812500000000000111e-02
8.157600000000000962e-02,4.656250000000000666e-02
8.164200000000000623e-02,4.562500000000000583e-02
8.170800000000000285e-02,4.281250000000000333e-02
8.177399999999999947e-02,4.156250000000000222e-02
8.184000000000000996e-02,3.625000000000000444e-02
8.190600000000000658e-02,3.406250000000000250e-02
8.197200000000000319e-02,3.125000000000000000e-02
8.203799999999999981e-02,2.656250000000000278e-02
8.210400000000001031e-02,2.500000000000000139e-02
8.217000000000000692e-02,2.437500000000000083e-02
8.223600000000000354e-02,2.531250000000000167e-02
8.230200000000000016e-02,2.718750000000000333e-02
8.236800000000001065e-02,2.812500000000000416e-02
8.243400000000000727e-02,3.218750000000000083e-02
8.250000000000000389e-02,3.468750000000000305e-02
8.256600000000000050e-02,3.562500000000000389e-02
8.263200000000001100e-02,3.687500000000000500e-02
8.269800000000000761e-02,3.750000000000000555e-02
8.276400000000000423e-02,3.812500000000000611e-02
8.283000000000000085e-02,3.937500000000000722e-02
8.289600000000001134e-02,3.937500000000000722e-02
8.296200000000000796e-02,3.906250000000000000e-02
8.302800000000000458e-02,3.781250000000000583e-02
8.309400000000000119e-02,3.718750000000000527e-02
8.316000000000001169e-02,3.500000000000000333e-02
8.322600000000000831e-02,3.375000000000000222e-02
8.329200000000000492e-02,3.375000000000000222e-02
8.335800000000000154e-02,3.406250000000000250e-02
8.342400000000001203e-02,3.562500000000000389e-02
8.349000000000000865e-02,3.906250000000000000e-02
8.355600000000000527e-02,4.281250000000000333e-02
8.362200000000000188e-02,4.562500000000000583e-02
8.368800000000001238e-02,4.812500000000000111e-02
8.375400000000000900e-02,5.000000000000000278e-02
8.382000000000000561e-02,5.156250000000000416e-02
8.388600000000000223e-02,5.375000000000000611e-02
8.395200000000001272e-02,5.500000000000000722e-02
8.401800000000000934e-02,5.593750000000000111e-02
8.408400000000000596e-02,5.593750000000000111e-02
8.415000000000000258e-02,5.562500000000000777e-02
8.421600000000001307e-02,5.531250000000000056e-02
8.428200000000000969e-02,5.468750000000000000e-02
8.434800000000000630e-02,5.250000000000000500e-02
8.441400000000000292e-02,4.968750000000000250e-02
8.447999999999999954e-02,4.812500000000000111e-02
8.454600000000001003e-02,4.468750000000000500e-02
8.461200000000000665e-02,3.968750000000000056e-02
8.467800000000000327e-02,3.593750000000000416e-02
8.474399999999999988e-02,3.125000000000000000e-02
8.481000000000001038e-02,2.937500000000000527e-02
8.487600000000000700e-02,2.875000000000000472e-02
8.494200000000000361e-02,2.937500000000000527e-02
8.500800000000000023e-02,3.125000000000000000e-02
8.507400000000001072e-02,3.312500000000000167e-02
8.514000000000000734e-02,3.562500000000000389e-02
8.520600000000000396e-02,3.718750000000000527e-02
8.527200000000000057e-02,3.875000000000000666e-02
8.533800000000001107e-02,4.093750000000000167e-02
8.540400000000000769e-02,4.156250000000000222e-02
8.547000000000000430e-02,4.281250000000000333e-02
8.553600000000000092e-02,4.250000000000000305e-02
8.560200000000001141e-02,4.218750000000000278e-02
8.566800000000000803e-02,4.062500000000000139e-02
8.573400000000000465e-02,3.937500000000000722e-02
8.580000000000000127e-02,3.625000000000000444e-02
8.586600000000001176e-02,3.375000000000000222e-02
8.593200000000000838e-02,3.281250000000000139e-02
8.599800000000000499e-02,3.375000000000000222e-02
8.606400000000000161e-02,3.437500000000000278e-02
8.613000000000001211e-02,3.781250000000000583e-02
8.619600000000000872e-02,3.875000000000000666e-02
8.626200000000000534e-02,4.312500000000000361e-02
8.632800000000000196e-02,4.468750000000000500e-02
8.639400000000001245e-02,4.812500000000000111e-02
8.646000000000000907e-02,5.031250000000000305e-02
8.652600000000000569e-02,5.218750000000000472e-02
8.659200000000000230e-02,5.437500000000000666e-02
8.665800000000001280e-02,5.562500000000000777e-02
8.672400000000000941e-02,5.625000000000000833e-02
8.679000000000000603e-02,5.656250000000000167e-02
8.685600000000000265e-02,5.687500000000000888e-02
8.692200000000001314e-02,5.687500000000000888e-02
8.698800000000000976e-02,5.656250000000000167e-02
8.705400000000000638e-02,5.593750000000000111e-02
8.712000000000000299e-02,5.375000000000000611e-02
8.718600000000001349e-02,5.218750000000000472e-02
8.725200000000001010e-02,4.906250000000000194e-02
8.731800000000000672e-02,4.500000000000000527e-02
8.738400000000000334e-02,4.250000000000000305e-02
8.744999999999999996e-02,4.125000000000000194e-02
8.751600000000001045e-02,4.031250000000000111e-02
8.758200000000000707e-02,4.031250000000000111e-02
8.764800000000000368e-02,4.093750000000000167e-02
8.771400000000000030e-02,4.250000000000000305e-02
8.778000000000001080e-02,4.343750000000000389e-02
8.784600000000000741e-02,4.406250000000000444e-02
8.791200000000000403e-02,4.500000000000000527e-02
8.797800000000000065e-02,4.562500000000000583e-02
8.804400000000001114e-02,4.687500000000000000e-02
8.811000000000000776e-02,4.875000000000000167e-02
8.817600000000000438e-02,4.906250000000000194e-02
8.824200000000000099e-02,4.968750000000000250e-02
8.830800000000001149e-02,5.000000000000000278e-02
8.837400000000000810e-02,5.031250000000000305e-02
8.844000000000000472e-02,5.031250000000000305e-02
8.850600000000000134e-02,5.093750000000000361e-02
8.857200000000001183e-02,5.125000000000000389e-02
8.863800000000000845e-02,5.281250000000000527e-02
8.870400000000000507e-02,5.500000000000000722e-02
8.877000000000000168e-02,5.562500000000000777e-02
8.883600000000001218e-02,5.625000000000000833e-02
8.890200000000000879e-02,5.718750000000000222e-02
8.896800000000000541e-02,5.781250000000000278e-02
8.903400000000000203e-02,5.875000000000000361e-02
8.910000000000001252e-02,5.875000000000000361e-02
8.916600000000000914e-02,5.906250000000000389e-02
8.923200000000000576e-02,5.937500000000000416e-02
8.929800000000000237e-02,5.906250000000000389e-02
8.936400000000001287e-02,5.812500000000000305e-02
8.943000000000000949e-02,5.843750000000000333e-02
8.949600000000000610e-02,5.875000000000000361e-02
8.956200000000000272e-02,5.843750000000000333e-02
8.962800000000001321e-02,5.812500000000000305e-02
8.969400000000000983e-02,5.781250000000000278e-02
8.976000000000000645e-02,5.656250000000000167e-02
8.982600000000000307e-02,5.500000000000000722e-02
8.989200000000001356e-02,5.312500000000000555e-02
8.995800000000001018e-02,5.156250000000000416e-02
9.002400000000000679e-02,4.968750000000000250e-02
9.009000000000000341e-02,4.906250000000000194e-02
9.015600000000000003e-02,4.875000000000000167e-02
9.022200000000001052e-02,5.000000000000000278e-02
9.028800000000000714e-02,5.062500000000000333e-02
9.035400000000000376e-02,5.187500000000000444e-02
9.042000000000000037e-02,5.281250000000000527e-02
9.048600000000001087e-02,5.375000000000000611e-02
9.055200000000000748e-02,5.406249999999999944e-02
9.061800000000000410e-02,5.406249999999999944e-02
9.068400000000000072e-02,5.437500000000000666e-02
9.075000000000001121e-02,5.500000000000000722e-02
9.081600000000000783e-02,5.437500000000000666e-02
9.088200000000000445e-02,5.406249999999999944e-02
9.094800000000000106e-02,5.343749999999999889e-02
9.101400000000001156e-02,5.250000000000000500e-02
9.108000000000000818e-02,5.250000000000000500e-02
9.114600000000000479e-02,5.218750000000000472e-02
9.121200000000000141e-02,5.312500000000000555e-02
9.127800000000001190e-02,5.437500000000000666e-02
9.134400000000000852e-02,5.562500000000000777e-02
9.141000000000000514e-02,5.656250000000000167e-02
9.147600000000000176e-02,5.781250000000000278e-02
9.154200000000001225e-02,5.875000000000000361e-02
9.160800000000000887e-02,5.937500000000000416e-02
9.167400000000000548e-02,5.937500000000000416e-02
9.174000000000000210e-02,5.875000000000000361e-02
9.180600000000001260e-02,5.812500000000000305e-02
9.187200000000000921e-02,5.750000000000000250e-02
9.193800000000000583e-02,5.656250000000000167e-02
9.200400000000000245e-02,5.593750000000000111e-02
9.207000000000001294e-02,5.562500000000000777e-02
9.213600000000000956e-02,5.593750000000000111e-02
9.220200000000000617e-02,5.687500000000000888e-02
9.226800000000000279e-02,5.750000000000000250e-02
9.233400000000001329e-02,5.906250000000000389e-02
9.240000000000000990e-02,5.937500000000000416e-02
9.246600000000000652e-02,5.875000000000000361e-02
9.253200000000000314e-02,5.781250000000000278e-02
9.259800000000001363e-02,5.687500000000000888e-02
9.266400000000001025e-02,5.593750000000000111e-02
9.273000000000000687e-02,5.531250000000000056e-02
9.279600000000000348e-02,5.593750000000000111e-02
9.286200000000001398e-02,5.625000000000000833e-02
9.292800000000001059e-02,5.718750000000000222e-02
9.299400000000000721e-02,5.781250000000000278e-02
9.306000000000000383e-02,5.781250000000000278e-02
9.312600000000000044e-02,5.781250000000000278e-02
9.319200000000001094e-02,5.812500000000000305e-02
9.325800000000000756e-02,5.781250000000000278e-02
9.332400000000000417e-02,5.843750000000000333e-02
9.339000000000000079e-02,5.875000000000000361e-02
9.345600000000001129e-02,5.906250000000000389e-02
9.352200000000000790e-02,5.906250000000000389e-02
9.358800000000000452e-02,5.906250000000000389e-02
9.365400000000000114e-02,5.906250000000000389e-02
9.372000000000001163e-02,5.906250000000000389e-02
9.378600000000000825e-02,5.906250000000000389e-02
9.385200000000000486e-02,5.906250000000000389e-02
9.391800000000000148e-02,5.968750000000000444e-02
9.398400000000001198e-02,6.000000000000000472e-02
9.405000000000000859e-02,5.968750000000000444e-02
9.411600000000000521e-02,5.937500000000000416e-02
9.418200000000000183e-02,5.906250000000000389e-02
9.424800000000001232e-02,5.906250000000000389e-02
9.431400000000000894e-02,5.843750000000000333e-02
9.438000000000000556e-02,5.718750000000000222e-02
9.444600000000000217e-02,5.562500000000000777e-02
9.451200000000001267e-02,5.312500000000000555e-02
9.457800000000000928e-02,5.187500000000000444e-02
9.464400000000000590e-02,5.062500000000000333e-02
9.471000000000000252e-02,4.937500000000000222e-02
9.477600000000001301e-02,4.937500000000000222e-02
9.484200000000000963e-02,5.000000000000000278e-02
9.490800000000000625e-02,5.125000000000000389e-02
9.497400000000000286e-02,5.406249999999999944e-02
9.504000000000001336e-02,5.625000000000000833e-02
9.510600000000000998e-02,5.812500000000000305e-02
9.517200000000000659e-02,5.937500000000000416e-02
9.523800000000000321e-02,5.968750000000000444e-02
9.530400000000001370e-02,5.937500000000000416e-02
9.537000000000001032e-02,5.937500000000000416e-02
9.543600000000000694e-02,5.968750000000000444e-02
9.550200000000000355e-02,5.937500000000000416e-02
9.556800000000001405e-02,5.906250000000000389e-02
9.563400000000001067e-02,5.906250000000000389e-02
9.570000000000000728e-02,5.906250000000000389e-02
9.576600000000000390e-02,5.875000000000000361e-02
9.583200000000000052e-02,5.843750000000000333e-02
9.589800000000001101e-02,5.781250000000000278e-02
9.596400000000000763e-02,5.812500000000000305e-02
9.603000000000000425e-02,5.875000000000000361e-02
9.609600000000000086e-02,5.843750000000000333e-02
9.616200000000001136e-02,5.875000000000000361e-02
9.622800000000000797e-02,5.906250000000000389e-02
9.629400000000000459e-02,5.937500000000000416e-02
9.636000000000000121e-02,6.000000000000000472e-02
9.642600000000001170e-02,5.968750000000000444e-02
9.649200000000000832e-02,6.031250000000000500e-02
9.655800000000000494e-02,5.968750000000000444e-02
9.662400000000000155e-02,5.937500000000000416e-02
9.669000000000001205e-02,5.750000000000000250e-02
9.675600000000000867e-02,5.562500000000000777e-02
9.682200000000000528e-02,5.468750000000000000e-02
9.688800000000000190e-02,5.375000000000000611e-02
9.695400000000001239e-02,5.218750000000000472e-02
9.702000000000000901e-02,5.187500000000000444e-02
9.708600000000000563e-02,5.093750000000000361e-02
9.715200000000000224e-02,5.000000000000000278e-02
9.721800000000001274e-02,4.968750000000000250e-02
9.728400000000000936e-02,4.968750000000000250e-02
9.735000000000000597e-02,5.062500000000000333e-02
9.741600000000000259e-02,5.125000000000000389e-02
9.748200000000001308e-02,5.312500000000000555e-02
9.754800000000000970e-02,5.437500000000000666e-02
9.761400000000000632e-02,5.687500000000000888e-02
9.768000000000000294e-02,5.875000000000000361e-02
9.774600000000001343e-02,5.937500000000000416e-02
9.781200000000001005e-02,6.031250000000000500e-02
9.787800000000000666e-02,6.093750000000000555e-02
9.794400000000000328e-02,6.062500000000000527e-02
9.801000000000001378e-02,6.031250000000000500e-02
9.807600000000001039e-02,6.031250000000000500e-02
9.814200000000000701e-02,5.906250000000000389e-02
9.820800000000000363e-02,5.843750000000000333e-02
9.827400000000001412e-02,5.781250000000000278e-02
9.834000000000001074e-02,5.656250000000000167e-02
9.840600000000000736e-02,5.562500000000000777e-02
9.847200000000000397e-02,5.500000000000000722e-02
9.853800000000001447e-02,5.468750000000000000e-02
9.860400000000001108e-02,5.468750000000000000e-02
9.867000000000000770e-02,5.562500000000000777e-02
9.873600000000000432e-02,5.593750000000000111e-02
9.880200000000000093e-02,5.656250000000000167e-02
9.886800000000001143e-02,5.718750000000000222e-02
9.893400000000000805e-02,5.812500000000000305e-02
9.900000000000000466e-02,5.812500000000000305e-02
9.906600000000000128e-02,5.875000000000000361e-02
9.913200000000001177e-02,5.906250000000000389e-02
9.919800000000000839e-02,5.937500000000000416e-02
9.926400000000000501e-02,5.812500000000000305e-02
9.933000000000000163e-02,5.656250000000000167e-02
9.939600000000001212e-02,5.562500000000000777e-02
9.946200000000000874e-02,5.468750000000000000e-02
9.952800000000000535e-02,5.250000000000000500e-02
9.959400000000000197e-02,4.937500000000000222e-02
9.966000000000001247e-02,4.750000000000000056e-02
9.972600000000000908e-02,4.624999999999999944e-02
9.979200000000000570e-02,4.531250000000000555e-02
9.985800000000000232e-02,4.500000000000000527e-02
9.992400000000001281e-02,4.531250000000000555e-02
9.999000000000000943e-02,4.562500000000000583e-02
1.000560000000000060e-01,4.656250000000000666e-02
1.001220000000000027e-01,4.937500000000000222e-02
1.001880000000000132e-01,5.093750000000000361e-02
1.002540000000000098e-01,5.468750000000000000e-02
1.003200000000000064e-01,5.593750000000000111e-02
1.003860000000000030e-01,5.812500000000000305e-02
1.004520000000000135e-01,5.875000000000000361e-02
1.005180000000000101e-01,5.968750000000000444e-02
1.005840000000000067e-01,5.937500000000000416e-02
1.006500000000000034e-01,5.968750000000000444e-02
1.007160000000000138e-01,6.000000000000000472e-02
1.007820000000000105e-01,5.968750000000000444e-02
1.008480000000000071e-01,5.906250000000000389e-02
1.009140000000000037e-01,5.843750000000000333e-02
1.009800000000000142e-01,5.750000000000000250e-02
1.010460000000000108e-01,5.656250000000000167e-02
1.011120000000000074e-01,5.562500000000000777e-02
1.011780000000000040e-01,5.468750000000000000e-02
1.012440000000000145e-01,5.531250000000000056e-02
1.013100000000000112e-01,5.500000000000000722e-02
1.013760000000000078e-01,5.593750000000000111e-02
1.014420000000000044e-01,5.656250000000000167e-02
1.015080000000000010e-01,5.750000000000000250e-02
1.015740000000000115e-01,5.875000000000000361e-02
1.016400000000000081e-01,5.906250000000000389e-02
1.017060000000000047e-01,5.906250000000000389e-02
1.017720000000000014e-01,5.968750000000000444e-02
1.018380000000000118e-01,6.000000000000000472e-02
1.019040000000000085e-01,5.937500000000000416e-02
1.019700000000000051e-01,5.906250000000000389e-02
1.020360000000000017e-01,5.843750000000000333e-02
1.021020000000000122e-01,5.750000000000000250e-02
1.021680000000000088e-01,5.500000000000000722e-02
1.022340000000000054e-01,5.312500000000000555e-02
1.023000000000000020e-01,5.031250000000000305e-02
1.023660000000000125e-01,4.968750000000000250e-02
1.024320000000000092e-01,4.812500000000000111e-02
1.024980000000000058e-01,4.687500000000000000e-02
1.025640000000000024e-01,4.656250000000000666e-02
1.026300000000000129e-01,4.718750000000000722e-02
1.026960000000000095e-01,4.875000000000000167e-02
1.027620000000000061e-01,5.093750000000000361e-02
1.028280000000000027e-01,5.250000000000000500e-02
1.028940000000000132e-01,5.437500000000000666e-02
1.029600000000000098e-01,5.593750000000000111e-02
1.030260000000000065e-01,5.906250000000000389e-02
1.030920000000000031e-01,5.906250000000000389e-02
1.031580000000000136e-01,5.968750000000000444e-02
1.032240000000000102e-01,5.968750000000000444e-02
1.032900000000000068e-01,5.968750000000000444e-02
1.033560000000000034e-01,6.031250000000000500e-02
1.034220000000000139e-01,5.937500000000000416e-02
1.034880000000000105e-01,5.906250000000000389e-02
1.035540000000000072e-01,5.906250000000000389e-02
1.036200000000000038e-01,5.843750000000000333e-02
1.036860000000000143e-01,5.843750000000000333e-02
1.037520000000000109e-01,5.781250000000000278e-02
1.038180000000000075e-01,5.718750000000000222e-02
1.038840000000000041e-01,5.718750000000000222e-02
1.039500000000000146e-01,5.718750000000000222e-02
1.040160000000000112e-01,5.750000000000000250e-02
1.040820000000000078e-01,5.781250000000000278e-02
1.041480000000000045e-01,5.812500000000000305e-02
1.042140000000000011e-01,5.906250000000000389e-02
1.042800000000000116e-01,5.937500000000000416e-02
1.043460000000000082e-01,5.937500000000000416e-02
1.044120000000000048e-01,5.937500000000000416e-02
1.044780000000000014e-01,5.937500000000000416e-02
1.045440000000000119e-01,5.812500000000000305e-02
1.046100000000000085e-01,5.656250000000000167e-02
1.046760000000000052e-01,5.562500000000000777e-02
1.047420000000000018e-01,5.468750000000000000e-02
1.048080000000000123e-01,5.281250000000000527e-02
1.048740000000000089e-01,5.156250000000000416e-02
1.049400000000000055e-01,4.937500000000000222e-02
1.050060000000000021e-01,4.843750000000000139e-02
1.050720000000000126e-01,4.624999999999999944e-02
1.051380000000000092e-01,4.500000000000000527e-02
1.052040000000000058e-01,4.406250000000000444e-02
1.052700000000000025e-01,4.343750000000000389e-02
1.053360000000000130e-01,4.531250000000000555e-02
1.054020000000000096e-01,4.718750000000000722e-02
1.054680000000000062e-01,4.875000000000000167e-02
1.055340000000000028e-01,5.218750000000000472e-02
1.056000000000000133e-01,5.437500000000000666e-02
1.056660000000000099e-01,5.625000000000000833e-02
1.057320000000000065e-01,5.812500000000000305e-02
1.057980000000000032e-01,5.906250000000000389e-02
1.058640000000000136e-01,5.968750000000000444e-02
1.059300000000000103e-01,6.000000000000000472e-02
1.059960000000000069e-01,6.031250000000000500e-02
1.060620000000000035e-01,5.937500000000000416e-02
1.061280000000000140e-01,5.875000000000000361e-02
1.061940000000000106e-01,5.843750000000000333e-02
1.062600000000000072e-01,5.750000000000000250e-02
1.063260000000000038e-01,5.718750000000000222e-02
1.063920000000000143e-01,5.687500000000000888e-02
1.064580000000000110e-01,5.656250000000000167e-02
1.065240000000000076e-01,5.687500000000000888e-02
1.065900000000000042e-01,5.718750000000000222e-02
1.066560000000000147e-01,5.812500000000000305e-02
1.067220000000000113e-01,5.812500000000000305e-02
1.067880000000000079e-01,5.875000000000000361e-02
1.068540000000000045e-01,5.875000000000000361e-02
1.069200000000000150e-01,5.906250000000000389e-02
1.069860000000000116e-01,5.843750000000000333e-02
1.070520000000000083e-01,5.875000000000000361e-02
1.071180000000000049e-01,5.750000000000000250e-02
1.071840000000000015e-01,5.687500000000000888e-02
1.072500000000000120e-01,5.343749999999999889e-02
1.073160000000000086e-01,5.281250000000000527e-02
1.073820000000000052e-01,5.125000000000000389e-02
1.074480000000000018e-01,4.875000000000000167e-02
1.075140000000000123e-01,4.656250000000000666e-02
1.075800000000000090e-01,4.500000000000000527e-02
1.076460000000000056e-01,4.406250000000000444e-02
1.077120000000000022e-01,4.375000000000000416e-02
1.077780000000000127e-01,4.406250000000000444e-02
1.078440000000000093e-01,4.531250000000000555e-02
1.079100000000000059e-01,4.562500000000000583e-02
1.079760000000000025e-01,4.906250000000000194e-02
1.080420000000000130e-01,4.968750000000000250e-02
1.081080000000000096e-01,5.250000000000000500e-02
1.081740000000000063e-01,5.562500000000000777e-02
1.082400000000000029e-01,5.812500000000000305e-02
1.083060000000000134e-01,5.906250000000000389e-02
1.083720000000000100e-01,5.937500000000000416e-02
1.084380000000000066e-01,6.000000000000000472e-02
1.085040000000000032e-01,6.000000000000000472e-02
1.085700000000000137e-01,6.000000000000000472e-02
1.086360000000000103e-01,5.968750000000000444e-02
1.087020000000000070e-01,5.875000000000000361e-02
1.087680000000000036e-01,5.812500000000000305e-02
1.088340000000000141e-01,5.687500000000000888e-02
1.089000000000000107e-01,5.593750000000000111e-02
1.089660000000000073e-01,5.500000000000000722e-02
1.090320000000000039e-01,5.375000000000000611e-02
1.090980000000000144e-01,5.375000000000000611e-02
1.091640000000000110e-01,5.343749999999999889e-02
1.092300000000000076e-01,5.406249999999999944e-02
1.092960000000000043e-01,5.468750000000000000e-02
1.093620000000000148e-01,5.531250000000000056e-02
1.094280000000000114e-01,5.656250000000000167e-02
1.094940000000000080e-01,5.750000000000000250e-02
1.095600000000000046e-01,5.843750000000000333e-02
1.096260000000000151e-01,5.843750000000000333e-02
1.096920000000000117e-01,5.906250000000000389e-02
1.097580000000000083e-01,5.812500000000000305e-02
1.098240000000000050e-01,5.656250000000000167e-02
1.098900000000000016e-01,5.531250000000000056e-02
1.099560000000000121e-01,5.437500000000000666e-02
1.100220000000000087e-01,5.250000000000000500e-02
1.100880000000000053e-01,5.000000000000000278e-02
1.101540000000000019e-01,4.687500000000000000e-02
1.102200000000000124e-01,4.500000000000000527e-02
1.102860000000000090e-01,4.125000000000000194e-02
1.103520000000000056e-01,4.031250000000000111e-02
1.104180000000000023e-01,3.875000000000000666e-02
1.104840000000000128e-01,3.812500000000000611e-02
1.105500000000000094e-01,3.937500000000000722e-02
1.106160000000000060e-01,4.062500000000000139e-02
1.106820000000000026e-01,4.281250000000000333e-02
1.107480000000000131e-01,4.656250000000000666e-02
1.108140000000000097e-01,4.812500000000000111e-02
1.108800000000000063e-01,5.187500000000000444e-02
1.109460000000000029e-01,5.468750000000000000e-02
1.110120000000000134e-01,5.656250000000000167e-02
1.110780000000000101e-01,5.781250000000000278e-02
1.111440000000000067e-01,5.843750000000000333e-02
1.112100000000000033e-01,5.906250000000000389e-02
1.112760000000000138e-01,5.906250000000000389e-02
1.113420000000000104e-01,5.843750000000000333e-02
1.114080000000000070e-01,5.781250000000000278e-02
1.114740000000000036e-01,5.687500000000000888e-02
1.115400000000000141e-01,5.656250000000000167e-02
1.116060000000000108e-01,5.531250000000000056e-02
1.116720000000000074e-01,5.468750000000000000e-02
1.117380000000000040e-01,5.437500000000000666e-02
1.118040000000000145e-01,5.250000000000000500e-02
1.118700000000000111e-01,5.187500000000000444e-02
1.119360000000000077e-01,5.187500000000000444e-02
1.120020000000000043e-01,5.187500000000000444e-02
1.120680000000000148e-01,5.250000000000000500e-02
1.121340000000000114e-01,5.312500000000000555e-02
1.122000000000000081e-01,5.375000000000000611e-02
1.122660000000000047e-01,5.375000000000000611e-02
1.123320000000000152e-01,5.375000000000000611e-02
1.123980000000000118e-01,5.281250000000000527e-02
1.124640000000000084e-01,5.125000000000000389e-02
1.125300000000000050e-01,4.875000000000000167e-02
1.125960000000000155e-01,4.718750000000000722e-02
1.126620000000000121e-01,4.562500000000000583e-02
1.127280000000000088e-01,4.343750000000000389e-02
1.127940000000000054e-01,4.125000000000000194e-02
1.128600000000000020e-01,3.937500000000000722e-02
1.129260000000000125e-01,3.781250000000000583e-02
1.129920000000000091e-01,3.656250000000000472e-02
1.130580000000000057e-01,3.625000000000000444e-02
1.131240000000000023e-01,3.562500000000000389e-02
1.131900000000000128e-01,3.656250000000000472e-02
1.132560000000000094e-01,3.718750000000000527e-02
1.133220000000000061e-01,3.875000000000000666e-02
1.133880000000000027e-01,4.093750000000000167e-02
1.134540000000000132e-01,4.531250000000000555e-02
1.135200000000000098e-01,4.843750000000000139e-02
1.135860000000000064e-01,5.000000000000000278e-02
1.136520000000000030e-01,5.218750000000000472e-02
1.137180000000000135e-01,5.312500000000000555e-02
1.137840000000000101e-01,5.343749999999999889e-02
1.138500000000000068e-01,5.375000000000000611e-02
1.139160000000000034e-01,5.218750000000000472e-02
1.139820000000000139e-01,5.000000000000000278e-02
1.140480000000000105e-01,4.875000000000000167e-02
1.141140000000000071e-01,4.656250000000000666e-02
1.141800000000000037e-01,4.531250000000000555e-02
1.142460000000000142e-01,4.500000000000000527e-02
1.143120000000000108e-01,4.437500000000000472e-02
1.143780000000000074e-01,4.500000000000000527e-02
1.144440000000000041e-01,4.500000000000000527e-02
1.145100000000000146e-01,4.593750000000000611e-02
1.145760000000000112e-01,4.718750000000000722e-02
1.146420000000000078e-01,4.843750000000000139e-02
1.147080000000000044e-01,4.906250000000000194e-02
1.147740000000000149e-01,5.062500000000000333e-02
1.148400000000000115e-01,5.093750000000000361e-02
1.149060000000000081e-01,5.062500000000000333e-02
1.149720000000000047e-01,5.031250000000000305e-02
1.150380000000000152e-01,4.718750000000000722e-02
1.151040000000000119e-01,4.406250000000000444e-02
1.151700000000000085e-01,4.031250000000000111e-02
1.152360000000000051e-01,3.750000000000000555e-02
1.153020000000000156e-01,3.312500000000000167e-02
1.153680000000000122e-01,3.156250000000000028e-02
1.154340000000000088e-01,2.781250000000000389e-02
1.155000000000000054e-01,2.375000000000000375e-02
1.155660000000000021e-01,2.250000000000000264e-02
1.156320000000000126e-01,2.156250000000000527e-02
1.156980000000000092e-01,2.156250000000000527e-02
1.157640000000000058e-01,2.218750000000000236e-02
1.158300000000000024e-01,2.343750000000000347e-02
1.158960000000000129e-01,2.718750000000000333e-02
1.159620000000000095e-01,2.906250000000000500e-02
1.160280000000000061e-01,3.500000000000000333e-02
1.160940000000000027e-01,3.906250000000000000e-02
1.161600000000000132e-01,4.062500000000000139e-02
1.162260000000000099e-01,4.500000000000000527e-02
1.162920000000000065e-01,4.718750000000000722e-02
1.163580000000000031e-01,4.843750000000000139e-02
1.164240000000000136e-01,4.843750000000000139e-02
1.164900000000000102e-01,4.781250000000000777e-02
1.165560000000000068e-01,4.562500000000000583e-02
1.166220000000000034e-01,4.125000000000000194e-02
1.166880000000000139e-01,3.906250000000000000e-02
1.167540000000000106e-01,3.750000000000000555e-02
1.168200000000000072e-01,3.437500000000000278e-02
1.168860000000000038e-01,3.343750000000000194e-02
1.169520000000000143e-01,3.218750000000000083e-02
1.170180000000000109e-01,3.062500000000000291e-02
1.170840000000000075e-01,3.000000000000000236e-02
1.171500000000000041e-01,3.062500000000000291e-02
1.172160000000000146e-01,3.156250000000000028e-02
1.172820000000000112e-01,3.312500000000000167e-02
1.173480000000000079e-01,3.468750000000000305e-02
1.174140000000000045e-01,3.687500000000000500e-02
1.174800000000000150e-01,3.750000000000000555e-02
1.175460000000000116e-01,3.718750000000000527e-02
1.176120000000000082e-01,3.593750000000000416e-02
1.176780000000000048e-01,3.500000000000000333e-02
1.177440000000000153e-01,3.187500000000000056e-02
1.178100000000000119e-01,3.000000000000000236e-02
1.178760000000000085e-01,2.875000000000000472e-02
1.179420000000000052e-01,2.500000000000000139e-02
1.180080000000000157e-01,2.281250000000000291e-02
1.180740000000000123e-01,2.093750000000000472e-02
1.181400000000000089e-01,1.906250000000000305e-02
1.182060000000000055e-01,1.812500000000000222e-02
1.182720000000000160e-01,1.656250000000000430e-02
1.183380000000000126e-01,1.656250000000000430e-02
1.184040000000000092e-01,1.687500000000000458e-02
1.184700000000000059e-01,1.812500000000000222e-02
1.185360000000000025e-01,2.062500000000000444e-02
1.186020000000000130e-01,2.218750000000000236e-02
1.186680000000000096e-01,2.531250000000000167e-02
1.187340000000000062e-01,3.125000000000000000e-02
1.188000000000000028e-01,3.312500000000000167e-02
1.188660000000000133e-01,3.718750000000000527e-02
1.189320000000000099e-01,4.125000000000000194e-02
1.189980000000000065e-01,4.281250000000000333e-02
1.190640000000000032e-01,4.406250000000000444e-02
1.191300000000000137e-01,4.281250000000000333e-02
1.191960000000000103e-01,4.000000000000000083e-02
1.192620000000000069e-01,3.531250000000000361e-02
1.193280000000000035e-01,3.406250000000000250e-02
1.193940000000000140e-01,2.843750000000000444e-02
1.194600000000000106e-01,2.843750000000000444e-02
1.195260000000000072e-01,2.562500000000000194e-02
1.195920000000000039e-01,2.437500000000000083e-02
1.196580000000000144e-01,2.343750000000000347e-02
1.197240000000000110e-01,2.343750000000000347e-02
1.197900000000000076e-01,2.343750000000000347e-02
1.198560000000000042e-01,2.500000000000000139e-02
1.199220000000000147e-01,2.750000000000000361e-02
1.199880000000000113e-01,2.968750000000000208e-02
1.200540000000000079e-01,3.093750000000000319e-02
1.201200000000000045e-01,3.218750000000000083e-02
1.201860000000000150e-01,3.250000000000000111e-02
1.202520000000000117e-01,3.218750000000000083e-02
1.203180000000000083e-01,2.937500000000000527e-02
1.203840000000000049e-01,2.468750000000000111e-02
1.204500000000000154e-01,2.218750000000000236e-02
1.205160000000000120e-01,2.031250000000000416e-02
1.205820000000000086e-01,1.875000000000000278e-02
1.206480000000000052e-01,1.468750000000000264e-02
1.207140000000000157e-01,1.218750000000000389e-02
1.207800000000000124e-01,1.062500000000000250e-02
1.208460000000000090e-01,8.750000000000004302e-03
1.209120000000000056e-01,7.187500000000002914e-03
1.209780000000000161e-01,5.625000000000001527e-03
1.210440000000000127e-01,5.625000000000001527e-03
1.211100000000000093e-01,5.312500000000001249e-03
1.211760000000000059e-01,5.625000000000001527e-03
1.212420000000000025e-01,6.875000000000002637e-03
1.213080000000000130e-01,7.812500000000003469e-03
1.213740000000000097e-01,1.156250000000000333e-02
1.214400000000000063e-01,1.468750000000000264e-02
1.215060000000000029e-01,1.718750000000000139e-02
1.215720000000000134e-01,2.187500000000000555e-02
1.216380000000000100e-01,2.500000000000000139e-02
1.217040000000000066e-01,2.687500000000000305e-02
1.217700000000000032e-01,2.687500000000000305e-02
1.218360000000000137e-01,2.687500000000000305e-02
1.219020000000000103e-01,2.656250000000000278e-02
1.219680000000000070e-01,2.593750000000000222e-02
1.220340000000000036e-01,2.625000000000000250e-02
1.221000000000000141e-01,2.531250000000000167e-02
1.221660000000000107e-01,2.375000000000000375e-02
1.222320000000000073e-01,2.281250000000000291e-02
1.222980000000000039e-01,2.250000000000000264e-02
1.223640000000000144e-01,2.187500000000000555e-02
1.224300000000000110e-01,2.093750000000000472e-02
1.224960000000000077e-01,2.062500000000000444e-02
1.225620000000000043e-01,2.093750000000000472e-02
1.226280000000000148e-01,2.125000000000000500e-02
1.226940000000000114e-01,2.093750000000000472e-02
1.227600000000000080e-01,1.968750000000000361e-02
1.228260000000000046e-01,1.812500000000000222e-02
1.228920000000000151e-01,1.687500000000000458e-02
1.229580000000000117e-01,1.312500000000000125e-02
1.230240000000000083e-01,1.156250000000000333e-02
1.230900000000000050e-01,1.031250000000000222e-02
1.231560000000000155e-01,9.687500000000001665e-03
1.232220000000000121e-01,8.125000000000003747e-03
1.232880000000000087e-01,7.812500000000003469e-03
1.233540000000000053e-01,6.562500000000002359e-03
1.234200000000000158e-01,6.250000000000002082e-03
1.234860000000000124e-01,5.937500000000001804e-03
1.235520000000000090e-01,5.937500000000001804e-03
1.236180000000000057e-01,5.937500000000001804e-03
1.236840000000000162e-01,6.562500000000002359e-03
1.237500000000000128e-01,7.500000000000003192e-03
1.238160000000000094e-01,9.062500000000001110e-03
1.238820000000000060e-01,1.125000000000000305e-02
1.239480000000000026e-01,1.343750000000000153e-02
1.240140000000000131e-01,1.750000000000000167e-02
1.240800000000000097e-01,2.062500000000000444e-02
1.241460000000000063e-01,2.281250000000000291e-02
1.242120000000000030e-01,2.468750000000000111e-02
1.242780000000000135e-01,2.531250000000000167e-02
1.243440000000000101e-01,2.437500000000000083e-02
1.244100000000000067e-01,2.312500000000000319e-02
1.244760000000000033e-01,2.125000000000000500e-02
1.245420000000000138e-01,1.875000000000000278e-02
1.246080000000000104e-01,1.781250000000000194e-02
1.246740000000000070e-01,1.656250000000000430e-02
1.247400000000000037e-01,1.593750000000000375e-02
1.248060000000000141e-01,1.593750000000000375e-02
1.248720000000000108e-01,1.593750000000000375e-02
1.249380000000000074e-01,1.562500000000000347e-02
1.250040000000000040e-01,1.656250000000000430e-02
1.250700000000000145e-01,1.718750000000000139e-02
1.251359999999999972e-01,1.937500000000000333e-02
1.252020000000000077e-01,2.062500000000000444e-02
1.252680000000000182e-01,2.343750000000000347e-02
1.253340000000000010e-01,2.562500000000000194e-02
1.254000000000000115e-01,2.562500000000000194e-02
1.254660000000000220e-01,2.500000000000000139e-02
1.255320000000000047e-01,2.250000000000000264e-02
1.255980000000000152e-01,2.156250000000000527e-02
1.256639999999999979e-01,1.781250000000000194e-02
1.257300000000000084e-01,1.312500000000000125e-02
1.257960000000000189e-01,1.218750000000000389e-02
1.258620000000000017e-01,1.000000000000000194e-02
1.259280000000000121e-01,7.500000000000003192e-03
1.259940000000000226e-01,6.250000000000002082e-03
1.260600000000000054e-01,4.687500000000004163e-03
1.261260000000000159e-01,4.062500000000003608e-03
1.261919999999999986e-01,4.062500000000003608e-03
1.262580000000000091e-01,4.062500000000003608e-03
1.263240000000000196e-01,4.687500000000004163e-03
1.263900000000000023e-01,5.937500000000001804e-03
1.264560000000000128e-01,7.500000000000003192e-03
1.265220000000000233e-01,1.093750000000000278e-02
1.265880000000000061e-01,1.468750000000000264e-02
1.266540000000000166e-01,1.687500000000000458e-02
1.267199999999999993e-01,2.218750000000000236e-02
1.267860000000000098e-01,2.468750000000000111e-02
1.268520000000000203e-01,2.687500000000000305e-02
1.269180000000000030e-01,2.781250000000000389e-02
1.269840000000000135e-01,2.812500000000000416e-02
1.270499999999999963e-01,2.687500000000000305e-02
1.271160000000000068e-01,2.437500000000000083e-02
1.271820000000000173e-01,2.187500000000000555e-02
1.272480000000000000e-01,1.906250000000000305e-02
1.273140000000000105e-01,1.812500000000000222e-02
1.273800000000000210e-01,1.687500000000000458e-02
1.274460000000000037e-01,1.593750000000000375e-02
1.275120000000000142e-01,1.562500000000000347e-02
1.275779999999999970e-01,1.437500000000000236e-02
1.276440000000000075e-01,1.406250000000000208e-02
1.277100000000000180e-01,1.437500000000000236e-02
1.277760000000000007e-01,1.468750000000000264e-02
1.278420000000000112e-01,1.562500000000000347e-02
1.279080000000000217e-01,1.625000000000000402e-02
1.279740000000000044e-01,1.750000000000000167e-02
1.280400000000000149e-01,1.750000000000000167e-02
1.281059999999999977e-01,1.687500000000000458e-02
1.281720000000000081e-01,1.593750000000000375e-02
1.282380000000000186e-01,1.437500000000000236e-02
1.283040000000000014e-01,1.218750000000000389e-02
1.283700000000000119e-01,1.156250000000000333e-02
1.284360000000000224e-01,9.375000000000001388e-03
1.285020000000000051e-01,8.125000000000003747e-03
1.285680000000000156e-01,7.187500000000002914e-03
1.286339999999999983e-01,6.250000000000002082e-03
1.287000000000000088e-01,5.000000000000004441e-03
1.287660000000000193e-01,4.375000000000003886e-03
1.288320000000000021e-01,3.750000000000003331e-03
1.288980000000000126e-01,4.062500000000003608e-03
1.289640000000000231e-01,3.750000000000003331e-03
1.290300000000000058e-01,4.375000000000003886e-03
1.290960000000000163e-01,6.562500000000002359e-03
1.291619999999999990e-01,7.500000000000003192e-03
1.292280000000000095e-01,1.093750000000000278e-02
1.292940000000000200e-01,1.625000000000000402e-02
1.293600000000000028e-01,1.906250000000000305e-02
1.294260000000000133e-01,2.187500000000000555e-02
1.294920000000000238e-01,2.500000000000000139e-02
1.295580000000000065e-01,2.593750000000000222e-02
1.296240000000000170e-01,2.625000000000000250e-02
1.296899999999999997e-01,2.562500000000000194e-02
1.297560000000000102e-01,2.406250000000000056e-02
1.298220000000000207e-01,2.187500000000000555e-02
1.298880000000000035e-01,1.968750000000000361e-02
1.299540000000000139e-01,1.937500000000000333e-02
1.300199999999999967e-01,1.812500000000000222e-02
1.300860000000000072e-01,1.687500000000000458e-02
1.301520000000000177e-01,1.562500000000000347e-02
1.302180000000000004e-01,1.500000000000000291e-02
1.302840000000000109e-01,1.562500000000000347e-02
1.303500000000000214e-01,1.625000000000000402e-02
1.304160000000000041e-01,1.687500000000000458e-02
1.304820000000000146e-01,2.000000000000000389e-02
1.305479999999999974e-01,2.218750000000000236e-02
1.306140000000000079e-01,2.281250000000000291e-02
1.306800000000000184e-01,2.375000000000000375e-02
1.307460000000000011e-01,2.375000000000000375e-02
1.308120000000000116e-01,2.218750000000000236e-02
1.308780000000000221e-01,2.093750000000000472e-02
1.309440000000000048e-01,1.875000000000000278e-02
1.310100000000000153e-01,1.718750000000000139e-02
1.310759999999999981e-01,1.593750000000000375e-02
1.311420000000000086e-01,1.406250000000000208e-02
1.312080000000000191e-01,1.218750000000000389e-02
1.312740000000000018e-01,1.031250000000000222e-02
1.313400000000000123e-01,1.000000000000000194e-02
1.314060000000000228e-01,8.750000000000004302e-03
1.314720000000000055e-01,8.437500000000004025e-03
1.315380000000000160e-01,8.437500000000004025e-03
1.316039999999999988e-01,8.750000000000004302e-03
1.316700000000000093e-01,9.062500000000001110e-03
1.317360000000000197e-01,9.687500000000001665e-03
1.318020000000000025e-01,1.218750000000000389e-02
1.318680000000000130e-01,2.406250000000000056e-02
1.319340000000000235e-01,2.437500000000000083e-02
