PURE SILICA, ELECTRODE=TUNGSTEN, TIME=35, POLING_VOLTAGE=3700, WAVELENGTH=1.55e-06, EFFECTIVE_DISTANCE=3.1e-05, POLED_LENGTH=0.3, CORE_INDEX=1.45, POLE=MAX, AC_VOLTAGE=236.25, AC_FREQUENCY=400, PIEZO_FREQUENCY=8.0
Time(s),Voltage(V)
4.000000000000000192e-04,4.343750000000000389e-02
4.620000000000000083e-04,4.468750000000000500e-02
5.240000000000000517e-04,4.500000000000000527e-02
5.860000000000000408e-04,4.500000000000000527e-02
6.480000000000000300e-04,4.500000000000000527e-02
7.100000000000000191e-04,4.562500000000000583e-02
7.720000000000001167e-04,4.624999999999999944e-02
8.340000000000001058e-04,4.593750000000000611e-02
8.960000000000000950e-04,4.624999999999999944e-02
9.580000000000000841e-04,4.593750000000000611e-02
1.020000000000000073e-03,4.624999999999999944e-02
1.082000000000000062e-03,4.624999999999999944e-02
1.144000000000000052e-03,4.593750000000000611e-02
1.206000000000000041e-03,4.531250000000000555e-02
1.268000000000000030e-03,4.468750000000000500e-02
1.330000000000000019e-03,4.437500000000000472e-02
1.392000000000000008e-03,4.375000000000000416e-02
1.453999999999999997e-03,4.250000000000000305e-02
1.515999999999999986e-03,4.187500000000000250e-02
1.577999999999999976e-03,4.187500000000000250e-02
1.639999999999999965e-03,4.187500000000000250e-02
1.701999999999999954e-03,4.125000000000000194e-02
1.763999999999999943e-03,4.125000000000000194e-02
1.825999999999999932e-03,4.156250000000000222e-02
1.888000000000000138e-03,4.187500000000000250e-02
1.950000000000000127e-03,4.343750000000000389e-02
2.012000000000000333e-03,4.406250000000000444e-02
2.074000000000000322e-03,4.468750000000000500e-02
2.136000000000000312e-03,4.531250000000000555e-02
2.198000000000000301e-03,4.562500000000000583e-02
2.260000000000000290e-03,4.500000000000000527e-02
2.322000000000000279e-03,4.500000000000000527e-02
2.384000000000000268e-03,4.531250000000000555e-02
2.446000000000000257e-03,4.500000000000000527e-02
2.508000000000000246e-03,4.437500000000000472e-02
2.570000000000000236e-03,4.312500000000000361e-02
2.632000000000000225e-03,4.187500000000000250e-02
2.694000000000000214e-03,4.125000000000000194e-02
2.756000000000000203e-03,4.062500000000000139e-02
2.818000000000000192e-03,4.125000000000000194e-02
2.880000000000000181e-03,4.156250000000000222e-02
2.942000000000000171e-03,4.156250000000000222e-02
3.004000000000000160e-03,4.187500000000000250e-02
3.066000000000000149e-03,4.156250000000000222e-02
3.128000000000000138e-03,4.187500000000000250e-02
3.190000000000000127e-03,4.218750000000000278e-02
3.252000000000000116e-03,4.250000000000000305e-02
3.314000000000000105e-03,4.375000000000000416e-02
3.376000000000000528e-03,4.437500000000000472e-02
3.438000000000000517e-03,4.500000000000000527e-02
3.500000000000000507e-03,4.500000000000000527e-02
3.562000000000000496e-03,4.531250000000000555e-02
3.624000000000000485e-03,4.593750000000000611e-02
3.686000000000000474e-03,4.593750000000000611e-02
3.748000000000000463e-03,4.593750000000000611e-02
3.810000000000000452e-03,4.593750000000000611e-02
3.872000000000000441e-03,4.593750000000000611e-02
3.933999999999999997e-03,4.593750000000000611e-02
3.996000000000000420e-03,4.562500000000000583e-02
4.057999999999999975e-03,4.562500000000000583e-02
4.120000000000000398e-03,4.562500000000000583e-02
4.181999999999999953e-03,4.562500000000000583e-02
4.244000000000000376e-03,4.562500000000000583e-02
4.305999999999999932e-03,4.593750000000000611e-02
4.368000000000000355e-03,4.531250000000000555e-02
4.430000000000000777e-03,4.562500000000000583e-02
4.492000000000000333e-03,4.531250000000000555e-02
4.554000000000000756e-03,4.500000000000000527e-02
4.616000000000000311e-03,4.437500000000000472e-02
4.678000000000000734e-03,4.343750000000000389e-02
4.740000000000000289e-03,4.343750000000000389e-02
4.802000000000000712e-03,4.281250000000000333e-02
4.864000000000000268e-03,4.125000000000000194e-02
4.926000000000000691e-03,4.093750000000000167e-02
4.988000000000000246e-03,4.000000000000000083e-02
5.050000000000000669e-03,3.906250000000000000e-02
5.112000000000000224e-03,3.843750000000000638e-02
5.174000000000000647e-03,3.812500000000000611e-02
5.236000000000000203e-03,3.812500000000000611e-02
5.298000000000000625e-03,3.781250000000000583e-02
5.360000000000000181e-03,3.750000000000000555e-02
5.422000000000000604e-03,3.750000000000000555e-02
5.484000000000000159e-03,3.687500000000000500e-02
5.546000000000000582e-03,3.625000000000000444e-02
5.608000000000000138e-03,3.562500000000000389e-02
5.670000000000000560e-03,3.625000000000000444e-02
5.732000000000000116e-03,3.625000000000000444e-02
5.794000000000000539e-03,3.625000000000000444e-02
5.856000000000000094e-03,3.687500000000000500e-02
5.918000000000000517e-03,3.687500000000000500e-02
5.980000000000000072e-03,3.687500000000000500e-02
6.042000000000000495e-03,3.812500000000000611e-02
6.104000000000000051e-03,3.812500000000000611e-02
6.166000000000000474e-03,3.906250000000000000e-02
6.228000000000000029e-03,3.937500000000000722e-02
6.290000000000000452e-03,4.062500000000000139e-02
6.352000000000000875e-03,4.093750000000000167e-02
6.414000000000000430e-03,4.156250000000000222e-02
6.476000000000000853e-03,4.187500000000000250e-02
6.538000000000000408e-03,4.187500000000000250e-02
6.600000000000000831e-03,4.218750000000000278e-02
6.662000000000000387e-03,4.187500000000000250e-02
6.724000000000000810e-03,4.218750000000000278e-02
6.786000000000000365e-03,4.187500000000000250e-02
6.848000000000000788e-03,4.187500000000000250e-02
6.910000000000000343e-03,4.125000000000000194e-02
6.972000000000000766e-03,4.000000000000000083e-02
7.034000000000000322e-03,3.906250000000000000e-02
7.096000000000000744e-03,3.812500000000000611e-02
7.158000000000000300e-03,3.718750000000000527e-02
7.220000000000000723e-03,3.593750000000000416e-02
7.282000000000000278e-03,3.375000000000000222e-02
7.344000000000000701e-03,3.218750000000000083e-02
7.406000000000000257e-03,3.062500000000000291e-02
7.468000000000000679e-03,3.000000000000000236e-02
7.530000000000000235e-03,2.875000000000000472e-02
7.592000000000000658e-03,2.812500000000000416e-02
7.654000000000000213e-03,2.718750000000000333e-02
7.716000000000000636e-03,2.656250000000000278e-02
7.778000000000000191e-03,2.625000000000000250e-02
7.839999999999999747e-03,2.562500000000000194e-02
7.901999999999999302e-03,2.531250000000000167e-02
7.964000000000000593e-03,2.531250000000000167e-02
8.026000000000000148e-03,2.531250000000000167e-02
8.087999999999999703e-03,2.593750000000000222e-02
8.149999999999999259e-03,2.656250000000000278e-02
8.212000000000000549e-03,2.812500000000000416e-02
8.274000000000000105e-03,2.937500000000000527e-02
8.335999999999999660e-03,3.031250000000000264e-02
8.397999999999999216e-03,3.125000000000000000e-02
8.460000000000000506e-03,3.312500000000000167e-02
8.522000000000000061e-03,3.468750000000000305e-02
8.583999999999999617e-03,3.562500000000000389e-02
8.645999999999999172e-03,3.656250000000000472e-02
8.708000000000000462e-03,3.750000000000000555e-02
8.770000000000000018e-03,3.812500000000000611e-02
8.831999999999999573e-03,3.875000000000000666e-02
8.893999999999999129e-03,3.906250000000000000e-02
8.956000000000000419e-03,4.031250000000000111e-02
9.017999999999999974e-03,4.062500000000000139e-02
9.079999999999999530e-03,4.093750000000000167e-02
9.141999999999999085e-03,4.125000000000000194e-02
9.204000000000000375e-03,4.125000000000000194e-02
9.265999999999999931e-03,4.125000000000000194e-02
9.327999999999999486e-03,4.093750000000000167e-02
9.389999999999999042e-03,4.062500000000000139e-02
9.452000000000000332e-03,4.000000000000000083e-02
9.513999999999999888e-03,3.937500000000000722e-02
9.575999999999999443e-03,3.812500000000000611e-02
9.637999999999998998e-03,3.687500000000000500e-02
9.700000000000000289e-03,3.500000000000000333e-02
9.761999999999999844e-03,3.406250000000000250e-02
9.823999999999999400e-03,3.312500000000000167e-02
9.885999999999998955e-03,3.156250000000000028e-02
9.948000000000000245e-03,2.968750000000000208e-02
1.000999999999999980e-02,2.812500000000000416e-02
1.007199999999999936e-02,2.718750000000000333e-02
1.013399999999999891e-02,2.625000000000000250e-02
1.019600000000000020e-02,2.500000000000000139e-02
1.025799999999999976e-02,2.437500000000000083e-02
1.031999999999999931e-02,2.375000000000000375e-02
1.038200000000000060e-02,2.343750000000000347e-02
1.044400000000000016e-02,2.312500000000000319e-02
1.050599999999999971e-02,2.312500000000000319e-02
1.056799999999999927e-02,2.281250000000000291e-02
1.063000000000000056e-02,2.312500000000000319e-02
1.069200000000000012e-02,2.312500000000000319e-02
1.075399999999999967e-02,2.312500000000000319e-02
1.081599999999999923e-02,2.437500000000000083e-02
1.087800000000000052e-02,2.468750000000000111e-02
1.094000000000000007e-02,2.562500000000000194e-02
1.100199999999999963e-02,2.656250000000000278e-02
1.106399999999999918e-02,2.718750000000000333e-02
1.112600000000000047e-02,2.781250000000000389e-02
1.118800000000000003e-02,2.937500000000000527e-02
1.124999999999999958e-02,2.968750000000000208e-02
1.131199999999999914e-02,3.062500000000000291e-02
1.137400000000000043e-02,3.125000000000000000e-02
1.143599999999999998e-02,3.187500000000000056e-02
1.149799999999999954e-02,3.281250000000000139e-02
1.155999999999999910e-02,3.375000000000000222e-02
1.162200000000000039e-02,3.468750000000000305e-02
1.168399999999999994e-02,3.437500000000000278e-02
1.174599999999999950e-02,3.531250000000000361e-02
1.180799999999999905e-02,3.468750000000000305e-02
1.187000000000000034e-02,3.468750000000000305e-02
1.193199999999999990e-02,3.437500000000000278e-02
1.199399999999999945e-02,3.343750000000000194e-02
1.205599999999999901e-02,3.250000000000000111e-02
1.211800000000000030e-02,3.125000000000000000e-02
1.217999999999999985e-02,2.937500000000000527e-02
1.224199999999999941e-02,2.750000000000000361e-02
1.230400000000000070e-02,2.656250000000000278e-02
1.236600000000000026e-02,2.468750000000000111e-02
1.242799999999999981e-02,2.375000000000000375e-02
1.248999999999999937e-02,2.156250000000000527e-02
1.255200000000000066e-02,2.093750000000000472e-02
1.261400000000000021e-02,1.968750000000000361e-02
1.267599999999999977e-02,1.843750000000000250e-02
1.273799999999999932e-02,1.781250000000000194e-02
1.280000000000000061e-02,1.750000000000000167e-02
1.286200000000000017e-02,1.687500000000000458e-02
1.292399999999999972e-02,1.718750000000000139e-02
1.298599999999999928e-02,1.718750000000000139e-02
1.304800000000000057e-02,1.718750000000000139e-02
1.311000000000000013e-02,1.750000000000000167e-02
1.317199999999999968e-02,1.843750000000000250e-02
1.323399999999999924e-02,1.843750000000000250e-02
1.329600000000000053e-02,1.906250000000000305e-02
1.335800000000000008e-02,2.031250000000000416e-02
1.341999999999999964e-02,2.250000000000000264e-02
1.348199999999999919e-02,2.343750000000000347e-02
1.354400000000000048e-02,2.500000000000000139e-02
1.360600000000000004e-02,2.656250000000000278e-02
1.366799999999999959e-02,2.906250000000000500e-02
1.372999999999999915e-02,3.000000000000000236e-02
1.379200000000000044e-02,3.125000000000000000e-02
1.385400000000000000e-02,3.156250000000000028e-02
1.391599999999999955e-02,3.218750000000000083e-02
1.397799999999999911e-02,3.218750000000000083e-02
1.404000000000000040e-02,3.218750000000000083e-02
1.410199999999999995e-02,3.218750000000000083e-02
1.416399999999999951e-02,3.187500000000000056e-02
1.422599999999999906e-02,3.156250000000000028e-02
1.428800000000000035e-02,3.062500000000000291e-02
1.434999999999999991e-02,3.000000000000000236e-02
1.441199999999999946e-02,2.875000000000000472e-02
1.447400000000000075e-02,2.812500000000000416e-02
1.453600000000000031e-02,2.625000000000000250e-02
1.459799999999999986e-02,2.468750000000000111e-02
1.465999999999999942e-02,2.312500000000000319e-02
1.472200000000000071e-02,2.187500000000000555e-02
1.478400000000000027e-02,2.125000000000000500e-02
1.484599999999999982e-02,1.968750000000000361e-02
1.490799999999999938e-02,1.937500000000000333e-02
1.497000000000000067e-02,1.812500000000000222e-02
1.503200000000000022e-02,1.812500000000000222e-02
1.509399999999999978e-02,1.781250000000000194e-02
1.515599999999999933e-02,1.718750000000000139e-02
1.521800000000000062e-02,1.718750000000000139e-02
1.528000000000000018e-02,1.656250000000000430e-02
1.534199999999999973e-02,1.656250000000000430e-02
1.540399999999999929e-02,1.593750000000000375e-02
1.546600000000000058e-02,1.562500000000000347e-02
1.552800000000000014e-02,1.531250000000000319e-02
1.558999999999999969e-02,1.531250000000000319e-02
1.565199999999999925e-02,1.468750000000000264e-02
1.571400000000000227e-02,1.468750000000000264e-02
1.577600000000000183e-02,1.468750000000000264e-02
1.583800000000000138e-02,1.468750000000000264e-02
1.590000000000000094e-02,1.500000000000000291e-02
1.596200000000000049e-02,1.562500000000000347e-02
1.602400000000000005e-02,1.593750000000000375e-02
1.608600000000000307e-02,1.656250000000000430e-02
1.614800000000000263e-02,1.750000000000000167e-02
1.621000000000000218e-02,1.843750000000000250e-02
1.627200000000000174e-02,1.937500000000000333e-02
1.633400000000000130e-02,2.125000000000000500e-02
1.639600000000000085e-02,2.218750000000000236e-02
1.645800000000000041e-02,2.343750000000000347e-02
1.652000000000000343e-02,2.500000000000000139e-02
1.658200000000000299e-02,2.687500000000000305e-02
1.664400000000000254e-02,2.781250000000000389e-02
1.670600000000000210e-02,2.843750000000000444e-02
1.676800000000000165e-02,2.843750000000000444e-02
1.683000000000000121e-02,2.906250000000000500e-02
1.689200000000000076e-02,2.875000000000000472e-02
1.695400000000000032e-02,2.875000000000000472e-02
1.701600000000000334e-02,2.750000000000000361e-02
1.707800000000000290e-02,2.593750000000000222e-02
1.714000000000000246e-02,2.500000000000000139e-02
1.720200000000000201e-02,2.250000000000000264e-02
1.726400000000000157e-02,2.125000000000000500e-02
1.732600000000000112e-02,1.875000000000000278e-02
1.738800000000000068e-02,1.718750000000000139e-02
1.745000000000000023e-02,1.468750000000000264e-02
1.751200000000000326e-02,1.281250000000000444e-02
1.757400000000000281e-02,1.156250000000000333e-02
1.763600000000000237e-02,1.031250000000000222e-02
1.769800000000000192e-02,9.062500000000001110e-03
1.776000000000000148e-02,8.437500000000004025e-03
1.782200000000000104e-02,7.500000000000003192e-03
1.788400000000000059e-02,6.562500000000002359e-03
1.794600000000000015e-02,6.250000000000002082e-03
1.800800000000000317e-02,5.937500000000001804e-03
1.807000000000000273e-02,5.937500000000001804e-03
1.813200000000000228e-02,6.250000000000002082e-03
1.819400000000000184e-02,6.250000000000002082e-03
1.825600000000000139e-02,7.187500000000002914e-03
1.831800000000000095e-02,8.125000000000003747e-03
1.838000000000000050e-02,9.062500000000001110e-03
1.844200000000000353e-02,9.687500000000001665e-03
1.850400000000000308e-02,1.156250000000000333e-02
1.856600000000000264e-02,1.250000000000000416e-02
1.862800000000000220e-02,1.437500000000000236e-02
1.869000000000000175e-02,1.500000000000000291e-02
1.875200000000000131e-02,1.562500000000000347e-02
1.881400000000000086e-02,1.687500000000000458e-02
1.887600000000000042e-02,1.718750000000000139e-02
1.893800000000000344e-02,1.718750000000000139e-02
1.900000000000000300e-02,1.718750000000000139e-02
1.906200000000000255e-02,1.718750000000000139e-02
1.912400000000000211e-02,1.656250000000000430e-02
1.918600000000000166e-02,1.593750000000000375e-02
1.924800000000000122e-02,1.531250000000000319e-02
1.931000000000000077e-02,1.406250000000000208e-02
1.937200000000000033e-02,1.312500000000000125e-02
1.943400000000000336e-02,1.187500000000000361e-02
1.949600000000000291e-02,1.000000000000000194e-02
1.955800000000000247e-02,9.375000000000001388e-03
1.962000000000000202e-02,7.500000000000003192e-03
1.968200000000000158e-02,7.187500000000002914e-03
1.974400000000000113e-02,5.625000000000001527e-03
1.980600000000000069e-02,5.312500000000001249e-03
1.986800000000000024e-02,4.375000000000003886e-03
1.993000000000000327e-02,4.062500000000003608e-03
1.999200000000000282e-02,3.750000000000003331e-03
2.005400000000000238e-02,3.437500000000003053e-03
2.011600000000000193e-02,3.437500000000003053e-03
2.017800000000000149e-02,3.125000000000002776e-03
2.024000000000000105e-02,3.125000000000002776e-03
2.030200000000000060e-02,2.812500000000002498e-03
2.036400000000000363e-02,3.125000000000002776e-03
2.042600000000000318e-02,3.125000000000002776e-03
2.048800000000000274e-02,3.437500000000003053e-03
2.055000000000000229e-02,3.125000000000002776e-03
2.061200000000000185e-02,3.437500000000003053e-03
2.067400000000000140e-02,3.437500000000003053e-03
2.073600000000000096e-02,3.437500000000003053e-03
2.079800000000000051e-02,3.437500000000003053e-03
2.086000000000000354e-02,3.437500000000003053e-03
2.092200000000000309e-02,3.750000000000003331e-03
2.098400000000000265e-02,4.062500000000003608e-03
2.104600000000000221e-02,4.375000000000003886e-03
2.110800000000000176e-02,5.000000000000004441e-03
2.117000000000000132e-02,5.000000000000004441e-03
2.123200000000000087e-02,5.937500000000001804e-03
2.129400000000000043e-02,6.250000000000002082e-03
2.135600000000000345e-02,6.562500000000002359e-03
2.141800000000000301e-02,7.500000000000003192e-03
2.148000000000000256e-02,7.812500000000003469e-03
2.154200000000000212e-02,8.125000000000003747e-03
2.160400000000000167e-02,8.750000000000004302e-03
2.166600000000000123e-02,8.750000000000004302e-03
2.172800000000000079e-02,9.062500000000001110e-03
2.179000000000000034e-02,8.750000000000004302e-03
2.185200000000000337e-02,8.750000000000004302e-03
2.191400000000000292e-02,8.125000000000003747e-03
2.197600000000000248e-02,7.500000000000003192e-03
2.203800000000000203e-02,6.250000000000002082e-03
2.210000000000000159e-02,5.312500000000001249e-03
2.216200000000000114e-02,4.687500000000004163e-03
2.222400000000000070e-02,3.750000000000003331e-03
2.228600000000000372e-02,3.437500000000003053e-03
2.234800000000000328e-02,2.812500000000002498e-03
2.241000000000000283e-02,2.500000000000002220e-03
2.247200000000000239e-02,2.500000000000002220e-03
2.253400000000000195e-02,1.875000000000001665e-03
2.259600000000000150e-02,2.187500000000001943e-03
2.265800000000000106e-02,2.187500000000001943e-03
2.272000000000000061e-02,2.500000000000002220e-03
2.278200000000000364e-02,2.500000000000002220e-03
2.284400000000000319e-02,2.812500000000002498e-03
2.290600000000000275e-02,2.812500000000002498e-03
2.296800000000000230e-02,3.125000000000002776e-03
2.303000000000000186e-02,3.437500000000003053e-03
2.309200000000000141e-02,3.437500000000003053e-03
2.315400000000000097e-02,3.437500000000003053e-03
2.321600000000000052e-02,3.125000000000002776e-03
2.327800000000000355e-02,3.125000000000002776e-03
2.334000000000000311e-02,2.812500000000002498e-03
2.340200000000000266e-02,3.125000000000002776e-03
2.346400000000000222e-02,2.812500000000002498e-03
2.352600000000000177e-02,2.812500000000002498e-03
2.358800000000000133e-02,2.500000000000002220e-03
2.365000000000000088e-02,2.187500000000001943e-03
2.371200000000000044e-02,2.187500000000001943e-03
2.377400000000000346e-02,1.875000000000001665e-03
2.383600000000000302e-02,1.875000000000001665e-03
2.389800000000000257e-02,2.187500000000001943e-03
2.396000000000000213e-02,2.500000000000002220e-03
2.402200000000000168e-02,1.875000000000001665e-03
2.408400000000000124e-02,2.187500000000001943e-03
2.414600000000000080e-02,2.500000000000002220e-03
2.420800000000000382e-02,2.500000000000002220e-03
2.427000000000000338e-02,2.187500000000001943e-03
2.433200000000000293e-02,2.187500000000001943e-03
2.439400000000000249e-02,1.875000000000001665e-03
2.445600000000000204e-02,1.875000000000001665e-03
2.451800000000000160e-02,1.875000000000001665e-03
2.458000000000000115e-02,2.187500000000001943e-03
2.464200000000000071e-02,1.875000000000001665e-03
2.470400000000000373e-02,2.187500000000001943e-03
2.476600000000000329e-02,2.812500000000002498e-03
2.482800000000000284e-02,3.437500000000003053e-03
2.489000000000000240e-02,4.687500000000004163e-03
2.495200000000000196e-02,5.937500000000001804e-03
2.501400000000000151e-02,6.562500000000002359e-03
2.507600000000000107e-02,8.125000000000003747e-03
2.513800000000000062e-02,8.437500000000004025e-03
2.520000000000000365e-02,9.375000000000001388e-03
2.526200000000000320e-02,1.031250000000000222e-02
2.532400000000000276e-02,1.062500000000000250e-02
2.538600000000000231e-02,1.062500000000000250e-02
2.544800000000000187e-02,1.093750000000000278e-02
2.551000000000000142e-02,1.093750000000000278e-02
2.557200000000000098e-02,1.031250000000000222e-02
2.563400000000000054e-02,1.000000000000000194e-02
2.569600000000000356e-02,9.375000000000001388e-03
2.575800000000000312e-02,9.062500000000001110e-03
2.582000000000000267e-02,7.187500000000002914e-03
2.588200000000000223e-02,7.187500000000002914e-03
2.594400000000000178e-02,5.937500000000001804e-03
2.600600000000000134e-02,4.375000000000003886e-03
2.606800000000000089e-02,4.062500000000003608e-03
2.613000000000000045e-02,3.750000000000003331e-03
2.619200000000000347e-02,3.125000000000002776e-03
2.625400000000000303e-02,2.812500000000002498e-03
2.631600000000000258e-02,2.500000000000002220e-03
2.637800000000000214e-02,2.187500000000001943e-03
2.644000000000000170e-02,2.187500000000001943e-03
2.650200000000000125e-02,2.187500000000001943e-03
2.656400000000000081e-02,2.187500000000001943e-03
2.662600000000000383e-02,2.187500000000001943e-03
2.668800000000000339e-02,2.500000000000002220e-03
2.675000000000000294e-02,2.812500000000002498e-03
2.681200000000000250e-02,3.437500000000003053e-03
2.687400000000000205e-02,3.437500000000003053e-03
2.693600000000000161e-02,4.375000000000003886e-03
2.699800000000000116e-02,5.625000000000001527e-03
2.706000000000000072e-02,6.875000000000002637e-03
2.712200000000000374e-02,7.187500000000002914e-03
2.718400000000000330e-02,8.437500000000004025e-03
2.724600000000000286e-02,9.687500000000001665e-03
2.730800000000000241e-02,1.062500000000000250e-02
2.737000000000000197e-02,1.156250000000000333e-02
2.743200000000000152e-02,1.218750000000000389e-02
2.749400000000000108e-02,1.250000000000000416e-02
2.755600000000000063e-02,1.312500000000000125e-02
2.761800000000000366e-02,1.375000000000000180e-02
2.768000000000000321e-02,1.406250000000000208e-02
2.774200000000000277e-02,1.437500000000000236e-02
2.780400000000000232e-02,1.500000000000000291e-02
2.786600000000000188e-02,1.500000000000000291e-02
2.792800000000000143e-02,1.531250000000000319e-02
2.799000000000000099e-02,1.593750000000000375e-02
2.805200000000000055e-02,1.593750000000000375e-02
2.811400000000000357e-02,1.593750000000000375e-02
2.817600000000000313e-02,1.593750000000000375e-02
2.823800000000000268e-02,1.593750000000000375e-02
2.830000000000000224e-02,1.531250000000000319e-02
2.836200000000000179e-02,1.500000000000000291e-02
2.842400000000000135e-02,1.437500000000000236e-02
2.848600000000000090e-02,1.406250000000000208e-02
2.854800000000000393e-02,1.312500000000000125e-02
2.861000000000000348e-02,1.281250000000000444e-02
2.867200000000000304e-02,1.218750000000000389e-02
2.873400000000000259e-02,1.125000000000000305e-02
2.879600000000000215e-02,1.031250000000000222e-02
2.885800000000000171e-02,9.375000000000001388e-03
2.892000000000000126e-02,7.812500000000003469e-03
2.898200000000000082e-02,7.187500000000002914e-03
2.904400000000000384e-02,6.875000000000002637e-03
2.910600000000000340e-02,6.250000000000002082e-03
2.916800000000000295e-02,5.312500000000001249e-03
2.923000000000000251e-02,5.625000000000001527e-03
2.929200000000000206e-02,5.625000000000001527e-03
2.935400000000000162e-02,5.312500000000001249e-03
2.941600000000000117e-02,5.937500000000001804e-03
2.947800000000000073e-02,6.875000000000002637e-03
2.954000000000000375e-02,8.437500000000004025e-03
2.960200000000000331e-02,1.031250000000000222e-02
2.966400000000000287e-02,1.250000000000000416e-02
2.972600000000000242e-02,1.625000000000000402e-02
2.978800000000000198e-02,1.843750000000000250e-02
2.985000000000000153e-02,2.093750000000000472e-02
2.991200000000000109e-02,2.312500000000000319e-02
2.997400000000000064e-02,2.531250000000000167e-02
3.003600000000000367e-02,2.687500000000000305e-02
3.009800000000000322e-02,2.812500000000000416e-02
3.016000000000000278e-02,2.906250000000000500e-02
3.022200000000000233e-02,2.906250000000000500e-02
3.028400000000000189e-02,2.937500000000000527e-02
3.034600000000000145e-02,2.937500000000000527e-02
3.040800000000000100e-02,2.875000000000000472e-02
3.047000000000000403e-02,2.718750000000000333e-02
3.053200000000000358e-02,2.687500000000000305e-02
3.059400000000000314e-02,2.593750000000000222e-02
3.065600000000000269e-02,2.468750000000000111e-02
3.071800000000000225e-02,2.343750000000000347e-02
3.078000000000000180e-02,2.125000000000000500e-02
3.084200000000000136e-02,1.968750000000000361e-02
3.090400000000000091e-02,1.812500000000000222e-02
3.096600000000000394e-02,1.750000000000000167e-02
3.102800000000000349e-02,1.625000000000000402e-02
3.109000000000000305e-02,1.468750000000000264e-02
3.115200000000000261e-02,1.406250000000000208e-02
3.121400000000000216e-02,1.312500000000000125e-02
3.127599999999999825e-02,1.250000000000000416e-02
3.133799999999999780e-02,1.250000000000000416e-02
3.139999999999999736e-02,1.187500000000000361e-02
3.146200000000000385e-02,1.187500000000000361e-02
3.152400000000000341e-02,1.156250000000000333e-02
3.158600000000000296e-02,1.156250000000000333e-02
3.164800000000000252e-02,1.156250000000000333e-02
3.171000000000000207e-02,1.093750000000000278e-02
3.177200000000000163e-02,1.093750000000000278e-02
3.183400000000000118e-02,1.093750000000000278e-02
3.189600000000000074e-02,1.093750000000000278e-02
3.195800000000000030e-02,1.125000000000000305e-02
3.201999999999999985e-02,1.125000000000000305e-02
3.208199999999999941e-02,1.125000000000000305e-02
3.214399999999999896e-02,1.187500000000000361e-02
3.220599999999999852e-02,1.312500000000000125e-02
3.226799999999999807e-02,1.406250000000000208e-02
3.232999999999999763e-02,1.562500000000000347e-02
3.239199999999999718e-02,1.625000000000000402e-02
3.245399999999999674e-02,1.843750000000000250e-02
3.251599999999999629e-02,1.906250000000000305e-02
3.257799999999999585e-02,2.125000000000000500e-02
3.264000000000000234e-02,2.312500000000000319e-02
3.270200000000000190e-02,2.468750000000000111e-02
3.276400000000000146e-02,2.625000000000000250e-02
3.282600000000000101e-02,2.781250000000000389e-02
3.288800000000000057e-02,2.968750000000000208e-02
3.295000000000000012e-02,3.156250000000000028e-02
3.301199999999999968e-02,3.218750000000000083e-02
3.307399999999999923e-02,3.281250000000000139e-02
3.313599999999999879e-02,3.343750000000000194e-02
3.319799999999999834e-02,3.343750000000000194e-02
3.325999999999999790e-02,3.312500000000000167e-02
3.332199999999999745e-02,3.281250000000000139e-02
3.338399999999999701e-02,3.093750000000000319e-02
3.344599999999999657e-02,2.937500000000000527e-02
3.350799999999999612e-02,2.750000000000000361e-02
3.356999999999999568e-02,2.500000000000000139e-02
3.363200000000000217e-02,2.281250000000000291e-02
3.369400000000000173e-02,1.937500000000000333e-02
3.375600000000000128e-02,1.812500000000000222e-02
3.381800000000000084e-02,1.531250000000000319e-02
3.388000000000000039e-02,1.375000000000000180e-02
3.394199999999999995e-02,1.250000000000000416e-02
3.400399999999999950e-02,1.187500000000000361e-02
3.406599999999999906e-02,1.156250000000000333e-02
3.412799999999999861e-02,1.187500000000000361e-02
3.418999999999999817e-02,1.218750000000000389e-02
3.425199999999999773e-02,1.281250000000000444e-02
3.431399999999999728e-02,1.437500000000000236e-02
3.437599999999999684e-02,1.531250000000000319e-02
3.443799999999999639e-02,1.750000000000000167e-02
3.449999999999999595e-02,1.906250000000000305e-02
3.456200000000000244e-02,2.281250000000000291e-02
3.462400000000000200e-02,2.375000000000000375e-02
3.468600000000000155e-02,2.531250000000000167e-02
3.474800000000000111e-02,2.781250000000000389e-02
3.481000000000000066e-02,2.843750000000000444e-02
3.487200000000000022e-02,3.062500000000000291e-02
3.493399999999999977e-02,3.093750000000000319e-02
3.499599999999999933e-02,3.187500000000000056e-02
3.505799999999999889e-02,3.156250000000000028e-02
3.511999999999999844e-02,3.125000000000000000e-02
3.518199999999999800e-02,3.125000000000000000e-02
3.524399999999999755e-02,3.031250000000000264e-02
3.530599999999999711e-02,2.937500000000000527e-02
3.536799999999999666e-02,2.875000000000000472e-02
3.542999999999999622e-02,2.812500000000000416e-02
3.549199999999999577e-02,2.781250000000000389e-02
3.555400000000000227e-02,2.687500000000000305e-02
3.561600000000000182e-02,2.718750000000000333e-02
3.567800000000000138e-02,2.625000000000000250e-02
3.574000000000000093e-02,2.562500000000000194e-02
3.580200000000000049e-02,2.562500000000000194e-02
3.586400000000000005e-02,2.531250000000000167e-02
3.592599999999999960e-02,2.500000000000000139e-02
3.598799999999999916e-02,2.468750000000000111e-02
3.604999999999999871e-02,2.406250000000000056e-02
3.611199999999999827e-02,2.375000000000000375e-02
3.617399999999999782e-02,2.343750000000000347e-02
3.623599999999999738e-02,2.312500000000000319e-02
3.629799999999999693e-02,2.218750000000000236e-02
3.635999999999999649e-02,2.156250000000000527e-02
3.642199999999999604e-02,2.093750000000000472e-02
3.648400000000000254e-02,2.031250000000000416e-02
3.654600000000000209e-02,1.906250000000000305e-02
3.660800000000000165e-02,1.875000000000000278e-02
3.667000000000000121e-02,1.781250000000000194e-02
3.673200000000000076e-02,1.812500000000000222e-02
3.679400000000000032e-02,1.781250000000000194e-02
3.685599999999999987e-02,1.812500000000000222e-02
3.691799999999999943e-02,1.937500000000000333e-02
3.697999999999999898e-02,2.031250000000000416e-02
3.704199999999999854e-02,2.093750000000000472e-02
3.710399999999999809e-02,2.343750000000000347e-02
3.716599999999999765e-02,2.562500000000000194e-02
3.722799999999999720e-02,2.687500000000000305e-02
3.728999999999999676e-02,2.843750000000000444e-02
3.735199999999999632e-02,3.031250000000000264e-02
3.741399999999999587e-02,3.343750000000000194e-02
3.747600000000000237e-02,3.531250000000000361e-02
3.753800000000000192e-02,3.812500000000000611e-02
3.760000000000000148e-02,3.937500000000000722e-02
3.766200000000000103e-02,4.062500000000000139e-02
3.772400000000000059e-02,4.125000000000000194e-02
3.778600000000000014e-02,4.187500000000000250e-02
3.784799999999999970e-02,4.187500000000000250e-02
3.790999999999999925e-02,4.187500000000000250e-02
3.797199999999999881e-02,4.156250000000000222e-02
3.803399999999999836e-02,4.031250000000000111e-02
3.809599999999999792e-02,3.968750000000000056e-02
3.815799999999999748e-02,3.875000000000000666e-02
3.821999999999999703e-02,3.781250000000000583e-02
3.828199999999999659e-02,3.656250000000000472e-02
3.834399999999999614e-02,3.562500000000000389e-02
3.840600000000000264e-02,3.375000000000000222e-02
3.846800000000000219e-02,3.312500000000000167e-02
3.853000000000000175e-02,3.125000000000000000e-02
3.859200000000000130e-02,2.906250000000000500e-02
3.865400000000000086e-02,2.750000000000000361e-02
3.871600000000000041e-02,2.687500000000000305e-02
3.877799999999999997e-02,2.593750000000000222e-02
3.883999999999999952e-02,2.593750000000000222e-02
3.890199999999999908e-02,2.468750000000000111e-02
3.896399999999999864e-02,2.468750000000000111e-02
3.902599999999999819e-02,2.437500000000000083e-02
3.908799999999999775e-02,2.468750000000000111e-02
3.914999999999999730e-02,2.500000000000000139e-02
3.921199999999999686e-02,2.531250000000000167e-02
3.927399999999999641e-02,2.593750000000000222e-02
3.933599999999999597e-02,2.625000000000000250e-02
3.939800000000000246e-02,2.781250000000000389e-02
3.946000000000000202e-02,2.875000000000000472e-02
3.952200000000000157e-02,2.968750000000000208e-02
3.958400000000000113e-02,3.187500000000000056e-02
3.964600000000000068e-02,3.218750000000000083e-02
3.970800000000000024e-02,3.406250000000000250e-02
3.976999999999999980e-02,3.468750000000000305e-02
3.983199999999999935e-02,3.593750000000000416e-02
3.989399999999999891e-02,3.687500000000000500e-02
3.995599999999999846e-02,3.750000000000000555e-02
4.001799999999999802e-02,3.875000000000000666e-02
4.007999999999999757e-02,3.937500000000000722e-02
4.014199999999999713e-02,4.062500000000000139e-02
4.020399999999999668e-02,4.125000000000000194e-02
4.026599999999999624e-02,4.218750000000000278e-02
4.032800000000000273e-02,4.312500000000000361e-02
4.039000000000000229e-02,4.406250000000000444e-02
4.045200000000000184e-02,4.468750000000000500e-02
4.051400000000000140e-02,4.562500000000000583e-02
4.057600000000000096e-02,4.593750000000000611e-02
4.063800000000000051e-02,4.624999999999999944e-02
4.070000000000000007e-02,4.656250000000000666e-02
4.076199999999999962e-02,4.718750000000000722e-02
4.082399999999999918e-02,4.718750000000000722e-02
4.088599999999999873e-02,4.718750000000000722e-02
4.094799999999999829e-02,4.656250000000000666e-02
4.100999999999999784e-02,4.656250000000000666e-02
4.107199999999999740e-02,4.531250000000000555e-02
4.113399999999999695e-02,4.406250000000000444e-02
4.119599999999999651e-02,4.375000000000000416e-02
4.125799999999999607e-02,4.218750000000000278e-02
4.132000000000000256e-02,4.000000000000000083e-02
4.138200000000000212e-02,3.906250000000000000e-02
4.144400000000000167e-02,3.750000000000000555e-02
4.150600000000000123e-02,3.625000000000000444e-02
4.156800000000000078e-02,3.625000000000000444e-02
4.163000000000000034e-02,3.562500000000000389e-02
4.169199999999999989e-02,3.562500000000000389e-02
4.175399999999999945e-02,3.593750000000000416e-02
4.181599999999999900e-02,3.687500000000000500e-02
4.187799999999999856e-02,3.750000000000000555e-02
4.193999999999999811e-02,3.843750000000000638e-02
4.200199999999999767e-02,4.000000000000000083e-02
4.206399999999999723e-02,4.187500000000000250e-02
4.212599999999999678e-02,4.312500000000000361e-02
4.218799999999999634e-02,4.468750000000000500e-02
4.225000000000000283e-02,4.531250000000000555e-02
4.231200000000000239e-02,4.624999999999999944e-02
4.237400000000000194e-02,4.624999999999999944e-02
4.243600000000000150e-02,4.656250000000000666e-02
4.249800000000000105e-02,4.718750000000000722e-02
4.256000000000000061e-02,4.750000000000000056e-02
4.262200000000000016e-02,4.718750000000000722e-02
4.268399999999999972e-02,4.718750000000000722e-02
4.274599999999999927e-02,4.781250000000000777e-02
4.280799999999999883e-02,4.781250000000000777e-02
4.286999999999999839e-02,4.781250000000000777e-02
4.293199999999999794e-02,4.781250000000000777e-02
4.299399999999999750e-02,4.750000000000000056e-02
4.305599999999999705e-02,4.781250000000000777e-02
4.311799999999999661e-02,4.750000000000000056e-02
4.317999999999999616e-02,4.781250000000000777e-02
4.324200000000000266e-02,4.718750000000000722e-02
4.330400000000000221e-02,4.750000000000000056e-02
4.336600000000000177e-02,4.750000000000000056e-02
4.342800000000000132e-02,4.718750000000000722e-02
4.349000000000000088e-02,4.718750000000000722e-02
4.355200000000000043e-02,4.718750000000000722e-02
4.361399999999999999e-02,4.656250000000000666e-02
4.367599999999999955e-02,4.656250000000000666e-02
4.373799999999999910e-02,4.624999999999999944e-02
4.379999999999999866e-02,4.593750000000000611e-02
4.386199999999999821e-02,4.593750000000000611e-02
4.392399999999999777e-02,4.562500000000000583e-02
4.398599999999999732e-02,4.562500000000000583e-02
4.404799999999999688e-02,4.562500000000000583e-02
4.410999999999999643e-02,4.562500000000000583e-02
4.417200000000000293e-02,4.531250000000000555e-02
4.423400000000000248e-02,4.531250000000000555e-02
4.429600000000000204e-02,4.500000000000000527e-02
4.435800000000000159e-02,4.500000000000000527e-02
4.442000000000000115e-02,4.531250000000000555e-02
4.448200000000000071e-02,4.531250000000000555e-02
4.454400000000000026e-02,4.562500000000000583e-02
4.460599999999999982e-02,4.562500000000000583e-02
4.466799999999999937e-02,4.593750000000000611e-02
4.472999999999999893e-02,4.593750000000000611e-02
4.479199999999999848e-02,4.687500000000000000e-02
4.485399999999999804e-02,4.656250000000000666e-02
4.491599999999999759e-02,4.656250000000000666e-02
4.497799999999999715e-02,4.656250000000000666e-02
4.503999999999999670e-02,4.593750000000000611e-02
4.510199999999999626e-02,4.562500000000000583e-02
4.516400000000000275e-02,4.531250000000000555e-02
4.522600000000000231e-02,4.437500000000000472e-02
4.528800000000000187e-02,4.375000000000000416e-02
4.535000000000000142e-02,4.312500000000000361e-02
4.541200000000000098e-02,4.250000000000000305e-02
4.547400000000000053e-02,4.250000000000000305e-02
4.553600000000000009e-02,4.218750000000000278e-02
4.559799999999999964e-02,4.250000000000000305e-02
4.565999999999999920e-02,4.312500000000000361e-02
4.572199999999999875e-02,4.375000000000000416e-02
4.578399999999999831e-02,4.406250000000000444e-02
4.584599999999999786e-02,4.468750000000000500e-02
4.590799999999999742e-02,4.562500000000000583e-02
4.596999999999999698e-02,4.593750000000000611e-02
4.603199999999999653e-02,4.624999999999999944e-02
4.609400000000000303e-02,4.656250000000000666e-02
4.615600000000000258e-02,4.656250000000000666e-02
4.621800000000000214e-02,4.624999999999999944e-02
4.628000000000000169e-02,4.593750000000000611e-02
4.634200000000000125e-02,4.593750000000000611e-02
4.640400000000000080e-02,4.562500000000000583e-02
4.646600000000000036e-02,4.531250000000000555e-02
4.652799999999999991e-02,4.531250000000000555e-02
4.658999999999999947e-02,4.562500000000000583e-02
4.665199999999999902e-02,4.593750000000000611e-02
4.671399999999999858e-02,4.562500000000000583e-02
4.677599999999999814e-02,4.624999999999999944e-02
4.683799999999999769e-02,4.593750000000000611e-02
4.689999999999999725e-02,4.593750000000000611e-02
4.696199999999999680e-02,4.593750000000000611e-02
4.702399999999999636e-02,4.562500000000000583e-02
4.708600000000000285e-02,4.531250000000000555e-02
4.714800000000000241e-02,4.468750000000000500e-02
4.721000000000000196e-02,4.437500000000000472e-02
4.727200000000000152e-02,4.375000000000000416e-02
4.733400000000000107e-02,4.343750000000000389e-02
4.739600000000000063e-02,4.281250000000000333e-02
4.745800000000000018e-02,4.281250000000000333e-02
4.751999999999999974e-02,4.250000000000000305e-02
4.758199999999999930e-02,4.250000000000000305e-02
4.764399999999999885e-02,4.218750000000000278e-02
4.770599999999999841e-02,4.218750000000000278e-02
4.776799999999999796e-02,4.250000000000000305e-02
4.782999999999999752e-02,4.250000000000000305e-02
4.789199999999999707e-02,4.218750000000000278e-02
4.795399999999999663e-02,4.218750000000000278e-02
4.801600000000000312e-02,4.218750000000000278e-02
4.807800000000000268e-02,4.218750000000000278e-02
4.814000000000000223e-02,4.187500000000000250e-02
4.820200000000000179e-02,4.218750000000000278e-02
4.826400000000000134e-02,4.156250000000000222e-02
4.832600000000000090e-02,4.187500000000000250e-02
4.838800000000000046e-02,4.187500000000000250e-02
4.845000000000000001e-02,4.218750000000000278e-02
4.851199999999999957e-02,4.187500000000000250e-02
4.857399999999999912e-02,4.218750000000000278e-02
4.863599999999999868e-02,4.281250000000000333e-02
4.869799999999999823e-02,4.281250000000000333e-02
4.875999999999999779e-02,4.343750000000000389e-02
4.882199999999999734e-02,4.406250000000000444e-02
4.888399999999999690e-02,4.437500000000000472e-02
4.894599999999999645e-02,4.500000000000000527e-02
4.900800000000000295e-02,4.500000000000000527e-02
4.907000000000000250e-02,4.531250000000000555e-02
4.913200000000000206e-02,4.562500000000000583e-02
4.919400000000000162e-02,4.531250000000000555e-02
4.925600000000000117e-02,4.562500000000000583e-02
4.931800000000000073e-02,4.593750000000000611e-02
4.938000000000000028e-02,4.593750000000000611e-02
4.944199999999999984e-02,4.593750000000000611e-02
4.950399999999999939e-02,4.562500000000000583e-02
4.956599999999999895e-02,4.562500000000000583e-02
4.962799999999999850e-02,4.500000000000000527e-02
4.968999999999999806e-02,4.375000000000000416e-02
4.975199999999999761e-02,4.343750000000000389e-02
4.981399999999999717e-02,4.218750000000000278e-02
4.987599999999999673e-02,4.093750000000000167e-02
4.993799999999999628e-02,3.937500000000000722e-02
5.000000000000000278e-02,3.781250000000000583e-02
5.006200000000000233e-02,3.687500000000000500e-02
5.012400000000000189e-02,3.562500000000000389e-02
5.018600000000000144e-02,3.437500000000000278e-02
5.024800000000000100e-02,3.437500000000000278e-02
5.031000000000000055e-02,3.406250000000000250e-02
5.037200000000000011e-02,3.437500000000000278e-02
5.043399999999999966e-02,3.437500000000000278e-02
5.049599999999999922e-02,3.468750000000000305e-02
5.055799999999999877e-02,3.562500000000000389e-02
5.061999999999999833e-02,3.625000000000000444e-02
5.068199999999999789e-02,3.687500000000000500e-02
5.074399999999999744e-02,3.812500000000000611e-02
5.080599999999999700e-02,3.875000000000000666e-02
5.086799999999999655e-02,3.968750000000000056e-02
5.093000000000000305e-02,4.062500000000000139e-02
5.099200000000000260e-02,4.156250000000000222e-02
5.105400000000000216e-02,4.156250000000000222e-02
5.111600000000000171e-02,4.250000000000000305e-02
5.117800000000000127e-02,4.281250000000000333e-02
5.124000000000000082e-02,4.281250000000000333e-02
5.130200000000000038e-02,4.343750000000000389e-02
5.136399999999999993e-02,4.375000000000000416e-02
5.142599999999999949e-02,4.343750000000000389e-02
5.148799999999999905e-02,4.343750000000000389e-02
5.154999999999999860e-02,4.406250000000000444e-02
5.161199999999999816e-02,4.375000000000000416e-02
5.167399999999999771e-02,4.375000000000000416e-02
5.173599999999999727e-02,4.343750000000000389e-02
5.179799999999999682e-02,4.343750000000000389e-02
5.185999999999999638e-02,4.312500000000000361e-02
5.192200000000000287e-02,4.281250000000000333e-02
5.198400000000000243e-02,4.281250000000000333e-02
5.204600000000000198e-02,4.218750000000000278e-02
5.210800000000000154e-02,4.156250000000000222e-02
5.217000000000000109e-02,4.156250000000000222e-02
5.223200000000000065e-02,4.062500000000000139e-02
5.229400000000000021e-02,3.968750000000000056e-02
5.235599999999999976e-02,3.875000000000000666e-02
5.241799999999999932e-02,3.781250000000000583e-02
5.247999999999999887e-02,3.687500000000000500e-02
5.254199999999999843e-02,3.593750000000000416e-02
5.260399999999999798e-02,3.500000000000000333e-02
5.266599999999999754e-02,3.343750000000000194e-02
5.272799999999999709e-02,3.312500000000000167e-02
5.278999999999999665e-02,3.250000000000000111e-02
5.285200000000000314e-02,3.125000000000000000e-02
5.291400000000000270e-02,3.093750000000000319e-02
5.297600000000000225e-02,3.093750000000000319e-02
5.303800000000000181e-02,3.125000000000000000e-02
5.310000000000000137e-02,3.156250000000000028e-02
5.316200000000000092e-02,3.187500000000000056e-02
5.322400000000000048e-02,3.250000000000000111e-02
5.328600000000000003e-02,3.312500000000000167e-02
5.334799999999999959e-02,3.437500000000000278e-02
5.340999999999999914e-02,3.562500000000000389e-02
5.347199999999999870e-02,3.750000000000000555e-02
5.353399999999999825e-02,3.812500000000000611e-02
5.359599999999999781e-02,3.968750000000000056e-02
5.365799999999999736e-02,4.031250000000000111e-02
5.371999999999999692e-02,4.125000000000000194e-02
5.378199999999999648e-02,4.187500000000000250e-02
5.384400000000000297e-02,4.218750000000000278e-02
5.390600000000000253e-02,4.281250000000000333e-02
5.396800000000000208e-02,4.281250000000000333e-02
5.403000000000000164e-02,4.343750000000000389e-02
5.409200000000000119e-02,4.312500000000000361e-02
5.415400000000000075e-02,4.312500000000000361e-02
5.421600000000000030e-02,4.312500000000000361e-02
5.427799999999999986e-02,4.250000000000000305e-02
5.433999999999999941e-02,4.250000000000000305e-02
5.440199999999999897e-02,4.156250000000000222e-02
5.446399999999999852e-02,4.093750000000000167e-02
5.452599999999999808e-02,4.000000000000000083e-02
5.458799999999999764e-02,3.906250000000000000e-02
5.464999999999999719e-02,3.750000000000000555e-02
5.471199999999999675e-02,3.718750000000000527e-02
5.477400000000000324e-02,3.593750000000000416e-02
5.483600000000000280e-02,3.468750000000000305e-02
5.489800000000000235e-02,3.406250000000000250e-02
5.496000000000000191e-02,3.281250000000000139e-02
5.502200000000000146e-02,3.218750000000000083e-02
5.508400000000000102e-02,3.187500000000000056e-02
5.514600000000000057e-02,3.156250000000000028e-02
5.520800000000000013e-02,3.125000000000000000e-02
5.526999999999999968e-02,3.062500000000000291e-02
5.533199999999999924e-02,3.062500000000000291e-02
5.539399999999999880e-02,3.062500000000000291e-02
5.545599999999999835e-02,3.031250000000000264e-02
5.551799999999999791e-02,3.031250000000000264e-02
5.557999999999999746e-02,3.062500000000000291e-02
5.564199999999999702e-02,3.093750000000000319e-02
5.570399999999999657e-02,3.125000000000000000e-02
5.576600000000000307e-02,3.187500000000000056e-02
5.582800000000000262e-02,3.218750000000000083e-02
5.589000000000000218e-02,3.375000000000000222e-02
5.595200000000000173e-02,3.437500000000000278e-02
5.601400000000000129e-02,3.500000000000000333e-02
5.607600000000000084e-02,3.593750000000000416e-02
5.613800000000000040e-02,3.718750000000000527e-02
5.619999999999999996e-02,3.781250000000000583e-02
5.626199999999999951e-02,3.906250000000000000e-02
5.632399999999999907e-02,3.937500000000000722e-02
5.638599999999999862e-02,4.000000000000000083e-02
5.644799999999999818e-02,4.156250000000000222e-02
5.650999999999999773e-02,4.156250000000000222e-02
5.657199999999999729e-02,4.218750000000000278e-02
5.663399999999999684e-02,4.250000000000000305e-02
5.669600000000000334e-02,4.281250000000000333e-02
5.675800000000000289e-02,4.312500000000000361e-02
5.682000000000000245e-02,4.312500000000000361e-02
5.688200000000000200e-02,4.312500000000000361e-02
5.694400000000000156e-02,4.312500000000000361e-02
5.700600000000000112e-02,4.250000000000000305e-02
5.706800000000000067e-02,4.218750000000000278e-02
5.713000000000000023e-02,4.062500000000000139e-02
5.719199999999999978e-02,3.937500000000000722e-02
5.725399999999999934e-02,3.812500000000000611e-02
5.731599999999999889e-02,3.625000000000000444e-02
5.737799999999999845e-02,3.500000000000000333e-02
5.743999999999999800e-02,3.406250000000000250e-02
5.750199999999999756e-02,3.281250000000000139e-02
5.756399999999999711e-02,3.125000000000000000e-02
5.762599999999999667e-02,3.093750000000000319e-02
5.768800000000000316e-02,2.906250000000000500e-02
5.775000000000000272e-02,2.906250000000000500e-02
5.781200000000000228e-02,2.843750000000000444e-02
5.787400000000000183e-02,2.875000000000000472e-02
5.793600000000000139e-02,2.843750000000000444e-02
5.799800000000000094e-02,2.875000000000000472e-02
5.806000000000000050e-02,2.875000000000000472e-02
5.812200000000000005e-02,3.000000000000000236e-02
5.818399999999999961e-02,3.062500000000000291e-02
5.824599999999999916e-02,3.093750000000000319e-02
5.830799999999999872e-02,3.218750000000000083e-02
5.836999999999999827e-02,3.375000000000000222e-02
5.843199999999999783e-02,3.531250000000000361e-02
5.849399999999999739e-02,3.593750000000000416e-02
5.855599999999999694e-02,3.812500000000000611e-02
5.861800000000000344e-02,3.906250000000000000e-02
5.868000000000000299e-02,3.937500000000000722e-02
5.874200000000000255e-02,4.062500000000000139e-02
5.880400000000000210e-02,4.125000000000000194e-02
5.886600000000000166e-02,4.156250000000000222e-02
5.892800000000000121e-02,4.187500000000000250e-02
5.899000000000000077e-02,4.187500000000000250e-02
5.905200000000000032e-02,4.218750000000000278e-02
5.911399999999999988e-02,4.218750000000000278e-02
5.917599999999999943e-02,4.156250000000000222e-02
5.923799999999999899e-02,4.156250000000000222e-02
5.929999999999999855e-02,4.093750000000000167e-02
5.936199999999999810e-02,4.062500000000000139e-02
5.942399999999999766e-02,4.000000000000000083e-02
5.948599999999999721e-02,3.906250000000000000e-02
5.954799999999999677e-02,3.843750000000000638e-02
5.961000000000000326e-02,3.718750000000000527e-02
5.967200000000000282e-02,3.687500000000000500e-02
5.973400000000000237e-02,3.531250000000000361e-02
5.979600000000000193e-02,3.437500000000000278e-02
5.985800000000000148e-02,3.343750000000000194e-02
5.992000000000000104e-02,3.187500000000000056e-02
5.998200000000000059e-02,3.125000000000000000e-02
6.004400000000000015e-02,3.031250000000000264e-02
6.010599999999999971e-02,3.000000000000000236e-02
6.016799999999999926e-02,2.906250000000000500e-02
6.022999999999999882e-02,2.781250000000000389e-02
6.029199999999999837e-02,2.718750000000000333e-02
6.035399999999999793e-02,2.656250000000000278e-02
6.041599999999999748e-02,2.625000000000000250e-02
6.047799999999999704e-02,2.593750000000000222e-02
6.054000000000000353e-02,2.562500000000000194e-02
6.060200000000000309e-02,2.531250000000000167e-02
6.066400000000000264e-02,2.531250000000000167e-02
6.072600000000000220e-02,2.531250000000000167e-02
6.078800000000000175e-02,2.562500000000000194e-02
6.085000000000000131e-02,2.687500000000000305e-02
6.091200000000000087e-02,2.750000000000000361e-02
6.097400000000000042e-02,2.843750000000000444e-02
6.103599999999999998e-02,2.937500000000000527e-02
6.109799999999999953e-02,3.062500000000000291e-02
6.115999999999999909e-02,3.250000000000000111e-02
6.122199999999999864e-02,3.343750000000000194e-02
6.128399999999999820e-02,3.468750000000000305e-02
6.134599999999999775e-02,3.531250000000000361e-02
6.140799999999999731e-02,3.656250000000000472e-02
6.146999999999999686e-02,3.687500000000000500e-02
6.153200000000000336e-02,3.750000000000000555e-02
6.159400000000000291e-02,3.781250000000000583e-02
6.165600000000000247e-02,3.781250000000000583e-02
6.171800000000000203e-02,3.812500000000000611e-02
6.178000000000000158e-02,3.781250000000000583e-02
6.184200000000000114e-02,3.718750000000000527e-02
6.190400000000000069e-02,3.625000000000000444e-02
6.196600000000000025e-02,3.531250000000000361e-02
6.202799999999999980e-02,3.375000000000000222e-02
6.208999999999999936e-02,3.187500000000000056e-02
6.215199999999999891e-02,3.062500000000000291e-02
6.221399999999999847e-02,2.687500000000000305e-02
6.227599999999999802e-02,2.500000000000000139e-02
6.233799999999999758e-02,2.312500000000000319e-02
6.239999999999999714e-02,2.125000000000000500e-02
6.246200000000000363e-02,1.968750000000000361e-02
6.252400000000001012e-02,1.781250000000000194e-02
6.258600000000000274e-02,1.656250000000000430e-02
6.264800000000000924e-02,1.593750000000000375e-02
6.271000000000000185e-02,1.531250000000000319e-02
6.277200000000000835e-02,1.437500000000000236e-02
6.283400000000000096e-02,1.406250000000000208e-02
6.289600000000000746e-02,1.406250000000000208e-02
6.295800000000000007e-02,1.406250000000000208e-02
6.302000000000000657e-02,1.437500000000000236e-02
6.308199999999999918e-02,1.468750000000000264e-02
6.314400000000000568e-02,1.531250000000000319e-02
6.320599999999999830e-02,1.656250000000000430e-02
6.326800000000000479e-02,1.656250000000000430e-02
6.332999999999999741e-02,1.687500000000000458e-02
6.339200000000000390e-02,1.781250000000000194e-02
6.345399999999999652e-02,1.843750000000000250e-02
6.351600000000000301e-02,1.875000000000000278e-02
6.357799999999999563e-02,1.875000000000000278e-02
6.364000000000000212e-02,1.875000000000000278e-02
6.370199999999999474e-02,1.906250000000000305e-02
6.376400000000000123e-02,1.875000000000000278e-02
6.382599999999999385e-02,1.875000000000000278e-02
6.388800000000000034e-02,1.875000000000000278e-02
6.395000000000000684e-02,1.875000000000000278e-02
6.401199999999999946e-02,1.812500000000000222e-02
6.407400000000000595e-02,1.812500000000000222e-02
6.413599999999999857e-02,1.843750000000000250e-02
6.419800000000000506e-02,1.812500000000000222e-02
6.425999999999999768e-02,1.843750000000000250e-02
6.432200000000000417e-02,1.875000000000000278e-02
6.438399999999999679e-02,1.843750000000000250e-02
6.444600000000000328e-02,1.843750000000000250e-02
6.450799999999999590e-02,1.812500000000000222e-02
6.457000000000000239e-02,1.718750000000000139e-02
6.463199999999999501e-02,1.656250000000000430e-02
6.469400000000000150e-02,1.593750000000000375e-02
6.475599999999999412e-02,1.500000000000000291e-02
6.481800000000000062e-02,1.375000000000000180e-02
6.488000000000000711e-02,1.250000000000000416e-02
6.494199999999999973e-02,1.125000000000000305e-02
6.500400000000000622e-02,1.000000000000000194e-02
6.506599999999999884e-02,9.062500000000001110e-03
6.512800000000000533e-02,8.125000000000003747e-03
6.518999999999999795e-02,7.187500000000002914e-03
6.525200000000000444e-02,5.937500000000001804e-03
6.531399999999999706e-02,5.312500000000001249e-03
6.537600000000000355e-02,4.687500000000004163e-03
6.543799999999999617e-02,4.375000000000003886e-03
6.550000000000000266e-02,4.375000000000003886e-03
6.556199999999999528e-02,4.062500000000003608e-03
6.562400000000000178e-02,4.062500000000003608e-03
6.568599999999999439e-02,3.750000000000003331e-03
6.574800000000000089e-02,3.437500000000003053e-03
6.580999999999999350e-02,4.062500000000003608e-03
6.587200000000000000e-02,4.375000000000003886e-03
6.593400000000000649e-02,5.000000000000004441e-03
6.599599999999999911e-02,5.312500000000001249e-03
6.605800000000000560e-02,6.562500000000002359e-03
6.611999999999999822e-02,7.500000000000003192e-03
6.618200000000000471e-02,9.062500000000001110e-03
6.624399999999999733e-02,1.031250000000000222e-02
6.630600000000000382e-02,1.093750000000000278e-02
6.636799999999999644e-02,1.187500000000000361e-02
6.643000000000000294e-02,1.281250000000000444e-02
6.649199999999999555e-02,1.375000000000000180e-02
6.655400000000000205e-02,1.375000000000000180e-02
6.661599999999999466e-02,1.343750000000000153e-02
6.667800000000000116e-02,1.343750000000000153e-02
6.673999999999999377e-02,1.250000000000000416e-02
6.680200000000000027e-02,1.125000000000000305e-02
6.686400000000000676e-02,1.031250000000000222e-02
6.692599999999999938e-02,8.125000000000003747e-03
6.698800000000000587e-02,7.500000000000003192e-03
6.704999999999999849e-02,6.562500000000002359e-03
6.711200000000000498e-02,5.000000000000004441e-03
6.717399999999999760e-02,4.687500000000004163e-03
6.723600000000000410e-02,3.437500000000003053e-03
6.729799999999999671e-02,3.125000000000002776e-03
6.736000000000000321e-02,2.812500000000002498e-03
6.742199999999999582e-02,2.187500000000001943e-03
6.748400000000000232e-02,2.187500000000001943e-03
6.754599999999999493e-02,2.187500000000001943e-03
6.760800000000000143e-02,1.875000000000001665e-03
6.766999999999999404e-02,2.187500000000001943e-03
6.773200000000000054e-02,1.875000000000001665e-03
6.779400000000000703e-02,1.875000000000001665e-03
6.785599999999999965e-02,1.875000000000001665e-03
6.791800000000000614e-02,1.875000000000001665e-03
6.797999999999999876e-02,1.875000000000001665e-03
6.804200000000000526e-02,1.875000000000001665e-03
6.810399999999999787e-02,1.875000000000001665e-03
6.816600000000000437e-02,1.875000000000001665e-03
6.822799999999999698e-02,1.875000000000001665e-03
6.829000000000000348e-02,2.187500000000001943e-03
6.835199999999999609e-02,1.875000000000001665e-03
6.841400000000000259e-02,2.187500000000001943e-03
6.847599999999999520e-02,2.187500000000001943e-03
6.853800000000000170e-02,2.500000000000002220e-03
6.859999999999999432e-02,2.500000000000002220e-03
6.866200000000000081e-02,2.812500000000002498e-03
6.872400000000000730e-02,3.437500000000003053e-03
6.878599999999999992e-02,3.437500000000003053e-03
6.884800000000000642e-02,4.062500000000003608e-03
6.890999999999999903e-02,4.687500000000004163e-03
6.897200000000000553e-02,5.625000000000001527e-03
6.903399999999999814e-02,6.250000000000002082e-03
6.909600000000000464e-02,6.562500000000002359e-03
6.915799999999999725e-02,7.187500000000002914e-03
6.922000000000000375e-02,7.500000000000003192e-03
6.928199999999999636e-02,7.812500000000003469e-03
6.934400000000000286e-02,7.812500000000003469e-03
6.940599999999999548e-02,7.500000000000003192e-03
6.946800000000000197e-02,7.500000000000003192e-03
6.952999999999999459e-02,6.875000000000002637e-03
6.959200000000000108e-02,6.250000000000002082e-03
6.965399999999999370e-02,5.937500000000001804e-03
6.971600000000000019e-02,5.000000000000004441e-03
6.977800000000000669e-02,4.687500000000004163e-03
6.983999999999999930e-02,4.062500000000003608e-03
6.990200000000000580e-02,3.125000000000002776e-03
6.996399999999999841e-02,3.437500000000003053e-03
7.002600000000000491e-02,2.812500000000002498e-03
7.008799999999999752e-02,2.187500000000001943e-03
7.015000000000000402e-02,2.187500000000001943e-03
7.021199999999999664e-02,2.187500000000001943e-03
7.027400000000000313e-02,1.875000000000001665e-03
7.033599999999999575e-02,2.187500000000001943e-03
7.039800000000000224e-02,2.187500000000001943e-03
7.045999999999999486e-02,2.187500000000001943e-03
7.052200000000000135e-02,2.187500000000001943e-03
7.058399999999999397e-02,1.875000000000001665e-03
7.064600000000000046e-02,1.875000000000001665e-03
7.070800000000000696e-02,2.187500000000001943e-03
7.076999999999999957e-02,2.187500000000001943e-03
7.083200000000000607e-02,1.875000000000001665e-03
7.089399999999999868e-02,2.500000000000002220e-03
7.095600000000000518e-02,2.500000000000002220e-03
7.101799999999999780e-02,2.500000000000002220e-03
7.108000000000000429e-02,3.125000000000002776e-03
7.114199999999999691e-02,3.437500000000003053e-03
7.120400000000000340e-02,3.437500000000003053e-03
7.126599999999999602e-02,4.375000000000003886e-03
7.132800000000000251e-02,4.687500000000004163e-03
7.138999999999999513e-02,5.000000000000004441e-03
7.145200000000000162e-02,5.312500000000001249e-03
7.151399999999999424e-02,5.625000000000001527e-03
7.157600000000000073e-02,5.937500000000001804e-03
7.163800000000000723e-02,5.937500000000001804e-03
7.169999999999999984e-02,6.250000000000002082e-03
7.176200000000000634e-02,6.250000000000002082e-03
7.182399999999999896e-02,5.937500000000001804e-03
7.188600000000000545e-02,5.625000000000001527e-03
7.194799999999999807e-02,5.312500000000001249e-03
7.201000000000000456e-02,5.000000000000004441e-03
7.207199999999999718e-02,4.375000000000003886e-03
7.213400000000000367e-02,4.375000000000003886e-03
7.219599999999999629e-02,3.750000000000003331e-03
7.225800000000000278e-02,3.125000000000002776e-03
7.231999999999999540e-02,3.125000000000002776e-03
7.238200000000000189e-02,2.500000000000002220e-03
7.244399999999999451e-02,2.187500000000001943e-03
7.250600000000000100e-02,2.187500000000001943e-03
7.256800000000000750e-02,1.875000000000001665e-03
7.263000000000000012e-02,1.875000000000001665e-03
7.269200000000000661e-02,2.187500000000001943e-03
7.275399999999999923e-02,2.187500000000001943e-03
7.281600000000000572e-02,2.187500000000001943e-03
7.287799999999999834e-02,2.500000000000002220e-03
7.294000000000000483e-02,2.187500000000001943e-03
7.300199999999999745e-02,2.187500000000001943e-03
7.306400000000000394e-02,2.187500000000001943e-03
7.312599999999999656e-02,2.187500000000001943e-03
7.318800000000000305e-02,1.875000000000001665e-03
7.324999999999999567e-02,2.187500000000001943e-03
7.331200000000000216e-02,2.187500000000001943e-03
7.337399999999999478e-02,2.500000000000002220e-03
7.343600000000000128e-02,2.812500000000002498e-03
7.349799999999999389e-02,2.812500000000002498e-03
7.356000000000000039e-02,3.750000000000003331e-03
7.362200000000000688e-02,4.375000000000003886e-03
7.368399999999999950e-02,5.625000000000001527e-03
7.374600000000000599e-02,7.187500000000002914e-03
7.380799999999999861e-02,9.062500000000001110e-03
7.387000000000000510e-02,1.000000000000000194e-02
7.393199999999999772e-02,1.093750000000000278e-02
7.399400000000000421e-02,1.218750000000000389e-02
7.405599999999999683e-02,1.281250000000000444e-02
7.411800000000000332e-02,1.343750000000000153e-02
7.417999999999999594e-02,1.343750000000000153e-02
7.424200000000000244e-02,1.375000000000000180e-02
7.430399999999999505e-02,1.375000000000000180e-02
7.436600000000000155e-02,1.343750000000000153e-02
7.442799999999999416e-02,1.281250000000000444e-02
7.449000000000000066e-02,1.156250000000000333e-02
7.455200000000000715e-02,1.125000000000000305e-02
7.461399999999999977e-02,9.687500000000001665e-03
7.467600000000000626e-02,9.062500000000001110e-03
7.473799999999999888e-02,7.187500000000002914e-03
7.480000000000000537e-02,6.875000000000002637e-03
7.486199999999999799e-02,5.937500000000001804e-03
7.492400000000000448e-02,5.312500000000001249e-03
7.498599999999999710e-02,5.000000000000004441e-03
7.504800000000000360e-02,4.375000000000003886e-03
7.510999999999999621e-02,4.375000000000003886e-03
7.517200000000000271e-02,4.375000000000003886e-03
7.523399999999999532e-02,4.375000000000003886e-03
7.529600000000000182e-02,4.375000000000003886e-03
7.535799999999999443e-02,4.687500000000004163e-03
7.542000000000000093e-02,4.687500000000004163e-03
7.548200000000000742e-02,5.000000000000004441e-03
7.554400000000000004e-02,5.000000000000004441e-03
7.560600000000000653e-02,5.312500000000001249e-03
7.566799999999999915e-02,5.625000000000001527e-03
7.573000000000000564e-02,6.250000000000002082e-03
7.579199999999999826e-02,6.875000000000002637e-03
7.585400000000000476e-02,7.500000000000003192e-03
7.591599999999999737e-02,8.750000000000004302e-03
7.597800000000000387e-02,9.375000000000001388e-03
7.603999999999999648e-02,9.687500000000001665e-03
7.610200000000000298e-02,1.031250000000000222e-02
7.616399999999999559e-02,1.125000000000000305e-02
7.622600000000000209e-02,1.187500000000000361e-02
7.628799999999999470e-02,1.218750000000000389e-02
7.635000000000000120e-02,1.343750000000000153e-02
7.641200000000000769e-02,1.437500000000000236e-02
7.647400000000000031e-02,1.500000000000000291e-02
7.653600000000000680e-02,1.593750000000000375e-02
7.659799999999999942e-02,1.718750000000000139e-02
7.666000000000000592e-02,1.812500000000000222e-02
7.672199999999999853e-02,1.812500000000000222e-02
7.678400000000000503e-02,1.906250000000000305e-02
7.684599999999999764e-02,1.937500000000000333e-02
7.690800000000000414e-02,1.906250000000000305e-02
7.696999999999999675e-02,1.875000000000000278e-02
7.703200000000000325e-02,1.781250000000000194e-02
7.709399999999999586e-02,1.656250000000000430e-02
7.715600000000000236e-02,1.625000000000000402e-02
7.721799999999999498e-02,1.500000000000000291e-02
7.728000000000000147e-02,1.250000000000000416e-02
7.734199999999999409e-02,1.125000000000000305e-02
7.740400000000000058e-02,1.000000000000000194e-02
7.746600000000000708e-02,9.062500000000001110e-03
7.752799999999999969e-02,7.500000000000003192e-03
7.759000000000000619e-02,7.187500000000002914e-03
7.765199999999999880e-02,6.250000000000002082e-03
7.771400000000000530e-02,5.937500000000001804e-03
7.777599999999999791e-02,5.312500000000001249e-03
7.783800000000000441e-02,5.312500000000001249e-03
7.789999999999999702e-02,4.687500000000004163e-03
7.796200000000000352e-02,5.000000000000004441e-03
7.802399999999999614e-02,5.312500000000001249e-03
7.808600000000000263e-02,5.312500000000001249e-03
7.814799999999999525e-02,5.000000000000004441e-03
7.821000000000000174e-02,5.312500000000001249e-03
7.827199999999999436e-02,5.625000000000001527e-03
7.833400000000000085e-02,6.250000000000002082e-03
7.839600000000000735e-02,6.562500000000002359e-03
7.845799999999999996e-02,7.500000000000003192e-03
7.852000000000000646e-02,8.750000000000004302e-03
7.858199999999999907e-02,9.375000000000001388e-03
7.864400000000000557e-02,1.031250000000000222e-02
7.870599999999999818e-02,1.093750000000000278e-02
7.876800000000000468e-02,1.156250000000000333e-02
7.882999999999999730e-02,1.250000000000000416e-02
7.889200000000000379e-02,1.281250000000000444e-02
7.895399999999999641e-02,1.250000000000000416e-02
7.901600000000000290e-02,1.250000000000000416e-02
7.907799999999999552e-02,1.281250000000000444e-02
7.914000000000000201e-02,1.218750000000000389e-02
7.920199999999999463e-02,1.187500000000000361e-02
7.926400000000000112e-02,1.187500000000000361e-02
7.932600000000000762e-02,1.125000000000000305e-02
7.938800000000000023e-02,1.000000000000000194e-02
7.945000000000000673e-02,9.375000000000001388e-03
7.951199999999999934e-02,8.437500000000004025e-03
7.957400000000000584e-02,8.125000000000003747e-03
7.963599999999999846e-02,6.875000000000002637e-03
7.969800000000000495e-02,6.875000000000002637e-03
7.975999999999999757e-02,5.937500000000001804e-03
7.982200000000000406e-02,5.312500000000001249e-03
7.988399999999999668e-02,4.687500000000004163e-03
7.994600000000000317e-02,4.687500000000004163e-03
8.000799999999999579e-02,4.062500000000003608e-03
8.007000000000000228e-02,3.437500000000003053e-03
8.013199999999999490e-02,3.125000000000002776e-03
8.019400000000000139e-02,3.125000000000002776e-03
8.025600000000000789e-02,2.500000000000002220e-03
8.031800000000000050e-02,2.500000000000002220e-03
8.038000000000000700e-02,2.500000000000002220e-03
8.044199999999999962e-02,2.187500000000001943e-03
8.050400000000000611e-02,2.187500000000001943e-03
8.056599999999999873e-02,2.187500000000001943e-03
8.062800000000000522e-02,2.187500000000001943e-03
8.068999999999999784e-02,2.500000000000002220e-03
8.075200000000000433e-02,2.187500000000001943e-03
8.081399999999999695e-02,2.187500000000001943e-03
8.087600000000000344e-02,2.500000000000002220e-03
8.093799999999999606e-02,2.500000000000002220e-03
8.100000000000000255e-02,2.812500000000002498e-03
8.106199999999999517e-02,3.125000000000002776e-03
8.112400000000000166e-02,4.062500000000003608e-03
8.118599999999999428e-02,4.687500000000004163e-03
8.124800000000000078e-02,5.312500000000001249e-03
8.131000000000000727e-02,6.875000000000002637e-03
8.137199999999999989e-02,7.187500000000002914e-03
8.143400000000000638e-02,8.750000000000004302e-03
8.149599999999999900e-02,9.375000000000001388e-03
8.155800000000000549e-02,1.000000000000000194e-02
8.161999999999999811e-02,1.000000000000000194e-02
8.168200000000000460e-02,1.031250000000000222e-02
8.174399999999999722e-02,1.000000000000000194e-02
8.180600000000000371e-02,9.062500000000001110e-03
8.186799999999999633e-02,8.125000000000003747e-03
8.193000000000000282e-02,7.812500000000003469e-03
8.199199999999999544e-02,6.250000000000002082e-03
8.205400000000000194e-02,5.312500000000001249e-03
8.211599999999999455e-02,4.687500000000004163e-03
8.217800000000000105e-02,3.750000000000003331e-03
8.224000000000000754e-02,2.812500000000002498e-03
8.230200000000000016e-02,2.500000000000002220e-03
8.236400000000000665e-02,2.500000000000002220e-03
8.242599999999999927e-02,2.500000000000002220e-03
8.248800000000000576e-02,2.500000000000002220e-03
8.254999999999999838e-02,2.812500000000002498e-03
8.261200000000000487e-02,3.437500000000003053e-03
8.267399999999999749e-02,3.125000000000002776e-03
8.273600000000000398e-02,3.437500000000003053e-03
8.279799999999999660e-02,3.750000000000003331e-03
8.286000000000000310e-02,3.437500000000003053e-03
8.292199999999999571e-02,3.437500000000003053e-03
8.298400000000000221e-02,3.750000000000003331e-03
8.304599999999999482e-02,3.437500000000003053e-03
8.310800000000000132e-02,3.437500000000003053e-03
8.317000000000000781e-02,3.125000000000002776e-03
8.323200000000000043e-02,3.125000000000002776e-03
8.329400000000000692e-02,2.812500000000002498e-03
8.335599999999999954e-02,2.812500000000002498e-03
8.341800000000000603e-02,2.500000000000002220e-03
8.347999999999999865e-02,2.500000000000002220e-03
8.354200000000000514e-02,2.187500000000001943e-03
8.360399999999999776e-02,2.187500000000001943e-03
8.366600000000000426e-02,2.187500000000001943e-03
8.372799999999999687e-02,2.187500000000001943e-03
8.379000000000000337e-02,2.187500000000001943e-03
8.385199999999999598e-02,2.187500000000001943e-03
8.391400000000000248e-02,2.187500000000001943e-03
8.397599999999999509e-02,2.187500000000001943e-03
8.403800000000000159e-02,2.187500000000001943e-03
8.410000000000000808e-02,1.875000000000001665e-03
8.416200000000000070e-02,2.187500000000001943e-03
8.422400000000000719e-02,1.875000000000001665e-03
8.428599999999999981e-02,2.187500000000001943e-03
8.434800000000000630e-02,2.187500000000001943e-03
8.440999999999999892e-02,2.187500000000001943e-03
8.447200000000000542e-02,2.500000000000002220e-03
8.453399999999999803e-02,2.812500000000002498e-03
8.459600000000000453e-02,3.125000000000002776e-03
8.465799999999999714e-02,3.125000000000002776e-03
8.472000000000000364e-02,3.437500000000003053e-03
8.478199999999999625e-02,4.375000000000003886e-03
8.484400000000000275e-02,5.312500000000001249e-03
8.490599999999999536e-02,5.937500000000001804e-03
8.496800000000000186e-02,6.875000000000002637e-03
8.502999999999999448e-02,8.125000000000003747e-03
8.509200000000000097e-02,9.375000000000001388e-03
8.515400000000000746e-02,1.093750000000000278e-02
8.521600000000000008e-02,1.218750000000000389e-02
8.527800000000000658e-02,1.281250000000000444e-02
8.533999999999999919e-02,1.375000000000000180e-02
8.540200000000000569e-02,1.437500000000000236e-02
8.546399999999999830e-02,1.437500000000000236e-02
8.552600000000000480e-02,1.468750000000000264e-02
8.558799999999999741e-02,1.468750000000000264e-02
8.565000000000000391e-02,1.437500000000000236e-02
8.571199999999999652e-02,1.375000000000000180e-02
8.577400000000000302e-02,1.281250000000000444e-02
8.583599999999999564e-02,1.250000000000000416e-02
8.589800000000000213e-02,1.062500000000000250e-02
8.595999999999999475e-02,1.000000000000000194e-02
8.602200000000000124e-02,9.375000000000001388e-03
8.608400000000000774e-02,8.125000000000003747e-03
8.614600000000000035e-02,5.937500000000001804e-03
8.620800000000000685e-02,5.625000000000001527e-03
8.626999999999999946e-02,5.000000000000004441e-03
8.633200000000000596e-02,4.687500000000004163e-03
8.639399999999999857e-02,4.062500000000003608e-03
8.645600000000000507e-02,3.125000000000002776e-03
8.651799999999999768e-02,3.437500000000003053e-03
8.658000000000000418e-02,3.125000000000002776e-03
8.664199999999999680e-02,3.437500000000003053e-03
8.670400000000000329e-02,3.125000000000002776e-03
8.676599999999999591e-02,3.437500000000003053e-03
8.682800000000000240e-02,3.750000000000003331e-03
8.688999999999999502e-02,4.375000000000003886e-03
8.695200000000000151e-02,5.000000000000004441e-03
8.701400000000000801e-02,5.312500000000001249e-03
8.707600000000000062e-02,6.562500000000002359e-03
8.713800000000000712e-02,7.500000000000003192e-03
8.719999999999999973e-02,8.437500000000004025e-03
8.726200000000000623e-02,9.062500000000001110e-03
8.732399999999999884e-02,1.093750000000000278e-02
8.738600000000000534e-02,1.156250000000000333e-02
8.744799999999999796e-02,1.250000000000000416e-02
8.751000000000000445e-02,1.343750000000000153e-02
8.757199999999999707e-02,1.406250000000000208e-02
8.763400000000000356e-02,1.468750000000000264e-02
8.769599999999999618e-02,1.468750000000000264e-02
8.775800000000000267e-02,1.500000000000000291e-02
8.781999999999999529e-02,1.531250000000000319e-02
8.788200000000000178e-02,1.593750000000000375e-02
8.794400000000000828e-02,1.593750000000000375e-02
8.800600000000000089e-02,1.656250000000000430e-02
8.806800000000000739e-02,1.625000000000000402e-02
8.813000000000000000e-02,1.656250000000000430e-02
8.819200000000000650e-02,1.625000000000000402e-02
8.825399999999999912e-02,1.593750000000000375e-02
8.831600000000000561e-02,1.593750000000000375e-02
8.837799999999999823e-02,1.531250000000000319e-02
8.844000000000000472e-02,1.468750000000000264e-02
8.850199999999999734e-02,1.375000000000000180e-02
8.856400000000000383e-02,1.250000000000000416e-02
8.862599999999999645e-02,1.187500000000000361e-02
8.868800000000000294e-02,1.125000000000000305e-02
8.874999999999999556e-02,1.031250000000000222e-02
8.881200000000000205e-02,1.000000000000000194e-02
8.887399999999999467e-02,9.062500000000001110e-03
8.893600000000000116e-02,8.750000000000004302e-03
8.899800000000000766e-02,7.812500000000003469e-03
8.906000000000000028e-02,7.812500000000003469e-03
8.912200000000000677e-02,7.812500000000003469e-03
8.918399999999999939e-02,7.500000000000003192e-03
8.924600000000000588e-02,7.500000000000003192e-03
8.930799999999999850e-02,8.125000000000003747e-03
8.937000000000000499e-02,9.062500000000001110e-03
8.943199999999999761e-02,1.031250000000000222e-02
8.949400000000000410e-02,1.093750000000000278e-02
8.955599999999999672e-02,1.218750000000000389e-02
8.961800000000000321e-02,1.375000000000000180e-02
8.967999999999999583e-02,1.593750000000000375e-02
8.974200000000000232e-02,1.750000000000000167e-02
8.980399999999999494e-02,1.843750000000000250e-02
8.986600000000000144e-02,1.937500000000000333e-02
8.992800000000000793e-02,2.062500000000000444e-02
8.999000000000000055e-02,2.250000000000000264e-02
9.005200000000000704e-02,2.312500000000000319e-02
9.011399999999999966e-02,2.406250000000000056e-02
9.017600000000000615e-02,2.468750000000000111e-02
9.023799999999999877e-02,2.531250000000000167e-02
9.030000000000000526e-02,2.562500000000000194e-02
9.036199999999999788e-02,2.625000000000000250e-02
9.042400000000000437e-02,2.625000000000000250e-02
9.048599999999999699e-02,2.656250000000000278e-02
9.054800000000000348e-02,2.625000000000000250e-02
9.060999999999999610e-02,2.656250000000000278e-02
9.067200000000000260e-02,2.593750000000000222e-02
9.073399999999999521e-02,2.531250000000000167e-02
9.079600000000000171e-02,2.531250000000000167e-02
9.085800000000000820e-02,2.406250000000000056e-02
9.092000000000000082e-02,2.312500000000000319e-02
9.098200000000000731e-02,2.250000000000000264e-02
9.104399999999999993e-02,2.093750000000000472e-02
9.110600000000000642e-02,1.937500000000000333e-02
9.116799999999999904e-02,1.781250000000000194e-02
9.123000000000000553e-02,1.656250000000000430e-02
9.129199999999999815e-02,1.468750000000000264e-02
9.135400000000000464e-02,1.312500000000000125e-02
9.141599999999999726e-02,1.250000000000000416e-02
9.147800000000000376e-02,1.156250000000000333e-02
9.153999999999999637e-02,-4.999999999999997502e-03
9.160200000000000287e-02,-4.999999999999997502e-03
9.166399999999999548e-02,-4.999999999999997502e-03
9.172600000000000198e-02,-4.999999999999997502e-03
9.178800000000000847e-02,-4.999999999999997502e-03
9.185000000000000109e-02,1.125000000000000305e-02
9.191200000000000758e-02,1.312500000000000125e-02
9.197400000000000020e-02,1.468750000000000264e-02
9.203600000000000669e-02,1.593750000000000375e-02
9.209799999999999931e-02,1.750000000000000167e-02
9.216000000000000580e-02,1.937500000000000333e-02
9.222199999999999842e-02,2.062500000000000444e-02
9.228400000000000492e-02,2.218750000000000236e-02
9.234599999999999753e-02,2.312500000000000319e-02
9.240800000000000403e-02,2.343750000000000347e-02
9.246999999999999664e-02,2.375000000000000375e-02
9.253200000000000314e-02,2.375000000000000375e-02
9.259399999999999575e-02,2.375000000000000375e-02
9.265600000000000225e-02,2.343750000000000347e-02
9.271799999999999486e-02,2.281250000000000291e-02
9.278000000000000136e-02,2.281250000000000291e-02
9.284200000000000785e-02,2.250000000000000264e-02
9.290400000000000047e-02,2.250000000000000264e-02
9.296600000000000696e-02,2.281250000000000291e-02
9.302799999999999958e-02,2.312500000000000319e-02
9.309000000000000608e-02,2.375000000000000375e-02
9.315199999999999869e-02,2.468750000000000111e-02
9.321400000000000519e-02,2.468750000000000111e-02
9.327599999999999780e-02,2.531250000000000167e-02
9.333800000000000430e-02,2.625000000000000250e-02
9.339999999999999691e-02,2.625000000000000250e-02
9.346200000000000341e-02,2.625000000000000250e-02
9.352399999999999602e-02,2.656250000000000278e-02
9.358600000000000252e-02,2.656250000000000278e-02
9.364799999999999514e-02,2.593750000000000222e-02
9.371000000000000163e-02,2.562500000000000194e-02
9.377200000000000812e-02,2.468750000000000111e-02
9.383400000000000074e-02,2.343750000000000347e-02
9.389600000000000724e-02,2.062500000000000444e-02
9.395799999999999985e-02,1.906250000000000305e-02
9.402000000000000635e-02,1.718750000000000139e-02
9.408199999999999896e-02,1.593750000000000375e-02
9.414400000000000546e-02,1.343750000000000153e-02
9.420599999999999807e-02,1.187500000000000361e-02
9.426800000000000457e-02,1.156250000000000333e-02
9.432999999999999718e-02,1.093750000000000278e-02
9.439200000000000368e-02,1.093750000000000278e-02
9.445399999999999630e-02,1.156250000000000333e-02
9.451600000000000279e-02,1.250000000000000416e-02
9.457799999999999541e-02,1.375000000000000180e-02
9.464000000000000190e-02,1.593750000000000375e-02
9.470200000000000840e-02,1.843750000000000250e-02
9.476400000000000101e-02,2.062500000000000444e-02
9.482600000000000751e-02,2.312500000000000319e-02
9.488800000000000012e-02,2.375000000000000375e-02
9.495000000000000662e-02,2.687500000000000305e-02
9.501199999999999923e-02,2.875000000000000472e-02
9.507400000000000573e-02,3.093750000000000319e-02
9.513599999999999834e-02,3.156250000000000028e-02
9.519800000000000484e-02,3.281250000000000139e-02
9.525999999999999746e-02,3.281250000000000139e-02
9.532200000000000395e-02,3.312500000000000167e-02
9.538399999999999657e-02,3.281250000000000139e-02
9.544600000000000306e-02,3.187500000000000056e-02
9.550799999999999568e-02,3.062500000000000291e-02
9.557000000000000217e-02,2.906250000000000500e-02
9.563200000000000867e-02,2.718750000000000333e-02
9.569400000000000128e-02,2.437500000000000083e-02
9.575600000000000778e-02,2.218750000000000236e-02
9.581800000000000039e-02,2.062500000000000444e-02
9.588000000000000689e-02,1.875000000000000278e-02
9.594199999999999950e-02,1.781250000000000194e-02
9.600400000000000600e-02,1.593750000000000375e-02
9.606599999999999862e-02,1.468750000000000264e-02
9.612800000000000511e-02,1.406250000000000208e-02
9.618999999999999773e-02,1.375000000000000180e-02
9.625200000000000422e-02,1.375000000000000180e-02
9.631399999999999684e-02,1.375000000000000180e-02
9.637600000000000333e-02,1.468750000000000264e-02
9.643799999999999595e-02,1.468750000000000264e-02
9.650000000000000244e-02,1.562500000000000347e-02
9.656199999999999506e-02,1.625000000000000402e-02
9.662400000000000155e-02,1.687500000000000458e-02
9.668600000000000805e-02,1.718750000000000139e-02
9.674800000000000066e-02,1.750000000000000167e-02
9.681000000000000716e-02,1.875000000000000278e-02
9.687199999999999978e-02,1.906250000000000305e-02
9.693400000000000627e-02,1.906250000000000305e-02
9.699599999999999889e-02,1.968750000000000361e-02
9.705800000000000538e-02,2.062500000000000444e-02
9.711999999999999800e-02,2.093750000000000472e-02
9.718200000000000449e-02,2.125000000000000500e-02
9.724399999999999711e-02,2.218750000000000236e-02
9.730600000000000360e-02,2.281250000000000291e-02
9.736799999999999622e-02,2.312500000000000319e-02
9.743000000000000271e-02,2.375000000000000375e-02
9.749199999999999533e-02,2.437500000000000083e-02
9.755400000000000182e-02,2.500000000000000139e-02
9.761600000000000832e-02,2.593750000000000222e-02
9.767800000000000094e-02,2.656250000000000278e-02
9.774000000000000743e-02,2.750000000000000361e-02
9.780200000000000005e-02,2.906250000000000500e-02
9.786400000000000654e-02,3.031250000000000264e-02
9.792599999999999916e-02,3.156250000000000028e-02
9.798800000000000565e-02,3.218750000000000083e-02
9.804999999999999827e-02,3.375000000000000222e-02
9.811200000000000476e-02,3.437500000000000278e-02
9.817399999999999738e-02,3.468750000000000305e-02
9.823600000000000387e-02,3.468750000000000305e-02
9.829799999999999649e-02,3.437500000000000278e-02
9.836000000000000298e-02,3.312500000000000167e-02
9.842199999999999560e-02,3.218750000000000083e-02
9.848400000000000210e-02,2.968750000000000208e-02
9.854600000000000859e-02,2.906250000000000500e-02
9.860800000000000121e-02,2.625000000000000250e-02
9.867000000000000770e-02,2.343750000000000347e-02
9.873200000000000032e-02,2.187500000000000555e-02
9.879400000000000681e-02,1.875000000000000278e-02
9.885599999999999943e-02,1.625000000000000402e-02
9.891800000000000592e-02,1.468750000000000264e-02
9.897999999999999854e-02,1.281250000000000444e-02
9.904200000000000503e-02,1.156250000000000333e-02
9.910399999999999765e-02,1.031250000000000222e-02
9.916600000000000414e-02,1.000000000000000194e-02
9.922799999999999676e-02,9.687500000000001665e-03
9.929000000000000326e-02,1.000000000000000194e-02
9.935199999999999587e-02,1.031250000000000222e-02
9.941400000000000237e-02,1.125000000000000305e-02
9.947599999999999498e-02,1.406250000000000208e-02
9.953800000000000148e-02,1.625000000000000402e-02
9.960000000000000797e-02,1.906250000000000305e-02
9.966200000000000059e-02,2.187500000000000555e-02
9.972400000000000708e-02,2.250000000000000264e-02
9.978599999999999970e-02,2.531250000000000167e-02
9.984800000000000619e-02,2.718750000000000333e-02
9.990999999999999881e-02,2.906250000000000500e-02
9.997200000000000530e-02,3.156250000000000028e-02
1.000339999999999979e-01,3.312500000000000167e-02
1.000960000000000044e-01,3.437500000000000278e-02
1.001579999999999970e-01,3.500000000000000333e-02
1.002200000000000035e-01,3.562500000000000389e-02
1.002819999999999961e-01,3.625000000000000444e-02
1.003440000000000026e-01,3.593750000000000416e-02
1.004059999999999953e-01,3.593750000000000416e-02
1.004680000000000017e-01,3.562500000000000389e-02
1.005300000000000082e-01,3.468750000000000305e-02
1.005920000000000009e-01,3.406250000000000250e-02
1.006540000000000074e-01,3.343750000000000194e-02
1.007160000000000000e-01,3.250000000000000111e-02
1.007780000000000065e-01,3.218750000000000083e-02
1.008399999999999991e-01,3.093750000000000319e-02
1.009020000000000056e-01,3.093750000000000319e-02
1.009639999999999982e-01,3.000000000000000236e-02
1.010260000000000047e-01,2.937500000000000527e-02
1.010879999999999973e-01,2.843750000000000444e-02
1.011500000000000038e-01,2.812500000000000416e-02
1.012119999999999964e-01,2.718750000000000333e-02
1.012740000000000029e-01,2.687500000000000305e-02
1.013359999999999955e-01,2.593750000000000222e-02
1.013980000000000020e-01,2.593750000000000222e-02
1.014600000000000085e-01,2.531250000000000167e-02
1.015220000000000011e-01,2.468750000000000111e-02
1.015840000000000076e-01,2.406250000000000056e-02
1.016460000000000002e-01,2.343750000000000347e-02
1.017080000000000067e-01,2.312500000000000319e-02
1.017699999999999994e-01,2.281250000000000291e-02
1.018320000000000058e-01,2.250000000000000264e-02
1.018939999999999985e-01,2.250000000000000264e-02
1.019560000000000050e-01,2.250000000000000264e-02
1.020179999999999976e-01,2.281250000000000291e-02
1.020800000000000041e-01,2.343750000000000347e-02
1.021419999999999967e-01,2.531250000000000167e-02
1.022040000000000032e-01,2.625000000000000250e-02
1.022659999999999958e-01,2.875000000000000472e-02
1.023280000000000023e-01,2.937500000000000527e-02
1.023900000000000088e-01,3.125000000000000000e-02
1.024520000000000014e-01,3.375000000000000222e-02
1.025140000000000079e-01,3.531250000000000361e-02
1.025760000000000005e-01,3.750000000000000555e-02
1.026380000000000070e-01,3.875000000000000666e-02
1.026999999999999996e-01,3.968750000000000056e-02
1.027620000000000061e-01,4.093750000000000167e-02
1.028239999999999987e-01,4.250000000000000305e-02
1.028860000000000052e-01,4.281250000000000333e-02
1.029479999999999978e-01,4.312500000000000361e-02
1.030100000000000043e-01,4.312500000000000361e-02
1.030719999999999970e-01,4.312500000000000361e-02
1.031340000000000034e-01,4.281250000000000333e-02
1.031959999999999961e-01,4.156250000000000222e-02
1.032580000000000026e-01,4.125000000000000194e-02
1.033199999999999952e-01,3.937500000000000722e-02
1.033820000000000017e-01,3.687500000000000500e-02
1.034440000000000082e-01,3.500000000000000333e-02
1.035060000000000008e-01,3.343750000000000194e-02
1.035680000000000073e-01,3.125000000000000000e-02
1.036299999999999999e-01,2.906250000000000500e-02
1.036920000000000064e-01,2.812500000000000416e-02
1.037539999999999990e-01,2.625000000000000250e-02
1.038160000000000055e-01,2.593750000000000222e-02
1.038779999999999981e-01,2.531250000000000167e-02
1.039400000000000046e-01,2.500000000000000139e-02
1.040019999999999972e-01,2.500000000000000139e-02
1.040640000000000037e-01,2.562500000000000194e-02
1.041259999999999963e-01,2.625000000000000250e-02
1.041880000000000028e-01,2.750000000000000361e-02
1.042499999999999954e-01,2.937500000000000527e-02
1.043120000000000019e-01,3.062500000000000291e-02
1.043740000000000084e-01,3.250000000000000111e-02
1.044360000000000011e-01,3.468750000000000305e-02
1.044980000000000075e-01,3.625000000000000444e-02
1.045600000000000002e-01,3.718750000000000527e-02
1.046220000000000067e-01,3.843750000000000638e-02
1.046839999999999993e-01,3.906250000000000000e-02
1.047460000000000058e-01,4.000000000000000083e-02
1.048079999999999984e-01,4.093750000000000167e-02
1.048700000000000049e-01,4.125000000000000194e-02
1.049319999999999975e-01,4.187500000000000250e-02
1.049940000000000040e-01,4.187500000000000250e-02
1.050559999999999966e-01,4.187500000000000250e-02
1.051180000000000031e-01,4.187500000000000250e-02
1.051799999999999957e-01,4.218750000000000278e-02
1.052420000000000022e-01,4.187500000000000250e-02
1.053040000000000087e-01,4.218750000000000278e-02
1.053660000000000013e-01,4.218750000000000278e-02
1.054280000000000078e-01,4.281250000000000333e-02
1.054900000000000004e-01,4.312500000000000361e-02
1.055520000000000069e-01,4.375000000000000416e-02
1.056139999999999995e-01,4.437500000000000472e-02
1.056760000000000060e-01,4.468750000000000500e-02
1.057379999999999987e-01,4.531250000000000555e-02
1.058000000000000052e-01,4.531250000000000555e-02
1.058619999999999978e-01,4.531250000000000555e-02
1.059240000000000043e-01,4.531250000000000555e-02
1.059859999999999969e-01,4.468750000000000500e-02
1.060480000000000034e-01,4.406250000000000444e-02
1.061099999999999960e-01,4.375000000000000416e-02
1.061720000000000025e-01,4.250000000000000305e-02
1.062340000000000090e-01,4.031250000000000111e-02
1.062960000000000016e-01,3.906250000000000000e-02
1.063580000000000081e-01,3.781250000000000583e-02
1.064200000000000007e-01,3.656250000000000472e-02
1.064820000000000072e-01,3.406250000000000250e-02
1.065439999999999998e-01,3.218750000000000083e-02
1.066060000000000063e-01,3.093750000000000319e-02
1.066679999999999989e-01,2.968750000000000208e-02
1.067300000000000054e-01,2.906250000000000500e-02
1.067919999999999980e-01,2.875000000000000472e-02
1.068540000000000045e-01,2.937500000000000527e-02
1.069159999999999971e-01,3.031250000000000264e-02
1.069780000000000036e-01,3.281250000000000139e-02
1.070399999999999963e-01,3.375000000000000222e-02
1.071020000000000028e-01,3.781250000000000583e-02
1.071639999999999954e-01,4.000000000000000083e-02
1.072260000000000019e-01,4.187500000000000250e-02
1.072880000000000084e-01,4.375000000000000416e-02
1.073500000000000010e-01,4.562500000000000583e-02
1.074120000000000075e-01,4.593750000000000611e-02
1.074740000000000001e-01,4.656250000000000666e-02
1.075360000000000066e-01,4.656250000000000666e-02
1.075979999999999992e-01,4.718750000000000722e-02
1.076600000000000057e-01,4.687500000000000000e-02
1.077219999999999983e-01,4.718750000000000722e-02
1.077840000000000048e-01,4.718750000000000722e-02
1.078459999999999974e-01,4.718750000000000722e-02
1.079080000000000039e-01,4.781250000000000777e-02
1.079699999999999965e-01,4.781250000000000777e-02
1.080320000000000030e-01,4.781250000000000777e-02
1.080939999999999956e-01,4.812500000000000111e-02
1.081560000000000021e-01,4.750000000000000056e-02
1.082180000000000086e-01,4.750000000000000056e-02
1.082800000000000012e-01,4.718750000000000722e-02
1.083420000000000077e-01,4.687500000000000000e-02
1.084040000000000004e-01,4.593750000000000611e-02
1.084660000000000069e-01,4.531250000000000555e-02
1.085279999999999995e-01,4.468750000000000500e-02
1.085900000000000060e-01,4.437500000000000472e-02
1.086519999999999986e-01,4.406250000000000444e-02
1.087140000000000051e-01,4.343750000000000389e-02
1.087759999999999977e-01,4.250000000000000305e-02
1.088380000000000042e-01,4.187500000000000250e-02
1.088999999999999968e-01,4.187500000000000250e-02
1.089620000000000033e-01,4.187500000000000250e-02
1.090239999999999959e-01,4.187500000000000250e-02
1.090860000000000024e-01,4.187500000000000250e-02
1.091480000000000089e-01,4.187500000000000250e-02
1.092100000000000015e-01,4.218750000000000278e-02
1.092720000000000080e-01,4.218750000000000278e-02
1.093340000000000006e-01,4.312500000000000361e-02
1.093960000000000071e-01,4.312500000000000361e-02
1.094579999999999997e-01,4.375000000000000416e-02
1.095200000000000062e-01,4.406250000000000444e-02
1.095819999999999989e-01,4.406250000000000444e-02
1.096440000000000053e-01,4.468750000000000500e-02
1.097059999999999980e-01,4.531250000000000555e-02
1.097680000000000045e-01,4.562500000000000583e-02
1.098299999999999971e-01,4.593750000000000611e-02
1.098920000000000036e-01,4.656250000000000666e-02
1.099539999999999962e-01,4.687500000000000000e-02
1.100160000000000027e-01,4.718750000000000722e-02
1.100780000000000092e-01,4.718750000000000722e-02
1.101400000000000018e-01,4.718750000000000722e-02
1.102020000000000083e-01,4.718750000000000722e-02
1.102640000000000009e-01,4.750000000000000056e-02
1.103260000000000074e-01,4.750000000000000056e-02
1.103880000000000000e-01,4.781250000000000777e-02
1.104500000000000065e-01,4.750000000000000056e-02
1.105119999999999991e-01,4.750000000000000056e-02
1.105740000000000056e-01,4.750000000000000056e-02
1.106359999999999982e-01,4.750000000000000056e-02
1.106980000000000047e-01,4.750000000000000056e-02
1.107599999999999973e-01,4.750000000000000056e-02
1.108220000000000038e-01,4.781250000000000777e-02
1.108839999999999965e-01,4.781250000000000777e-02
1.109460000000000029e-01,4.750000000000000056e-02
1.110079999999999956e-01,4.750000000000000056e-02
1.110700000000000021e-01,4.718750000000000722e-02
1.111320000000000086e-01,4.656250000000000666e-02
1.111940000000000012e-01,4.624999999999999944e-02
1.112560000000000077e-01,4.562500000000000583e-02
1.113180000000000003e-01,4.437500000000000472e-02
1.113800000000000068e-01,4.375000000000000416e-02
1.114419999999999994e-01,4.250000000000000305e-02
1.115040000000000059e-01,4.187500000000000250e-02
1.115659999999999985e-01,4.125000000000000194e-02
1.116280000000000050e-01,4.031250000000000111e-02
1.116899999999999976e-01,4.062500000000000139e-02
1.117520000000000041e-01,4.062500000000000139e-02
1.118139999999999967e-01,4.093750000000000167e-02
1.118760000000000032e-01,4.187500000000000250e-02
1.119379999999999958e-01,4.281250000000000333e-02
1.120000000000000023e-01,4.281250000000000333e-02
1.120620000000000088e-01,4.437500000000000472e-02
1.121240000000000014e-01,4.500000000000000527e-02
1.121860000000000079e-01,4.531250000000000555e-02
1.122480000000000006e-01,4.624999999999999944e-02
1.123100000000000070e-01,4.656250000000000666e-02
1.123719999999999997e-01,4.687500000000000000e-02
1.124340000000000062e-01,4.718750000000000722e-02
1.124959999999999988e-01,4.718750000000000722e-02
1.125580000000000053e-01,4.687500000000000000e-02
1.126199999999999979e-01,4.718750000000000722e-02
1.126820000000000044e-01,4.718750000000000722e-02
1.127439999999999970e-01,4.750000000000000056e-02
1.128060000000000035e-01,4.718750000000000722e-02
1.128679999999999961e-01,4.750000000000000056e-02
1.129300000000000026e-01,4.750000000000000056e-02
1.129920000000000091e-01,4.781250000000000777e-02
1.130540000000000017e-01,4.750000000000000056e-02
1.131160000000000082e-01,4.781250000000000777e-02
1.131780000000000008e-01,4.812500000000000111e-02
1.132400000000000073e-01,4.781250000000000777e-02
1.133019999999999999e-01,4.781250000000000777e-02
1.133640000000000064e-01,4.750000000000000056e-02
1.134259999999999990e-01,4.781250000000000777e-02
1.134880000000000055e-01,4.718750000000000722e-02
1.135499999999999982e-01,4.750000000000000056e-02
1.136120000000000047e-01,4.718750000000000722e-02
1.136739999999999973e-01,4.687500000000000000e-02
1.137360000000000038e-01,4.624999999999999944e-02
1.137979999999999964e-01,4.562500000000000583e-02
1.138600000000000029e-01,4.500000000000000527e-02
1.139220000000000094e-01,4.531250000000000555e-02
1.139840000000000020e-01,4.437500000000000472e-02
1.140460000000000085e-01,4.375000000000000416e-02
1.141080000000000011e-01,4.343750000000000389e-02
1.141700000000000076e-01,4.281250000000000333e-02
1.142320000000000002e-01,4.281250000000000333e-02
1.142940000000000067e-01,4.250000000000000305e-02
1.143559999999999993e-01,4.281250000000000333e-02
1.144180000000000058e-01,4.281250000000000333e-02
1.144799999999999984e-01,4.343750000000000389e-02
1.145420000000000049e-01,4.406250000000000444e-02
1.146039999999999975e-01,4.437500000000000472e-02
1.146660000000000040e-01,4.562500000000000583e-02
1.147279999999999966e-01,4.562500000000000583e-02
1.147900000000000031e-01,4.624999999999999944e-02
1.148519999999999958e-01,4.656250000000000666e-02
1.149140000000000023e-01,4.656250000000000666e-02
1.149760000000000087e-01,4.656250000000000666e-02
1.150380000000000014e-01,4.656250000000000666e-02
1.151000000000000079e-01,4.687500000000000000e-02
1.151620000000000005e-01,4.656250000000000666e-02
1.152240000000000070e-01,4.656250000000000666e-02
1.152859999999999996e-01,4.687500000000000000e-02
1.153480000000000061e-01,4.656250000000000666e-02
1.154099999999999987e-01,4.687500000000000000e-02
1.154720000000000052e-01,4.718750000000000722e-02
1.155339999999999978e-01,4.687500000000000000e-02
1.155960000000000043e-01,4.718750000000000722e-02
1.156579999999999969e-01,4.750000000000000056e-02
1.157200000000000034e-01,4.750000000000000056e-02
1.157819999999999960e-01,4.718750000000000722e-02
1.158440000000000025e-01,4.718750000000000722e-02
1.159060000000000090e-01,4.656250000000000666e-02
1.159680000000000016e-01,4.656250000000000666e-02
1.160300000000000081e-01,4.593750000000000611e-02
1.160920000000000007e-01,4.500000000000000527e-02
1.161540000000000072e-01,4.437500000000000472e-02
1.162159999999999999e-01,4.343750000000000389e-02
1.162780000000000064e-01,4.281250000000000333e-02
1.163399999999999990e-01,4.218750000000000278e-02
1.164020000000000055e-01,4.093750000000000167e-02
1.164639999999999981e-01,4.062500000000000139e-02
1.165260000000000046e-01,4.031250000000000111e-02
1.165879999999999972e-01,4.000000000000000083e-02
1.166500000000000037e-01,4.000000000000000083e-02
1.167119999999999963e-01,3.937500000000000722e-02
1.167740000000000028e-01,3.968750000000000056e-02
1.168360000000000093e-01,4.000000000000000083e-02
1.168980000000000019e-01,4.000000000000000083e-02
1.169600000000000084e-01,4.093750000000000167e-02
1.170220000000000010e-01,4.125000000000000194e-02
1.170840000000000075e-01,4.218750000000000278e-02
1.171460000000000001e-01,4.218750000000000278e-02
1.172080000000000066e-01,4.343750000000000389e-02
1.172699999999999992e-01,4.375000000000000416e-02
1.173320000000000057e-01,4.437500000000000472e-02
1.173939999999999984e-01,4.468750000000000500e-02
1.174560000000000048e-01,4.531250000000000555e-02
1.175179999999999975e-01,4.562500000000000583e-02
1.175800000000000040e-01,4.624999999999999944e-02
1.176419999999999966e-01,4.656250000000000666e-02
1.177040000000000031e-01,4.624999999999999944e-02
1.177660000000000096e-01,4.656250000000000666e-02
1.178280000000000022e-01,4.656250000000000666e-02
1.178900000000000087e-01,4.656250000000000666e-02
1.179520000000000013e-01,4.656250000000000666e-02
1.180140000000000078e-01,4.656250000000000666e-02
1.180760000000000004e-01,4.687500000000000000e-02
1.181380000000000069e-01,4.656250000000000666e-02
1.181999999999999995e-01,4.656250000000000666e-02
1.182620000000000060e-01,4.656250000000000666e-02
1.183239999999999986e-01,4.593750000000000611e-02
1.183860000000000051e-01,4.531250000000000555e-02
1.184479999999999977e-01,4.468750000000000500e-02
1.185100000000000042e-01,4.406250000000000444e-02
1.185719999999999968e-01,4.312500000000000361e-02
1.186340000000000033e-01,4.218750000000000278e-02
1.186959999999999960e-01,4.062500000000000139e-02
1.187580000000000024e-01,3.937500000000000722e-02
1.188200000000000089e-01,3.812500000000000611e-02
1.188820000000000016e-01,3.812500000000000611e-02
1.189440000000000081e-01,3.750000000000000555e-02
1.190060000000000007e-01,3.656250000000000472e-02
1.190680000000000072e-01,3.625000000000000444e-02
1.191299999999999998e-01,3.562500000000000389e-02
1.191920000000000063e-01,3.468750000000000305e-02
1.192539999999999989e-01,3.468750000000000305e-02
1.193160000000000054e-01,3.531250000000000361e-02
1.193779999999999980e-01,3.500000000000000333e-02
1.194400000000000045e-01,3.593750000000000416e-02
1.195019999999999971e-01,3.687500000000000500e-02
1.195640000000000036e-01,3.750000000000000555e-02
1.196259999999999962e-01,3.843750000000000638e-02
1.196880000000000027e-01,3.937500000000000722e-02
1.197500000000000092e-01,4.031250000000000111e-02
1.198120000000000018e-01,4.093750000000000167e-02
1.198740000000000083e-01,4.187500000000000250e-02
1.199360000000000009e-01,4.250000000000000305e-02
1.199980000000000074e-01,4.312500000000000361e-02
1.200600000000000001e-01,4.437500000000000472e-02
1.201220000000000065e-01,4.437500000000000472e-02
1.201839999999999992e-01,4.562500000000000583e-02
1.202460000000000057e-01,4.562500000000000583e-02
1.203079999999999983e-01,4.593750000000000611e-02
1.203700000000000048e-01,4.624999999999999944e-02
1.204319999999999974e-01,4.656250000000000666e-02
1.204940000000000039e-01,4.656250000000000666e-02
1.205559999999999965e-01,4.656250000000000666e-02
1.206180000000000030e-01,4.624999999999999944e-02
1.206800000000000095e-01,4.656250000000000666e-02
1.207420000000000021e-01,4.624999999999999944e-02
1.208040000000000086e-01,4.593750000000000611e-02
1.208660000000000012e-01,4.531250000000000555e-02
1.209280000000000077e-01,4.531250000000000555e-02
1.209900000000000003e-01,4.468750000000000500e-02
1.210520000000000068e-01,4.375000000000000416e-02
1.211139999999999994e-01,4.343750000000000389e-02
1.211760000000000059e-01,4.250000000000000305e-02
1.212379999999999985e-01,4.187500000000000250e-02
1.213000000000000050e-01,4.031250000000000111e-02
1.213619999999999977e-01,3.937500000000000722e-02
1.214240000000000042e-01,3.812500000000000611e-02
1.214859999999999968e-01,3.781250000000000583e-02
1.215480000000000033e-01,3.718750000000000527e-02
1.216100000000000098e-01,3.625000000000000444e-02
1.216720000000000024e-01,3.625000000000000444e-02
1.217340000000000089e-01,3.562500000000000389e-02
1.217960000000000015e-01,3.625000000000000444e-02
1.218580000000000080e-01,3.687500000000000500e-02
1.219200000000000006e-01,3.718750000000000527e-02
1.219820000000000071e-01,3.781250000000000583e-02
1.220439999999999997e-01,3.937500000000000722e-02
1.221060000000000062e-01,4.062500000000000139e-02
1.221679999999999988e-01,4.093750000000000167e-02
1.222300000000000053e-01,4.187500000000000250e-02
1.222919999999999979e-01,4.343750000000000389e-02
1.223540000000000044e-01,4.406250000000000444e-02
1.224159999999999970e-01,4.500000000000000527e-02
1.224780000000000035e-01,4.531250000000000555e-02
1.225399999999999961e-01,4.593750000000000611e-02
1.226020000000000026e-01,4.624999999999999944e-02
1.226640000000000091e-01,4.656250000000000666e-02
1.227260000000000018e-01,4.656250000000000666e-02
1.227880000000000082e-01,4.656250000000000666e-02
1.228500000000000009e-01,4.687500000000000000e-02
1.229120000000000074e-01,4.718750000000000722e-02
1.229740000000000000e-01,4.718750000000000722e-02
1.230360000000000065e-01,4.718750000000000722e-02
1.230979999999999991e-01,4.687500000000000000e-02
1.231600000000000056e-01,4.718750000000000722e-02
1.232219999999999982e-01,4.687500000000000000e-02
1.232840000000000047e-01,4.656250000000000666e-02
1.233459999999999973e-01,4.624999999999999944e-02
1.234080000000000038e-01,4.593750000000000611e-02
1.234699999999999964e-01,4.500000000000000527e-02
1.235320000000000029e-01,4.531250000000000555e-02
1.235940000000000094e-01,4.468750000000000500e-02
1.236560000000000020e-01,4.406250000000000444e-02
1.237180000000000085e-01,4.375000000000000416e-02
1.237800000000000011e-01,4.343750000000000389e-02
1.238420000000000076e-01,4.281250000000000333e-02
1.239040000000000002e-01,4.312500000000000361e-02
1.239660000000000067e-01,4.281250000000000333e-02
1.240279999999999994e-01,4.281250000000000333e-02
1.240900000000000059e-01,4.281250000000000333e-02
1.241519999999999985e-01,4.312500000000000361e-02
1.242140000000000050e-01,4.343750000000000389e-02
1.242759999999999976e-01,4.312500000000000361e-02
1.243380000000000041e-01,4.375000000000000416e-02
