PURE SILICA, ELECTRODE=TUNGSTEN, TIME=35, POLING_VOLTAGE=3700, WAVELENGTH=1.55e-06, EFFECTIVE_DISTANCE=3.1e-05, POLED_LENGTH=0.3, CORE_INDEX=1.45, POLE=MAX, AC_VOLTAGE=236.25, AC_FREQUENCY=460, PIEZO_FREQUENCY=9.2
Time(s),Voltage(V)
4.000000000000000192e-04,1.781250000000000194e-02
4.540000000000000307e-04,1.656250000000000430e-02
5.079999999999999880e-04,1.937500000000000333e-02
5.619999999999999996e-04,2.250000000000000264e-02
6.160000000000000111e-04,2.406250000000000056e-02
6.700000000000000226e-04,2.656250000000000278e-02
7.240000000000000342e-04,2.812500000000000416e-02
7.780000000000000457e-04,2.968750000000000208e-02
8.320000000000000572e-04,2.875000000000000472e-02
8.860000000000000688e-04,2.718750000000000333e-02
9.400000000000000803e-04,2.812500000000000416e-02
9.940000000000000918e-04,2.875000000000000472e-02
1.047999999999999887e-03,2.687500000000000305e-02
1.101999999999999898e-03,2.531250000000000167e-02
1.155999999999999910e-03,2.468750000000000111e-02
1.209999999999999921e-03,2.531250000000000167e-02
1.263999999999999933e-03,2.406250000000000056e-02
1.317999999999999944e-03,2.218750000000000236e-02
1.371999999999999956e-03,1.937500000000000333e-02
1.425999999999999967e-03,1.906250000000000305e-02
1.479999999999999979e-03,1.781250000000000194e-02
1.533999999999999990e-03,1.625000000000000402e-02
1.588000000000000002e-03,1.468750000000000264e-02
1.642000000000000013e-03,1.343750000000000153e-02
1.695999999999999808e-03,1.343750000000000153e-02
1.749999999999999820e-03,1.343750000000000153e-02
1.803999999999999831e-03,1.250000000000000416e-02
1.857999999999999843e-03,1.218750000000000389e-02
1.911999999999999854e-03,1.218750000000000389e-02
1.965999999999999866e-03,1.281250000000000444e-02
2.020000000000000094e-03,1.375000000000000180e-02
2.073999999999999889e-03,1.406250000000000208e-02
2.128000000000000117e-03,1.468750000000000264e-02
2.181999999999999912e-03,1.687500000000000458e-02
2.236000000000000140e-03,1.687500000000000458e-02
2.289999999999999935e-03,1.718750000000000139e-02
2.344000000000000163e-03,1.750000000000000167e-02
2.397999999999999958e-03,1.875000000000000278e-02
2.452000000000000186e-03,1.968750000000000361e-02
2.505999999999999981e-03,2.031250000000000416e-02
2.560000000000000209e-03,2.125000000000000500e-02
2.614000000000000004e-03,2.343750000000000347e-02
2.668000000000000232e-03,2.562500000000000194e-02
2.722000000000000027e-03,2.593750000000000222e-02
2.776000000000000256e-03,2.531250000000000167e-02
2.830000000000000050e-03,2.562500000000000194e-02
2.884000000000000279e-03,2.531250000000000167e-02
2.938000000000000073e-03,2.562500000000000194e-02
2.991999999999999868e-03,2.562500000000000194e-02
3.046000000000000096e-03,2.531250000000000167e-02
3.099999999999999891e-03,2.593750000000000222e-02
3.154000000000000119e-03,2.625000000000000250e-02
3.207999999999999914e-03,2.562500000000000194e-02
3.262000000000000142e-03,2.437500000000000083e-02
3.315999999999999937e-03,2.343750000000000347e-02
3.370000000000000166e-03,2.250000000000000264e-02
3.423999999999999960e-03,2.093750000000000472e-02
3.478000000000000189e-03,2.000000000000000389e-02
3.531999999999999983e-03,1.875000000000000278e-02
3.586000000000000212e-03,1.781250000000000194e-02
3.640000000000000006e-03,1.718750000000000139e-02
3.694000000000000235e-03,1.562500000000000347e-02
3.748000000000000029e-03,1.562500000000000347e-02
3.802000000000000258e-03,1.406250000000000208e-02
3.856000000000000053e-03,1.312500000000000125e-02
3.909999999999999414e-03,1.218750000000000389e-02
3.963999999999999642e-03,1.125000000000000305e-02
4.017999999999999870e-03,1.093750000000000278e-02
4.072000000000000099e-03,1.093750000000000278e-02
4.125999999999999460e-03,1.062500000000000250e-02
4.179999999999999688e-03,1.000000000000000194e-02
4.233999999999999916e-03,1.000000000000000194e-02
4.288000000000000145e-03,1.031250000000000222e-02
4.342000000000000373e-03,1.062500000000000250e-02
4.395999999999999734e-03,1.125000000000000305e-02
4.449999999999999963e-03,1.187500000000000361e-02
4.504000000000000191e-03,1.375000000000000180e-02
4.558000000000000419e-03,1.531250000000000319e-02
4.611999999999999780e-03,1.625000000000000402e-02
4.666000000000000009e-03,1.750000000000000167e-02
4.720000000000000237e-03,2.000000000000000389e-02
4.773999999999999598e-03,2.125000000000000500e-02
4.827999999999999826e-03,2.156250000000000527e-02
4.882000000000000055e-03,2.343750000000000347e-02
4.936000000000000283e-03,2.406250000000000056e-02
4.989999999999999644e-03,2.593750000000000222e-02
5.043999999999999873e-03,2.656250000000000278e-02
5.098000000000000101e-03,2.718750000000000333e-02
5.152000000000000329e-03,2.718750000000000333e-02
5.205999999999999690e-03,2.750000000000000361e-02
5.259999999999999919e-03,2.718750000000000333e-02
5.314000000000000147e-03,2.656250000000000278e-02
5.368000000000000375e-03,2.593750000000000222e-02
5.421999999999999736e-03,2.500000000000000139e-02
5.475999999999999965e-03,2.406250000000000056e-02
5.530000000000000193e-03,2.218750000000000236e-02
5.583999999999999554e-03,2.093750000000000472e-02
5.637999999999999783e-03,2.031250000000000416e-02
5.692000000000000011e-03,1.812500000000000222e-02
5.746000000000000239e-03,1.718750000000000139e-02
5.799999999999999600e-03,1.437500000000000236e-02
5.853999999999999829e-03,1.281250000000000444e-02
5.908000000000000057e-03,1.250000000000000416e-02
5.962000000000000285e-03,1.156250000000000333e-02
6.015999999999999646e-03,1.062500000000000250e-02
6.069999999999999875e-03,9.687500000000001665e-03
6.124000000000000103e-03,9.062500000000001110e-03
6.178000000000000332e-03,8.750000000000004302e-03
6.231999999999999693e-03,8.437500000000004025e-03
6.285999999999999921e-03,8.437500000000004025e-03
6.340000000000000149e-03,8.437500000000004025e-03
6.394000000000000378e-03,8.750000000000004302e-03
6.447999999999999739e-03,9.375000000000001388e-03
6.501999999999999967e-03,1.093750000000000278e-02
6.556000000000000195e-03,1.218750000000000389e-02
6.609999999999999556e-03,1.312500000000000125e-02
6.663999999999999785e-03,1.437500000000000236e-02
6.718000000000000013e-03,1.468750000000000264e-02
6.772000000000000242e-03,1.750000000000000167e-02
6.825999999999999603e-03,1.906250000000000305e-02
6.879999999999999831e-03,1.968750000000000361e-02
6.934000000000000059e-03,2.187500000000000555e-02
6.988000000000000288e-03,2.250000000000000264e-02
7.041999999999999649e-03,2.437500000000000083e-02
7.095999999999999877e-03,2.468750000000000111e-02
7.150000000000000105e-03,2.531250000000000167e-02
7.204000000000000334e-03,2.625000000000000250e-02
7.257999999999999695e-03,2.625000000000000250e-02
7.311999999999999923e-03,2.593750000000000222e-02
7.366000000000000152e-03,2.593750000000000222e-02
7.419999999999999513e-03,2.562500000000000194e-02
7.473999999999999741e-03,2.468750000000000111e-02
7.527999999999999969e-03,2.343750000000000347e-02
7.582000000000000198e-03,2.281250000000000291e-02
7.635999999999999559e-03,2.156250000000000527e-02
7.689999999999999787e-03,1.937500000000000333e-02
7.744000000000000015e-03,1.843750000000000250e-02
7.798000000000000244e-03,1.781250000000000194e-02
7.851999999999999605e-03,1.593750000000000375e-02
7.905999999999999833e-03,1.562500000000000347e-02
7.960000000000000062e-03,1.468750000000000264e-02
8.014000000000000290e-03,1.375000000000000180e-02
8.067999999999998784e-03,1.250000000000000416e-02
8.121999999999999012e-03,1.187500000000000361e-02
8.175999999999999240e-03,1.093750000000000278e-02
8.229999999999999469e-03,1.062500000000000250e-02
8.283999999999999697e-03,1.000000000000000194e-02
8.337999999999998191e-03,1.031250000000000222e-02
8.391999999999998419e-03,1.031250000000000222e-02
8.445999999999998648e-03,1.031250000000000222e-02
8.499999999999998876e-03,1.093750000000000278e-02
8.553999999999999104e-03,1.125000000000000305e-02
8.607999999999999333e-03,1.125000000000000305e-02
8.661999999999999561e-03,1.218750000000000389e-02
8.715999999999999789e-03,1.218750000000000389e-02
8.769999999999998283e-03,1.312500000000000125e-02
8.823999999999998511e-03,1.343750000000000153e-02
8.877999999999998740e-03,1.468750000000000264e-02
8.931999999999998968e-03,1.562500000000000347e-02
8.985999999999999197e-03,1.656250000000000430e-02
9.039999999999999425e-03,1.750000000000000167e-02
9.093999999999999653e-03,1.843750000000000250e-02
9.147999999999998147e-03,1.875000000000000278e-02
9.201999999999998375e-03,1.968750000000000361e-02
9.255999999999998604e-03,2.031250000000000416e-02
9.309999999999998832e-03,2.093750000000000472e-02
9.363999999999999060e-03,2.125000000000000500e-02
9.417999999999999289e-03,2.125000000000000500e-02
9.471999999999999517e-03,2.125000000000000500e-02
9.525999999999999746e-03,2.093750000000000472e-02
9.579999999999998239e-03,2.062500000000000444e-02
9.633999999999998468e-03,2.031250000000000416e-02
9.687999999999998696e-03,1.968750000000000361e-02
9.741999999999998924e-03,1.906250000000000305e-02
9.795999999999999153e-03,1.812500000000000222e-02
9.849999999999999381e-03,1.750000000000000167e-02
9.903999999999999609e-03,1.656250000000000430e-02
9.957999999999998103e-03,1.500000000000000291e-02
1.001199999999999833e-02,1.406250000000000208e-02
1.006599999999999856e-02,1.281250000000000444e-02
1.011999999999999879e-02,1.187500000000000361e-02
1.017399999999999902e-02,1.093750000000000278e-02
1.022799999999999924e-02,1.031250000000000222e-02
1.028199999999999947e-02,9.062500000000001110e-03
1.033599999999999970e-02,8.437500000000004025e-03
1.038999999999999820e-02,7.187500000000002914e-03
1.044399999999999842e-02,7.187500000000002914e-03
1.049799999999999865e-02,6.562500000000002359e-03
1.055199999999999888e-02,6.562500000000002359e-03
1.060599999999999911e-02,6.250000000000002082e-03
1.065999999999999934e-02,6.562500000000002359e-03
1.071399999999999957e-02,6.562500000000002359e-03
1.076799999999999806e-02,6.875000000000002637e-03
1.082199999999999829e-02,7.187500000000002914e-03
1.087599999999999852e-02,7.187500000000002914e-03
1.092999999999999874e-02,7.812500000000003469e-03
1.098399999999999897e-02,8.125000000000003747e-03
1.103799999999999920e-02,9.375000000000001388e-03
1.109199999999999943e-02,1.125000000000000305e-02
1.114599999999999966e-02,1.218750000000000389e-02
1.119999999999999815e-02,1.375000000000000180e-02
1.125399999999999838e-02,1.531250000000000319e-02
1.130799999999999861e-02,1.531250000000000319e-02
1.136199999999999884e-02,1.718750000000000139e-02
1.141599999999999906e-02,1.843750000000000250e-02
1.146999999999999929e-02,1.875000000000000278e-02
1.152399999999999952e-02,1.906250000000000305e-02
1.157799999999999975e-02,1.968750000000000361e-02
1.163199999999999824e-02,2.000000000000000389e-02
1.168599999999999847e-02,2.031250000000000416e-02
1.173999999999999870e-02,2.000000000000000389e-02
1.179399999999999893e-02,2.000000000000000389e-02
1.184799999999999916e-02,1.968750000000000361e-02
1.190199999999999939e-02,1.906250000000000305e-02
1.195599999999999961e-02,1.875000000000000278e-02
1.200999999999999811e-02,1.843750000000000250e-02
1.206399999999999834e-02,1.718750000000000139e-02
1.211799999999999856e-02,1.593750000000000375e-02
1.217199999999999879e-02,1.468750000000000264e-02
1.222599999999999902e-02,1.375000000000000180e-02
1.227999999999999925e-02,1.281250000000000444e-02
1.233399999999999948e-02,1.125000000000000305e-02
1.238799999999999971e-02,1.062500000000000250e-02
1.244199999999999820e-02,9.375000000000001388e-03
1.249599999999999843e-02,8.437500000000004025e-03
1.254999999999999866e-02,7.812500000000003469e-03
1.260399999999999889e-02,7.187500000000002914e-03
1.265799999999999911e-02,6.875000000000002637e-03
1.271199999999999934e-02,6.250000000000002082e-03
1.276599999999999957e-02,5.937500000000001804e-03
1.281999999999999806e-02,5.937500000000001804e-03
1.287399999999999829e-02,5.937500000000001804e-03
1.292799999999999852e-02,5.937500000000001804e-03
1.298199999999999875e-02,5.937500000000001804e-03
1.303599999999999898e-02,6.250000000000002082e-03
1.308999999999999921e-02,6.562500000000002359e-03
1.314399999999999943e-02,7.187500000000002914e-03
1.319799999999999966e-02,7.812500000000003469e-03
1.325199999999999816e-02,8.437500000000004025e-03
1.330599999999999838e-02,9.062500000000001110e-03
1.335999999999999861e-02,1.062500000000000250e-02
1.341399999999999884e-02,1.062500000000000250e-02
1.346799999999999907e-02,1.250000000000000416e-02
1.352199999999999930e-02,1.343750000000000153e-02
1.357599999999999953e-02,1.406250000000000208e-02
1.362999999999999802e-02,1.500000000000000291e-02
1.368399999999999825e-02,1.562500000000000347e-02
1.373799999999999848e-02,1.625000000000000402e-02
1.379199999999999871e-02,1.625000000000000402e-02
1.384599999999999893e-02,1.656250000000000430e-02
1.389999999999999916e-02,1.625000000000000402e-02
1.395399999999999939e-02,1.562500000000000347e-02
1.400799999999999962e-02,1.500000000000000291e-02
1.406199999999999811e-02,1.375000000000000180e-02
1.411599999999999834e-02,1.343750000000000153e-02
1.416999999999999857e-02,1.218750000000000389e-02
1.422399999999999880e-02,1.062500000000000250e-02
1.427799999999999903e-02,1.000000000000000194e-02
1.433199999999999925e-02,8.750000000000004302e-03
1.438599999999999948e-02,7.812500000000003469e-03
1.443999999999999798e-02,6.562500000000002359e-03
1.449399999999999820e-02,6.250000000000002082e-03
1.454799999999999843e-02,5.000000000000004441e-03
1.460199999999999866e-02,4.375000000000003886e-03
1.465599999999999889e-02,3.750000000000003331e-03
1.470999999999999912e-02,3.437500000000003053e-03
1.476399999999999935e-02,2.812500000000002498e-03
1.481799999999999957e-02,2.812500000000002498e-03
1.487199999999999807e-02,2.812500000000002498e-03
1.492599999999999830e-02,2.500000000000002220e-03
1.497999999999999853e-02,2.500000000000002220e-03
1.503399999999999875e-02,2.812500000000002498e-03
1.508799999999999898e-02,2.500000000000002220e-03
1.514199999999999921e-02,2.500000000000002220e-03
1.519599999999999944e-02,2.812500000000002498e-03
1.524999999999999793e-02,3.125000000000002776e-03
1.530399999999999816e-02,3.125000000000002776e-03
1.535799999999999839e-02,3.437500000000003053e-03
1.541199999999999862e-02,4.062500000000003608e-03
1.546599999999999885e-02,5.000000000000004441e-03
1.551999999999999907e-02,5.625000000000001527e-03
1.557399999999999930e-02,5.937500000000001804e-03
1.562799999999999953e-02,6.250000000000002082e-03
1.568199999999999802e-02,7.187500000000002914e-03
1.573599999999999999e-02,7.500000000000003192e-03
1.578999999999999848e-02,7.812500000000003469e-03
1.584400000000000044e-02,8.125000000000003747e-03
1.589799999999999894e-02,8.125000000000003747e-03
1.595200000000000090e-02,8.437500000000004025e-03
1.600599999999999939e-02,8.125000000000003747e-03
1.606000000000000136e-02,7.812500000000003469e-03
1.611399999999999985e-02,7.500000000000003192e-03
1.616800000000000181e-02,6.875000000000002637e-03
1.622200000000000031e-02,6.250000000000002082e-03
1.627599999999999880e-02,6.250000000000002082e-03
1.633000000000000076e-02,5.937500000000001804e-03
1.638399999999999926e-02,5.000000000000004441e-03
1.643800000000000122e-02,4.375000000000003886e-03
1.649199999999999972e-02,4.062500000000003608e-03
1.654600000000000168e-02,3.437500000000003053e-03
1.660000000000000017e-02,2.812500000000002498e-03
1.665400000000000214e-02,2.500000000000002220e-03
1.670800000000000063e-02,2.500000000000002220e-03
1.676199999999999912e-02,1.875000000000001665e-03
1.681600000000000109e-02,2.500000000000002220e-03
1.686999999999999958e-02,2.187500000000001943e-03
1.692400000000000154e-02,2.187500000000001943e-03
1.697800000000000004e-02,2.500000000000002220e-03
1.703200000000000200e-02,2.500000000000002220e-03
1.708600000000000049e-02,2.500000000000002220e-03
1.713999999999999899e-02,2.187500000000001943e-03
1.719400000000000095e-02,2.500000000000002220e-03
1.724799999999999944e-02,2.500000000000002220e-03
1.730200000000000141e-02,2.187500000000001943e-03
1.735599999999999990e-02,2.500000000000002220e-03
1.741000000000000186e-02,2.187500000000001943e-03
1.746400000000000036e-02,2.187500000000001943e-03
1.751799999999999885e-02,2.187500000000001943e-03
1.757200000000000081e-02,2.187500000000001943e-03
1.762599999999999931e-02,2.500000000000002220e-03
1.768000000000000127e-02,1.875000000000001665e-03
1.773399999999999976e-02,1.875000000000001665e-03
1.778800000000000173e-02,2.187500000000001943e-03
1.784200000000000022e-02,2.187500000000001943e-03
1.789599999999999871e-02,1.875000000000001665e-03
1.795000000000000068e-02,2.187500000000001943e-03
1.800399999999999917e-02,2.187500000000001943e-03
1.805800000000000113e-02,2.500000000000002220e-03
1.811199999999999963e-02,2.187500000000001943e-03
1.816600000000000159e-02,2.500000000000002220e-03
1.822000000000000008e-02,2.812500000000002498e-03
1.827400000000000205e-02,2.500000000000002220e-03
1.832800000000000054e-02,2.187500000000001943e-03
1.838199999999999903e-02,2.500000000000002220e-03
1.843600000000000100e-02,1.875000000000001665e-03
1.848999999999999949e-02,2.187500000000001943e-03
1.854400000000000145e-02,2.187500000000001943e-03
1.859799999999999995e-02,2.187500000000001943e-03
1.865200000000000191e-02,2.500000000000002220e-03
1.870600000000000041e-02,2.500000000000002220e-03
1.875999999999999890e-02,2.812500000000002498e-03
1.881400000000000086e-02,3.437500000000003053e-03
1.886799999999999936e-02,3.750000000000003331e-03
1.892200000000000132e-02,4.375000000000003886e-03
1.897599999999999981e-02,5.625000000000001527e-03
1.903000000000000178e-02,6.250000000000002082e-03
1.908400000000000027e-02,7.500000000000003192e-03
1.913799999999999876e-02,8.125000000000003747e-03
1.919200000000000073e-02,9.062500000000001110e-03
1.924599999999999922e-02,9.687500000000001665e-03
1.930000000000000118e-02,1.000000000000000194e-02
1.935399999999999968e-02,1.062500000000000250e-02
1.940800000000000164e-02,1.093750000000000278e-02
1.946200000000000013e-02,1.062500000000000250e-02
1.951599999999999863e-02,1.062500000000000250e-02
1.957000000000000059e-02,1.000000000000000194e-02
1.962399999999999908e-02,9.687500000000001665e-03
1.967800000000000105e-02,8.750000000000004302e-03
1.973199999999999954e-02,7.812500000000003469e-03
1.978600000000000150e-02,7.187500000000002914e-03
1.984000000000000000e-02,6.562500000000002359e-03
1.989400000000000196e-02,5.625000000000001527e-03
1.994800000000000045e-02,5.312500000000001249e-03
2.000199999999999895e-02,4.062500000000003608e-03
2.005600000000000091e-02,4.062500000000003608e-03
2.010999999999999940e-02,3.437500000000003053e-03
2.016400000000000137e-02,3.125000000000002776e-03
2.021799999999999986e-02,2.812500000000002498e-03
2.027200000000000182e-02,2.500000000000002220e-03
2.032600000000000032e-02,2.500000000000002220e-03
2.037999999999999881e-02,2.500000000000002220e-03
2.043400000000000077e-02,2.812500000000002498e-03
2.048799999999999927e-02,3.125000000000002776e-03
2.054200000000000123e-02,3.437500000000003053e-03
2.059599999999999972e-02,4.062500000000003608e-03
2.065000000000000169e-02,4.375000000000003886e-03
2.070400000000000018e-02,5.312500000000001249e-03
2.075799999999999867e-02,7.187500000000002914e-03
2.081200000000000064e-02,7.812500000000003469e-03
2.086599999999999913e-02,1.000000000000000194e-02
2.092000000000000109e-02,1.125000000000000305e-02
2.097399999999999959e-02,1.343750000000000153e-02
2.102800000000000155e-02,1.468750000000000264e-02
2.108200000000000005e-02,1.750000000000000167e-02
2.113599999999999854e-02,1.875000000000000278e-02
2.119000000000000050e-02,2.000000000000000389e-02
2.124399999999999900e-02,2.125000000000000500e-02
2.129800000000000096e-02,2.156250000000000527e-02
2.135199999999999945e-02,2.343750000000000347e-02
2.140600000000000142e-02,2.375000000000000375e-02
2.145999999999999991e-02,2.437500000000000083e-02
2.151400000000000187e-02,2.437500000000000083e-02
2.156800000000000037e-02,2.406250000000000056e-02
2.162199999999999886e-02,2.375000000000000375e-02
2.167600000000000082e-02,2.312500000000000319e-02
2.172999999999999932e-02,2.218750000000000236e-02
2.178400000000000128e-02,2.062500000000000444e-02
2.183799999999999977e-02,1.968750000000000361e-02
2.189200000000000174e-02,1.812500000000000222e-02
2.194600000000000023e-02,1.687500000000000458e-02
2.199999999999999872e-02,1.625000000000000402e-02
2.205400000000000069e-02,1.562500000000000347e-02
2.210799999999999918e-02,1.406250000000000208e-02
2.216200000000000114e-02,1.312500000000000125e-02
2.221599999999999964e-02,1.281250000000000444e-02
2.227000000000000160e-02,1.187500000000000361e-02
2.232400000000000009e-02,1.156250000000000333e-02
2.237799999999999859e-02,1.156250000000000333e-02
2.243200000000000055e-02,1.125000000000000305e-02
2.248599999999999904e-02,1.125000000000000305e-02
2.254000000000000101e-02,1.156250000000000333e-02
2.259399999999999950e-02,1.218750000000000389e-02
2.264800000000000146e-02,1.250000000000000416e-02
2.270199999999999996e-02,1.343750000000000153e-02
2.275600000000000192e-02,1.437500000000000236e-02
2.281000000000000041e-02,1.593750000000000375e-02
2.286399999999999891e-02,1.750000000000000167e-02
2.291800000000000087e-02,1.812500000000000222e-02
2.297199999999999936e-02,1.968750000000000361e-02
2.302600000000000133e-02,2.125000000000000500e-02
2.307999999999999982e-02,2.187500000000000555e-02
2.313400000000000178e-02,2.375000000000000375e-02
2.318800000000000028e-02,2.406250000000000056e-02
2.324199999999999877e-02,2.531250000000000167e-02
2.329600000000000073e-02,2.625000000000000250e-02
2.334999999999999923e-02,2.687500000000000305e-02
2.340400000000000119e-02,2.750000000000000361e-02
2.345799999999999969e-02,2.875000000000000472e-02
2.351200000000000165e-02,2.906250000000000500e-02
2.356600000000000014e-02,2.937500000000000527e-02
2.361999999999999864e-02,2.968750000000000208e-02
2.367400000000000060e-02,2.937500000000000527e-02
2.372799999999999909e-02,2.937500000000000527e-02
2.378200000000000106e-02,2.906250000000000500e-02
2.383599999999999955e-02,2.843750000000000444e-02
2.389000000000000151e-02,2.750000000000000361e-02
2.394400000000000001e-02,2.656250000000000278e-02
2.399799999999999850e-02,2.562500000000000194e-02
2.405200000000000046e-02,2.468750000000000111e-02
2.410599999999999896e-02,2.406250000000000056e-02
2.416000000000000092e-02,2.375000000000000375e-02
2.421399999999999941e-02,2.312500000000000319e-02
2.426800000000000138e-02,2.187500000000000555e-02
2.432199999999999987e-02,2.125000000000000500e-02
2.437600000000000183e-02,2.093750000000000472e-02
2.443000000000000033e-02,2.062500000000000444e-02
2.448399999999999882e-02,2.062500000000000444e-02
2.453800000000000078e-02,2.000000000000000389e-02
2.459199999999999928e-02,2.000000000000000389e-02
2.464600000000000124e-02,1.968750000000000361e-02
2.469999999999999973e-02,2.000000000000000389e-02
2.475400000000000170e-02,2.000000000000000389e-02
2.480800000000000019e-02,2.031250000000000416e-02
2.486199999999999868e-02,2.093750000000000472e-02
2.491600000000000065e-02,2.156250000000000527e-02
2.496999999999999914e-02,2.218750000000000236e-02
2.502400000000000110e-02,2.312500000000000319e-02
2.507799999999999960e-02,2.375000000000000375e-02
2.513200000000000156e-02,2.500000000000000139e-02
2.518600000000000005e-02,2.562500000000000194e-02
2.523999999999999855e-02,2.656250000000000278e-02
2.529400000000000051e-02,2.812500000000000416e-02
2.534799999999999900e-02,2.875000000000000472e-02
2.540200000000000097e-02,3.062500000000000291e-02
2.545599999999999946e-02,3.187500000000000056e-02
2.551000000000000142e-02,3.312500000000000167e-02
2.556399999999999992e-02,3.406250000000000250e-02
2.561799999999999841e-02,3.500000000000000333e-02
2.567200000000000037e-02,3.625000000000000444e-02
2.572599999999999887e-02,3.718750000000000527e-02
2.578000000000000083e-02,3.812500000000000611e-02
2.583399999999999933e-02,3.843750000000000638e-02
2.588800000000000129e-02,3.843750000000000638e-02
2.594199999999999978e-02,3.906250000000000000e-02
2.599600000000000175e-02,3.875000000000000666e-02
2.605000000000000024e-02,3.812500000000000611e-02
2.610399999999999873e-02,3.781250000000000583e-02
2.615800000000000070e-02,3.718750000000000527e-02
2.621199999999999919e-02,3.656250000000000472e-02
2.626600000000000115e-02,3.468750000000000305e-02
2.631999999999999965e-02,3.375000000000000222e-02
2.637400000000000161e-02,3.218750000000000083e-02
2.642800000000000010e-02,3.218750000000000083e-02
2.648199999999999860e-02,3.093750000000000319e-02
2.653600000000000056e-02,2.843750000000000444e-02
2.658999999999999905e-02,2.812500000000000416e-02
2.664400000000000102e-02,2.656250000000000278e-02
2.669799999999999951e-02,2.562500000000000194e-02
2.675200000000000147e-02,2.437500000000000083e-02
2.680599999999999997e-02,2.406250000000000056e-02
2.685999999999999846e-02,2.375000000000000375e-02
2.691400000000000042e-02,2.343750000000000347e-02
2.696799999999999892e-02,2.343750000000000347e-02
2.702200000000000088e-02,2.343750000000000347e-02
2.707599999999999937e-02,2.406250000000000056e-02
2.713000000000000134e-02,2.468750000000000111e-02
2.718399999999999983e-02,2.687500000000000305e-02
2.723799999999999832e-02,2.812500000000000416e-02
2.729200000000000029e-02,2.937500000000000527e-02
2.734599999999999878e-02,3.062500000000000291e-02
2.740000000000000074e-02,3.250000000000000111e-02
2.745399999999999924e-02,3.250000000000000111e-02
2.750800000000000120e-02,3.500000000000000333e-02
2.756199999999999969e-02,3.531250000000000361e-02
2.761600000000000166e-02,3.656250000000000472e-02
2.767000000000000015e-02,3.718750000000000527e-02
2.772399999999999864e-02,3.906250000000000000e-02
2.777800000000000061e-02,3.875000000000000666e-02
2.783199999999999910e-02,3.937500000000000722e-02
2.788600000000000106e-02,3.937500000000000722e-02
2.793999999999999956e-02,3.906250000000000000e-02
2.799400000000000152e-02,3.937500000000000722e-02
2.804800000000000001e-02,3.843750000000000638e-02
2.810199999999999851e-02,3.843750000000000638e-02
2.815600000000000047e-02,3.812500000000000611e-02
2.820999999999999897e-02,3.718750000000000527e-02
2.826400000000000093e-02,3.625000000000000444e-02
2.831799999999999942e-02,3.562500000000000389e-02
2.837200000000000139e-02,3.468750000000000305e-02
2.842599999999999988e-02,3.312500000000000167e-02
2.847999999999999837e-02,3.156250000000000028e-02
2.853400000000000034e-02,3.031250000000000264e-02
2.858799999999999883e-02,3.000000000000000236e-02
2.864200000000000079e-02,2.937500000000000527e-02
2.869599999999999929e-02,2.812500000000000416e-02
2.875000000000000125e-02,2.718750000000000333e-02
2.880399999999999974e-02,2.687500000000000305e-02
2.885800000000000171e-02,2.656250000000000278e-02
2.891200000000000020e-02,2.593750000000000222e-02
2.896599999999999869e-02,2.625000000000000250e-02
2.902000000000000066e-02,2.656250000000000278e-02
2.907399999999999915e-02,2.687500000000000305e-02
2.912800000000000111e-02,2.718750000000000333e-02
2.918199999999999961e-02,2.750000000000000361e-02
2.923600000000000157e-02,2.843750000000000444e-02
2.929000000000000006e-02,2.906250000000000500e-02
2.934399999999999856e-02,2.968750000000000208e-02
2.939800000000000052e-02,3.125000000000000000e-02
2.945199999999999901e-02,3.156250000000000028e-02
2.950600000000000098e-02,3.156250000000000028e-02
2.955999999999999947e-02,3.312500000000000167e-02
2.961400000000000143e-02,3.343750000000000194e-02
2.966799999999999993e-02,3.437500000000000278e-02
2.972199999999999842e-02,3.593750000000000416e-02
2.977600000000000038e-02,3.593750000000000416e-02
2.982999999999999888e-02,3.750000000000000555e-02
2.988400000000000084e-02,3.812500000000000611e-02
2.993799999999999933e-02,3.843750000000000638e-02
2.999200000000000130e-02,3.937500000000000722e-02
3.004599999999999979e-02,3.937500000000000722e-02
3.009999999999999828e-02,4.031250000000000111e-02
3.015400000000000025e-02,4.031250000000000111e-02
3.020799999999999874e-02,4.093750000000000167e-02
3.026200000000000070e-02,4.125000000000000194e-02
3.031599999999999920e-02,4.156250000000000222e-02
3.037000000000000116e-02,4.156250000000000222e-02
3.042399999999999965e-02,4.125000000000000194e-02
3.047800000000000162e-02,4.125000000000000194e-02
3.053200000000000011e-02,4.031250000000000111e-02
3.058599999999999861e-02,3.968750000000000056e-02
3.064000000000000057e-02,3.843750000000000638e-02
3.069399999999999906e-02,3.750000000000000555e-02
3.074800000000000103e-02,3.593750000000000416e-02
3.080199999999999952e-02,3.562500000000000389e-02
3.085600000000000148e-02,3.375000000000000222e-02
3.090999999999999998e-02,3.281250000000000139e-02
3.096399999999999847e-02,3.187500000000000056e-02
3.101800000000000043e-02,3.000000000000000236e-02
3.107199999999999893e-02,2.906250000000000500e-02
3.112600000000000089e-02,2.843750000000000444e-02
3.117999999999999938e-02,2.687500000000000305e-02
3.123400000000000135e-02,2.656250000000000278e-02
3.128799999999999637e-02,2.593750000000000222e-02
3.134199999999999486e-02,2.562500000000000194e-02
3.139600000000000030e-02,2.562500000000000194e-02
3.144999999999999879e-02,2.625000000000000250e-02
3.150399999999999728e-02,2.687500000000000305e-02
3.155799999999999578e-02,2.718750000000000333e-02
3.161200000000000121e-02,2.781250000000000389e-02
3.166599999999999970e-02,3.031250000000000264e-02
3.171999999999999820e-02,3.062500000000000291e-02
3.177399999999999669e-02,3.281250000000000139e-02
3.182799999999999518e-02,3.375000000000000222e-02
3.188199999999999368e-02,3.625000000000000444e-02
3.193599999999999911e-02,3.687500000000000500e-02
3.198999999999999760e-02,3.906250000000000000e-02
3.204399999999999610e-02,4.000000000000000083e-02
3.209799999999999459e-02,4.125000000000000194e-02
3.215199999999999309e-02,4.093750000000000167e-02
3.220599999999999852e-02,4.218750000000000278e-02
3.225999999999999701e-02,4.312500000000000361e-02
3.231399999999999550e-02,4.343750000000000389e-02
3.236799999999999400e-02,4.375000000000000416e-02
3.242199999999999943e-02,4.375000000000000416e-02
3.247599999999999792e-02,4.406250000000000444e-02
3.252999999999999642e-02,4.375000000000000416e-02
3.258399999999999491e-02,4.343750000000000389e-02
3.263799999999999341e-02,4.343750000000000389e-02
3.269199999999999884e-02,4.281250000000000333e-02
3.274599999999999733e-02,4.187500000000000250e-02
3.279999999999999583e-02,4.000000000000000083e-02
3.285399999999999432e-02,3.937500000000000722e-02
3.290799999999999975e-02,3.843750000000000638e-02
3.296199999999999825e-02,3.750000000000000555e-02
3.301599999999999674e-02,3.437500000000000278e-02
3.306999999999999523e-02,3.406250000000000250e-02
3.312399999999999373e-02,3.250000000000000111e-02
3.317799999999999916e-02,3.156250000000000028e-02
3.323199999999999765e-02,3.125000000000000000e-02
3.328599999999999615e-02,3.062500000000000291e-02
3.333999999999999464e-02,3.031250000000000264e-02
3.339399999999999313e-02,3.031250000000000264e-02
3.344799999999999857e-02,3.125000000000000000e-02
3.350199999999999706e-02,3.218750000000000083e-02
3.355599999999999555e-02,3.218750000000000083e-02
3.360999999999999405e-02,3.406250000000000250e-02
3.366399999999999948e-02,3.531250000000000361e-02
3.371799999999999797e-02,3.562500000000000389e-02
3.377199999999999647e-02,3.843750000000000638e-02
3.382599999999999496e-02,3.906250000000000000e-02
3.387999999999999345e-02,4.093750000000000167e-02
3.393399999999999889e-02,4.187500000000000250e-02
3.398799999999999738e-02,4.281250000000000333e-02
3.404199999999999587e-02,4.375000000000000416e-02
3.409599999999999437e-02,4.406250000000000444e-02
3.414999999999999286e-02,4.437500000000000472e-02
3.420399999999999829e-02,4.468750000000000500e-02
3.425799999999999679e-02,4.500000000000000527e-02
3.431199999999999528e-02,4.531250000000000555e-02
3.436599999999999377e-02,4.531250000000000555e-02
3.441999999999999921e-02,4.531250000000000555e-02
3.447399999999999770e-02,4.531250000000000555e-02
3.452799999999999619e-02,4.562500000000000583e-02
3.458199999999999469e-02,4.562500000000000583e-02
3.463599999999999318e-02,4.500000000000000527e-02
3.468999999999999861e-02,4.500000000000000527e-02
3.474399999999999711e-02,4.468750000000000500e-02
3.479799999999999560e-02,4.437500000000000472e-02
3.485199999999999410e-02,4.375000000000000416e-02
3.490599999999999953e-02,4.281250000000000333e-02
3.495999999999999802e-02,4.218750000000000278e-02
3.501399999999999652e-02,4.125000000000000194e-02
3.506799999999999501e-02,4.093750000000000167e-02
3.512199999999999350e-02,4.062500000000000139e-02
3.517599999999999894e-02,3.968750000000000056e-02
3.522999999999999743e-02,3.937500000000000722e-02
3.528399999999999592e-02,3.937500000000000722e-02
3.533799999999999442e-02,3.875000000000000666e-02
3.539199999999999291e-02,3.875000000000000666e-02
3.544599999999999834e-02,3.906250000000000000e-02
3.549999999999999684e-02,3.937500000000000722e-02
3.555399999999999533e-02,3.937500000000000722e-02
3.560799999999999382e-02,4.000000000000000083e-02
3.566199999999999926e-02,4.093750000000000167e-02
3.571599999999999775e-02,4.093750000000000167e-02
3.576999999999999624e-02,4.187500000000000250e-02
3.582399999999999474e-02,4.187500000000000250e-02
3.587799999999999323e-02,4.281250000000000333e-02
3.593199999999999866e-02,4.343750000000000389e-02
3.598599999999999716e-02,4.375000000000000416e-02
3.603999999999999565e-02,4.437500000000000472e-02
3.609399999999999414e-02,4.468750000000000500e-02
3.614799999999999958e-02,4.500000000000000527e-02
3.620199999999999807e-02,4.500000000000000527e-02
3.625599999999999656e-02,4.531250000000000555e-02
3.630999999999999506e-02,4.531250000000000555e-02
3.636399999999999355e-02,4.531250000000000555e-02
3.641799999999999898e-02,4.562500000000000583e-02
3.647199999999999748e-02,4.531250000000000555e-02
3.652599999999999597e-02,4.531250000000000555e-02
3.657999999999999446e-02,4.531250000000000555e-02
3.663399999999999296e-02,4.531250000000000555e-02
3.668799999999999839e-02,4.531250000000000555e-02
3.674199999999999688e-02,4.531250000000000555e-02
3.679599999999999538e-02,4.500000000000000527e-02
3.684999999999999387e-02,4.500000000000000527e-02
3.690399999999999930e-02,4.500000000000000527e-02
3.695799999999999780e-02,4.531250000000000555e-02
3.701199999999999629e-02,4.468750000000000500e-02
3.706599999999999479e-02,4.500000000000000527e-02
3.711999999999999328e-02,4.468750000000000500e-02
3.717399999999999871e-02,4.500000000000000527e-02
3.722799999999999720e-02,4.500000000000000527e-02
3.728199999999999570e-02,4.531250000000000555e-02
3.733599999999999419e-02,4.468750000000000500e-02
3.738999999999999962e-02,4.468750000000000500e-02
3.744399999999999812e-02,4.437500000000000472e-02
3.749799999999999661e-02,4.437500000000000472e-02
3.755199999999999511e-02,4.281250000000000333e-02
3.760599999999999360e-02,4.281250000000000333e-02
3.765999999999999903e-02,4.281250000000000333e-02
3.771399999999999753e-02,4.218750000000000278e-02
3.776799999999999602e-02,4.156250000000000222e-02
3.782199999999999451e-02,4.187500000000000250e-02
3.787599999999999301e-02,4.187500000000000250e-02
3.792999999999999844e-02,4.218750000000000278e-02
3.798399999999999693e-02,4.218750000000000278e-02
3.803799999999999543e-02,4.281250000000000333e-02
3.809199999999999392e-02,4.312500000000000361e-02
3.814599999999999935e-02,4.406250000000000444e-02
3.819999999999999785e-02,4.437500000000000472e-02
3.825399999999999634e-02,4.437500000000000472e-02
3.830799999999999483e-02,4.500000000000000527e-02
3.836199999999999333e-02,4.468750000000000500e-02
3.841599999999999876e-02,4.468750000000000500e-02
3.846999999999999725e-02,4.437500000000000472e-02
3.852399999999999575e-02,4.437500000000000472e-02
3.857799999999999424e-02,4.406250000000000444e-02
3.863199999999999273e-02,4.312500000000000361e-02
3.868599999999999817e-02,4.281250000000000333e-02
3.873999999999999666e-02,4.218750000000000278e-02
3.879399999999999515e-02,4.187500000000000250e-02
3.884799999999999365e-02,4.187500000000000250e-02
3.890199999999999908e-02,4.187500000000000250e-02
3.895599999999999757e-02,4.218750000000000278e-02
3.900999999999999607e-02,4.218750000000000278e-02
3.906399999999999456e-02,4.250000000000000305e-02
3.911799999999999305e-02,4.281250000000000333e-02
3.917199999999999849e-02,4.343750000000000389e-02
3.922599999999999698e-02,4.343750000000000389e-02
3.927999999999999547e-02,4.437500000000000472e-02
3.933399999999999397e-02,4.406250000000000444e-02
3.938799999999999940e-02,4.437500000000000472e-02
3.944199999999999789e-02,4.468750000000000500e-02
3.949599999999999639e-02,4.500000000000000527e-02
3.954999999999999488e-02,4.500000000000000527e-02
3.960399999999999338e-02,4.468750000000000500e-02
3.965799999999999881e-02,4.468750000000000500e-02
3.971199999999999730e-02,4.468750000000000500e-02
3.976599999999999580e-02,4.437500000000000472e-02
3.981999999999999429e-02,4.468750000000000500e-02
3.987399999999999278e-02,4.437500000000000472e-02
3.992799999999999822e-02,4.437500000000000472e-02
3.998199999999999671e-02,4.468750000000000500e-02
4.003599999999999520e-02,4.468750000000000500e-02
4.008999999999999370e-02,4.468750000000000500e-02
4.014399999999999913e-02,4.468750000000000500e-02
4.019799999999999762e-02,4.437500000000000472e-02
4.025199999999999612e-02,4.437500000000000472e-02
4.030599999999999461e-02,4.437500000000000472e-02
4.035999999999999310e-02,4.406250000000000444e-02
4.041399999999999854e-02,4.406250000000000444e-02
4.046799999999999703e-02,4.343750000000000389e-02
4.052199999999999552e-02,4.250000000000000305e-02
4.057599999999999402e-02,4.218750000000000278e-02
4.062999999999999945e-02,4.187500000000000250e-02
4.068399999999999794e-02,4.125000000000000194e-02
4.073799999999999644e-02,4.093750000000000167e-02
4.079199999999999493e-02,4.093750000000000167e-02
4.084599999999999342e-02,4.062500000000000139e-02
4.089999999999999886e-02,4.062500000000000139e-02
4.095399999999999735e-02,4.062500000000000139e-02
4.100799999999999584e-02,4.093750000000000167e-02
4.106199999999999434e-02,4.093750000000000167e-02
4.111599999999999283e-02,4.125000000000000194e-02
4.116999999999999826e-02,4.187500000000000250e-02
4.122399999999999676e-02,4.187500000000000250e-02
4.127799999999999525e-02,4.250000000000000305e-02
4.133199999999999374e-02,4.281250000000000333e-02
4.138599999999999918e-02,4.312500000000000361e-02
4.143999999999999767e-02,4.375000000000000416e-02
4.149399999999999616e-02,4.406250000000000444e-02
4.154799999999999466e-02,4.468750000000000500e-02
4.160199999999999315e-02,4.437500000000000472e-02
4.165599999999999858e-02,4.468750000000000500e-02
4.170999999999999708e-02,4.468750000000000500e-02
4.176399999999999557e-02,4.531250000000000555e-02
4.181799999999999407e-02,4.500000000000000527e-02
4.187199999999999256e-02,4.531250000000000555e-02
4.192599999999999799e-02,4.500000000000000527e-02
4.197999999999999649e-02,4.531250000000000555e-02
4.203399999999999498e-02,4.500000000000000527e-02
4.208799999999999347e-02,4.500000000000000527e-02
4.214199999999999890e-02,4.500000000000000527e-02
4.219599999999999740e-02,4.500000000000000527e-02
4.224999999999999589e-02,4.500000000000000527e-02
4.230399999999999439e-02,4.531250000000000555e-02
4.235799999999999288e-02,4.531250000000000555e-02
4.241199999999999831e-02,4.531250000000000555e-02
4.246599999999999681e-02,4.500000000000000527e-02
4.251999999999999530e-02,4.500000000000000527e-02
4.257399999999999379e-02,4.437500000000000472e-02
4.262799999999999923e-02,4.437500000000000472e-02
4.268199999999999772e-02,4.375000000000000416e-02
4.273599999999999621e-02,4.312500000000000361e-02
4.278999999999999471e-02,4.218750000000000278e-02
4.284399999999999320e-02,4.093750000000000167e-02
4.289799999999999863e-02,4.031250000000000111e-02
4.295199999999999713e-02,3.937500000000000722e-02
4.300599999999999562e-02,3.906250000000000000e-02
4.305999999999999411e-02,3.843750000000000638e-02
4.311399999999999261e-02,3.781250000000000583e-02
4.316799999999999804e-02,3.718750000000000527e-02
4.322199999999999653e-02,3.750000000000000555e-02
4.327599999999999503e-02,3.718750000000000527e-02
4.332999999999999352e-02,3.687500000000000500e-02
4.338399999999999895e-02,3.687500000000000500e-02
4.343799999999999745e-02,3.687500000000000500e-02
4.349199999999999594e-02,3.750000000000000555e-02
4.354599999999999443e-02,3.750000000000000555e-02
4.359999999999999293e-02,3.812500000000000611e-02
4.365399999999999836e-02,3.906250000000000000e-02
4.370799999999999685e-02,3.906250000000000000e-02
4.376199999999999535e-02,4.000000000000000083e-02
4.381599999999999384e-02,4.093750000000000167e-02
4.386999999999999927e-02,4.187500000000000250e-02
4.392399999999999777e-02,4.218750000000000278e-02
4.397799999999999626e-02,4.281250000000000333e-02
4.403199999999999475e-02,4.312500000000000361e-02
4.408599999999999325e-02,4.343750000000000389e-02
4.413999999999999868e-02,4.406250000000000444e-02
4.419399999999999717e-02,4.375000000000000416e-02
4.424799999999999567e-02,4.375000000000000416e-02
4.430199999999999416e-02,4.406250000000000444e-02
4.435599999999999266e-02,4.375000000000000416e-02
4.440999999999999809e-02,4.375000000000000416e-02
4.446399999999999658e-02,4.312500000000000361e-02
4.451799999999999508e-02,4.312500000000000361e-02
4.457199999999999357e-02,4.218750000000000278e-02
4.462599999999999900e-02,4.125000000000000194e-02
4.467999999999999750e-02,4.093750000000000167e-02
4.473399999999999599e-02,3.968750000000000056e-02
4.478799999999999448e-02,3.906250000000000000e-02
4.484199999999999298e-02,3.750000000000000555e-02
4.489599999999999841e-02,3.718750000000000527e-02
4.494999999999999690e-02,3.625000000000000444e-02
4.500399999999999540e-02,3.468750000000000305e-02
4.505799999999999389e-02,3.343750000000000194e-02
4.511199999999999932e-02,3.343750000000000194e-02
4.516599999999999782e-02,3.281250000000000139e-02
4.521999999999999631e-02,3.218750000000000083e-02
4.527399999999999480e-02,3.218750000000000083e-02
4.532799999999999330e-02,3.218750000000000083e-02
4.538199999999999873e-02,3.281250000000000139e-02
4.543599999999999722e-02,3.343750000000000194e-02
4.548999999999999572e-02,3.375000000000000222e-02
4.554399999999999421e-02,3.437500000000000278e-02
4.559799999999999270e-02,3.562500000000000389e-02
4.565199999999999814e-02,3.593750000000000416e-02
4.570599999999999663e-02,3.750000000000000555e-02
4.575999999999999512e-02,3.875000000000000666e-02
4.581399999999999362e-02,3.906250000000000000e-02
4.586799999999999905e-02,4.000000000000000083e-02
4.592199999999999754e-02,4.062500000000000139e-02
4.597599999999999604e-02,4.187500000000000250e-02
4.602999999999999453e-02,4.187500000000000250e-02
4.608399999999999302e-02,4.250000000000000305e-02
4.613799999999999846e-02,4.312500000000000361e-02
4.619199999999999695e-02,4.375000000000000416e-02
4.624599999999999544e-02,4.343750000000000389e-02
4.629999999999999394e-02,4.375000000000000416e-02
4.635399999999999243e-02,4.343750000000000389e-02
4.640799999999999786e-02,4.343750000000000389e-02
4.646199999999999636e-02,4.312500000000000361e-02
4.651599999999999485e-02,4.281250000000000333e-02
4.656999999999999335e-02,4.218750000000000278e-02
4.662399999999999878e-02,4.187500000000000250e-02
4.667799999999999727e-02,4.187500000000000250e-02
4.673199999999999577e-02,4.031250000000000111e-02
4.678599999999999426e-02,4.000000000000000083e-02
4.683999999999999275e-02,3.906250000000000000e-02
4.689399999999999819e-02,3.812500000000000611e-02
4.694799999999999668e-02,3.687500000000000500e-02
4.700199999999999517e-02,3.468750000000000305e-02
4.705599999999999367e-02,3.375000000000000222e-02
4.710999999999999910e-02,3.281250000000000139e-02
4.716399999999999759e-02,3.062500000000000291e-02
4.721799999999999609e-02,2.906250000000000500e-02
4.727199999999999458e-02,2.812500000000000416e-02
4.732599999999999307e-02,2.625000000000000250e-02
4.737999999999999851e-02,2.593750000000000222e-02
4.743399999999999700e-02,2.437500000000000083e-02
4.748799999999999549e-02,2.343750000000000347e-02
4.754199999999999399e-02,2.218750000000000236e-02
4.759599999999999248e-02,2.156250000000000527e-02
4.764999999999999791e-02,2.156250000000000527e-02
4.770399999999999641e-02,2.093750000000000472e-02
4.775799999999999490e-02,2.093750000000000472e-02
4.781199999999999339e-02,2.093750000000000472e-02
4.786599999999999883e-02,2.187500000000000555e-02
4.791999999999999732e-02,2.187500000000000555e-02
4.797399999999999581e-02,2.250000000000000264e-02
4.802799999999999431e-02,2.375000000000000375e-02
4.808199999999999280e-02,2.468750000000000111e-02
4.813599999999999823e-02,2.593750000000000222e-02
4.818999999999999673e-02,2.656250000000000278e-02
4.824399999999999522e-02,2.718750000000000333e-02
4.829799999999999371e-02,2.906250000000000500e-02
4.835199999999999915e-02,2.937500000000000527e-02
4.840599999999999764e-02,3.093750000000000319e-02
4.845999999999999613e-02,3.156250000000000028e-02
4.851399999999999463e-02,3.218750000000000083e-02
4.856799999999999312e-02,3.281250000000000139e-02
4.862199999999999855e-02,3.312500000000000167e-02
4.867599999999999705e-02,3.312500000000000167e-02
4.872999999999999554e-02,3.312500000000000167e-02
4.878399999999999403e-02,3.312500000000000167e-02
4.883799999999999253e-02,3.250000000000000111e-02
4.889199999999999796e-02,3.125000000000000000e-02
4.894599999999999645e-02,3.093750000000000319e-02
4.899999999999999495e-02,2.968750000000000208e-02
4.905399999999999344e-02,2.812500000000000416e-02
4.910799999999999887e-02,2.718750000000000333e-02
4.916199999999999737e-02,2.500000000000000139e-02
4.921599999999999586e-02,2.375000000000000375e-02
4.926999999999999436e-02,2.156250000000000527e-02
4.932399999999999285e-02,1.968750000000000361e-02
4.937799999999999828e-02,1.875000000000000278e-02
4.943199999999999678e-02,1.656250000000000430e-02
4.948599999999999527e-02,1.562500000000000347e-02
4.953999999999999376e-02,1.468750000000000264e-02
4.959399999999999920e-02,1.468750000000000264e-02
4.964799999999999769e-02,1.468750000000000264e-02
4.970199999999999618e-02,1.437500000000000236e-02
4.975599999999999468e-02,1.562500000000000347e-02
4.980999999999999317e-02,1.593750000000000375e-02
4.986399999999999860e-02,1.687500000000000458e-02
4.991799999999999710e-02,1.843750000000000250e-02
4.997199999999999559e-02,1.937500000000000333e-02
5.002599999999999408e-02,2.093750000000000472e-02
5.007999999999999258e-02,2.156250000000000527e-02
5.013399999999999801e-02,2.312500000000000319e-02
5.018799999999999650e-02,2.468750000000000111e-02
5.024199999999999500e-02,2.625000000000000250e-02
5.029599999999999349e-02,2.812500000000000416e-02
5.034999999999999892e-02,2.937500000000000527e-02
5.040399999999999742e-02,3.062500000000000291e-02
5.045799999999999591e-02,3.125000000000000000e-02
5.051199999999999440e-02,3.218750000000000083e-02
5.056599999999999290e-02,3.250000000000000111e-02
5.061999999999999833e-02,3.281250000000000139e-02
5.067399999999999682e-02,3.281250000000000139e-02
5.072799999999999532e-02,3.281250000000000139e-02
5.078199999999999381e-02,3.218750000000000083e-02
5.083599999999999230e-02,3.218750000000000083e-02
5.088999999999999774e-02,3.031250000000000264e-02
5.094399999999999623e-02,2.937500000000000527e-02
5.099799999999999472e-02,2.812500000000000416e-02
5.105199999999999322e-02,2.750000000000000361e-02
5.110599999999999865e-02,2.531250000000000167e-02
5.115999999999999714e-02,2.406250000000000056e-02
5.121399999999999564e-02,2.281250000000000291e-02
5.126799999999999413e-02,2.125000000000000500e-02
5.132199999999999263e-02,1.968750000000000361e-02
5.137599999999999806e-02,1.750000000000000167e-02
5.142999999999999655e-02,1.593750000000000375e-02
5.148399999999999505e-02,1.500000000000000291e-02
5.153799999999999354e-02,1.375000000000000180e-02
5.159199999999999897e-02,1.250000000000000416e-02
5.164599999999999747e-02,1.187500000000000361e-02
5.169999999999999596e-02,1.093750000000000278e-02
5.175399999999999445e-02,1.062500000000000250e-02
5.180799999999999295e-02,9.062500000000001110e-03
5.186199999999999838e-02,9.062500000000001110e-03
5.191599999999999687e-02,8.750000000000004302e-03
5.196999999999999537e-02,8.125000000000003747e-03
5.202399999999999386e-02,8.437500000000004025e-03
5.207799999999999235e-02,8.125000000000003747e-03
5.213199999999999779e-02,8.750000000000004302e-03
5.218599999999999628e-02,8.750000000000004302e-03
5.223999999999999477e-02,9.375000000000001388e-03
5.229399999999999327e-02,1.000000000000000194e-02
5.234799999999999870e-02,1.031250000000000222e-02
5.240199999999999719e-02,1.093750000000000278e-02
5.245599999999999569e-02,1.218750000000000389e-02
5.250999999999999418e-02,1.281250000000000444e-02
5.256399999999999267e-02,1.343750000000000153e-02
5.261799999999999811e-02,1.406250000000000208e-02
5.267199999999999660e-02,1.500000000000000291e-02
5.272599999999999509e-02,1.593750000000000375e-02
5.277999999999999359e-02,1.593750000000000375e-02
5.283399999999999902e-02,1.718750000000000139e-02
5.288799999999999751e-02,1.718750000000000139e-02
5.294199999999999601e-02,1.781250000000000194e-02
5.299599999999999450e-02,1.812500000000000222e-02
5.304999999999999299e-02,1.781250000000000194e-02
5.310399999999999843e-02,1.781250000000000194e-02
5.315799999999999692e-02,1.750000000000000167e-02
5.321199999999999541e-02,1.656250000000000430e-02
5.326599999999999391e-02,1.593750000000000375e-02
5.331999999999999240e-02,1.562500000000000347e-02
5.337399999999999783e-02,1.375000000000000180e-02
5.342799999999999633e-02,1.250000000000000416e-02
5.348199999999999482e-02,1.250000000000000416e-02
5.353599999999999332e-02,1.093750000000000278e-02
5.358999999999999875e-02,1.031250000000000222e-02
5.364399999999999724e-02,1.000000000000000194e-02
5.369799999999999573e-02,8.750000000000004302e-03
5.375199999999999423e-02,8.125000000000003747e-03
5.380599999999999272e-02,7.500000000000003192e-03
5.385999999999999815e-02,6.875000000000002637e-03
5.391399999999999665e-02,6.250000000000002082e-03
5.396799999999999514e-02,5.937500000000001804e-03
5.402199999999999364e-02,5.312500000000001249e-03
5.407599999999999213e-02,5.312500000000001249e-03
5.412999999999999756e-02,5.000000000000004441e-03
5.418399999999999606e-02,5.312500000000001249e-03
5.423799999999999455e-02,5.625000000000001527e-03
5.429199999999999304e-02,5.937500000000001804e-03
5.434599999999999848e-02,6.250000000000002082e-03
5.439999999999999697e-02,6.562500000000002359e-03
5.445399999999999546e-02,7.500000000000003192e-03
5.450799999999999396e-02,8.437500000000004025e-03
5.456199999999999245e-02,9.062500000000001110e-03
5.461599999999999788e-02,1.062500000000000250e-02
5.466999999999999638e-02,1.156250000000000333e-02
5.472399999999999487e-02,1.343750000000000153e-02
5.477799999999999336e-02,1.406250000000000208e-02
5.483199999999999880e-02,1.593750000000000375e-02
5.488599999999999729e-02,1.687500000000000458e-02
5.493999999999999578e-02,1.812500000000000222e-02
5.499399999999999428e-02,1.875000000000000278e-02
5.504799999999999277e-02,1.937500000000000333e-02
5.510199999999999820e-02,1.968750000000000361e-02
5.515599999999999670e-02,1.968750000000000361e-02
5.520999999999999519e-02,1.875000000000000278e-02
5.526399999999999368e-02,1.812500000000000222e-02
5.531799999999999218e-02,1.656250000000000430e-02
5.537199999999999761e-02,1.656250000000000430e-02
5.542599999999999610e-02,1.562500000000000347e-02
5.547999999999999460e-02,1.312500000000000125e-02
5.553399999999999309e-02,1.125000000000000305e-02
5.558799999999999852e-02,1.093750000000000278e-02
5.564199999999999702e-02,8.750000000000004302e-03
5.569599999999999551e-02,8.125000000000003747e-03
5.574999999999999400e-02,6.562500000000002359e-03
5.580399999999999250e-02,5.312500000000001249e-03
5.585799999999999793e-02,4.375000000000003886e-03
5.591199999999999642e-02,3.750000000000003331e-03
5.596599999999999492e-02,3.437500000000003053e-03
5.601999999999999341e-02,2.500000000000002220e-03
5.607399999999999884e-02,2.500000000000002220e-03
5.612799999999999734e-02,2.500000000000002220e-03
5.618199999999999583e-02,2.187500000000001943e-03
5.623599999999999433e-02,2.187500000000001943e-03
5.628999999999999282e-02,1.875000000000001665e-03
5.634399999999999825e-02,2.187500000000001943e-03
5.639799999999999675e-02,2.187500000000001943e-03
5.645199999999999524e-02,2.500000000000002220e-03
5.650599999999999373e-02,2.812500000000002498e-03
5.655999999999999223e-02,3.125000000000002776e-03
5.661399999999999766e-02,3.750000000000003331e-03
5.666799999999999615e-02,4.062500000000003608e-03
5.672199999999999465e-02,5.000000000000004441e-03
5.677599999999999314e-02,5.312500000000001249e-03
5.682999999999999857e-02,5.937500000000001804e-03
5.688399999999999707e-02,6.562500000000002359e-03
5.693799999999999556e-02,7.500000000000003192e-03
5.699199999999999405e-02,7.500000000000003192e-03
5.704599999999999255e-02,8.125000000000003747e-03
5.709999999999999798e-02,8.125000000000003747e-03
5.715399999999999647e-02,8.437500000000004025e-03
5.720799999999999497e-02,8.750000000000004302e-03
5.726199999999999346e-02,8.750000000000004302e-03
5.731599999999999889e-02,7.812500000000003469e-03
5.736999999999999739e-02,7.500000000000003192e-03
5.742399999999999588e-02,7.187500000000002914e-03
5.747799999999999437e-02,6.875000000000002637e-03
5.753199999999999287e-02,6.250000000000002082e-03
5.758599999999999830e-02,5.937500000000001804e-03
5.763999999999999679e-02,5.312500000000001249e-03
5.769399999999999529e-02,4.687500000000004163e-03
5.774799999999999378e-02,4.062500000000003608e-03
5.780199999999999227e-02,4.062500000000003608e-03
5.785599999999999771e-02,3.750000000000003331e-03
5.790999999999999620e-02,3.437500000000003053e-03
5.796399999999999469e-02,2.812500000000002498e-03
5.801799999999999319e-02,2.812500000000002498e-03
5.807199999999999862e-02,2.187500000000001943e-03
5.812599999999999711e-02,2.187500000000001943e-03
5.817999999999999561e-02,2.187500000000001943e-03
5.823399999999999410e-02,2.187500000000001943e-03
5.828799999999999260e-02,1.875000000000001665e-03
5.834199999999999803e-02,2.187500000000001943e-03
5.839599999999999652e-02,1.875000000000001665e-03
5.844999999999999502e-02,2.187500000000001943e-03
5.850399999999999351e-02,1.875000000000001665e-03
5.855799999999999200e-02,1.875000000000001665e-03
5.861199999999999743e-02,1.875000000000001665e-03
5.866599999999999593e-02,1.875000000000001665e-03
5.871999999999999442e-02,1.875000000000001665e-03
5.877399999999999292e-02,1.875000000000001665e-03
5.882799999999999835e-02,1.875000000000001665e-03
5.888199999999999684e-02,1.875000000000001665e-03
5.893599999999999534e-02,2.187500000000001943e-03
5.898999999999999383e-02,2.187500000000001943e-03
5.904399999999999232e-02,2.500000000000002220e-03
5.909799999999999776e-02,2.812500000000002498e-03
5.915199999999999625e-02,2.812500000000002498e-03
5.920599999999999474e-02,3.437500000000003053e-03
5.925999999999999324e-02,4.062500000000003608e-03
5.931399999999999867e-02,4.062500000000003608e-03
5.936799999999999716e-02,4.375000000000003886e-03
5.942199999999999566e-02,4.687500000000004163e-03
5.947599999999999415e-02,4.687500000000004163e-03
5.952999999999999264e-02,5.312500000000001249e-03
5.958399999999999808e-02,5.000000000000004441e-03
5.963799999999999657e-02,5.000000000000004441e-03
5.969199999999999506e-02,4.687500000000004163e-03
5.974599999999999356e-02,4.687500000000004163e-03
5.979999999999999205e-02,4.062500000000003608e-03
5.985399999999999748e-02,3.750000000000003331e-03
5.990799999999999598e-02,3.125000000000002776e-03
5.996199999999999447e-02,2.812500000000002498e-03
6.001599999999999296e-02,1.875000000000001665e-03
6.006999999999999840e-02,2.187500000000001943e-03
6.012399999999999689e-02,1.875000000000001665e-03
6.017799999999999538e-02,2.187500000000001943e-03
6.023199999999999388e-02,2.187500000000001943e-03
6.028599999999999237e-02,2.500000000000002220e-03
6.033999999999999780e-02,2.500000000000002220e-03
6.039399999999999630e-02,2.812500000000002498e-03
6.044799999999999479e-02,3.125000000000002776e-03
6.050199999999999328e-02,2.812500000000002498e-03
6.055599999999999872e-02,3.125000000000002776e-03
6.060999999999999721e-02,3.437500000000003053e-03
6.066399999999999570e-02,3.437500000000003053e-03
6.071799999999999420e-02,3.437500000000003053e-03
6.077199999999999269e-02,3.125000000000002776e-03
6.082599999999999812e-02,2.812500000000002498e-03
6.087999999999999662e-02,2.500000000000002220e-03
6.093399999999999511e-02,2.500000000000002220e-03
6.098799999999999361e-02,2.500000000000002220e-03
6.104199999999999210e-02,2.187500000000001943e-03
6.109599999999999753e-02,2.187500000000001943e-03
6.114999999999999603e-02,2.500000000000002220e-03
6.120399999999999452e-02,2.812500000000002498e-03
6.125799999999999301e-02,3.125000000000002776e-03
6.131199999999999845e-02,3.125000000000002776e-03
6.136599999999999694e-02,3.750000000000003331e-03
6.141999999999999543e-02,4.062500000000003608e-03
6.147399999999999393e-02,4.375000000000003886e-03
6.152799999999999242e-02,4.375000000000003886e-03
6.158199999999999785e-02,4.687500000000004163e-03
6.163599999999999635e-02,4.687500000000004163e-03
6.168999999999999484e-02,4.687500000000004163e-03
6.174399999999999333e-02,4.687500000000004163e-03
6.179799999999999183e-02,4.375000000000003886e-03
6.185199999999999726e-02,3.750000000000003331e-03
6.190599999999999575e-02,3.750000000000003331e-03
6.195999999999999425e-02,3.125000000000002776e-03
6.201399999999999274e-02,2.812500000000002498e-03
6.206799999999999817e-02,2.812500000000002498e-03
6.212199999999999667e-02,2.812500000000002498e-03
6.217599999999999516e-02,2.187500000000001943e-03
6.222999999999999365e-02,1.875000000000001665e-03
6.228399999999999215e-02,1.875000000000001665e-03
6.233799999999999758e-02,2.187500000000001943e-03
6.239199999999999607e-02,2.500000000000002220e-03
6.244599999999999457e-02,2.187500000000001943e-03
6.249999999999999306e-02,2.812500000000002498e-03
6.255399999999999849e-02,2.500000000000002220e-03
6.260799999999999699e-02,3.125000000000002776e-03
6.266199999999999548e-02,3.125000000000002776e-03
6.271599999999999397e-02,3.437500000000003053e-03
6.276999999999999247e-02,3.437500000000003053e-03
6.282400000000000484e-02,3.437500000000003053e-03
6.287800000000000333e-02,3.437500000000003053e-03
6.293200000000000183e-02,3.750000000000003331e-03
6.298600000000000032e-02,3.437500000000003053e-03
6.303999999999999881e-02,3.437500000000003053e-03
6.309399999999999731e-02,2.812500000000002498e-03
6.314799999999999580e-02,3.125000000000002776e-03
6.320199999999999430e-02,2.812500000000002498e-03
6.325599999999999279e-02,2.500000000000002220e-03
6.330999999999999128e-02,2.187500000000001943e-03
6.336399999999998978e-02,2.187500000000001943e-03
6.341800000000000215e-02,1.875000000000001665e-03
6.347200000000000064e-02,2.500000000000002220e-03
6.352599999999999913e-02,2.187500000000001943e-03
6.357999999999999763e-02,2.812500000000002498e-03
6.363399999999999612e-02,3.125000000000002776e-03
6.368799999999999462e-02,3.437500000000003053e-03
6.374199999999999311e-02,3.437500000000003053e-03
6.379599999999999160e-02,3.750000000000003331e-03
6.384999999999999010e-02,4.062500000000003608e-03
6.390399999999998859e-02,4.375000000000003886e-03
6.395800000000000096e-02,4.375000000000003886e-03
6.401199999999999946e-02,4.062500000000003608e-03
6.406599999999999795e-02,4.062500000000003608e-03
6.411999999999999644e-02,4.062500000000003608e-03
6.417399999999999494e-02,3.437500000000003053e-03
6.422799999999999343e-02,3.125000000000002776e-03
6.428199999999999192e-02,3.125000000000002776e-03
6.433599999999999042e-02,2.187500000000001943e-03
6.438999999999998891e-02,2.187500000000001943e-03
6.444400000000000128e-02,2.187500000000001943e-03
6.449799999999999978e-02,2.187500000000001943e-03
6.455199999999999827e-02,2.500000000000002220e-03
6.460599999999999676e-02,2.812500000000002498e-03
6.465999999999999526e-02,2.812500000000002498e-03
6.471399999999999375e-02,3.125000000000002776e-03
6.476799999999999224e-02,3.437500000000003053e-03
6.482199999999999074e-02,3.437500000000003053e-03
6.487599999999998923e-02,3.437500000000003053e-03
6.493000000000000160e-02,3.437500000000003053e-03
6.498400000000000010e-02,3.437500000000003053e-03
6.503799999999999859e-02,3.437500000000003053e-03
6.509199999999999708e-02,3.437500000000003053e-03
6.514599999999999558e-02,2.812500000000002498e-03
6.519999999999999407e-02,3.125000000000002776e-03
6.525399999999999257e-02,2.812500000000002498e-03
6.530799999999999106e-02,2.500000000000002220e-03
6.536199999999998955e-02,2.500000000000002220e-03
6.541600000000000192e-02,2.187500000000001943e-03
6.547000000000000042e-02,2.187500000000001943e-03
6.552399999999999891e-02,2.187500000000001943e-03
6.557799999999999740e-02,2.500000000000002220e-03
6.563199999999999590e-02,2.500000000000002220e-03
6.568599999999999439e-02,2.500000000000002220e-03
6.573999999999999289e-02,2.500000000000002220e-03
6.579399999999999138e-02,3.125000000000002776e-03
6.584799999999998987e-02,3.125000000000002776e-03
6.590199999999998837e-02,3.125000000000002776e-03
6.595600000000000074e-02,3.125000000000002776e-03
6.600999999999999923e-02,3.125000000000002776e-03
6.606399999999999773e-02,2.812500000000002498e-03
6.611799999999999622e-02,2.812500000000002498e-03
6.617199999999999471e-02,2.500000000000002220e-03
6.622599999999999321e-02,2.500000000000002220e-03
6.627999999999999170e-02,2.500000000000002220e-03
6.633399999999999019e-02,2.187500000000001943e-03
6.638799999999998869e-02,2.187500000000001943e-03
6.644200000000000106e-02,1.875000000000001665e-03
6.649599999999999955e-02,2.500000000000002220e-03
6.654999999999999805e-02,2.500000000000002220e-03
6.660399999999999654e-02,2.812500000000002498e-03
6.665799999999999503e-02,2.812500000000002498e-03
6.671199999999999353e-02,3.437500000000003053e-03
6.676599999999999202e-02,3.437500000000003053e-03
6.681999999999999051e-02,4.062500000000003608e-03
6.687399999999998901e-02,4.062500000000003608e-03
6.692800000000000138e-02,4.375000000000003886e-03
6.698199999999999987e-02,4.375000000000003886e-03
6.703599999999999837e-02,4.375000000000003886e-03
6.708999999999999686e-02,4.687500000000004163e-03
6.714399999999999535e-02,4.687500000000004163e-03
6.719799999999999385e-02,4.375000000000003886e-03
6.725199999999999234e-02,4.375000000000003886e-03
6.730599999999999083e-02,4.062500000000003608e-03
6.735999999999998933e-02,4.062500000000003608e-03
6.741400000000000170e-02,3.437500000000003053e-03
6.746800000000000019e-02,3.437500000000003053e-03
6.752199999999999869e-02,2.812500000000002498e-03
6.757599999999999718e-02,2.500000000000002220e-03
6.762999999999999567e-02,2.812500000000002498e-03
6.768399999999999417e-02,2.187500000000001943e-03
6.773799999999999266e-02,2.187500000000001943e-03
6.779199999999999116e-02,2.187500000000001943e-03
6.784599999999998965e-02,2.187500000000001943e-03
6.789999999999998814e-02,1.875000000000001665e-03
6.795400000000000051e-02,1.875000000000001665e-03
6.800799999999999901e-02,2.187500000000001943e-03
6.806199999999999750e-02,2.187500000000001943e-03
6.811599999999999600e-02,2.500000000000002220e-03
6.816999999999999449e-02,2.187500000000001943e-03
6.822399999999999298e-02,2.500000000000002220e-03
6.827799999999999148e-02,2.187500000000001943e-03
6.833199999999998997e-02,2.500000000000002220e-03
6.838599999999998846e-02,2.187500000000001943e-03
6.844000000000000083e-02,2.500000000000002220e-03
6.849399999999999933e-02,2.500000000000002220e-03
6.854799999999999782e-02,2.187500000000001943e-03
6.860199999999999632e-02,1.875000000000001665e-03
6.865599999999999481e-02,1.875000000000001665e-03
6.870999999999999330e-02,2.187500000000001943e-03
6.876399999999999180e-02,2.500000000000002220e-03
6.881799999999999029e-02,2.500000000000002220e-03
6.887199999999998878e-02,2.812500000000002498e-03
6.892600000000000116e-02,3.125000000000002776e-03
6.897999999999999965e-02,3.437500000000003053e-03
6.903399999999999814e-02,3.750000000000003331e-03
6.908799999999999664e-02,4.687500000000004163e-03
6.914199999999999513e-02,5.625000000000001527e-03
6.919599999999999362e-02,6.250000000000002082e-03
6.924999999999999212e-02,6.875000000000002637e-03
6.930399999999999061e-02,7.500000000000003192e-03
6.935799999999998910e-02,8.125000000000003747e-03
6.941200000000000148e-02,8.437500000000004025e-03
6.946599999999999997e-02,8.750000000000004302e-03
6.951999999999999846e-02,8.750000000000004302e-03
6.957399999999999696e-02,8.437500000000004025e-03
6.962799999999999545e-02,8.125000000000003747e-03
6.968199999999999394e-02,7.187500000000002914e-03
6.973599999999999244e-02,6.875000000000002637e-03
6.978999999999999093e-02,5.937500000000001804e-03
6.984399999999998943e-02,5.000000000000004441e-03
6.989800000000000180e-02,4.687500000000004163e-03
6.995200000000000029e-02,3.750000000000003331e-03
7.000599999999999878e-02,3.437500000000003053e-03
7.005999999999999728e-02,3.125000000000002776e-03
7.011399999999999577e-02,2.500000000000002220e-03
7.016799999999999427e-02,2.187500000000001943e-03
7.022199999999999276e-02,2.187500000000001943e-03
7.027599999999999125e-02,1.875000000000001665e-03
7.032999999999998975e-02,2.187500000000001943e-03
7.038399999999998824e-02,2.187500000000001943e-03
7.043800000000000061e-02,2.187500000000001943e-03
7.049199999999999910e-02,2.187500000000001943e-03
7.054599999999999760e-02,2.500000000000002220e-03
7.059999999999999609e-02,2.812500000000002498e-03
7.065399999999999459e-02,3.437500000000003053e-03
7.070799999999999308e-02,3.437500000000003053e-03
7.076199999999999157e-02,4.062500000000003608e-03
7.081599999999999007e-02,5.000000000000004441e-03
7.086999999999998856e-02,6.875000000000002637e-03
7.092400000000000093e-02,7.187500000000002914e-03
7.097799999999999943e-02,8.750000000000004302e-03
7.103199999999999792e-02,1.000000000000000194e-02
7.108599999999999641e-02,1.218750000000000389e-02
7.113999999999999491e-02,1.343750000000000153e-02
7.119399999999999340e-02,1.437500000000000236e-02
7.124799999999999189e-02,1.437500000000000236e-02
7.130199999999999039e-02,1.562500000000000347e-02
7.135599999999998888e-02,1.562500000000000347e-02
7.141000000000000125e-02,1.531250000000000319e-02
7.146399999999999975e-02,1.500000000000000291e-02
7.151799999999999824e-02,1.343750000000000153e-02
7.157199999999999673e-02,1.250000000000000416e-02
7.162599999999999523e-02,1.218750000000000389e-02
7.167999999999999372e-02,1.000000000000000194e-02
7.173399999999999221e-02,9.375000000000001388e-03
7.178799999999999071e-02,7.812500000000003469e-03
7.184199999999998920e-02,6.875000000000002637e-03
7.189600000000000157e-02,6.250000000000002082e-03
7.195000000000000007e-02,5.625000000000001527e-03
7.200399999999999856e-02,4.375000000000003886e-03
7.205799999999999705e-02,4.062500000000003608e-03
7.211199999999999555e-02,3.750000000000003331e-03
7.216599999999999404e-02,3.437500000000003053e-03
7.221999999999999253e-02,3.125000000000002776e-03
7.227399999999999103e-02,3.125000000000002776e-03
7.232799999999998952e-02,2.812500000000002498e-03
7.238199999999998802e-02,2.812500000000002498e-03
7.243600000000000039e-02,2.500000000000002220e-03
7.248999999999999888e-02,2.812500000000002498e-03
7.254399999999999737e-02,3.125000000000002776e-03
7.259799999999999587e-02,3.437500000000003053e-03
7.265199999999999436e-02,3.437500000000003053e-03
7.270599999999999286e-02,4.375000000000003886e-03
7.275999999999999135e-02,5.312500000000001249e-03
7.281399999999998984e-02,5.312500000000001249e-03
7.286799999999998834e-02,5.937500000000001804e-03
7.292200000000000071e-02,6.875000000000002637e-03
7.297599999999999920e-02,6.875000000000002637e-03
7.302999999999999770e-02,8.125000000000003747e-03
7.308399999999999619e-02,8.750000000000004302e-03
7.313799999999999468e-02,9.687500000000001665e-03
7.319199999999999318e-02,1.062500000000000250e-02
7.324599999999999167e-02,1.156250000000000333e-02
7.329999999999999016e-02,1.218750000000000389e-02
7.335399999999998866e-02,1.343750000000000153e-02
7.340800000000000103e-02,1.437500000000000236e-02
7.346199999999999952e-02,1.531250000000000319e-02
7.351599999999999802e-02,1.531250000000000319e-02
7.356999999999999651e-02,1.593750000000000375e-02
7.362399999999999500e-02,1.656250000000000430e-02
7.367799999999999350e-02,1.718750000000000139e-02
7.373199999999999199e-02,1.718750000000000139e-02
7.378599999999999048e-02,1.750000000000000167e-02
7.383999999999998898e-02,1.750000000000000167e-02
7.389400000000000135e-02,1.781250000000000194e-02
7.394799999999999984e-02,1.750000000000000167e-02
7.400199999999999834e-02,1.718750000000000139e-02
7.405599999999999683e-02,1.718750000000000139e-02
7.410999999999999532e-02,1.687500000000000458e-02
7.416399999999999382e-02,1.687500000000000458e-02
7.421799999999999231e-02,1.593750000000000375e-02
7.427199999999999080e-02,1.531250000000000319e-02
7.432599999999998930e-02,1.437500000000000236e-02
7.438000000000000167e-02,1.343750000000000153e-02
7.443400000000000016e-02,1.281250000000000444e-02
7.448799999999999866e-02,1.250000000000000416e-02
7.454199999999999715e-02,1.156250000000000333e-02
7.459599999999999564e-02,1.093750000000000278e-02
7.464999999999999414e-02,1.031250000000000222e-02
7.470399999999999263e-02,1.031250000000000222e-02
7.475799999999999113e-02,1.000000000000000194e-02
7.481199999999998962e-02,1.000000000000000194e-02
7.486599999999998811e-02,1.000000000000000194e-02
7.492000000000000048e-02,1.031250000000000222e-02
7.497399999999999898e-02,1.093750000000000278e-02
7.502799999999999747e-02,1.156250000000000333e-02
7.508199999999999597e-02,1.218750000000000389e-02
7.513599999999999446e-02,1.343750000000000153e-02
7.518999999999999295e-02,1.531250000000000319e-02
7.524399999999999145e-02,1.656250000000000430e-02
7.529799999999998994e-02,1.875000000000000278e-02
7.535199999999998843e-02,2.062500000000000444e-02
7.540600000000000080e-02,2.250000000000000264e-02
7.545999999999999930e-02,2.343750000000000347e-02
7.551399999999999779e-02,2.531250000000000167e-02
7.556799999999999629e-02,2.718750000000000333e-02
7.562199999999999478e-02,2.843750000000000444e-02
7.567599999999999327e-02,2.968750000000000208e-02
7.572999999999999177e-02,3.062500000000000291e-02
7.578399999999999026e-02,3.125000000000000000e-02
7.583799999999998875e-02,3.125000000000000000e-02
7.589200000000000113e-02,3.156250000000000028e-02
7.594599999999999962e-02,3.156250000000000028e-02
7.599999999999999811e-02,3.062500000000000291e-02
7.605399999999999661e-02,3.031250000000000264e-02
7.610799999999999510e-02,2.843750000000000444e-02
7.616199999999999359e-02,2.750000000000000361e-02
7.621599999999999209e-02,2.656250000000000278e-02
7.626999999999999058e-02,2.562500000000000194e-02
7.632399999999998907e-02,2.281250000000000291e-02
7.637800000000000145e-02,2.218750000000000236e-02
7.643199999999999994e-02,2.062500000000000444e-02
7.648599999999999843e-02,1.968750000000000361e-02
7.653999999999999693e-02,1.812500000000000222e-02
7.659399999999999542e-02,1.687500000000000458e-02
7.664799999999999391e-02,1.687500000000000458e-02
7.670199999999999241e-02,1.562500000000000347e-02
7.675599999999999090e-02,1.500000000000000291e-02
7.680999999999998940e-02,1.468750000000000264e-02
7.686399999999998789e-02,1.531250000000000319e-02
7.691800000000000026e-02,1.531250000000000319e-02
7.697199999999999875e-02,1.593750000000000375e-02
7.702599999999999725e-02,1.687500000000000458e-02
7.707999999999999574e-02,1.875000000000000278e-02
7.713399999999999423e-02,2.000000000000000389e-02
7.718799999999999273e-02,2.062500000000000444e-02
7.724199999999999122e-02,2.312500000000000319e-02
7.729599999999998972e-02,2.531250000000000167e-02
7.734999999999998821e-02,2.625000000000000250e-02
7.740400000000000058e-02,2.750000000000000361e-02
7.745799999999999907e-02,3.031250000000000264e-02
7.751199999999999757e-02,3.093750000000000319e-02
7.756599999999999606e-02,3.312500000000000167e-02
7.761999999999999456e-02,3.437500000000000278e-02
7.767399999999999305e-02,3.593750000000000416e-02
7.772799999999999154e-02,3.656250000000000472e-02
7.778199999999999004e-02,3.718750000000000527e-02
7.783599999999998853e-02,3.781250000000000583e-02
7.789000000000000090e-02,3.812500000000000611e-02
7.794399999999999940e-02,3.875000000000000666e-02
7.799799999999999789e-02,3.875000000000000666e-02
7.805199999999999638e-02,3.906250000000000000e-02
7.810599999999999488e-02,3.906250000000000000e-02
7.815999999999999337e-02,3.843750000000000638e-02
7.821399999999999186e-02,3.812500000000000611e-02
7.826799999999999036e-02,3.781250000000000583e-02
7.832199999999998885e-02,3.718750000000000527e-02
7.837600000000000122e-02,3.656250000000000472e-02
7.842999999999999972e-02,3.593750000000000416e-02
7.848399999999999821e-02,3.531250000000000361e-02
7.853799999999999670e-02,3.500000000000000333e-02
7.859199999999999520e-02,3.437500000000000278e-02
7.864599999999999369e-02,3.343750000000000194e-02
7.869999999999999218e-02,3.343750000000000194e-02
7.875399999999999068e-02,3.250000000000000111e-02
7.880799999999998917e-02,3.218750000000000083e-02
7.886200000000000154e-02,3.187500000000000056e-02
7.891600000000000004e-02,3.093750000000000319e-02
7.896999999999999853e-02,3.062500000000000291e-02
7.902399999999999702e-02,3.031250000000000264e-02
7.907799999999999552e-02,3.000000000000000236e-02
7.913199999999999401e-02,2.968750000000000208e-02
7.918599999999999250e-02,3.000000000000000236e-02
7.923999999999999100e-02,3.031250000000000264e-02
7.929399999999998949e-02,3.062500000000000291e-02
7.934799999999998799e-02,3.156250000000000028e-02
7.940200000000000036e-02,3.187500000000000056e-02
7.945599999999999885e-02,3.281250000000000139e-02
7.950999999999999734e-02,3.437500000000000278e-02
7.956399999999999584e-02,3.437500000000000278e-02
7.961799999999999433e-02,3.562500000000000389e-02
7.967199999999999283e-02,3.718750000000000527e-02
7.972599999999999132e-02,3.750000000000000555e-02
7.977999999999998981e-02,3.906250000000000000e-02
7.983399999999998831e-02,4.031250000000000111e-02
7.988800000000000068e-02,4.093750000000000167e-02
7.994199999999999917e-02,4.218750000000000278e-02
7.999599999999999766e-02,4.218750000000000278e-02
8.004999999999999616e-02,4.312500000000000361e-02
8.010399999999999465e-02,4.343750000000000389e-02
8.015799999999999315e-02,4.375000000000000416e-02
8.021199999999999164e-02,4.406250000000000444e-02
8.026599999999999013e-02,4.406250000000000444e-02
8.031999999999998863e-02,4.343750000000000389e-02
8.037400000000000100e-02,4.312500000000000361e-02
8.042799999999999949e-02,4.281250000000000333e-02
8.048199999999999799e-02,4.218750000000000278e-02
8.053599999999999648e-02,4.187500000000000250e-02
8.058999999999999497e-02,4.125000000000000194e-02
8.064399999999999347e-02,4.031250000000000111e-02
8.069799999999999196e-02,3.937500000000000722e-02
8.075199999999999045e-02,3.812500000000000611e-02
8.080599999999998895e-02,3.718750000000000527e-02
8.086000000000000132e-02,3.531250000000000361e-02
8.091399999999999981e-02,3.468750000000000305e-02
8.096799999999999831e-02,3.312500000000000167e-02
8.102199999999999680e-02,3.218750000000000083e-02
8.107599999999999529e-02,3.156250000000000028e-02
8.112999999999999379e-02,3.125000000000000000e-02
8.118399999999999228e-02,3.093750000000000319e-02
8.123799999999999077e-02,3.125000000000000000e-02
8.129199999999998927e-02,3.187500000000000056e-02
8.134599999999998776e-02,3.250000000000000111e-02
8.140000000000000013e-02,3.312500000000000167e-02
8.145399999999999863e-02,3.375000000000000222e-02
8.150799999999999712e-02,3.593750000000000416e-02
8.156199999999999561e-02,3.593750000000000416e-02
8.161599999999999411e-02,3.843750000000000638e-02
8.166999999999999260e-02,3.875000000000000666e-02
8.172399999999999110e-02,4.062500000000000139e-02
8.177799999999998959e-02,4.156250000000000222e-02
8.183199999999998808e-02,4.312500000000000361e-02
8.188600000000000045e-02,4.343750000000000389e-02
8.193999999999999895e-02,4.406250000000000444e-02
8.199399999999999744e-02,4.500000000000000527e-02
8.204799999999999593e-02,4.500000000000000527e-02
8.210199999999999443e-02,4.562500000000000583e-02
8.215599999999999292e-02,4.562500000000000583e-02
8.220999999999999142e-02,4.562500000000000583e-02
8.226399999999998991e-02,4.593750000000000611e-02
8.231799999999998840e-02,4.562500000000000583e-02
8.237200000000000077e-02,4.562500000000000583e-02
8.242599999999999927e-02,4.562500000000000583e-02
8.247999999999999776e-02,4.531250000000000555e-02
8.253399999999999626e-02,4.531250000000000555e-02
8.258799999999999475e-02,4.500000000000000527e-02
8.264199999999999324e-02,4.468750000000000500e-02
8.269599999999999174e-02,4.437500000000000472e-02
8.274999999999999023e-02,4.375000000000000416e-02
8.280399999999998872e-02,4.375000000000000416e-02
8.285800000000000110e-02,4.312500000000000361e-02
8.291199999999999959e-02,4.281250000000000333e-02
8.296599999999999808e-02,4.218750000000000278e-02
8.301999999999999658e-02,4.125000000000000194e-02
8.307399999999999507e-02,4.093750000000000167e-02
8.312799999999999356e-02,4.031250000000000111e-02
8.318199999999999206e-02,4.000000000000000083e-02
8.323599999999999055e-02,3.937500000000000722e-02
8.328999999999998904e-02,3.937500000000000722e-02
8.334399999999998754e-02,3.875000000000000666e-02
8.339799999999999991e-02,3.875000000000000666e-02
8.345199999999999840e-02,3.875000000000000666e-02
8.350599999999999690e-02,3.906250000000000000e-02
8.355999999999999539e-02,3.937500000000000722e-02
8.361399999999999388e-02,3.937500000000000722e-02
8.366799999999999238e-02,3.968750000000000056e-02
8.372199999999999087e-02,4.031250000000000111e-02
8.377599999999998936e-02,4.062500000000000139e-02
8.382999999999998786e-02,4.156250000000000222e-02
8.388400000000000023e-02,4.156250000000000222e-02
8.393799999999999872e-02,4.250000000000000305e-02
8.399199999999999722e-02,4.312500000000000361e-02
8.404599999999999571e-02,4.343750000000000389e-02
8.409999999999999420e-02,4.375000000000000416e-02
8.415399999999999270e-02,4.406250000000000444e-02
8.420799999999999119e-02,4.406250000000000444e-02
8.426199999999998969e-02,4.468750000000000500e-02
8.431599999999998818e-02,4.500000000000000527e-02
8.437000000000000055e-02,4.531250000000000555e-02
8.442399999999999904e-02,4.562500000000000583e-02
8.447799999999999754e-02,4.562500000000000583e-02
8.453199999999999603e-02,4.562500000000000583e-02
8.458599999999999453e-02,4.562500000000000583e-02
8.463999999999999302e-02,4.593750000000000611e-02
8.469399999999999151e-02,4.562500000000000583e-02
8.474799999999999001e-02,4.531250000000000555e-02
8.480199999999998850e-02,4.500000000000000527e-02
8.485600000000000087e-02,4.531250000000000555e-02
8.490999999999999936e-02,4.468750000000000500e-02
8.496399999999999786e-02,4.375000000000000416e-02
8.501799999999999635e-02,4.343750000000000389e-02
8.507199999999999485e-02,4.281250000000000333e-02
8.512599999999999334e-02,4.218750000000000278e-02
8.517999999999999183e-02,4.125000000000000194e-02
8.523399999999999033e-02,4.062500000000000139e-02
8.528799999999998882e-02,3.968750000000000056e-02
8.534200000000000119e-02,3.843750000000000638e-02
8.539599999999999969e-02,3.781250000000000583e-02
8.544999999999999818e-02,3.750000000000000555e-02
8.550399999999999667e-02,3.687500000000000500e-02
8.555799999999999517e-02,3.656250000000000472e-02
8.561199999999999366e-02,3.687500000000000500e-02
8.566599999999999215e-02,3.656250000000000472e-02
8.571999999999999065e-02,3.687500000000000500e-02
8.577399999999998914e-02,3.781250000000000583e-02
8.582799999999998763e-02,3.843750000000000638e-02
8.588200000000000001e-02,3.937500000000000722e-02
8.593599999999999850e-02,4.062500000000000139e-02
8.598999999999999699e-02,4.093750000000000167e-02
8.604399999999999549e-02,4.187500000000000250e-02
8.609799999999999398e-02,4.281250000000000333e-02
8.615199999999999247e-02,4.406250000000000444e-02
8.620599999999999097e-02,4.468750000000000500e-02
8.625999999999998946e-02,4.468750000000000500e-02
8.631399999999998796e-02,4.500000000000000527e-02
8.636800000000000033e-02,4.562500000000000583e-02
8.642199999999999882e-02,4.562500000000000583e-02
8.647599999999999731e-02,4.562500000000000583e-02
8.652999999999999581e-02,4.562500000000000583e-02
8.658399999999999430e-02,4.562500000000000583e-02
8.663799999999999280e-02,4.562500000000000583e-02
8.669199999999999129e-02,4.562500000000000583e-02
8.674599999999998978e-02,4.593750000000000611e-02
8.679999999999998828e-02,4.562500000000000583e-02
8.685400000000000065e-02,4.562500000000000583e-02
8.690799999999999914e-02,4.562500000000000583e-02
8.696199999999999763e-02,4.562500000000000583e-02
8.701599999999999613e-02,4.531250000000000555e-02
8.706999999999999462e-02,4.468750000000000500e-02
8.712399999999999312e-02,4.375000000000000416e-02
8.717799999999999161e-02,4.343750000000000389e-02
8.723199999999999010e-02,4.281250000000000333e-02
8.728599999999998860e-02,4.218750000000000278e-02
8.734000000000000097e-02,4.187500000000000250e-02
8.739399999999999946e-02,4.125000000000000194e-02
8.744799999999999796e-02,4.062500000000000139e-02
8.750199999999999645e-02,4.000000000000000083e-02
8.755599999999999494e-02,3.968750000000000056e-02
8.760999999999999344e-02,3.968750000000000056e-02
8.766399999999999193e-02,3.968750000000000056e-02
8.771799999999999042e-02,3.937500000000000722e-02
8.777199999999998892e-02,3.968750000000000056e-02
8.782599999999998741e-02,4.031250000000000111e-02
8.787999999999999978e-02,4.062500000000000139e-02
8.793399999999999828e-02,4.062500000000000139e-02
8.798799999999999677e-02,4.156250000000000222e-02
8.804199999999999526e-02,4.156250000000000222e-02
8.809599999999999376e-02,4.281250000000000333e-02
8.814999999999999225e-02,4.312500000000000361e-02
8.820399999999999074e-02,4.343750000000000389e-02
8.825799999999998924e-02,4.375000000000000416e-02
8.831199999999998773e-02,4.437500000000000472e-02
8.836600000000000010e-02,4.468750000000000500e-02
8.841999999999999860e-02,4.500000000000000527e-02
8.847399999999999709e-02,4.500000000000000527e-02
8.852799999999999558e-02,4.500000000000000527e-02
8.858199999999999408e-02,4.500000000000000527e-02
8.863599999999999257e-02,4.531250000000000555e-02
8.868999999999999106e-02,4.531250000000000555e-02
8.874399999999998956e-02,4.531250000000000555e-02
8.879799999999998805e-02,4.531250000000000555e-02
8.885200000000000042e-02,4.531250000000000555e-02
8.890599999999999892e-02,4.531250000000000555e-02
8.895999999999999741e-02,4.531250000000000555e-02
8.901399999999999590e-02,4.500000000000000527e-02
8.906799999999999440e-02,4.468750000000000500e-02
8.912199999999999289e-02,4.468750000000000500e-02
8.917599999999999139e-02,4.406250000000000444e-02
8.922999999999998988e-02,4.375000000000000416e-02
8.928399999999998837e-02,4.343750000000000389e-02
8.933800000000000074e-02,4.281250000000000333e-02
8.939199999999999924e-02,4.281250000000000333e-02
8.944599999999999773e-02,4.187500000000000250e-02
8.949999999999999623e-02,4.187500000000000250e-02
8.955399999999999472e-02,4.093750000000000167e-02
8.960799999999999321e-02,4.062500000000000139e-02
8.966199999999999171e-02,4.000000000000000083e-02
8.971599999999999020e-02,3.968750000000000056e-02
8.976999999999998869e-02,3.843750000000000638e-02
8.982400000000000106e-02,3.843750000000000638e-02
8.987799999999999956e-02,3.750000000000000555e-02
8.993199999999999805e-02,3.750000000000000555e-02
8.998599999999999655e-02,3.718750000000000527e-02
9.003999999999999504e-02,3.750000000000000555e-02
9.009399999999999353e-02,3.718750000000000527e-02
9.014799999999999203e-02,3.781250000000000583e-02
9.020199999999999052e-02,3.781250000000000583e-02
9.025599999999998901e-02,3.843750000000000638e-02
9.030999999999998751e-02,3.843750000000000638e-02
9.036399999999999988e-02,3.937500000000000722e-02
9.041799999999999837e-02,3.937500000000000722e-02
9.047199999999999687e-02,4.062500000000000139e-02
9.052599999999999536e-02,4.062500000000000139e-02
9.057999999999999385e-02,4.156250000000000222e-02
9.063399999999999235e-02,4.187500000000000250e-02
9.068799999999999084e-02,4.281250000000000333e-02
9.074199999999998933e-02,4.312500000000000361e-02
9.079599999999998783e-02,4.375000000000000416e-02
9.085000000000000020e-02,4.406250000000000444e-02
9.090399999999999869e-02,4.437500000000000472e-02
9.095799999999999719e-02,4.468750000000000500e-02
9.101199999999999568e-02,4.500000000000000527e-02
9.106599999999999417e-02,4.500000000000000527e-02
9.111999999999999267e-02,4.531250000000000555e-02
9.117399999999999116e-02,4.531250000000000555e-02
9.122799999999998966e-02,4.500000000000000527e-02
9.128199999999998815e-02,4.437500000000000472e-02
9.133600000000000052e-02,4.437500000000000472e-02
9.138999999999999901e-02,4.406250000000000444e-02
9.144399999999999751e-02,4.312500000000000361e-02
9.149799999999999600e-02,4.281250000000000333e-02
9.155199999999999450e-02,4.218750000000000278e-02
9.160599999999999299e-02,4.156250000000000222e-02
9.165999999999999148e-02,4.062500000000000139e-02
9.171399999999998998e-02,4.000000000000000083e-02
9.176799999999998847e-02,3.875000000000000666e-02
9.182200000000000084e-02,3.812500000000000611e-02
9.187599999999999933e-02,3.718750000000000527e-02
9.192999999999999783e-02,3.687500000000000500e-02
9.198399999999999632e-02,3.593750000000000416e-02
9.203799999999999482e-02,3.500000000000000333e-02
9.209199999999999331e-02,3.468750000000000305e-02
9.214599999999999180e-02,3.468750000000000305e-02
9.219999999999999030e-02,3.468750000000000305e-02
9.225399999999998879e-02,3.500000000000000333e-02
9.230799999999998728e-02,3.500000000000000333e-02
9.236199999999999966e-02,3.593750000000000416e-02
9.241599999999999815e-02,3.593750000000000416e-02
9.246999999999999664e-02,3.750000000000000555e-02
9.252399999999999514e-02,3.812500000000000611e-02
9.257799999999999363e-02,4.000000000000000083e-02
9.263199999999999212e-02,4.125000000000000194e-02
9.268599999999999062e-02,4.218750000000000278e-02
9.273999999999998911e-02,4.281250000000000333e-02
9.279399999999998760e-02,4.343750000000000389e-02
9.284799999999999998e-02,4.437500000000000472e-02
9.290199999999999847e-02,4.437500000000000472e-02
9.295599999999999696e-02,4.468750000000000500e-02
9.300999999999999546e-02,4.531250000000000555e-02
9.306399999999999395e-02,4.531250000000000555e-02
9.311799999999999244e-02,4.531250000000000555e-02
9.317199999999999094e-02,4.531250000000000555e-02
9.322599999999998943e-02,4.562500000000000583e-02
9.327999999999998793e-02,4.562500000000000583e-02
9.333400000000000030e-02,4.562500000000000583e-02
9.338799999999999879e-02,4.531250000000000555e-02
9.344199999999999728e-02,4.531250000000000555e-02
9.349599999999999578e-02,4.500000000000000527e-02
9.354999999999999427e-02,4.500000000000000527e-02
9.360399999999999276e-02,4.437500000000000472e-02
9.365799999999999126e-02,4.375000000000000416e-02
9.371199999999998975e-02,4.281250000000000333e-02
9.376599999999998825e-02,4.218750000000000278e-02
9.382000000000000062e-02,4.125000000000000194e-02
9.387399999999999911e-02,4.031250000000000111e-02
9.392799999999999760e-02,3.937500000000000722e-02
9.398199999999999610e-02,3.875000000000000666e-02
9.403599999999999459e-02,3.812500000000000611e-02
9.408999999999999309e-02,3.750000000000000555e-02
9.414399999999999158e-02,3.781250000000000583e-02
9.419799999999999007e-02,3.750000000000000555e-02
9.425199999999998857e-02,3.750000000000000555e-02
9.430600000000000094e-02,3.750000000000000555e-02
9.435999999999999943e-02,3.781250000000000583e-02
9.441399999999999793e-02,3.875000000000000666e-02
9.446799999999999642e-02,3.906250000000000000e-02
9.452199999999999491e-02,4.000000000000000083e-02
9.457599999999999341e-02,4.062500000000000139e-02
9.462999999999999190e-02,4.125000000000000194e-02
9.468399999999999039e-02,4.156250000000000222e-02
9.473799999999998889e-02,4.250000000000000305e-02
9.479199999999998738e-02,4.312500000000000361e-02
9.484599999999999975e-02,4.375000000000000416e-02
9.489999999999999825e-02,4.437500000000000472e-02
9.495399999999999674e-02,4.437500000000000472e-02
9.500799999999999523e-02,4.500000000000000527e-02
9.506199999999999373e-02,4.531250000000000555e-02
9.511599999999999222e-02,4.531250000000000555e-02
9.516999999999999071e-02,4.562500000000000583e-02
9.522399999999998921e-02,4.562500000000000583e-02
9.527799999999998770e-02,4.562500000000000583e-02
9.533200000000000007e-02,4.562500000000000583e-02
9.538599999999999857e-02,4.562500000000000583e-02
9.543999999999999706e-02,4.562500000000000583e-02
9.549399999999999555e-02,4.562500000000000583e-02
9.554799999999999405e-02,4.562500000000000583e-02
9.560199999999999254e-02,4.562500000000000583e-02
9.565599999999999103e-02,4.562500000000000583e-02
9.570999999999998953e-02,4.500000000000000527e-02
9.576399999999998802e-02,4.500000000000000527e-02
9.581800000000000039e-02,4.468750000000000500e-02
9.587199999999999889e-02,4.437500000000000472e-02
9.592599999999999738e-02,4.406250000000000444e-02
9.597999999999999587e-02,4.375000000000000416e-02
9.603399999999999437e-02,4.343750000000000389e-02
9.608799999999999286e-02,4.312500000000000361e-02
9.614199999999999136e-02,4.281250000000000333e-02
9.619599999999998985e-02,4.218750000000000278e-02
9.624999999999998834e-02,4.218750000000000278e-02
9.630400000000000071e-02,4.187500000000000250e-02
9.635799999999999921e-02,4.125000000000000194e-02
9.641199999999999770e-02,4.156250000000000222e-02
9.646599999999999620e-02,4.156250000000000222e-02
9.651999999999999469e-02,4.187500000000000250e-02
9.657399999999999318e-02,4.156250000000000222e-02
9.662799999999999168e-02,4.187500000000000250e-02
9.668199999999999017e-02,4.218750000000000278e-02
9.673599999999998866e-02,4.281250000000000333e-02
9.678999999999998716e-02,4.281250000000000333e-02
9.684399999999999953e-02,4.343750000000000389e-02
9.689799999999999802e-02,4.375000000000000416e-02
9.695199999999999652e-02,4.406250000000000444e-02
9.700599999999999501e-02,4.437500000000000472e-02
9.705999999999999350e-02,4.468750000000000500e-02
9.711399999999999200e-02,4.500000000000000527e-02
9.716799999999999049e-02,4.531250000000000555e-02
9.722199999999998898e-02,4.531250000000000555e-02
9.727599999999998748e-02,4.531250000000000555e-02
9.732999999999999985e-02,4.531250000000000555e-02
9.738399999999999834e-02,4.500000000000000527e-02
9.743799999999999684e-02,4.531250000000000555e-02
9.749199999999999533e-02,4.500000000000000527e-02
9.754599999999999382e-02,4.500000000000000527e-02
9.759999999999999232e-02,4.500000000000000527e-02
9.765399999999999081e-02,4.500000000000000527e-02
9.770799999999998930e-02,4.500000000000000527e-02
9.776199999999998780e-02,4.500000000000000527e-02
9.781600000000000017e-02,4.468750000000000500e-02
9.786999999999999866e-02,4.500000000000000527e-02
9.792399999999999716e-02,4.500000000000000527e-02
9.797799999999999565e-02,4.531250000000000555e-02
9.803199999999999414e-02,4.500000000000000527e-02
9.808599999999999264e-02,4.500000000000000527e-02
9.813999999999999113e-02,4.531250000000000555e-02
9.819399999999998963e-02,4.468750000000000500e-02
9.824799999999998812e-02,4.468750000000000500e-02
9.830200000000000049e-02,4.406250000000000444e-02
9.835599999999999898e-02,4.406250000000000444e-02
9.840999999999999748e-02,4.343750000000000389e-02
9.846399999999999597e-02,4.250000000000000305e-02
9.851799999999999446e-02,4.250000000000000305e-02
9.857199999999999296e-02,4.218750000000000278e-02
9.862599999999999145e-02,4.187500000000000250e-02
9.867999999999998995e-02,4.187500000000000250e-02
9.873399999999998844e-02,4.187500000000000250e-02
9.878800000000000081e-02,4.187500000000000250e-02
9.884199999999999930e-02,4.218750000000000278e-02
9.889599999999999780e-02,4.281250000000000333e-02
9.894999999999999629e-02,4.312500000000000361e-02
9.900399999999999479e-02,4.343750000000000389e-02
9.905799999999999328e-02,4.437500000000000472e-02
9.911199999999999177e-02,4.437500000000000472e-02
9.916599999999999027e-02,4.468750000000000500e-02
9.921999999999998876e-02,4.468750000000000500e-02
9.927399999999998725e-02,4.468750000000000500e-02
9.932799999999999963e-02,4.406250000000000444e-02
9.938199999999999812e-02,4.312500000000000361e-02
9.943599999999999661e-02,4.250000000000000305e-02
9.948999999999999511e-02,4.187500000000000250e-02
9.954399999999999360e-02,4.093750000000000167e-02
9.959799999999999209e-02,4.062500000000000139e-02
9.965199999999999059e-02,4.062500000000000139e-02
9.970599999999998908e-02,4.031250000000000111e-02
9.975999999999998757e-02,4.031250000000000111e-02
9.981399999999999995e-02,4.062500000000000139e-02
9.986799999999999844e-02,4.125000000000000194e-02
9.992199999999999693e-02,4.125000000000000194e-02
9.997599999999999543e-02,4.218750000000000278e-02
1.000299999999999939e-01,4.343750000000000389e-02
1.000839999999999924e-01,4.343750000000000389e-02
1.001379999999999909e-01,4.375000000000000416e-02
1.001919999999999894e-01,4.437500000000000472e-02
1.002459999999999879e-01,4.468750000000000500e-02
1.003000000000000003e-01,4.468750000000000500e-02
1.003539999999999988e-01,4.468750000000000500e-02
1.004079999999999973e-01,4.468750000000000500e-02
1.004619999999999957e-01,4.406250000000000444e-02
1.005159999999999942e-01,4.406250000000000444e-02
1.005699999999999927e-01,4.406250000000000444e-02
1.006239999999999912e-01,4.375000000000000416e-02
1.006779999999999897e-01,4.406250000000000444e-02
1.007319999999999882e-01,4.375000000000000416e-02
1.007860000000000006e-01,4.406250000000000444e-02
1.008399999999999991e-01,4.406250000000000444e-02
1.008939999999999976e-01,4.437500000000000472e-02
1.009479999999999961e-01,4.437500000000000472e-02
1.010019999999999946e-01,4.468750000000000500e-02
1.010559999999999931e-01,4.468750000000000500e-02
1.011099999999999915e-01,4.468750000000000500e-02
1.011639999999999900e-01,4.437500000000000472e-02
1.012179999999999885e-01,4.437500000000000472e-02
1.012719999999999870e-01,4.437500000000000472e-02
1.013259999999999994e-01,4.406250000000000444e-02
1.013799999999999979e-01,4.375000000000000416e-02
1.014339999999999964e-01,4.375000000000000416e-02
1.014879999999999949e-01,4.343750000000000389e-02
1.015419999999999934e-01,4.312500000000000361e-02
1.015959999999999919e-01,4.312500000000000361e-02
1.016499999999999904e-01,4.281250000000000333e-02
1.017039999999999889e-01,4.281250000000000333e-02
1.017579999999999874e-01,4.281250000000000333e-02
1.018119999999999997e-01,4.250000000000000305e-02
1.018659999999999982e-01,4.250000000000000305e-02
1.019199999999999967e-01,4.218750000000000278e-02
1.019739999999999952e-01,4.250000000000000305e-02
1.020279999999999937e-01,4.281250000000000333e-02
1.020819999999999922e-01,4.281250000000000333e-02
1.021359999999999907e-01,4.281250000000000333e-02
1.021899999999999892e-01,4.312500000000000361e-02
1.022439999999999877e-01,4.343750000000000389e-02
1.022980000000000000e-01,4.375000000000000416e-02
1.023519999999999985e-01,4.375000000000000416e-02
1.024059999999999970e-01,4.437500000000000472e-02
1.024599999999999955e-01,4.468750000000000500e-02
1.025139999999999940e-01,4.468750000000000500e-02
1.025679999999999925e-01,4.531250000000000555e-02
1.026219999999999910e-01,4.500000000000000527e-02
1.026759999999999895e-01,4.500000000000000527e-02
1.027299999999999880e-01,4.500000000000000527e-02
1.027840000000000004e-01,4.437500000000000472e-02
1.028379999999999989e-01,4.468750000000000500e-02
1.028919999999999974e-01,4.437500000000000472e-02
1.029459999999999958e-01,4.406250000000000444e-02
1.029999999999999943e-01,4.375000000000000416e-02
1.030539999999999928e-01,4.406250000000000444e-02
1.031079999999999913e-01,4.406250000000000444e-02
1.031619999999999898e-01,4.437500000000000472e-02
1.032159999999999883e-01,4.500000000000000527e-02
1.032699999999999868e-01,4.500000000000000527e-02
1.033239999999999992e-01,4.500000000000000527e-02
1.033779999999999977e-01,4.500000000000000527e-02
1.034319999999999962e-01,4.500000000000000527e-02
1.034859999999999947e-01,4.531250000000000555e-02
1.035399999999999932e-01,4.468750000000000500e-02
1.035939999999999916e-01,4.468750000000000500e-02
1.036479999999999901e-01,4.343750000000000389e-02
1.037019999999999886e-01,4.281250000000000333e-02
1.037559999999999871e-01,4.218750000000000278e-02
1.038099999999999995e-01,4.218750000000000278e-02
1.038639999999999980e-01,4.093750000000000167e-02
1.039179999999999965e-01,4.031250000000000111e-02
1.039719999999999950e-01,4.031250000000000111e-02
1.040259999999999935e-01,4.000000000000000083e-02
1.040799999999999920e-01,4.031250000000000111e-02
1.041339999999999905e-01,4.062500000000000139e-02
1.041879999999999890e-01,4.062500000000000139e-02
1.042419999999999874e-01,4.156250000000000222e-02
1.042959999999999998e-01,4.187500000000000250e-02
1.043499999999999983e-01,4.218750000000000278e-02
1.044039999999999968e-01,4.312500000000000361e-02
1.044579999999999953e-01,4.343750000000000389e-02
1.045119999999999938e-01,4.437500000000000472e-02
1.045659999999999923e-01,4.437500000000000472e-02
1.046199999999999908e-01,4.468750000000000500e-02
1.046739999999999893e-01,4.468750000000000500e-02
1.047279999999999878e-01,4.500000000000000527e-02
1.047820000000000001e-01,4.500000000000000527e-02
1.048359999999999986e-01,4.531250000000000555e-02
1.048899999999999971e-01,4.531250000000000555e-02
1.049439999999999956e-01,4.500000000000000527e-02
1.049979999999999941e-01,4.500000000000000527e-02
1.050519999999999926e-01,4.500000000000000527e-02
1.051059999999999911e-01,4.531250000000000555e-02
1.051599999999999896e-01,4.468750000000000500e-02
1.052139999999999881e-01,4.500000000000000527e-02
1.052680000000000005e-01,4.500000000000000527e-02
1.053219999999999990e-01,4.468750000000000500e-02
1.053759999999999974e-01,4.468750000000000500e-02
1.054299999999999959e-01,4.406250000000000444e-02
1.054839999999999944e-01,4.437500000000000472e-02
1.055379999999999929e-01,4.375000000000000416e-02
1.055919999999999914e-01,4.343750000000000389e-02
1.056459999999999899e-01,4.281250000000000333e-02
1.056999999999999884e-01,4.281250000000000333e-02
1.057539999999999869e-01,4.218750000000000278e-02
1.058079999999999993e-01,4.187500000000000250e-02
1.058619999999999978e-01,4.125000000000000194e-02
1.059159999999999963e-01,4.062500000000000139e-02
1.059699999999999948e-01,4.031250000000000111e-02
1.060239999999999932e-01,3.968750000000000056e-02
1.060779999999999917e-01,3.968750000000000056e-02
1.061319999999999902e-01,3.968750000000000056e-02
1.061859999999999887e-01,4.000000000000000083e-02
1.062399999999999872e-01,4.031250000000000111e-02
1.062939999999999996e-01,4.031250000000000111e-02
1.063479999999999981e-01,4.093750000000000167e-02
1.064019999999999966e-01,4.187500000000000250e-02
1.064559999999999951e-01,4.187500000000000250e-02
1.065099999999999936e-01,4.218750000000000278e-02
1.065639999999999921e-01,4.312500000000000361e-02
1.066179999999999906e-01,4.312500000000000361e-02
1.066719999999999891e-01,4.375000000000000416e-02
1.067259999999999875e-01,4.406250000000000444e-02
1.067799999999999999e-01,4.437500000000000472e-02
1.068339999999999984e-01,4.468750000000000500e-02
1.068879999999999969e-01,4.437500000000000472e-02
1.069419999999999954e-01,4.500000000000000527e-02
1.069959999999999939e-01,4.468750000000000500e-02
1.070499999999999924e-01,4.500000000000000527e-02
1.071039999999999909e-01,4.500000000000000527e-02
1.071579999999999894e-01,4.500000000000000527e-02
1.072119999999999879e-01,4.500000000000000527e-02
1.072660000000000002e-01,4.500000000000000527e-02
1.073199999999999987e-01,4.500000000000000527e-02
1.073739999999999972e-01,4.500000000000000527e-02
1.074279999999999957e-01,4.500000000000000527e-02
1.074819999999999942e-01,4.500000000000000527e-02
1.075359999999999927e-01,4.500000000000000527e-02
1.075899999999999912e-01,4.531250000000000555e-02
1.076439999999999897e-01,4.500000000000000527e-02
1.076979999999999882e-01,4.468750000000000500e-02
1.077519999999999867e-01,4.468750000000000500e-02
1.078059999999999991e-01,4.468750000000000500e-02
1.078599999999999975e-01,4.406250000000000444e-02
1.079139999999999960e-01,4.406250000000000444e-02
1.079679999999999945e-01,4.312500000000000361e-02
1.080219999999999930e-01,4.312500000000000361e-02
1.080759999999999915e-01,4.218750000000000278e-02
1.081299999999999900e-01,4.156250000000000222e-02
1.081839999999999885e-01,4.125000000000000194e-02
1.082379999999999870e-01,4.000000000000000083e-02
1.082919999999999994e-01,3.968750000000000056e-02
1.083459999999999979e-01,3.906250000000000000e-02
