WAVELENGTH=1.55e-06, EFFECTIVE_DISTANCE=3.3e-05, AC_VOLTAGE=1200, POLING_LENGTH=0.3, CORE_INDEX=1.52
Time(s),Voltage(V)
-2.500000000000000139e-02,5.156249999999999722e-02
-2.497500000000000067e-02,5.156249999999999722e-02
-2.494999999999999996e-02,5.187500000000000444e-02
-2.492500000000000271e-02,5.156249999999999722e-02
-2.490000000000000199e-02,5.218749999999999778e-02
-2.487500000000000128e-02,5.187500000000000444e-02
-2.485000000000000056e-02,5.093749999999999667e-02
-2.482499999999999984e-02,5.156249999999999722e-02
-2.480000000000000260e-02,5.156249999999999722e-02
-2.477500000000000188e-02,5.125000000000000389e-02
-2.475000000000000117e-02,5.156249999999999722e-02
-2.472500000000000045e-02,5.156249999999999722e-02
-2.469999999999999973e-02,5.062500000000000333e-02
-2.467500000000000249e-02,5.187500000000000444e-02
-2.465000000000000177e-02,5.093749999999999667e-02
-2.462500000000000105e-02,5.062500000000000333e-02
-2.460000000000000034e-02,5.125000000000000389e-02
-2.457499999999999962e-02,5.187500000000000444e-02
-2.455000000000000238e-02,5.125000000000000389e-02
-2.452500000000000166e-02,5.156249999999999722e-02
-2.450000000000000094e-02,5.187500000000000444e-02
-2.447500000000000023e-02,5.187500000000000444e-02
-2.445000000000000298e-02,5.125000000000000389e-02
-2.442500000000000226e-02,5.281249999999999833e-02
-2.440000000000000155e-02,5.156249999999999722e-02
-2.437500000000000083e-02,5.156249999999999722e-02
-2.435000000000000012e-02,5.187500000000000444e-02
-2.432500000000000287e-02,5.187500000000000444e-02
-2.430000000000000215e-02,5.125000000000000389e-02
-2.427500000000000144e-02,5.125000000000000389e-02
-2.425000000000000072e-02,5.218749999999999778e-02
-2.422500000000000001e-02,5.218749999999999778e-02
-2.420000000000000276e-02,5.156249999999999722e-02
-2.417500000000000204e-02,5.156249999999999722e-02
-2.415000000000000133e-02,5.125000000000000389e-02
-2.412500000000000061e-02,5.125000000000000389e-02
-2.409999999999999989e-02,5.156249999999999722e-02
-2.407500000000000265e-02,5.093749999999999667e-02
-2.405000000000000193e-02,5.218749999999999778e-02
-2.402500000000000122e-02,5.156249999999999722e-02
-2.400000000000000050e-02,5.093749999999999667e-02
-2.397499999999999978e-02,5.187500000000000444e-02
-2.395000000000000254e-02,5.218749999999999778e-02
-2.392500000000000182e-02,5.249999999999999806e-02
-2.390000000000000110e-02,5.187500000000000444e-02
-2.387500000000000039e-02,5.125000000000000389e-02
-2.385000000000000314e-02,5.187500000000000444e-02
-2.382500000000000243e-02,5.187500000000000444e-02
-2.380000000000000171e-02,5.187500000000000444e-02
-2.377500000000000099e-02,5.281249999999999833e-02
-2.375000000000000028e-02,5.249999999999999806e-02
-2.372500000000000303e-02,5.062500000000000333e-02
-2.370000000000000231e-02,5.031249999999999611e-02
-2.367500000000000160e-02,5.187500000000000444e-02
-2.365000000000000088e-02,5.125000000000000389e-02
-2.362500000000000017e-02,5.187500000000000444e-02
-2.360000000000000292e-02,5.031249999999999611e-02
-2.357500000000000220e-02,5.249999999999999806e-02
-2.355000000000000149e-02,5.125000000000000389e-02
-2.352500000000000077e-02,5.187500000000000444e-02
-2.350000000000000006e-02,5.218749999999999778e-02
-2.347500000000000281e-02,5.281249999999999833e-02
-2.345000000000000209e-02,5.187500000000000444e-02
-2.342500000000000138e-02,5.249999999999999806e-02
-2.340000000000000066e-02,5.187500000000000444e-02
-2.337499999999999994e-02,5.187500000000000444e-02
-2.335000000000000270e-02,5.187500000000000444e-02
-2.332500000000000198e-02,5.249999999999999806e-02
-2.330000000000000127e-02,5.187500000000000444e-02
-2.327500000000000055e-02,5.125000000000000389e-02
-2.324999999999999983e-02,5.218749999999999778e-02
-2.322500000000000259e-02,5.093749999999999667e-02
-2.320000000000000187e-02,5.218749999999999778e-02
-2.317500000000000115e-02,5.249999999999999806e-02
-2.315000000000000044e-02,5.125000000000000389e-02
-2.312499999999999972e-02,5.187500000000000444e-02
-2.310000000000000248e-02,5.125000000000000389e-02
-2.307500000000000176e-02,5.125000000000000389e-02
-2.305000000000000104e-02,5.249999999999999806e-02
-2.302500000000000033e-02,5.218749999999999778e-02
-2.299999999999999961e-02,5.125000000000000389e-02
-2.297500000000000236e-02,5.156249999999999722e-02
-2.295000000000000165e-02,5.093749999999999667e-02
-2.292500000000000093e-02,5.187500000000000444e-02
-2.290000000000000022e-02,5.187500000000000444e-02
-2.287499999999999950e-02,5.156249999999999722e-02
-2.285000000000000225e-02,5.218749999999999778e-02
-2.282500000000000154e-02,5.187500000000000444e-02
-2.280000000000000082e-02,5.156249999999999722e-02
-2.277500000000000011e-02,5.218749999999999778e-02
-2.274999999999999939e-02,5.218749999999999778e-02
-2.272500000000000214e-02,5.093749999999999667e-02
-2.270000000000000143e-02,5.125000000000000389e-02
-2.267500000000000071e-02,5.156249999999999722e-02
-2.264999999999999999e-02,5.156249999999999722e-02
-2.262500000000000275e-02,5.187500000000000444e-02
-2.260000000000000203e-02,5.156249999999999722e-02
-2.257500000000000132e-02,5.093749999999999667e-02
-2.255000000000000060e-02,5.156249999999999722e-02
-2.252499999999999988e-02,5.125000000000000389e-02
-2.250000000000000264e-02,5.125000000000000389e-02
-2.247500000000000192e-02,5.187500000000000444e-02
-2.245000000000000120e-02,5.156249999999999722e-02
-2.242500000000000049e-02,5.156249999999999722e-02
-2.239999999999999977e-02,5.187500000000000444e-02
-2.237500000000000253e-02,5.125000000000000389e-02
-2.235000000000000181e-02,5.031249999999999611e-02
-2.232500000000000109e-02,5.187500000000000444e-02
-2.230000000000000038e-02,5.156249999999999722e-02
-2.227500000000000313e-02,5.062500000000000333e-02
-2.225000000000000241e-02,5.156249999999999722e-02
-2.222500000000000170e-02,5.156249999999999722e-02
-2.220000000000000098e-02,5.187500000000000444e-02
-2.217500000000000027e-02,5.031249999999999611e-02
-2.215000000000000302e-02,5.093749999999999667e-02
-2.212500000000000230e-02,5.031249999999999611e-02
-2.210000000000000159e-02,5.249999999999999806e-02
-2.207500000000000087e-02,5.125000000000000389e-02
-2.205000000000000016e-02,5.062500000000000333e-02
-2.202500000000000291e-02,5.031249999999999611e-02
-2.200000000000000219e-02,5.000000000000000278e-02
-2.197500000000000148e-02,5.187500000000000444e-02
-2.195000000000000076e-02,5.031249999999999611e-02
-2.192500000000000004e-02,5.187500000000000444e-02
-2.190000000000000280e-02,5.125000000000000389e-02
-2.187500000000000208e-02,5.031249999999999611e-02
-2.185000000000000137e-02,5.125000000000000389e-02
-2.182500000000000065e-02,5.218749999999999778e-02
-2.179999999999999993e-02,5.031249999999999611e-02
-2.177500000000000269e-02,5.031249999999999611e-02
-2.175000000000000197e-02,5.125000000000000389e-02
-2.172500000000000125e-02,5.062500000000000333e-02
-2.170000000000000054e-02,5.031249999999999611e-02
-2.167499999999999982e-02,5.156249999999999722e-02
-2.165000000000000258e-02,5.093749999999999667e-02
-2.162500000000000186e-02,5.125000000000000389e-02
-2.160000000000000114e-02,5.156249999999999722e-02
-2.157500000000000043e-02,5.125000000000000389e-02
-2.154999999999999971e-02,5.031249999999999611e-02
-2.152500000000000246e-02,5.093749999999999667e-02
-2.150000000000000175e-02,5.156249999999999722e-02
-2.147500000000000103e-02,5.156249999999999722e-02
-2.145000000000000032e-02,5.000000000000000278e-02
-2.142499999999999960e-02,5.093749999999999667e-02
-2.140000000000000235e-02,5.125000000000000389e-02
-2.137500000000000164e-02,5.125000000000000389e-02
-2.135000000000000092e-02,5.156249999999999722e-02
-2.132500000000000021e-02,5.062500000000000333e-02
-2.129999999999999949e-02,5.062500000000000333e-02
-2.127500000000000224e-02,5.031249999999999611e-02
-2.125000000000000153e-02,5.125000000000000389e-02
-2.122500000000000081e-02,5.218749999999999778e-02
-2.120000000000000009e-02,4.968749999999999556e-02
-2.117499999999999938e-02,5.093749999999999667e-02
-2.115000000000000213e-02,4.968749999999999556e-02
-2.112500000000000142e-02,4.968749999999999556e-02
-2.110000000000000070e-02,5.125000000000000389e-02
-2.107499999999999998e-02,5.031249999999999611e-02
-2.104999999999999927e-02,5.125000000000000389e-02
-2.102500000000000202e-02,5.031249999999999611e-02
-2.100000000000000130e-02,5.187500000000000444e-02
-2.097500000000000059e-02,5.000000000000000278e-02
-2.095000000000000334e-02,5.000000000000000278e-02
-2.092499999999999916e-02,5.062500000000000333e-02
-2.090000000000000191e-02,5.062500000000000333e-02
-2.087500000000000119e-02,4.968749999999999556e-02
-2.085000000000000048e-02,5.093749999999999667e-02
-2.082500000000000323e-02,4.968749999999999556e-02
-2.079999999999999905e-02,5.000000000000000278e-02
-2.077500000000000180e-02,5.093749999999999667e-02
-2.075000000000000108e-02,5.062500000000000333e-02
-2.072500000000000037e-02,4.968749999999999556e-02
-2.070000000000000312e-02,5.031249999999999611e-02
-2.067500000000000240e-02,5.000000000000000278e-02
-2.065000000000000169e-02,5.062500000000000333e-02
-2.062500000000000097e-02,4.968749999999999556e-02
-2.060000000000000026e-02,5.125000000000000389e-02
-2.057500000000000301e-02,4.906249999999999500e-02
-2.055000000000000229e-02,5.093749999999999667e-02
-2.052500000000000158e-02,4.937500000000000222e-02
-2.050000000000000086e-02,5.125000000000000389e-02
-2.047500000000000014e-02,4.937500000000000222e-02
-2.045000000000000290e-02,4.937500000000000222e-02
-2.042500000000000218e-02,4.968749999999999556e-02
-2.040000000000000147e-02,5.156249999999999722e-02
-2.037500000000000075e-02,5.000000000000000278e-02
-2.035000000000000003e-02,5.031249999999999611e-02
-2.032500000000000279e-02,5.093749999999999667e-02
-2.030000000000000207e-02,4.968749999999999556e-02
-2.027500000000000135e-02,5.031249999999999611e-02
-2.025000000000000064e-02,5.093749999999999667e-02
-2.022499999999999992e-02,4.875000000000000167e-02
-2.020000000000000268e-02,5.062500000000000333e-02
-2.017500000000000196e-02,4.937500000000000222e-02
-2.015000000000000124e-02,5.093749999999999667e-02
-2.012500000000000053e-02,4.968749999999999556e-02
-2.009999999999999981e-02,4.937500000000000222e-02
-2.007500000000000256e-02,4.968749999999999556e-02
-2.005000000000000185e-02,4.968749999999999556e-02
-2.002500000000000113e-02,5.031249999999999611e-02
-2.000000000000000042e-02,4.968749999999999556e-02
-1.997499999999999970e-02,5.031249999999999611e-02
-1.995000000000000245e-02,4.968749999999999556e-02
-1.992500000000000174e-02,4.968749999999999556e-02
-1.990000000000000102e-02,4.937500000000000222e-02
-1.987500000000000031e-02,5.000000000000000278e-02
-1.984999999999999959e-02,4.968749999999999556e-02
-1.982500000000000234e-02,5.031249999999999611e-02
-1.980000000000000163e-02,4.968749999999999556e-02
-1.977500000000000091e-02,4.906249999999999500e-02
-1.975000000000000019e-02,4.843749999999999445e-02
-1.972499999999999948e-02,4.937500000000000222e-02
-1.970000000000000223e-02,4.968749999999999556e-02
-1.967500000000000152e-02,5.000000000000000278e-02
-1.965000000000000080e-02,5.031249999999999611e-02
-1.962500000000000008e-02,4.937500000000000222e-02
-1.959999999999999937e-02,4.968749999999999556e-02
-1.957500000000000212e-02,4.875000000000000167e-02
-1.955000000000000140e-02,4.906249999999999500e-02
-1.952500000000000069e-02,4.937500000000000222e-02
-1.949999999999999997e-02,4.843749999999999445e-02
-1.947499999999999926e-02,4.906249999999999500e-02
-1.945000000000000201e-02,4.906249999999999500e-02
-1.942500000000000129e-02,4.812500000000000111e-02
-1.940000000000000058e-02,4.906249999999999500e-02
-1.937499999999999986e-02,4.781250000000000083e-02
-1.934999999999999915e-02,4.906249999999999500e-02
-1.932500000000000190e-02,4.937500000000000222e-02
-1.930000000000000118e-02,4.906249999999999500e-02
-1.927500000000000047e-02,4.968749999999999556e-02
-1.925000000000000322e-02,4.843749999999999445e-02
-1.922499999999999903e-02,4.875000000000000167e-02
-1.920000000000000179e-02,4.906249999999999500e-02
-1.917500000000000107e-02,4.937500000000000222e-02
-1.915000000000000036e-02,4.875000000000000167e-02
-1.912500000000000311e-02,4.750000000000000056e-02
-1.910000000000000239e-02,4.812500000000000111e-02
-1.907500000000000168e-02,4.781250000000000083e-02
-1.905000000000000096e-02,4.843749999999999445e-02
-1.902500000000000024e-02,4.906249999999999500e-02
-1.900000000000000300e-02,4.875000000000000167e-02
-1.897500000000000228e-02,4.843749999999999445e-02
-1.895000000000000157e-02,4.781250000000000083e-02
-1.892500000000000085e-02,4.937500000000000222e-02
-1.890000000000000013e-02,4.812500000000000111e-02
-1.887500000000000289e-02,4.812500000000000111e-02
-1.885000000000000217e-02,4.750000000000000056e-02
-1.882500000000000145e-02,4.750000000000000056e-02
-1.880000000000000074e-02,4.812500000000000111e-02
-1.877500000000000002e-02,4.781250000000000083e-02
-1.875000000000000278e-02,4.843749999999999445e-02
-1.872500000000000206e-02,4.718750000000000028e-02
-1.870000000000000134e-02,4.906249999999999500e-02
-1.867500000000000063e-02,4.750000000000000056e-02
-1.864999999999999991e-02,4.750000000000000056e-02
-1.862500000000000266e-02,4.843749999999999445e-02
-1.860000000000000195e-02,4.812500000000000111e-02
-1.857500000000000123e-02,4.812500000000000111e-02
-1.855000000000000052e-02,4.843749999999999445e-02
-1.852499999999999980e-02,4.812500000000000111e-02
-1.850000000000000255e-02,4.812500000000000111e-02
-1.847500000000000184e-02,4.875000000000000167e-02
-1.845000000000000112e-02,4.781250000000000083e-02
-1.842500000000000041e-02,4.687500000000000000e-02
-1.839999999999999969e-02,4.812500000000000111e-02
-1.837500000000000244e-02,4.875000000000000167e-02
-1.835000000000000173e-02,4.843749999999999445e-02
-1.832500000000000101e-02,4.875000000000000167e-02
-1.830000000000000029e-02,4.718750000000000028e-02
-1.827499999999999958e-02,4.812500000000000111e-02
-1.825000000000000233e-02,4.781250000000000083e-02
-1.822500000000000162e-02,4.750000000000000056e-02
-1.820000000000000090e-02,4.718750000000000028e-02
-1.817500000000000018e-02,4.906249999999999500e-02
-1.814999999999999947e-02,4.812500000000000111e-02
-1.812500000000000222e-02,4.750000000000000056e-02
-1.810000000000000150e-02,4.656249999999999972e-02
-1.807500000000000079e-02,4.687500000000000000e-02
-1.805000000000000007e-02,4.843749999999999445e-02
-1.802499999999999936e-02,4.843749999999999445e-02
-1.800000000000000211e-02,4.812500000000000111e-02
-1.797500000000000139e-02,4.812500000000000111e-02
-1.795000000000000068e-02,4.718750000000000028e-02
-1.792499999999999996e-02,4.875000000000000167e-02
-1.789999999999999925e-02,4.781250000000000083e-02
-1.787500000000000200e-02,4.750000000000000056e-02
-1.785000000000000128e-02,4.781250000000000083e-02
-1.782500000000000057e-02,4.812500000000000111e-02
-1.779999999999999985e-02,4.843749999999999445e-02
-1.777499999999999913e-02,4.843749999999999445e-02
-1.775000000000000189e-02,4.781250000000000083e-02
-1.772500000000000117e-02,4.843749999999999445e-02
-1.770000000000000046e-02,4.843749999999999445e-02
-1.767499999999999974e-02,4.875000000000000167e-02
-1.764999999999999902e-02,4.781250000000000083e-02
-1.762500000000000178e-02,4.843749999999999445e-02
-1.760000000000000106e-02,4.843749999999999445e-02
-1.757500000000000034e-02,4.781250000000000083e-02
-1.755000000000000310e-02,4.906249999999999500e-02
-1.752499999999999891e-02,4.750000000000000056e-02
-1.750000000000000167e-02,4.781250000000000083e-02
-1.747500000000000095e-02,4.843749999999999445e-02
-1.745000000000000023e-02,4.843749999999999445e-02
-1.742500000000000299e-02,4.906249999999999500e-02
-1.740000000000000227e-02,4.875000000000000167e-02
-1.737500000000000155e-02,4.812500000000000111e-02
-1.735000000000000084e-02,4.937500000000000222e-02
-1.732500000000000012e-02,4.875000000000000167e-02
-1.730000000000000288e-02,4.812500000000000111e-02
-1.727500000000000216e-02,4.875000000000000167e-02
-1.725000000000000144e-02,4.750000000000000056e-02
-1.722500000000000073e-02,4.906249999999999500e-02
-1.720000000000000001e-02,4.812500000000000111e-02
-1.717500000000000276e-02,4.843749999999999445e-02
-1.714999999999999858e-02,4.781250000000000083e-02
-1.712500000000000133e-02,4.937500000000000222e-02
-1.710000000000000062e-02,4.937500000000000222e-02
-1.707499999999999990e-02,4.875000000000000167e-02
-1.705000000000000265e-02,4.937500000000000222e-02
-1.702499999999999847e-02,4.843749999999999445e-02
-1.700000000000000122e-02,4.843749999999999445e-02
-1.697500000000000051e-02,4.906249999999999500e-02
-1.694999999999999979e-02,4.937500000000000222e-02
-1.692500000000000254e-02,4.906249999999999500e-02
-1.690000000000000183e-02,4.843749999999999445e-02
-1.687500000000000111e-02,4.906249999999999500e-02
-1.685000000000000039e-02,4.906249999999999500e-02
-1.682499999999999968e-02,4.906249999999999500e-02
-1.680000000000000243e-02,4.843749999999999445e-02
-1.677500000000000172e-02,4.843749999999999445e-02
-1.675000000000000100e-02,4.906249999999999500e-02
-1.672500000000000028e-02,4.812500000000000111e-02
-1.669999999999999957e-02,4.937500000000000222e-02
-1.667500000000000232e-02,4.812500000000000111e-02
-1.665000000000000160e-02,4.843749999999999445e-02
-1.662500000000000089e-02,4.781250000000000083e-02
-1.660000000000000017e-02,4.843749999999999445e-02
-1.657499999999999946e-02,4.812500000000000111e-02
-1.655000000000000221e-02,4.875000000000000167e-02
-1.652500000000000149e-02,4.843749999999999445e-02
-1.650000000000000078e-02,4.875000000000000167e-02
-1.647500000000000353e-02,4.812500000000000111e-02
-1.644999999999999934e-02,4.906249999999999500e-02
-1.642500000000000210e-02,4.906249999999999500e-02
-1.640000000000000138e-02,4.781250000000000083e-02
-1.637500000000000067e-02,4.875000000000000167e-02
-1.635000000000000342e-02,4.906249999999999500e-02
-1.632499999999999923e-02,4.875000000000000167e-02
-1.630000000000000199e-02,4.906249999999999500e-02
-1.627500000000000127e-02,4.875000000000000167e-02
-1.625000000000000056e-02,4.812500000000000111e-02
-1.622500000000000331e-02,4.843749999999999445e-02
-1.619999999999999912e-02,4.875000000000000167e-02
-1.617500000000000188e-02,4.875000000000000167e-02
-1.615000000000000116e-02,4.875000000000000167e-02
-1.612500000000000044e-02,4.843749999999999445e-02
-1.610000000000000320e-02,4.906249999999999500e-02
-1.607499999999999901e-02,4.843749999999999445e-02
-1.605000000000000177e-02,4.875000000000000167e-02
-1.602500000000000105e-02,4.937500000000000222e-02
-1.600000000000000033e-02,4.843749999999999445e-02
-1.597500000000000309e-02,4.937500000000000222e-02
-1.594999999999999890e-02,4.875000000000000167e-02
-1.592500000000000165e-02,4.875000000000000167e-02
-1.590000000000000094e-02,4.812500000000000111e-02
-1.587500000000000022e-02,4.843749999999999445e-02
-1.585000000000000298e-02,4.906249999999999500e-02
-1.582499999999999879e-02,4.812500000000000111e-02
-1.580000000000000154e-02,4.875000000000000167e-02
-1.577500000000000083e-02,4.781250000000000083e-02
-1.575000000000000011e-02,4.937500000000000222e-02
-1.572500000000000286e-02,4.906249999999999500e-02
-1.569999999999999868e-02,4.750000000000000056e-02
-1.567500000000000143e-02,4.906249999999999500e-02
-1.565000000000000072e-02,4.906249999999999500e-02
-1.562500000000000000e-02,4.937500000000000222e-02
-1.560000000000000102e-02,4.875000000000000167e-02
-1.557500000000000030e-02,4.875000000000000167e-02
-1.555000000000000132e-02,4.875000000000000167e-02
-1.552500000000000061e-02,4.937500000000000222e-02
-1.550000000000000162e-02,4.968749999999999556e-02
-1.547500000000000091e-02,4.875000000000000167e-02
-1.545000000000000019e-02,4.843749999999999445e-02
-1.542500000000000121e-02,4.843749999999999445e-02
-1.540000000000000049e-02,4.875000000000000167e-02
-1.537500000000000151e-02,5.031249999999999611e-02
-1.535000000000000080e-02,4.906249999999999500e-02
-1.532500000000000008e-02,5.000000000000000278e-02
-1.530000000000000110e-02,5.062500000000000333e-02
-1.527500000000000038e-02,4.812500000000000111e-02
-1.525000000000000140e-02,4.937500000000000222e-02
-1.522500000000000069e-02,4.968749999999999556e-02
-1.520000000000000170e-02,4.937500000000000222e-02
-1.517500000000000099e-02,4.875000000000000167e-02
-1.515000000000000027e-02,5.031249999999999611e-02
-1.512500000000000129e-02,4.968749999999999556e-02
-1.510000000000000057e-02,4.937500000000000222e-02
-1.507500000000000159e-02,5.031249999999999611e-02
-1.505000000000000088e-02,4.968749999999999556e-02
-1.502500000000000016e-02,4.875000000000000167e-02
-1.500000000000000118e-02,4.968749999999999556e-02
-1.497500000000000046e-02,4.937500000000000222e-02
-1.495000000000000148e-02,4.906249999999999500e-02
-1.492500000000000077e-02,4.968749999999999556e-02
-1.490000000000000005e-02,5.062500000000000333e-02
-1.487500000000000107e-02,4.968749999999999556e-02
-1.485000000000000035e-02,4.875000000000000167e-02
-1.482500000000000137e-02,5.000000000000000278e-02
-1.480000000000000066e-02,5.000000000000000278e-02
-1.477500000000000167e-02,5.000000000000000278e-02
-1.475000000000000096e-02,5.031249999999999611e-02
-1.472500000000000024e-02,4.968749999999999556e-02
-1.470000000000000126e-02,4.968749999999999556e-02
-1.467500000000000054e-02,5.093749999999999667e-02
-1.465000000000000156e-02,5.062500000000000333e-02
-1.462500000000000085e-02,5.000000000000000278e-02
-1.460000000000000013e-02,5.093749999999999667e-02
-1.457500000000000115e-02,5.062500000000000333e-02
-1.455000000000000043e-02,4.937500000000000222e-02
-1.452500000000000145e-02,5.000000000000000278e-02
-1.450000000000000074e-02,5.000000000000000278e-02
-1.447500000000000002e-02,4.968749999999999556e-02
-1.445000000000000104e-02,5.062500000000000333e-02
-1.442500000000000032e-02,5.000000000000000278e-02
-1.440000000000000134e-02,5.093749999999999667e-02
-1.437500000000000062e-02,5.031249999999999611e-02
-1.435000000000000164e-02,4.968749999999999556e-02
-1.432500000000000093e-02,5.031249999999999611e-02
-1.430000000000000021e-02,4.968749999999999556e-02
-1.427500000000000123e-02,5.031249999999999611e-02
-1.425000000000000051e-02,4.937500000000000222e-02
-1.422500000000000153e-02,5.062500000000000333e-02
-1.420000000000000082e-02,4.968749999999999556e-02
-1.417500000000000010e-02,5.062500000000000333e-02
-1.415000000000000112e-02,5.062500000000000333e-02
-1.412500000000000040e-02,5.062500000000000333e-02
-1.410000000000000142e-02,5.031249999999999611e-02
-1.407500000000000070e-02,4.968749999999999556e-02
-1.405000000000000172e-02,5.000000000000000278e-02
-1.402500000000000101e-02,5.062500000000000333e-02
-1.400000000000000029e-02,4.937500000000000222e-02
-1.397500000000000131e-02,5.093749999999999667e-02
-1.395000000000000059e-02,5.093749999999999667e-02
-1.392500000000000161e-02,5.000000000000000278e-02
-1.390000000000000090e-02,4.968749999999999556e-02
-1.387500000000000018e-02,5.062500000000000333e-02
-1.385000000000000120e-02,5.000000000000000278e-02
-1.382500000000000048e-02,5.062500000000000333e-02
-1.380000000000000150e-02,5.093749999999999667e-02
-1.377500000000000079e-02,5.062500000000000333e-02
-1.375000000000000007e-02,5.000000000000000278e-02
-1.372500000000000109e-02,5.062500000000000333e-02
-1.370000000000000037e-02,5.125000000000000389e-02
-1.367500000000000139e-02,5.093749999999999667e-02
-1.365000000000000067e-02,5.156249999999999722e-02
-1.362500000000000169e-02,5.156249999999999722e-02
-1.360000000000000098e-02,5.156249999999999722e-02
-1.357500000000000026e-02,5.156249999999999722e-02
-1.355000000000000128e-02,5.062500000000000333e-02
-1.352500000000000056e-02,5.093749999999999667e-02
-1.350000000000000158e-02,5.156249999999999722e-02
-1.347500000000000087e-02,5.031249999999999611e-02
-1.345000000000000015e-02,5.125000000000000389e-02
-1.342500000000000117e-02,5.156249999999999722e-02
-1.340000000000000045e-02,5.187500000000000444e-02
-1.337500000000000147e-02,5.125000000000000389e-02
-1.335000000000000075e-02,5.156249999999999722e-02
-1.332500000000000004e-02,5.125000000000000389e-02
-1.330000000000000106e-02,5.093749999999999667e-02
-1.327500000000000034e-02,5.187500000000000444e-02
-1.325000000000000136e-02,5.156249999999999722e-02
-1.322500000000000064e-02,5.187500000000000444e-02
-1.320000000000000166e-02,5.031249999999999611e-02
-1.317500000000000095e-02,5.062500000000000333e-02
-1.315000000000000023e-02,4.968749999999999556e-02
-1.312500000000000125e-02,5.187500000000000444e-02
-1.310000000000000053e-02,5.187500000000000444e-02
-1.307500000000000155e-02,5.031249999999999611e-02
-1.305000000000000084e-02,5.187500000000000444e-02
-1.302500000000000012e-02,5.031249999999999611e-02
-1.300000000000000114e-02,5.156249999999999722e-02
-1.297500000000000042e-02,5.156249999999999722e-02
-1.295000000000000144e-02,5.125000000000000389e-02
-1.292500000000000072e-02,5.156249999999999722e-02
-1.290000000000000001e-02,5.187500000000000444e-02
-1.287500000000000103e-02,5.062500000000000333e-02
-1.285000000000000031e-02,5.093749999999999667e-02
-1.282500000000000133e-02,5.093749999999999667e-02
-1.280000000000000061e-02,5.187500000000000444e-02
-1.277500000000000163e-02,5.156249999999999722e-02
-1.275000000000000092e-02,5.156249999999999722e-02
-1.272500000000000020e-02,5.093749999999999667e-02
-1.270000000000000122e-02,5.093749999999999667e-02
-1.267500000000000050e-02,5.125000000000000389e-02
-1.265000000000000152e-02,5.093749999999999667e-02
-1.262500000000000080e-02,5.125000000000000389e-02
-1.260000000000000009e-02,5.062500000000000333e-02
-1.257500000000000111e-02,4.968749999999999556e-02
-1.255000000000000039e-02,5.062500000000000333e-02
-1.252500000000000141e-02,5.093749999999999667e-02
-1.250000000000000069e-02,5.093749999999999667e-02
-1.247499999999999998e-02,5.125000000000000389e-02
-1.245000000000000100e-02,5.031249999999999611e-02
-1.242500000000000028e-02,5.093749999999999667e-02
-1.240000000000000130e-02,5.093749999999999667e-02
-1.237500000000000058e-02,5.093749999999999667e-02
-1.235000000000000160e-02,5.187500000000000444e-02
-1.232500000000000089e-02,5.156249999999999722e-02
-1.230000000000000017e-02,5.125000000000000389e-02
-1.227500000000000119e-02,5.093749999999999667e-02
-1.225000000000000047e-02,5.031249999999999611e-02
-1.222500000000000149e-02,5.125000000000000389e-02
-1.220000000000000077e-02,5.062500000000000333e-02
-1.217500000000000006e-02,5.125000000000000389e-02
-1.215000000000000108e-02,5.062500000000000333e-02
-1.212500000000000036e-02,5.156249999999999722e-02
-1.210000000000000138e-02,5.187500000000000444e-02
-1.207500000000000066e-02,5.218749999999999778e-02
-1.204999999999999995e-02,5.156249999999999722e-02
-1.202500000000000097e-02,5.187500000000000444e-02
-1.200000000000000025e-02,5.093749999999999667e-02
-1.197500000000000127e-02,5.218749999999999778e-02
-1.195000000000000055e-02,5.187500000000000444e-02
-1.192500000000000157e-02,5.062500000000000333e-02
-1.190000000000000085e-02,5.156249999999999722e-02
-1.187500000000000014e-02,5.062500000000000333e-02
-1.185000000000000116e-02,5.125000000000000389e-02
-1.182500000000000044e-02,5.125000000000000389e-02
-1.180000000000000146e-02,5.125000000000000389e-02
-1.177500000000000074e-02,5.187500000000000444e-02
-1.175000000000000003e-02,5.156249999999999722e-02
-1.172500000000000105e-02,5.187500000000000444e-02
-1.170000000000000033e-02,5.281249999999999833e-02
-1.167500000000000135e-02,5.218749999999999778e-02
-1.165000000000000063e-02,5.125000000000000389e-02
-1.162499999999999992e-02,5.125000000000000389e-02
-1.160000000000000094e-02,5.156249999999999722e-02
-1.157500000000000022e-02,5.187500000000000444e-02
-1.155000000000000124e-02,5.093749999999999667e-02
-1.152500000000000052e-02,5.093749999999999667e-02
-1.150000000000000154e-02,5.156249999999999722e-02
-1.147500000000000082e-02,5.156249999999999722e-02
-1.145000000000000011e-02,5.125000000000000389e-02
-1.142500000000000113e-02,5.187500000000000444e-02
-1.140000000000000041e-02,5.125000000000000389e-02
-1.137500000000000143e-02,5.093749999999999667e-02
-1.135000000000000071e-02,5.093749999999999667e-02
-1.132500000000000000e-02,5.187500000000000444e-02
-1.130000000000000102e-02,5.093749999999999667e-02
-1.127500000000000030e-02,5.125000000000000389e-02
-1.125000000000000132e-02,5.125000000000000389e-02
-1.122500000000000060e-02,5.156249999999999722e-02
-1.119999999999999989e-02,5.249999999999999806e-02
-1.117500000000000090e-02,5.218749999999999778e-02
-1.115000000000000019e-02,5.218749999999999778e-02
-1.112500000000000121e-02,5.187500000000000444e-02
-1.110000000000000049e-02,5.187500000000000444e-02
-1.107500000000000151e-02,5.125000000000000389e-02
-1.105000000000000079e-02,5.093749999999999667e-02
-1.102500000000000008e-02,5.249999999999999806e-02
-1.100000000000000110e-02,5.218749999999999778e-02
-1.097500000000000038e-02,5.125000000000000389e-02
-1.095000000000000140e-02,5.093749999999999667e-02
-1.092500000000000068e-02,5.093749999999999667e-02
-1.089999999999999997e-02,5.187500000000000444e-02
-1.087500000000000099e-02,5.093749999999999667e-02
-1.085000000000000027e-02,5.156249999999999722e-02
-1.082500000000000129e-02,5.156249999999999722e-02
-1.080000000000000057e-02,5.187500000000000444e-02
-1.077499999999999986e-02,5.093749999999999667e-02
-1.075000000000000087e-02,5.062500000000000333e-02
-1.072500000000000016e-02,5.125000000000000389e-02
-1.070000000000000118e-02,5.093749999999999667e-02
-1.067500000000000046e-02,5.031249999999999611e-02
-1.065000000000000148e-02,5.062500000000000333e-02
-1.062500000000000076e-02,5.187500000000000444e-02
-1.060000000000000005e-02,5.093749999999999667e-02
-1.057500000000000107e-02,5.249999999999999806e-02
-1.055000000000000035e-02,5.031249999999999611e-02
-1.052500000000000137e-02,5.156249999999999722e-02
-1.050000000000000065e-02,5.187500000000000444e-02
-1.047499999999999994e-02,5.156249999999999722e-02
-1.045000000000000095e-02,5.156249999999999722e-02
-1.042500000000000024e-02,5.156249999999999722e-02
-1.040000000000000126e-02,5.093749999999999667e-02
-1.037500000000000054e-02,5.062500000000000333e-02
-1.034999999999999983e-02,5.156249999999999722e-02
-1.032500000000000084e-02,5.218749999999999778e-02
-1.030000000000000013e-02,5.156249999999999722e-02
-1.027500000000000115e-02,5.125000000000000389e-02
-1.025000000000000043e-02,5.093749999999999667e-02
-1.022500000000000145e-02,5.187500000000000444e-02
-1.020000000000000073e-02,5.156249999999999722e-02
-1.017500000000000002e-02,5.062500000000000333e-02
-1.015000000000000104e-02,5.125000000000000389e-02
-1.012500000000000032e-02,5.187500000000000444e-02
-1.010000000000000134e-02,5.187500000000000444e-02
-1.007500000000000062e-02,5.156249999999999722e-02
-1.004999999999999991e-02,5.125000000000000389e-02
-1.002500000000000092e-02,5.187500000000000444e-02
-1.000000000000000021e-02,5.187500000000000444e-02
-9.975000000000001227e-03,5.156249999999999722e-02
-9.950000000000000511e-03,5.093749999999999667e-02
-9.925000000000001529e-03,5.156249999999999722e-02
-9.900000000000000813e-03,5.062500000000000333e-02
-9.875000000000000097e-03,5.218749999999999778e-02
-9.850000000000001116e-03,5.156249999999999722e-02
-9.825000000000000400e-03,5.249999999999999806e-02
-9.800000000000001418e-03,5.125000000000000389e-02
-9.775000000000000702e-03,5.218749999999999778e-02
-9.749999999999999986e-03,5.093749999999999667e-02
-9.725000000000001005e-03,5.187500000000000444e-02
-9.700000000000000289e-03,5.125000000000000389e-02
-9.675000000000001307e-03,5.218749999999999778e-02
-9.650000000000000591e-03,5.156249999999999722e-02
-9.624999999999999875e-03,5.156249999999999722e-02
-9.600000000000000894e-03,5.125000000000000389e-02
-9.575000000000000178e-03,5.062500000000000333e-02
-9.550000000000001196e-03,5.125000000000000389e-02
-9.525000000000000480e-03,5.187500000000000444e-02
-9.500000000000001499e-03,5.125000000000000389e-02
-9.475000000000000783e-03,5.156249999999999722e-02
-9.450000000000000067e-03,5.125000000000000389e-02
-9.425000000000001085e-03,5.093749999999999667e-02
-9.400000000000000369e-03,5.156249999999999722e-02
-9.375000000000001388e-03,5.187500000000000444e-02
-9.350000000000000672e-03,5.093749999999999667e-02
-9.324999999999999956e-03,5.031249999999999611e-02
-9.299999999999999239e-03,5.031249999999999611e-02
-9.275000000000001993e-03,5.187500000000000444e-02
-9.250000000000001277e-03,5.156249999999999722e-02
-9.225000000000000561e-03,5.156249999999999722e-02
-9.199999999999999845e-03,5.093749999999999667e-02
-9.174999999999999128e-03,5.062500000000000333e-02
-9.150000000000001882e-03,5.000000000000000278e-02
-9.125000000000001166e-03,5.125000000000000389e-02
-9.100000000000000450e-03,5.125000000000000389e-02
-9.074999999999999734e-03,5.093749999999999667e-02
-9.049999999999999017e-03,5.125000000000000389e-02
-9.025000000000001771e-03,5.093749999999999667e-02
-9.000000000000001055e-03,5.125000000000000389e-02
-8.975000000000000339e-03,5.187500000000000444e-02
-8.949999999999999623e-03,5.125000000000000389e-02
-8.924999999999998906e-03,5.218749999999999778e-02
-8.900000000000001660e-03,5.125000000000000389e-02
-8.875000000000000944e-03,5.062500000000000333e-02
-8.850000000000000228e-03,5.218749999999999778e-02
-8.824999999999999512e-03,5.218749999999999778e-02
-8.800000000000002265e-03,5.125000000000000389e-02
-8.775000000000001549e-03,5.156249999999999722e-02
-8.750000000000000833e-03,5.093749999999999667e-02
-8.725000000000000117e-03,5.187500000000000444e-02
-8.699999999999999400e-03,5.093749999999999667e-02
-8.675000000000002154e-03,5.093749999999999667e-02
-8.650000000000001438e-03,4.968749999999999556e-02
-8.625000000000000722e-03,5.125000000000000389e-02
-8.600000000000000006e-03,5.093749999999999667e-02
-8.574999999999999289e-03,5.031249999999999611e-02
-8.550000000000002043e-03,5.062500000000000333e-02
-8.525000000000001327e-03,5.187500000000000444e-02
-8.500000000000000611e-03,5.093749999999999667e-02
-8.474999999999999895e-03,5.156249999999999722e-02
-8.449999999999999178e-03,5.125000000000000389e-02
-8.425000000000001932e-03,5.062500000000000333e-02
-8.400000000000001216e-03,5.218749999999999778e-02
-8.375000000000000500e-03,5.125000000000000389e-02
-8.349999999999999784e-03,5.187500000000000444e-02
-8.324999999999999067e-03,5.062500000000000333e-02
-8.300000000000001821e-03,5.218749999999999778e-02
-8.275000000000001105e-03,5.249999999999999806e-02
-8.250000000000000389e-03,5.156249999999999722e-02
-8.224999999999999672e-03,5.093749999999999667e-02
-8.199999999999998956e-03,5.125000000000000389e-02
-8.175000000000001710e-03,5.218749999999999778e-02
-8.150000000000000994e-03,5.156249999999999722e-02
-8.125000000000000278e-03,5.093749999999999667e-02
-8.099999999999999561e-03,5.062500000000000333e-02
-8.074999999999998845e-03,5.062500000000000333e-02
-8.050000000000001599e-03,5.125000000000000389e-02
-8.025000000000000883e-03,5.187500000000000444e-02
-8.000000000000000167e-03,5.093749999999999667e-02
-7.974999999999999450e-03,5.125000000000000389e-02
-7.950000000000002204e-03,5.249999999999999806e-02
-7.925000000000001488e-03,5.125000000000000389e-02
-7.900000000000000772e-03,5.125000000000000389e-02
-7.875000000000000056e-03,5.156249999999999722e-02
-7.849999999999999339e-03,5.093749999999999667e-02
-7.825000000000002093e-03,5.125000000000000389e-02
-7.800000000000001377e-03,5.125000000000000389e-02
-7.775000000000000661e-03,5.125000000000000389e-02
-7.749999999999999944e-03,5.156249999999999722e-02
-7.724999999999999228e-03,5.249999999999999806e-02
-7.700000000000001982e-03,5.093749999999999667e-02
-7.675000000000001266e-03,5.218749999999999778e-02
-7.650000000000000550e-03,5.249999999999999806e-02
-7.624999999999999833e-03,5.187500000000000444e-02
-7.599999999999999117e-03,5.218749999999999778e-02
-7.575000000000001871e-03,5.281249999999999833e-02
-7.550000000000001155e-03,5.281249999999999833e-02
-7.525000000000000439e-03,5.249999999999999806e-02
-7.499999999999999722e-03,5.156249999999999722e-02
-7.474999999999999006e-03,5.187500000000000444e-02
-7.450000000000001760e-03,5.156249999999999722e-02
-7.425000000000001044e-03,5.249999999999999806e-02
-7.400000000000000328e-03,5.249999999999999806e-02
-7.374999999999999611e-03,5.093749999999999667e-02
-7.349999999999998895e-03,5.156249999999999722e-02
-7.325000000000001649e-03,5.093749999999999667e-02
-7.300000000000000933e-03,5.218749999999999778e-02
-7.275000000000000216e-03,5.187500000000000444e-02
-7.249999999999999500e-03,5.125000000000000389e-02
-7.225000000000002254e-03,5.125000000000000389e-02
-7.200000000000001538e-03,5.218749999999999778e-02
-7.175000000000000822e-03,5.156249999999999722e-02
-7.150000000000000105e-03,5.218749999999999778e-02
-7.124999999999999389e-03,5.187500000000000444e-02
-7.100000000000002143e-03,5.218749999999999778e-02
-7.075000000000001427e-03,5.156249999999999722e-02
-7.050000000000000711e-03,5.218749999999999778e-02
-7.024999999999999994e-03,5.218749999999999778e-02
-6.999999999999999278e-03,5.125000000000000389e-02
-6.975000000000002032e-03,5.000000000000000278e-02
-6.950000000000001316e-03,5.218749999999999778e-02
-6.925000000000000600e-03,5.187500000000000444e-02
-6.899999999999999883e-03,5.281249999999999833e-02
-6.874999999999999167e-03,5.093749999999999667e-02
-6.850000000000001921e-03,5.249999999999999806e-02
-6.825000000000001205e-03,5.156249999999999722e-02
-6.800000000000000488e-03,5.156249999999999722e-02
-6.774999999999999772e-03,5.249999999999999806e-02
-6.749999999999999056e-03,5.187500000000000444e-02
-6.725000000000001810e-03,5.156249999999999722e-02
-6.700000000000001094e-03,5.156249999999999722e-02
-6.675000000000000377e-03,5.156249999999999722e-02
-6.649999999999999661e-03,5.125000000000000389e-02
-6.624999999999998945e-03,5.156249999999999722e-02
-6.600000000000001699e-03,5.218749999999999778e-02
-6.575000000000000983e-03,5.218749999999999778e-02
-6.550000000000000266e-03,5.156249999999999722e-02
-6.524999999999999550e-03,5.125000000000000389e-02
-6.499999999999998834e-03,5.156249999999999722e-02
-6.475000000000001588e-03,5.187500000000000444e-02
-6.450000000000000872e-03,5.093749999999999667e-02
-6.425000000000000155e-03,5.125000000000000389e-02
-6.399999999999999439e-03,5.281249999999999833e-02
-6.375000000000002193e-03,5.093749999999999667e-02
-6.350000000000001477e-03,5.218749999999999778e-02
-6.325000000000000761e-03,5.218749999999999778e-02
-6.300000000000000044e-03,5.156249999999999722e-02
-6.274999999999999328e-03,5.187500000000000444e-02
-6.250000000000002082e-03,5.156249999999999722e-02
-6.225000000000001366e-03,5.218749999999999778e-02
-6.200000000000000649e-03,5.187500000000000444e-02
-6.174999999999999933e-03,5.062500000000000333e-02
-6.149999999999999217e-03,5.156249999999999722e-02
-6.125000000000001971e-03,5.281249999999999833e-02
-6.100000000000001255e-03,5.218749999999999778e-02
-6.075000000000000538e-03,5.218749999999999778e-02
-6.049999999999999822e-03,5.156249999999999722e-02
-6.024999999999999106e-03,5.187500000000000444e-02
-6.000000000000001860e-03,5.187500000000000444e-02
-5.975000000000001144e-03,5.218749999999999778e-02
-5.950000000000000427e-03,5.218749999999999778e-02
-5.924999999999999711e-03,5.218749999999999778e-02
-5.899999999999998995e-03,5.218749999999999778e-02
-5.875000000000001749e-03,5.187500000000000444e-02
-5.850000000000001033e-03,5.156249999999999722e-02
-5.825000000000000316e-03,5.187500000000000444e-02
-5.799999999999999600e-03,5.249999999999999806e-02
-5.774999999999998884e-03,5.249999999999999806e-02
-5.750000000000001638e-03,5.156249999999999722e-02
-5.725000000000000921e-03,5.156249999999999722e-02
-5.700000000000000205e-03,5.187500000000000444e-02
-5.674999999999999489e-03,5.249999999999999806e-02
-5.649999999999998773e-03,5.187500000000000444e-02
-5.625000000000001527e-03,5.249999999999999806e-02
-5.600000000000000810e-03,5.218749999999999778e-02
-5.575000000000000094e-03,5.249999999999999806e-02
-5.549999999999999378e-03,5.218749999999999778e-02
-5.525000000000002132e-03,5.312499999999999861e-02
-5.500000000000001416e-03,5.187500000000000444e-02
-5.475000000000000699e-03,5.281249999999999833e-02
-5.449999999999999983e-03,5.125000000000000389e-02
-5.424999999999999267e-03,5.249999999999999806e-02
-5.400000000000002021e-03,5.218749999999999778e-02
-5.375000000000001305e-03,5.156249999999999722e-02
-5.350000000000000588e-03,5.187500000000000444e-02
-5.324999999999999872e-03,5.249999999999999806e-02
-5.299999999999999156e-03,5.187500000000000444e-02
-5.275000000000001910e-03,5.156249999999999722e-02
-5.250000000000001193e-03,5.218749999999999778e-02
-5.225000000000000477e-03,5.281249999999999833e-02
-5.199999999999999761e-03,5.156249999999999722e-02
-5.174999999999999045e-03,5.249999999999999806e-02
-5.150000000000001799e-03,5.093749999999999667e-02
-5.125000000000001082e-03,5.156249999999999722e-02
-5.100000000000000366e-03,5.281249999999999833e-02
-5.074999999999999650e-03,5.218749999999999778e-02
-5.049999999999998934e-03,5.125000000000000389e-02
-5.025000000000001688e-03,5.249999999999999806e-02
-5.000000000000000971e-03,5.187500000000000444e-02
-4.975000000000000255e-03,5.312499999999999861e-02
-4.949999999999999539e-03,5.156249999999999722e-02
-4.924999999999998823e-03,5.156249999999999722e-02
-4.900000000000001577e-03,5.249999999999999806e-02
-4.875000000000000860e-03,5.281249999999999833e-02
-4.850000000000000144e-03,5.249999999999999806e-02
-4.824999999999999428e-03,5.125000000000000389e-02
-4.799999999999998712e-03,5.312499999999999861e-02
-4.775000000000001465e-03,5.249999999999999806e-02
-4.750000000000000749e-03,5.218749999999999778e-02
-4.725000000000000033e-03,5.187500000000000444e-02
-4.699999999999999317e-03,5.093749999999999667e-02
-4.675000000000002071e-03,5.156249999999999722e-02
-4.650000000000001354e-03,5.281249999999999833e-02
-4.625000000000000638e-03,5.156249999999999722e-02
-4.599999999999999922e-03,5.156249999999999722e-02
-4.574999999999999206e-03,5.281249999999999833e-02
-4.550000000000001960e-03,5.218749999999999778e-02
-4.525000000000001243e-03,5.125000000000000389e-02
-4.500000000000000527e-03,5.312499999999999861e-02
-4.474999999999999811e-03,5.218749999999999778e-02
-4.449999999999999095e-03,5.249999999999999806e-02
-4.425000000000001849e-03,5.156249999999999722e-02
-4.400000000000001132e-03,5.156249999999999722e-02
-4.375000000000000416e-03,5.218749999999999778e-02
-4.349999999999999700e-03,5.093749999999999667e-02
-4.324999999999998984e-03,5.156249999999999722e-02
-4.300000000000001737e-03,5.156249999999999722e-02
-4.275000000000001021e-03,5.249999999999999806e-02
-4.250000000000000305e-03,5.218749999999999778e-02
-4.224999999999999589e-03,5.093749999999999667e-02
-4.199999999999998873e-03,5.187500000000000444e-02
-4.175000000000001626e-03,5.062500000000000333e-02
-4.150000000000000910e-03,5.218749999999999778e-02
-4.125000000000000194e-03,5.249999999999999806e-02
-4.099999999999999478e-03,5.156249999999999722e-02
-4.074999999999998762e-03,5.218749999999999778e-02
-4.050000000000001515e-03,5.156249999999999722e-02
-4.025000000000000799e-03,5.187500000000000444e-02
-4.000000000000000083e-03,5.187500000000000444e-02
-3.974999999999999367e-03,5.187500000000000444e-02
-3.949999999999998651e-03,5.249999999999999806e-02
-3.925000000000001404e-03,5.218749999999999778e-02
-3.900000000000000688e-03,5.187500000000000444e-02
-3.874999999999999972e-03,5.218749999999999778e-02
-3.849999999999999256e-03,5.156249999999999722e-02
-3.825000000000002010e-03,5.187500000000000444e-02
-3.800000000000001293e-03,5.187500000000000444e-02
-3.775000000000000577e-03,5.187500000000000444e-02
-3.749999999999999861e-03,5.156249999999999722e-02
-3.724999999999999145e-03,5.218749999999999778e-02
-3.700000000000001898e-03,5.312499999999999861e-02
-3.675000000000001182e-03,5.249999999999999806e-02
-3.650000000000000466e-03,5.125000000000000389e-02
-3.624999999999999750e-03,5.062500000000000333e-02
-3.599999999999999034e-03,5.218749999999999778e-02
-3.575000000000001787e-03,5.249999999999999806e-02
-3.550000000000001071e-03,5.218749999999999778e-02
-3.525000000000000355e-03,5.249999999999999806e-02
-3.499999999999999639e-03,5.218749999999999778e-02
-3.474999999999998923e-03,5.218749999999999778e-02
-3.450000000000001676e-03,5.125000000000000389e-02
-3.425000000000000960e-03,5.187500000000000444e-02
-3.400000000000000244e-03,5.156249999999999722e-02
-3.374999999999999528e-03,5.125000000000000389e-02
-3.349999999999998812e-03,5.156249999999999722e-02
-3.325000000000001565e-03,5.156249999999999722e-02
-3.300000000000000849e-03,5.281249999999999833e-02
-3.275000000000000133e-03,5.156249999999999722e-02
-3.249999999999999417e-03,5.187500000000000444e-02
-3.224999999999998701e-03,5.156249999999999722e-02
-3.200000000000001454e-03,5.218749999999999778e-02
-3.175000000000000738e-03,5.156249999999999722e-02
-3.150000000000000022e-03,5.249999999999999806e-02
-3.124999999999999306e-03,5.218749999999999778e-02
-3.100000000000002059e-03,5.218749999999999778e-02
-3.075000000000001343e-03,5.156249999999999722e-02
-3.050000000000000627e-03,5.156249999999999722e-02
-3.024999999999999911e-03,5.093749999999999667e-02
-2.999999999999999195e-03,5.156249999999999722e-02
-2.975000000000001948e-03,5.218749999999999778e-02
-2.950000000000001232e-03,5.093749999999999667e-02
-2.925000000000000516e-03,5.249999999999999806e-02
-2.899999999999999800e-03,5.187500000000000444e-02
-2.874999999999999084e-03,5.093749999999999667e-02
-2.850000000000001837e-03,5.187500000000000444e-02
-2.825000000000001121e-03,5.249999999999999806e-02
-2.800000000000000405e-03,5.187500000000000444e-02
-2.774999999999999689e-03,5.187500000000000444e-02
-2.749999999999998973e-03,5.218749999999999778e-02
-2.725000000000001726e-03,5.093749999999999667e-02
-2.700000000000001010e-03,5.156249999999999722e-02
-2.675000000000000294e-03,5.156249999999999722e-02
-2.649999999999999578e-03,5.156249999999999722e-02
-2.624999999999998862e-03,5.156249999999999722e-02
-2.600000000000001615e-03,5.062500000000000333e-02
-2.575000000000000899e-03,5.125000000000000389e-02
-2.550000000000000183e-03,5.218749999999999778e-02
-2.524999999999999467e-03,5.156249999999999722e-02
-2.499999999999998751e-03,5.187500000000000444e-02
-2.475000000000001504e-03,5.218749999999999778e-02
-2.450000000000000788e-03,5.187500000000000444e-02
-2.425000000000000072e-03,5.218749999999999778e-02
-2.399999999999999356e-03,5.218749999999999778e-02
-2.374999999999998640e-03,5.125000000000000389e-02
-2.350000000000001393e-03,5.125000000000000389e-02
-2.325000000000000677e-03,5.093749999999999667e-02
-2.299999999999999961e-03,5.187500000000000444e-02
-2.274999999999999245e-03,5.156249999999999722e-02
-2.250000000000001998e-03,5.187500000000000444e-02
-2.225000000000001282e-03,5.156249999999999722e-02
-2.200000000000000566e-03,5.125000000000000389e-02
-2.174999999999999850e-03,5.156249999999999722e-02
-2.149999999999999134e-03,5.156249999999999722e-02
-2.125000000000001887e-03,5.187500000000000444e-02
-2.100000000000001171e-03,5.187500000000000444e-02
-2.075000000000000455e-03,5.156249999999999722e-02
-2.049999999999999739e-03,5.031249999999999611e-02
-2.024999999999999023e-03,5.125000000000000389e-02
-2.000000000000001776e-03,5.218749999999999778e-02
-1.975000000000001060e-03,5.156249999999999722e-02
-1.950000000000000344e-03,5.156249999999999722e-02
-1.924999999999999628e-03,5.156249999999999722e-02
-1.899999999999998912e-03,5.187500000000000444e-02
-1.875000000000001665e-03,5.249999999999999806e-02
-1.850000000000000949e-03,5.093749999999999667e-02
-1.825000000000000233e-03,5.156249999999999722e-02
-1.799999999999999517e-03,5.281249999999999833e-02
-1.774999999999998801e-03,5.156249999999999722e-02
-1.750000000000001554e-03,5.093749999999999667e-02
-1.725000000000000838e-03,5.187500000000000444e-02
-1.700000000000000122e-03,5.125000000000000389e-02
-1.674999999999999406e-03,5.218749999999999778e-02
-1.649999999999998690e-03,5.156249999999999722e-02
-1.625000000000001443e-03,5.156249999999999722e-02
-1.600000000000000727e-03,5.187500000000000444e-02
-1.575000000000000011e-03,5.249999999999999806e-02
-1.549999999999999295e-03,5.187500000000000444e-02
-1.524999999999998579e-03,5.125000000000000389e-02
-1.500000000000001332e-03,5.093749999999999667e-02
-1.475000000000000616e-03,5.125000000000000389e-02
-1.449999999999999900e-03,5.249999999999999806e-02
-1.424999999999999184e-03,5.187500000000000444e-02
-1.400000000000001937e-03,5.156249999999999722e-02
-1.375000000000001221e-03,5.125000000000000389e-02
-1.350000000000000505e-03,5.156249999999999722e-02
-1.324999999999999789e-03,5.218749999999999778e-02
-1.299999999999999073e-03,5.218749999999999778e-02
-1.275000000000001826e-03,5.249999999999999806e-02
-1.250000000000001110e-03,5.249999999999999806e-02
-1.225000000000000394e-03,5.156249999999999722e-02
-1.199999999999999678e-03,5.218749999999999778e-02
-1.174999999999998962e-03,5.187500000000000444e-02
-1.150000000000001715e-03,5.249999999999999806e-02
-1.125000000000000999e-03,5.249999999999999806e-02
-1.100000000000000283e-03,5.156249999999999722e-02
-1.074999999999999567e-03,5.156249999999999722e-02
-1.049999999999998851e-03,5.187500000000000444e-02
-1.025000000000001604e-03,5.187500000000000444e-02
-1.000000000000000888e-03,5.156249999999999722e-02
-9.750000000000001721e-04,5.187500000000000444e-02
-9.499999999999994560e-04,5.093749999999999667e-02
-9.249999999999987399e-04,5.187500000000000444e-02
-9.000000000000014932e-04,5.218749999999999778e-02
-8.750000000000007772e-04,5.156249999999999722e-02
-8.500000000000000611e-04,5.187500000000000444e-02
-8.249999999999993450e-04,5.187500000000000444e-02
-7.999999999999986289e-04,5.218749999999999778e-02
-7.750000000000013822e-04,5.218749999999999778e-02
-7.500000000000006661e-04,5.249999999999999806e-02
-7.249999999999999500e-04,5.218749999999999778e-02
-6.999999999999992339e-04,5.156249999999999722e-02
-6.749999999999985179e-04,5.156249999999999722e-02
-6.500000000000012712e-04,5.218749999999999778e-02
-6.250000000000005551e-04,5.249999999999999806e-02
-5.999999999999998390e-04,5.125000000000000389e-02
-5.749999999999991229e-04,5.187500000000000444e-02
-5.500000000000018763e-04,5.187500000000000444e-02
-5.250000000000011602e-04,5.156249999999999722e-02
-5.000000000000004441e-04,5.218749999999999778e-02
-4.749999999999997280e-04,5.281249999999999833e-02
-4.499999999999990119e-04,5.249999999999999806e-02
-4.250000000000017653e-04,5.218749999999999778e-02
-4.000000000000010492e-04,5.249999999999999806e-02
-3.750000000000003331e-04,5.187500000000000444e-02
-3.499999999999996170e-04,5.156249999999999722e-02
-3.249999999999989009e-04,5.218749999999999778e-02
-3.000000000000016542e-04,5.249999999999999806e-02
-2.750000000000009381e-04,5.156249999999999722e-02
-2.500000000000002220e-04,5.187500000000000444e-02
-2.249999999999995060e-04,5.187500000000000444e-02
-1.999999999999987899e-04,5.218749999999999778e-02
-1.750000000000015432e-04,5.249999999999999806e-02
-1.500000000000008271e-04,5.125000000000000389e-02
-1.250000000000001110e-04,5.218749999999999778e-02
-9.999999999999939493e-05,5.249999999999999806e-02
-7.499999999999867883e-05,5.218749999999999778e-02
-5.000000000000143219e-05,5.093749999999999667e-02
-2.500000000000071609e-05,5.187500000000000444e-02
0.000000000000000000e+00,5.187500000000000444e-02
2.500000000000071609e-05,5.156249999999999722e-02
5.000000000000143219e-05,5.218749999999999778e-02
7.499999999999867883e-05,5.187500000000000444e-02
9.999999999999939493e-05,5.218749999999999778e-02
1.250000000000001110e-04,5.187500000000000444e-02
1.500000000000008271e-04,5.249999999999999806e-02
1.750000000000015432e-04,5.187500000000000444e-02
1.999999999999987899e-04,5.218749999999999778e-02
2.249999999999995060e-04,5.218749999999999778e-02
2.500000000000002220e-04,5.249999999999999806e-02
2.750000000000009381e-04,5.249999999999999806e-02
2.999999999999981848e-04,5.156249999999999722e-02
3.249999999999989009e-04,5.187500000000000444e-02
3.499999999999996170e-04,5.093749999999999667e-02
3.750000000000003331e-04,5.187500000000000444e-02
4.000000000000010492e-04,5.125000000000000389e-02
4.249999999999982958e-04,5.249999999999999806e-02
4.499999999999990119e-04,5.156249999999999722e-02
4.749999999999997280e-04,5.125000000000000389e-02
5.000000000000004441e-04,5.187500000000000444e-02
5.250000000000011602e-04,5.187500000000000444e-02
5.499999999999984068e-04,5.156249999999999722e-02
5.749999999999991229e-04,5.281249999999999833e-02
5.999999999999998390e-04,5.218749999999999778e-02
6.250000000000005551e-04,5.218749999999999778e-02
6.500000000000012712e-04,5.156249999999999722e-02
6.749999999999985179e-04,5.156249999999999722e-02
6.999999999999992339e-04,5.156249999999999722e-02
7.249999999999999500e-04,5.125000000000000389e-02
7.500000000000006661e-04,5.062500000000000333e-02
7.750000000000013822e-04,5.156249999999999722e-02
7.999999999999986289e-04,5.125000000000000389e-02
8.249999999999993450e-04,5.187500000000000444e-02
8.500000000000000611e-04,5.062500000000000333e-02
8.750000000000007772e-04,5.156249999999999722e-02
9.000000000000014932e-04,5.062500000000000333e-02
9.249999999999987399e-04,5.187500000000000444e-02
9.499999999999994560e-04,5.281249999999999833e-02
9.750000000000001721e-04,5.187500000000000444e-02
1.000000000000000888e-03,5.156249999999999722e-02
1.024999999999998135e-03,5.281249999999999833e-02
1.049999999999998851e-03,5.187500000000000444e-02
1.074999999999999567e-03,5.187500000000000444e-02
1.100000000000000283e-03,5.218749999999999778e-02
1.125000000000000999e-03,5.125000000000000389e-02
1.149999999999998246e-03,5.031249999999999611e-02
1.174999999999998962e-03,5.249999999999999806e-02
1.199999999999999678e-03,5.218749999999999778e-02
1.225000000000000394e-03,5.187500000000000444e-02
1.250000000000001110e-03,5.187500000000000444e-02
1.274999999999998357e-03,5.062500000000000333e-02
1.299999999999999073e-03,5.031249999999999611e-02
1.324999999999999789e-03,5.156249999999999722e-02
1.350000000000000505e-03,5.093749999999999667e-02
1.375000000000001221e-03,5.093749999999999667e-02
1.399999999999998468e-03,5.281249999999999833e-02
1.424999999999999184e-03,5.249999999999999806e-02
1.449999999999999900e-03,5.125000000000000389e-02
1.475000000000000616e-03,5.249999999999999806e-02
1.500000000000001332e-03,5.125000000000000389e-02
1.524999999999998579e-03,5.156249999999999722e-02
1.549999999999999295e-03,5.156249999999999722e-02
1.575000000000000011e-03,5.218749999999999778e-02
1.600000000000000727e-03,5.125000000000000389e-02
1.625000000000001443e-03,5.218749999999999778e-02
1.649999999999998690e-03,5.156249999999999722e-02
1.674999999999999406e-03,5.125000000000000389e-02
1.700000000000000122e-03,5.093749999999999667e-02
1.725000000000000838e-03,5.156249999999999722e-02
1.750000000000001554e-03,5.125000000000000389e-02
1.774999999999998801e-03,5.249999999999999806e-02
1.799999999999999517e-03,5.187500000000000444e-02
1.825000000000000233e-03,5.125000000000000389e-02
1.850000000000000949e-03,5.187500000000000444e-02
1.874999999999998196e-03,5.187500000000000444e-02
1.899999999999998912e-03,5.093749999999999667e-02
1.924999999999999628e-03,5.125000000000000389e-02
1.950000000000000344e-03,5.187500000000000444e-02
1.975000000000001060e-03,5.062500000000000333e-02
1.999999999999998307e-03,5.187500000000000444e-02
2.024999999999999023e-03,5.093749999999999667e-02
2.049999999999999739e-03,5.249999999999999806e-02
2.075000000000000455e-03,5.031249999999999611e-02
2.100000000000001171e-03,4.968749999999999556e-02
2.124999999999998418e-03,5.187500000000000444e-02
2.149999999999999134e-03,5.156249999999999722e-02
2.174999999999999850e-03,5.125000000000000389e-02
2.200000000000000566e-03,5.062500000000000333e-02
2.225000000000001282e-03,4.968749999999999556e-02
2.249999999999998529e-03,5.187500000000000444e-02
2.274999999999999245e-03,5.156249999999999722e-02
2.299999999999999961e-03,5.218749999999999778e-02
2.325000000000000677e-03,5.156249999999999722e-02
2.350000000000001393e-03,5.187500000000000444e-02
2.374999999999998640e-03,5.312499999999999861e-02
2.399999999999999356e-03,5.312499999999999861e-02
2.425000000000000072e-03,5.125000000000000389e-02
2.450000000000000788e-03,5.125000000000000389e-02
2.475000000000001504e-03,5.187500000000000444e-02
2.499999999999998751e-03,5.249999999999999806e-02
2.524999999999999467e-03,5.156249999999999722e-02
2.550000000000000183e-03,5.187500000000000444e-02
2.575000000000000899e-03,5.281249999999999833e-02
2.600000000000001615e-03,5.125000000000000389e-02
2.624999999999998862e-03,5.093749999999999667e-02
2.649999999999999578e-03,5.125000000000000389e-02
2.675000000000000294e-03,5.187500000000000444e-02
2.700000000000001010e-03,5.093749999999999667e-02
2.724999999999998257e-03,5.093749999999999667e-02
2.749999999999998973e-03,5.125000000000000389e-02
2.774999999999999689e-03,5.156249999999999722e-02
2.800000000000000405e-03,5.156249999999999722e-02
2.825000000000001121e-03,5.187500000000000444e-02
2.849999999999998368e-03,5.156249999999999722e-02
2.874999999999999084e-03,5.093749999999999667e-02
2.899999999999999800e-03,5.093749999999999667e-02
2.925000000000000516e-03,5.093749999999999667e-02
2.950000000000001232e-03,5.218749999999999778e-02
2.974999999999998479e-03,5.218749999999999778e-02
2.999999999999999195e-03,5.187500000000000444e-02
3.024999999999999911e-03,5.218749999999999778e-02
3.050000000000000627e-03,5.062500000000000333e-02
3.075000000000001343e-03,5.187500000000000444e-02
3.099999999999998590e-03,5.156249999999999722e-02
3.124999999999999306e-03,5.031249999999999611e-02
3.150000000000000022e-03,5.093749999999999667e-02
3.175000000000000738e-03,5.062500000000000333e-02
3.200000000000001454e-03,5.187500000000000444e-02
3.224999999999998701e-03,5.187500000000000444e-02
3.249999999999999417e-03,5.187500000000000444e-02
3.275000000000000133e-03,5.249999999999999806e-02
3.300000000000000849e-03,5.218749999999999778e-02
3.325000000000001565e-03,5.093749999999999667e-02
3.349999999999998812e-03,5.062500000000000333e-02
3.374999999999999528e-03,5.249999999999999806e-02
3.400000000000000244e-03,5.156249999999999722e-02
3.425000000000000960e-03,5.062500000000000333e-02
3.450000000000001676e-03,5.125000000000000389e-02
3.474999999999998923e-03,5.093749999999999667e-02
3.499999999999999639e-03,5.187500000000000444e-02
3.525000000000000355e-03,5.125000000000000389e-02
3.550000000000001071e-03,5.125000000000000389e-02
3.574999999999998318e-03,5.031249999999999611e-02
3.599999999999999034e-03,5.125000000000000389e-02
3.624999999999999750e-03,5.156249999999999722e-02
3.650000000000000466e-03,5.031249999999999611e-02
3.675000000000001182e-03,5.187500000000000444e-02
3.699999999999998429e-03,5.187500000000000444e-02
3.724999999999999145e-03,5.093749999999999667e-02
3.749999999999999861e-03,5.125000000000000389e-02
3.775000000000000577e-03,5.281249999999999833e-02
3.800000000000001293e-03,5.156249999999999722e-02
3.824999999999998540e-03,5.249999999999999806e-02
3.849999999999999256e-03,5.062500000000000333e-02
3.874999999999999972e-03,5.093749999999999667e-02
3.900000000000000688e-03,5.125000000000000389e-02
3.925000000000001404e-03,5.218749999999999778e-02
3.949999999999998651e-03,5.187500000000000444e-02
3.974999999999999367e-03,5.156249999999999722e-02
4.000000000000000083e-03,5.093749999999999667e-02
4.025000000000000799e-03,5.187500000000000444e-02
4.050000000000001515e-03,5.125000000000000389e-02
4.074999999999998762e-03,5.156249999999999722e-02
4.099999999999999478e-03,5.062500000000000333e-02
4.125000000000000194e-03,5.187500000000000444e-02
4.150000000000000910e-03,5.156249999999999722e-02
4.175000000000001626e-03,5.093749999999999667e-02
4.199999999999998873e-03,5.093749999999999667e-02
4.224999999999999589e-03,5.187500000000000444e-02
4.250000000000000305e-03,5.218749999999999778e-02
4.275000000000001021e-03,5.218749999999999778e-02
4.300000000000001737e-03,5.093749999999999667e-02
4.324999999999998984e-03,5.125000000000000389e-02
4.349999999999999700e-03,5.156249999999999722e-02
4.375000000000000416e-03,5.156249999999999722e-02
4.400000000000001132e-03,5.156249999999999722e-02
4.424999999999998379e-03,5.187500000000000444e-02
4.449999999999999095e-03,5.093749999999999667e-02
4.474999999999999811e-03,5.249999999999999806e-02
4.500000000000000527e-03,5.093749999999999667e-02
4.525000000000001243e-03,5.125000000000000389e-02
4.549999999999998490e-03,5.093749999999999667e-02
4.574999999999999206e-03,5.187500000000000444e-02
4.599999999999999922e-03,5.125000000000000389e-02
4.625000000000000638e-03,5.249999999999999806e-02
4.650000000000001354e-03,5.156249999999999722e-02
4.674999999999998601e-03,5.187500000000000444e-02
4.699999999999999317e-03,5.125000000000000389e-02
4.725000000000000033e-03,5.249999999999999806e-02
4.750000000000000749e-03,5.125000000000000389e-02
4.775000000000001465e-03,5.187500000000000444e-02
4.799999999999998712e-03,5.125000000000000389e-02
4.824999999999999428e-03,5.187500000000000444e-02
4.850000000000000144e-03,5.093749999999999667e-02
4.875000000000000860e-03,5.187500000000000444e-02
4.900000000000001577e-03,5.125000000000000389e-02
4.924999999999998823e-03,5.312499999999999861e-02
4.949999999999999539e-03,5.281249999999999833e-02
4.975000000000000255e-03,5.093749999999999667e-02
5.000000000000000971e-03,5.249999999999999806e-02
5.025000000000001688e-03,5.218749999999999778e-02
5.049999999999998934e-03,5.281249999999999833e-02
5.074999999999999650e-03,5.218749999999999778e-02
5.100000000000000366e-03,5.281249999999999833e-02
5.125000000000001082e-03,5.249999999999999806e-02
5.149999999999998329e-03,5.187500000000000444e-02
5.174999999999999045e-03,5.187500000000000444e-02
5.199999999999999761e-03,5.249999999999999806e-02
5.225000000000000477e-03,5.187500000000000444e-02
5.250000000000001193e-03,5.156249999999999722e-02
5.274999999999998440e-03,5.156249999999999722e-02
5.299999999999999156e-03,5.125000000000000389e-02
5.324999999999999872e-03,5.125000000000000389e-02
5.350000000000000588e-03,5.187500000000000444e-02
5.375000000000001305e-03,5.249999999999999806e-02
5.399999999999998551e-03,5.281249999999999833e-02
5.424999999999999267e-03,5.156249999999999722e-02
5.449999999999999983e-03,5.218749999999999778e-02
5.475000000000000699e-03,5.187500000000000444e-02
5.500000000000001416e-03,5.187500000000000444e-02
5.524999999999998662e-03,5.218749999999999778e-02
5.549999999999999378e-03,5.281249999999999833e-02
5.575000000000000094e-03,5.218749999999999778e-02
5.600000000000000810e-03,5.249999999999999806e-02
5.625000000000001527e-03,5.125000000000000389e-02
5.649999999999998773e-03,5.218749999999999778e-02
5.674999999999999489e-03,5.156249999999999722e-02
5.700000000000000205e-03,5.218749999999999778e-02
5.725000000000000921e-03,5.187500000000000444e-02
5.750000000000001638e-03,5.218749999999999778e-02
5.774999999999998884e-03,5.156249999999999722e-02
5.799999999999999600e-03,5.187500000000000444e-02
5.825000000000000316e-03,5.093749999999999667e-02
5.850000000000001033e-03,5.156249999999999722e-02
5.875000000000001749e-03,5.093749999999999667e-02
5.899999999999998995e-03,5.156249999999999722e-02
5.924999999999999711e-03,5.125000000000000389e-02
5.950000000000000427e-03,5.249999999999999806e-02
5.975000000000001144e-03,5.125000000000000389e-02
5.999999999999998390e-03,5.156249999999999722e-02
6.024999999999999106e-03,5.218749999999999778e-02
6.049999999999999822e-03,5.187500000000000444e-02
6.075000000000000538e-03,5.249999999999999806e-02
6.100000000000001255e-03,5.249999999999999806e-02
6.124999999999998501e-03,5.156249999999999722e-02
6.149999999999999217e-03,5.343749999999999889e-02
6.174999999999999933e-03,5.125000000000000389e-02
6.200000000000000649e-03,5.312499999999999861e-02
6.225000000000001366e-03,5.156249999999999722e-02
6.249999999999998612e-03,5.281249999999999833e-02
6.275000000000002798e-03,5.218749999999999778e-02
6.300000000000000044e-03,5.218749999999999778e-02
6.324999999999997291e-03,5.187500000000000444e-02
6.350000000000001477e-03,5.187500000000000444e-02
6.374999999999998723e-03,5.281249999999999833e-02
6.400000000000002909e-03,5.125000000000000389e-02
6.425000000000000155e-03,5.249999999999999806e-02
6.449999999999997402e-03,5.187500000000000444e-02
6.475000000000001588e-03,5.218749999999999778e-02
6.499999999999998834e-03,5.312499999999999861e-02
6.525000000000003020e-03,5.281249999999999833e-02
6.550000000000000266e-03,5.281249999999999833e-02
6.574999999999997513e-03,5.343749999999999889e-02
6.600000000000001699e-03,5.156249999999999722e-02
6.624999999999998945e-03,5.218749999999999778e-02
6.650000000000003131e-03,5.281249999999999833e-02
6.675000000000000377e-03,5.218749999999999778e-02
6.699999999999997624e-03,5.249999999999999806e-02
6.725000000000001810e-03,5.249999999999999806e-02
6.749999999999999056e-03,5.187500000000000444e-02
6.775000000000003242e-03,5.187500000000000444e-02
6.800000000000000488e-03,5.218749999999999778e-02
6.824999999999997735e-03,5.312499999999999861e-02
6.850000000000001921e-03,5.249999999999999806e-02
6.874999999999999167e-03,5.374999999999999917e-02
6.900000000000003353e-03,5.031249999999999611e-02
6.925000000000000600e-03,5.249999999999999806e-02
6.949999999999997846e-03,5.249999999999999806e-02
6.975000000000002032e-03,5.218749999999999778e-02
6.999999999999999278e-03,5.187500000000000444e-02
7.025000000000003464e-03,5.218749999999999778e-02
7.050000000000000711e-03,5.125000000000000389e-02
7.074999999999997957e-03,5.218749999999999778e-02
7.100000000000002143e-03,5.218749999999999778e-02
7.124999999999999389e-03,5.249999999999999806e-02
7.150000000000003575e-03,5.156249999999999722e-02
7.175000000000000822e-03,5.187500000000000444e-02
7.199999999999998068e-03,5.218749999999999778e-02
7.225000000000002254e-03,5.156249999999999722e-02
7.249999999999999500e-03,5.125000000000000389e-02
7.274999999999996747e-03,5.156249999999999722e-02
7.300000000000000933e-03,5.187500000000000444e-02
7.324999999999998179e-03,5.218749999999999778e-02
7.350000000000002365e-03,5.281249999999999833e-02
7.374999999999999611e-03,5.156249999999999722e-02
7.399999999999996858e-03,5.093749999999999667e-02
7.425000000000001044e-03,5.156249999999999722e-02
7.449999999999998290e-03,5.187500000000000444e-02
7.475000000000002476e-03,5.187500000000000444e-02
7.499999999999999722e-03,5.156249999999999722e-02
7.524999999999996969e-03,5.156249999999999722e-02
7.550000000000001155e-03,5.187500000000000444e-02
7.574999999999998401e-03,5.125000000000000389e-02
7.600000000000002587e-03,5.218749999999999778e-02
7.624999999999999833e-03,5.281249999999999833e-02
7.649999999999997080e-03,5.156249999999999722e-02
7.675000000000001266e-03,5.093749999999999667e-02
7.699999999999998512e-03,5.187500000000000444e-02
7.725000000000002698e-03,5.187500000000000444e-02
7.749999999999999944e-03,5.218749999999999778e-02
7.774999999999997191e-03,5.218749999999999778e-02
7.800000000000001377e-03,5.187500000000000444e-02
7.824999999999998623e-03,5.187500000000000444e-02
7.850000000000002809e-03,5.187500000000000444e-02
7.875000000000000056e-03,5.218749999999999778e-02
7.899999999999997302e-03,5.187500000000000444e-02
7.925000000000001488e-03,5.156249999999999722e-02
7.949999999999998734e-03,5.156249999999999722e-02
7.975000000000002920e-03,5.156249999999999722e-02
8.000000000000000167e-03,5.187500000000000444e-02
8.024999999999997413e-03,5.218749999999999778e-02
8.050000000000001599e-03,5.187500000000000444e-02
8.074999999999998845e-03,5.156249999999999722e-02
8.100000000000003031e-03,5.187500000000000444e-02
8.125000000000000278e-03,5.156249999999999722e-02
8.149999999999997524e-03,5.187500000000000444e-02
8.175000000000001710e-03,5.156249999999999722e-02
8.199999999999998956e-03,5.249999999999999806e-02
8.225000000000003142e-03,5.218749999999999778e-02
8.250000000000000389e-03,5.062500000000000333e-02
8.274999999999997635e-03,5.187500000000000444e-02
8.300000000000001821e-03,5.249999999999999806e-02
8.324999999999999067e-03,5.156249999999999722e-02
8.350000000000003253e-03,5.156249999999999722e-02
8.375000000000000500e-03,5.156249999999999722e-02
8.399999999999997746e-03,5.156249999999999722e-02
8.425000000000001932e-03,5.093749999999999667e-02
8.449999999999999178e-03,5.156249999999999722e-02
8.475000000000003364e-03,5.187500000000000444e-02
8.500000000000000611e-03,5.187500000000000444e-02
8.524999999999997857e-03,5.125000000000000389e-02
8.550000000000002043e-03,5.093749999999999667e-02
8.574999999999999289e-03,5.062500000000000333e-02
8.600000000000003475e-03,5.218749999999999778e-02
8.625000000000000722e-03,5.125000000000000389e-02
8.649999999999997968e-03,5.156249999999999722e-02
8.675000000000002154e-03,5.156249999999999722e-02
8.699999999999999400e-03,5.187500000000000444e-02
8.725000000000003586e-03,5.156249999999999722e-02
8.750000000000000833e-03,5.031249999999999611e-02
8.774999999999998079e-03,5.187500000000000444e-02
8.800000000000002265e-03,5.218749999999999778e-02
8.824999999999999512e-03,5.218749999999999778e-02
8.850000000000003697e-03,5.156249999999999722e-02
8.875000000000000944e-03,5.031249999999999611e-02
8.899999999999998190e-03,5.125000000000000389e-02
8.925000000000002376e-03,5.156249999999999722e-02
8.949999999999999623e-03,5.187500000000000444e-02
8.974999999999996869e-03,5.062500000000000333e-02
9.000000000000001055e-03,5.125000000000000389e-02
9.024999999999998301e-03,5.125000000000000389e-02
9.050000000000002487e-03,5.187500000000000444e-02
9.074999999999999734e-03,5.093749999999999667e-02
9.099999999999996980e-03,5.093749999999999667e-02
9.125000000000001166e-03,5.062500000000000333e-02
9.149999999999998412e-03,5.093749999999999667e-02
9.175000000000002598e-03,5.093749999999999667e-02
9.199999999999999845e-03,5.031249999999999611e-02
9.224999999999997091e-03,5.093749999999999667e-02
9.250000000000001277e-03,5.062500000000000333e-02
9.274999999999998523e-03,5.062500000000000333e-02
9.300000000000002709e-03,5.062500000000000333e-02
9.324999999999999956e-03,5.156249999999999722e-02
9.349999999999997202e-03,5.062500000000000333e-02
9.375000000000001388e-03,5.093749999999999667e-02
9.399999999999998634e-03,5.156249999999999722e-02
9.425000000000002820e-03,5.093749999999999667e-02
9.450000000000000067e-03,5.093749999999999667e-02
9.474999999999997313e-03,5.093749999999999667e-02
9.500000000000001499e-03,5.125000000000000389e-02
9.524999999999998745e-03,5.125000000000000389e-02
9.550000000000002931e-03,5.093749999999999667e-02
9.575000000000000178e-03,5.031249999999999611e-02
9.599999999999997424e-03,5.062500000000000333e-02
9.625000000000001610e-03,5.000000000000000278e-02
9.649999999999998856e-03,5.156249999999999722e-02
9.675000000000003042e-03,4.968749999999999556e-02
9.700000000000000289e-03,5.093749999999999667e-02
9.724999999999997535e-03,5.000000000000000278e-02
9.750000000000001721e-03,5.093749999999999667e-02
9.774999999999998967e-03,5.031249999999999611e-02
9.800000000000003153e-03,5.125000000000000389e-02
9.825000000000000400e-03,5.093749999999999667e-02
9.849999999999997646e-03,5.062500000000000333e-02
9.875000000000001832e-03,5.000000000000000278e-02
9.899999999999999079e-03,5.093749999999999667e-02
9.925000000000003264e-03,5.031249999999999611e-02
9.950000000000000511e-03,4.968749999999999556e-02
9.974999999999997757e-03,5.062500000000000333e-02
1.000000000000000194e-02,5.031249999999999611e-02
1.002499999999999919e-02,5.093749999999999667e-02
1.005000000000000338e-02,5.125000000000000389e-02
1.007500000000000062e-02,4.968749999999999556e-02
1.009999999999999787e-02,4.968749999999999556e-02
1.012500000000000205e-02,5.218749999999999778e-02
1.014999999999999930e-02,5.125000000000000389e-02
1.017500000000000349e-02,5.125000000000000389e-02
1.020000000000000073e-02,5.031249999999999611e-02
1.022499999999999798e-02,5.031249999999999611e-02
1.025000000000000216e-02,5.062500000000000333e-02
1.027499999999999941e-02,5.000000000000000278e-02
1.030000000000000360e-02,5.093749999999999667e-02
1.032500000000000084e-02,5.031249999999999611e-02
1.034999999999999809e-02,4.968749999999999556e-02
1.037500000000000228e-02,4.937500000000000222e-02
1.039999999999999952e-02,5.062500000000000333e-02
1.042500000000000371e-02,5.062500000000000333e-02
1.045000000000000095e-02,5.093749999999999667e-02
1.047499999999999820e-02,5.031249999999999611e-02
1.050000000000000239e-02,5.125000000000000389e-02
1.052499999999999963e-02,5.062500000000000333e-02
1.054999999999999688e-02,5.031249999999999611e-02
1.057500000000000107e-02,5.062500000000000333e-02
1.059999999999999831e-02,4.968749999999999556e-02
1.062500000000000250e-02,5.000000000000000278e-02
1.064999999999999974e-02,5.093749999999999667e-02
1.067499999999999699e-02,5.000000000000000278e-02
1.070000000000000118e-02,4.937500000000000222e-02
1.072499999999999842e-02,5.125000000000000389e-02
1.075000000000000261e-02,4.937500000000000222e-02
1.077499999999999986e-02,5.125000000000000389e-02
1.079999999999999710e-02,5.000000000000000278e-02
1.082500000000000129e-02,4.968749999999999556e-02
1.084999999999999853e-02,4.968749999999999556e-02
1.087500000000000272e-02,4.937500000000000222e-02
1.089999999999999997e-02,4.968749999999999556e-02
1.092499999999999721e-02,4.937500000000000222e-02
1.095000000000000140e-02,5.062500000000000333e-02
1.097499999999999865e-02,5.031249999999999611e-02
1.100000000000000283e-02,4.968749999999999556e-02
1.102500000000000008e-02,4.937500000000000222e-02
1.104999999999999732e-02,4.968749999999999556e-02
1.107500000000000151e-02,4.906249999999999500e-02
1.109999999999999876e-02,4.968749999999999556e-02
1.112500000000000294e-02,5.031249999999999611e-02
1.115000000000000019e-02,4.875000000000000167e-02
1.117499999999999744e-02,5.000000000000000278e-02
1.120000000000000162e-02,5.031249999999999611e-02
1.122499999999999887e-02,4.968749999999999556e-02
1.125000000000000305e-02,4.968749999999999556e-02
1.127500000000000030e-02,4.812500000000000111e-02
1.129999999999999755e-02,4.968749999999999556e-02
1.132500000000000173e-02,4.875000000000000167e-02
1.134999999999999898e-02,4.937500000000000222e-02
1.137500000000000316e-02,4.843749999999999445e-02
1.140000000000000041e-02,4.875000000000000167e-02
1.142499999999999766e-02,4.968749999999999556e-02
1.145000000000000184e-02,4.875000000000000167e-02
1.147499999999999909e-02,4.906249999999999500e-02
1.150000000000000328e-02,4.906249999999999500e-02
1.152500000000000052e-02,4.812500000000000111e-02
1.154999999999999777e-02,4.906249999999999500e-02
1.157500000000000195e-02,4.843749999999999445e-02
1.159999999999999920e-02,4.875000000000000167e-02
1.162500000000000339e-02,4.812500000000000111e-02
1.165000000000000063e-02,4.875000000000000167e-02
1.167499999999999788e-02,4.906249999999999500e-02
1.170000000000000207e-02,4.906249999999999500e-02
1.172499999999999931e-02,4.875000000000000167e-02
1.175000000000000350e-02,4.750000000000000056e-02
1.177500000000000074e-02,4.906249999999999500e-02
1.179999999999999799e-02,4.843749999999999445e-02
1.182500000000000218e-02,4.906249999999999500e-02
1.184999999999999942e-02,4.906249999999999500e-02
1.187500000000000361e-02,4.906249999999999500e-02
1.190000000000000085e-02,4.875000000000000167e-02
1.192499999999999810e-02,4.968749999999999556e-02
1.195000000000000229e-02,4.906249999999999500e-02
1.197499999999999953e-02,4.875000000000000167e-02
1.200000000000000372e-02,4.843749999999999445e-02
1.202500000000000097e-02,4.843749999999999445e-02
1.204999999999999821e-02,4.968749999999999556e-02
1.207500000000000240e-02,4.875000000000000167e-02
1.209999999999999964e-02,4.937500000000000222e-02
1.212500000000000383e-02,4.843749999999999445e-02
1.215000000000000108e-02,4.968749999999999556e-02
1.217499999999999832e-02,4.781250000000000083e-02
1.220000000000000251e-02,4.906249999999999500e-02
1.222499999999999976e-02,4.937500000000000222e-02
1.224999999999999700e-02,4.968749999999999556e-02
1.227500000000000119e-02,4.968749999999999556e-02
1.229999999999999843e-02,4.875000000000000167e-02
1.232500000000000262e-02,4.875000000000000167e-02
1.234999999999999987e-02,4.937500000000000222e-02
1.237499999999999711e-02,4.937500000000000222e-02
1.240000000000000130e-02,4.906249999999999500e-02
1.242499999999999855e-02,4.875000000000000167e-02
1.245000000000000273e-02,4.937500000000000222e-02
1.247499999999999998e-02,4.906249999999999500e-02
1.249999999999999722e-02,4.937500000000000222e-02
1.252500000000000141e-02,5.031249999999999611e-02
1.254999999999999866e-02,4.906249999999999500e-02
1.257500000000000284e-02,4.968749999999999556e-02
1.260000000000000009e-02,4.906249999999999500e-02
1.262499999999999734e-02,5.000000000000000278e-02
1.265000000000000152e-02,5.000000000000000278e-02
1.267499999999999877e-02,4.906249999999999500e-02
1.270000000000000295e-02,4.968749999999999556e-02
1.272500000000000020e-02,5.031249999999999611e-02
1.274999999999999745e-02,4.937500000000000222e-02
1.277500000000000163e-02,4.843749999999999445e-02
1.279999999999999888e-02,5.000000000000000278e-02
1.282500000000000306e-02,4.968749999999999556e-02
1.285000000000000031e-02,4.875000000000000167e-02
1.287499999999999756e-02,4.875000000000000167e-02
1.290000000000000174e-02,4.875000000000000167e-02
1.292499999999999899e-02,5.031249999999999611e-02
1.295000000000000318e-02,4.937500000000000222e-02
1.297500000000000042e-02,4.906249999999999500e-02
1.299999999999999767e-02,5.000000000000000278e-02
1.302500000000000185e-02,4.937500000000000222e-02
1.304999999999999910e-02,4.875000000000000167e-02
1.307500000000000329e-02,5.062500000000000333e-02
1.310000000000000053e-02,4.968749999999999556e-02
1.312499999999999778e-02,4.937500000000000222e-02
1.315000000000000197e-02,4.906249999999999500e-02
1.317499999999999921e-02,4.875000000000000167e-02
1.320000000000000340e-02,4.812500000000000111e-02
1.322500000000000064e-02,4.843749999999999445e-02
1.324999999999999789e-02,4.937500000000000222e-02
1.327500000000000208e-02,4.906249999999999500e-02
1.329999999999999932e-02,4.875000000000000167e-02
1.332500000000000351e-02,4.968749999999999556e-02
1.335000000000000075e-02,5.000000000000000278e-02
1.337499999999999800e-02,4.937500000000000222e-02
1.340000000000000219e-02,4.906249999999999500e-02
1.342499999999999943e-02,4.906249999999999500e-02
1.345000000000000362e-02,4.906249999999999500e-02
1.347500000000000087e-02,4.937500000000000222e-02
1.349999999999999811e-02,4.968749999999999556e-02
1.352500000000000230e-02,4.937500000000000222e-02
1.354999999999999954e-02,4.937500000000000222e-02
1.357500000000000373e-02,4.812500000000000111e-02
1.360000000000000098e-02,4.968749999999999556e-02
1.362499999999999822e-02,4.968749999999999556e-02
1.365000000000000241e-02,4.937500000000000222e-02
1.367499999999999966e-02,4.781250000000000083e-02
1.370000000000000384e-02,4.875000000000000167e-02
1.372500000000000109e-02,4.906249999999999500e-02
1.374999999999999833e-02,4.875000000000000167e-02
1.377500000000000252e-02,4.937500000000000222e-02
1.379999999999999977e-02,4.812500000000000111e-02
1.382499999999999701e-02,4.843749999999999445e-02
1.385000000000000120e-02,4.968749999999999556e-02
1.387499999999999845e-02,4.937500000000000222e-02
1.390000000000000263e-02,4.968749999999999556e-02
1.392499999999999988e-02,4.937500000000000222e-02
1.394999999999999712e-02,4.968749999999999556e-02
1.397500000000000131e-02,4.968749999999999556e-02
1.399999999999999856e-02,4.968749999999999556e-02
1.402500000000000274e-02,4.937500000000000222e-02
1.404999999999999999e-02,4.968749999999999556e-02
1.407499999999999724e-02,4.843749999999999445e-02
1.410000000000000142e-02,4.906249999999999500e-02
1.412499999999999867e-02,4.906249999999999500e-02
1.415000000000000285e-02,5.000000000000000278e-02
1.417500000000000010e-02,5.062500000000000333e-02
1.419999999999999735e-02,5.000000000000000278e-02
1.422500000000000153e-02,4.875000000000000167e-02
1.424999999999999878e-02,4.968749999999999556e-02
1.427500000000000296e-02,5.031249999999999611e-02
1.430000000000000021e-02,4.968749999999999556e-02
1.432499999999999746e-02,4.968749999999999556e-02
1.435000000000000164e-02,4.968749999999999556e-02
1.437499999999999889e-02,4.843749999999999445e-02
1.440000000000000308e-02,4.937500000000000222e-02
1.442500000000000032e-02,4.968749999999999556e-02
1.444999999999999757e-02,4.937500000000000222e-02
1.447500000000000175e-02,5.000000000000000278e-02
1.449999999999999900e-02,4.937500000000000222e-02
1.452500000000000319e-02,4.968749999999999556e-02
1.455000000000000043e-02,4.875000000000000167e-02
1.457499999999999768e-02,5.000000000000000278e-02
1.460000000000000187e-02,4.937500000000000222e-02
1.462499999999999911e-02,4.937500000000000222e-02
1.465000000000000330e-02,4.968749999999999556e-02
1.467500000000000054e-02,5.000000000000000278e-02
1.469999999999999779e-02,4.937500000000000222e-02
1.472500000000000198e-02,5.000000000000000278e-02
1.474999999999999922e-02,4.968749999999999556e-02
1.477500000000000341e-02,4.906249999999999500e-02
1.480000000000000066e-02,5.031249999999999611e-02
1.482499999999999790e-02,5.062500000000000333e-02
1.485000000000000209e-02,4.937500000000000222e-02
1.487499999999999933e-02,4.906249999999999500e-02
1.490000000000000352e-02,4.968749999999999556e-02
1.492500000000000077e-02,5.031249999999999611e-02
1.494999999999999801e-02,5.031249999999999611e-02
1.497500000000000220e-02,4.968749999999999556e-02
1.499999999999999944e-02,5.031249999999999611e-02
1.502500000000000363e-02,5.000000000000000278e-02
1.505000000000000088e-02,5.000000000000000278e-02
1.507499999999999812e-02,5.031249999999999611e-02
1.510000000000000231e-02,5.062500000000000333e-02
1.512499999999999956e-02,5.031249999999999611e-02
1.515000000000000374e-02,5.062500000000000333e-02
1.517500000000000099e-02,5.093749999999999667e-02
1.519999999999999823e-02,5.031249999999999611e-02
1.522500000000000242e-02,5.031249999999999611e-02
1.524999999999999967e-02,4.968749999999999556e-02
1.527500000000000385e-02,5.125000000000000389e-02
1.530000000000000110e-02,4.968749999999999556e-02
1.532499999999999835e-02,5.062500000000000333e-02
1.535000000000000253e-02,4.937500000000000222e-02
1.537499999999999978e-02,5.000000000000000278e-02
1.540000000000000396e-02,4.968749999999999556e-02
1.542500000000000121e-02,5.031249999999999611e-02
1.544999999999999846e-02,5.031249999999999611e-02
1.547500000000000264e-02,5.125000000000000389e-02
1.549999999999999989e-02,5.000000000000000278e-02
1.552499999999999714e-02,5.062500000000000333e-02
1.555000000000000132e-02,5.156249999999999722e-02
1.557499999999999857e-02,5.125000000000000389e-02
1.560000000000000275e-02,5.093749999999999667e-02
1.562500000000000000e-02,5.156249999999999722e-02
1.564999999999999725e-02,4.968749999999999556e-02
1.567500000000000143e-02,5.062500000000000333e-02
1.569999999999999868e-02,5.156249999999999722e-02
1.572500000000000286e-02,5.093749999999999667e-02
1.575000000000000011e-02,5.125000000000000389e-02
1.577499999999999736e-02,5.093749999999999667e-02
1.580000000000000154e-02,5.125000000000000389e-02
1.582499999999999879e-02,5.156249999999999722e-02
1.585000000000000298e-02,5.062500000000000333e-02
1.587500000000000022e-02,5.031249999999999611e-02
1.589999999999999747e-02,5.093749999999999667e-02
1.592500000000000165e-02,5.031249999999999611e-02
1.594999999999999890e-02,5.093749999999999667e-02
1.597500000000000309e-02,5.093749999999999667e-02
1.600000000000000033e-02,5.031249999999999611e-02
1.602499999999999758e-02,5.093749999999999667e-02
1.605000000000000177e-02,5.187500000000000444e-02
1.607499999999999901e-02,5.125000000000000389e-02
1.610000000000000320e-02,5.187500000000000444e-02
1.612500000000000044e-02,5.062500000000000333e-02
1.614999999999999769e-02,5.062500000000000333e-02
1.617500000000000188e-02,5.218749999999999778e-02
1.619999999999999912e-02,5.000000000000000278e-02
1.622500000000000331e-02,5.187500000000000444e-02
1.625000000000000056e-02,5.156249999999999722e-02
1.627499999999999780e-02,5.249999999999999806e-02
1.630000000000000199e-02,5.156249999999999722e-02
1.632499999999999923e-02,5.156249999999999722e-02
1.635000000000000342e-02,5.093749999999999667e-02
1.637500000000000067e-02,5.218749999999999778e-02
1.639999999999999791e-02,5.187500000000000444e-02
1.642500000000000210e-02,5.249999999999999806e-02
1.644999999999999934e-02,5.187500000000000444e-02
1.647500000000000353e-02,5.156249999999999722e-02
1.650000000000000078e-02,5.187500000000000444e-02
1.652499999999999802e-02,5.156249999999999722e-02
1.655000000000000221e-02,5.093749999999999667e-02
1.657499999999999946e-02,5.156249999999999722e-02
1.660000000000000364e-02,5.093749999999999667e-02
1.662500000000000089e-02,5.156249999999999722e-02
1.664999999999999813e-02,5.125000000000000389e-02
1.667500000000000232e-02,5.093749999999999667e-02
1.669999999999999957e-02,5.125000000000000389e-02
1.672500000000000375e-02,5.093749999999999667e-02
1.675000000000000100e-02,5.249999999999999806e-02
1.677499999999999825e-02,5.093749999999999667e-02
1.680000000000000243e-02,5.093749999999999667e-02
1.682499999999999968e-02,5.218749999999999778e-02
1.685000000000000386e-02,5.218749999999999778e-02
1.687500000000000111e-02,5.249999999999999806e-02
1.689999999999999836e-02,5.156249999999999722e-02
1.692500000000000254e-02,5.125000000000000389e-02
1.694999999999999979e-02,5.093749999999999667e-02
1.697500000000000397e-02,5.187500000000000444e-02
1.700000000000000122e-02,5.156249999999999722e-02
1.702499999999999847e-02,5.125000000000000389e-02
1.705000000000000265e-02,5.156249999999999722e-02
1.707499999999999990e-02,5.125000000000000389e-02
1.710000000000000409e-02,5.125000000000000389e-02
1.712500000000000133e-02,5.125000000000000389e-02
1.714999999999999858e-02,5.125000000000000389e-02
1.717500000000000276e-02,5.125000000000000389e-02
1.720000000000000001e-02,5.062500000000000333e-02
1.722499999999999726e-02,5.093749999999999667e-02
1.725000000000000144e-02,5.218749999999999778e-02
1.727499999999999869e-02,5.156249999999999722e-02
1.730000000000000288e-02,5.156249999999999722e-02
1.732500000000000012e-02,5.125000000000000389e-02
1.734999999999999737e-02,5.125000000000000389e-02
1.737500000000000155e-02,5.156249999999999722e-02
1.739999999999999880e-02,5.125000000000000389e-02
1.742500000000000299e-02,5.218749999999999778e-02
1.745000000000000023e-02,5.187500000000000444e-02
1.747499999999999748e-02,5.156249999999999722e-02
1.750000000000000167e-02,5.156249999999999722e-02
1.752499999999999891e-02,5.156249999999999722e-02
1.755000000000000310e-02,5.062500000000000333e-02
1.757500000000000034e-02,5.218749999999999778e-02
1.759999999999999759e-02,5.187500000000000444e-02
1.762500000000000178e-02,5.156249999999999722e-02
1.764999999999999902e-02,5.156249999999999722e-02
1.767500000000000321e-02,5.218749999999999778e-02
1.770000000000000046e-02,5.125000000000000389e-02
1.772499999999999770e-02,5.093749999999999667e-02
1.775000000000000189e-02,5.125000000000000389e-02
1.777499999999999913e-02,5.156249999999999722e-02
1.780000000000000332e-02,5.156249999999999722e-02
1.782500000000000057e-02,5.062500000000000333e-02
1.784999999999999781e-02,5.156249999999999722e-02
1.787500000000000200e-02,5.093749999999999667e-02
1.789999999999999925e-02,5.187500000000000444e-02
1.792500000000000343e-02,5.156249999999999722e-02
1.795000000000000068e-02,5.281249999999999833e-02
1.797499999999999792e-02,5.187500000000000444e-02
1.800000000000000211e-02,5.218749999999999778e-02
1.802499999999999936e-02,5.249999999999999806e-02
1.805000000000000354e-02,5.062500000000000333e-02
1.807500000000000079e-02,5.093749999999999667e-02
1.809999999999999803e-02,5.187500000000000444e-02
1.812500000000000222e-02,5.218749999999999778e-02
1.814999999999999947e-02,5.218749999999999778e-02
1.817500000000000365e-02,5.156249999999999722e-02
1.820000000000000090e-02,5.187500000000000444e-02
1.822499999999999815e-02,5.125000000000000389e-02
1.825000000000000233e-02,5.156249999999999722e-02
1.827499999999999958e-02,5.156249999999999722e-02
1.830000000000000376e-02,5.249999999999999806e-02
1.832500000000000101e-02,5.125000000000000389e-02
1.834999999999999826e-02,5.156249999999999722e-02
1.837500000000000244e-02,5.187500000000000444e-02
1.839999999999999969e-02,5.156249999999999722e-02
1.842500000000000387e-02,5.187500000000000444e-02
1.845000000000000112e-02,5.187500000000000444e-02
1.847499999999999837e-02,5.093749999999999667e-02
1.850000000000000255e-02,5.187500000000000444e-02
1.852499999999999980e-02,5.187500000000000444e-02
1.855000000000000399e-02,5.187500000000000444e-02
1.857500000000000123e-02,5.187500000000000444e-02
1.859999999999999848e-02,5.125000000000000389e-02
1.862500000000000266e-02,5.125000000000000389e-02
1.864999999999999991e-02,5.218749999999999778e-02
1.867500000000000410e-02,5.156249999999999722e-02
1.870000000000000134e-02,5.156249999999999722e-02
1.872499999999999859e-02,5.218749999999999778e-02
1.875000000000000278e-02,5.156249999999999722e-02
1.877500000000000002e-02,5.187500000000000444e-02
1.879999999999999727e-02,5.156249999999999722e-02
1.882500000000000145e-02,5.187500000000000444e-02
1.884999999999999870e-02,5.249999999999999806e-02
1.887500000000000289e-02,5.187500000000000444e-02
1.890000000000000013e-02,5.062500000000000333e-02
1.892499999999999738e-02,5.249999999999999806e-02
1.895000000000000157e-02,5.062500000000000333e-02
1.897499999999999881e-02,5.187500000000000444e-02
1.900000000000000300e-02,5.125000000000000389e-02
1.902500000000000024e-02,5.062500000000000333e-02
1.904999999999999749e-02,5.187500000000000444e-02
1.907500000000000168e-02,5.125000000000000389e-02
1.909999999999999892e-02,5.281249999999999833e-02
1.912500000000000311e-02,5.156249999999999722e-02
1.915000000000000036e-02,5.125000000000000389e-02
1.917499999999999760e-02,5.125000000000000389e-02
1.920000000000000179e-02,5.062500000000000333e-02
1.922499999999999903e-02,5.187500000000000444e-02
1.925000000000000322e-02,5.125000000000000389e-02
1.927500000000000047e-02,5.156249999999999722e-02
1.929999999999999771e-02,5.031249999999999611e-02
1.932500000000000190e-02,5.125000000000000389e-02
1.934999999999999915e-02,5.156249999999999722e-02
1.937500000000000333e-02,5.156249999999999722e-02
1.940000000000000058e-02,5.125000000000000389e-02
1.942499999999999782e-02,5.125000000000000389e-02
1.945000000000000201e-02,5.093749999999999667e-02
1.947499999999999926e-02,5.156249999999999722e-02
1.950000000000000344e-02,5.062500000000000333e-02
1.952500000000000069e-02,5.187500000000000444e-02
1.954999999999999793e-02,5.156249999999999722e-02
1.957500000000000212e-02,5.125000000000000389e-02
1.959999999999999937e-02,5.125000000000000389e-02
1.962500000000000355e-02,5.156249999999999722e-02
1.965000000000000080e-02,5.156249999999999722e-02
1.967499999999999805e-02,5.125000000000000389e-02
1.970000000000000223e-02,5.156249999999999722e-02
1.972499999999999948e-02,5.187500000000000444e-02
1.975000000000000366e-02,5.218749999999999778e-02
1.977500000000000091e-02,5.249999999999999806e-02
1.979999999999999816e-02,5.156249999999999722e-02
1.982500000000000234e-02,5.062500000000000333e-02
1.984999999999999959e-02,5.187500000000000444e-02
1.987500000000000377e-02,5.187500000000000444e-02
1.990000000000000102e-02,5.156249999999999722e-02
1.992499999999999827e-02,5.062500000000000333e-02
1.995000000000000245e-02,5.218749999999999778e-02
1.997499999999999970e-02,5.249999999999999806e-02
2.000000000000000389e-02,5.312499999999999861e-02
2.002500000000000113e-02,5.093749999999999667e-02
2.004999999999999838e-02,5.156249999999999722e-02
2.007500000000000256e-02,5.062500000000000333e-02
2.009999999999999981e-02,5.187500000000000444e-02
2.012500000000000400e-02,5.187500000000000444e-02
2.015000000000000124e-02,5.187500000000000444e-02
2.017499999999999849e-02,5.125000000000000389e-02
2.020000000000000268e-02,5.249999999999999806e-02
2.022499999999999992e-02,5.125000000000000389e-02
2.025000000000000411e-02,5.249999999999999806e-02
2.027500000000000135e-02,5.249999999999999806e-02
2.029999999999999860e-02,5.218749999999999778e-02
2.032500000000000279e-02,5.093749999999999667e-02
2.035000000000000003e-02,5.218749999999999778e-02
2.037500000000000422e-02,5.093749999999999667e-02
2.040000000000000147e-02,5.281249999999999833e-02
2.042499999999999871e-02,5.187500000000000444e-02
2.045000000000000290e-02,5.156249999999999722e-02
2.047500000000000014e-02,5.093749999999999667e-02
2.049999999999999739e-02,5.218749999999999778e-02
2.052500000000000158e-02,5.249999999999999806e-02
2.054999999999999882e-02,5.062500000000000333e-02
2.057500000000000301e-02,5.281249999999999833e-02
2.060000000000000026e-02,5.187500000000000444e-02
2.062499999999999750e-02,5.187500000000000444e-02
2.065000000000000169e-02,5.218749999999999778e-02
2.067499999999999893e-02,5.281249999999999833e-02
2.070000000000000312e-02,5.187500000000000444e-02
2.072500000000000037e-02,5.187500000000000444e-02
2.074999999999999761e-02,5.187500000000000444e-02
2.077500000000000180e-02,5.093749999999999667e-02
2.079999999999999905e-02,5.062500000000000333e-02
2.082500000000000323e-02,5.125000000000000389e-02
2.085000000000000048e-02,5.218749999999999778e-02
2.087499999999999772e-02,5.156249999999999722e-02
2.090000000000000191e-02,5.093749999999999667e-02
2.092499999999999916e-02,5.125000000000000389e-02
2.095000000000000334e-02,5.218749999999999778e-02
2.097500000000000059e-02,5.281249999999999833e-02
2.099999999999999784e-02,5.156249999999999722e-02
2.102500000000000202e-02,5.156249999999999722e-02
2.104999999999999927e-02,5.249999999999999806e-02
2.107500000000000345e-02,5.156249999999999722e-02
2.110000000000000070e-02,5.249999999999999806e-02
2.112499999999999795e-02,5.187500000000000444e-02
2.115000000000000213e-02,5.125000000000000389e-02
2.117499999999999938e-02,5.062500000000000333e-02
2.120000000000000356e-02,5.249999999999999806e-02
2.122500000000000081e-02,5.281249999999999833e-02
2.124999999999999806e-02,5.156249999999999722e-02
2.127500000000000224e-02,5.093749999999999667e-02
2.129999999999999949e-02,5.125000000000000389e-02
2.132500000000000367e-02,5.062500000000000333e-02
2.135000000000000092e-02,5.031249999999999611e-02
2.137499999999999817e-02,5.125000000000000389e-02
2.140000000000000235e-02,5.062500000000000333e-02
2.142499999999999960e-02,5.187500000000000444e-02
2.145000000000000379e-02,5.093749999999999667e-02
2.147500000000000103e-02,5.187500000000000444e-02
2.149999999999999828e-02,5.156249999999999722e-02
2.152500000000000246e-02,5.156249999999999722e-02
2.154999999999999971e-02,5.156249999999999722e-02
2.157500000000000390e-02,5.093749999999999667e-02
2.160000000000000114e-02,5.218749999999999778e-02
2.162499999999999839e-02,5.156249999999999722e-02
2.165000000000000258e-02,5.093749999999999667e-02
2.167499999999999982e-02,5.187500000000000444e-02
2.170000000000000401e-02,5.156249999999999722e-02
2.172500000000000125e-02,5.093749999999999667e-02
2.174999999999999850e-02,5.187500000000000444e-02
2.177500000000000269e-02,5.218749999999999778e-02
2.179999999999999993e-02,5.093749999999999667e-02
2.182500000000000412e-02,5.125000000000000389e-02
2.185000000000000137e-02,5.218749999999999778e-02
2.187499999999999861e-02,5.093749999999999667e-02
2.190000000000000280e-02,5.125000000000000389e-02
2.192500000000000004e-02,5.281249999999999833e-02
2.195000000000000423e-02,5.031249999999999611e-02
2.197500000000000148e-02,5.249999999999999806e-02
2.199999999999999872e-02,5.187500000000000444e-02
2.202500000000000291e-02,5.093749999999999667e-02
2.205000000000000016e-02,5.156249999999999722e-02
2.207499999999999740e-02,5.249999999999999806e-02
2.210000000000000159e-02,5.218749999999999778e-02
2.212499999999999883e-02,5.218749999999999778e-02
2.215000000000000302e-02,5.156249999999999722e-02
2.217500000000000027e-02,5.281249999999999833e-02
2.219999999999999751e-02,5.218749999999999778e-02
2.222500000000000170e-02,5.093749999999999667e-02
2.224999999999999895e-02,5.156249999999999722e-02
2.227500000000000313e-02,5.249999999999999806e-02
2.230000000000000038e-02,5.218749999999999778e-02
2.232499999999999762e-02,5.218749999999999778e-02
2.235000000000000181e-02,5.187500000000000444e-02
2.237499999999999906e-02,5.187500000000000444e-02
2.240000000000000324e-02,5.218749999999999778e-02
2.242500000000000049e-02,5.249999999999999806e-02
2.244999999999999774e-02,5.062500000000000333e-02
2.247500000000000192e-02,5.187500000000000444e-02
2.249999999999999917e-02,5.156249999999999722e-02
2.252500000000000335e-02,5.218749999999999778e-02
2.255000000000000060e-02,5.187500000000000444e-02
2.257499999999999785e-02,5.156249999999999722e-02
2.260000000000000203e-02,5.218749999999999778e-02
2.262499999999999928e-02,5.187500000000000444e-02
2.265000000000000346e-02,5.281249999999999833e-02
2.267500000000000071e-02,5.249999999999999806e-02
2.269999999999999796e-02,5.249999999999999806e-02
2.272500000000000214e-02,5.218749999999999778e-02
2.274999999999999939e-02,5.312499999999999861e-02
2.277500000000000357e-02,5.218749999999999778e-02
2.280000000000000082e-02,5.249999999999999806e-02
2.282499999999999807e-02,5.156249999999999722e-02
2.285000000000000225e-02,5.187500000000000444e-02
2.287499999999999950e-02,5.218749999999999778e-02
2.290000000000000369e-02,5.249999999999999806e-02
2.292500000000000093e-02,5.249999999999999806e-02
2.294999999999999818e-02,5.312499999999999861e-02
2.297500000000000236e-02,5.281249999999999833e-02
2.299999999999999961e-02,5.062500000000000333e-02
2.302500000000000380e-02,5.125000000000000389e-02
2.305000000000000104e-02,5.281249999999999833e-02
2.307499999999999829e-02,5.125000000000000389e-02
2.310000000000000248e-02,5.218749999999999778e-02
2.312499999999999972e-02,5.093749999999999667e-02
2.315000000000000391e-02,5.218749999999999778e-02
2.317500000000000115e-02,5.218749999999999778e-02
2.319999999999999840e-02,5.218749999999999778e-02
2.322500000000000259e-02,5.218749999999999778e-02
2.324999999999999983e-02,5.218749999999999778e-02
2.327500000000000402e-02,5.187500000000000444e-02
2.330000000000000127e-02,5.187500000000000444e-02
2.332499999999999851e-02,5.249999999999999806e-02
2.335000000000000270e-02,5.125000000000000389e-02
2.337499999999999994e-02,5.218749999999999778e-02
2.340000000000000413e-02,5.156249999999999722e-02
2.342500000000000138e-02,5.249999999999999806e-02
2.344999999999999862e-02,5.249999999999999806e-02
2.347500000000000281e-02,5.187500000000000444e-02
2.350000000000000006e-02,5.156249999999999722e-02
2.352500000000000424e-02,5.281249999999999833e-02
2.355000000000000149e-02,5.093749999999999667e-02
2.357499999999999873e-02,5.125000000000000389e-02
2.360000000000000292e-02,5.093749999999999667e-02
2.362500000000000017e-02,5.156249999999999722e-02
2.365000000000000435e-02,5.187500000000000444e-02
2.367500000000000160e-02,5.156249999999999722e-02
2.369999999999999885e-02,5.156249999999999722e-02
2.372500000000000303e-02,5.218749999999999778e-02
2.375000000000000028e-02,5.218749999999999778e-02
2.377499999999999752e-02,5.249999999999999806e-02
2.380000000000000171e-02,5.249999999999999806e-02
2.382499999999999896e-02,5.187500000000000444e-02
2.385000000000000314e-02,5.249999999999999806e-02
2.387500000000000039e-02,5.187500000000000444e-02
2.389999999999999764e-02,5.125000000000000389e-02
2.392500000000000182e-02,5.062500000000000333e-02
2.394999999999999907e-02,5.218749999999999778e-02
2.397500000000000325e-02,5.125000000000000389e-02
2.400000000000000050e-02,5.156249999999999722e-02
2.402499999999999775e-02,5.249999999999999806e-02
2.405000000000000193e-02,5.187500000000000444e-02
2.407499999999999918e-02,5.281249999999999833e-02
2.410000000000000336e-02,5.156249999999999722e-02
2.412500000000000061e-02,5.062500000000000333e-02
2.414999999999999786e-02,5.156249999999999722e-02
2.417500000000000204e-02,5.281249999999999833e-02
2.419999999999999929e-02,5.125000000000000389e-02
2.422500000000000347e-02,5.218749999999999778e-02
2.425000000000000072e-02,5.187500000000000444e-02
2.427499999999999797e-02,5.249999999999999806e-02
2.430000000000000215e-02,5.218749999999999778e-02
2.432499999999999940e-02,5.156249999999999722e-02
2.435000000000000359e-02,5.249999999999999806e-02
2.437500000000000083e-02,5.218749999999999778e-02
2.439999999999999808e-02,5.218749999999999778e-02
2.442500000000000226e-02,5.187500000000000444e-02
2.444999999999999951e-02,5.093749999999999667e-02
2.447500000000000370e-02,5.312499999999999861e-02
2.450000000000000094e-02,5.249999999999999806e-02
2.452499999999999819e-02,5.156249999999999722e-02
2.455000000000000238e-02,5.218749999999999778e-02
2.457499999999999962e-02,5.281249999999999833e-02
2.460000000000000381e-02,5.156249999999999722e-02
2.462500000000000105e-02,5.218749999999999778e-02
2.464999999999999830e-02,5.249999999999999806e-02
2.467500000000000249e-02,5.249999999999999806e-02
2.469999999999999973e-02,5.218749999999999778e-02
2.472500000000000392e-02,5.249999999999999806e-02
2.475000000000000117e-02,5.156249999999999722e-02
2.477499999999999841e-02,5.156249999999999722e-02
2.480000000000000260e-02,5.187500000000000444e-02
2.482499999999999984e-02,5.125000000000000389e-02
2.485000000000000403e-02,5.249999999999999806e-02
2.487500000000000128e-02,5.218749999999999778e-02
2.489999999999999852e-02,5.218749999999999778e-02
2.492500000000000271e-02,5.187500000000000444e-02
2.494999999999999996e-02,5.281249999999999833e-02
2.497500000000000414e-02,5.218749999999999778e-02
