ELECTRODE=TUNGSTEN, TIME=50, POLING_VOLTAGE=4500, WAVELENGTH=1.55e-06, EFFECTIVE_DISTANCE=4.11e-05, POLED_LENGTH=0.3, CORE_INDEX=1.45, POLE=MAX, AC_VOLTAGE=1038, AC_FREQUENCY=3000, PIEZO_FREQUENCY=60
Time(s),Voltage(V)
0.000000000000000000e+00,7.968750000000000000e-01
7.999999999999999638e-06,8.062500000000000222e-01
1.599999999999999928e-05,8.250000000000000666e-01
2.400000000000000061e-05,8.531250000000000222e-01
3.199999999999999855e-05,9.375000000000000000e-01
3.999999999999999650e-05,9.468750000000000222e-01
4.800000000000000122e-05,9.749999999999999778e-01
5.599999999999999916e-05,9.656250000000000666e-01
6.399999999999999710e-05,9.281249999999999778e-01
7.200000000000000182e-05,8.625000000000000444e-01
7.999999999999999299e-05,8.250000000000000666e-01
8.799999999999999771e-05,8.250000000000000666e-01
9.600000000000000243e-05,8.812499999999999778e-01
1.039999999999999936e-04,8.625000000000000444e-01
1.119999999999999983e-04,8.625000000000000444e-01
1.199999999999999895e-04,8.906250000000000000e-01
1.279999999999999942e-04,9.281249999999999778e-01
1.359999999999999989e-04,9.375000000000000000e-01
1.440000000000000036e-04,8.906250000000000000e-01
1.519999999999999813e-04,8.437500000000000000e-01
1.599999999999999860e-04,8.156250000000000444e-01
1.679999999999999907e-04,8.250000000000000666e-01
1.759999999999999954e-04,8.343749999999999778e-01
1.840000000000000001e-04,8.531250000000000222e-01
1.920000000000000049e-04,8.531250000000000222e-01
1.999999999999999825e-04,8.812499999999999778e-01
2.079999999999999872e-04,9.375000000000000000e-01
2.159999999999999919e-04,9.562500000000000444e-01
2.239999999999999966e-04,1.012499999999999956e+00
2.320000000000000014e-04,1.040624999999999911e+00
2.399999999999999790e-04,1.087499999999999911e+00
2.480000000000000108e-04,1.106249999999999956e+00
2.559999999999999884e-04,1.134374999999999911e+00
2.639999999999999660e-04,1.171875000000000000e+00
2.719999999999999979e-04,1.190625000000000044e+00
2.799999999999999755e-04,1.171875000000000000e+00
2.880000000000000073e-04,1.096875000000000044e+00
2.959999999999999849e-04,1.068750000000000089e+00
3.039999999999999625e-04,9.843750000000000000e-01
3.119999999999999944e-04,9.375000000000000000e-01
3.199999999999999720e-04,8.906250000000000000e-01
3.280000000000000038e-04,8.625000000000000444e-01
3.359999999999999814e-04,8.531250000000000222e-01
3.439999999999999590e-04,8.718750000000000666e-01
3.519999999999999908e-04,9.187500000000000666e-01
3.599999999999999685e-04,9.656250000000000666e-01
3.680000000000000003e-04,1.021875000000000089e+00
3.759999999999999779e-04,1.040624999999999911e+00
3.840000000000000097e-04,1.068750000000000089e+00
3.919999999999999873e-04,1.106249999999999956e+00
3.999999999999999650e-04,1.143750000000000044e+00
4.079999999999999968e-04,1.153124999999999956e+00
4.159999999999999744e-04,1.181249999999999911e+00
4.240000000000000062e-04,1.181249999999999911e+00
4.319999999999999838e-04,1.171875000000000000e+00
4.399999999999999615e-04,1.143750000000000044e+00
4.479999999999999933e-04,1.134374999999999911e+00
4.559999999999999709e-04,1.087499999999999911e+00
4.640000000000000027e-04,1.021875000000000089e+00
4.719999999999999803e-04,9.937500000000000222e-01
4.799999999999999580e-04,9.656250000000000666e-01
4.879999999999999898e-04,8.812499999999999778e-01
4.960000000000000216e-04,8.625000000000000444e-01
5.039999999999999992e-04,8.156250000000000444e-01
5.119999999999999768e-04,7.687500000000000444e-01
5.199999999999999544e-04,7.593750000000000222e-01
5.279999999999999321e-04,7.593750000000000222e-01
5.360000000000000181e-04,7.875000000000000888e-01
5.439999999999999957e-04,8.062500000000000222e-01
5.519999999999999733e-04,8.625000000000000444e-01
5.599999999999999509e-04,8.812499999999999778e-01
5.679999999999999286e-04,9.281249999999999778e-01
5.760000000000000146e-04,9.375000000000000000e-01
5.839999999999999922e-04,9.843750000000000000e-01
5.919999999999999698e-04,9.937500000000000222e-01
5.999999999999999474e-04,1.031250000000000000e+00
6.079999999999999251e-04,1.031250000000000000e+00
6.160000000000000111e-04,1.012499999999999956e+00
6.239999999999999887e-04,9.749999999999999778e-01
6.319999999999999663e-04,9.375000000000000000e-01
6.399999999999999439e-04,8.812499999999999778e-01
6.479999999999999215e-04,8.531250000000000222e-01
6.560000000000000076e-04,8.062500000000000222e-01
6.639999999999999852e-04,7.781250000000000666e-01
6.719999999999999628e-04,7.687500000000000444e-01
6.799999999999999404e-04,7.875000000000000888e-01
6.879999999999999180e-04,8.062500000000000222e-01
6.960000000000000041e-04,8.343749999999999778e-01
7.039999999999999817e-04,8.531250000000000222e-01
7.119999999999999593e-04,8.906250000000000000e-01
7.199999999999999369e-04,9.281249999999999778e-01
7.279999999999999145e-04,9.375000000000000000e-01
7.360000000000000006e-04,9.656250000000000666e-01
7.439999999999999782e-04,9.843750000000000000e-01
7.519999999999999558e-04,9.843750000000000000e-01
7.599999999999999334e-04,9.749999999999999778e-01
7.680000000000000195e-04,9.749999999999999778e-01
7.759999999999999971e-04,9.562500000000000444e-01
7.839999999999999747e-04,9.187500000000000666e-01
7.919999999999999523e-04,8.906250000000000000e-01
7.999999999999999299e-04,8.531250000000000222e-01
8.080000000000000160e-04,8.156250000000000444e-01
8.159999999999999936e-04,7.781250000000000666e-01
8.239999999999999712e-04,7.312500000000000666e-01
8.319999999999999488e-04,7.218750000000000444e-01
8.399999999999999264e-04,7.125000000000000222e-01
8.480000000000000124e-04,7.218750000000000444e-01
8.559999999999999901e-04,7.500000000000000000e-01
8.639999999999999677e-04,7.687500000000000444e-01
8.719999999999999453e-04,8.250000000000000666e-01
8.799999999999999229e-04,8.906250000000000000e-01
8.880000000000000089e-04,9.093750000000000444e-01
8.959999999999999866e-04,9.656250000000000666e-01
9.039999999999999642e-04,9.937500000000000222e-01
9.119999999999999418e-04,1.040624999999999911e+00
9.199999999999999194e-04,1.068750000000000089e+00
9.280000000000000054e-04,1.096875000000000044e+00
9.359999999999999831e-04,1.134374999999999911e+00
9.439999999999999607e-04,1.153124999999999956e+00
9.519999999999999383e-04,1.143750000000000044e+00
9.599999999999999159e-04,1.096875000000000044e+00
9.680000000000000019e-04,1.068750000000000089e+00
9.759999999999999796e-04,9.937500000000000222e-01
9.839999999999998487e-04,9.656250000000000666e-01
9.920000000000000432e-04,9.000000000000000222e-01
1.000000000000000021e-03,8.812499999999999778e-01
1.007999999999999998e-03,8.718750000000000666e-01
1.015999999999999976e-03,8.812499999999999778e-01
1.023999999999999954e-03,9.093750000000000444e-01
1.031999999999999931e-03,9.375000000000000000e-01
1.039999999999999909e-03,9.468750000000000222e-01
1.047999999999999887e-03,9.937500000000000222e-01
1.055999999999999864e-03,1.012499999999999956e+00
1.064000000000000059e-03,1.021875000000000089e+00
1.072000000000000036e-03,1.021875000000000089e+00
1.080000000000000014e-03,1.031250000000000000e+00
1.087999999999999991e-03,1.031250000000000000e+00
1.095999999999999969e-03,1.012499999999999956e+00
1.103999999999999947e-03,9.843750000000000000e-01
1.111999999999999924e-03,9.468750000000000222e-01
1.119999999999999902e-03,9.281249999999999778e-01
1.127999999999999879e-03,8.906250000000000000e-01
1.135999999999999857e-03,8.437500000000000000e-01
1.144000000000000052e-03,7.875000000000000888e-01
1.152000000000000029e-03,7.781250000000000666e-01
1.160000000000000007e-03,7.500000000000000000e-01
1.167999999999999984e-03,7.593750000000000222e-01
1.175999999999999962e-03,7.593750000000000222e-01
1.183999999999999940e-03,7.968750000000000000e-01
1.191999999999999917e-03,8.437500000000000000e-01
1.199999999999999895e-03,8.812499999999999778e-01
1.207999999999999872e-03,9.281249999999999778e-01
1.215999999999999850e-03,9.843750000000000000e-01
1.224000000000000045e-03,1.012499999999999956e+00
1.232000000000000022e-03,1.040624999999999911e+00
1.240000000000000000e-03,1.096875000000000044e+00
1.247999999999999977e-03,1.106249999999999956e+00
1.255999999999999955e-03,1.153124999999999956e+00
1.263999999999999933e-03,1.171875000000000000e+00
1.271999999999999910e-03,1.181249999999999911e+00
1.279999999999999888e-03,1.199999999999999956e+00
1.287999999999999865e-03,1.153124999999999956e+00
1.295999999999999843e-03,1.115625000000000089e+00
1.304000000000000038e-03,1.078125000000000000e+00
1.312000000000000015e-03,1.012499999999999956e+00
1.319999999999999993e-03,9.749999999999999778e-01
1.327999999999999970e-03,9.093750000000000444e-01
1.335999999999999948e-03,8.906250000000000000e-01
1.343999999999999926e-03,8.718750000000000666e-01
1.351999999999999903e-03,8.531250000000000222e-01
1.359999999999999881e-03,8.718750000000000666e-01
1.367999999999999858e-03,8.718750000000000666e-01
1.375999999999999836e-03,9.000000000000000222e-01
1.384000000000000031e-03,9.000000000000000222e-01
1.392000000000000008e-03,9.093750000000000444e-01
1.399999999999999986e-03,9.093750000000000444e-01
1.407999999999999963e-03,9.187500000000000666e-01
1.415999999999999941e-03,9.093750000000000444e-01
1.423999999999999919e-03,9.093750000000000444e-01
1.431999999999999896e-03,8.812499999999999778e-01
1.439999999999999874e-03,8.437500000000000000e-01
1.447999999999999851e-03,8.062500000000000222e-01
1.455999999999999829e-03,7.781250000000000666e-01
1.464000000000000024e-03,7.500000000000000000e-01
1.472000000000000001e-03,6.843750000000000666e-01
1.479999999999999979e-03,6.656250000000000222e-01
1.487999999999999956e-03,6.374999999999999556e-01
1.495999999999999934e-03,6.374999999999999556e-01
1.503999999999999912e-03,6.468750000000000888e-01
1.511999999999999889e-03,6.656250000000000222e-01
1.519999999999999867e-03,7.031250000000000000e-01
1.527999999999999844e-03,7.593750000000000222e-01
1.536000000000000039e-03,7.875000000000000888e-01
1.544000000000000017e-03,8.625000000000000444e-01
1.551999999999999994e-03,9.000000000000000222e-01
1.559999999999999972e-03,9.281249999999999778e-01
1.567999999999999949e-03,9.937500000000000222e-01
1.575999999999999927e-03,1.012499999999999956e+00
1.583999999999999905e-03,1.068750000000000089e+00
1.591999999999999882e-03,1.096875000000000044e+00
1.599999999999999860e-03,1.143750000000000044e+00
1.607999999999999837e-03,1.162500000000000089e+00
1.616000000000000032e-03,1.171875000000000000e+00
1.624000000000000010e-03,1.162500000000000089e+00
1.631999999999999987e-03,1.153124999999999956e+00
1.639999999999999965e-03,1.115625000000000089e+00
1.647999999999999942e-03,1.068750000000000089e+00
1.655999999999999920e-03,9.656250000000000666e-01
1.663999999999999898e-03,9.562500000000000444e-01
1.671999999999999875e-03,9.093750000000000444e-01
1.679999999999999853e-03,8.906250000000000000e-01
1.687999999999999830e-03,8.531250000000000222e-01
1.696000000000000025e-03,8.531250000000000222e-01
1.704000000000000003e-03,8.531250000000000222e-01
1.711999999999999980e-03,8.437500000000000000e-01
1.719999999999999958e-03,8.531250000000000222e-01
1.727999999999999935e-03,8.531250000000000222e-01
1.735999999999999913e-03,8.531250000000000222e-01
1.743999999999999891e-03,8.437500000000000000e-01
1.751999999999999868e-03,8.343749999999999778e-01
1.759999999999999846e-03,8.156250000000000444e-01
1.767999999999999823e-03,7.968750000000000000e-01
1.776000000000000018e-03,7.781250000000000666e-01
1.783999999999999996e-03,7.312500000000000666e-01
1.791999999999999973e-03,6.937500000000000888e-01
1.799999999999999951e-03,6.656250000000000222e-01
1.807999999999999928e-03,6.374999999999999556e-01
1.815999999999999906e-03,6.187500000000000222e-01
1.823999999999999884e-03,6.187500000000000222e-01
1.831999999999999861e-03,6.281250000000000444e-01
1.839999999999999839e-03,6.656250000000000222e-01
1.847999999999999816e-03,6.750000000000000444e-01
1.856000000000000011e-03,7.500000000000000000e-01
1.863999999999999988e-03,7.781250000000000666e-01
1.871999999999999966e-03,8.343749999999999778e-01
1.879999999999999944e-03,8.812499999999999778e-01
1.887999999999999921e-03,9.468750000000000222e-01
1.895999999999999899e-03,9.749999999999999778e-01
1.903999999999999877e-03,1.003125000000000044e+00
1.911999999999999854e-03,1.040624999999999911e+00
1.919999999999999832e-03,1.078125000000000000e+00
1.927999999999999809e-03,1.115625000000000089e+00
1.936000000000000004e-03,1.134374999999999911e+00
1.943999999999999981e-03,1.171875000000000000e+00
1.951999999999999959e-03,1.190625000000000044e+00
1.959999999999999937e-03,1.199999999999999956e+00
1.967999999999999697e-03,1.171875000000000000e+00
1.975999999999999892e-03,1.106249999999999956e+00
1.984000000000000086e-03,1.078125000000000000e+00
1.991999999999999847e-03,1.031250000000000000e+00
2.000000000000000042e-03,9.562500000000000444e-01
2.007999999999999802e-03,9.093750000000000444e-01
2.015999999999999997e-03,8.718750000000000666e-01
2.023999999999999758e-03,8.625000000000000444e-01
2.031999999999999952e-03,8.343749999999999778e-01
2.039999999999999713e-03,8.062500000000000222e-01
2.047999999999999907e-03,7.968750000000000000e-01
2.056000000000000102e-03,7.875000000000000888e-01
2.063999999999999863e-03,7.593750000000000222e-01
2.072000000000000057e-03,7.500000000000000000e-01
2.079999999999999818e-03,7.312500000000000666e-01
2.088000000000000012e-03,7.031250000000000000e-01
2.095999999999999773e-03,6.843750000000000666e-01
2.103999999999999967e-03,6.468750000000000888e-01
2.111999999999999728e-03,6.281250000000000444e-01
2.119999999999999923e-03,6.000000000000000888e-01
2.128000000000000117e-03,5.625000000000000000e-01
2.135999999999999878e-03,5.343750000000000444e-01
2.144000000000000072e-03,5.343750000000000444e-01
2.151999999999999833e-03,5.625000000000000000e-01
2.160000000000000028e-03,5.812500000000000444e-01
2.167999999999999788e-03,6.000000000000000888e-01
2.175999999999999983e-03,6.656250000000000222e-01
2.183999999999999744e-03,7.406250000000000888e-01
2.191999999999999938e-03,7.875000000000000888e-01
2.199999999999999699e-03,8.437500000000000000e-01
2.207999999999999893e-03,8.906250000000000000e-01
2.216000000000000088e-03,9.187500000000000666e-01
2.223999999999999849e-03,9.562500000000000444e-01
2.232000000000000043e-03,9.843750000000000000e-01
2.239999999999999804e-03,1.003125000000000044e+00
2.247999999999999998e-03,1.050000000000000044e+00
2.255999999999999759e-03,1.068750000000000089e+00
2.263999999999999953e-03,1.115625000000000089e+00
2.271999999999999714e-03,1.134374999999999911e+00
2.279999999999999909e-03,1.181249999999999911e+00
2.288000000000000103e-03,1.181249999999999911e+00
2.295999999999999864e-03,1.190625000000000044e+00
2.304000000000000058e-03,1.181249999999999911e+00
2.311999999999999819e-03,1.143750000000000044e+00
2.320000000000000014e-03,1.068750000000000089e+00
2.327999999999999774e-03,1.031250000000000000e+00
2.335999999999999969e-03,9.656250000000000666e-01
2.343999999999999730e-03,9.093750000000000444e-01
2.351999999999999924e-03,8.812499999999999778e-01
2.359999999999999685e-03,8.625000000000000444e-01
2.367999999999999879e-03,8.156250000000000444e-01
2.376000000000000074e-03,8.062500000000000222e-01
2.383999999999999835e-03,7.781250000000000666e-01
2.392000000000000029e-03,7.687500000000000444e-01
2.399999999999999790e-03,7.500000000000000000e-01
2.407999999999999984e-03,7.218750000000000444e-01
2.415999999999999745e-03,6.937500000000000888e-01
2.423999999999999939e-03,6.656250000000000222e-01
2.431999999999999700e-03,6.281250000000000444e-01
2.439999999999999895e-03,6.187500000000000222e-01
2.448000000000000089e-03,5.812500000000000444e-01
2.455999999999999850e-03,5.437499999999999556e-01
2.464000000000000044e-03,5.343750000000000444e-01
2.471999999999999805e-03,5.156250000000000000e-01
2.480000000000000000e-03,5.250000000000000222e-01
2.487999999999999760e-03,5.250000000000000222e-01
2.495999999999999955e-03,5.625000000000000000e-01
2.503999999999999716e-03,6.000000000000000888e-01
2.511999999999999910e-03,6.468750000000000888e-01
2.519999999999999671e-03,7.312500000000000666e-01
2.527999999999999865e-03,7.687500000000000444e-01
2.536000000000000060e-03,8.437500000000000000e-01
2.543999999999999821e-03,8.531250000000000222e-01
2.552000000000000015e-03,9.187500000000000666e-01
2.559999999999999776e-03,9.468750000000000222e-01
2.567999999999999970e-03,9.749999999999999778e-01
2.575999999999999731e-03,9.843750000000000000e-01
2.583999999999999925e-03,1.012499999999999956e+00
2.591999999999999686e-03,1.050000000000000044e+00
2.599999999999999881e-03,1.087499999999999911e+00
2.608000000000000075e-03,1.115625000000000089e+00
2.615999999999999836e-03,1.162500000000000089e+00
2.624000000000000030e-03,1.171875000000000000e+00
2.631999999999999791e-03,1.190625000000000044e+00
2.639999999999999986e-03,1.171875000000000000e+00
2.647999999999999746e-03,1.134374999999999911e+00
2.655999999999999941e-03,1.115625000000000089e+00
2.663999999999999702e-03,1.059374999999999956e+00
2.671999999999999896e-03,9.937500000000000222e-01
2.680000000000000090e-03,9.281249999999999778e-01
2.687999999999999851e-03,9.093750000000000444e-01
2.696000000000000046e-03,8.437500000000000000e-01
2.703999999999999806e-03,8.156250000000000444e-01
2.712000000000000001e-03,7.687500000000000444e-01
2.719999999999999762e-03,7.687500000000000444e-01
2.727999999999999956e-03,7.218750000000000444e-01
2.735999999999999717e-03,6.937500000000000888e-01
2.743999999999999911e-03,6.656250000000000222e-01
2.751999999999999672e-03,6.468750000000000888e-01
2.759999999999999867e-03,6.000000000000000888e-01
2.768000000000000061e-03,5.906249999999999556e-01
2.775999999999999822e-03,5.437499999999999556e-01
2.784000000000000016e-03,5.343750000000000444e-01
2.791999999999999777e-03,5.156250000000000000e-01
2.799999999999999972e-03,5.062500000000000888e-01
2.807999999999999732e-03,5.156250000000000000e-01
2.815999999999999927e-03,5.250000000000000222e-01
2.823999999999999688e-03,5.718750000000000222e-01
2.831999999999999882e-03,6.000000000000000888e-01
2.840000000000000076e-03,6.843750000000000666e-01
2.847999999999999837e-03,7.031250000000000000e-01
2.856000000000000032e-03,7.781250000000000666e-01
2.863999999999999792e-03,8.343749999999999778e-01
2.871999999999999987e-03,8.718750000000000666e-01
2.879999999999999748e-03,9.093750000000000444e-01
2.887999999999999942e-03,9.375000000000000000e-01
2.895999999999999703e-03,9.562500000000000444e-01
2.903999999999999897e-03,9.656250000000000666e-01
2.911999999999999658e-03,9.843750000000000000e-01
2.919999999999999853e-03,1.021875000000000089e+00
2.928000000000000047e-03,1.040624999999999911e+00
2.935999999999999808e-03,1.078125000000000000e+00
2.944000000000000002e-03,1.134374999999999911e+00
2.951999999999999763e-03,1.143750000000000044e+00
2.959999999999999958e-03,1.162500000000000089e+00
2.967999999999999718e-03,1.162500000000000089e+00
2.975999999999999913e-03,1.153124999999999956e+00
2.983999999999999674e-03,1.125000000000000000e+00
2.991999999999999868e-03,1.059374999999999956e+00
3.000000000000000062e-03,1.031250000000000000e+00
3.007999999999999823e-03,9.749999999999999778e-01
3.016000000000000018e-03,9.000000000000000222e-01
3.023999999999999778e-03,8.718750000000000666e-01
3.031999999999999973e-03,8.343749999999999778e-01
3.039999999999999734e-03,7.968750000000000000e-01
3.047999999999999928e-03,7.593750000000000222e-01
3.055999999999999689e-03,7.218750000000000444e-01
3.063999999999999883e-03,7.031250000000000000e-01
3.072000000000000078e-03,6.937500000000000888e-01
3.079999999999999839e-03,6.656250000000000222e-01
3.088000000000000033e-03,6.093750000000000000e-01
3.095999999999999794e-03,5.906249999999999556e-01
3.103999999999999988e-03,5.531250000000000888e-01
3.111999999999999749e-03,5.250000000000000222e-01
3.119999999999999944e-03,5.156250000000000000e-01
3.127999999999999704e-03,4.968750000000000111e-01
3.135999999999999899e-03,5.062500000000000888e-01
3.143999999999999660e-03,5.250000000000000222e-01
3.151999999999999854e-03,5.625000000000000000e-01
3.160000000000000048e-03,5.906249999999999556e-01
3.167999999999999809e-03,6.656250000000000222e-01
3.176000000000000004e-03,7.125000000000000222e-01
3.183999999999999764e-03,7.875000000000000888e-01
3.191999999999999959e-03,8.343749999999999778e-01
3.199999999999999720e-03,8.625000000000000444e-01
3.207999999999999914e-03,8.812499999999999778e-01
3.215999999999999675e-03,9.093750000000000444e-01
3.223999999999999869e-03,9.281249999999999778e-01
3.232000000000000064e-03,9.375000000000000000e-01
3.239999999999999825e-03,9.468750000000000222e-01
3.248000000000000019e-03,9.468750000000000222e-01
3.255999999999999780e-03,9.468750000000000222e-01
3.263999999999999974e-03,9.656250000000000666e-01
3.271999999999999735e-03,1.021875000000000089e+00
3.279999999999999930e-03,1.040624999999999911e+00
3.287999999999999690e-03,1.078125000000000000e+00
3.295999999999999885e-03,1.125000000000000000e+00
3.303999999999999646e-03,1.134374999999999911e+00
3.311999999999999840e-03,1.143750000000000044e+00
3.320000000000000034e-03,1.115625000000000089e+00
3.327999999999999795e-03,1.068750000000000089e+00
3.335999999999999990e-03,1.040624999999999911e+00
3.343999999999999750e-03,9.656250000000000666e-01
3.351999999999999945e-03,9.562500000000000444e-01
3.359999999999999706e-03,8.812499999999999778e-01
3.367999999999999900e-03,8.156250000000000444e-01
3.375999999999999661e-03,7.875000000000000888e-01
3.383999999999999855e-03,7.500000000000000000e-01
3.392000000000000050e-03,7.218750000000000444e-01
3.399999999999999811e-03,6.750000000000000444e-01
3.408000000000000005e-03,6.562500000000000000e-01
3.415999999999999766e-03,6.093750000000000000e-01
3.423999999999999960e-03,5.906249999999999556e-01
3.431999999999999721e-03,5.437499999999999556e-01
3.439999999999999915e-03,5.437499999999999556e-01
3.447999999999999676e-03,5.250000000000000222e-01
3.455999999999999871e-03,5.156250000000000000e-01
3.463999999999999631e-03,5.156250000000000000e-01
3.471999999999999826e-03,5.437499999999999556e-01
3.480000000000000020e-03,5.812500000000000444e-01
3.487999999999999781e-03,6.281250000000000444e-01
3.495999999999999976e-03,7.218750000000000444e-01
3.503999999999999736e-03,7.406250000000000888e-01
3.511999999999999931e-03,8.156250000000000444e-01
3.519999999999999692e-03,8.531250000000000222e-01
3.527999999999999886e-03,8.906250000000000000e-01
3.535999999999999647e-03,9.093750000000000444e-01
3.543999999999999841e-03,9.093750000000000444e-01
3.552000000000000036e-03,9.093750000000000444e-01
3.559999999999999797e-03,8.906250000000000000e-01
3.567999999999999991e-03,8.625000000000000444e-01
3.575999999999999752e-03,8.625000000000000444e-01
3.583999999999999946e-03,8.531250000000000222e-01
3.591999999999999707e-03,8.437500000000000000e-01
3.599999999999999901e-03,8.625000000000000444e-01
3.607999999999999662e-03,8.812499999999999778e-01
3.615999999999999857e-03,9.281249999999999778e-01
3.624000000000000051e-03,9.656250000000000666e-01
3.631999999999999812e-03,1.012499999999999956e+00
3.640000000000000006e-03,1.050000000000000044e+00
3.647999999999999767e-03,1.068750000000000089e+00
3.655999999999999962e-03,1.078125000000000000e+00
3.663999999999999722e-03,1.059374999999999956e+00
3.671999999999999917e-03,1.040624999999999911e+00
3.679999999999999678e-03,1.003125000000000044e+00
3.687999999999999872e-03,9.656250000000000666e-01
3.695999999999999633e-03,9.187500000000000666e-01
3.703999999999999827e-03,8.531250000000000222e-01
3.712000000000000022e-03,8.343749999999999778e-01
3.719999999999999783e-03,7.968750000000000000e-01
3.727999999999999977e-03,7.687500000000000444e-01
3.735999999999999738e-03,7.218750000000000444e-01
3.743999999999999932e-03,7.125000000000000222e-01
3.751999999999999693e-03,6.843750000000000666e-01
3.759999999999999887e-03,6.656250000000000222e-01
3.767999999999999648e-03,6.562500000000000000e-01
3.775999999999999843e-03,6.656250000000000222e-01
3.784000000000000037e-03,6.843750000000000666e-01
3.791999999999999798e-03,7.031250000000000000e-01
3.799999999999999992e-03,7.593750000000000222e-01
3.807999999999999753e-03,7.781250000000000666e-01
3.815999999999999948e-03,8.625000000000000444e-01
3.823999999999999708e-03,9.000000000000000222e-01
3.831999999999999903e-03,9.375000000000000000e-01
3.839999999999999664e-03,9.843750000000000000e-01
3.847999999999999858e-03,1.003125000000000044e+00
3.855999999999999619e-03,1.031250000000000000e+00
3.863999999999999813e-03,1.021875000000000089e+00
3.872000000000000008e-03,1.003125000000000044e+00
3.879999999999999769e-03,9.749999999999999778e-01
3.887999999999999963e-03,9.656250000000000666e-01
3.895999999999999724e-03,9.187500000000000666e-01
3.903999999999999918e-03,9.000000000000000222e-01
3.911999999999999679e-03,8.625000000000000444e-01
3.919999999999999873e-03,8.437500000000000000e-01
3.928000000000000068e-03,8.343749999999999778e-01
3.935999999999999395e-03,8.343749999999999778e-01
3.943999999999999589e-03,8.343749999999999778e-01
3.951999999999999784e-03,8.812499999999999778e-01
3.959999999999999978e-03,9.281249999999999778e-01
3.968000000000000173e-03,9.843750000000000000e-01
3.975999999999999500e-03,1.021875000000000089e+00
3.983999999999999694e-03,1.040624999999999911e+00
3.991999999999999889e-03,1.050000000000000044e+00
4.000000000000000083e-03,1.059374999999999956e+00
4.007999999999999410e-03,1.031250000000000000e+00
4.015999999999999605e-03,9.937500000000000222e-01
4.023999999999999799e-03,9.656250000000000666e-01
4.031999999999999994e-03,9.468750000000000222e-01
4.040000000000000188e-03,9.000000000000000222e-01
4.047999999999999515e-03,8.625000000000000444e-01
4.055999999999999710e-03,8.062500000000000222e-01
4.063999999999999904e-03,7.781250000000000666e-01
4.072000000000000099e-03,7.500000000000000000e-01
4.079999999999999426e-03,7.312500000000000666e-01
4.087999999999999620e-03,7.125000000000000222e-01
4.095999999999999815e-03,7.031250000000000000e-01
4.104000000000000009e-03,6.937500000000000888e-01
4.112000000000000204e-03,7.031250000000000000e-01
4.119999999999999531e-03,7.218750000000000444e-01
4.127999999999999725e-03,7.500000000000000000e-01
4.135999999999999920e-03,7.968750000000000000e-01
4.144000000000000114e-03,8.437500000000000000e-01
4.151999999999999441e-03,8.906250000000000000e-01
4.159999999999999636e-03,9.375000000000000000e-01
4.167999999999999830e-03,1.003125000000000044e+00
4.176000000000000024e-03,1.021875000000000089e+00
4.184000000000000219e-03,1.031250000000000000e+00
4.191999999999999546e-03,1.012499999999999956e+00
4.199999999999999740e-03,1.003125000000000044e+00
4.207999999999999935e-03,9.562500000000000444e-01
4.216000000000000129e-03,9.187500000000000666e-01
4.223999999999999456e-03,9.000000000000000222e-01
4.231999999999999651e-03,8.437500000000000000e-01
4.239999999999999845e-03,7.968750000000000000e-01
4.248000000000000040e-03,7.781250000000000666e-01
4.256000000000000234e-03,7.406250000000000888e-01
4.263999999999999561e-03,7.312500000000000666e-01
4.271999999999999756e-03,7.218750000000000444e-01
4.279999999999999950e-03,7.406250000000000888e-01
4.288000000000000145e-03,7.875000000000000888e-01
4.295999999999999472e-03,8.343749999999999778e-01
4.303999999999999666e-03,8.718750000000000666e-01
4.311999999999999861e-03,9.187500000000000666e-01
4.320000000000000055e-03,9.562500000000000444e-01
4.327999999999999382e-03,9.843750000000000000e-01
4.335999999999999577e-03,9.937500000000000222e-01
4.343999999999999771e-03,9.749999999999999778e-01
4.351999999999999966e-03,9.656250000000000666e-01
4.360000000000000160e-03,9.375000000000000000e-01
4.367999999999999487e-03,9.000000000000000222e-01
4.375999999999999682e-03,8.906250000000000000e-01
4.383999999999999876e-03,8.437500000000000000e-01
4.392000000000000071e-03,8.156250000000000444e-01
4.399999999999999398e-03,8.062500000000000222e-01
4.407999999999999592e-03,7.781250000000000666e-01
4.415999999999999787e-03,7.687500000000000444e-01
4.423999999999999981e-03,7.593750000000000222e-01
4.432000000000000176e-03,7.687500000000000444e-01
4.439999999999999503e-03,7.875000000000000888e-01
4.447999999999999697e-03,8.156250000000000444e-01
4.455999999999999892e-03,8.531250000000000222e-01
4.464000000000000086e-03,8.812499999999999778e-01
4.471999999999999413e-03,9.562500000000000444e-01
4.479999999999999608e-03,9.937500000000000222e-01
4.487999999999999802e-03,1.040624999999999911e+00
4.495999999999999996e-03,1.096875000000000044e+00
4.504000000000000191e-03,1.106249999999999956e+00
4.511999999999999518e-03,1.096875000000000044e+00
4.519999999999999712e-03,1.087499999999999911e+00
4.527999999999999907e-03,1.050000000000000044e+00
4.536000000000000101e-03,1.003125000000000044e+00
4.543999999999999428e-03,9.749999999999999778e-01
4.551999999999999623e-03,9.468750000000000222e-01
4.559999999999999817e-03,9.000000000000000222e-01
4.568000000000000012e-03,8.250000000000000666e-01
4.576000000000000206e-03,7.968750000000000000e-01
4.583999999999999533e-03,7.593750000000000222e-01
4.591999999999999728e-03,7.406250000000000888e-01
4.599999999999999922e-03,6.937500000000000888e-01
4.608000000000000117e-03,6.937500000000000888e-01
4.615999999999999444e-03,7.031250000000000000e-01
4.623999999999999638e-03,7.312500000000000666e-01
4.631999999999999833e-03,7.781250000000000666e-01
4.640000000000000027e-03,8.250000000000000666e-01
4.648000000000000222e-03,8.718750000000000666e-01
4.655999999999999549e-03,9.375000000000000000e-01
4.663999999999999743e-03,9.656250000000000666e-01
4.671999999999999938e-03,9.937500000000000222e-01
4.680000000000000132e-03,1.003125000000000044e+00
4.687999999999999459e-03,1.003125000000000044e+00
4.695999999999999654e-03,9.937500000000000222e-01
4.703999999999999848e-03,9.749999999999999778e-01
4.712000000000000043e-03,9.656250000000000666e-01
4.719999999999999370e-03,9.468750000000000222e-01
4.727999999999999564e-03,9.468750000000000222e-01
4.735999999999999759e-03,9.281249999999999778e-01
4.743999999999999953e-03,9.281249999999999778e-01
4.752000000000000147e-03,9.281249999999999778e-01
4.759999999999999475e-03,9.375000000000000000e-01
4.767999999999999669e-03,9.562500000000000444e-01
4.775999999999999863e-03,9.843750000000000000e-01
4.784000000000000058e-03,1.021875000000000089e+00
4.791999999999999385e-03,1.068750000000000089e+00
4.799999999999999580e-03,1.078125000000000000e+00
4.807999999999999774e-03,1.134374999999999911e+00
4.815999999999999968e-03,1.181249999999999911e+00
4.824000000000000163e-03,1.199999999999999956e+00
4.831999999999999490e-03,1.190625000000000044e+00
4.839999999999999684e-03,1.181249999999999911e+00
4.847999999999999879e-03,1.162500000000000089e+00
4.856000000000000073e-03,1.115625000000000089e+00
4.863999999999999400e-03,1.068750000000000089e+00
4.871999999999999595e-03,1.003125000000000044e+00
4.879999999999999789e-03,9.562500000000000444e-01
4.887999999999999984e-03,9.000000000000000222e-01
4.896000000000000178e-03,8.531250000000000222e-01
4.903999999999999505e-03,7.968750000000000000e-01
4.911999999999999700e-03,7.406250000000000888e-01
4.919999999999999894e-03,7.218750000000000444e-01
4.928000000000000089e-03,6.937500000000000888e-01
4.935999999999999416e-03,6.562500000000000000e-01
4.943999999999999610e-03,6.281250000000000444e-01
4.951999999999999805e-03,6.187500000000000222e-01
4.959999999999999999e-03,6.281250000000000444e-01
4.968000000000000194e-03,6.656250000000000222e-01
4.975999999999999521e-03,6.937500000000000888e-01
4.983999999999999715e-03,7.593750000000000222e-01
4.991999999999999910e-03,8.156250000000000444e-01
5.000000000000000104e-03,9.000000000000000222e-01
5.007999999999999431e-03,9.375000000000000000e-01
5.015999999999999626e-03,9.656250000000000666e-01
5.023999999999999820e-03,9.843750000000000000e-01
5.032000000000000015e-03,1.012499999999999956e+00
5.039999999999999342e-03,1.012499999999999956e+00
5.047999999999999536e-03,1.031250000000000000e+00
5.055999999999999731e-03,1.040624999999999911e+00
5.063999999999999925e-03,1.050000000000000044e+00
5.072000000000000119e-03,1.068750000000000089e+00
5.079999999999999447e-03,1.078125000000000000e+00
5.087999999999999641e-03,1.096875000000000044e+00
5.095999999999999835e-03,1.134374999999999911e+00
5.104000000000000030e-03,1.181249999999999911e+00
5.111999999999999357e-03,1.190625000000000044e+00
5.119999999999999551e-03,1.162500000000000089e+00
5.127999999999999746e-03,1.218750000000000000e+00
5.135999999999999940e-03,1.246874999999999956e+00
5.144000000000000135e-03,1.284375000000000044e+00
5.151999999999999462e-03,1.293749999999999956e+00
5.159999999999999656e-03,1.303125000000000089e+00
5.167999999999999851e-03,1.303125000000000089e+00
5.176000000000000045e-03,1.274999999999999911e+00
5.183999999999999372e-03,1.218750000000000000e+00
5.191999999999999567e-03,1.162500000000000089e+00
5.199999999999999761e-03,1.115625000000000089e+00
5.207999999999999956e-03,1.068750000000000089e+00
5.216000000000000150e-03,1.021875000000000089e+00
5.223999999999999477e-03,9.375000000000000000e-01
5.231999999999999672e-03,9.281249999999999778e-01
5.239999999999999866e-03,8.531250000000000222e-01
5.248000000000000061e-03,8.250000000000000666e-01
5.255999999999999388e-03,7.875000000000000888e-01
5.263999999999999582e-03,7.687500000000000444e-01
5.271999999999999777e-03,7.312500000000000666e-01
5.279999999999999971e-03,6.750000000000000444e-01
5.288000000000000166e-03,6.374999999999999556e-01
5.295999999999999493e-03,6.281250000000000444e-01
5.303999999999999687e-03,6.187500000000000222e-01
5.311999999999999882e-03,6.374999999999999556e-01
5.320000000000000076e-03,6.656250000000000222e-01
5.327999999999999403e-03,7.312500000000000666e-01
5.335999999999999598e-03,7.875000000000000888e-01
5.343999999999999792e-03,8.437500000000000000e-01
5.351999999999999987e-03,9.093750000000000444e-01
5.360000000000000181e-03,9.375000000000000000e-01
5.367999999999999508e-03,9.937500000000000222e-01
5.375999999999999703e-03,1.031250000000000000e+00
5.383999999999999897e-03,1.050000000000000044e+00
5.392000000000000091e-03,1.078125000000000000e+00
5.399999999999999419e-03,1.106249999999999956e+00
5.407999999999999613e-03,1.125000000000000000e+00
5.415999999999999807e-03,1.153124999999999956e+00
5.424000000000000002e-03,1.190625000000000044e+00
5.431999999999999329e-03,1.218750000000000000e+00
5.439999999999999523e-03,1.256250000000000089e+00
5.447999999999999718e-03,1.274999999999999911e+00
5.455999999999999912e-03,1.312500000000000000e+00
5.464000000000000107e-03,1.331250000000000044e+00
5.471999999999999434e-03,1.359375000000000000e+00
5.479999999999999628e-03,1.378125000000000044e+00
5.487999999999999823e-03,1.368749999999999911e+00
5.496000000000000017e-03,1.340624999999999956e+00
5.503999999999999344e-03,1.303125000000000089e+00
5.511999999999999539e-03,1.246874999999999956e+00
5.519999999999999733e-03,1.209375000000000089e+00
5.527999999999999928e-03,1.106249999999999956e+00
5.536000000000000122e-03,1.068750000000000089e+00
5.543999999999999449e-03,1.021875000000000089e+00
5.551999999999999644e-03,9.656250000000000666e-01
5.559999999999999838e-03,9.375000000000000000e-01
5.568000000000000033e-03,9.187500000000000666e-01
5.575999999999999360e-03,8.812499999999999778e-01
5.583999999999999554e-03,8.718750000000000666e-01
5.591999999999999749e-03,8.625000000000000444e-01
5.599999999999999943e-03,8.343749999999999778e-01
5.608000000000000138e-03,8.156250000000000444e-01
5.615999999999999465e-03,7.781250000000000666e-01
5.623999999999999659e-03,7.312500000000000666e-01
5.631999999999999854e-03,6.937500000000000888e-01
5.640000000000000048e-03,6.562500000000000000e-01
5.647999999999999375e-03,6.562500000000000000e-01
5.655999999999999570e-03,6.750000000000000444e-01
5.663999999999999764e-03,6.937500000000000888e-01
5.671999999999999958e-03,7.781250000000000666e-01
5.680000000000000153e-03,7.968750000000000000e-01
5.687999999999999480e-03,8.812499999999999778e-01
5.695999999999999674e-03,9.187500000000000666e-01
5.703999999999999869e-03,9.843750000000000000e-01
5.712000000000000063e-03,1.031250000000000000e+00
5.719999999999999390e-03,1.087499999999999911e+00
5.727999999999999585e-03,1.087499999999999911e+00
5.735999999999999779e-03,1.153124999999999956e+00
5.743999999999999974e-03,1.181249999999999911e+00
5.752000000000000168e-03,1.237500000000000044e+00
5.759999999999999495e-03,1.274999999999999911e+00
5.767999999999999690e-03,1.293749999999999956e+00
5.775999999999999884e-03,1.331250000000000044e+00
5.784000000000000079e-03,1.350000000000000089e+00
5.791999999999999406e-03,1.368749999999999911e+00
5.799999999999999600e-03,1.378125000000000044e+00
5.807999999999999795e-03,1.368749999999999911e+00
5.815999999999999989e-03,1.359375000000000000e+00
5.823999999999999316e-03,1.321874999999999911e+00
5.831999999999999511e-03,1.256250000000000089e+00
5.839999999999999705e-03,1.199999999999999956e+00
5.847999999999999900e-03,1.134374999999999911e+00
5.856000000000000094e-03,1.106249999999999956e+00
5.863999999999999421e-03,1.040624999999999911e+00
5.871999999999999616e-03,9.843750000000000000e-01
5.879999999999999810e-03,9.375000000000000000e-01
5.888000000000000005e-03,9.281249999999999778e-01
5.895999999999999332e-03,9.187500000000000666e-01
5.903999999999999526e-03,9.187500000000000666e-01
5.911999999999999721e-03,9.187500000000000666e-01
5.919999999999999915e-03,9.281249999999999778e-01
5.928000000000000110e-03,9.187500000000000666e-01
5.935999999999999437e-03,9.000000000000000222e-01
5.943999999999999631e-03,8.906250000000000000e-01
5.951999999999999826e-03,8.812499999999999778e-01
5.960000000000000020e-03,8.062500000000000222e-01
5.967999999999999347e-03,7.500000000000000000e-01
5.975999999999999542e-03,7.312500000000000666e-01
5.983999999999999736e-03,7.125000000000000222e-01
5.991999999999999930e-03,7.031250000000000000e-01
6.000000000000000125e-03,7.031250000000000000e-01
6.007999999999999452e-03,7.406250000000000888e-01
6.015999999999999646e-03,7.968750000000000000e-01
6.023999999999999841e-03,8.625000000000000444e-01
6.032000000000000035e-03,9.093750000000000444e-01
6.039999999999999362e-03,9.468750000000000222e-01
6.047999999999999557e-03,1.021875000000000089e+00
6.055999999999999751e-03,1.059374999999999956e+00
6.063999999999999946e-03,1.115625000000000089e+00
6.072000000000000140e-03,1.153124999999999956e+00
6.079999999999999467e-03,1.181249999999999911e+00
6.087999999999999662e-03,1.228124999999999911e+00
6.095999999999999856e-03,1.246874999999999956e+00
6.104000000000000051e-03,1.284375000000000044e+00
6.111999999999999378e-03,1.303125000000000089e+00
6.119999999999999572e-03,1.321874999999999911e+00
6.127999999999999767e-03,1.321874999999999911e+00
6.135999999999999961e-03,1.312500000000000000e+00
6.144000000000000156e-03,1.284375000000000044e+00
6.151999999999999483e-03,1.228124999999999911e+00
6.159999999999999677e-03,1.218750000000000000e+00
6.167999999999999872e-03,1.134374999999999911e+00
6.176000000000000066e-03,1.096875000000000044e+00
6.183999999999999393e-03,1.003125000000000044e+00
6.191999999999999588e-03,9.562500000000000444e-01
6.199999999999999782e-03,9.281249999999999778e-01
6.207999999999999977e-03,9.093750000000000444e-01
6.215999999999999304e-03,9.000000000000000222e-01
6.223999999999999498e-03,9.000000000000000222e-01
6.231999999999999693e-03,9.093750000000000444e-01
6.239999999999999887e-03,9.281249999999999778e-01
6.248000000000000081e-03,9.375000000000000000e-01
6.255999999999999409e-03,9.468750000000000222e-01
6.263999999999999603e-03,9.468750000000000222e-01
6.271999999999999797e-03,9.375000000000000000e-01
6.279999999999999992e-03,9.281249999999999778e-01
6.287999999999999319e-03,8.812499999999999778e-01
6.295999999999999514e-03,8.531250000000000222e-01
6.303999999999999708e-03,7.875000000000000888e-01
6.311999999999999902e-03,7.781250000000000666e-01
6.320000000000000097e-03,7.593750000000000222e-01
6.327999999999999424e-03,7.406250000000000888e-01
6.335999999999999618e-03,7.593750000000000222e-01
6.343999999999999813e-03,7.968750000000000000e-01
6.352000000000000007e-03,8.437500000000000000e-01
6.359999999999999334e-03,8.812499999999999778e-01
6.367999999999999529e-03,9.281249999999999778e-01
6.375999999999999723e-03,9.843750000000000000e-01
6.383999999999999918e-03,1.012499999999999956e+00
6.392000000000000112e-03,1.087499999999999911e+00
6.399999999999999439e-03,1.143750000000000044e+00
6.407999999999999634e-03,1.153124999999999956e+00
6.415999999999999828e-03,1.190625000000000044e+00
6.424000000000000023e-03,1.237500000000000044e+00
6.431999999999999350e-03,1.265625000000000000e+00
6.439999999999999544e-03,1.284375000000000044e+00
6.447999999999999739e-03,1.303125000000000089e+00
6.455999999999999933e-03,1.312500000000000000e+00
6.464000000000000128e-03,1.293749999999999956e+00
6.471999999999999455e-03,1.293749999999999956e+00
6.479999999999999649e-03,1.256250000000000089e+00
6.487999999999999844e-03,1.218750000000000000e+00
6.496000000000000038e-03,1.153124999999999956e+00
6.503999999999999365e-03,1.078125000000000000e+00
6.511999999999999560e-03,1.031250000000000000e+00
6.519999999999999754e-03,9.749999999999999778e-01
6.527999999999999949e-03,9.375000000000000000e-01
6.535999999999999276e-03,9.093750000000000444e-01
6.543999999999999470e-03,9.000000000000000222e-01
6.551999999999999665e-03,8.906250000000000000e-01
6.559999999999999859e-03,8.906250000000000000e-01
6.568000000000000053e-03,9.187500000000000666e-01
6.575999999999999381e-03,9.468750000000000222e-01
6.583999999999999575e-03,9.562500000000000444e-01
6.591999999999999769e-03,9.656250000000000666e-01
6.599999999999999964e-03,9.843750000000000000e-01
6.607999999999999291e-03,9.749999999999999778e-01
6.615999999999999485e-03,9.562500000000000444e-01
6.623999999999999680e-03,9.375000000000000000e-01
6.631999999999999874e-03,8.812499999999999778e-01
6.640000000000000069e-03,8.343749999999999778e-01
6.647999999999999396e-03,7.875000000000000888e-01
6.655999999999999590e-03,7.593750000000000222e-01
6.663999999999999785e-03,7.593750000000000222e-01
6.671999999999999979e-03,7.500000000000000000e-01
6.679999999999999306e-03,7.968750000000000000e-01
6.687999999999999501e-03,8.156250000000000444e-01
6.695999999999999695e-03,8.531250000000000222e-01
6.703999999999999890e-03,8.906250000000000000e-01
6.712000000000000084e-03,9.468750000000000222e-01
6.719999999999999411e-03,9.937500000000000222e-01
6.727999999999999606e-03,1.059374999999999956e+00
6.735999999999999800e-03,1.078125000000000000e+00
6.743999999999999995e-03,1.125000000000000000e+00
6.751999999999999322e-03,1.153124999999999956e+00
6.759999999999999516e-03,1.190625000000000044e+00
6.767999999999999711e-03,1.218750000000000000e+00
6.775999999999999905e-03,1.228124999999999911e+00
6.784000000000000100e-03,1.237500000000000044e+00
6.791999999999999427e-03,1.228124999999999911e+00
6.799999999999999621e-03,1.218750000000000000e+00
6.807999999999999816e-03,1.162500000000000089e+00
6.816000000000000010e-03,1.153124999999999956e+00
6.823999999999999337e-03,1.078125000000000000e+00
6.831999999999999532e-03,1.031250000000000000e+00
6.839999999999999726e-03,9.562500000000000444e-01
6.847999999999999921e-03,9.281249999999999778e-01
6.856000000000000115e-03,8.906250000000000000e-01
6.863999999999999442e-03,8.625000000000000444e-01
6.871999999999999637e-03,8.625000000000000444e-01
6.879999999999999831e-03,8.625000000000000444e-01
6.888000000000000025e-03,8.812499999999999778e-01
6.895999999999999353e-03,9.093750000000000444e-01
6.903999999999999547e-03,9.375000000000000000e-01
6.911999999999999741e-03,9.656250000000000666e-01
6.919999999999999936e-03,1.003125000000000044e+00
6.927999999999999263e-03,1.021875000000000089e+00
6.935999999999999457e-03,1.040624999999999911e+00
6.943999999999999652e-03,1.050000000000000044e+00
6.951999999999999846e-03,1.040624999999999911e+00
6.960000000000000041e-03,1.031250000000000000e+00
6.967999999999999368e-03,9.656250000000000666e-01
6.975999999999999562e-03,9.468750000000000222e-01
6.983999999999999757e-03,8.718750000000000666e-01
6.991999999999999951e-03,8.531250000000000222e-01
6.999999999999999278e-03,8.062500000000000222e-01
7.007999999999999473e-03,7.968750000000000000e-01
7.015999999999999667e-03,8.062500000000000222e-01
7.023999999999999862e-03,8.343749999999999778e-01
7.032000000000000056e-03,8.437500000000000000e-01
7.039999999999999383e-03,8.906250000000000000e-01
7.047999999999999578e-03,9.093750000000000444e-01
7.055999999999999772e-03,9.468750000000000222e-01
7.063999999999999967e-03,9.843750000000000000e-01
7.071999999999999294e-03,1.003125000000000044e+00
7.079999999999999488e-03,1.031250000000000000e+00
7.087999999999999683e-03,1.050000000000000044e+00
7.095999999999999877e-03,1.068750000000000089e+00
7.104000000000000072e-03,1.068750000000000089e+00
7.111999999999999399e-03,1.050000000000000044e+00
7.119999999999999593e-03,1.050000000000000044e+00
7.127999999999999788e-03,1.012499999999999956e+00
7.135999999999999982e-03,9.656250000000000666e-01
7.143999999999999309e-03,9.468750000000000222e-01
7.151999999999999504e-03,9.000000000000000222e-01
7.159999999999999698e-03,8.250000000000000666e-01
7.167999999999999892e-03,7.968750000000000000e-01
7.176000000000000087e-03,7.781250000000000666e-01
7.183999999999999414e-03,7.593750000000000222e-01
7.191999999999999608e-03,7.593750000000000222e-01
7.199999999999999803e-03,7.875000000000000888e-01
7.207999999999999997e-03,8.156250000000000444e-01
7.215999999999999324e-03,8.531250000000000222e-01
7.223999999999999519e-03,8.906250000000000000e-01
7.231999999999999713e-03,9.375000000000000000e-01
7.239999999999999908e-03,9.562500000000000444e-01
7.248000000000000102e-03,1.021875000000000089e+00
7.255999999999999429e-03,1.068750000000000089e+00
7.263999999999999624e-03,1.087499999999999911e+00
7.271999999999999818e-03,1.115625000000000089e+00
7.280000000000000013e-03,1.134374999999999911e+00
7.287999999999999340e-03,1.125000000000000000e+00
7.295999999999999534e-03,1.125000000000000000e+00
7.303999999999999729e-03,1.078125000000000000e+00
7.311999999999999923e-03,1.031250000000000000e+00
7.319999999999999250e-03,9.749999999999999778e-01
7.327999999999999445e-03,9.375000000000000000e-01
7.335999999999999639e-03,8.812499999999999778e-01
7.343999999999999834e-03,8.625000000000000444e-01
7.352000000000000028e-03,8.437500000000000000e-01
7.359999999999999355e-03,8.437500000000000000e-01
7.367999999999999550e-03,8.531250000000000222e-01
7.375999999999999744e-03,8.718750000000000666e-01
7.383999999999999939e-03,9.000000000000000222e-01
7.391999999999999266e-03,9.187500000000000666e-01
7.399999999999999460e-03,9.281249999999999778e-01
7.407999999999999655e-03,9.562500000000000444e-01
7.415999999999999849e-03,9.562500000000000444e-01
7.424000000000000044e-03,9.656250000000000666e-01
7.431999999999999371e-03,9.749999999999999778e-01
7.439999999999999565e-03,9.656250000000000666e-01
7.447999999999999760e-03,9.468750000000000222e-01
7.455999999999999954e-03,9.281249999999999778e-01
7.463999999999999281e-03,8.812499999999999778e-01
7.471999999999999476e-03,8.718750000000000666e-01
7.479999999999999670e-03,8.156250000000000444e-01
7.487999999999999864e-03,7.593750000000000222e-01
7.496000000000000059e-03,7.218750000000000444e-01
7.503999999999999386e-03,7.125000000000000222e-01
7.511999999999999580e-03,6.937500000000000888e-01
7.519999999999999775e-03,6.937500000000000888e-01
7.527999999999999969e-03,7.031250000000000000e-01
7.535999999999999296e-03,7.500000000000000000e-01
7.543999999999999491e-03,7.968750000000000000e-01
7.551999999999999685e-03,8.250000000000000666e-01
7.559999999999999880e-03,8.906250000000000000e-01
7.568000000000000074e-03,9.187500000000000666e-01
7.575999999999999401e-03,9.749999999999999778e-01
7.583999999999999596e-03,1.003125000000000044e+00
7.591999999999999790e-03,1.050000000000000044e+00
7.599999999999999985e-03,1.096875000000000044e+00
7.607999999999999312e-03,1.115625000000000089e+00
7.615999999999999506e-03,1.134374999999999911e+00
7.623999999999999701e-03,1.134374999999999911e+00
7.631999999999999895e-03,1.106249999999999956e+00
7.639999999999999222e-03,1.087499999999999911e+00
7.647999999999999417e-03,1.021875000000000089e+00
7.655999999999999611e-03,9.562500000000000444e-01
7.663999999999999806e-03,9.000000000000000222e-01
7.672000000000000000e-03,8.812499999999999778e-01
7.679999999999999327e-03,8.625000000000000444e-01
7.687999999999999522e-03,8.531250000000000222e-01
7.695999999999999716e-03,8.531250000000000222e-01
7.703999999999999911e-03,8.718750000000000666e-01
7.711999999999999238e-03,8.718750000000000666e-01
7.719999999999999432e-03,9.000000000000000222e-01
7.727999999999999627e-03,9.281249999999999778e-01
7.735999999999999821e-03,9.375000000000000000e-01
7.744000000000000015e-03,9.468750000000000222e-01
7.751999999999999343e-03,9.656250000000000666e-01
7.759999999999999537e-03,9.656250000000000666e-01
7.767999999999999731e-03,9.749999999999999778e-01
7.775999999999999926e-03,9.562500000000000444e-01
7.783999999999999253e-03,9.375000000000000000e-01
7.791999999999999447e-03,9.187500000000000666e-01
7.799999999999999642e-03,8.812499999999999778e-01
7.807999999999999836e-03,8.437500000000000000e-01
7.816000000000000031e-03,7.875000000000000888e-01
7.823999999999999358e-03,7.687500000000000444e-01
7.832000000000000420e-03,7.218750000000000444e-01
7.839999999999999747e-03,7.031250000000000000e-01
7.847999999999999074e-03,6.937500000000000888e-01
7.856000000000000136e-03,7.031250000000000000e-01
7.863999999999999463e-03,7.218750000000000444e-01
7.871999999999998790e-03,7.406250000000000888e-01
7.879999999999999852e-03,7.968750000000000000e-01
7.887999999999999179e-03,8.625000000000000444e-01
7.896000000000000241e-03,8.906250000000000000e-01
7.903999999999999568e-03,9.468750000000000222e-01
7.911999999999998895e-03,9.843750000000000000e-01
7.919999999999999957e-03,1.012499999999999956e+00
7.927999999999999284e-03,1.068750000000000089e+00
7.936000000000000346e-03,1.096875000000000044e+00
7.943999999999999673e-03,1.115625000000000089e+00
7.951999999999999000e-03,1.125000000000000000e+00
7.960000000000000062e-03,1.125000000000000000e+00
7.967999999999999389e-03,1.106249999999999956e+00
7.976000000000000451e-03,1.068750000000000089e+00
7.983999999999999778e-03,9.937500000000000222e-01
7.991999999999999105e-03,9.656250000000000666e-01
8.000000000000000167e-03,9.187500000000000666e-01
8.007999999999999494e-03,8.625000000000000444e-01
8.015999999999998821e-03,8.531250000000000222e-01
8.023999999999999883e-03,8.343749999999999778e-01
8.031999999999999210e-03,8.437500000000000000e-01
8.040000000000000271e-03,8.531250000000000222e-01
8.047999999999999599e-03,8.625000000000000444e-01
8.055999999999998926e-03,8.812499999999999778e-01
8.063999999999999987e-03,9.000000000000000222e-01
8.071999999999999315e-03,8.906250000000000000e-01
8.080000000000000376e-03,9.281249999999999778e-01
8.087999999999999703e-03,9.187500000000000666e-01
8.095999999999999031e-03,9.187500000000000666e-01
8.104000000000000092e-03,9.187500000000000666e-01
8.111999999999999419e-03,9.000000000000000222e-01
8.120000000000000481e-03,8.718750000000000666e-01
8.127999999999999808e-03,8.437500000000000000e-01
8.135999999999999135e-03,8.156250000000000444e-01
8.144000000000000197e-03,7.500000000000000000e-01
8.151999999999999524e-03,7.125000000000000222e-01
8.159999999999998851e-03,7.031250000000000000e-01
8.167999999999999913e-03,6.656250000000000222e-01
8.175999999999999240e-03,6.656250000000000222e-01
8.184000000000000302e-03,6.656250000000000222e-01
8.191999999999999629e-03,7.125000000000000222e-01
8.199999999999998956e-03,7.312500000000000666e-01
8.208000000000000018e-03,7.968750000000000000e-01
8.215999999999999345e-03,8.437500000000000000e-01
8.224000000000000407e-03,8.812499999999999778e-01
8.231999999999999734e-03,9.187500000000000666e-01
8.239999999999999061e-03,9.656250000000000666e-01
8.248000000000000123e-03,1.031250000000000000e+00
8.255999999999999450e-03,1.040624999999999911e+00
8.263999999999998777e-03,1.096875000000000044e+00
8.271999999999999839e-03,1.106249999999999956e+00
8.279999999999999166e-03,1.153124999999999956e+00
8.288000000000000228e-03,1.171875000000000000e+00
8.295999999999999555e-03,1.181249999999999911e+00
8.303999999999998882e-03,1.162500000000000089e+00
8.311999999999999944e-03,1.134374999999999911e+00
8.319999999999999271e-03,1.096875000000000044e+00
8.328000000000000333e-03,1.040624999999999911e+00
8.335999999999999660e-03,9.656250000000000666e-01
8.343999999999998987e-03,9.187500000000000666e-01
8.352000000000000049e-03,8.812499999999999778e-01
8.359999999999999376e-03,8.531250000000000222e-01
8.368000000000000438e-03,8.437500000000000000e-01
8.375999999999999765e-03,8.437500000000000000e-01
8.383999999999999092e-03,8.343749999999999778e-01
8.392000000000000154e-03,8.250000000000000666e-01
8.399999999999999481e-03,8.250000000000000666e-01
8.407999999999998808e-03,8.156250000000000444e-01
8.415999999999999870e-03,8.062500000000000222e-01
8.423999999999999197e-03,7.968750000000000000e-01
8.432000000000000259e-03,7.781250000000000666e-01
8.439999999999999586e-03,7.687500000000000444e-01
8.447999999999998913e-03,7.218750000000000444e-01
8.455999999999999975e-03,6.843750000000000666e-01
8.463999999999999302e-03,6.562500000000000000e-01
8.472000000000000364e-03,6.281250000000000444e-01
8.479999999999999691e-03,6.093750000000000000e-01
8.487999999999999018e-03,5.906249999999999556e-01
8.496000000000000080e-03,5.718750000000000222e-01
8.503999999999999407e-03,5.906249999999999556e-01
8.512000000000000469e-03,6.187500000000000222e-01
8.519999999999999796e-03,6.468750000000000888e-01
8.527999999999999123e-03,6.937500000000000888e-01
8.536000000000000185e-03,7.593750000000000222e-01
8.543999999999999512e-03,8.343749999999999778e-01
8.551999999999998839e-03,8.625000000000000444e-01
8.559999999999999901e-03,9.093750000000000444e-01
8.567999999999999228e-03,9.281249999999999778e-01
8.576000000000000290e-03,9.843750000000000000e-01
8.583999999999999617e-03,1.021875000000000089e+00
8.591999999999998944e-03,1.040624999999999911e+00
8.600000000000000006e-03,1.087499999999999911e+00
8.607999999999999333e-03,1.106249999999999956e+00
8.616000000000000394e-03,1.162500000000000089e+00
8.623999999999999722e-03,1.171875000000000000e+00
8.631999999999999049e-03,1.190625000000000044e+00
8.640000000000000110e-03,1.181249999999999911e+00
8.647999999999999438e-03,1.143750000000000044e+00
8.655999999999998765e-03,1.096875000000000044e+00
8.663999999999999826e-03,1.078125000000000000e+00
8.671999999999999154e-03,1.003125000000000044e+00
8.680000000000000215e-03,9.375000000000000000e-01
8.687999999999999542e-03,9.000000000000000222e-01
8.695999999999998870e-03,8.531250000000000222e-01
8.703999999999999931e-03,8.343749999999999778e-01
8.711999999999999258e-03,8.156250000000000444e-01
8.720000000000000320e-03,7.968750000000000000e-01
8.727999999999999647e-03,7.687500000000000444e-01
8.735999999999998974e-03,7.500000000000000000e-01
8.744000000000000036e-03,7.406250000000000888e-01
8.751999999999999363e-03,6.937500000000000888e-01
8.760000000000000425e-03,6.843750000000000666e-01
8.767999999999999752e-03,6.750000000000000444e-01
8.775999999999999079e-03,6.187500000000000222e-01
8.784000000000000141e-03,6.093750000000000000e-01
8.791999999999999468e-03,5.625000000000000000e-01
8.799999999999998795e-03,5.437499999999999556e-01
8.807999999999999857e-03,5.343750000000000444e-01
8.815999999999999184e-03,5.250000000000000222e-01
8.824000000000000246e-03,5.250000000000000222e-01
8.831999999999999573e-03,5.531250000000000888e-01
8.839999999999998900e-03,6.000000000000000888e-01
8.847999999999999962e-03,6.562500000000000000e-01
8.855999999999999289e-03,7.218750000000000444e-01
8.864000000000000351e-03,7.687500000000000444e-01
8.871999999999999678e-03,8.250000000000000666e-01
8.879999999999999005e-03,8.625000000000000444e-01
8.888000000000000067e-03,9.000000000000000222e-01
8.895999999999999394e-03,9.281249999999999778e-01
8.904000000000000456e-03,9.468750000000000222e-01
8.911999999999999783e-03,9.562500000000000444e-01
8.919999999999999110e-03,9.749999999999999778e-01
8.928000000000000172e-03,9.843750000000000000e-01
8.935999999999999499e-03,1.003125000000000044e+00
8.943999999999998826e-03,1.031250000000000000e+00
8.951999999999999888e-03,1.068750000000000089e+00
8.959999999999999215e-03,1.106249999999999956e+00
8.968000000000000277e-03,1.153124999999999956e+00
8.975999999999999604e-03,1.162500000000000089e+00
8.983999999999998931e-03,1.162500000000000089e+00
8.991999999999999993e-03,1.143750000000000044e+00
8.999999999999999320e-03,1.087499999999999911e+00
9.008000000000000382e-03,1.068750000000000089e+00
9.015999999999999709e-03,1.003125000000000044e+00
9.023999999999999036e-03,9.562500000000000444e-01
9.032000000000000098e-03,9.187500000000000666e-01
9.039999999999999425e-03,8.625000000000000444e-01
9.047999999999998752e-03,8.156250000000000444e-01
9.055999999999999814e-03,7.875000000000000888e-01
9.063999999999999141e-03,7.312500000000000666e-01
9.072000000000000203e-03,7.031250000000000000e-01
9.079999999999999530e-03,6.843750000000000666e-01
9.087999999999998857e-03,6.281250000000000444e-01
9.095999999999999919e-03,6.000000000000000888e-01
9.103999999999999246e-03,5.812500000000000444e-01
9.112000000000000308e-03,5.437499999999999556e-01
9.119999999999999635e-03,5.250000000000000222e-01
9.127999999999998962e-03,5.062500000000000888e-01
9.136000000000000024e-03,4.968750000000000111e-01
9.143999999999999351e-03,5.062500000000000888e-01
9.152000000000000413e-03,5.250000000000000222e-01
9.159999999999999740e-03,5.718750000000000222e-01
9.167999999999999067e-03,6.093750000000000000e-01
9.176000000000000129e-03,6.843750000000000666e-01
9.183999999999999456e-03,7.125000000000000222e-01
9.191999999999998783e-03,7.968750000000000000e-01
9.199999999999999845e-03,8.437500000000000000e-01
9.207999999999999172e-03,8.718750000000000666e-01
9.216000000000000233e-03,9.093750000000000444e-01
9.223999999999999561e-03,9.187500000000000666e-01
9.231999999999998888e-03,9.375000000000000000e-01
9.239999999999999949e-03,9.281249999999999778e-01
9.247999999999999277e-03,9.375000000000000000e-01
9.256000000000000338e-03,9.375000000000000000e-01
9.263999999999999665e-03,9.468750000000000222e-01
9.271999999999998993e-03,9.656250000000000666e-01
9.280000000000000054e-03,9.937500000000000222e-01
9.287999999999999381e-03,1.031250000000000000e+00
9.296000000000000443e-03,1.059374999999999956e+00
9.303999999999999770e-03,1.115625000000000089e+00
9.311999999999999097e-03,1.125000000000000000e+00
9.320000000000000159e-03,1.143750000000000044e+00
9.327999999999999486e-03,1.134374999999999911e+00
9.335999999999998814e-03,1.078125000000000000e+00
9.343999999999999875e-03,1.040624999999999911e+00
9.351999999999999202e-03,9.937500000000000222e-01
9.360000000000000264e-03,9.281249999999999778e-01
9.367999999999999591e-03,9.000000000000000222e-01
9.375999999999998918e-03,8.531250000000000222e-01
9.383999999999999980e-03,8.062500000000000222e-01
9.391999999999999307e-03,7.593750000000000222e-01
9.400000000000000369e-03,7.312500000000000666e-01
9.407999999999999696e-03,6.937500000000000888e-01
9.415999999999999023e-03,6.562500000000000000e-01
9.424000000000000085e-03,6.281250000000000444e-01
9.431999999999999412e-03,5.718750000000000222e-01
9.439999999999998739e-03,5.625000000000000000e-01
9.447999999999999801e-03,5.437499999999999556e-01
9.455999999999999128e-03,5.250000000000000222e-01
9.464000000000000190e-03,5.156250000000000000e-01
9.471999999999999517e-03,5.156250000000000000e-01
9.479999999999998844e-03,5.343750000000000444e-01
9.487999999999999906e-03,5.718750000000000222e-01
9.495999999999999233e-03,6.093750000000000000e-01
9.504000000000000295e-03,6.656250000000000222e-01
9.511999999999999622e-03,7.218750000000000444e-01
9.519999999999998949e-03,7.968750000000000000e-01
9.528000000000000011e-03,8.343749999999999778e-01
9.535999999999999338e-03,8.812499999999999778e-01
9.544000000000000400e-03,9.000000000000000222e-01
9.551999999999999727e-03,9.187500000000000666e-01
9.559999999999999054e-03,9.281249999999999778e-01
9.568000000000000116e-03,9.375000000000000000e-01
9.575999999999999443e-03,9.281249999999999778e-01
9.583999999999998770e-03,9.281249999999999778e-01
9.591999999999999832e-03,9.281249999999999778e-01
9.599999999999999159e-03,9.375000000000000000e-01
9.608000000000000221e-03,9.562500000000000444e-01
9.615999999999999548e-03,9.937500000000000222e-01
9.623999999999998875e-03,1.040624999999999911e+00
9.631999999999999937e-03,1.050000000000000044e+00
9.639999999999999264e-03,1.087499999999999911e+00
9.648000000000000326e-03,1.115625000000000089e+00
9.655999999999999653e-03,1.115625000000000089e+00
9.663999999999998980e-03,1.106249999999999956e+00
9.672000000000000042e-03,1.068750000000000089e+00
9.679999999999999369e-03,1.021875000000000089e+00
9.687999999999998696e-03,9.937500000000000222e-01
9.695999999999999758e-03,9.281249999999999778e-01
9.703999999999999085e-03,8.812499999999999778e-01
9.712000000000000147e-03,8.437500000000000000e-01
9.719999999999999474e-03,7.687500000000000444e-01
9.727999999999998801e-03,7.593750000000000222e-01
9.735999999999999863e-03,7.218750000000000444e-01
9.743999999999999190e-03,6.750000000000000444e-01
9.752000000000000252e-03,6.281250000000000444e-01
9.759999999999999579e-03,6.000000000000000888e-01
9.767999999999998906e-03,5.906249999999999556e-01
9.775999999999999968e-03,5.625000000000000000e-01
9.783999999999999295e-03,5.343750000000000444e-01
9.792000000000000356e-03,5.156250000000000000e-01
9.799999999999999684e-03,5.062500000000000888e-01
9.807999999999999011e-03,5.343750000000000444e-01
9.816000000000000072e-03,5.531250000000000888e-01
9.823999999999999400e-03,5.812500000000000444e-01
9.831999999999998727e-03,6.281250000000000444e-01
9.839999999999999789e-03,7.125000000000000222e-01
9.847999999999999116e-03,7.781250000000000666e-01
9.856000000000000177e-03,8.250000000000000666e-01
9.863999999999999505e-03,8.437500000000000000e-01
9.871999999999998832e-03,8.812499999999999778e-01
9.879999999999999893e-03,9.281249999999999778e-01
9.887999999999999221e-03,9.281249999999999778e-01
9.896000000000000282e-03,9.281249999999999778e-01
9.903999999999999609e-03,9.281249999999999778e-01
9.911999999999998937e-03,9.281249999999999778e-01
9.919999999999999998e-03,9.281249999999999778e-01
9.927999999999999325e-03,9.187500000000000666e-01
9.936000000000000387e-03,9.281249999999999778e-01
9.943999999999999714e-03,9.468750000000000222e-01
9.951999999999999041e-03,9.843750000000000000e-01
9.960000000000000103e-03,1.021875000000000089e+00
9.967999999999999430e-03,1.050000000000000044e+00
9.975999999999998757e-03,1.078125000000000000e+00
9.983999999999999819e-03,1.115625000000000089e+00
9.991999999999999146e-03,1.115625000000000089e+00
1.000000000000000021e-02,1.106249999999999956e+00
1.000799999999999954e-02,1.068750000000000089e+00
1.001599999999999886e-02,1.040624999999999911e+00
1.002399999999999992e-02,9.562500000000000444e-01
1.003199999999999925e-02,9.281249999999999778e-01
1.004000000000000031e-02,8.718750000000000666e-01
1.004799999999999964e-02,8.625000000000000444e-01
1.005599999999999897e-02,7.968750000000000000e-01
1.006400000000000003e-02,7.593750000000000222e-01
1.007199999999999936e-02,7.125000000000000222e-01
1.007999999999999868e-02,6.656250000000000222e-01
1.008799999999999975e-02,6.374999999999999556e-01
1.009599999999999907e-02,6.187500000000000222e-01
1.010400000000000013e-02,5.906249999999999556e-01
1.011199999999999946e-02,5.625000000000000000e-01
1.011999999999999879e-02,5.531250000000000888e-01
1.012799999999999985e-02,5.437499999999999556e-01
1.013599999999999918e-02,5.625000000000000000e-01
1.014400000000000024e-02,5.906249999999999556e-01
1.015199999999999957e-02,6.281250000000000444e-01
1.015999999999999889e-02,6.468750000000000888e-01
1.016799999999999995e-02,7.312500000000000666e-01
1.017599999999999928e-02,7.687500000000000444e-01
1.018400000000000034e-02,8.343749999999999778e-01
1.019199999999999967e-02,8.812499999999999778e-01
1.019999999999999900e-02,9.187500000000000666e-01
1.020800000000000006e-02,9.375000000000000000e-01
1.021599999999999939e-02,9.468750000000000222e-01
1.022399999999999871e-02,9.468750000000000222e-01
1.023199999999999978e-02,9.187500000000000666e-01
1.023999999999999910e-02,9.187500000000000666e-01
1.024800000000000016e-02,8.906250000000000000e-01
1.025599999999999949e-02,8.812499999999999778e-01
1.026399999999999882e-02,8.625000000000000444e-01
1.027199999999999988e-02,8.718750000000000666e-01
1.027999999999999921e-02,8.812499999999999778e-01
1.028800000000000027e-02,9.093750000000000444e-01
1.029599999999999960e-02,9.562500000000000444e-01
1.030399999999999892e-02,1.021875000000000089e+00
1.031199999999999999e-02,1.050000000000000044e+00
1.031999999999999931e-02,1.068750000000000089e+00
1.032800000000000037e-02,1.078125000000000000e+00
1.033599999999999970e-02,1.078125000000000000e+00
1.034399999999999903e-02,1.050000000000000044e+00
1.035200000000000009e-02,9.937500000000000222e-01
1.035999999999999942e-02,9.562500000000000444e-01
1.036799999999999874e-02,9.281249999999999778e-01
1.037599999999999981e-02,8.718750000000000666e-01
1.038399999999999913e-02,8.531250000000000222e-01
1.039200000000000020e-02,8.062500000000000222e-01
1.039999999999999952e-02,7.500000000000000000e-01
1.040799999999999885e-02,7.125000000000000222e-01
1.041599999999999991e-02,6.750000000000000444e-01
1.042399999999999924e-02,6.468750000000000888e-01
1.043200000000000030e-02,6.281250000000000444e-01
1.043999999999999963e-02,6.093750000000000000e-01
1.044799999999999895e-02,6.000000000000000888e-01
1.045600000000000002e-02,6.093750000000000000e-01
1.046399999999999934e-02,6.187500000000000222e-01
1.047199999999999867e-02,6.468750000000000888e-01
1.047999999999999973e-02,6.656250000000000222e-01
1.048799999999999906e-02,7.312500000000000666e-01
1.049600000000000012e-02,7.687500000000000444e-01
1.050399999999999945e-02,8.531250000000000222e-01
1.051199999999999878e-02,8.906250000000000000e-01
1.051999999999999984e-02,9.468750000000000222e-01
1.052799999999999916e-02,9.562500000000000444e-01
1.053600000000000023e-02,9.749999999999999778e-01
1.054399999999999955e-02,9.749999999999999778e-01
1.055199999999999888e-02,9.656250000000000666e-01
1.055999999999999994e-02,9.281249999999999778e-01
1.056799999999999927e-02,9.000000000000000222e-01
1.057600000000000033e-02,8.718750000000000666e-01
1.058399999999999966e-02,8.531250000000000222e-01
1.059199999999999899e-02,8.250000000000000666e-01
1.060000000000000005e-02,8.062500000000000222e-01
1.060799999999999937e-02,7.968750000000000000e-01
1.061599999999999870e-02,8.156250000000000444e-01
1.062399999999999976e-02,8.343749999999999778e-01
1.063199999999999909e-02,8.531250000000000222e-01
1.064000000000000015e-02,9.093750000000000444e-01
1.064799999999999948e-02,9.562500000000000444e-01
1.065599999999999881e-02,1.003125000000000044e+00
1.066399999999999987e-02,1.021875000000000089e+00
1.067199999999999920e-02,1.031250000000000000e+00
1.068000000000000026e-02,1.021875000000000089e+00
1.068799999999999958e-02,9.937500000000000222e-01
1.069599999999999891e-02,9.562500000000000444e-01
1.070399999999999997e-02,9.375000000000000000e-01
1.071199999999999930e-02,8.906250000000000000e-01
1.072000000000000036e-02,8.625000000000000444e-01
1.072799999999999969e-02,8.250000000000000666e-01
1.073599999999999902e-02,7.687500000000000444e-01
1.074400000000000008e-02,7.500000000000000000e-01
1.075199999999999941e-02,7.312500000000000666e-01
1.075999999999999873e-02,7.031250000000000000e-01
1.076799999999999979e-02,6.937500000000000888e-01
1.077599999999999912e-02,6.843750000000000666e-01
1.078400000000000018e-02,6.843750000000000666e-01
1.079199999999999951e-02,7.031250000000000000e-01
1.079999999999999884e-02,7.312500000000000666e-01
1.080799999999999990e-02,7.593750000000000222e-01
1.081599999999999923e-02,7.875000000000000888e-01
1.082400000000000029e-02,8.437500000000000000e-01
1.083199999999999961e-02,9.000000000000000222e-01
1.083999999999999894e-02,9.468750000000000222e-01
1.084800000000000000e-02,1.003125000000000044e+00
1.085599999999999933e-02,1.031250000000000000e+00
1.086399999999999866e-02,1.040624999999999911e+00
1.087199999999999972e-02,1.031250000000000000e+00
1.087999999999999905e-02,1.031250000000000000e+00
1.088800000000000011e-02,9.937500000000000222e-01
1.089599999999999944e-02,9.562500000000000444e-01
1.090399999999999876e-02,9.187500000000000666e-01
1.091199999999999982e-02,9.000000000000000222e-01
1.091999999999999915e-02,8.531250000000000222e-01
1.092800000000000021e-02,8.343749999999999778e-01
1.093599999999999954e-02,8.062500000000000222e-01
1.094399999999999887e-02,8.062500000000000222e-01
1.095199999999999993e-02,8.250000000000000666e-01
1.095999999999999926e-02,8.343749999999999778e-01
1.096800000000000032e-02,8.812499999999999778e-01
1.097599999999999965e-02,9.468750000000000222e-01
1.098399999999999897e-02,9.937500000000000222e-01
1.099200000000000003e-02,1.031250000000000000e+00
1.099999999999999936e-02,1.031250000000000000e+00
1.100799999999999869e-02,1.031250000000000000e+00
1.101599999999999975e-02,1.012499999999999956e+00
1.102399999999999908e-02,9.937500000000000222e-01
1.103200000000000014e-02,9.656250000000000666e-01
1.103999999999999947e-02,9.187500000000000666e-01
1.104799999999999879e-02,8.812499999999999778e-01
1.105599999999999986e-02,8.250000000000000666e-01
1.106399999999999918e-02,8.156250000000000444e-01
1.107200000000000024e-02,7.781250000000000666e-01
1.107999999999999957e-02,7.593750000000000222e-01
1.108799999999999890e-02,7.218750000000000444e-01
1.109599999999999996e-02,6.843750000000000666e-01
1.110399999999999929e-02,6.656250000000000222e-01
1.111200000000000035e-02,6.656250000000000222e-01
1.111999999999999968e-02,6.750000000000000444e-01
1.112799999999999900e-02,6.843750000000000666e-01
1.113600000000000007e-02,7.125000000000000222e-01
1.114399999999999939e-02,7.593750000000000222e-01
1.115199999999999872e-02,8.062500000000000222e-01
1.115999999999999978e-02,8.531250000000000222e-01
1.116799999999999911e-02,8.906250000000000000e-01
1.117600000000000017e-02,9.562500000000000444e-01
1.118399999999999950e-02,1.003125000000000044e+00
1.119199999999999882e-02,1.012499999999999956e+00
1.119999999999999989e-02,1.021875000000000089e+00
1.120799999999999921e-02,1.021875000000000089e+00
1.121600000000000028e-02,1.012499999999999956e+00
1.122399999999999960e-02,9.843750000000000000e-01
1.123199999999999893e-02,9.562500000000000444e-01
1.123999999999999999e-02,9.187500000000000666e-01
1.124799999999999932e-02,8.812499999999999778e-01
1.125599999999999865e-02,8.437500000000000000e-01
1.126399999999999971e-02,8.343749999999999778e-01
1.127199999999999903e-02,8.062500000000000222e-01
1.128000000000000010e-02,8.156250000000000444e-01
1.128799999999999942e-02,8.250000000000000666e-01
1.129599999999999875e-02,8.437500000000000000e-01
1.130399999999999981e-02,9.187500000000000666e-01
1.131199999999999914e-02,9.656250000000000666e-01
1.132000000000000020e-02,9.937500000000000222e-01
1.132799999999999953e-02,1.021875000000000089e+00
1.133599999999999886e-02,1.031250000000000000e+00
1.134399999999999992e-02,1.031250000000000000e+00
1.135199999999999924e-02,1.012499999999999956e+00
1.136000000000000031e-02,9.843750000000000000e-01
1.136799999999999963e-02,9.375000000000000000e-01
1.137599999999999896e-02,8.906250000000000000e-01
1.138400000000000002e-02,8.531250000000000222e-01
1.139199999999999935e-02,8.156250000000000444e-01
1.139999999999999868e-02,8.062500000000000222e-01
1.140799999999999974e-02,7.500000000000000000e-01
1.141599999999999906e-02,7.218750000000000444e-01
1.142400000000000013e-02,6.843750000000000666e-01
1.143199999999999945e-02,6.843750000000000666e-01
1.143999999999999878e-02,6.562500000000000000e-01
1.144799999999999984e-02,6.562500000000000000e-01
1.145599999999999917e-02,6.562500000000000000e-01
1.146400000000000023e-02,6.656250000000000222e-01
1.147199999999999956e-02,7.125000000000000222e-01
1.147999999999999889e-02,7.500000000000000000e-01
1.148799999999999995e-02,8.250000000000000666e-01
1.149599999999999927e-02,8.812499999999999778e-01
1.150400000000000034e-02,9.281249999999999778e-01
1.151199999999999966e-02,9.749999999999999778e-01
1.151999999999999899e-02,1.003125000000000044e+00
1.152800000000000005e-02,1.012499999999999956e+00
1.153599999999999938e-02,9.937500000000000222e-01
1.154399999999999871e-02,9.937500000000000222e-01
1.155199999999999977e-02,9.843750000000000000e-01
1.155999999999999910e-02,9.468750000000000222e-01
1.156800000000000016e-02,9.093750000000000444e-01
1.157599999999999948e-02,8.718750000000000666e-01
1.158399999999999881e-02,8.437500000000000000e-01
1.159199999999999987e-02,8.343749999999999778e-01
1.159999999999999920e-02,8.062500000000000222e-01
1.160800000000000026e-02,8.156250000000000444e-01
1.161599999999999959e-02,8.343749999999999778e-01
1.162399999999999892e-02,8.718750000000000666e-01
1.163199999999999998e-02,9.000000000000000222e-01
1.163999999999999931e-02,9.375000000000000000e-01
1.164799999999999863e-02,1.003125000000000044e+00
1.165599999999999969e-02,1.031250000000000000e+00
1.166399999999999902e-02,1.040624999999999911e+00
1.167200000000000008e-02,1.040624999999999911e+00
1.167999999999999941e-02,1.012499999999999956e+00
1.168799999999999874e-02,9.937500000000000222e-01
1.169599999999999980e-02,9.468750000000000222e-01
1.170399999999999913e-02,9.093750000000000444e-01
1.171200000000000019e-02,8.812499999999999778e-01
1.171999999999999952e-02,8.437500000000000000e-01
1.172799999999999884e-02,8.250000000000000666e-01
1.173599999999999990e-02,7.687500000000000444e-01
1.174399999999999923e-02,7.406250000000000888e-01
1.175200000000000029e-02,7.312500000000000666e-01
1.175999999999999962e-02,7.031250000000000000e-01
1.176799999999999895e-02,6.937500000000000888e-01
1.177600000000000001e-02,6.937500000000000888e-01
1.178399999999999934e-02,7.125000000000000222e-01
1.179199999999999866e-02,7.406250000000000888e-01
1.179999999999999973e-02,7.781250000000000666e-01
1.180799999999999905e-02,8.156250000000000444e-01
1.181600000000000011e-02,8.531250000000000222e-01
1.182399999999999944e-02,9.093750000000000444e-01
1.183199999999999877e-02,9.656250000000000666e-01
1.183999999999999983e-02,1.003125000000000044e+00
1.184799999999999916e-02,1.031250000000000000e+00
1.185600000000000022e-02,1.031250000000000000e+00
1.186399999999999955e-02,1.031250000000000000e+00
1.187199999999999887e-02,1.021875000000000089e+00
1.187999999999999994e-02,9.937500000000000222e-01
1.188799999999999926e-02,9.562500000000000444e-01
1.189600000000000032e-02,9.187500000000000666e-01
1.190399999999999965e-02,8.718750000000000666e-01
1.191199999999999898e-02,8.250000000000000666e-01
1.192000000000000004e-02,7.875000000000000888e-01
1.192799999999999937e-02,7.687500000000000444e-01
1.193599999999999869e-02,7.406250000000000888e-01
1.194399999999999976e-02,7.406250000000000888e-01
1.195199999999999908e-02,7.500000000000000000e-01
1.196000000000000014e-02,7.687500000000000444e-01
1.196799999999999947e-02,8.437500000000000000e-01
1.197599999999999880e-02,9.093750000000000444e-01
1.198399999999999986e-02,9.281249999999999778e-01
1.199199999999999919e-02,9.656250000000000666e-01
1.200000000000000025e-02,1.003125000000000044e+00
1.200799999999999958e-02,1.012499999999999956e+00
1.201599999999999890e-02,1.012499999999999956e+00
1.202399999999999997e-02,1.003125000000000044e+00
1.203199999999999929e-02,9.843750000000000000e-01
1.203999999999999862e-02,9.468750000000000222e-01
1.204799999999999968e-02,9.093750000000000444e-01
1.205599999999999901e-02,9.000000000000000222e-01
1.206400000000000007e-02,8.718750000000000666e-01
1.207199999999999940e-02,8.437500000000000000e-01
1.207999999999999872e-02,8.250000000000000666e-01
1.208799999999999979e-02,8.250000000000000666e-01
1.209599999999999911e-02,8.156250000000000444e-01
1.210400000000000018e-02,8.156250000000000444e-01
1.211199999999999950e-02,8.343749999999999778e-01
1.211999999999999883e-02,8.625000000000000444e-01
1.212799999999999989e-02,9.000000000000000222e-01
1.213599999999999922e-02,9.562500000000000444e-01
1.214400000000000028e-02,9.749999999999999778e-01
1.215199999999999961e-02,1.021875000000000089e+00
1.215999999999999893e-02,1.087499999999999911e+00
1.216800000000000000e-02,1.115625000000000089e+00
1.217599999999999932e-02,1.125000000000000000e+00
1.218399999999999865e-02,1.134374999999999911e+00
1.219199999999999971e-02,1.115625000000000089e+00
1.219999999999999904e-02,1.068750000000000089e+00
1.220800000000000010e-02,1.040624999999999911e+00
1.221599999999999943e-02,1.003125000000000044e+00
1.222399999999999876e-02,9.656250000000000666e-01
1.223199999999999982e-02,8.906250000000000000e-01
1.223999999999999914e-02,8.625000000000000444e-01
1.224800000000000021e-02,8.062500000000000222e-01
1.225599999999999953e-02,7.687500000000000444e-01
1.226399999999999886e-02,7.406250000000000888e-01
1.227199999999999992e-02,7.031250000000000000e-01
1.227999999999999925e-02,6.937500000000000888e-01
1.228800000000000031e-02,7.218750000000000444e-01
1.229599999999999964e-02,7.312500000000000666e-01
1.230399999999999897e-02,7.968750000000000000e-01
1.231200000000000003e-02,8.156250000000000444e-01
1.231999999999999935e-02,9.000000000000000222e-01
1.232799999999999868e-02,9.375000000000000000e-01
1.233599999999999974e-02,9.843750000000000000e-01
1.234399999999999907e-02,9.937500000000000222e-01
1.235200000000000013e-02,1.003125000000000044e+00
1.235999999999999946e-02,1.003125000000000044e+00
1.236799999999999879e-02,9.843750000000000000e-01
1.237599999999999985e-02,9.562500000000000444e-01
1.238399999999999918e-02,9.375000000000000000e-01
1.239200000000000024e-02,9.281249999999999778e-01
1.239999999999999956e-02,9.187500000000000666e-01
1.240799999999999889e-02,9.000000000000000222e-01
1.241599999999999995e-02,9.000000000000000222e-01
1.242399999999999928e-02,8.906250000000000000e-01
1.243199999999999861e-02,9.000000000000000222e-01
1.243999999999999967e-02,9.093750000000000444e-01
1.244799999999999900e-02,9.375000000000000000e-01
1.245600000000000006e-02,9.749999999999999778e-01
1.246399999999999939e-02,1.012499999999999956e+00
1.247199999999999871e-02,1.068750000000000089e+00
1.247999999999999977e-02,1.087499999999999911e+00
1.248799999999999910e-02,1.125000000000000000e+00
1.249600000000000016e-02,1.162500000000000089e+00
1.250399999999999949e-02,1.181249999999999911e+00
1.251199999999999882e-02,1.181249999999999911e+00
1.251999999999999988e-02,1.153124999999999956e+00
1.252799999999999921e-02,1.106249999999999956e+00
1.253600000000000027e-02,1.068750000000000089e+00
1.254399999999999959e-02,1.040624999999999911e+00
1.255199999999999892e-02,9.562500000000000444e-01
1.255999999999999998e-02,9.375000000000000000e-01
1.256799999999999931e-02,8.812499999999999778e-01
1.257599999999999864e-02,8.250000000000000666e-01
1.258399999999999970e-02,7.875000000000000888e-01
1.259199999999999903e-02,7.406250000000000888e-01
1.260000000000000009e-02,6.937500000000000888e-01
1.260799999999999942e-02,6.843750000000000666e-01
1.261599999999999874e-02,6.656250000000000222e-01
1.262399999999999980e-02,6.750000000000000444e-01
1.263199999999999913e-02,7.031250000000000000e-01
1.264000000000000019e-02,7.687500000000000444e-01
1.264799999999999952e-02,8.250000000000000666e-01
1.265599999999999885e-02,8.718750000000000666e-01
1.266399999999999991e-02,9.000000000000000222e-01
1.267199999999999924e-02,9.656250000000000666e-01
1.267999999999999856e-02,9.749999999999999778e-01
1.268799999999999963e-02,9.843750000000000000e-01
1.269599999999999895e-02,9.843750000000000000e-01
1.270400000000000001e-02,9.656250000000000666e-01
1.271199999999999934e-02,9.562500000000000444e-01
1.271999999999999867e-02,9.468750000000000222e-01
1.272799999999999973e-02,9.375000000000000000e-01
1.273599999999999906e-02,9.281249999999999778e-01
1.274400000000000012e-02,9.187500000000000666e-01
1.275199999999999945e-02,9.281249999999999778e-01
1.275999999999999877e-02,9.281249999999999778e-01
1.276799999999999984e-02,9.468750000000000222e-01
1.277599999999999916e-02,9.656250000000000666e-01
1.278400000000000022e-02,9.843750000000000000e-01
1.279199999999999955e-02,1.003125000000000044e+00
1.279999999999999888e-02,1.059374999999999956e+00
1.280799999999999994e-02,1.115625000000000089e+00
1.281599999999999927e-02,1.134374999999999911e+00
1.282399999999999859e-02,1.162500000000000089e+00
1.283199999999999966e-02,1.190625000000000044e+00
1.283999999999999898e-02,1.209375000000000089e+00
1.284800000000000005e-02,1.190625000000000044e+00
1.285599999999999937e-02,1.171875000000000000e+00
1.286399999999999870e-02,1.115625000000000089e+00
1.287199999999999976e-02,1.040624999999999911e+00
1.287999999999999909e-02,1.031250000000000000e+00
1.288800000000000015e-02,9.468750000000000222e-01
1.289599999999999948e-02,9.000000000000000222e-01
1.290399999999999880e-02,8.718750000000000666e-01
1.291199999999999987e-02,8.156250000000000444e-01
1.291999999999999919e-02,7.781250000000000666e-01
1.292800000000000026e-02,7.406250000000000888e-01
1.293599999999999958e-02,7.031250000000000000e-01
1.294399999999999891e-02,6.750000000000000444e-01
1.295199999999999997e-02,6.843750000000000666e-01
1.295999999999999930e-02,6.843750000000000666e-01
1.296799999999999863e-02,7.218750000000000444e-01
1.297599999999999969e-02,7.875000000000000888e-01
1.298399999999999901e-02,8.062500000000000222e-01
1.299200000000000008e-02,8.718750000000000666e-01
1.299999999999999940e-02,9.375000000000000000e-01
1.300799999999999873e-02,9.562500000000000444e-01
1.301599999999999979e-02,9.843750000000000000e-01
1.302399999999999912e-02,9.937500000000000222e-01
1.303200000000000018e-02,9.937500000000000222e-01
1.303999999999999951e-02,9.937500000000000222e-01
1.304799999999999884e-02,9.843750000000000000e-01
1.305599999999999990e-02,9.749999999999999778e-01
1.306399999999999922e-02,9.562500000000000444e-01
1.307199999999999855e-02,9.656250000000000666e-01
1.307999999999999961e-02,9.468750000000000222e-01
1.308799999999999894e-02,9.562500000000000444e-01
1.309600000000000000e-02,9.656250000000000666e-01
1.310399999999999933e-02,9.843750000000000000e-01
1.311199999999999866e-02,1.012499999999999956e+00
1.311999999999999972e-02,1.050000000000000044e+00
1.312799999999999905e-02,1.068750000000000089e+00
1.313600000000000011e-02,1.115625000000000089e+00
1.314399999999999943e-02,1.171875000000000000e+00
1.315199999999999876e-02,1.199999999999999956e+00
1.315999999999999982e-02,1.209375000000000089e+00
1.316799999999999915e-02,1.218750000000000000e+00
1.317600000000000021e-02,1.218750000000000000e+00
1.318399999999999954e-02,1.190625000000000044e+00
1.319199999999999887e-02,1.162500000000000089e+00
1.319999999999999993e-02,1.106249999999999956e+00
1.320799999999999925e-02,1.059374999999999956e+00
1.321599999999999858e-02,9.749999999999999778e-01
1.322399999999999964e-02,9.562500000000000444e-01
1.323199999999999897e-02,8.906250000000000000e-01
1.324000000000000003e-02,8.250000000000000666e-01
1.324799999999999936e-02,7.875000000000000888e-01
1.325599999999999869e-02,7.593750000000000222e-01
1.326399999999999975e-02,7.125000000000000222e-01
1.327199999999999908e-02,6.750000000000000444e-01
1.328000000000000014e-02,6.562500000000000000e-01
1.328799999999999946e-02,6.562500000000000000e-01
1.329599999999999879e-02,6.750000000000000444e-01
1.330399999999999985e-02,7.031250000000000000e-01
1.331199999999999918e-02,7.687500000000000444e-01
1.332000000000000024e-02,7.968750000000000000e-01
1.332799999999999957e-02,8.812499999999999778e-01
1.333599999999999890e-02,9.093750000000000444e-01
1.334399999999999996e-02,9.656250000000000666e-01
1.335199999999999929e-02,9.843750000000000000e-01
1.335999999999999861e-02,9.843750000000000000e-01
1.336799999999999967e-02,9.843750000000000000e-01
1.337599999999999900e-02,9.937500000000000222e-01
1.338400000000000006e-02,9.843750000000000000e-01
1.339199999999999939e-02,9.749999999999999778e-01
1.339999999999999872e-02,9.749999999999999778e-01
1.340799999999999978e-02,9.656250000000000666e-01
1.341599999999999911e-02,9.843750000000000000e-01
1.342400000000000017e-02,9.843750000000000000e-01
1.343199999999999950e-02,1.003125000000000044e+00
1.343999999999999882e-02,1.021875000000000089e+00
1.344799999999999988e-02,1.059374999999999956e+00
1.345599999999999921e-02,1.087499999999999911e+00
1.346399999999999854e-02,1.143750000000000044e+00
1.347199999999999960e-02,1.162500000000000089e+00
1.347999999999999893e-02,1.199999999999999956e+00
1.348799999999999999e-02,1.218750000000000000e+00
1.349599999999999932e-02,1.246874999999999956e+00
1.350399999999999864e-02,1.246874999999999956e+00
1.351199999999999971e-02,1.237500000000000044e+00
1.351999999999999903e-02,1.181249999999999911e+00
1.352800000000000009e-02,1.153124999999999956e+00
1.353599999999999942e-02,1.078125000000000000e+00
1.354399999999999875e-02,1.003125000000000044e+00
1.355199999999999981e-02,9.656250000000000666e-01
1.355999999999999914e-02,9.000000000000000222e-01
1.356800000000000020e-02,8.625000000000000444e-01
1.357599999999999953e-02,8.250000000000000666e-01
1.358399999999999885e-02,7.687500000000000444e-01
1.359199999999999992e-02,7.312500000000000666e-01
1.359999999999999924e-02,7.031250000000000000e-01
1.360799999999999857e-02,6.656250000000000222e-01
1.361599999999999963e-02,6.374999999999999556e-01
1.362399999999999896e-02,6.374999999999999556e-01
1.363200000000000002e-02,6.562500000000000000e-01
1.363999999999999935e-02,6.656250000000000222e-01
1.364799999999999867e-02,7.125000000000000222e-01
1.365599999999999974e-02,7.687500000000000444e-01
1.366399999999999906e-02,8.531250000000000222e-01
1.367200000000000013e-02,8.906250000000000000e-01
1.367999999999999945e-02,9.468750000000000222e-01
1.368799999999999878e-02,9.843750000000000000e-01
1.369599999999999984e-02,1.003125000000000044e+00
1.370399999999999917e-02,1.012499999999999956e+00
1.371200000000000023e-02,1.021875000000000089e+00
1.371999999999999956e-02,1.031250000000000000e+00
1.372799999999999888e-02,1.031250000000000000e+00
1.373599999999999995e-02,1.050000000000000044e+00
1.374399999999999927e-02,1.059374999999999956e+00
1.375199999999999860e-02,1.068750000000000089e+00
1.375999999999999966e-02,1.087499999999999911e+00
1.376799999999999899e-02,1.106249999999999956e+00
1.377600000000000005e-02,1.143750000000000044e+00
1.378399999999999938e-02,1.199999999999999956e+00
1.379199999999999871e-02,1.209375000000000089e+00
1.379999999999999977e-02,1.246874999999999956e+00
1.380799999999999909e-02,1.284375000000000044e+00
1.381600000000000016e-02,1.321874999999999911e+00
1.382399999999999948e-02,1.321874999999999911e+00
1.383199999999999881e-02,1.312500000000000000e+00
1.383999999999999987e-02,1.265625000000000000e+00
1.384799999999999920e-02,1.237500000000000044e+00
1.385599999999999853e-02,1.209375000000000089e+00
1.386399999999999959e-02,1.143750000000000044e+00
1.387199999999999891e-02,1.059374999999999956e+00
1.387999999999999998e-02,1.012499999999999956e+00
1.388799999999999930e-02,9.375000000000000000e-01
1.389599999999999863e-02,8.906250000000000000e-01
1.390399999999999969e-02,8.437500000000000000e-01
1.391199999999999902e-02,8.062500000000000222e-01
1.392000000000000008e-02,7.968750000000000000e-01
1.392799999999999941e-02,7.312500000000000666e-01
1.393599999999999874e-02,6.937500000000000888e-01
1.394399999999999980e-02,6.750000000000000444e-01
1.395199999999999912e-02,6.468750000000000888e-01
1.396000000000000019e-02,6.374999999999999556e-01
1.396799999999999951e-02,6.468750000000000888e-01
1.397599999999999884e-02,6.843750000000000666e-01
1.398399999999999990e-02,7.312500000000000666e-01
1.399199999999999923e-02,7.968750000000000000e-01
1.399999999999999856e-02,8.437500000000000000e-01
1.400799999999999962e-02,9.187500000000000666e-01
1.401599999999999895e-02,9.375000000000000000e-01
1.402400000000000001e-02,9.749999999999999778e-01
1.403199999999999933e-02,1.021875000000000089e+00
1.403999999999999866e-02,1.031250000000000000e+00
1.404799999999999972e-02,1.059374999999999956e+00
1.405599999999999905e-02,1.068750000000000089e+00
1.406400000000000011e-02,1.078125000000000000e+00
1.407199999999999944e-02,1.106249999999999956e+00
1.407999999999999877e-02,1.134374999999999911e+00
1.408799999999999983e-02,1.153124999999999956e+00
1.409599999999999916e-02,1.190625000000000044e+00
1.410400000000000022e-02,1.190625000000000044e+00
1.411199999999999954e-02,1.256250000000000089e+00
1.411999999999999887e-02,1.284375000000000044e+00
1.412799999999999993e-02,1.312500000000000000e+00
1.413599999999999926e-02,1.331250000000000044e+00
1.414399999999999859e-02,1.359375000000000000e+00
1.415199999999999965e-02,1.350000000000000089e+00
1.415999999999999898e-02,1.340624999999999956e+00
1.416800000000000004e-02,1.331250000000000044e+00
1.417599999999999937e-02,1.246874999999999956e+00
1.418399999999999869e-02,1.228124999999999911e+00
1.419199999999999975e-02,1.162500000000000089e+00
1.419999999999999908e-02,1.096875000000000044e+00
1.420800000000000014e-02,1.012499999999999956e+00
1.421599999999999947e-02,9.562500000000000444e-01
1.422399999999999880e-02,9.187500000000000666e-01
1.423199999999999986e-02,8.906250000000000000e-01
1.423999999999999919e-02,8.531250000000000222e-01
1.424799999999999851e-02,8.156250000000000444e-01
1.425599999999999958e-02,7.781250000000000666e-01
1.426399999999999890e-02,7.593750000000000222e-01
1.427199999999999996e-02,7.218750000000000444e-01
1.427999999999999929e-02,6.843750000000000666e-01
1.428799999999999862e-02,6.468750000000000888e-01
1.429599999999999968e-02,6.374999999999999556e-01
1.430399999999999901e-02,6.374999999999999556e-01
1.431200000000000007e-02,6.562500000000000000e-01
1.431999999999999940e-02,6.937500000000000888e-01
1.432799999999999872e-02,7.500000000000000000e-01
1.433599999999999978e-02,8.250000000000000666e-01
1.434399999999999911e-02,8.718750000000000666e-01
1.435200000000000017e-02,9.468750000000000222e-01
1.435999999999999950e-02,9.749999999999999778e-01
1.436799999999999883e-02,1.003125000000000044e+00
1.437599999999999989e-02,1.040624999999999911e+00
1.438399999999999922e-02,1.078125000000000000e+00
1.439199999999999854e-02,1.096875000000000044e+00
1.439999999999999961e-02,1.125000000000000000e+00
1.440799999999999893e-02,1.153124999999999956e+00
1.441599999999999999e-02,1.181249999999999911e+00
1.442399999999999932e-02,1.209375000000000089e+00
1.443199999999999865e-02,1.237500000000000044e+00
1.443999999999999971e-02,1.265625000000000000e+00
1.444799999999999904e-02,1.303125000000000089e+00
1.445600000000000010e-02,1.340624999999999956e+00
1.446399999999999943e-02,1.359375000000000000e+00
1.447199999999999875e-02,1.378125000000000044e+00
1.447999999999999982e-02,1.378125000000000044e+00
1.448799999999999914e-02,1.359375000000000000e+00
1.449600000000000020e-02,1.340624999999999956e+00
1.450399999999999953e-02,1.274999999999999911e+00
1.451199999999999886e-02,1.228124999999999911e+00
1.451999999999999992e-02,1.153124999999999956e+00
1.452799999999999925e-02,1.115625000000000089e+00
1.453599999999999857e-02,1.040624999999999911e+00
1.454399999999999964e-02,9.937500000000000222e-01
1.455199999999999896e-02,9.281249999999999778e-01
1.456000000000000003e-02,9.093750000000000444e-01
1.456799999999999935e-02,8.718750000000000666e-01
1.457599999999999868e-02,8.625000000000000444e-01
1.458399999999999974e-02,8.156250000000000444e-01
1.459199999999999907e-02,8.062500000000000222e-01
1.460000000000000013e-02,7.687500000000000444e-01
1.460799999999999946e-02,7.312500000000000666e-01
1.461599999999999878e-02,7.031250000000000000e-01
1.462399999999999985e-02,6.656250000000000222e-01
1.463199999999999917e-02,6.468750000000000888e-01
1.463999999999999850e-02,6.468750000000000888e-01
1.464799999999999956e-02,6.750000000000000444e-01
1.465599999999999889e-02,7.031250000000000000e-01
1.466399999999999995e-02,7.781250000000000666e-01
1.467199999999999928e-02,8.343749999999999778e-01
1.467999999999999861e-02,9.000000000000000222e-01
1.468799999999999967e-02,9.375000000000000000e-01
1.469599999999999899e-02,9.749999999999999778e-01
1.470400000000000006e-02,1.012499999999999956e+00
1.471199999999999938e-02,1.059374999999999956e+00
1.471999999999999871e-02,1.096875000000000044e+00
1.472799999999999977e-02,1.134374999999999911e+00
1.473599999999999910e-02,1.134374999999999911e+00
1.474400000000000016e-02,1.181249999999999911e+00
1.475199999999999949e-02,1.209375000000000089e+00
1.475999999999999882e-02,1.237500000000000044e+00
1.476799999999999988e-02,1.293749999999999956e+00
1.477599999999999920e-02,1.312500000000000000e+00
1.478399999999999853e-02,1.340624999999999956e+00
1.479199999999999959e-02,1.368749999999999911e+00
1.479999999999999892e-02,1.378125000000000044e+00
1.480799999999999998e-02,1.378125000000000044e+00
1.481599999999999931e-02,1.378125000000000044e+00
1.482399999999999864e-02,1.331250000000000044e+00
1.483199999999999970e-02,1.293749999999999956e+00
1.483999999999999903e-02,1.237500000000000044e+00
1.484800000000000009e-02,1.181249999999999911e+00
1.485599999999999941e-02,1.115625000000000089e+00
1.486399999999999874e-02,1.040624999999999911e+00
1.487199999999999980e-02,9.843750000000000000e-01
1.487999999999999913e-02,9.562500000000000444e-01
1.488800000000000019e-02,9.187500000000000666e-01
1.489599999999999952e-02,9.093750000000000444e-01
1.490399999999999885e-02,8.906250000000000000e-01
1.491199999999999991e-02,8.718750000000000666e-01
1.491999999999999924e-02,8.625000000000000444e-01
1.492799999999999856e-02,8.250000000000000666e-01
1.493599999999999962e-02,7.968750000000000000e-01
1.494399999999999895e-02,7.687500000000000444e-01
1.495200000000000001e-02,7.312500000000000666e-01
1.495999999999999934e-02,7.031250000000000000e-01
1.496799999999999867e-02,6.656250000000000222e-01
1.497599999999999973e-02,6.562500000000000000e-01
1.498399999999999906e-02,6.750000000000000444e-01
1.499200000000000012e-02,6.843750000000000666e-01
1.499999999999999944e-02,7.406250000000000888e-01
1.500799999999999877e-02,8.156250000000000444e-01
1.501599999999999983e-02,8.437500000000000000e-01
1.502399999999999916e-02,9.000000000000000222e-01
1.503199999999999849e-02,9.468750000000000222e-01
1.503999999999999955e-02,1.003125000000000044e+00
1.504799999999999888e-02,1.068750000000000089e+00
1.505599999999999994e-02,1.115625000000000089e+00
1.506399999999999927e-02,1.153124999999999956e+00
1.507199999999999859e-02,1.181249999999999911e+00
1.507999999999999965e-02,1.209375000000000089e+00
1.508799999999999898e-02,1.265625000000000000e+00
1.509600000000000004e-02,1.303125000000000089e+00
1.510399999999999937e-02,1.331250000000000044e+00
1.511199999999999870e-02,1.340624999999999956e+00
1.511999999999999976e-02,1.359375000000000000e+00
1.512799999999999909e-02,1.368749999999999911e+00
1.513600000000000015e-02,1.368749999999999911e+00
1.514399999999999948e-02,1.350000000000000089e+00
1.515199999999999880e-02,1.312500000000000000e+00
1.515999999999999986e-02,1.256250000000000089e+00
1.516799999999999919e-02,1.181249999999999911e+00
1.517599999999999852e-02,1.134374999999999911e+00
1.518399999999999958e-02,1.059374999999999956e+00
1.519199999999999891e-02,1.003125000000000044e+00
1.519999999999999997e-02,9.749999999999999778e-01
1.520799999999999930e-02,9.468750000000000222e-01
1.521599999999999862e-02,9.281249999999999778e-01
1.522399999999999969e-02,9.187500000000000666e-01
1.523199999999999901e-02,9.281249999999999778e-01
1.524000000000000007e-02,9.281249999999999778e-01
1.524799999999999940e-02,9.468750000000000222e-01
1.525599999999999873e-02,9.468750000000000222e-01
1.526399999999999979e-02,9.281249999999999778e-01
1.527199999999999912e-02,9.187500000000000666e-01
1.527999999999999844e-02,8.812499999999999778e-01
1.528799999999999951e-02,8.343749999999999778e-01
1.529599999999999883e-02,7.875000000000000888e-01
1.530399999999999990e-02,7.687500000000000444e-01
1.531199999999999922e-02,7.312500000000000666e-01
1.531999999999999855e-02,7.218750000000000444e-01
1.532799999999999961e-02,7.218750000000000444e-01
1.533599999999999894e-02,7.593750000000000222e-01
1.534400000000000000e-02,8.156250000000000444e-01
1.535199999999999933e-02,8.625000000000000444e-01
1.535999999999999865e-02,8.906250000000000000e-01
1.536799999999999972e-02,9.375000000000000000e-01
1.537599999999999904e-02,9.937500000000000222e-01
1.538400000000000011e-02,1.040624999999999911e+00
1.539199999999999943e-02,1.115625000000000089e+00
1.539999999999999876e-02,1.134374999999999911e+00
1.540799999999999982e-02,1.181249999999999911e+00
1.541599999999999915e-02,1.228124999999999911e+00
1.542399999999999848e-02,1.237500000000000044e+00
1.543199999999999954e-02,1.274999999999999911e+00
1.543999999999999886e-02,1.293749999999999956e+00
1.544799999999999993e-02,1.312500000000000000e+00
1.545599999999999925e-02,1.303125000000000089e+00
1.546399999999999858e-02,1.293749999999999956e+00
1.547199999999999964e-02,1.256250000000000089e+00
1.547999999999999897e-02,1.228124999999999911e+00
1.548800000000000003e-02,1.181249999999999911e+00
1.549599999999999936e-02,1.134374999999999911e+00
1.550399999999999869e-02,1.078125000000000000e+00
1.551199999999999975e-02,9.843750000000000000e-01
1.551999999999999907e-02,9.468750000000000222e-01
1.552800000000000014e-02,9.093750000000000444e-01
1.553599999999999946e-02,8.906250000000000000e-01
1.554399999999999879e-02,8.812499999999999778e-01
1.555199999999999985e-02,8.812499999999999778e-01
1.555999999999999918e-02,8.812499999999999778e-01
1.556799999999999851e-02,8.906250000000000000e-01
1.557599999999999957e-02,9.000000000000000222e-01
1.558399999999999889e-02,9.093750000000000444e-01
1.559199999999999996e-02,9.187500000000000666e-01
1.559999999999999928e-02,9.000000000000000222e-01
1.560799999999999861e-02,8.906250000000000000e-01
1.561599999999999967e-02,8.625000000000000444e-01
1.562399999999999900e-02,8.062500000000000222e-01
1.563200000000000006e-02,7.500000000000000000e-01
1.563999999999999765e-02,7.312500000000000666e-01
1.564799999999999872e-02,7.125000000000000222e-01
1.565599999999999978e-02,7.125000000000000222e-01
1.566400000000000084e-02,7.312500000000000666e-01
1.567199999999999843e-02,7.687500000000000444e-01
1.567999999999999949e-02,8.156250000000000444e-01
1.568800000000000056e-02,8.906250000000000000e-01
1.569599999999999815e-02,9.468750000000000222e-01
1.570399999999999921e-02,1.003125000000000044e+00
1.571200000000000027e-02,1.050000000000000044e+00
1.571999999999999786e-02,1.078125000000000000e+00
1.572799999999999893e-02,1.115625000000000089e+00
1.573599999999999999e-02,1.171875000000000000e+00
1.574399999999999758e-02,1.218750000000000000e+00
1.575199999999999864e-02,1.256250000000000089e+00
1.575999999999999970e-02,1.274999999999999911e+00
1.576800000000000077e-02,1.312500000000000000e+00
1.577599999999999836e-02,1.331250000000000044e+00
1.578399999999999942e-02,1.340624999999999956e+00
1.579200000000000048e-02,1.359375000000000000e+00
1.579999999999999807e-02,1.340624999999999956e+00
1.580799999999999914e-02,1.331250000000000044e+00
1.581600000000000020e-02,1.274999999999999911e+00
1.582399999999999779e-02,1.228124999999999911e+00
1.583199999999999885e-02,1.162500000000000089e+00
1.583999999999999991e-02,1.134374999999999911e+00
1.584800000000000098e-02,1.040624999999999911e+00
1.585599999999999857e-02,1.012499999999999956e+00
1.586399999999999963e-02,9.656250000000000666e-01
1.587200000000000069e-02,9.468750000000000222e-01
1.587999999999999828e-02,9.093750000000000444e-01
1.588799999999999935e-02,9.093750000000000444e-01
1.589600000000000041e-02,9.093750000000000444e-01
1.590399999999999800e-02,9.093750000000000444e-01
1.591199999999999906e-02,9.187500000000000666e-01
1.592000000000000012e-02,9.187500000000000666e-01
1.592799999999999772e-02,9.093750000000000444e-01
1.593599999999999878e-02,9.000000000000000222e-01
1.594399999999999984e-02,8.718750000000000666e-01
1.595200000000000090e-02,8.437500000000000000e-01
1.595999999999999849e-02,7.781250000000000666e-01
1.596799999999999956e-02,7.593750000000000222e-01
1.597600000000000062e-02,7.218750000000000444e-01
1.598399999999999821e-02,7.125000000000000222e-01
1.599199999999999927e-02,7.218750000000000444e-01
