ELECTRODE=TUNGSTEN, TIME=50, POLING_VOLTAGE=4500, WAVELENGTH=1.55e-06, EFFECTIVE_DISTANCE=4.11e-05, POLED_LENGTH=0.3, CORE_INDEX=1.45, POLE=MAX, AC_VOLTAGE=1156, AC_FREQUENCY=2750, PIEZO_FREQUENCY=55.0
Time(s),Voltage(V)
-8.000000000000000654e-05,8.593300000000000938e-02
-7.080000000000001331e-05,8.280700000000000560e-02
-6.160000000000000653e-05,7.968100000000000183e-02
-5.240000000000000652e-05,7.499200000000000310e-02
-4.320000000000000652e-05,7.499200000000000310e-02
-3.400000000000000651e-05,7.342900000000000815e-02
-2.480000000000000650e-05,7.186600000000001320e-02
-1.560000000000001327e-05,7.499200000000000310e-02
-6.400000000000006487e-06,7.968100000000000183e-02
2.800000000000000297e-06,8.280700000000000560e-02
1.199999999999999353e-05,8.749600000000000433e-02
2.119999999999998676e-05,8.905899999999999928e-02
3.039999999999999354e-05,9.531100000000000683e-02
3.960000000000000033e-05,9.687400000000000178e-02
4.879999999999998000e-05,1.000000000000000056e-01
5.799999999999998679e-05,9.843700000000001060e-02
6.719999999999999357e-05,9.374800000000001188e-02
7.640000000000000035e-05,9.374800000000001188e-02
8.560000000000000714e-05,9.218500000000000305e-02
9.479999999999998682e-05,8.905899999999999928e-02
1.039999999999999936e-04,9.374800000000001188e-02
1.132000000000000004e-04,9.531100000000000683e-02
1.223999999999999936e-04,8.905899999999999928e-02
1.316000000000000004e-04,9.062200000000000810e-02
1.408000000000000072e-04,9.218500000000000305e-02
1.500000000000000140e-04,9.062200000000000810e-02
1.592000000000000207e-04,8.593300000000000938e-02
1.684000000000000275e-04,8.437000000000000055e-02
1.775999999999999801e-04,7.968100000000000183e-02
1.867999999999999869e-04,7.968100000000000183e-02
1.959999999999999937e-04,8.124400000000001065e-02
2.052000000000000005e-04,8.437000000000000055e-02
2.144000000000000072e-04,8.749600000000000433e-02
2.236000000000000140e-04,8.905899999999999928e-02
2.328000000000000208e-04,9.374800000000001188e-02
2.420000000000000276e-04,9.531100000000000683e-02
2.512000000000000344e-04,1.015630000000000005e-01
2.603999999999999869e-04,1.062519999999999992e-01
2.695999999999999937e-04,1.093780000000000030e-01
2.788000000000000005e-04,1.125040000000000068e-01
2.880000000000000073e-04,1.171930000000000055e-01
2.972000000000000141e-04,1.187560000000000004e-01
3.064000000000000209e-04,1.203190000000000093e-01
3.156000000000000276e-04,1.218820000000000042e-01
3.247999999999999802e-04,1.218820000000000042e-01
3.339999999999999870e-04,1.156300000000000106e-01
3.431999999999999938e-04,1.109410000000000118e-01
3.524000000000000006e-04,1.046890000000000043e-01
3.616000000000000074e-04,1.015630000000000005e-01
3.708000000000000141e-04,9.843700000000001060e-02
3.800000000000000209e-04,9.374800000000001188e-02
3.892000000000000277e-04,9.062200000000000810e-02
3.984000000000000345e-04,8.437000000000000055e-02
4.075999999999999871e-04,8.124400000000001065e-02
4.168000000000000481e-04,7.811800000000000688e-02
4.260000000000000548e-04,7.655500000000001193e-02
4.351999999999999532e-04,7.811800000000000688e-02
4.443999999999999600e-04,7.811800000000000688e-02
4.535999999999999668e-04,8.280700000000000560e-02
4.627999999999999736e-04,8.593300000000000938e-02
4.719999999999999803e-04,9.062200000000000810e-02
4.811999999999999871e-04,9.687400000000000178e-02
4.903999999999999939e-04,1.000000000000000056e-01
4.996000000000000007e-04,1.000000000000000056e-01
5.088000000000000075e-04,1.000000000000000056e-01
5.180000000000000143e-04,1.000000000000000056e-01
5.272000000000000210e-04,9.687400000000000178e-02
5.364000000000000278e-04,9.687400000000000178e-02
5.456000000000000346e-04,9.218500000000000305e-02
5.548000000000000414e-04,9.062200000000000810e-02
5.640000000000000482e-04,8.749600000000000433e-02
5.732000000000000550e-04,8.593300000000000938e-02
5.824000000000000617e-04,8.593300000000000938e-02
5.915999999999999601e-04,8.593300000000000938e-02
6.007999999999999669e-04,8.593300000000000938e-02
6.099999999999999737e-04,8.749600000000000433e-02
6.191999999999999805e-04,8.905899999999999928e-02
6.283999999999999872e-04,9.062200000000000810e-02
6.375999999999999940e-04,9.531100000000000683e-02
6.468000000000000008e-04,1.015630000000000005e-01
6.560000000000000076e-04,1.031260000000000093e-01
6.652000000000000144e-04,1.062519999999999992e-01
6.744000000000000212e-04,1.078150000000000081e-01
6.836000000000000279e-04,1.093780000000000030e-01
6.928000000000000347e-04,1.062519999999999992e-01
7.020000000000000415e-04,1.031260000000000093e-01
7.112000000000000483e-04,9.843700000000001060e-02
7.204000000000000551e-04,9.374800000000001188e-02
7.295999999999999534e-04,8.905899999999999928e-02
7.387999999999999602e-04,8.124400000000001065e-02
7.479999999999999670e-04,7.968100000000000183e-02
7.571999999999999738e-04,7.342900000000000815e-02
7.663999999999999806e-04,7.030300000000000438e-02
7.755999999999999873e-04,6.717700000000001448e-02
7.847999999999999941e-04,6.405099999999999683e-02
7.940000000000000009e-04,6.248800000000000882e-02
8.032000000000000077e-04,6.405099999999999683e-02
8.124000000000000145e-04,6.561400000000000565e-02
8.216000000000000213e-04,6.874000000000000943e-02
8.308000000000000280e-04,7.342900000000000815e-02
8.400000000000000348e-04,7.811800000000000688e-02
8.492000000000000416e-04,8.437000000000000055e-02
8.584000000000000484e-04,8.749600000000000433e-02
8.676000000000000552e-04,9.062200000000000810e-02
8.768000000000000620e-04,9.218500000000000305e-02
8.859999999999999603e-04,9.218500000000000305e-02
8.951999999999999671e-04,9.218500000000000305e-02
9.044000000000000823e-04,9.062200000000000810e-02
9.136000000000000891e-04,9.218500000000000305e-02
9.228000000000000959e-04,9.062200000000000810e-02
9.320000000000001027e-04,9.218500000000000305e-02
9.412000000000001095e-04,9.218500000000000305e-02
9.503999999999998994e-04,9.374800000000001188e-02
9.595999999999999062e-04,9.531100000000000683e-02
9.687999999999999130e-04,9.687400000000000178e-02
9.779999999999999197e-04,1.000000000000000056e-01
9.871999999999999265e-04,1.031260000000000093e-01
9.963999999999999333e-04,1.078150000000000081e-01
1.005599999999999940e-03,1.093780000000000030e-01
1.014799999999999947e-03,1.125040000000000068e-01
1.023999999999999954e-03,1.156300000000000106e-01
1.033199999999999960e-03,1.171930000000000055e-01
1.042399999999999967e-03,1.171930000000000055e-01
1.051599999999999974e-03,1.140670000000000017e-01
1.060799999999999981e-03,1.125040000000000068e-01
1.069999999999999988e-03,1.078150000000000081e-01
1.079199999999999994e-03,1.015630000000000005e-01
1.088400000000000001e-03,9.531100000000000683e-02
1.097600000000000008e-03,9.062200000000000810e-02
1.106800000000000015e-03,8.749600000000000433e-02
1.116000000000000021e-03,8.124400000000001065e-02
1.125200000000000028e-03,7.655500000000001193e-02
1.134400000000000035e-03,7.342900000000000815e-02
1.143600000000000042e-03,7.030300000000000438e-02
1.152800000000000049e-03,6.561400000000000565e-02
1.162000000000000055e-03,6.248800000000000882e-02
1.171200000000000062e-03,6.248800000000000882e-02
1.180400000000000069e-03,6.092500000000000693e-02
1.189600000000000076e-03,6.405099999999999683e-02
1.198800000000000083e-03,6.717700000000001448e-02
1.208000000000000089e-03,7.342900000000000815e-02
1.217200000000000096e-03,8.280700000000000560e-02
1.226400000000000103e-03,8.437000000000000055e-02
1.235600000000000110e-03,8.905899999999999928e-02
1.244800000000000116e-03,9.218500000000000305e-02
1.253999999999999906e-03,9.374800000000001188e-02
1.263199999999999913e-03,9.687400000000000178e-02
1.272399999999999920e-03,9.687400000000000178e-02
1.281599999999999927e-03,9.843700000000001060e-02
1.290799999999999934e-03,1.000000000000000056e-01
1.299999999999999940e-03,1.015630000000000005e-01
1.309199999999999947e-03,1.015630000000000005e-01
1.318399999999999954e-03,1.046890000000000043e-01
1.327599999999999961e-03,1.062519999999999992e-01
1.336799999999999967e-03,1.093780000000000030e-01
1.345999999999999974e-03,1.140670000000000017e-01
1.355199999999999981e-03,1.156300000000000106e-01
1.364399999999999988e-03,1.187560000000000004e-01
1.373599999999999995e-03,1.203190000000000093e-01
1.382800000000000001e-03,1.218820000000000042e-01
1.392000000000000008e-03,1.218820000000000042e-01
1.401200000000000015e-03,1.187560000000000004e-01
1.410400000000000022e-03,1.140670000000000017e-01
1.419600000000000029e-03,1.078150000000000081e-01
1.428800000000000035e-03,1.015630000000000005e-01
1.438000000000000042e-03,9.843700000000001060e-02
1.447200000000000049e-03,9.374800000000001188e-02
1.456400000000000056e-03,8.749600000000000433e-02
1.465600000000000062e-03,8.437000000000000055e-02
1.474800000000000069e-03,8.124400000000001065e-02
1.484000000000000076e-03,7.655500000000001193e-02
1.493200000000000083e-03,7.499200000000000310e-02
1.502400000000000090e-03,7.342900000000000815e-02
1.511600000000000096e-03,6.874000000000000943e-02
1.520800000000000103e-03,6.561400000000000565e-02
1.530000000000000110e-03,6.248800000000000882e-02
1.539199999999999900e-03,6.092500000000000693e-02
1.548399999999999907e-03,6.248800000000000882e-02
1.557599999999999913e-03,6.405099999999999683e-02
1.566799999999999920e-03,7.030300000000000438e-02
1.575999999999999927e-03,7.655500000000001193e-02
1.585199999999999934e-03,7.811800000000000688e-02
1.594399999999999941e-03,8.593300000000000938e-02
1.603599999999999947e-03,8.905899999999999928e-02
1.612799999999999954e-03,9.218500000000000305e-02
1.621999999999999961e-03,9.531100000000000683e-02
1.631199999999999968e-03,9.687400000000000178e-02
1.640399999999999974e-03,9.843700000000001060e-02
1.649599999999999981e-03,1.015630000000000005e-01
1.658799999999999988e-03,1.031260000000000093e-01
1.667999999999999995e-03,1.046890000000000043e-01
1.677200000000000002e-03,1.078150000000000081e-01
1.686400000000000008e-03,1.125040000000000068e-01
1.695600000000000015e-03,1.156300000000000106e-01
1.704800000000000022e-03,1.187560000000000004e-01
1.714000000000000029e-03,1.203190000000000093e-01
1.723200000000000036e-03,1.218820000000000042e-01
1.732400000000000042e-03,1.250080000000000080e-01
1.741600000000000049e-03,1.250080000000000080e-01
1.750800000000000056e-03,1.234449999999999992e-01
1.760000000000000063e-03,1.218820000000000042e-01
1.769200000000000069e-03,1.171930000000000055e-01
1.778400000000000076e-03,1.109410000000000118e-01
1.787600000000000083e-03,1.062519999999999992e-01
1.796800000000000090e-03,9.843700000000001060e-02
1.806000000000000097e-03,9.531100000000000683e-02
1.815200000000000103e-03,9.062200000000000810e-02
1.824400000000000110e-03,8.749600000000000433e-02
1.833600000000000117e-03,8.437000000000000055e-02
1.842799999999999907e-03,7.968100000000000183e-02
1.851999999999999914e-03,7.655500000000001193e-02
1.861199999999999920e-03,7.030300000000000438e-02
1.870399999999999927e-03,7.186600000000001320e-02
1.879600000000000151e-03,6.717700000000001448e-02
1.888800000000000158e-03,6.405099999999999683e-02
1.898000000000000164e-03,6.092500000000000693e-02
1.907200000000000171e-03,5.936200000000000504e-02
1.916400000000000178e-03,6.092500000000000693e-02
1.925600000000000185e-03,6.561400000000000565e-02
1.934800000000000192e-03,7.030300000000000438e-02
1.944000000000000198e-03,7.342900000000000815e-02
1.953199999999999988e-03,8.280700000000000560e-02
1.962399999999999995e-03,8.593300000000000938e-02
1.971600000000000002e-03,9.062200000000000810e-02
1.980799999999999575e-03,9.531100000000000683e-02
1.989999999999999582e-03,9.687400000000000178e-02
1.999199999999999589e-03,1.000000000000000056e-01
2.008399999999999595e-03,1.031260000000000093e-01
2.017599999999999602e-03,1.062519999999999992e-01
2.026799999999999609e-03,1.078150000000000081e-01
2.035999999999999616e-03,1.078150000000000081e-01
2.045199999999999622e-03,1.125040000000000068e-01
2.054399999999999629e-03,1.156300000000000106e-01
2.063599999999999636e-03,1.187560000000000004e-01
2.072799999999999643e-03,1.218820000000000042e-01
2.081999999999999650e-03,1.250080000000000080e-01
2.091199999999999656e-03,1.250080000000000080e-01
2.100399999999999663e-03,1.250080000000000080e-01
2.109599999999999670e-03,1.234449999999999992e-01
2.118799999999999677e-03,1.203190000000000093e-01
2.127999999999999683e-03,1.140670000000000017e-01
2.137199999999999690e-03,1.125040000000000068e-01
2.146399999999999697e-03,1.031260000000000093e-01
2.155599999999999704e-03,9.843700000000001060e-02
2.164799999999999711e-03,9.218500000000000305e-02
2.173999999999999717e-03,9.062200000000000810e-02
2.183199999999999724e-03,8.749600000000000433e-02
2.192399999999999731e-03,8.593300000000000938e-02
2.201599999999999738e-03,8.280700000000000560e-02
2.210799999999999745e-03,8.124400000000001065e-02
2.219999999999999751e-03,7.968100000000000183e-02
2.229199999999999758e-03,7.655500000000001193e-02
2.238399999999999765e-03,7.499200000000000310e-02
2.247599999999999772e-03,7.186600000000001320e-02
2.256799999999999778e-03,6.561400000000000565e-02
2.265999999999999785e-03,6.405099999999999683e-02
2.275199999999999792e-03,6.248800000000000882e-02
2.284399999999999799e-03,6.248800000000000882e-02
2.293599999999999806e-03,6.717700000000001448e-02
2.302799999999999812e-03,7.186600000000001320e-02
2.311999999999999819e-03,7.499200000000000310e-02
2.321199999999999826e-03,8.437000000000000055e-02
2.330399999999999833e-03,8.749600000000000433e-02
2.339599999999999839e-03,9.374800000000001188e-02
2.348799999999999846e-03,9.531100000000000683e-02
2.357999999999999853e-03,9.843700000000001060e-02
2.367199999999999860e-03,1.015630000000000005e-01
2.376399999999999867e-03,1.046890000000000043e-01
2.385599999999999873e-03,1.078150000000000081e-01
2.394799999999999880e-03,1.109410000000000118e-01
2.403999999999999887e-03,1.140670000000000017e-01
2.413199999999999894e-03,1.171930000000000055e-01
2.422399999999999901e-03,1.203190000000000093e-01
2.431599999999999907e-03,1.234449999999999992e-01
2.440799999999999914e-03,1.250080000000000080e-01
2.449999999999999921e-03,1.250080000000000080e-01
2.459199999999999928e-03,1.265709999999999891e-01
2.468399999999999934e-03,1.265709999999999891e-01
2.477599999999999941e-03,1.234449999999999992e-01
2.486799999999999948e-03,1.203190000000000093e-01
2.495999999999999955e-03,1.140670000000000017e-01
2.505199999999999962e-03,1.078150000000000081e-01
2.514399999999999968e-03,1.000000000000000056e-01
2.523599999999999975e-03,9.843700000000001060e-02
2.532799999999999982e-03,9.062200000000000810e-02
2.541999999999999989e-03,9.062200000000000810e-02
2.551199999999999996e-03,8.593300000000000938e-02
2.560400000000000002e-03,8.593300000000000938e-02
2.569600000000000009e-03,8.437000000000000055e-02
2.578799999999999582e-03,8.124400000000001065e-02
2.587999999999999589e-03,8.124400000000001065e-02
2.597199999999999596e-03,7.968100000000000183e-02
2.606399999999999603e-03,7.655500000000001193e-02
2.615599999999999609e-03,7.342900000000000815e-02
2.624799999999999616e-03,7.030300000000000438e-02
2.633999999999999623e-03,6.717700000000001448e-02
2.643199999999999630e-03,6.405099999999999683e-02
2.652399999999999636e-03,6.561400000000000565e-02
2.661599999999999643e-03,6.874000000000000943e-02
2.670799999999999650e-03,7.030300000000000438e-02
2.679999999999999657e-03,7.811800000000000688e-02
2.689199999999999664e-03,8.124400000000001065e-02
2.698399999999999670e-03,8.905899999999999928e-02
2.707599999999999677e-03,9.062200000000000810e-02
2.716799999999999684e-03,9.531100000000000683e-02
2.725999999999999691e-03,1.000000000000000056e-01
2.735199999999999698e-03,1.046890000000000043e-01
2.744399999999999704e-03,1.078150000000000081e-01
2.753599999999999711e-03,1.125040000000000068e-01
2.762799999999999718e-03,1.140670000000000017e-01
2.771999999999999725e-03,1.156300000000000106e-01
2.781199999999999731e-03,1.187560000000000004e-01
2.790399999999999738e-03,1.218820000000000042e-01
2.799599999999999745e-03,1.218820000000000042e-01
2.808799999999999752e-03,1.234449999999999992e-01
2.817999999999999759e-03,1.218820000000000042e-01
2.827199999999999765e-03,1.203190000000000093e-01
2.836399999999999772e-03,1.171930000000000055e-01
2.845599999999999779e-03,1.109410000000000118e-01
2.854799999999999786e-03,1.078150000000000081e-01
2.863999999999999792e-03,1.031260000000000093e-01
2.873199999999999799e-03,9.374800000000001188e-02
2.882399999999999806e-03,8.905899999999999928e-02
2.891599999999999813e-03,8.593300000000000938e-02
2.900799999999999820e-03,8.437000000000000055e-02
2.909999999999999826e-03,8.437000000000000055e-02
2.919199999999999833e-03,8.437000000000000055e-02
2.928399999999999840e-03,8.437000000000000055e-02
2.937599999999999847e-03,8.593300000000000938e-02
2.946799999999999854e-03,8.593300000000000938e-02
2.955999999999999860e-03,8.437000000000000055e-02
2.965199999999999867e-03,8.280700000000000560e-02
2.974399999999999874e-03,8.280700000000000560e-02
2.983599999999999881e-03,7.968100000000000183e-02
2.992799999999999887e-03,7.342900000000000815e-02
3.001999999999999894e-03,7.030300000000000438e-02
3.011199999999999901e-03,6.874000000000000943e-02
3.020399999999999908e-03,6.874000000000000943e-02
3.029599999999999915e-03,7.030300000000000438e-02
3.038799999999999921e-03,7.342900000000000815e-02
3.047999999999999928e-03,7.968100000000000183e-02
3.057199999999999935e-03,8.280700000000000560e-02
3.066399999999999942e-03,8.905899999999999928e-02
3.075599999999999948e-03,9.531100000000000683e-02
3.084799999999999955e-03,9.687400000000000178e-02
3.093999999999999962e-03,1.000000000000000056e-01
3.103199999999999969e-03,1.046890000000000043e-01
3.112399999999999976e-03,1.109410000000000118e-01
3.121599999999999982e-03,1.125040000000000068e-01
3.130799999999999989e-03,1.156300000000000106e-01
3.139999999999999996e-03,1.171930000000000055e-01
3.149200000000000003e-03,1.171930000000000055e-01
3.158399999999999576e-03,1.187560000000000004e-01
3.167599999999999583e-03,1.171930000000000055e-01
3.176799999999999589e-03,1.171930000000000055e-01
3.185999999999999596e-03,1.140670000000000017e-01
3.195199999999999603e-03,1.093780000000000030e-01
3.204399999999999610e-03,1.062519999999999992e-01
3.213599999999999617e-03,1.015630000000000005e-01
3.222799999999999623e-03,9.531100000000000683e-02
3.231999999999999630e-03,8.905899999999999928e-02
3.241199999999999637e-03,8.593300000000000938e-02
3.250399999999999644e-03,8.280700000000000560e-02
3.259599999999999650e-03,8.280700000000000560e-02
3.268799999999999657e-03,8.437000000000000055e-02
3.277999999999999664e-03,8.437000000000000055e-02
3.287199999999999671e-03,8.593300000000000938e-02
3.296399999999999678e-03,8.749600000000000433e-02
3.305599999999999684e-03,8.905899999999999928e-02
3.314799999999999691e-03,8.905899999999999928e-02
3.323999999999999698e-03,9.062200000000000810e-02
3.333199999999999705e-03,8.905899999999999928e-02
3.342399999999999712e-03,8.749600000000000433e-02
3.351599999999999718e-03,8.437000000000000055e-02
3.360799999999999725e-03,7.968100000000000183e-02
3.369999999999999732e-03,7.811800000000000688e-02
3.379199999999999739e-03,7.342900000000000815e-02
3.388399999999999745e-03,7.342900000000000815e-02
3.397599999999999752e-03,7.342900000000000815e-02
3.406799999999999759e-03,7.811800000000000688e-02
3.415999999999999766e-03,8.280700000000000560e-02
3.425199999999999773e-03,8.593300000000000938e-02
3.434399999999999779e-03,9.062200000000000810e-02
3.443599999999999786e-03,9.531100000000000683e-02
3.452799999999999793e-03,1.000000000000000056e-01
3.461999999999999800e-03,1.031260000000000093e-01
3.471199999999999806e-03,1.078150000000000081e-01
3.480399999999999813e-03,1.109410000000000118e-01
3.489599999999999820e-03,1.140670000000000017e-01
3.498799999999999827e-03,1.140670000000000017e-01
3.507999999999999834e-03,1.171930000000000055e-01
3.517199999999999840e-03,1.156300000000000106e-01
3.526399999999999847e-03,1.156300000000000106e-01
3.535599999999999854e-03,1.140670000000000017e-01
3.544799999999999861e-03,1.109410000000000118e-01
3.553999999999999868e-03,1.078150000000000081e-01
3.563199999999999874e-03,1.015630000000000005e-01
3.572399999999999881e-03,9.843700000000001060e-02
3.581599999999999888e-03,9.062200000000000810e-02
3.590799999999999895e-03,8.905899999999999928e-02
3.599999999999999901e-03,8.593300000000000938e-02
3.609199999999999908e-03,8.124400000000001065e-02
3.618399999999999915e-03,8.124400000000001065e-02
3.627599999999999922e-03,8.124400000000001065e-02
3.636799999999999929e-03,8.124400000000001065e-02
3.645999999999999935e-03,8.749600000000000433e-02
3.655199999999999942e-03,8.593300000000000938e-02
3.664399999999999949e-03,9.062200000000000810e-02
3.673599999999999956e-03,9.218500000000000305e-02
3.682799999999999963e-03,9.374800000000001188e-02
3.691999999999999969e-03,9.531100000000000683e-02
3.701199999999999976e-03,9.374800000000001188e-02
3.710399999999999983e-03,9.218500000000000305e-02
3.719599999999999990e-03,8.749600000000000433e-02
3.728799999999999996e-03,8.280700000000000560e-02
3.738000000000000003e-03,7.811800000000000688e-02
3.747200000000000010e-03,7.811800000000000688e-02
3.756399999999999583e-03,7.342900000000000815e-02
3.765599999999999590e-03,7.342900000000000815e-02
3.774799999999999597e-03,7.811800000000000688e-02
3.783999999999999603e-03,7.811800000000000688e-02
3.793199999999999610e-03,8.280700000000000560e-02
3.802399999999999617e-03,8.749600000000000433e-02
3.811599999999999624e-03,9.218500000000000305e-02
3.820799999999999631e-03,9.531100000000000683e-02
3.830000000000000071e-03,1.000000000000000056e-01
3.839200000000000078e-03,1.015630000000000005e-01
3.848400000000000085e-03,1.046890000000000043e-01
3.857600000000000091e-03,1.062519999999999992e-01
3.866800000000000098e-03,1.062519999999999992e-01
3.876000000000000105e-03,1.078150000000000081e-01
3.885200000000000112e-03,1.046890000000000043e-01
3.894400000000000119e-03,1.046890000000000043e-01
3.903600000000000125e-03,9.843700000000001060e-02
3.912800000000000132e-03,9.843700000000001060e-02
3.922000000000000139e-03,9.374800000000001188e-02
3.931200000000000146e-03,8.749600000000000433e-02
3.940400000000000152e-03,8.280700000000000560e-02
3.949600000000000159e-03,7.968100000000000183e-02
3.958800000000000166e-03,7.811800000000000688e-02
3.968000000000000173e-03,7.655500000000001193e-02
3.977200000000000180e-03,7.655500000000001193e-02
3.986400000000000186e-03,7.968100000000000183e-02
3.995600000000000193e-03,8.124400000000001065e-02
4.004800000000000200e-03,8.593300000000000938e-02
4.014000000000000207e-03,8.749600000000000433e-02
4.023200000000000214e-03,9.062200000000000810e-02
4.032400000000000220e-03,9.531100000000000683e-02
4.041599999999999360e-03,9.687400000000000178e-02
4.050799999999999366e-03,1.000000000000000056e-01
4.059999999999999373e-03,1.015630000000000005e-01
4.069199999999999380e-03,1.031260000000000093e-01
4.078399999999999387e-03,1.015630000000000005e-01
4.087599999999999394e-03,9.531100000000000683e-02
4.096799999999999400e-03,9.218500000000000305e-02
4.105999999999999407e-03,8.749600000000000433e-02
4.115199999999999414e-03,8.437000000000000055e-02
4.124399999999999421e-03,8.124400000000001065e-02
4.133599999999999428e-03,7.968100000000000183e-02
4.142799999999999434e-03,7.968100000000000183e-02
4.151999999999999441e-03,8.124400000000001065e-02
4.161199999999999448e-03,8.437000000000000055e-02
4.170399999999999455e-03,8.749600000000000433e-02
4.179599999999999461e-03,8.905899999999999928e-02
4.188799999999999468e-03,9.062200000000000810e-02
4.197999999999999475e-03,9.374800000000001188e-02
4.207199999999999482e-03,9.531100000000000683e-02
4.216399999999999489e-03,9.531100000000000683e-02
4.225599999999999495e-03,9.531100000000000683e-02
4.234799999999999502e-03,9.531100000000000683e-02
4.243999999999999509e-03,9.218500000000000305e-02
4.253199999999999516e-03,8.749600000000000433e-02
4.262399999999999523e-03,8.593300000000000938e-02
4.271599999999999529e-03,7.968100000000000183e-02
4.280799999999999536e-03,7.655500000000001193e-02
4.289999999999999543e-03,7.342900000000000815e-02
4.299199999999999550e-03,7.030300000000000438e-02
4.308399999999999556e-03,6.717700000000001448e-02
4.317599999999999563e-03,6.717700000000001448e-02
4.326799999999999570e-03,6.717700000000001448e-02
4.335999999999999577e-03,7.186600000000001320e-02
4.345199999999999584e-03,7.342900000000000815e-02
4.354399999999999590e-03,7.811800000000000688e-02
4.363599999999999597e-03,8.124400000000001065e-02
4.372799999999999604e-03,8.437000000000000055e-02
4.381999999999999611e-03,8.905899999999999928e-02
4.391199999999999617e-03,9.531100000000000683e-02
4.400399999999999624e-03,9.843700000000001060e-02
4.409599999999999631e-03,1.015630000000000005e-01
4.418799999999999638e-03,1.031260000000000093e-01
4.427999999999999645e-03,1.062519999999999992e-01
4.437199999999999651e-03,1.078150000000000081e-01
4.446399999999999658e-03,1.062519999999999992e-01
4.455599999999999665e-03,1.031260000000000093e-01
4.464799999999999672e-03,1.015630000000000005e-01
4.473999999999999679e-03,9.531100000000000683e-02
4.483199999999999685e-03,8.905899999999999928e-02
4.492399999999999692e-03,8.593300000000000938e-02
4.501599999999999699e-03,8.124400000000001065e-02
4.510799999999999706e-03,8.124400000000001065e-02
4.519999999999999712e-03,7.968100000000000183e-02
4.529199999999999719e-03,7.968100000000000183e-02
4.538399999999999726e-03,8.124400000000001065e-02
4.547599999999999733e-03,8.124400000000001065e-02
4.556799999999999740e-03,8.124400000000001065e-02
4.565999999999999746e-03,8.280700000000000560e-02
4.575199999999999753e-03,8.280700000000000560e-02
4.584399999999999760e-03,8.280700000000000560e-02
4.593599999999999767e-03,8.124400000000001065e-02
4.602799999999999774e-03,7.811800000000000688e-02
4.611999999999999780e-03,7.342900000000000815e-02
4.621199999999999787e-03,7.186600000000001320e-02
4.630399999999999794e-03,6.717700000000001448e-02
4.639599999999999801e-03,6.405099999999999683e-02
4.648799999999999807e-03,6.248800000000000882e-02
4.657999999999999814e-03,5.936200000000000504e-02
4.667199999999999821e-03,5.936200000000000504e-02
4.676399999999999828e-03,6.092500000000000693e-02
4.685599999999999835e-03,6.405099999999999683e-02
4.694799999999999841e-03,6.874000000000000943e-02
4.703999999999999848e-03,7.186600000000001320e-02
4.713199999999999855e-03,7.655500000000001193e-02
4.722399999999999862e-03,8.124400000000001065e-02
4.731599999999999868e-03,8.437000000000000055e-02
4.740799999999999875e-03,8.905899999999999928e-02
4.749999999999999882e-03,9.218500000000000305e-02
4.759199999999999889e-03,9.531100000000000683e-02
4.768399999999999896e-03,9.843700000000001060e-02
4.777599999999999902e-03,1.015630000000000005e-01
4.786799999999999909e-03,1.046890000000000043e-01
4.795999999999999916e-03,1.078150000000000081e-01
4.805199999999999923e-03,1.078150000000000081e-01
4.814399999999999930e-03,1.093780000000000030e-01
4.823599999999999936e-03,1.062519999999999992e-01
4.832799999999999943e-03,1.031260000000000093e-01
4.841999999999999950e-03,9.843700000000001060e-02
4.851199999999999957e-03,9.218500000000000305e-02
4.860399999999999963e-03,8.905899999999999928e-02
4.869599999999999970e-03,8.437000000000000055e-02
4.878799999999999977e-03,8.124400000000001065e-02
4.887999999999999984e-03,7.811800000000000688e-02
4.897199999999999991e-03,7.811800000000000688e-02
4.906399999999999997e-03,7.499200000000000310e-02
4.915600000000000004e-03,7.499200000000000310e-02
4.924800000000000011e-03,7.342900000000000815e-02
4.934000000000000018e-03,7.342900000000000815e-02
4.943200000000000024e-03,7.030300000000000438e-02
4.952400000000000031e-03,6.717700000000001448e-02
4.961600000000000038e-03,6.561400000000000565e-02
4.970800000000000045e-03,6.248800000000000882e-02
4.980000000000000052e-03,5.936200000000000504e-02
4.989200000000000058e-03,5.623600000000000820e-02
4.998400000000000065e-03,5.623600000000000820e-02
5.007600000000000072e-03,5.311000000000000443e-02
5.016800000000000079e-03,5.311000000000000443e-02
5.026000000000000086e-03,5.311000000000000443e-02
5.035200000000000092e-03,5.779900000000001009e-02
5.044400000000000099e-03,6.092500000000000693e-02
5.053600000000000106e-03,6.405099999999999683e-02
5.062800000000000113e-03,6.874000000000000943e-02
5.072000000000000119e-03,7.655500000000001193e-02
5.081200000000000126e-03,7.968100000000000183e-02
5.090400000000000133e-03,8.280700000000000560e-02
5.099600000000000140e-03,8.593300000000000938e-02
5.108800000000000147e-03,8.905899999999999928e-02
5.118000000000000153e-03,9.062200000000000810e-02
5.127200000000000160e-03,9.374800000000001188e-02
5.136400000000000167e-03,9.687400000000000178e-02
5.145600000000000174e-03,9.687400000000000178e-02
5.154800000000000181e-03,1.000000000000000056e-01
5.164000000000000187e-03,1.062519999999999992e-01
5.173200000000000194e-03,1.062519999999999992e-01
5.182400000000000201e-03,1.078150000000000081e-01
5.191600000000000208e-03,1.078150000000000081e-01
5.200800000000000214e-03,1.046890000000000043e-01
5.210000000000000221e-03,1.000000000000000056e-01
5.219200000000000228e-03,9.374800000000001188e-02
5.228399999999999367e-03,9.062200000000000810e-02
5.237599999999999374e-03,8.593300000000000938e-02
5.246799999999999381e-03,8.124400000000001065e-02
5.255999999999999388e-03,7.811800000000000688e-02
5.265199999999999395e-03,7.499200000000000310e-02
5.274399999999999401e-03,7.342900000000000815e-02
5.283599999999999408e-03,7.186600000000001320e-02
5.292799999999999415e-03,6.874000000000000943e-02
5.301999999999999422e-03,6.717700000000001448e-02
5.311199999999999428e-03,6.405099999999999683e-02
5.320399999999999435e-03,6.092500000000000693e-02
5.329599999999999442e-03,5.779900000000001009e-02
5.338799999999999449e-03,5.623600000000000820e-02
5.347999999999999456e-03,5.467300000000000632e-02
5.357199999999999462e-03,5.154700000000000948e-02
5.366399999999999469e-03,4.842100000000000570e-02
5.375599999999999476e-03,5.154700000000000948e-02
5.384799999999999483e-03,5.154700000000000948e-02
5.393999999999999490e-03,5.467300000000000632e-02
5.403199999999999496e-03,5.779900000000001009e-02
5.412399999999999503e-03,6.717700000000001448e-02
5.421599999999999510e-03,6.717700000000001448e-02
5.430799999999999517e-03,7.655500000000001193e-02
5.439999999999999523e-03,7.811800000000000688e-02
5.449199999999999530e-03,8.124400000000001065e-02
5.458399999999999537e-03,8.593300000000000938e-02
5.467599999999999544e-03,8.749600000000000433e-02
5.476799999999999551e-03,8.905899999999999928e-02
5.485999999999999557e-03,8.905899999999999928e-02
5.495199999999999564e-03,9.062200000000000810e-02
5.504399999999999571e-03,9.218500000000000305e-02
5.513599999999999578e-03,9.531100000000000683e-02
5.522799999999999584e-03,1.000000000000000056e-01
5.531999999999999591e-03,1.000000000000000056e-01
5.541199999999999598e-03,1.031260000000000093e-01
5.550399999999999605e-03,1.062519999999999992e-01
5.559599999999999612e-03,1.046890000000000043e-01
5.568799999999999618e-03,1.046890000000000043e-01
5.577999999999999625e-03,1.000000000000000056e-01
5.587199999999999632e-03,9.531100000000000683e-02
5.596399999999999639e-03,8.905899999999999928e-02
5.605599999999999646e-03,8.437000000000000055e-02
5.614799999999999652e-03,7.968100000000000183e-02
5.623999999999999659e-03,7.499200000000000310e-02
5.633199999999999666e-03,7.342900000000000815e-02
5.642399999999999673e-03,7.030300000000000438e-02
5.651599999999999679e-03,6.561400000000000565e-02
5.660799999999999686e-03,6.248800000000000882e-02
5.669999999999999693e-03,6.092500000000000693e-02
5.679199999999999700e-03,5.779900000000001009e-02
5.688399999999999707e-03,5.467300000000000632e-02
5.697599999999999713e-03,5.311000000000000443e-02
5.706799999999999720e-03,5.311000000000000443e-02
5.715999999999999727e-03,5.154700000000000948e-02
5.725199999999999734e-03,5.154700000000000948e-02
5.734399999999999741e-03,5.154700000000000948e-02
5.743599999999999747e-03,5.779900000000001009e-02
5.752799999999999754e-03,5.936200000000000504e-02
5.761999999999999761e-03,6.717700000000001448e-02
5.771199999999999768e-03,7.030300000000000438e-02
5.780399999999999774e-03,7.655500000000001193e-02
5.789599999999999781e-03,8.124400000000001065e-02
5.798799999999999788e-03,8.437000000000000055e-02
5.807999999999999795e-03,8.749600000000000433e-02
5.817199999999999802e-03,8.749600000000000433e-02
5.826399999999999808e-03,8.749600000000000433e-02
5.835599999999999815e-03,8.593300000000000938e-02
5.844799999999999822e-03,8.593300000000000938e-02
5.853999999999999829e-03,8.593300000000000938e-02
5.863199999999999835e-03,8.593300000000000938e-02
5.872399999999999842e-03,8.905899999999999928e-02
5.881599999999999849e-03,8.905899999999999928e-02
5.890799999999999856e-03,9.218500000000000305e-02
5.899999999999999863e-03,9.531100000000000683e-02
5.909199999999999869e-03,9.843700000000001060e-02
5.918399999999999876e-03,1.015630000000000005e-01
5.927599999999999883e-03,1.015630000000000005e-01
5.936799999999999890e-03,1.000000000000000056e-01
5.945999999999999897e-03,9.531100000000000683e-02
5.955199999999999903e-03,9.374800000000001188e-02
5.964399999999999910e-03,8.905899999999999928e-02
5.973599999999999917e-03,8.437000000000000055e-02
5.982799999999999924e-03,8.124400000000001065e-02
5.991999999999999930e-03,7.655500000000001193e-02
6.001199999999999937e-03,7.342900000000000815e-02
6.010399999999999944e-03,7.030300000000000438e-02
6.019599999999999951e-03,6.561400000000000565e-02
6.028799999999999958e-03,6.248800000000000882e-02
6.037999999999999964e-03,5.936200000000000504e-02
6.047199999999999971e-03,5.623600000000000820e-02
6.056399999999999978e-03,5.623600000000000820e-02
6.065599999999999985e-03,5.467300000000000632e-02
6.074799999999999991e-03,5.623600000000000820e-02
6.083999999999999998e-03,5.623600000000000820e-02
6.093200000000000005e-03,5.779900000000001009e-02
6.102400000000000012e-03,6.248800000000000882e-02
6.111600000000000019e-03,6.561400000000000565e-02
6.120800000000000025e-03,7.499200000000000310e-02
6.130000000000000032e-03,7.968100000000000183e-02
6.139200000000000039e-03,8.124400000000001065e-02
6.148400000000000046e-03,8.593300000000000938e-02
6.157600000000000053e-03,8.905899999999999928e-02
6.166800000000000059e-03,8.905899999999999928e-02
6.176000000000000066e-03,8.749600000000000433e-02
6.185200000000000073e-03,8.749600000000000433e-02
6.194400000000000080e-03,8.437000000000000055e-02
6.203600000000000086e-03,8.280700000000000560e-02
6.212800000000000093e-03,7.811800000000000688e-02
6.222000000000000100e-03,7.968100000000000183e-02
6.231200000000000107e-03,7.655500000000001193e-02
6.240400000000000114e-03,7.655500000000001193e-02
6.249600000000000120e-03,7.811800000000000688e-02
6.258800000000000127e-03,8.280700000000000560e-02
6.268000000000000134e-03,8.749600000000000433e-02
6.277200000000000141e-03,8.905899999999999928e-02
6.286400000000000148e-03,9.374800000000001188e-02
6.295600000000000154e-03,9.531100000000000683e-02
6.304800000000000161e-03,9.531100000000000683e-02
6.314000000000000168e-03,9.531100000000000683e-02
6.323200000000000175e-03,9.062200000000000810e-02
6.332400000000000181e-03,8.749600000000000433e-02
6.341600000000000188e-03,8.437000000000000055e-02
6.350800000000000195e-03,8.124400000000001065e-02
6.360000000000000202e-03,7.655500000000001193e-02
6.369200000000000209e-03,7.186600000000001320e-02
6.378400000000000215e-03,7.030300000000000438e-02
6.387600000000000222e-03,6.561400000000000565e-02
6.396799999999999362e-03,6.248800000000000882e-02
6.405999999999999368e-03,6.092500000000000693e-02
6.415199999999999375e-03,6.248800000000000882e-02
6.424399999999999382e-03,6.248800000000000882e-02
6.433599999999999389e-03,6.248800000000000882e-02
6.442799999999999395e-03,6.561400000000000565e-02
6.451999999999999402e-03,6.874000000000000943e-02
6.461199999999999409e-03,7.186600000000001320e-02
6.470399999999999416e-03,7.499200000000000310e-02
6.479599999999999423e-03,8.124400000000001065e-02
6.488799999999999429e-03,8.749600000000000433e-02
6.497999999999999436e-03,9.062200000000000810e-02
6.507199999999999443e-03,9.218500000000000305e-02
6.516399999999999450e-03,9.531100000000000683e-02
6.525599999999999457e-03,9.531100000000000683e-02
6.534799999999999463e-03,9.374800000000001188e-02
6.543999999999999470e-03,9.062200000000000810e-02
6.553199999999999477e-03,8.905899999999999928e-02
6.562399999999999484e-03,8.437000000000000055e-02
6.571599999999999490e-03,8.280700000000000560e-02
6.580799999999999497e-03,7.811800000000000688e-02
6.589999999999999504e-03,7.655500000000001193e-02
6.599199999999999511e-03,7.499200000000000310e-02
6.608399999999999518e-03,7.655500000000001193e-02
6.617599999999999524e-03,7.655500000000001193e-02
6.626799999999999531e-03,7.968100000000000183e-02
6.635999999999999538e-03,8.593300000000000938e-02
6.645199999999999545e-03,9.062200000000000810e-02
6.654399999999999551e-03,9.374800000000001188e-02
6.663599999999999558e-03,9.531100000000000683e-02
6.672799999999999565e-03,9.531100000000000683e-02
6.681999999999999572e-03,9.374800000000001188e-02
6.691199999999999579e-03,9.218500000000000305e-02
6.700399999999999585e-03,8.749600000000000433e-02
6.709599999999999592e-03,8.437000000000000055e-02
6.718799999999999599e-03,8.124400000000001065e-02
6.727999999999999606e-03,7.499200000000000310e-02
6.737199999999999613e-03,7.342900000000000815e-02
6.746399999999999619e-03,7.030300000000000438e-02
6.755599999999999626e-03,6.874000000000000943e-02
6.764799999999999633e-03,6.561400000000000565e-02
6.773999999999999640e-03,6.561400000000000565e-02
6.783199999999999646e-03,6.405099999999999683e-02
6.792399999999999653e-03,6.561400000000000565e-02
6.801599999999999660e-03,6.717700000000001448e-02
6.810799999999999667e-03,7.030300000000000438e-02
6.819999999999999674e-03,7.030300000000000438e-02
6.829199999999999680e-03,7.499200000000000310e-02
6.838399999999999687e-03,8.280700000000000560e-02
6.847599999999999694e-03,8.593300000000000938e-02
6.856799999999999701e-03,9.062200000000000810e-02
6.865999999999999708e-03,9.374800000000001188e-02
6.875199999999999714e-03,9.531100000000000683e-02
6.884399999999999721e-03,9.531100000000000683e-02
6.893599999999999728e-03,9.531100000000000683e-02
6.902799999999999735e-03,9.218500000000000305e-02
6.911999999999999741e-03,8.905899999999999928e-02
6.921199999999999748e-03,8.593300000000000938e-02
6.930399999999999755e-03,8.124400000000001065e-02
6.939599999999999762e-03,7.811800000000000688e-02
6.948799999999999769e-03,7.499200000000000310e-02
6.957999999999999775e-03,7.342900000000000815e-02
6.967199999999999782e-03,7.186600000000001320e-02
6.976399999999999789e-03,7.186600000000001320e-02
6.985599999999999796e-03,7.342900000000000815e-02
6.994799999999999802e-03,7.811800000000000688e-02
7.003999999999999809e-03,8.124400000000001065e-02
7.013199999999999816e-03,8.749600000000000433e-02
7.022399999999999823e-03,9.062200000000000810e-02
7.031599999999999830e-03,9.374800000000001188e-02
7.040799999999999836e-03,9.218500000000000305e-02
7.049999999999999843e-03,9.218500000000000305e-02
7.059199999999999850e-03,9.062200000000000810e-02
7.068399999999999857e-03,8.749600000000000433e-02
7.077599999999999864e-03,8.437000000000000055e-02
7.086799999999999870e-03,7.968100000000000183e-02
7.095999999999999877e-03,7.811800000000000688e-02
7.105199999999999884e-03,7.499200000000000310e-02
7.114399999999999891e-03,7.342900000000000815e-02
7.123599999999999897e-03,7.030300000000000438e-02
7.132799999999999904e-03,7.030300000000000438e-02
7.141999999999999911e-03,7.030300000000000438e-02
7.151199999999999918e-03,7.342900000000000815e-02
7.160399999999999925e-03,7.499200000000000310e-02
7.169599999999999931e-03,7.811800000000000688e-02
7.178799999999999938e-03,8.280700000000000560e-02
7.187999999999999945e-03,8.593300000000000938e-02
7.197199999999999952e-03,9.218500000000000305e-02
7.206399999999999958e-03,9.374800000000001188e-02
7.215599999999999965e-03,9.843700000000001060e-02
7.224799999999999972e-03,1.000000000000000056e-01
7.233999999999999979e-03,1.000000000000000056e-01
7.243199999999999986e-03,1.000000000000000056e-01
7.252399999999999992e-03,9.687400000000000178e-02
7.261599999999999999e-03,9.531100000000000683e-02
7.270800000000000006e-03,9.062200000000000810e-02
7.280000000000000013e-03,8.749600000000000433e-02
7.289200000000000020e-03,8.124400000000001065e-02
7.298400000000000026e-03,7.811800000000000688e-02
7.307600000000000033e-03,7.499200000000000310e-02
7.316800000000000040e-03,7.186600000000001320e-02
7.326000000000000047e-03,6.874000000000000943e-02
7.335200000000000053e-03,6.717700000000001448e-02
7.344400000000000060e-03,6.717700000000001448e-02
7.353600000000000067e-03,6.561400000000000565e-02
7.362800000000000074e-03,7.186600000000001320e-02
7.372000000000000081e-03,7.655500000000001193e-02
7.381200000000000087e-03,8.124400000000001065e-02
7.390400000000000094e-03,8.593300000000000938e-02
7.399600000000000101e-03,8.905899999999999928e-02
7.408800000000000108e-03,9.062200000000000810e-02
7.418000000000000115e-03,9.062200000000000810e-02
7.427200000000000121e-03,9.062200000000000810e-02
7.436400000000000128e-03,9.062200000000000810e-02
7.445600000000000135e-03,8.749600000000000433e-02
7.454800000000000142e-03,8.593300000000000938e-02
7.464000000000000148e-03,8.280700000000000560e-02
7.473200000000000155e-03,8.124400000000001065e-02
7.482400000000000162e-03,8.124400000000001065e-02
7.491600000000000169e-03,8.280700000000000560e-02
7.500800000000000176e-03,8.280700000000000560e-02
7.510000000000000182e-03,8.437000000000000055e-02
7.519200000000000189e-03,8.749600000000000433e-02
7.528400000000000196e-03,9.062200000000000810e-02
7.537600000000000203e-03,9.374800000000001188e-02
7.546800000000000209e-03,1.015630000000000005e-01
7.556000000000000216e-03,1.046890000000000043e-01
7.565200000000000223e-03,1.093780000000000030e-01
7.574400000000000230e-03,1.078150000000000081e-01
7.583599999999999369e-03,1.093780000000000030e-01
7.592799999999999376e-03,1.093780000000000030e-01
7.601999999999999383e-03,1.046890000000000043e-01
7.611199999999999390e-03,1.046890000000000043e-01
7.620399999999999396e-03,9.687400000000000178e-02
7.629599999999999403e-03,9.218500000000000305e-02
7.638799999999999410e-03,8.749600000000000433e-02
7.647999999999999417e-03,8.437000000000000055e-02
7.657199999999999424e-03,7.968100000000000183e-02
7.666399999999999430e-03,7.499200000000000310e-02
7.675599999999999437e-03,7.186600000000001320e-02
7.684799999999999444e-03,6.717700000000001448e-02
7.693999999999999451e-03,6.405099999999999683e-02
7.703199999999999457e-03,6.092500000000000693e-02
7.712399999999999464e-03,5.936200000000000504e-02
7.721599999999999471e-03,6.092500000000000693e-02
7.730799999999999478e-03,6.561400000000000565e-02
7.740000000000000352e-03,6.874000000000000943e-02
7.749199999999999491e-03,7.499200000000000310e-02
7.758400000000000366e-03,7.968100000000000183e-02
7.767599999999999505e-03,8.280700000000000560e-02
7.776800000000000379e-03,8.749600000000000433e-02
7.785999999999999518e-03,9.062200000000000810e-02
7.795200000000000393e-03,9.062200000000000810e-02
7.804399999999999532e-03,9.218500000000000305e-02
7.813600000000000406e-03,9.218500000000000305e-02
7.822799999999999546e-03,9.062200000000000810e-02
7.832000000000000420e-03,9.218500000000000305e-02
7.841199999999999559e-03,9.218500000000000305e-02
7.850400000000000433e-03,9.218500000000000305e-02
7.859599999999999573e-03,9.374800000000001188e-02
7.868800000000000447e-03,9.531100000000000683e-02
7.877999999999999586e-03,1.000000000000000056e-01
7.887200000000000460e-03,1.031260000000000093e-01
7.896399999999999600e-03,1.046890000000000043e-01
7.905600000000000474e-03,1.078150000000000081e-01
7.914799999999999613e-03,1.125040000000000068e-01
7.924000000000000488e-03,1.156300000000000106e-01
7.933199999999999627e-03,1.171930000000000055e-01
7.942400000000000501e-03,1.171930000000000055e-01
7.951599999999999641e-03,1.171930000000000055e-01
7.960800000000000515e-03,1.125040000000000068e-01
7.969999999999999654e-03,1.093780000000000030e-01
7.979200000000000528e-03,1.031260000000000093e-01
7.988399999999999668e-03,9.531100000000000683e-02
7.997600000000000542e-03,9.218500000000000305e-02
8.006799999999999681e-03,8.905899999999999928e-02
8.016000000000000555e-03,8.437000000000000055e-02
8.025199999999999695e-03,7.811800000000000688e-02
8.034400000000000569e-03,7.342900000000000815e-02
8.043599999999999708e-03,7.030300000000000438e-02
8.052800000000000583e-03,6.561400000000000565e-02
8.061999999999999722e-03,6.248800000000000882e-02
8.071200000000000596e-03,6.092500000000000693e-02
8.080399999999999736e-03,5.936200000000000504e-02
8.089600000000000610e-03,5.936200000000000504e-02
8.098799999999999749e-03,6.405099999999999683e-02
8.108000000000000623e-03,6.874000000000000943e-02
8.117199999999999763e-03,7.499200000000000310e-02
8.126400000000000637e-03,8.124400000000001065e-02
8.135599999999999776e-03,8.437000000000000055e-02
8.144800000000000650e-03,8.749600000000000433e-02
8.153999999999999790e-03,9.062200000000000810e-02
8.163199999999998929e-03,9.374800000000001188e-02
8.172399999999999803e-03,9.374800000000001188e-02
8.181599999999998943e-03,9.374800000000001188e-02
8.190799999999999817e-03,9.374800000000001188e-02
8.199999999999998956e-03,9.687400000000000178e-02
8.209199999999999831e-03,9.687400000000000178e-02
8.218399999999998970e-03,9.843700000000001060e-02
8.227599999999999844e-03,1.015630000000000005e-01
8.236799999999998984e-03,1.046890000000000043e-01
8.245999999999999858e-03,1.062519999999999992e-01
8.255199999999998997e-03,1.125040000000000068e-01
8.264399999999999871e-03,1.156300000000000106e-01
8.273599999999999011e-03,1.171930000000000055e-01
8.282799999999999885e-03,1.203190000000000093e-01
8.291999999999999024e-03,1.218820000000000042e-01
8.301199999999999898e-03,1.203190000000000093e-01
8.310399999999999038e-03,1.187560000000000004e-01
8.319599999999999912e-03,1.156300000000000106e-01
8.328799999999999051e-03,1.109410000000000118e-01
8.337999999999999926e-03,1.046890000000000043e-01
8.347199999999999065e-03,1.000000000000000056e-01
8.356399999999999939e-03,9.218500000000000305e-02
8.365599999999999078e-03,8.593300000000000938e-02
8.374799999999999953e-03,8.593300000000000938e-02
8.383999999999999092e-03,8.124400000000001065e-02
8.393199999999999966e-03,7.655500000000001193e-02
8.402399999999999106e-03,7.342900000000000815e-02
8.411599999999999980e-03,7.186600000000001320e-02
8.420799999999999119e-03,6.717700000000001448e-02
8.429999999999999993e-03,6.092500000000000693e-02
8.439199999999999133e-03,6.092500000000000693e-02
8.448400000000000007e-03,5.936200000000000504e-02
8.457599999999999146e-03,6.092500000000000693e-02
8.466800000000000020e-03,6.405099999999999683e-02
8.475999999999999160e-03,7.030300000000000438e-02
8.485200000000000034e-03,7.499200000000000310e-02
8.494399999999999173e-03,7.968100000000000183e-02
8.503600000000000048e-03,8.593300000000000938e-02
8.512799999999999187e-03,9.062200000000000810e-02
8.522000000000000061e-03,9.062200000000000810e-02
8.531199999999999201e-03,9.374800000000001188e-02
8.540400000000000075e-03,9.687400000000000178e-02
8.549599999999999214e-03,9.687400000000000178e-02
8.558800000000000088e-03,9.843700000000001060e-02
8.567999999999999228e-03,1.000000000000000056e-01
8.577200000000000102e-03,1.015630000000000005e-01
8.586399999999999241e-03,1.046890000000000043e-01
8.595600000000000115e-03,1.078150000000000081e-01
8.604799999999999255e-03,1.109410000000000118e-01
8.614000000000000129e-03,1.156300000000000106e-01
8.623199999999999268e-03,1.171930000000000055e-01
8.632400000000000143e-03,1.187560000000000004e-01
8.641599999999999282e-03,1.218820000000000042e-01
8.650800000000000156e-03,1.234449999999999992e-01
8.659999999999999296e-03,1.218820000000000042e-01
8.669200000000000170e-03,1.187560000000000004e-01
8.678399999999999309e-03,1.156300000000000106e-01
8.687600000000000183e-03,1.125040000000000068e-01
8.696799999999999323e-03,1.046890000000000043e-01
8.706000000000000197e-03,9.843700000000001060e-02
8.715199999999999336e-03,9.374800000000001188e-02
8.724400000000000210e-03,8.905899999999999928e-02
8.733599999999999350e-03,8.593300000000000938e-02
8.742800000000000224e-03,8.124400000000001065e-02
8.751999999999999363e-03,8.124400000000001065e-02
8.761200000000000238e-03,7.655500000000001193e-02
8.770399999999999377e-03,7.499200000000000310e-02
8.779600000000000251e-03,7.030300000000000438e-02
8.788799999999999391e-03,6.717700000000001448e-02
8.798000000000000265e-03,6.561400000000000565e-02
8.807199999999999404e-03,6.092500000000000693e-02
8.816400000000000278e-03,6.092500000000000693e-02
8.825599999999999418e-03,6.092500000000000693e-02
8.834800000000000292e-03,6.405099999999999683e-02
8.843999999999999431e-03,6.717700000000001448e-02
8.853200000000000305e-03,7.655500000000001193e-02
8.862399999999999445e-03,8.280700000000000560e-02
8.871600000000000319e-03,8.437000000000000055e-02
8.880799999999999458e-03,9.218500000000000305e-02
8.890000000000000333e-03,9.218500000000000305e-02
8.899199999999999472e-03,9.687400000000000178e-02
8.908400000000000346e-03,9.843700000000001060e-02
8.917599999999999486e-03,1.031260000000000093e-01
8.926800000000000360e-03,1.046890000000000043e-01
8.935999999999999499e-03,1.093780000000000030e-01
8.945200000000000373e-03,1.093780000000000030e-01
8.954399999999999513e-03,1.156300000000000106e-01
8.963600000000000387e-03,1.171930000000000055e-01
8.972799999999999526e-03,1.187560000000000004e-01
8.982000000000000400e-03,1.218820000000000042e-01
8.991199999999999540e-03,1.234449999999999992e-01
9.000400000000000414e-03,1.250080000000000080e-01
9.009599999999999553e-03,1.250080000000000080e-01
9.018800000000000427e-03,1.234449999999999992e-01
9.027999999999999567e-03,1.203190000000000093e-01
9.037200000000000441e-03,1.156300000000000106e-01
9.046399999999999580e-03,1.093780000000000030e-01
9.055600000000000455e-03,1.015630000000000005e-01
9.064799999999999594e-03,9.687400000000000178e-02
9.074000000000000468e-03,9.218500000000000305e-02
9.083199999999999608e-03,8.905899999999999928e-02
9.092400000000000482e-03,8.593300000000000938e-02
9.101599999999999621e-03,8.437000000000000055e-02
9.110800000000000495e-03,8.280700000000000560e-02
9.119999999999999635e-03,8.124400000000001065e-02
9.129200000000000509e-03,8.124400000000001065e-02
9.138399999999999648e-03,7.968100000000000183e-02
9.147600000000000522e-03,7.655500000000001193e-02
9.156799999999999662e-03,7.342900000000000815e-02
9.166000000000000536e-03,7.030300000000000438e-02
9.175199999999999675e-03,6.717700000000001448e-02
9.184400000000000550e-03,6.405099999999999683e-02
9.193599999999999689e-03,6.405099999999999683e-02
9.202800000000000563e-03,6.561400000000000565e-02
9.211999999999999703e-03,6.717700000000001448e-02
9.221200000000000577e-03,7.499200000000000310e-02
9.230399999999999716e-03,7.968100000000000183e-02
9.239600000000000590e-03,8.593300000000000938e-02
9.248799999999999730e-03,9.062200000000000810e-02
9.258000000000000604e-03,9.374800000000001188e-02
9.267199999999999743e-03,9.843700000000001060e-02
9.276400000000000617e-03,1.031260000000000093e-01
9.285599999999999757e-03,1.062519999999999992e-01
9.294800000000000631e-03,1.109410000000000118e-01
9.303999999999999770e-03,1.125040000000000068e-01
9.313200000000000645e-03,1.156300000000000106e-01
9.322399999999999784e-03,1.203190000000000093e-01
9.331600000000000658e-03,1.218820000000000042e-01
9.340799999999999798e-03,1.234449999999999992e-01
9.349999999999998937e-03,1.234449999999999992e-01
9.359199999999999811e-03,1.234449999999999992e-01
9.368399999999998951e-03,1.218820000000000042e-01
9.377599999999999825e-03,1.171930000000000055e-01
9.386799999999998964e-03,1.125040000000000068e-01
9.395999999999999838e-03,1.093780000000000030e-01
9.405199999999998978e-03,1.015630000000000005e-01
9.414399999999999852e-03,9.687400000000000178e-02
9.423599999999998991e-03,9.374800000000001188e-02
9.432799999999999865e-03,8.905899999999999928e-02
9.441999999999999005e-03,8.593300000000000938e-02
9.451199999999999879e-03,8.437000000000000055e-02
9.460399999999999018e-03,8.749600000000000433e-02
9.469599999999999893e-03,8.593300000000000938e-02
9.478799999999999032e-03,8.593300000000000938e-02
9.487999999999999906e-03,8.749600000000000433e-02
9.497199999999999045e-03,8.749600000000000433e-02
9.506399999999999920e-03,8.749600000000000433e-02
9.515599999999999059e-03,8.437000000000000055e-02
9.524799999999999933e-03,8.280700000000000560e-02
9.533999999999999073e-03,8.124400000000001065e-02
9.543199999999999947e-03,7.499200000000000310e-02
9.552399999999999086e-03,7.186600000000001320e-02
9.561599999999999960e-03,7.030300000000000438e-02
9.570799999999999100e-03,7.030300000000000438e-02
9.579999999999999974e-03,7.342900000000000815e-02
9.589199999999999113e-03,7.655500000000001193e-02
9.598399999999999987e-03,8.124400000000001065e-02
9.607599999999999127e-03,8.593300000000000938e-02
9.616800000000000001e-03,9.218500000000000305e-02
9.625999999999999140e-03,9.374800000000001188e-02
9.635200000000000015e-03,1.015630000000000005e-01
9.644399999999999154e-03,1.046890000000000043e-01
9.653600000000000028e-03,1.093780000000000030e-01
9.662799999999999168e-03,1.093780000000000030e-01
9.672000000000000042e-03,1.156300000000000106e-01
9.681199999999999181e-03,1.171930000000000055e-01
9.690400000000000055e-03,1.187560000000000004e-01
9.699599999999999195e-03,1.187560000000000004e-01
9.708800000000000069e-03,1.218820000000000042e-01
9.717999999999999208e-03,1.187560000000000004e-01
9.727200000000000082e-03,1.187560000000000004e-01
9.736399999999999222e-03,1.156300000000000106e-01
9.745600000000000096e-03,1.125040000000000068e-01
9.754799999999999235e-03,1.062519999999999992e-01
9.764000000000000110e-03,1.000000000000000056e-01
9.773199999999999249e-03,9.531100000000000683e-02
9.782400000000000123e-03,9.062200000000000810e-02
9.791599999999999263e-03,8.749600000000000433e-02
9.800800000000000137e-03,8.437000000000000055e-02
9.809999999999999276e-03,8.437000000000000055e-02
9.819200000000000150e-03,8.593300000000000938e-02
9.828399999999999290e-03,8.593300000000000938e-02
9.837600000000000164e-03,8.593300000000000938e-02
9.846799999999999303e-03,8.749600000000000433e-02
9.856000000000000177e-03,8.905899999999999928e-02
9.865199999999999317e-03,8.905899999999999928e-02
9.874400000000000191e-03,8.905899999999999928e-02
9.883599999999999330e-03,8.749600000000000433e-02
9.892800000000000205e-03,8.437000000000000055e-02
9.901999999999999344e-03,7.968100000000000183e-02
9.911200000000000218e-03,7.655500000000001193e-02
9.920399999999999358e-03,7.342900000000000815e-02
9.929600000000000232e-03,7.186600000000001320e-02
9.938799999999999371e-03,7.186600000000001320e-02
9.948000000000000245e-03,7.342900000000000815e-02
9.957199999999999385e-03,7.811800000000000688e-02
9.966400000000000259e-03,8.437000000000000055e-02
9.975599999999999398e-03,8.749600000000000433e-02
9.984800000000000272e-03,9.062200000000000810e-02
9.993999999999999412e-03,9.687400000000000178e-02
1.000320000000000029e-02,1.000000000000000056e-01
1.001239999999999943e-02,1.031260000000000093e-01
1.002160000000000030e-02,1.078150000000000081e-01
1.003079999999999944e-02,1.125040000000000068e-01
1.004000000000000031e-02,1.140670000000000017e-01
1.004919999999999945e-02,1.140670000000000017e-01
1.005840000000000033e-02,1.171930000000000055e-01
1.006759999999999947e-02,1.156300000000000106e-01
1.007680000000000034e-02,1.156300000000000106e-01
1.008599999999999948e-02,1.125040000000000068e-01
1.009520000000000035e-02,1.109410000000000118e-01
1.010439999999999949e-02,1.046890000000000043e-01
1.011360000000000037e-02,1.015630000000000005e-01
1.012279999999999951e-02,9.843700000000001060e-02
1.013200000000000038e-02,8.905899999999999928e-02
1.014119999999999952e-02,8.749600000000000433e-02
1.015040000000000039e-02,8.280700000000000560e-02
1.015959999999999953e-02,7.968100000000000183e-02
1.016880000000000041e-02,8.124400000000001065e-02
1.017799999999999955e-02,8.280700000000000560e-02
1.018720000000000042e-02,8.280700000000000560e-02
1.019639999999999956e-02,8.749600000000000433e-02
1.020560000000000044e-02,8.905899999999999928e-02
1.021479999999999957e-02,9.062200000000000810e-02
1.022400000000000045e-02,9.218500000000000305e-02
1.023319999999999959e-02,9.218500000000000305e-02
1.024240000000000046e-02,9.218500000000000305e-02
1.025159999999999960e-02,9.062200000000000810e-02
1.026080000000000048e-02,8.749600000000000433e-02
1.026999999999999962e-02,8.437000000000000055e-02
1.027920000000000049e-02,7.968100000000000183e-02
1.028839999999999963e-02,7.811800000000000688e-02
1.029760000000000050e-02,7.499200000000000310e-02
1.030679999999999964e-02,7.342900000000000815e-02
1.031600000000000052e-02,7.499200000000000310e-02
1.032519999999999966e-02,7.968100000000000183e-02
1.033440000000000053e-02,8.437000000000000055e-02
1.034359999999999967e-02,8.593300000000000938e-02
1.035280000000000054e-02,9.062200000000000810e-02
1.036199999999999968e-02,9.531100000000000683e-02
1.037120000000000056e-02,9.843700000000001060e-02
1.038039999999999970e-02,1.000000000000000056e-01
1.038960000000000057e-02,1.046890000000000043e-01
1.039879999999999971e-02,1.062519999999999992e-01
1.040800000000000058e-02,1.078150000000000081e-01
1.041719999999999972e-02,1.078150000000000081e-01
1.042640000000000060e-02,1.062519999999999992e-01
1.043559999999999974e-02,1.046890000000000043e-01
1.044480000000000061e-02,1.015630000000000005e-01
1.045399999999999975e-02,1.000000000000000056e-01
1.046320000000000063e-02,9.687400000000000178e-02
1.047239999999999976e-02,9.062200000000000810e-02
1.048160000000000064e-02,8.437000000000000055e-02
1.049079999999999978e-02,8.124400000000001065e-02
1.050000000000000065e-02,7.968100000000000183e-02
1.050919999999999979e-02,7.655500000000001193e-02
1.051840000000000067e-02,7.655500000000001193e-02
1.052759999999999981e-02,7.811800000000000688e-02
1.053679999999999894e-02,7.968100000000000183e-02
1.054599999999999982e-02,8.437000000000000055e-02
1.055519999999999896e-02,8.593300000000000938e-02
1.056439999999999983e-02,9.218500000000000305e-02
1.057359999999999897e-02,9.374800000000001188e-02
1.058279999999999985e-02,9.687400000000000178e-02
1.059199999999999899e-02,1.000000000000000056e-01
1.060119999999999986e-02,1.015630000000000005e-01
1.061039999999999900e-02,1.031260000000000093e-01
1.061959999999999987e-02,1.015630000000000005e-01
1.062879999999999901e-02,9.843700000000001060e-02
1.063799999999999989e-02,9.531100000000000683e-02
1.064719999999999903e-02,8.905899999999999928e-02
1.065639999999999990e-02,8.749600000000000433e-02
1.066559999999999904e-02,8.280700000000000560e-02
1.067479999999999991e-02,7.968100000000000183e-02
1.068399999999999905e-02,7.968100000000000183e-02
1.069319999999999993e-02,8.124400000000001065e-02
1.070239999999999907e-02,8.437000000000000055e-02
1.071159999999999994e-02,8.593300000000000938e-02
1.072079999999999908e-02,8.905899999999999928e-02
1.072999999999999995e-02,9.062200000000000810e-02
1.073919999999999909e-02,9.374800000000001188e-02
1.074839999999999997e-02,9.531100000000000683e-02
1.075759999999999911e-02,9.687400000000000178e-02
1.076679999999999998e-02,9.843700000000001060e-02
1.077599999999999912e-02,9.687400000000000178e-02
1.078520000000000000e-02,9.531100000000000683e-02
1.079439999999999913e-02,9.374800000000001188e-02
1.080360000000000001e-02,8.749600000000000433e-02
1.081279999999999915e-02,8.749600000000000433e-02
1.082200000000000002e-02,8.124400000000001065e-02
1.083119999999999916e-02,7.811800000000000688e-02
1.084040000000000004e-02,7.342900000000000815e-02
1.084959999999999918e-02,7.186600000000001320e-02
1.085880000000000005e-02,7.030300000000000438e-02
1.086799999999999919e-02,6.874000000000000943e-02
1.087720000000000006e-02,7.030300000000000438e-02
1.088639999999999920e-02,7.342900000000000815e-02
1.089560000000000008e-02,7.499200000000000310e-02
1.090479999999999922e-02,7.811800000000000688e-02
1.091400000000000009e-02,8.593300000000000938e-02
1.092319999999999923e-02,8.905899999999999928e-02
1.093240000000000010e-02,9.218500000000000305e-02
1.094159999999999924e-02,9.687400000000000178e-02
1.095080000000000012e-02,1.000000000000000056e-01
1.095999999999999926e-02,1.031260000000000093e-01
1.096920000000000013e-02,1.062519999999999992e-01
1.097839999999999927e-02,1.062519999999999992e-01
1.098760000000000014e-02,1.062519999999999992e-01
1.099679999999999928e-02,1.031260000000000093e-01
1.100600000000000016e-02,1.000000000000000056e-01
1.101519999999999930e-02,9.374800000000001188e-02
1.102440000000000017e-02,8.905899999999999928e-02
1.103359999999999931e-02,8.593300000000000938e-02
1.104280000000000019e-02,8.280700000000000560e-02
1.105199999999999932e-02,8.124400000000001065e-02
1.106120000000000020e-02,8.124400000000001065e-02
1.107039999999999934e-02,8.280700000000000560e-02
1.107960000000000021e-02,8.280700000000000560e-02
1.108879999999999935e-02,8.437000000000000055e-02
1.109800000000000023e-02,8.437000000000000055e-02
1.110719999999999937e-02,8.593300000000000938e-02
1.111640000000000024e-02,8.749600000000000433e-02
1.112559999999999938e-02,8.593300000000000938e-02
1.113480000000000025e-02,8.437000000000000055e-02
1.114399999999999939e-02,8.280700000000000560e-02
1.115320000000000027e-02,8.124400000000001065e-02
1.116239999999999941e-02,7.655500000000001193e-02
1.117160000000000028e-02,7.186600000000001320e-02
1.118079999999999942e-02,7.030300000000000438e-02
1.119000000000000029e-02,6.561400000000000565e-02
1.119919999999999943e-02,6.405099999999999683e-02
1.120840000000000031e-02,6.092500000000000693e-02
1.121759999999999945e-02,6.248800000000000882e-02
1.122680000000000032e-02,6.248800000000000882e-02
1.123599999999999946e-02,6.405099999999999683e-02
1.124520000000000033e-02,6.717700000000001448e-02
1.125439999999999947e-02,7.030300000000000438e-02
1.126360000000000035e-02,7.811800000000000688e-02
1.127279999999999949e-02,8.280700000000000560e-02
1.128200000000000036e-02,8.437000000000000055e-02
1.129119999999999950e-02,9.062200000000000810e-02
1.130040000000000038e-02,9.374800000000001188e-02
1.130959999999999951e-02,9.687400000000000178e-02
1.131880000000000039e-02,1.015630000000000005e-01
1.132799999999999953e-02,1.031260000000000093e-01
1.133720000000000040e-02,1.062519999999999992e-01
1.134639999999999954e-02,1.078150000000000081e-01
1.135560000000000042e-02,1.062519999999999992e-01
1.136479999999999956e-02,1.046890000000000043e-01
1.137400000000000043e-02,9.843700000000001060e-02
1.138319999999999957e-02,9.843700000000001060e-02
1.139240000000000044e-02,9.062200000000000810e-02
1.140159999999999958e-02,8.593300000000000938e-02
1.141080000000000046e-02,8.280700000000000560e-02
1.141999999999999960e-02,8.124400000000001065e-02
1.142920000000000047e-02,8.124400000000001065e-02
1.143839999999999961e-02,8.124400000000001065e-02
1.144760000000000048e-02,8.124400000000001065e-02
1.145679999999999962e-02,8.124400000000001065e-02
1.146600000000000050e-02,8.280700000000000560e-02
1.147519999999999964e-02,8.280700000000000560e-02
1.148440000000000051e-02,8.280700000000000560e-02
1.149359999999999965e-02,8.124400000000001065e-02
1.150280000000000052e-02,7.811800000000000688e-02
1.151199999999999966e-02,7.655500000000001193e-02
1.152120000000000054e-02,7.342900000000000815e-02
1.153039999999999968e-02,6.874000000000000943e-02
1.153960000000000055e-02,6.561400000000000565e-02
1.154879999999999969e-02,6.405099999999999683e-02
1.155800000000000056e-02,6.092500000000000693e-02
1.156719999999999970e-02,5.936200000000000504e-02
1.157640000000000058e-02,5.779900000000001009e-02
1.158559999999999972e-02,5.936200000000000504e-02
1.159480000000000059e-02,6.248800000000000882e-02
1.160399999999999973e-02,6.561400000000000565e-02
1.161320000000000061e-02,7.030300000000000438e-02
1.162239999999999975e-02,7.499200000000000310e-02
1.163160000000000062e-02,8.124400000000001065e-02
1.164079999999999976e-02,8.593300000000000938e-02
1.165000000000000063e-02,8.905899999999999928e-02
1.165919999999999977e-02,9.062200000000000810e-02
1.166840000000000065e-02,9.531100000000000683e-02
1.167759999999999979e-02,9.843700000000001060e-02
1.168680000000000066e-02,1.015630000000000005e-01
1.169599999999999980e-02,1.046890000000000043e-01
1.170519999999999894e-02,1.046890000000000043e-01
1.171439999999999981e-02,1.078150000000000081e-01
1.172359999999999895e-02,1.078150000000000081e-01
1.173279999999999983e-02,1.062519999999999992e-01
1.174199999999999897e-02,1.031260000000000093e-01
1.175119999999999984e-02,9.687400000000000178e-02
1.176039999999999898e-02,9.374800000000001188e-02
1.176959999999999985e-02,8.593300000000000938e-02
1.177879999999999899e-02,8.280700000000000560e-02
1.178799999999999987e-02,8.124400000000001065e-02
1.179719999999999901e-02,7.968100000000000183e-02
1.180639999999999988e-02,7.655500000000001193e-02
1.181559999999999902e-02,7.655500000000001193e-02
1.182479999999999989e-02,7.655500000000001193e-02
1.183399999999999903e-02,7.655500000000001193e-02
1.184319999999999991e-02,7.655500000000001193e-02
1.185239999999999905e-02,7.342900000000000815e-02
1.186159999999999992e-02,7.186600000000001320e-02
1.187079999999999906e-02,6.874000000000000943e-02
1.187999999999999994e-02,6.717700000000001448e-02
1.188919999999999907e-02,6.248800000000000882e-02
1.189839999999999995e-02,5.936200000000000504e-02
1.190759999999999909e-02,5.936200000000000504e-02
1.191679999999999996e-02,5.467300000000000632e-02
1.192599999999999910e-02,5.311000000000000443e-02
1.193519999999999998e-02,5.467300000000000632e-02
1.194439999999999912e-02,5.779900000000001009e-02
1.195359999999999999e-02,6.092500000000000693e-02
1.196279999999999913e-02,6.405099999999999683e-02
1.197200000000000000e-02,6.874000000000000943e-02
1.198119999999999914e-02,7.342900000000000815e-02
1.199040000000000002e-02,7.811800000000000688e-02
1.199959999999999916e-02,8.280700000000000560e-02
1.200880000000000003e-02,8.593300000000000938e-02
1.201799999999999917e-02,9.062200000000000810e-02
1.202720000000000004e-02,9.218500000000000305e-02
1.203639999999999918e-02,9.374800000000001188e-02
1.204560000000000006e-02,9.843700000000001060e-02
1.205479999999999920e-02,1.000000000000000056e-01
1.206400000000000007e-02,1.031260000000000093e-01
1.207319999999999921e-02,1.046890000000000043e-01
1.208240000000000008e-02,1.078150000000000081e-01
1.209159999999999922e-02,1.078150000000000081e-01
1.210080000000000010e-02,1.046890000000000043e-01
1.210999999999999924e-02,1.031260000000000093e-01
1.211920000000000011e-02,9.843700000000001060e-02
1.212839999999999925e-02,9.374800000000001188e-02
1.213760000000000012e-02,9.062200000000000810e-02
1.214679999999999926e-02,8.593300000000000938e-02
1.215600000000000014e-02,8.124400000000001065e-02
1.216519999999999928e-02,7.655500000000001193e-02
1.217440000000000015e-02,7.499200000000000310e-02
1.218359999999999929e-02,7.342900000000000815e-02
1.219280000000000017e-02,7.186600000000001320e-02
1.220199999999999931e-02,6.717700000000001448e-02
1.221120000000000018e-02,6.561400000000000565e-02
1.222039999999999932e-02,6.248800000000000882e-02
1.222960000000000019e-02,5.936200000000000504e-02
1.223879999999999933e-02,5.936200000000000504e-02
1.224800000000000021e-02,5.467300000000000632e-02
1.225719999999999935e-02,5.311000000000000443e-02
1.226640000000000022e-02,5.154700000000000948e-02
1.227559999999999936e-02,5.154700000000000948e-02
1.228480000000000023e-02,5.154700000000000948e-02
1.229399999999999937e-02,5.154700000000000948e-02
1.230320000000000025e-02,5.779900000000001009e-02
1.231239999999999939e-02,5.936200000000000504e-02
1.232160000000000026e-02,6.561400000000000565e-02
1.233079999999999940e-02,7.030300000000000438e-02
1.234000000000000027e-02,7.499200000000000310e-02
1.234919999999999941e-02,8.280700000000000560e-02
1.235840000000000029e-02,8.280700000000000560e-02
1.236759999999999943e-02,8.593300000000000938e-02
1.237680000000000030e-02,8.749600000000000433e-02
1.238599999999999944e-02,8.905899999999999928e-02
1.239520000000000031e-02,9.062200000000000810e-02
1.240439999999999945e-02,9.062200000000000810e-02
1.241360000000000033e-02,9.374800000000001188e-02
1.242279999999999947e-02,9.531100000000000683e-02
1.243200000000000034e-02,9.843700000000001060e-02
1.244119999999999948e-02,1.015630000000000005e-01
1.245040000000000036e-02,1.031260000000000093e-01
1.245959999999999950e-02,1.046890000000000043e-01
1.246880000000000037e-02,1.046890000000000043e-01
1.247799999999999951e-02,1.015630000000000005e-01
1.248720000000000038e-02,9.843700000000001060e-02
1.249639999999999952e-02,9.374800000000001188e-02
1.250560000000000040e-02,8.749600000000000433e-02
1.251479999999999954e-02,8.437000000000000055e-02
1.252400000000000041e-02,7.968100000000000183e-02
1.253319999999999955e-02,7.655500000000001193e-02
1.254240000000000042e-02,7.186600000000001320e-02
1.255159999999999956e-02,6.874000000000000943e-02
1.256080000000000044e-02,6.874000000000000943e-02
1.256999999999999958e-02,6.561400000000000565e-02
1.257920000000000045e-02,6.092500000000000693e-02
1.258839999999999959e-02,5.936200000000000504e-02
1.259760000000000046e-02,5.623600000000000820e-02
1.260679999999999960e-02,5.311000000000000443e-02
1.261600000000000048e-02,5.154700000000000948e-02
1.262519999999999962e-02,5.154700000000000948e-02
1.263440000000000049e-02,5.154700000000000948e-02
1.264359999999999963e-02,5.154700000000000948e-02
1.265280000000000050e-02,5.311000000000000443e-02
1.266199999999999964e-02,5.779900000000001009e-02
1.267120000000000052e-02,6.248800000000000882e-02
1.268039999999999966e-02,6.717700000000001448e-02
1.268960000000000053e-02,7.186600000000001320e-02
1.269879999999999967e-02,7.968100000000000183e-02
1.270800000000000055e-02,8.124400000000001065e-02
1.271719999999999968e-02,8.437000000000000055e-02
1.272640000000000056e-02,8.749600000000000433e-02
1.273559999999999970e-02,8.749600000000000433e-02
1.274480000000000057e-02,8.749600000000000433e-02
1.275399999999999971e-02,8.593300000000000938e-02
1.276320000000000059e-02,8.749600000000000433e-02
1.277239999999999973e-02,8.749600000000000433e-02
1.278160000000000060e-02,8.905899999999999928e-02
1.279079999999999974e-02,9.062200000000000810e-02
1.280000000000000061e-02,9.374800000000001188e-02
1.280919999999999975e-02,9.531100000000000683e-02
1.281840000000000063e-02,1.015630000000000005e-01
1.282759999999999977e-02,1.015630000000000005e-01
1.283680000000000064e-02,1.031260000000000093e-01
1.284599999999999978e-02,1.000000000000000056e-01
1.285520000000000065e-02,9.687400000000000178e-02
1.286439999999999979e-02,9.218500000000000305e-02
1.287359999999999893e-02,8.749600000000000433e-02
1.288279999999999981e-02,8.124400000000001065e-02
1.289199999999999895e-02,7.968100000000000183e-02
1.290119999999999982e-02,7.499200000000000310e-02
1.291039999999999896e-02,7.186600000000001320e-02
1.291959999999999983e-02,6.717700000000001448e-02
1.292879999999999897e-02,6.561400000000000565e-02
1.293799999999999985e-02,6.248800000000000882e-02
1.294719999999999899e-02,5.779900000000001009e-02
1.295639999999999986e-02,5.779900000000001009e-02
1.296559999999999900e-02,5.467300000000000632e-02
1.297479999999999987e-02,5.154700000000000948e-02
1.298399999999999901e-02,5.311000000000000443e-02
1.299319999999999989e-02,5.311000000000000443e-02
1.300239999999999903e-02,5.311000000000000443e-02
1.301159999999999990e-02,5.467300000000000632e-02
1.302079999999999904e-02,5.779900000000001009e-02
1.302999999999999992e-02,6.405099999999999683e-02
1.303919999999999906e-02,7.030300000000000438e-02
1.304839999999999993e-02,7.655500000000001193e-02
1.305759999999999907e-02,7.968100000000000183e-02
1.306679999999999994e-02,8.124400000000001065e-02
1.307599999999999908e-02,8.593300000000000938e-02
1.308519999999999996e-02,8.593300000000000938e-02
1.309439999999999910e-02,8.749600000000000433e-02
1.310359999999999997e-02,8.593300000000000938e-02
1.311279999999999911e-02,8.593300000000000938e-02
1.312199999999999998e-02,8.593300000000000938e-02
1.313119999999999912e-02,8.437000000000000055e-02
1.314040000000000000e-02,8.593300000000000938e-02
1.314959999999999914e-02,8.749600000000000433e-02
1.315880000000000001e-02,8.905899999999999928e-02
1.316799999999999915e-02,9.374800000000001188e-02
1.317720000000000002e-02,9.687400000000000178e-02
1.318639999999999916e-02,1.000000000000000056e-01
1.319560000000000004e-02,1.015630000000000005e-01
1.320479999999999918e-02,1.000000000000000056e-01
1.321400000000000005e-02,9.843700000000001060e-02
1.322319999999999919e-02,9.531100000000000683e-02
1.323240000000000006e-02,9.218500000000000305e-02
1.324159999999999920e-02,8.593300000000000938e-02
1.325080000000000008e-02,8.124400000000001065e-02
1.325999999999999922e-02,7.655500000000001193e-02
1.326920000000000009e-02,7.342900000000000815e-02
1.327839999999999923e-02,7.030300000000000438e-02
1.328760000000000011e-02,6.405099999999999683e-02
1.329679999999999924e-02,6.248800000000000882e-02
1.330600000000000012e-02,6.092500000000000693e-02
1.331519999999999926e-02,5.779900000000001009e-02
1.332440000000000013e-02,5.623600000000000820e-02
1.333359999999999927e-02,5.467300000000000632e-02
1.334280000000000015e-02,5.623600000000000820e-02
1.335199999999999929e-02,5.623600000000000820e-02
1.336120000000000016e-02,5.779900000000001009e-02
1.337039999999999930e-02,6.092500000000000693e-02
1.337960000000000017e-02,6.248800000000000882e-02
1.338879999999999931e-02,6.717700000000001448e-02
1.339800000000000019e-02,7.499200000000000310e-02
1.340719999999999933e-02,7.968100000000000183e-02
1.341640000000000020e-02,8.437000000000000055e-02
1.342559999999999934e-02,8.593300000000000938e-02
1.343480000000000021e-02,8.905899999999999928e-02
1.344399999999999935e-02,8.905899999999999928e-02
1.345320000000000023e-02,8.749600000000000433e-02
1.346239999999999937e-02,8.593300000000000938e-02
1.347160000000000024e-02,8.437000000000000055e-02
1.348079999999999938e-02,8.124400000000001065e-02
1.349000000000000025e-02,8.124400000000001065e-02
1.349919999999999939e-02,7.968100000000000183e-02
1.350840000000000027e-02,7.968100000000000183e-02
1.351759999999999941e-02,8.124400000000001065e-02
1.352680000000000028e-02,8.124400000000001065e-02
1.353599999999999942e-02,8.593300000000000938e-02
1.354520000000000030e-02,8.749600000000000433e-02
1.355439999999999943e-02,9.218500000000000305e-02
1.356360000000000031e-02,9.531100000000000683e-02
1.357279999999999945e-02,9.843700000000001060e-02
1.358200000000000032e-02,9.531100000000000683e-02
1.359119999999999946e-02,9.531100000000000683e-02
1.360040000000000034e-02,9.374800000000001188e-02
1.360959999999999948e-02,8.593300000000000938e-02
1.361880000000000035e-02,8.437000000000000055e-02
1.362799999999999949e-02,8.124400000000001065e-02
1.363720000000000036e-02,7.499200000000000310e-02
1.364639999999999950e-02,7.186600000000001320e-02
1.365560000000000038e-02,6.874000000000000943e-02
1.366479999999999952e-02,6.561400000000000565e-02
1.367400000000000039e-02,6.405099999999999683e-02
1.368319999999999953e-02,6.405099999999999683e-02
1.369240000000000040e-02,6.405099999999999683e-02
1.370159999999999954e-02,6.561400000000000565e-02
1.371080000000000042e-02,6.717700000000001448e-02
1.371999999999999956e-02,7.030300000000000438e-02
1.372920000000000043e-02,7.342900000000000815e-02
1.373839999999999957e-02,7.811800000000000688e-02
1.374760000000000044e-02,8.124400000000001065e-02
1.375679999999999958e-02,8.749600000000000433e-02
1.376600000000000046e-02,9.218500000000000305e-02
1.377519999999999960e-02,9.374800000000001188e-02
1.378440000000000047e-02,9.531100000000000683e-02
1.379359999999999961e-02,9.531100000000000683e-02
1.380280000000000049e-02,9.374800000000001188e-02
1.381199999999999962e-02,9.218500000000000305e-02
1.382120000000000050e-02,8.905899999999999928e-02
1.383039999999999964e-02,8.437000000000000055e-02
1.383960000000000051e-02,8.124400000000001065e-02
1.384879999999999965e-02,7.655500000000001193e-02
1.385800000000000053e-02,7.499200000000000310e-02
1.386719999999999967e-02,7.030300000000000438e-02
1.387640000000000054e-02,6.874000000000000943e-02
1.388559999999999968e-02,7.030300000000000438e-02
1.389480000000000055e-02,7.342900000000000815e-02
1.390399999999999969e-02,7.811800000000000688e-02
1.391320000000000057e-02,7.968100000000000183e-02
1.392239999999999971e-02,8.593300000000000938e-02
1.393160000000000058e-02,9.062200000000000810e-02
1.394079999999999972e-02,9.374800000000001188e-02
1.395000000000000059e-02,9.374800000000001188e-02
1.395919999999999973e-02,9.218500000000000305e-02
1.396840000000000061e-02,9.062200000000000810e-02
1.397759999999999975e-02,8.749600000000000433e-02
1.398680000000000062e-02,8.437000000000000055e-02
1.399599999999999976e-02,8.280700000000000560e-02
1.400520000000000063e-02,7.968100000000000183e-02
1.401439999999999977e-02,7.655500000000001193e-02
1.402360000000000065e-02,7.655500000000001193e-02
1.403279999999999979e-02,7.655500000000001193e-02
1.404200000000000066e-02,7.499200000000000310e-02
1.405119999999999980e-02,7.811800000000000688e-02
1.406039999999999894e-02,7.968100000000000183e-02
1.406959999999999981e-02,8.124400000000001065e-02
1.407879999999999895e-02,8.593300000000000938e-02
1.408799999999999983e-02,8.905899999999999928e-02
1.409719999999999897e-02,9.531100000000000683e-02
1.410639999999999984e-02,9.843700000000001060e-02
1.411559999999999898e-02,1.031260000000000093e-01
1.412479999999999986e-02,1.046890000000000043e-01
1.413399999999999899e-02,1.046890000000000043e-01
1.414319999999999987e-02,1.046890000000000043e-01
1.415239999999999901e-02,1.000000000000000056e-01
1.416159999999999988e-02,9.843700000000001060e-02
1.417079999999999902e-02,9.687400000000000178e-02
1.417999999999999990e-02,9.062200000000000810e-02
1.418919999999999904e-02,8.593300000000000938e-02
1.419839999999999991e-02,8.124400000000001065e-02
1.420759999999999905e-02,7.655500000000001193e-02
1.421679999999999992e-02,7.342900000000000815e-02
1.422599999999999906e-02,6.717700000000001448e-02
1.423519999999999994e-02,6.561400000000000565e-02
1.424439999999999908e-02,6.405099999999999683e-02
1.425359999999999995e-02,6.561400000000000565e-02
1.426279999999999909e-02,6.874000000000000943e-02
1.427199999999999996e-02,7.342900000000000815e-02
1.428119999999999910e-02,7.811800000000000688e-02
1.429039999999999998e-02,8.437000000000000055e-02
1.429959999999999912e-02,8.593300000000000938e-02
1.430879999999999999e-02,8.905899999999999928e-02
1.431799999999999913e-02,9.062200000000000810e-02
1.432720000000000000e-02,9.062200000000000810e-02
1.433639999999999914e-02,8.905899999999999928e-02
1.434560000000000002e-02,8.905899999999999928e-02
1.435479999999999916e-02,8.749600000000000433e-02
1.436400000000000003e-02,8.437000000000000055e-02
1.437319999999999917e-02,8.280700000000000560e-02
1.438240000000000005e-02,8.124400000000001065e-02
1.439159999999999918e-02,8.124400000000001065e-02
1.440080000000000006e-02,8.437000000000000055e-02
1.440999999999999920e-02,8.280700000000000560e-02
1.441920000000000007e-02,8.593300000000000938e-02
1.442839999999999921e-02,8.749600000000000433e-02
1.443760000000000009e-02,8.905899999999999928e-02
1.444679999999999923e-02,9.374800000000001188e-02
1.445600000000000010e-02,9.843700000000001060e-02
1.446519999999999924e-02,1.031260000000000093e-01
1.447440000000000011e-02,1.046890000000000043e-01
1.448359999999999925e-02,1.078150000000000081e-01
1.449280000000000013e-02,1.093780000000000030e-01
1.450199999999999927e-02,1.078150000000000081e-01
1.451120000000000014e-02,1.062519999999999992e-01
1.452039999999999928e-02,1.015630000000000005e-01
1.452960000000000015e-02,1.000000000000000056e-01
1.453879999999999929e-02,9.374800000000001188e-02
1.454800000000000017e-02,8.905899999999999928e-02
1.455719999999999931e-02,8.124400000000001065e-02
1.456640000000000018e-02,7.811800000000000688e-02
1.457559999999999932e-02,7.499200000000000310e-02
1.458480000000000019e-02,7.186600000000001320e-02
1.459399999999999933e-02,6.561400000000000565e-02
1.460320000000000021e-02,6.405099999999999683e-02
1.461239999999999935e-02,6.405099999999999683e-02
1.462160000000000022e-02,6.248800000000000882e-02
1.463079999999999936e-02,6.561400000000000565e-02
1.464000000000000024e-02,7.030300000000000438e-02
1.464919999999999937e-02,7.655500000000001193e-02
1.465840000000000025e-02,8.437000000000000055e-02
1.466759999999999939e-02,8.593300000000000938e-02
1.467680000000000026e-02,8.905899999999999928e-02
1.468599999999999940e-02,9.218500000000000305e-02
1.469520000000000028e-02,9.218500000000000305e-02
1.470439999999999942e-02,9.218500000000000305e-02
1.471360000000000029e-02,9.062200000000000810e-02
1.472279999999999943e-02,8.905899999999999928e-02
1.473200000000000030e-02,8.905899999999999928e-02
1.474119999999999944e-02,8.905899999999999928e-02
1.475040000000000032e-02,8.593300000000000938e-02
1.475959999999999946e-02,8.905899999999999928e-02
1.476880000000000033e-02,9.062200000000000810e-02
1.477799999999999947e-02,9.062200000000000810e-02
1.478720000000000034e-02,9.531100000000000683e-02
1.479639999999999948e-02,1.000000000000000056e-01
1.480560000000000036e-02,1.031260000000000093e-01
1.481479999999999950e-02,1.046890000000000043e-01
1.482400000000000037e-02,1.093780000000000030e-01
1.483319999999999951e-02,1.125040000000000068e-01
1.484240000000000038e-02,1.140670000000000017e-01
1.485159999999999952e-02,1.156300000000000106e-01
1.486080000000000040e-02,1.125040000000000068e-01
1.486999999999999954e-02,1.109410000000000118e-01
1.487920000000000041e-02,1.031260000000000093e-01
1.488839999999999955e-02,1.000000000000000056e-01
1.489760000000000043e-02,9.687400000000000178e-02
1.490679999999999956e-02,9.062200000000000810e-02
1.491600000000000044e-02,8.437000000000000055e-02
1.492519999999999958e-02,7.811800000000000688e-02
1.493440000000000045e-02,7.655500000000001193e-02
1.494359999999999959e-02,7.186600000000001320e-02
1.495280000000000047e-02,6.874000000000000943e-02
1.496199999999999961e-02,6.405099999999999683e-02
1.497120000000000048e-02,6.248800000000000882e-02
1.498039999999999962e-02,6.092500000000000693e-02
1.498960000000000049e-02,5.936200000000000504e-02
1.499879999999999963e-02,6.405099999999999683e-02
1.500800000000000051e-02,6.874000000000000943e-02
1.501719999999999965e-02,7.499200000000000310e-02
1.502640000000000052e-02,7.655500000000001193e-02
1.503559999999999966e-02,8.437000000000000055e-02
1.504480000000000053e-02,8.905899999999999928e-02
1.505399999999999967e-02,9.218500000000000305e-02
1.506320000000000055e-02,9.374800000000001188e-02
1.507239999999999969e-02,9.374800000000001188e-02
1.508160000000000056e-02,9.374800000000001188e-02
1.509079999999999970e-02,9.374800000000001188e-02
1.510000000000000057e-02,9.374800000000001188e-02
1.510919999999999971e-02,9.374800000000001188e-02
1.511840000000000059e-02,9.531100000000000683e-02
1.512759999999999973e-02,9.687400000000000178e-02
1.513680000000000060e-02,1.000000000000000056e-01
1.514599999999999974e-02,1.015630000000000005e-01
1.515520000000000062e-02,1.062519999999999992e-01
1.516439999999999975e-02,1.062519999999999992e-01
1.517360000000000063e-02,1.125040000000000068e-01
1.518279999999999977e-02,1.140670000000000017e-01
1.519200000000000064e-02,1.171930000000000055e-01
1.520119999999999978e-02,1.187560000000000004e-01
1.521040000000000066e-02,1.187560000000000004e-01
1.521959999999999980e-02,1.171930000000000055e-01
1.522880000000000067e-02,1.140670000000000017e-01
1.523799999999999981e-02,1.109410000000000118e-01
1.524719999999999895e-02,1.046890000000000043e-01
1.525639999999999982e-02,9.687400000000000178e-02
1.526559999999999896e-02,9.218500000000000305e-02
1.527479999999999984e-02,8.749600000000000433e-02
1.528399999999999898e-02,8.124400000000001065e-02
1.529319999999999985e-02,8.124400000000001065e-02
1.530239999999999899e-02,7.655500000000001193e-02
1.531159999999999986e-02,7.186600000000001320e-02
1.532079999999999900e-02,6.717700000000001448e-02
1.532999999999999988e-02,6.561400000000000565e-02
1.533919999999999902e-02,6.092500000000000693e-02
1.534839999999999989e-02,6.092500000000000693e-02
1.535759999999999903e-02,6.092500000000000693e-02
1.536679999999999990e-02,6.405099999999999683e-02
1.537599999999999904e-02,7.030300000000000438e-02
1.538519999999999992e-02,7.811800000000000688e-02
1.539439999999999906e-02,7.811800000000000688e-02
1.540359999999999993e-02,8.749600000000000433e-02
1.541279999999999907e-02,9.062200000000000810e-02
1.542199999999999994e-02,9.218500000000000305e-02
1.543119999999999908e-02,9.374800000000001188e-02
1.544039999999999996e-02,9.531100000000000683e-02
1.544959999999999910e-02,9.374800000000001188e-02
1.545879999999999997e-02,9.687400000000000178e-02
1.546799999999999911e-02,9.687400000000000178e-02
1.547719999999999999e-02,9.843700000000001060e-02
1.548639999999999912e-02,1.000000000000000056e-01
1.549560000000000000e-02,1.046890000000000043e-01
1.550479999999999914e-02,1.046890000000000043e-01
1.551400000000000001e-02,1.109410000000000118e-01
1.552319999999999915e-02,1.109410000000000118e-01
1.553240000000000003e-02,1.171930000000000055e-01
1.554159999999999917e-02,1.171930000000000055e-01
1.555080000000000004e-02,1.203190000000000093e-01
1.556000000000000091e-02,1.218820000000000042e-01
1.556919999999999832e-02,1.218820000000000042e-01
1.557839999999999919e-02,1.203190000000000093e-01
1.558760000000000007e-02,1.140670000000000017e-01
1.559680000000000094e-02,1.109410000000000118e-01
1.560599999999999835e-02,1.031260000000000093e-01
1.561519999999999922e-02,9.687400000000000178e-02
1.562440000000000009e-02,9.062200000000000810e-02
1.563360000000000097e-02,8.749600000000000433e-02
1.564279999999999837e-02,8.749600000000000433e-02
1.565199999999999925e-02,8.124400000000001065e-02
1.566120000000000012e-02,7.811800000000000688e-02
1.567040000000000100e-02,7.342900000000000815e-02
1.567959999999999840e-02,7.186600000000001320e-02
1.568879999999999927e-02,6.717700000000001448e-02
1.569800000000000015e-02,6.405099999999999683e-02
1.570720000000000102e-02,6.092500000000000693e-02
1.571639999999999843e-02,6.092500000000000693e-02
1.572559999999999930e-02,5.936200000000000504e-02
1.573480000000000018e-02,6.405099999999999683e-02
1.574400000000000105e-02,6.717700000000001448e-02
1.575319999999999845e-02,7.186600000000001320e-02
1.576239999999999933e-02,8.124400000000001065e-02
1.577160000000000020e-02,8.593300000000000938e-02
1.578080000000000108e-02,8.905899999999999928e-02
1.578999999999999848e-02,9.218500000000000305e-02
1.579919999999999936e-02,9.531100000000000683e-02
1.580840000000000023e-02,9.687400000000000178e-02
1.581760000000000110e-02,9.843700000000001060e-02
1.582679999999999851e-02,1.015630000000000005e-01
1.583599999999999938e-02,1.031260000000000093e-01
1.584520000000000026e-02,1.062519999999999992e-01
1.585440000000000113e-02,1.078150000000000081e-01
1.586359999999999854e-02,1.109410000000000118e-01
1.587279999999999941e-02,1.140670000000000017e-01
1.588200000000000028e-02,1.171930000000000055e-01
1.589120000000000116e-02,1.218820000000000042e-01
1.590039999999999856e-02,1.234449999999999992e-01
1.590959999999999944e-02,1.250080000000000080e-01
1.591880000000000031e-02,1.234449999999999992e-01
1.592800000000000119e-02,1.234449999999999992e-01
1.593719999999999859e-02,1.218820000000000042e-01
1.594639999999999946e-02,1.156300000000000106e-01
1.595560000000000034e-02,1.109410000000000118e-01
1.596480000000000121e-02,1.031260000000000093e-01
1.597399999999999862e-02,9.843700000000001060e-02
1.598319999999999949e-02,9.687400000000000178e-02
1.599240000000000037e-02,8.905899999999999928e-02
1.600160000000000124e-02,8.593300000000000938e-02
1.601079999999999864e-02,8.280700000000000560e-02
1.601999999999999952e-02,8.124400000000001065e-02
1.602920000000000039e-02,7.968100000000000183e-02
1.603840000000000127e-02,7.811800000000000688e-02
1.604759999999999867e-02,7.342900000000000815e-02
1.605679999999999955e-02,7.030300000000000438e-02
1.606600000000000042e-02,6.561400000000000565e-02
1.607520000000000129e-02,6.248800000000000882e-02
1.608439999999999870e-02,6.092500000000000693e-02
1.609359999999999957e-02,6.092500000000000693e-02
1.610280000000000045e-02,6.248800000000000882e-02
1.611200000000000132e-02,6.405099999999999683e-02
1.612119999999999873e-02,7.186600000000001320e-02
1.613039999999999960e-02,7.655500000000001193e-02
1.613960000000000047e-02,8.280700000000000560e-02
1.614880000000000135e-02,8.905899999999999928e-02
1.615799999999999875e-02,9.374800000000001188e-02
1.616719999999999963e-02,9.531100000000000683e-02
1.617640000000000050e-02,1.031260000000000093e-01
1.618560000000000137e-02,1.046890000000000043e-01
1.619479999999999878e-02,1.062519999999999992e-01
1.620399999999999965e-02,1.109410000000000118e-01
1.621320000000000053e-02,1.140670000000000017e-01
1.622240000000000140e-02,1.171930000000000055e-01
1.623159999999999881e-02,1.203190000000000093e-01
1.624079999999999968e-02,1.218820000000000042e-01
1.625000000000000056e-02,1.234449999999999992e-01
1.625920000000000143e-02,1.265709999999999891e-01
1.626839999999999883e-02,1.250080000000000080e-01
1.627759999999999971e-02,1.250080000000000080e-01
1.628680000000000058e-02,1.203190000000000093e-01
1.629600000000000146e-02,1.156300000000000106e-01
1.630519999999999886e-02,1.140670000000000017e-01
1.631439999999999974e-02,1.046890000000000043e-01
1.632360000000000061e-02,9.843700000000001060e-02
1.633280000000000148e-02,9.687400000000000178e-02
1.634199999999999889e-02,9.062200000000000810e-02
1.635119999999999976e-02,8.749600000000000433e-02
1.636040000000000064e-02,8.593300000000000938e-02
1.636960000000000151e-02,8.437000000000000055e-02
1.637879999999999892e-02,8.437000000000000055e-02
1.638799999999999979e-02,8.437000000000000055e-02
1.639720000000000066e-02,8.280700000000000560e-02
1.640639999999999807e-02,8.280700000000000560e-02
1.641559999999999894e-02,7.968100000000000183e-02
1.642479999999999982e-02,7.811800000000000688e-02
1.643400000000000069e-02,7.499200000000000310e-02
1.644319999999999810e-02,7.186600000000001320e-02
1.645239999999999897e-02,6.874000000000000943e-02
1.646159999999999984e-02,6.561400000000000565e-02
1.647080000000000072e-02,6.717700000000001448e-02
1.647999999999999812e-02,6.874000000000000943e-02
1.648919999999999900e-02,7.499200000000000310e-02
1.649839999999999987e-02,7.811800000000000688e-02
1.650760000000000075e-02,8.437000000000000055e-02
1.651679999999999815e-02,8.905899999999999928e-02
1.652599999999999902e-02,9.374800000000001188e-02
1.653519999999999990e-02,9.687400000000000178e-02
1.654440000000000077e-02,1.031260000000000093e-01
1.655359999999999818e-02,1.062519999999999992e-01
1.656279999999999905e-02,1.109410000000000118e-01
1.657199999999999993e-02,1.140670000000000017e-01
1.658120000000000080e-02,1.171930000000000055e-01
1.659039999999999820e-02,1.187560000000000004e-01
1.659959999999999908e-02,1.218820000000000042e-01
1.660879999999999995e-02,1.218820000000000042e-01
1.661800000000000083e-02,1.234449999999999992e-01
1.662719999999999823e-02,1.234449999999999992e-01
1.663639999999999911e-02,1.218820000000000042e-01
1.664559999999999998e-02,1.187560000000000004e-01
1.665480000000000085e-02,1.156300000000000106e-01
1.666399999999999826e-02,1.109410000000000118e-01
1.667319999999999913e-02,1.046890000000000043e-01
1.668240000000000001e-02,1.000000000000000056e-01
1.669160000000000088e-02,9.218500000000000305e-02
1.670079999999999829e-02,8.749600000000000433e-02
1.670999999999999916e-02,8.749600000000000433e-02
1.671920000000000003e-02,8.593300000000000938e-02
1.672840000000000091e-02,8.437000000000000055e-02
1.673759999999999831e-02,8.593300000000000938e-02
1.674679999999999919e-02,8.593300000000000938e-02
1.675600000000000006e-02,8.593300000000000938e-02
1.676520000000000093e-02,8.593300000000000938e-02
1.677439999999999834e-02,8.437000000000000055e-02
1.678359999999999921e-02,8.280700000000000560e-02
1.679280000000000009e-02,7.968100000000000183e-02
1.680200000000000096e-02,7.499200000000000310e-02
1.681119999999999837e-02,7.499200000000000310e-02
1.682039999999999924e-02,6.874000000000000943e-02
1.682960000000000012e-02,6.874000000000000943e-02
1.683880000000000099e-02,6.874000000000000943e-02
1.684799999999999839e-02,7.186600000000001320e-02
1.685719999999999927e-02,7.499200000000000310e-02
1.686640000000000014e-02,7.968100000000000183e-02
1.687560000000000102e-02,8.749600000000000433e-02
1.688479999999999842e-02,9.062200000000000810e-02
1.689399999999999930e-02,9.531100000000000683e-02
1.690320000000000017e-02,1.000000000000000056e-01
1.691240000000000104e-02,1.031260000000000093e-01
1.692159999999999845e-02,1.062519999999999992e-01
1.693079999999999932e-02,1.125040000000000068e-01
1.694000000000000020e-02,1.140670000000000017e-01
1.694920000000000107e-02,1.171930000000000055e-01
1.695839999999999848e-02,1.187560000000000004e-01
1.696759999999999935e-02,1.203190000000000093e-01
1.697680000000000022e-02,1.203190000000000093e-01
1.698600000000000110e-02,1.171930000000000055e-01
1.699519999999999850e-02,1.171930000000000055e-01
1.700439999999999938e-02,1.156300000000000106e-01
1.701360000000000025e-02,1.093780000000000030e-01
1.702280000000000112e-02,1.031260000000000093e-01
1.703199999999999853e-02,9.843700000000001060e-02
1.704119999999999940e-02,9.218500000000000305e-02
1.705040000000000028e-02,8.749600000000000433e-02
1.705960000000000115e-02,8.593300000000000938e-02
1.706879999999999856e-02,8.280700000000000560e-02
1.707799999999999943e-02,8.280700000000000560e-02
1.708720000000000031e-02,8.437000000000000055e-02
1.709640000000000118e-02,8.593300000000000938e-02
1.710559999999999858e-02,8.905899999999999928e-02
1.711479999999999946e-02,8.749600000000000433e-02
1.712400000000000033e-02,8.905899999999999928e-02
1.713320000000000121e-02,9.062200000000000810e-02
1.714239999999999861e-02,9.218500000000000305e-02
1.715159999999999949e-02,9.062200000000000810e-02
1.716080000000000036e-02,8.905899999999999928e-02
1.717000000000000123e-02,8.124400000000001065e-02
1.717919999999999864e-02,8.124400000000001065e-02
1.718839999999999951e-02,7.655500000000001193e-02
1.719760000000000039e-02,7.342900000000000815e-02
1.720680000000000126e-02,7.342900000000000815e-02
1.721599999999999867e-02,7.342900000000000815e-02
1.722519999999999954e-02,7.811800000000000688e-02
1.723440000000000041e-02,8.124400000000001065e-02
1.724360000000000129e-02,8.593300000000000938e-02
1.725279999999999869e-02,8.905899999999999928e-02
1.726199999999999957e-02,9.374800000000001188e-02
1.727120000000000044e-02,9.687400000000000178e-02
1.728040000000000131e-02,1.015630000000000005e-01
1.728959999999999872e-02,1.046890000000000043e-01
1.729879999999999959e-02,1.078150000000000081e-01
1.730800000000000047e-02,1.093780000000000030e-01
1.731720000000000134e-02,1.109410000000000118e-01
1.732639999999999875e-02,1.109410000000000118e-01
1.733559999999999962e-02,1.093780000000000030e-01
1.734480000000000049e-02,1.078150000000000081e-01
1.735400000000000137e-02,1.046890000000000043e-01
1.736319999999999877e-02,1.000000000000000056e-01
1.737239999999999965e-02,9.687400000000000178e-02
1.738160000000000052e-02,9.218500000000000305e-02
1.739080000000000140e-02,8.593300000000000938e-02
1.739999999999999880e-02,8.280700000000000560e-02
1.740919999999999968e-02,7.968100000000000183e-02
1.741840000000000055e-02,7.811800000000000688e-02
1.742760000000000142e-02,7.811800000000000688e-02
1.743679999999999883e-02,7.811800000000000688e-02
1.744599999999999970e-02,8.124400000000001065e-02
1.745520000000000058e-02,8.437000000000000055e-02
1.746440000000000145e-02,8.905899999999999928e-02
1.747359999999999886e-02,9.218500000000000305e-02
1.748279999999999973e-02,9.531100000000000683e-02
1.749200000000000060e-02,9.687400000000000178e-02
1.750120000000000148e-02,9.843700000000001060e-02
1.751039999999999888e-02,1.000000000000000056e-01
1.751959999999999976e-02,1.000000000000000056e-01
1.752880000000000063e-02,9.687400000000000178e-02
1.753800000000000150e-02,9.218500000000000305e-02
1.754719999999999891e-02,9.062200000000000810e-02
1.755639999999999978e-02,8.749600000000000433e-02
1.756560000000000066e-02,8.124400000000001065e-02
1.757480000000000153e-02,7.968100000000000183e-02
1.758399999999999894e-02,7.811800000000000688e-02
1.759319999999999981e-02,7.968100000000000183e-02
1.760240000000000068e-02,8.124400000000001065e-02
1.761159999999999809e-02,8.593300000000000938e-02
1.762079999999999896e-02,8.905899999999999928e-02
1.762999999999999984e-02,9.062200000000000810e-02
1.763920000000000071e-02,9.374800000000001188e-02
1.764839999999999812e-02,9.531100000000000683e-02
1.765759999999999899e-02,9.843700000000001060e-02
1.766679999999999987e-02,1.000000000000000056e-01
1.767600000000000074e-02,1.000000000000000056e-01
1.768519999999999814e-02,1.000000000000000056e-01
1.769439999999999902e-02,9.843700000000001060e-02
1.770359999999999989e-02,9.531100000000000683e-02
1.771280000000000077e-02,9.218500000000000305e-02
1.772199999999999817e-02,8.905899999999999928e-02
1.773119999999999905e-02,8.437000000000000055e-02
1.774039999999999992e-02,8.124400000000001065e-02
1.774960000000000079e-02,7.811800000000000688e-02
1.775879999999999820e-02,7.499200000000000310e-02
1.776799999999999907e-02,7.186600000000001320e-02
1.777719999999999995e-02,7.030300000000000438e-02
1.778640000000000082e-02,7.186600000000001320e-02
1.779559999999999823e-02,7.342900000000000815e-02
1.780479999999999910e-02,7.811800000000000688e-02
1.781399999999999997e-02,7.968100000000000183e-02
1.782320000000000085e-02,8.593300000000000938e-02
1.783239999999999825e-02,8.749600000000000433e-02
1.784159999999999913e-02,9.218500000000000305e-02
1.785080000000000000e-02,9.687400000000000178e-02
1.786000000000000087e-02,1.000000000000000056e-01
1.786919999999999828e-02,1.046890000000000043e-01
1.787839999999999915e-02,1.046890000000000043e-01
1.788760000000000003e-02,1.031260000000000093e-01
1.789680000000000090e-02,1.031260000000000093e-01
1.790599999999999831e-02,1.000000000000000056e-01
1.791519999999999918e-02,9.218500000000000305e-02
1.792440000000000005e-02,8.749600000000000433e-02
1.793360000000000093e-02,8.593300000000000938e-02
1.794279999999999833e-02,8.280700000000000560e-02
1.795199999999999921e-02,7.968100000000000183e-02
1.796120000000000008e-02,8.124400000000001065e-02
1.797040000000000096e-02,8.124400000000001065e-02
1.797959999999999836e-02,8.280700000000000560e-02
1.798879999999999924e-02,8.593300000000000938e-02
1.799800000000000011e-02,8.593300000000000938e-02
1.800720000000000098e-02,8.749600000000000433e-02
1.801639999999999839e-02,9.062200000000000810e-02
1.802559999999999926e-02,9.062200000000000810e-02
1.803480000000000014e-02,9.062200000000000810e-02
1.804400000000000101e-02,8.905899999999999928e-02
1.805319999999999842e-02,8.749600000000000433e-02
1.806239999999999929e-02,8.593300000000000938e-02
1.807160000000000016e-02,8.124400000000001065e-02
1.808080000000000104e-02,7.811800000000000688e-02
1.808999999999999844e-02,7.499200000000000310e-02
1.809919999999999932e-02,7.030300000000000438e-02
1.810840000000000019e-02,6.874000000000000943e-02
1.811760000000000106e-02,6.405099999999999683e-02
1.812679999999999847e-02,6.405099999999999683e-02
1.813599999999999934e-02,6.561400000000000565e-02
1.814520000000000022e-02,6.874000000000000943e-02
1.815440000000000109e-02,7.030300000000000438e-02
1.816359999999999850e-02,7.342900000000000815e-02
1.817279999999999937e-02,7.968100000000000183e-02
1.818200000000000024e-02,8.593300000000000938e-02
1.819120000000000112e-02,8.593300000000000938e-02
1.820039999999999852e-02,9.218500000000000305e-02
1.820959999999999940e-02,9.374800000000001188e-02
1.821880000000000027e-02,9.843700000000001060e-02
1.822800000000000115e-02,1.015630000000000005e-01
1.823719999999999855e-02,1.031260000000000093e-01
1.824639999999999943e-02,9.687400000000000178e-02
1.825560000000000030e-02,9.843700000000001060e-02
1.826480000000000117e-02,9.843700000000001060e-02
1.827399999999999858e-02,9.374800000000001188e-02
1.828319999999999945e-02,9.687400000000000178e-02
1.829240000000000033e-02,9.843700000000001060e-02
1.830160000000000120e-02,9.374800000000001188e-02
1.831079999999999861e-02,9.374800000000001188e-02
