ELECTRODE=TUNGSTEN, TIME=50, POLING_VOLTAGE=4500, WAVELENGTH=1.55e-06, EFFECTIVE_DISTANCE=4.11e-05, POLED_LENGTH=0.3, CORE_INDEX=1.45, POLE=MAX, AC_VOLTAGE=1181, AC_FREQUENCY=1750, PIEZO_FREQUENCY=35.0
Time(s),Voltage(V)
-2.000000000000000096e-04,4.060600000000001014e-02
-1.855000000000000095e-04,4.060600000000001014e-02
-1.710000000000000094e-04,4.060600000000001014e-02
-1.565000000000000093e-04,4.216900000000000509e-02
-1.420000000000000092e-04,4.216900000000000509e-02
-1.275000000000000092e-04,4.529500000000000887e-02
-1.130000000000000091e-04,4.998400000000000759e-02
-9.850000000000000899e-05,5.467300000000000632e-02
-8.400000000000000890e-05,5.936200000000000504e-02
-6.950000000000000882e-05,7.186600000000001320e-02
-5.500000000000000873e-05,8.280700000000000560e-02
-4.050000000000000865e-05,8.437000000000000055e-02
-2.600000000000000856e-05,8.905899999999999928e-02
-1.150000000000000848e-05,9.062200000000000810e-02
2.999999999999991606e-06,9.218500000000000305e-02
1.749999999999999169e-05,9.062200000000000810e-02
3.199999999999999178e-05,9.062200000000000810e-02
4.649999999999996476e-05,9.531100000000000683e-02
6.099999999999999195e-05,9.687400000000000178e-02
7.550000000000001914e-05,9.843700000000001060e-02
8.999999999999999212e-05,9.374800000000001188e-02
1.044999999999999651e-04,8.749600000000000433e-02
1.189999999999999923e-04,8.905899999999999928e-02
1.335000000000000195e-04,9.062200000000000810e-02
1.479999999999999925e-04,9.062200000000000810e-02
1.624999999999999654e-04,8.749600000000000433e-02
1.769999999999999926e-04,9.062200000000000810e-02
1.915000000000000198e-04,9.687400000000000178e-02
2.059999999999999928e-04,9.062200000000000810e-02
2.204999999999999658e-04,8.593300000000000938e-02
2.349999999999999930e-04,8.124400000000001065e-02
2.495000000000000473e-04,7.186600000000001320e-02
2.640000000000000202e-04,6.717700000000001448e-02
2.784999999999999932e-04,6.248800000000000882e-02
2.929999999999999662e-04,5.936200000000000504e-02
3.075000000000000476e-04,5.936200000000000504e-02
3.220000000000000206e-04,5.467300000000000632e-02
3.364999999999999936e-04,5.311000000000000443e-02
3.510000000000000750e-04,5.154700000000000948e-02
3.655000000000000479e-04,4.998400000000000759e-02
3.800000000000000209e-04,4.529500000000000887e-02
3.944999999999999939e-04,4.216900000000000509e-02
4.089999999999999669e-04,4.216900000000000509e-02
4.235000000000000483e-04,4.216900000000000509e-02
4.380000000000000213e-04,4.529500000000000887e-02
4.524999999999999942e-04,4.685800000000001075e-02
4.670000000000000756e-04,5.779900000000001009e-02
4.815000000000000486e-04,6.561400000000000565e-02
4.960000000000000216e-04,7.186600000000001320e-02
5.104999999999999946e-04,8.124400000000001065e-02
5.249999999999999676e-04,8.905899999999999928e-02
5.395000000000000490e-04,9.218500000000000305e-02
5.540000000000000219e-04,9.531100000000000683e-02
5.684999999999999949e-04,9.374800000000001188e-02
5.830000000000000763e-04,9.687400000000000178e-02
5.975000000000000493e-04,9.687400000000000178e-02
6.120000000000000223e-04,9.531100000000000683e-02
6.264999999999999953e-04,9.374800000000001188e-02
6.409999999999999682e-04,9.531100000000000683e-02
6.555000000000000496e-04,9.531100000000000683e-02
6.700000000000000226e-04,9.687400000000000178e-02
6.844999999999999956e-04,1.000000000000000056e-01
6.990000000000000770e-04,1.031260000000000093e-01
7.135000000000000500e-04,1.078150000000000081e-01
7.280000000000000230e-04,1.109410000000000118e-01
7.424999999999999959e-04,1.062519999999999992e-01
7.569999999999999689e-04,1.031260000000000093e-01
7.715000000000000503e-04,9.843700000000001060e-02
7.859999999999999149e-04,8.905899999999999928e-02
8.005000000000001047e-04,8.124400000000001065e-02
8.150000000000000777e-04,7.499200000000000310e-02
8.295000000000000507e-04,6.717700000000001448e-02
8.440000000000000236e-04,6.405099999999999683e-02
8.584999999999999966e-04,5.936200000000000504e-02
8.729999999999999696e-04,5.467300000000000632e-02
8.874999999999999426e-04,5.154700000000000948e-02
9.020000000000001324e-04,4.842100000000000570e-02
9.165000000000001054e-04,4.998400000000000759e-02
9.310000000000000784e-04,4.842100000000000570e-02
9.455000000000000513e-04,4.842100000000000570e-02
9.600000000000000243e-04,4.842100000000000570e-02
9.744999999999999973e-04,4.998400000000000759e-02
9.889999999999998619e-04,5.154700000000000948e-02
1.003499999999999835e-03,5.467300000000000632e-02
1.017999999999999808e-03,5.467300000000000632e-02
1.032499999999999998e-03,6.248800000000000882e-02
1.046999999999999971e-03,6.874000000000000943e-02
1.061499999999999944e-03,7.186600000000001320e-02
1.075999999999999917e-03,8.437000000000000055e-02
1.090499999999999890e-03,8.593300000000000938e-02
1.104999999999999863e-03,9.218500000000000305e-02
1.119499999999999836e-03,9.374800000000001188e-02
1.134000000000000025e-03,9.531100000000000683e-02
1.148499999999999998e-03,9.374800000000001188e-02
1.162999999999999971e-03,8.749600000000000433e-02
1.177499999999999944e-03,8.280700000000000560e-02
1.191999999999999917e-03,8.124400000000001065e-02
1.206499999999999890e-03,7.968100000000000183e-02
1.220999999999999863e-03,8.124400000000001065e-02
1.235499999999999836e-03,8.437000000000000055e-02
1.249999999999999809e-03,8.905899999999999928e-02
1.264499999999999999e-03,9.218500000000000305e-02
1.278999999999999972e-03,9.687400000000000178e-02
1.293499999999999945e-03,1.031260000000000093e-01
1.307999999999999918e-03,1.031260000000000093e-01
1.322499999999999891e-03,9.843700000000001060e-02
1.336999999999999864e-03,9.218500000000000305e-02
1.351499999999999837e-03,8.749600000000000433e-02
1.366000000000000027e-03,8.280700000000000560e-02
1.380500000000000000e-03,7.655500000000001193e-02
1.394999999999999973e-03,7.030300000000000438e-02
1.409499999999999946e-03,6.561400000000000565e-02
1.423999999999999919e-03,6.248800000000000882e-02
1.438499999999999892e-03,5.623600000000000820e-02
1.452999999999999865e-03,5.311000000000000443e-02
1.467499999999999838e-03,4.998400000000000759e-02
1.481999999999999811e-03,4.842100000000000570e-02
1.496500000000000000e-03,4.842100000000000570e-02
1.510999999999999973e-03,4.998400000000000759e-02
1.525499999999999946e-03,5.311000000000000443e-02
1.539999999999999919e-03,5.623600000000000820e-02
1.554499999999999892e-03,5.779900000000001009e-02
1.568999999999999865e-03,6.092500000000000693e-02
1.583499999999999838e-03,6.874000000000000943e-02
1.598000000000000028e-03,7.342900000000000815e-02
1.612500000000000001e-03,7.968100000000000183e-02
1.626999999999999974e-03,9.062200000000000810e-02
1.641499999999999947e-03,9.374800000000001188e-02
1.655999999999999920e-03,9.843700000000001060e-02
1.670499999999999893e-03,1.000000000000000056e-01
1.684999999999999866e-03,1.000000000000000056e-01
1.699499999999999839e-03,9.687400000000000178e-02
1.713999999999999812e-03,9.374800000000001188e-02
1.728500000000000002e-03,8.593300000000000938e-02
1.742999999999999975e-03,8.437000000000000055e-02
1.757499999999999948e-03,7.655500000000001193e-02
1.771999999999999704e-03,7.655500000000001193e-02
1.786499999999999894e-03,7.499200000000000310e-02
1.801000000000000083e-03,7.342900000000000815e-02
1.815499999999999840e-03,7.811800000000000688e-02
1.830000000000000029e-03,7.968100000000000183e-02
1.844499999999999786e-03,8.749600000000000433e-02
1.858999999999999975e-03,9.374800000000001188e-02
1.873499999999999732e-03,1.000000000000000056e-01
1.887999999999999921e-03,1.000000000000000056e-01
1.902500000000000111e-03,9.843700000000001060e-02
1.916999999999999867e-03,9.218500000000000305e-02
1.931500000000000057e-03,8.905899999999999928e-02
1.945999999999999813e-03,8.280700000000000560e-02
1.960500000000000003e-03,7.499200000000000310e-02
1.974999999999999759e-03,7.030300000000000438e-02
1.989499999999999949e-03,6.561400000000000565e-02
2.004000000000000139e-03,6.405099999999999683e-02
2.018499999999999895e-03,5.623600000000000820e-02
2.033000000000000085e-03,5.467300000000000632e-02
2.047499999999999841e-03,5.154700000000000948e-02
2.062000000000000031e-03,5.467300000000000632e-02
2.076499999999999787e-03,5.623600000000000820e-02
2.090999999999999977e-03,5.779900000000001009e-02
2.105499999999999733e-03,6.092500000000000693e-02
2.119999999999999923e-03,6.561400000000000565e-02
2.134500000000000113e-03,7.186600000000001320e-02
2.148999999999999869e-03,7.499200000000000310e-02
2.163500000000000058e-03,8.437000000000000055e-02
2.177999999999999815e-03,9.218500000000000305e-02
2.192500000000000004e-03,9.843700000000001060e-02
2.206999999999999761e-03,1.031260000000000093e-01
2.221499999999999950e-03,1.046890000000000043e-01
2.235999999999999707e-03,1.046890000000000043e-01
2.250499999999999896e-03,1.031260000000000093e-01
2.265000000000000086e-03,9.843700000000001060e-02
2.279499999999999842e-03,9.374800000000001188e-02
2.294000000000000032e-03,8.593300000000000938e-02
2.308499999999999788e-03,7.968100000000000183e-02
2.322999999999999978e-03,7.968100000000000183e-02
2.337499999999999734e-03,7.342900000000000815e-02
2.351999999999999924e-03,6.717700000000001448e-02
2.366500000000000114e-03,6.717700000000001448e-02
2.380999999999999870e-03,6.717700000000001448e-02
2.395500000000000060e-03,7.030300000000000438e-02
2.409999999999999816e-03,7.655500000000001193e-02
2.424500000000000006e-03,8.280700000000000560e-02
2.438999999999999762e-03,9.062200000000000810e-02
2.453499999999999952e-03,9.374800000000001188e-02
2.468000000000000142e-03,9.531100000000000683e-02
2.482499999999999898e-03,9.218500000000000305e-02
2.497000000000000088e-03,9.218500000000000305e-02
2.511499999999999844e-03,8.437000000000000055e-02
2.526000000000000034e-03,7.968100000000000183e-02
2.540499999999999790e-03,7.342900000000000815e-02
2.554999999999999979e-03,7.030300000000000438e-02
2.569499999999999736e-03,6.717700000000001448e-02
2.583999999999999925e-03,6.405099999999999683e-02
2.598500000000000115e-03,6.248800000000000882e-02
2.612999999999999871e-03,6.092500000000000693e-02
2.627500000000000061e-03,6.405099999999999683e-02
2.641999999999999817e-03,6.561400000000000565e-02
2.656500000000000007e-03,6.874000000000000943e-02
2.670999999999999763e-03,7.499200000000000310e-02
2.685499999999999953e-03,7.968100000000000183e-02
2.699999999999999709e-03,8.437000000000000055e-02
2.714499999999999899e-03,8.905899999999999928e-02
2.729000000000000089e-03,9.062200000000000810e-02
2.743499999999999845e-03,1.000000000000000056e-01
2.758000000000000035e-03,1.046890000000000043e-01
2.772499999999999791e-03,1.093780000000000030e-01
2.786999999999999981e-03,1.109410000000000118e-01
2.801499999999999737e-03,1.093780000000000030e-01
2.815999999999999927e-03,1.078150000000000081e-01
2.830500000000000117e-03,1.000000000000000056e-01
2.844999999999999873e-03,9.374800000000001188e-02
2.859500000000000063e-03,8.749600000000000433e-02
2.873999999999999819e-03,8.593300000000000938e-02
2.888500000000000009e-03,7.655500000000001193e-02
2.902999999999999765e-03,7.499200000000000310e-02
2.917499999999999954e-03,6.717700000000001448e-02
2.932000000000000144e-03,6.561400000000000565e-02
2.946499999999999900e-03,6.561400000000000565e-02
2.961000000000000090e-03,6.874000000000000943e-02
2.975499999999999846e-03,7.499200000000000310e-02
2.990000000000000036e-03,8.280700000000000560e-02
3.004499999999999792e-03,8.749600000000000433e-02
3.018999999999999982e-03,9.062200000000000810e-02
3.033499999999999738e-03,9.531100000000000683e-02
3.047999999999999928e-03,9.687400000000000178e-02
3.062500000000000118e-03,9.218500000000000305e-02
3.076999999999999874e-03,8.905899999999999928e-02
3.091500000000000064e-03,8.749600000000000433e-02
3.105999999999999820e-03,8.124400000000001065e-02
3.120500000000000010e-03,7.499200000000000310e-02
3.134999999999999766e-03,7.342900000000000815e-02
3.149499999999999956e-03,6.874000000000000943e-02
3.163999999999999712e-03,6.561400000000000565e-02
3.178499999999999902e-03,6.405099999999999683e-02
3.193000000000000092e-03,6.405099999999999683e-02
3.207499999999999848e-03,6.717700000000001448e-02
3.222000000000000038e-03,7.186600000000001320e-02
3.236499999999999794e-03,7.499200000000000310e-02
3.250999999999999984e-03,8.124400000000001065e-02
3.265499999999999740e-03,8.593300000000000938e-02
3.279999999999999930e-03,9.218500000000000305e-02
3.294500000000000119e-03,7.968100000000000183e-02
3.308999999999999875e-03,8.749600000000000433e-02
3.323500000000000065e-03,9.374800000000001188e-02
3.337999999999999821e-03,9.687400000000000178e-02
3.352500000000000011e-03,1.031260000000000093e-01
3.366999999999999767e-03,1.046890000000000043e-01
3.381499999999999957e-03,1.046890000000000043e-01
3.396000000000000147e-03,1.031260000000000093e-01
3.410499999999999903e-03,9.531100000000000683e-02
3.425000000000000093e-03,9.218500000000000305e-02
3.439499999999999849e-03,8.905899999999999928e-02
3.454000000000000039e-03,8.280700000000000560e-02
3.468499999999999795e-03,7.342900000000000815e-02
3.482999999999999985e-03,6.874000000000000943e-02
3.497499999999999741e-03,6.717700000000001448e-02
3.511999999999999931e-03,6.561400000000000565e-02
3.526500000000000121e-03,6.717700000000001448e-02
3.540999999999999877e-03,7.030300000000000438e-02
3.555500000000000067e-03,7.342900000000000815e-02
3.569999999999999823e-03,8.437000000000000055e-02
3.584500000000000013e-03,8.905899999999999928e-02
3.598999999999999769e-03,9.531100000000000683e-02
3.613499999999999959e-03,9.843700000000001060e-02
3.627999999999999715e-03,9.531100000000000683e-02
3.642499999999999905e-03,9.374800000000001188e-02
3.657000000000000094e-03,8.905899999999999928e-02
3.671499999999999850e-03,8.749600000000000433e-02
3.686000000000000040e-03,8.280700000000000560e-02
3.700499999999999796e-03,7.968100000000000183e-02
3.714999999999999986e-03,7.499200000000000310e-02
3.729499999999999742e-03,7.342900000000000815e-02
3.743999999999999499e-03,7.186600000000001320e-02
3.758500000000000122e-03,7.186600000000001320e-02
3.772999999999999878e-03,7.342900000000000815e-02
3.787499999999999634e-03,7.968100000000000183e-02
3.802000000000000258e-03,8.124400000000001065e-02
3.816500000000000014e-03,8.593300000000000938e-02
3.830999999999999770e-03,9.374800000000001188e-02
3.845499999999999526e-03,9.687400000000000178e-02
3.860000000000000150e-03,1.031260000000000093e-01
3.874499999999999906e-03,1.062519999999999992e-01
3.888999999999999662e-03,1.156300000000000106e-01
3.903500000000000286e-03,1.171930000000000055e-01
3.918000000000000475e-03,1.187560000000000004e-01
3.932500000000000231e-03,1.171930000000000055e-01
3.946999999999999988e-03,1.109410000000000118e-01
3.961500000000000611e-03,1.078150000000000081e-01
3.976000000000000367e-03,9.687400000000000178e-02
3.990500000000000123e-03,8.749600000000000433e-02
4.005000000000000747e-03,8.280700000000000560e-02
4.019500000000000503e-03,7.968100000000000183e-02
4.034000000000000259e-03,6.717700000000001448e-02
4.048500000000000015e-03,6.248800000000000882e-02
4.063000000000000639e-03,5.936200000000000504e-02
4.077500000000000395e-03,5.623600000000000820e-02
4.092000000000000151e-03,5.154700000000000948e-02
4.106500000000000775e-03,5.154700000000000948e-02
4.121000000000000531e-03,5.623600000000000820e-02
4.135500000000000287e-03,5.936200000000000504e-02
4.150000000000000043e-03,6.874000000000000943e-02
4.164500000000000667e-03,7.499200000000000310e-02
4.179000000000000423e-03,8.280700000000000560e-02
4.193500000000000179e-03,9.062200000000000810e-02
4.208000000000000802e-03,9.687400000000000178e-02
4.222500000000000558e-03,9.531100000000000683e-02
4.237000000000000315e-03,9.531100000000000683e-02
4.251500000000000071e-03,9.374800000000001188e-02
4.266000000000000694e-03,9.374800000000001188e-02
4.280500000000000450e-03,9.218500000000000305e-02
4.295000000000000207e-03,9.062200000000000810e-02
4.309499999999999963e-03,8.905899999999999928e-02
4.324000000000000586e-03,8.905899999999999928e-02
4.338500000000000342e-03,9.374800000000001188e-02
4.353000000000000098e-03,9.687400000000000178e-02
4.367500000000000722e-03,1.015630000000000005e-01
4.382000000000000478e-03,1.078150000000000081e-01
4.396500000000000234e-03,1.125040000000000068e-01
4.410999999999999990e-03,1.156300000000000106e-01
4.425500000000000614e-03,1.218820000000000042e-01
4.440000000000000370e-03,1.203190000000000093e-01
4.454500000000000126e-03,1.265709999999999891e-01
4.469000000000000750e-03,1.281339999999999979e-01
4.483500000000000506e-03,1.265709999999999891e-01
4.498000000000000262e-03,1.234449999999999992e-01
4.512500000000000018e-03,1.171930000000000055e-01
4.527000000000000642e-03,1.125040000000000068e-01
4.541500000000000398e-03,1.031260000000000093e-01
4.556000000000000154e-03,9.062200000000000810e-02
4.570500000000000777e-03,8.593300000000000938e-02
4.585000000000000533e-03,7.811800000000000688e-02
4.599500000000000290e-03,7.186600000000001320e-02
4.614000000000000046e-03,6.561400000000000565e-02
4.628500000000000669e-03,5.936200000000000504e-02
4.643000000000000425e-03,5.936200000000000504e-02
4.657500000000000182e-03,5.311000000000000443e-02
4.671999999999999938e-03,5.154700000000000948e-02
4.686500000000000561e-03,5.154700000000000948e-02
4.701000000000000317e-03,5.623600000000000820e-02
4.715500000000000073e-03,6.248800000000000882e-02
4.730000000000000697e-03,7.186600000000001320e-02
4.744500000000000453e-03,7.811800000000000688e-02
4.759000000000000209e-03,8.905899999999999928e-02
4.773499999999999965e-03,9.062200000000000810e-02
4.788000000000000589e-03,9.374800000000001188e-02
4.802500000000000345e-03,9.374800000000001188e-02
4.817000000000000101e-03,9.062200000000000810e-02
4.831500000000000725e-03,9.062200000000000810e-02
4.846000000000000481e-03,8.905899999999999928e-02
4.860500000000000237e-03,8.749600000000000433e-02
4.874999999999999993e-03,8.593300000000000938e-02
4.889500000000000617e-03,8.593300000000000938e-02
4.904000000000000373e-03,8.905899999999999928e-02
4.918500000000000129e-03,9.374800000000001188e-02
4.933000000000000752e-03,1.000000000000000056e-01
4.947500000000000508e-03,1.046890000000000043e-01
4.962000000000000265e-03,1.093780000000000030e-01
4.976500000000000021e-03,1.109410000000000118e-01
4.991000000000000644e-03,1.171930000000000055e-01
5.005500000000000400e-03,1.218820000000000042e-01
5.020000000000000157e-03,1.281339999999999979e-01
5.034500000000000780e-03,1.296970000000000067e-01
5.049000000000000536e-03,1.296970000000000067e-01
5.063500000000000292e-03,1.281339999999999979e-01
5.078000000000000048e-03,1.218820000000000042e-01
5.092500000000000672e-03,1.078150000000000081e-01
5.107000000000000428e-03,9.843700000000001060e-02
5.121500000000000184e-03,9.531100000000000683e-02
5.136000000000000808e-03,8.280700000000000560e-02
5.150500000000000564e-03,8.124400000000001065e-02
5.165000000000000320e-03,7.499200000000000310e-02
5.179500000000000076e-03,6.717700000000001448e-02
5.194000000000000700e-03,6.248800000000000882e-02
5.208500000000000456e-03,6.092500000000000693e-02
5.223000000000000212e-03,5.467300000000000632e-02
5.237499999999999968e-03,4.998400000000000759e-02
5.252000000000000592e-03,4.685800000000001075e-02
5.266500000000000348e-03,5.154700000000000948e-02
5.281000000000000104e-03,5.311000000000000443e-02
5.295500000000000727e-03,5.779900000000001009e-02
5.310000000000000484e-03,7.030300000000000438e-02
5.324500000000000240e-03,8.124400000000001065e-02
5.338999999999999996e-03,8.593300000000000938e-02
5.353500000000000619e-03,9.531100000000000683e-02
5.368000000000000375e-03,9.531100000000000683e-02
5.382500000000000132e-03,1.000000000000000056e-01
5.397000000000000755e-03,1.015630000000000005e-01
5.411500000000000511e-03,1.031260000000000093e-01
5.426000000000000267e-03,1.046890000000000043e-01
5.440500000000000023e-03,1.046890000000000043e-01
5.455000000000000647e-03,1.078150000000000081e-01
5.469500000000000403e-03,1.093780000000000030e-01
5.484000000000000159e-03,1.125040000000000068e-01
5.498500000000000783e-03,1.203190000000000093e-01
5.513000000000000539e-03,1.265709999999999891e-01
5.527500000000000295e-03,1.296970000000000067e-01
5.542000000000000051e-03,1.312599999999999878e-01
5.556500000000000675e-03,1.359490000000000143e-01
5.571000000000000431e-03,1.375119999999999953e-01
5.585500000000000187e-03,1.390750000000000042e-01
5.599999999999999943e-03,1.375119999999999953e-01
5.614500000000000567e-03,1.328229999999999966e-01
5.629000000000000323e-03,1.296970000000000067e-01
5.643500000000000079e-03,1.203190000000000093e-01
5.658000000000000702e-03,1.109410000000000118e-01
5.672500000000000459e-03,9.687400000000000178e-02
5.687000000000000215e-03,8.905899999999999928e-02
5.701499999999999971e-03,8.437000000000000055e-02
5.716000000000000594e-03,7.968100000000000183e-02
5.730500000000000350e-03,7.499200000000000310e-02
5.745000000000000107e-03,7.186600000000001320e-02
5.759500000000000730e-03,6.717700000000001448e-02
5.774000000000000486e-03,6.405099999999999683e-02
5.788500000000000242e-03,6.092500000000000693e-02
5.802999999999999999e-03,5.467300000000000632e-02
5.817500000000000622e-03,5.154700000000000948e-02
5.832000000000000378e-03,4.998400000000000759e-02
5.846500000000000134e-03,4.998400000000000759e-02
5.861000000000000758e-03,5.779900000000001009e-02
5.875500000000000514e-03,6.248800000000000882e-02
5.890000000000000270e-03,6.874000000000000943e-02
5.904500000000000026e-03,8.437000000000000055e-02
5.919000000000000650e-03,9.374800000000001188e-02
5.933500000000000406e-03,9.843700000000001060e-02
5.948000000000000162e-03,1.031260000000000093e-01
5.962500000000000785e-03,1.046890000000000043e-01
5.977000000000000542e-03,1.078150000000000081e-01
5.991500000000000298e-03,1.109410000000000118e-01
6.006000000000000054e-03,1.140670000000000017e-01
6.020500000000000677e-03,1.156300000000000106e-01
6.035000000000000434e-03,1.187560000000000004e-01
6.049500000000000190e-03,1.250080000000000080e-01
6.064000000000000813e-03,1.265709999999999891e-01
6.078500000000000569e-03,1.296970000000000067e-01
6.093000000000000325e-03,1.343860000000000054e-01
6.107500000000000082e-03,1.359490000000000143e-01
6.122000000000000705e-03,1.390750000000000042e-01
6.136500000000000461e-03,1.390750000000000042e-01
6.151000000000000217e-03,1.390750000000000042e-01
6.165499999999999974e-03,1.343860000000000054e-01
6.180000000000000597e-03,1.281339999999999979e-01
6.194500000000000353e-03,1.234449999999999992e-01
6.209000000000000109e-03,1.093780000000000030e-01
6.223500000000000733e-03,1.015630000000000005e-01
6.238000000000000489e-03,9.687400000000000178e-02
6.252500000000000245e-03,8.593300000000000938e-02
6.267000000000000001e-03,8.437000000000000055e-02
6.281500000000000625e-03,7.811800000000000688e-02
6.296000000000000381e-03,7.655500000000001193e-02
6.310500000000000137e-03,7.655500000000001193e-02
6.325000000000000761e-03,7.499200000000000310e-02
6.339500000000000517e-03,7.186600000000001320e-02
6.354000000000000273e-03,6.874000000000000943e-02
6.368500000000000029e-03,6.405099999999999683e-02
6.383000000000000652e-03,5.779900000000001009e-02
6.397500000000000409e-03,5.623600000000000820e-02
6.412000000000000165e-03,5.311000000000000443e-02
6.426500000000000788e-03,5.467300000000000632e-02
6.441000000000000544e-03,5.779900000000001009e-02
6.455500000000000300e-03,6.248800000000000882e-02
6.470000000000000057e-03,7.186600000000001320e-02
6.484500000000000680e-03,8.124400000000001065e-02
6.499000000000000436e-03,8.749600000000000433e-02
6.513500000000000192e-03,9.843700000000001060e-02
6.527999999999999949e-03,1.000000000000000056e-01
6.542500000000000572e-03,1.062519999999999992e-01
6.557000000000000328e-03,1.109410000000000118e-01
6.571500000000000084e-03,1.156300000000000106e-01
6.586000000000000708e-03,1.187560000000000004e-01
6.600500000000000464e-03,1.187560000000000004e-01
6.615000000000000220e-03,1.234449999999999992e-01
6.629499999999999976e-03,1.296970000000000067e-01
6.644000000000000600e-03,1.312599999999999878e-01
6.658500000000000356e-03,1.343860000000000054e-01
6.673000000000000112e-03,1.343860000000000054e-01
6.687500000000000736e-03,1.359490000000000143e-01
6.702000000000000492e-03,1.343860000000000054e-01
6.716500000000000248e-03,1.343860000000000054e-01
6.731000000000000004e-03,1.312599999999999878e-01
6.745500000000000627e-03,1.281339999999999979e-01
6.760000000000000384e-03,1.171930000000000055e-01
6.774500000000000140e-03,1.109410000000000118e-01
6.789000000000000763e-03,9.843700000000001060e-02
6.803500000000000519e-03,8.905899999999999928e-02
6.818000000000000276e-03,8.437000000000000055e-02
6.832500000000000032e-03,8.280700000000000560e-02
6.847000000000000655e-03,7.968100000000000183e-02
6.861500000000000411e-03,7.968100000000000183e-02
6.876000000000000167e-03,7.968100000000000183e-02
6.890500000000000791e-03,8.280700000000000560e-02
6.905000000000000547e-03,8.280700000000000560e-02
6.919500000000000303e-03,8.280700000000000560e-02
6.934000000000000059e-03,8.124400000000001065e-02
6.948500000000000683e-03,7.655500000000001193e-02
6.963000000000000439e-03,7.499200000000000310e-02
6.977500000000000195e-03,6.717700000000001448e-02
6.992000000000000819e-03,6.092500000000000693e-02
7.006500000000000575e-03,6.092500000000000693e-02
7.021000000000000331e-03,6.092500000000000693e-02
7.035500000000000087e-03,6.874000000000000943e-02
7.050000000000000711e-03,7.499200000000000310e-02
7.064500000000000467e-03,8.437000000000000055e-02
7.079000000000000223e-03,9.374800000000001188e-02
7.093499999999999979e-03,9.687400000000000178e-02
7.108000000000000602e-03,1.046890000000000043e-01
7.122500000000000359e-03,1.078150000000000081e-01
7.137000000000000115e-03,1.140670000000000017e-01
7.151500000000000738e-03,1.156300000000000106e-01
7.166000000000000494e-03,1.234449999999999992e-01
7.180500000000000251e-03,1.250080000000000080e-01
7.195000000000000007e-03,1.281339999999999979e-01
7.209500000000000630e-03,1.296970000000000067e-01
7.224000000000000386e-03,1.281339999999999979e-01
7.238500000000000142e-03,1.281339999999999979e-01
7.253000000000000766e-03,1.281339999999999979e-01
7.267500000000000522e-03,1.250080000000000080e-01
7.282000000000000278e-03,1.218820000000000042e-01
7.296500000000000034e-03,1.187560000000000004e-01
7.311000000000000658e-03,1.125040000000000068e-01
7.325500000000000414e-03,1.046890000000000043e-01
7.340000000000000170e-03,9.374800000000001188e-02
7.354500000000000794e-03,9.062200000000000810e-02
7.369000000000000550e-03,8.124400000000001065e-02
7.383500000000000306e-03,7.811800000000000688e-02
7.398000000000000062e-03,7.499200000000000310e-02
7.412500000000000686e-03,7.655500000000001193e-02
7.427000000000000442e-03,7.811800000000000688e-02
7.441500000000000198e-03,8.124400000000001065e-02
7.455999999999999954e-03,8.593300000000000938e-02
7.470500000000000577e-03,8.905899999999999928e-02
7.485000000000000334e-03,9.218500000000000305e-02
7.499500000000000090e-03,9.218500000000000305e-02
7.514000000000000713e-03,9.062200000000000810e-02
7.528500000000000469e-03,8.437000000000000055e-02
7.543000000000000226e-03,8.124400000000001065e-02
7.557499999999999982e-03,7.655500000000001193e-02
7.572000000000000605e-03,7.030300000000000438e-02
7.586500000000000361e-03,6.561400000000000565e-02
7.601000000000000117e-03,6.717700000000001448e-02
7.615499999999999874e-03,7.186600000000001320e-02
7.630000000000000497e-03,7.655500000000001193e-02
7.644500000000001121e-03,8.280700000000000560e-02
7.659000000000000009e-03,9.374800000000001188e-02
7.673500000000000633e-03,1.000000000000000056e-01
7.687999999999999522e-03,1.000000000000000056e-01
7.702500000000000145e-03,1.078150000000000081e-01
7.717000000000000769e-03,1.140670000000000017e-01
7.731499999999999657e-03,1.156300000000000106e-01
7.746000000000000281e-03,1.218820000000000042e-01
7.760500000000000904e-03,1.218820000000000042e-01
7.774999999999999793e-03,1.218820000000000042e-01
7.789500000000000417e-03,1.218820000000000042e-01
7.804000000000001040e-03,1.203190000000000093e-01
7.818499999999999062e-03,1.171930000000000055e-01
7.832999999999999685e-03,1.140670000000000017e-01
7.847500000000000309e-03,1.109410000000000118e-01
7.861999999999999197e-03,1.078150000000000081e-01
7.876499999999999821e-03,1.031260000000000093e-01
7.890999999999998710e-03,9.218500000000000305e-02
7.905499999999999333e-03,8.437000000000000055e-02
7.919999999999999957e-03,7.968100000000000183e-02
7.934499999999998845e-03,7.499200000000000310e-02
7.948999999999999469e-03,7.186600000000001320e-02
7.963500000000000092e-03,7.342900000000000815e-02
7.977999999999998981e-03,7.342900000000000815e-02
7.992499999999999605e-03,7.968100000000000183e-02
8.007000000000000228e-03,8.280700000000000560e-02
8.021499999999999117e-03,8.905899999999999928e-02
8.035999999999999741e-03,9.374800000000001188e-02
8.050500000000000364e-03,9.687400000000000178e-02
8.064999999999999253e-03,9.843700000000001060e-02
8.079499999999999876e-03,9.843700000000001060e-02
8.093999999999998765e-03,9.687400000000000178e-02
8.108499999999999389e-03,9.374800000000001188e-02
8.123000000000000012e-03,8.593300000000000938e-02
8.137499999999998901e-03,8.124400000000001065e-02
8.151999999999999524e-03,7.499200000000000310e-02
8.166500000000000148e-03,7.030300000000000438e-02
8.180999999999999037e-03,7.030300000000000438e-02
8.195499999999999660e-03,7.655500000000001193e-02
8.210000000000000284e-03,8.280700000000000560e-02
8.224499999999999172e-03,8.280700000000000560e-02
8.238999999999999796e-03,9.374800000000001188e-02
8.253499999999998685e-03,9.843700000000001060e-02
8.267999999999999308e-03,9.843700000000001060e-02
8.282499999999999932e-03,1.046890000000000043e-01
8.296999999999998820e-03,1.109410000000000118e-01
8.311499999999999444e-03,1.140670000000000017e-01
8.326000000000000068e-03,1.140670000000000017e-01
8.340499999999998956e-03,1.156300000000000106e-01
8.354999999999999580e-03,1.125040000000000068e-01
8.369500000000000203e-03,1.078150000000000081e-01
8.383999999999999092e-03,1.062519999999999992e-01
8.398499999999999716e-03,1.031260000000000093e-01
8.413000000000000339e-03,9.531100000000000683e-02
8.427499999999999228e-03,9.218500000000000305e-02
8.441999999999999851e-03,8.593300000000000938e-02
8.456499999999998740e-03,8.124400000000001065e-02
8.470999999999999364e-03,7.186600000000001320e-02
8.485499999999999987e-03,6.717700000000001448e-02
8.499999999999998876e-03,6.561400000000000565e-02
8.514499999999999499e-03,6.561400000000000565e-02
8.529000000000000123e-03,7.030300000000000438e-02
8.543499999999999012e-03,7.342900000000000815e-02
8.557999999999999635e-03,8.124400000000001065e-02
8.572500000000000259e-03,8.905899999999999928e-02
8.586999999999999147e-03,9.062200000000000810e-02
8.601499999999999771e-03,9.843700000000001060e-02
8.616000000000000394e-03,1.015630000000000005e-01
8.630499999999999283e-03,1.078150000000000081e-01
8.644999999999999907e-03,1.093780000000000030e-01
8.659499999999998796e-03,1.109410000000000118e-01
8.673999999999999419e-03,1.109410000000000118e-01
8.688500000000000043e-03,1.046890000000000043e-01
8.702999999999998931e-03,1.000000000000000056e-01
8.717499999999999555e-03,8.905899999999999928e-02
8.732000000000000178e-03,8.280700000000000560e-02
8.746499999999999067e-03,7.655500000000001193e-02
8.760999999999999691e-03,7.655500000000001193e-02
8.775500000000000314e-03,7.655500000000001193e-02
8.789999999999999203e-03,7.968100000000000183e-02
8.804499999999999826e-03,7.968100000000000183e-02
8.818999999999998715e-03,8.437000000000000055e-02
8.833499999999999339e-03,8.749600000000000433e-02
8.847999999999999962e-03,9.218500000000000305e-02
8.862499999999998851e-03,9.374800000000001188e-02
8.876999999999999474e-03,9.531100000000000683e-02
8.891500000000000098e-03,9.531100000000000683e-02
8.905999999999998987e-03,9.374800000000001188e-02
8.920499999999999610e-03,9.218500000000000305e-02
8.935000000000000234e-03,8.905899999999999928e-02
8.949499999999999122e-03,8.437000000000000055e-02
8.963999999999999746e-03,7.968100000000000183e-02
8.978500000000000369e-03,7.342900000000000815e-02
8.992999999999999258e-03,6.717700000000001448e-02
9.007499999999999882e-03,6.561400000000000565e-02
9.021999999999998771e-03,5.779900000000001009e-02
9.036499999999999394e-03,5.467300000000000632e-02
9.051000000000000018e-03,5.311000000000000443e-02
9.065499999999998906e-03,5.311000000000000443e-02
9.079999999999999530e-03,5.467300000000000632e-02
9.094500000000000153e-03,5.936200000000000504e-02
9.108999999999999042e-03,6.874000000000000943e-02
9.123499999999999666e-03,7.499200000000000310e-02
9.138000000000000289e-03,8.280700000000000560e-02
9.152499999999999178e-03,8.905899999999999928e-02
9.166999999999999801e-03,9.374800000000001188e-02
9.181499999999998690e-03,9.843700000000001060e-02
9.195999999999999314e-03,1.031260000000000093e-01
9.210499999999999937e-03,1.109410000000000118e-01
9.224999999999998826e-03,1.125040000000000068e-01
9.239499999999999449e-03,1.140670000000000017e-01
9.254000000000000073e-03,1.109410000000000118e-01
9.268499999999998962e-03,1.078150000000000081e-01
9.282999999999999585e-03,9.843700000000001060e-02
9.297500000000000209e-03,8.905899999999999928e-02
9.311999999999999097e-03,8.593300000000000938e-02
9.326499999999999721e-03,8.124400000000001065e-02
9.341000000000000345e-03,7.811800000000000688e-02
9.355499999999999233e-03,7.811800000000000688e-02
9.369999999999999857e-03,7.968100000000000183e-02
9.384499999999998746e-03,8.124400000000001065e-02
9.398999999999999369e-03,8.437000000000000055e-02
9.413499999999999993e-03,8.749600000000000433e-02
9.427999999999998881e-03,8.905899999999999928e-02
9.442499999999999505e-03,9.062200000000000810e-02
9.457000000000000128e-03,9.062200000000000810e-02
9.471499999999999017e-03,8.905899999999999928e-02
9.485999999999999641e-03,8.749600000000000433e-02
9.500500000000000264e-03,8.437000000000000055e-02
9.514999999999999153e-03,7.968100000000000183e-02
9.529499999999999776e-03,7.342900000000000815e-02
9.543999999999998665e-03,6.874000000000000943e-02
9.558499999999999289e-03,6.248800000000000882e-02
9.572999999999999912e-03,6.092500000000000693e-02
9.587499999999998801e-03,5.623600000000000820e-02
9.601999999999999424e-03,4.998400000000000759e-02
9.616500000000000048e-03,4.998400000000000759e-02
9.630999999999998937e-03,5.154700000000000948e-02
9.645499999999999560e-03,5.623600000000000820e-02
9.660000000000000184e-03,6.092500000000000693e-02
9.674499999999999073e-03,6.874000000000000943e-02
9.688999999999999696e-03,7.655500000000001193e-02
9.703500000000000320e-03,8.437000000000000055e-02
9.717999999999999208e-03,9.062200000000000810e-02
9.732499999999999832e-03,9.843700000000001060e-02
9.746999999999998721e-03,9.843700000000001060e-02
9.761499999999999344e-03,1.062519999999999992e-01
9.775999999999999968e-03,1.093780000000000030e-01
9.790499999999998856e-03,1.140670000000000017e-01
9.804999999999999480e-03,1.156300000000000106e-01
9.819500000000000103e-03,1.171930000000000055e-01
9.833999999999998992e-03,1.156300000000000106e-01
9.848499999999999616e-03,1.093780000000000030e-01
9.863000000000000239e-03,1.062519999999999992e-01
9.877499999999999128e-03,9.843700000000001060e-02
9.891999999999999751e-03,9.062200000000000810e-02
9.906500000000000375e-03,8.280700000000000560e-02
9.920999999999999264e-03,7.968100000000000183e-02
9.935499999999999887e-03,7.499200000000000310e-02
9.949999999999998776e-03,7.342900000000000815e-02
9.964499999999999399e-03,7.342900000000000815e-02
9.979000000000000023e-03,7.342900000000000815e-02
9.993499999999998912e-03,7.342900000000000815e-02
1.000799999999999954e-02,7.342900000000000815e-02
1.002250000000000016e-02,7.186600000000001320e-02
1.003699999999999905e-02,6.717700000000001448e-02
1.005149999999999967e-02,6.405099999999999683e-02
1.006600000000000029e-02,6.092500000000000693e-02
1.008049999999999918e-02,5.623600000000000820e-02
1.009499999999999981e-02,5.311000000000000443e-02
1.010949999999999870e-02,4.998400000000000759e-02
1.012399999999999932e-02,4.529500000000000887e-02
1.013849999999999994e-02,4.216900000000000509e-02
1.015299999999999883e-02,4.216900000000000509e-02
1.016749999999999945e-02,4.216900000000000509e-02
1.018200000000000008e-02,4.373200000000000698e-02
1.019649999999999897e-02,4.685800000000001075e-02
1.021099999999999959e-02,5.779900000000001009e-02
1.022550000000000021e-02,6.248800000000000882e-02
1.023999999999999910e-02,7.342900000000000815e-02
1.025449999999999973e-02,8.124400000000001065e-02
1.026900000000000035e-02,8.593300000000000938e-02
1.028349999999999924e-02,9.218500000000000305e-02
1.029799999999999986e-02,9.374800000000001188e-02
1.031249999999999875e-02,9.687400000000000178e-02
1.032699999999999937e-02,9.843700000000001060e-02
1.034150000000000000e-02,1.015630000000000005e-01
1.035599999999999889e-02,1.062519999999999992e-01
1.037049999999999951e-02,1.062519999999999992e-01
1.038500000000000013e-02,1.156300000000000106e-01
1.039949999999999902e-02,1.171930000000000055e-01
1.041399999999999965e-02,1.171930000000000055e-01
1.042850000000000027e-02,1.125040000000000068e-01
1.044299999999999916e-02,1.093780000000000030e-01
1.045749999999999978e-02,1.015630000000000005e-01
1.047200000000000041e-02,9.531100000000000683e-02
1.048649999999999929e-02,8.593300000000000938e-02
1.050099999999999992e-02,7.811800000000000688e-02
1.051549999999999881e-02,7.655500000000001193e-02
1.052999999999999943e-02,7.030300000000000438e-02
1.054450000000000005e-02,6.405099999999999683e-02
1.055899999999999894e-02,6.248800000000000882e-02
1.057349999999999957e-02,5.936200000000000504e-02
1.058800000000000019e-02,5.779900000000001009e-02
1.060249999999999908e-02,5.623600000000000820e-02
1.061699999999999970e-02,5.311000000000000443e-02
1.063150000000000032e-02,4.842100000000000570e-02
1.064599999999999921e-02,4.529500000000000887e-02
1.066049999999999984e-02,4.216900000000000509e-02
1.067499999999999873e-02,4.060600000000001014e-02
1.068949999999999935e-02,4.060600000000001014e-02
1.070399999999999997e-02,3.904300000000000825e-02
1.071849999999999886e-02,3.748000000000001330e-02
1.073299999999999949e-02,4.060600000000001014e-02
1.074750000000000011e-02,4.216900000000000509e-02
1.076199999999999900e-02,4.842100000000000570e-02
1.077649999999999962e-02,5.779900000000001009e-02
1.079100000000000024e-02,6.405099999999999683e-02
1.080549999999999913e-02,7.342900000000000815e-02
1.081999999999999976e-02,7.968100000000000183e-02
1.083450000000000038e-02,8.437000000000000055e-02
1.084899999999999927e-02,8.905899999999999928e-02
1.086349999999999989e-02,9.218500000000000305e-02
1.087799999999999878e-02,9.374800000000001188e-02
1.089249999999999940e-02,9.531100000000000683e-02
1.090700000000000003e-02,9.687400000000000178e-02
1.092149999999999892e-02,1.000000000000000056e-01
1.093599999999999954e-02,1.031260000000000093e-01
1.095050000000000016e-02,1.078150000000000081e-01
1.096499999999999905e-02,1.125040000000000068e-01
1.097949999999999968e-02,1.140670000000000017e-01
1.099400000000000030e-02,1.140670000000000017e-01
1.100849999999999919e-02,1.078150000000000081e-01
1.102299999999999981e-02,1.062519999999999992e-01
1.103749999999999870e-02,9.218500000000000305e-02
1.105199999999999932e-02,8.749600000000000433e-02
1.106649999999999995e-02,8.124400000000001065e-02
1.108099999999999884e-02,7.186600000000001320e-02
1.109549999999999946e-02,7.186600000000001320e-02
1.111000000000000008e-02,6.561400000000000565e-02
1.112449999999999897e-02,6.405099999999999683e-02
1.113899999999999960e-02,6.248800000000000882e-02
1.115350000000000022e-02,5.936200000000000504e-02
1.116799999999999911e-02,5.936200000000000504e-02
1.118249999999999973e-02,5.467300000000000632e-02
1.119700000000000036e-02,4.998400000000000759e-02
1.121149999999999924e-02,4.842100000000000570e-02
1.122599999999999987e-02,4.216900000000000509e-02
1.124049999999999876e-02,4.060600000000001014e-02
1.125499999999999938e-02,4.060600000000001014e-02
1.126950000000000000e-02,3.904300000000000825e-02
1.128399999999999889e-02,3.904300000000000825e-02
1.129849999999999952e-02,4.060600000000001014e-02
1.131300000000000014e-02,4.216900000000000509e-02
1.132749999999999903e-02,5.154700000000000948e-02
1.134199999999999965e-02,5.623600000000000820e-02
1.135650000000000028e-02,6.561400000000000565e-02
1.137099999999999916e-02,7.499200000000000310e-02
1.138549999999999979e-02,7.655500000000001193e-02
1.139999999999999868e-02,8.749600000000000433e-02
1.141449999999999930e-02,8.905899999999999928e-02
1.142899999999999992e-02,9.062200000000000810e-02
1.144349999999999881e-02,8.905899999999999928e-02
1.145799999999999944e-02,9.062200000000000810e-02
1.147250000000000006e-02,9.062200000000000810e-02
1.148699999999999895e-02,9.062200000000000810e-02
1.150149999999999957e-02,9.374800000000001188e-02
1.151600000000000019e-02,9.843700000000001060e-02
1.153049999999999908e-02,1.015630000000000005e-01
1.154499999999999971e-02,1.093780000000000030e-01
1.155950000000000033e-02,1.093780000000000030e-01
1.157399999999999922e-02,1.093780000000000030e-01
1.158849999999999984e-02,1.062519999999999992e-01
1.160299999999999873e-02,1.031260000000000093e-01
1.161749999999999935e-02,9.374800000000001188e-02
1.163199999999999998e-02,8.593300000000000938e-02
1.164649999999999887e-02,8.124400000000001065e-02
1.166099999999999949e-02,7.342900000000000815e-02
1.167550000000000011e-02,6.561400000000000565e-02
1.168999999999999900e-02,6.405099999999999683e-02
1.170449999999999963e-02,5.779900000000001009e-02
1.171900000000000025e-02,5.467300000000000632e-02
1.173349999999999914e-02,4.998400000000000759e-02
1.174799999999999976e-02,4.685800000000001075e-02
1.176250000000000039e-02,4.373200000000000698e-02
1.177699999999999927e-02,4.216900000000000509e-02
1.179149999999999990e-02,4.216900000000000509e-02
1.180599999999999879e-02,4.216900000000000509e-02
1.182049999999999941e-02,4.373200000000000698e-02
1.183500000000000003e-02,4.529500000000000887e-02
1.184949999999999892e-02,4.685800000000001075e-02
1.186399999999999955e-02,5.154700000000000948e-02
1.187850000000000017e-02,5.467300000000000632e-02
1.189299999999999906e-02,6.248800000000000882e-02
1.190749999999999968e-02,6.874000000000000943e-02
1.192200000000000031e-02,7.811800000000000688e-02
1.193649999999999919e-02,8.593300000000000938e-02
1.195099999999999982e-02,9.062200000000000810e-02
1.196549999999999871e-02,9.218500000000000305e-02
1.197999999999999933e-02,9.374800000000001188e-02
1.199449999999999995e-02,9.218500000000000305e-02
1.200899999999999884e-02,8.749600000000000433e-02
1.202349999999999947e-02,8.437000000000000055e-02
1.203800000000000009e-02,7.968100000000000183e-02
1.205249999999999898e-02,7.968100000000000183e-02
1.206699999999999960e-02,7.968100000000000183e-02
1.208150000000000023e-02,8.280700000000000560e-02
1.209599999999999911e-02,8.749600000000000433e-02
1.211049999999999974e-02,8.749600000000000433e-02
1.212500000000000036e-02,9.687400000000000178e-02
1.213949999999999925e-02,1.000000000000000056e-01
1.215399999999999987e-02,1.031260000000000093e-01
1.216849999999999876e-02,1.000000000000000056e-01
1.218299999999999939e-02,9.687400000000000178e-02
1.219750000000000001e-02,9.218500000000000305e-02
1.221199999999999890e-02,8.124400000000001065e-02
1.222649999999999952e-02,7.499200000000000310e-02
1.224100000000000014e-02,6.874000000000000943e-02
1.225549999999999903e-02,6.717700000000001448e-02
1.226999999999999966e-02,6.092500000000000693e-02
1.228450000000000028e-02,5.467300000000000632e-02
1.229899999999999917e-02,4.998400000000000759e-02
1.231349999999999979e-02,4.842100000000000570e-02
1.232800000000000042e-02,4.529500000000000887e-02
1.234249999999999931e-02,4.373200000000000698e-02
1.235699999999999993e-02,4.216900000000000509e-02
1.237149999999999882e-02,4.373200000000000698e-02
1.238599999999999944e-02,4.529500000000000887e-02
1.240050000000000006e-02,4.842100000000000570e-02
1.241499999999999895e-02,4.842100000000000570e-02
1.242949999999999958e-02,5.311000000000000443e-02
1.244400000000000020e-02,5.623600000000000820e-02
1.245849999999999909e-02,6.092500000000000693e-02
1.247299999999999971e-02,7.030300000000000438e-02
1.248750000000000034e-02,7.811800000000000688e-02
1.250199999999999922e-02,8.280700000000000560e-02
1.251649999999999985e-02,8.905899999999999928e-02
1.253099999999999874e-02,9.218500000000000305e-02
1.254549999999999936e-02,9.531100000000000683e-02
1.255999999999999998e-02,9.374800000000001188e-02
1.257449999999999887e-02,9.218500000000000305e-02
1.258899999999999950e-02,8.905899999999999928e-02
1.260350000000000012e-02,8.593300000000000938e-02
1.261799999999999901e-02,8.437000000000000055e-02
1.263249999999999963e-02,8.124400000000001065e-02
1.264700000000000026e-02,8.280700000000000560e-02
1.266149999999999914e-02,8.437000000000000055e-02
1.267599999999999977e-02,9.218500000000000305e-02
1.269050000000000039e-02,9.531100000000000683e-02
1.270499999999999928e-02,1.031260000000000093e-01
1.271949999999999990e-02,1.046890000000000043e-01
1.273399999999999879e-02,1.031260000000000093e-01
1.274849999999999942e-02,1.015630000000000005e-01
1.276300000000000004e-02,9.218500000000000305e-02
1.277749999999999893e-02,8.905899999999999928e-02
1.279199999999999955e-02,7.968100000000000183e-02
1.280650000000000018e-02,7.655500000000001193e-02
1.282099999999999906e-02,6.717700000000001448e-02
1.283549999999999969e-02,6.405099999999999683e-02
1.285000000000000031e-02,5.936200000000000504e-02
1.286449999999999920e-02,5.311000000000000443e-02
1.287899999999999982e-02,5.154700000000000948e-02
1.289349999999999871e-02,4.842100000000000570e-02
1.290799999999999934e-02,4.685800000000001075e-02
1.292249999999999996e-02,4.842100000000000570e-02
1.293699999999999885e-02,4.842100000000000570e-02
1.295149999999999947e-02,5.154700000000000948e-02
1.296600000000000009e-02,5.154700000000000948e-02
1.298049999999999898e-02,5.779900000000001009e-02
1.299499999999999961e-02,5.936200000000000504e-02
1.300950000000000023e-02,6.717700000000001448e-02
1.302399999999999912e-02,7.342900000000000815e-02
1.303849999999999974e-02,7.811800000000000688e-02
1.305300000000000037e-02,8.749600000000000433e-02
1.306749999999999926e-02,9.531100000000000683e-02
1.308199999999999988e-02,9.687400000000000178e-02
1.309649999999999877e-02,9.687400000000000178e-02
1.311099999999999939e-02,9.687400000000000178e-02
1.312550000000000001e-02,9.374800000000001188e-02
1.313999999999999890e-02,8.749600000000000433e-02
1.315449999999999953e-02,8.124400000000001065e-02
1.316900000000000015e-02,7.499200000000000310e-02
1.318349999999999904e-02,7.499200000000000310e-02
1.319799999999999966e-02,7.030300000000000438e-02
1.321250000000000029e-02,6.874000000000000943e-02
1.322699999999999917e-02,6.717700000000001448e-02
1.324149999999999980e-02,6.874000000000000943e-02
1.325599999999999869e-02,7.499200000000000310e-02
1.327049999999999931e-02,7.968100000000000183e-02
1.328499999999999993e-02,8.749600000000000433e-02
1.329949999999999882e-02,9.374800000000001188e-02
1.331399999999999945e-02,9.843700000000001060e-02
1.332850000000000007e-02,9.687400000000000178e-02
1.334299999999999896e-02,9.531100000000000683e-02
1.335749999999999958e-02,9.374800000000001188e-02
1.337200000000000021e-02,8.593300000000000938e-02
1.338649999999999909e-02,8.437000000000000055e-02
1.340099999999999972e-02,7.811800000000000688e-02
1.341550000000000034e-02,7.499200000000000310e-02
1.342999999999999923e-02,7.030300000000000438e-02
1.344449999999999985e-02,6.717700000000001448e-02
1.345899999999999874e-02,6.405099999999999683e-02
1.347349999999999937e-02,6.561400000000000565e-02
1.348799999999999999e-02,6.874000000000000943e-02
1.350249999999999888e-02,6.874000000000000943e-02
1.351699999999999950e-02,7.655500000000001193e-02
1.353150000000000013e-02,8.437000000000000055e-02
1.354599999999999901e-02,8.749600000000000433e-02
1.356049999999999964e-02,9.062200000000000810e-02
1.357500000000000026e-02,9.843700000000001060e-02
1.358949999999999915e-02,1.046890000000000043e-01
1.360399999999999977e-02,1.093780000000000030e-01
1.361850000000000040e-02,1.125040000000000068e-01
1.363299999999999929e-02,1.140670000000000017e-01
1.364749999999999991e-02,1.140670000000000017e-01
1.366199999999999880e-02,1.125040000000000068e-01
1.367649999999999942e-02,1.046890000000000043e-01
1.369100000000000004e-02,1.031260000000000093e-01
1.370549999999999893e-02,9.062200000000000810e-02
1.371999999999999956e-02,8.593300000000000938e-02
1.373450000000000018e-02,7.811800000000000688e-02
1.374899999999999907e-02,7.186600000000001320e-02
1.376349999999999969e-02,6.874000000000000943e-02
1.377800000000000032e-02,6.405099999999999683e-02
1.379249999999999921e-02,6.248800000000000882e-02
1.380699999999999983e-02,6.092500000000000693e-02
1.382149999999999872e-02,6.561400000000000565e-02
1.383599999999999934e-02,7.030300000000000438e-02
1.385049999999999996e-02,7.968100000000000183e-02
1.386499999999999885e-02,8.437000000000000055e-02
1.387949999999999948e-02,9.218500000000000305e-02
1.389400000000000010e-02,9.374800000000001188e-02
1.390849999999999899e-02,9.218500000000000305e-02
1.392299999999999961e-02,9.062200000000000810e-02
1.393750000000000024e-02,8.749600000000000433e-02
1.395199999999999912e-02,8.437000000000000055e-02
1.396649999999999975e-02,7.968100000000000183e-02
1.398100000000000037e-02,7.342900000000000815e-02
1.399549999999999926e-02,7.186600000000001320e-02
1.400999999999999988e-02,6.717700000000001448e-02
1.402449999999999877e-02,6.561400000000000565e-02
1.403899999999999940e-02,6.405099999999999683e-02
1.405350000000000002e-02,6.561400000000000565e-02
1.406799999999999891e-02,6.717700000000001448e-02
1.408249999999999953e-02,7.030300000000000438e-02
1.409700000000000016e-02,7.499200000000000310e-02
1.411149999999999904e-02,8.437000000000000055e-02
1.412599999999999967e-02,8.593300000000000938e-02
1.414050000000000029e-02,9.218500000000000305e-02
1.415499999999999918e-02,1.000000000000000056e-01
1.416949999999999980e-02,1.046890000000000043e-01
1.418400000000000043e-02,1.093780000000000030e-01
1.419849999999999932e-02,1.140670000000000017e-01
1.421299999999999994e-02,1.140670000000000017e-01
1.422749999999999883e-02,1.140670000000000017e-01
1.424199999999999945e-02,1.093780000000000030e-01
1.425650000000000008e-02,1.062519999999999992e-01
1.427099999999999896e-02,9.531100000000000683e-02
1.428549999999999959e-02,8.905899999999999928e-02
1.430000000000000021e-02,8.280700000000000560e-02
1.431449999999999910e-02,7.655500000000001193e-02
1.432899999999999972e-02,7.030300000000000438e-02
1.434350000000000035e-02,6.717700000000001448e-02
1.435799999999999924e-02,6.248800000000000882e-02
1.437249999999999986e-02,6.248800000000000882e-02
1.438699999999999875e-02,6.248800000000000882e-02
1.440149999999999937e-02,6.717700000000001448e-02
1.441599999999999999e-02,7.655500000000001193e-02
1.443049999999999888e-02,8.280700000000000560e-02
1.444499999999999951e-02,8.593300000000000938e-02
1.445950000000000013e-02,9.218500000000000305e-02
1.447399999999999902e-02,9.531100000000000683e-02
1.448849999999999964e-02,9.531100000000000683e-02
1.450300000000000027e-02,9.531100000000000683e-02
1.451749999999999916e-02,8.905899999999999928e-02
1.453199999999999978e-02,8.437000000000000055e-02
1.454650000000000040e-02,7.968100000000000183e-02
1.456099999999999929e-02,7.655500000000001193e-02
1.457549999999999991e-02,7.499200000000000310e-02
1.458999999999999880e-02,7.499200000000000310e-02
1.460449999999999943e-02,7.186600000000001320e-02
1.461900000000000005e-02,7.342900000000000815e-02
1.463349999999999894e-02,7.655500000000001193e-02
1.464799999999999956e-02,8.124400000000001065e-02
1.466250000000000019e-02,8.905899999999999928e-02
1.467699999999999907e-02,9.218500000000000305e-02
1.469149999999999970e-02,9.843700000000001060e-02
1.470600000000000032e-02,1.031260000000000093e-01
1.472049999999999921e-02,1.093780000000000030e-01
1.473499999999999983e-02,1.171930000000000055e-01
1.474949999999999872e-02,1.187560000000000004e-01
1.476399999999999935e-02,1.218820000000000042e-01
1.477849999999999997e-02,1.203190000000000093e-01
1.479299999999999886e-02,1.156300000000000106e-01
1.480749999999999948e-02,1.140670000000000017e-01
1.482200000000000011e-02,1.031260000000000093e-01
1.483649999999999899e-02,9.843700000000001060e-02
1.485099999999999962e-02,9.062200000000000810e-02
1.486550000000000024e-02,8.280700000000000560e-02
1.487999999999999913e-02,7.342900000000000815e-02
1.489449999999999975e-02,6.874000000000000943e-02
1.490900000000000038e-02,6.092500000000000693e-02
1.492349999999999927e-02,5.779900000000001009e-02
1.493799999999999989e-02,5.467300000000000632e-02
1.495249999999999878e-02,5.311000000000000443e-02
1.496699999999999940e-02,5.467300000000000632e-02
1.498150000000000003e-02,5.623600000000000820e-02
1.499599999999999891e-02,6.561400000000000565e-02
1.501049999999999954e-02,7.811800000000000688e-02
1.502500000000000016e-02,8.124400000000001065e-02
1.503949999999999905e-02,9.062200000000000810e-02
1.505399999999999967e-02,9.374800000000001188e-02
1.506850000000000030e-02,9.531100000000000683e-02
1.508299999999999919e-02,9.687400000000000178e-02
1.509749999999999981e-02,9.374800000000001188e-02
1.511199999999999870e-02,9.374800000000001188e-02
1.512649999999999932e-02,9.374800000000001188e-02
1.514099999999999994e-02,9.062200000000000810e-02
1.515549999999999883e-02,8.905899999999999928e-02
1.516999999999999946e-02,9.062200000000000810e-02
1.518450000000000008e-02,9.062200000000000810e-02
1.519899999999999897e-02,9.531100000000000683e-02
1.521349999999999959e-02,1.000000000000000056e-01
1.522800000000000022e-02,1.062519999999999992e-01
1.524249999999999911e-02,1.093780000000000030e-01
1.525699999999999973e-02,1.125040000000000068e-01
1.527150000000000035e-02,1.187560000000000004e-01
1.528599999999999924e-02,1.234449999999999992e-01
1.530049999999999986e-02,1.281339999999999979e-01
1.531499999999999875e-02,1.296970000000000067e-01
1.532949999999999938e-02,1.312599999999999878e-01
1.534400000000000000e-02,1.296970000000000067e-01
1.535849999999999889e-02,1.203190000000000093e-01
1.537299999999999951e-02,1.156300000000000106e-01
1.538750000000000014e-02,1.062519999999999992e-01
1.540199999999999902e-02,1.000000000000000056e-01
1.541649999999999965e-02,9.374800000000001188e-02
1.543099999999999854e-02,8.593300000000000938e-02
1.544549999999999916e-02,7.811800000000000688e-02
1.545999999999999978e-02,6.717700000000001448e-02
1.547450000000000041e-02,6.561400000000000565e-02
1.548900000000000103e-02,6.248800000000000882e-02
1.550349999999999819e-02,5.623600000000000820e-02
1.551799999999999881e-02,5.467300000000000632e-02
1.553249999999999943e-02,5.311000000000000443e-02
1.554700000000000006e-02,5.623600000000000820e-02
1.556150000000000068e-02,6.561400000000000565e-02
1.557599999999999783e-02,7.655500000000001193e-02
1.559049999999999846e-02,7.811800000000000688e-02
1.560499999999999908e-02,9.062200000000000810e-02
1.561949999999999970e-02,9.062200000000000810e-02
1.563400000000000206e-02,9.374800000000001188e-02
1.564850000000000269e-02,9.218500000000000305e-02
1.566299999999999984e-02,9.062200000000000810e-02
1.567750000000000046e-02,8.905899999999999928e-02
1.569200000000000109e-02,8.593300000000000938e-02
1.570650000000000171e-02,8.280700000000000560e-02
1.572100000000000233e-02,8.280700000000000560e-02
1.573550000000000296e-02,8.280700000000000560e-02
1.575000000000000011e-02,8.124400000000001065e-02
1.576450000000000073e-02,8.593300000000000938e-02
1.577900000000000136e-02,9.062200000000000810e-02
1.579350000000000198e-02,9.374800000000001188e-02
1.580800000000000261e-02,9.843700000000001060e-02
1.582249999999999976e-02,1.031260000000000093e-01
1.583700000000000038e-02,1.078150000000000081e-01
1.585150000000000101e-02,1.156300000000000106e-01
1.586600000000000163e-02,1.187560000000000004e-01
1.588050000000000225e-02,1.234449999999999992e-01
1.589500000000000288e-02,1.250080000000000080e-01
1.590950000000000003e-02,1.250080000000000080e-01
1.592400000000000065e-02,1.250080000000000080e-01
1.593850000000000128e-02,1.203190000000000093e-01
1.595300000000000190e-02,1.125040000000000068e-01
1.596750000000000252e-02,9.843700000000001060e-02
1.598199999999999968e-02,9.218500000000000305e-02
1.599650000000000030e-02,8.749600000000000433e-02
1.601100000000000093e-02,7.811800000000000688e-02
1.602550000000000155e-02,7.342900000000000815e-02
1.604000000000000217e-02,6.561400000000000565e-02
1.605450000000000280e-02,6.405099999999999683e-02
1.606899999999999995e-02,5.623600000000000820e-02
1.608350000000000057e-02,5.467300000000000632e-02
1.609800000000000120e-02,5.154700000000000948e-02
1.611250000000000182e-02,5.311000000000000443e-02
1.612700000000000244e-02,5.311000000000000443e-02
1.614149999999999960e-02,6.561400000000000565e-02
1.615600000000000022e-02,7.342900000000000815e-02
1.617050000000000085e-02,7.968100000000000183e-02
1.618500000000000147e-02,8.749600000000000433e-02
1.619950000000000209e-02,9.062200000000000810e-02
1.621400000000000272e-02,9.531100000000000683e-02
1.622849999999999987e-02,9.531100000000000683e-02
1.624300000000000049e-02,9.374800000000001188e-02
1.625750000000000112e-02,9.374800000000001188e-02
1.627200000000000174e-02,9.374800000000001188e-02
1.628650000000000236e-02,9.218500000000000305e-02
1.630100000000000299e-02,9.218500000000000305e-02
1.631550000000000014e-02,9.374800000000001188e-02
1.633000000000000076e-02,9.687400000000000178e-02
1.634450000000000139e-02,9.843700000000001060e-02
1.635900000000000201e-02,1.062519999999999992e-01
1.637350000000000264e-02,1.093780000000000030e-01
1.638799999999999979e-02,1.140670000000000017e-01
1.640250000000000041e-02,1.187560000000000004e-01
1.641700000000000104e-02,1.250080000000000080e-01
1.643150000000000166e-02,1.281339999999999979e-01
1.644600000000000228e-02,1.328229999999999966e-01
1.646050000000000291e-02,1.343860000000000054e-01
1.647500000000000006e-02,1.312599999999999878e-01
1.648950000000000068e-02,1.265709999999999891e-01
1.650400000000000131e-02,1.203190000000000093e-01
1.651850000000000193e-02,1.140670000000000017e-01
1.653300000000000256e-02,1.000000000000000056e-01
1.654749999999999971e-02,9.687400000000000178e-02
1.656200000000000033e-02,8.749600000000000433e-02
1.657650000000000096e-02,8.124400000000001065e-02
1.659100000000000158e-02,7.499200000000000310e-02
1.660550000000000220e-02,6.874000000000000943e-02
1.662000000000000283e-02,6.405099999999999683e-02
1.663449999999999998e-02,5.936200000000000504e-02
1.664900000000000060e-02,5.623600000000000820e-02
1.666350000000000123e-02,5.311000000000000443e-02
1.667800000000000185e-02,4.842100000000000570e-02
1.669250000000000247e-02,4.998400000000000759e-02
1.670699999999999963e-02,5.154700000000000948e-02
1.672150000000000025e-02,5.936200000000000504e-02
1.673600000000000088e-02,6.561400000000000565e-02
1.675050000000000150e-02,7.968100000000000183e-02
1.676500000000000212e-02,8.749600000000000433e-02
1.677950000000000275e-02,9.374800000000001188e-02
1.679399999999999990e-02,9.531100000000000683e-02
1.680850000000000052e-02,9.843700000000001060e-02
1.682300000000000115e-02,9.843700000000001060e-02
1.683750000000000177e-02,1.000000000000000056e-01
1.685200000000000239e-02,1.000000000000000056e-01
1.686650000000000302e-02,1.031260000000000093e-01
1.688100000000000017e-02,1.046890000000000043e-01
1.689550000000000080e-02,1.062519999999999992e-01
1.691000000000000142e-02,1.109410000000000118e-01
1.692450000000000204e-02,1.140670000000000017e-01
1.693900000000000267e-02,1.187560000000000004e-01
1.695349999999999982e-02,1.218820000000000042e-01
1.696800000000000044e-02,1.296970000000000067e-01
1.698250000000000107e-02,1.312599999999999878e-01
1.699700000000000169e-02,1.343860000000000054e-01
1.701150000000000231e-02,1.375119999999999953e-01
1.702600000000000294e-02,1.359490000000000143e-01
1.704050000000000009e-02,1.359490000000000143e-01
1.705500000000000071e-02,1.296970000000000067e-01
1.706950000000000134e-02,1.250080000000000080e-01
1.708400000000000196e-02,1.125040000000000068e-01
1.709850000000000259e-02,1.031260000000000093e-01
1.711299999999999974e-02,9.531100000000000683e-02
1.712750000000000036e-02,8.437000000000000055e-02
1.714200000000000099e-02,7.968100000000000183e-02
1.715650000000000161e-02,7.499200000000000310e-02
1.717100000000000223e-02,7.030300000000000438e-02
1.718550000000000286e-02,6.717700000000001448e-02
1.720000000000000001e-02,6.092500000000000693e-02
1.721450000000000063e-02,5.779900000000001009e-02
1.722900000000000126e-02,5.467300000000000632e-02
1.724350000000000188e-02,4.998400000000000759e-02
1.725800000000000251e-02,4.998400000000000759e-02
1.727249999999999966e-02,5.154700000000000948e-02
1.728700000000000028e-02,5.623600000000000820e-02
1.730150000000000091e-02,6.248800000000000882e-02
1.731600000000000153e-02,6.874000000000000943e-02
1.733050000000000215e-02,8.593300000000000938e-02
1.734500000000000278e-02,9.062200000000000810e-02
1.735949999999999993e-02,9.374800000000001188e-02
1.737400000000000055e-02,9.687400000000000178e-02
1.738850000000000118e-02,1.015630000000000005e-01
1.740300000000000180e-02,1.046890000000000043e-01
1.741750000000000242e-02,1.062519999999999992e-01
1.743200000000000305e-02,1.062519999999999992e-01
1.744650000000000020e-02,1.078150000000000081e-01
1.746100000000000083e-02,1.140670000000000017e-01
1.747550000000000145e-02,1.140670000000000017e-01
1.749000000000000207e-02,1.187560000000000004e-01
1.750450000000000270e-02,1.265709999999999891e-01
1.751899999999999985e-02,1.281339999999999979e-01
1.753350000000000047e-02,1.328229999999999966e-01
1.754800000000000110e-02,1.343860000000000054e-01
1.756250000000000172e-02,1.375119999999999953e-01
1.757700000000000234e-02,1.390750000000000042e-01
1.759150000000000297e-02,1.406380000000000130e-01
1.760600000000000012e-02,1.359490000000000143e-01
1.762050000000000075e-02,1.328229999999999966e-01
1.763500000000000137e-02,1.234449999999999992e-01
1.764950000000000199e-02,1.093780000000000030e-01
1.766400000000000262e-02,1.062519999999999992e-01
1.767849999999999977e-02,9.374800000000001188e-02
1.769300000000000039e-02,8.905899999999999928e-02
1.770750000000000102e-02,8.280700000000000560e-02
1.772200000000000164e-02,7.968100000000000183e-02
1.773650000000000226e-02,7.655500000000001193e-02
1.775100000000000289e-02,7.342900000000000815e-02
1.776550000000000004e-02,7.030300000000000438e-02
1.778000000000000067e-02,6.717700000000001448e-02
1.779450000000000129e-02,6.092500000000000693e-02
1.780900000000000191e-02,5.936200000000000504e-02
1.782350000000000254e-02,5.311000000000000443e-02
1.783799999999999969e-02,5.154700000000000948e-02
1.785250000000000031e-02,5.154700000000000948e-02
1.786700000000000094e-02,5.623600000000000820e-02
1.788150000000000156e-02,6.561400000000000565e-02
1.789600000000000218e-02,7.811800000000000688e-02
1.791050000000000281e-02,7.968100000000000183e-02
1.792499999999999996e-02,9.062200000000000810e-02
1.793950000000000058e-02,1.000000000000000056e-01
1.795400000000000121e-02,1.046890000000000043e-01
1.796850000000000183e-02,1.062519999999999992e-01
1.798300000000000246e-02,1.109410000000000118e-01
1.799749999999999961e-02,1.125040000000000068e-01
1.801200000000000023e-02,1.156300000000000106e-01
1.802650000000000086e-02,1.203190000000000093e-01
1.804100000000000148e-02,1.218820000000000042e-01
1.805550000000000210e-02,1.281339999999999979e-01
1.807000000000000273e-02,1.312599999999999878e-01
1.808449999999999988e-02,1.343860000000000054e-01
1.809900000000000050e-02,1.375119999999999953e-01
1.811350000000000113e-02,1.390750000000000042e-01
1.812800000000000175e-02,1.406380000000000130e-01
1.814250000000000237e-02,1.406380000000000130e-01
1.815700000000000300e-02,1.406380000000000130e-01
1.817150000000000015e-02,1.390750000000000042e-01
1.818600000000000078e-02,1.328229999999999966e-01
1.820050000000000140e-02,1.218820000000000042e-01
1.821500000000000202e-02,1.093780000000000030e-01
1.822950000000000265e-02,1.046890000000000043e-01
1.824399999999999980e-02,9.374800000000001188e-02
1.825850000000000042e-02,8.905899999999999928e-02
1.827300000000000105e-02,8.280700000000000560e-02
1.828750000000000167e-02,7.811800000000000688e-02
1.830200000000000229e-02,7.499200000000000310e-02
1.831650000000000292e-02,7.499200000000000310e-02
1.833100000000000007e-02,7.342900000000000815e-02
1.834550000000000070e-02,6.874000000000000943e-02
1.836000000000000132e-02,6.405099999999999683e-02
1.837450000000000194e-02,6.248800000000000882e-02
1.838900000000000257e-02,5.623600000000000820e-02
1.840349999999999972e-02,5.311000000000000443e-02
1.841800000000000034e-02,5.311000000000000443e-02
1.843250000000000097e-02,5.623600000000000820e-02
1.844700000000000159e-02,6.092500000000000693e-02
1.846150000000000221e-02,7.342900000000000815e-02
1.847600000000000284e-02,7.968100000000000183e-02
1.849049999999999999e-02,8.749600000000000433e-02
1.850500000000000062e-02,9.374800000000001188e-02
1.851950000000000124e-02,9.843700000000001060e-02
1.853400000000000186e-02,1.062519999999999992e-01
1.854850000000000249e-02,1.078150000000000081e-01
1.856299999999999964e-02,1.125040000000000068e-01
1.857750000000000026e-02,1.140670000000000017e-01
1.859200000000000089e-02,1.187560000000000004e-01
1.860650000000000151e-02,1.218820000000000042e-01
1.862100000000000213e-02,1.250080000000000080e-01
1.863550000000000276e-02,1.312599999999999878e-01
1.864999999999999991e-02,1.328229999999999966e-01
1.866450000000000053e-02,1.359490000000000143e-01
1.867900000000000116e-02,1.359490000000000143e-01
1.869350000000000178e-02,1.375119999999999953e-01
1.870800000000000241e-02,1.390750000000000042e-01
1.872250000000000303e-02,1.390750000000000042e-01
1.873700000000000018e-02,1.359490000000000143e-01
1.875150000000000081e-02,1.328229999999999966e-01
1.876600000000000143e-02,1.265709999999999891e-01
1.878050000000000205e-02,1.156300000000000106e-01
1.879500000000000268e-02,1.031260000000000093e-01
1.880949999999999983e-02,9.687400000000000178e-02
1.882400000000000045e-02,8.749600000000000433e-02
1.883850000000000108e-02,8.280700000000000560e-02
1.885300000000000170e-02,7.968100000000000183e-02
1.886750000000000232e-02,7.655500000000001193e-02
1.888200000000000295e-02,7.499200000000000310e-02
1.889650000000000010e-02,7.342900000000000815e-02
1.891100000000000073e-02,7.186600000000001320e-02
1.892550000000000135e-02,6.874000000000000943e-02
1.894000000000000197e-02,6.561400000000000565e-02
1.895450000000000260e-02,5.779900000000001009e-02
1.896899999999999975e-02,5.467300000000000632e-02
1.898350000000000037e-02,5.154700000000000948e-02
1.899800000000000100e-02,5.311000000000000443e-02
1.901250000000000162e-02,5.779900000000001009e-02
1.902700000000000224e-02,6.561400000000000565e-02
1.904150000000000287e-02,7.655500000000001193e-02
1.905600000000000002e-02,8.124400000000001065e-02
1.907050000000000065e-02,8.749600000000000433e-02
1.908500000000000127e-02,9.687400000000000178e-02
1.909950000000000189e-02,1.031260000000000093e-01
1.911400000000000252e-02,1.093780000000000030e-01
1.912849999999999967e-02,1.125040000000000068e-01
1.914300000000000029e-02,1.140670000000000017e-01
1.915750000000000092e-02,1.171930000000000055e-01
1.917200000000000154e-02,1.234449999999999992e-01
1.918650000000000216e-02,1.250080000000000080e-01
1.920100000000000279e-02,1.296970000000000067e-01
1.921549999999999994e-02,1.312599999999999878e-01
1.923000000000000057e-02,1.359490000000000143e-01
1.924450000000000119e-02,1.375119999999999953e-01
1.925900000000000181e-02,1.375119999999999953e-01
1.927350000000000244e-02,1.390750000000000042e-01
1.928799999999999959e-02,1.375119999999999953e-01
1.930250000000000021e-02,1.343860000000000054e-01
1.931700000000000084e-02,1.328229999999999966e-01
1.933150000000000146e-02,1.281339999999999979e-01
1.934600000000000208e-02,1.156300000000000106e-01
1.936050000000000271e-02,1.093780000000000030e-01
1.937499999999999986e-02,1.000000000000000056e-01
1.938950000000000048e-02,8.749600000000000433e-02
1.940400000000000111e-02,8.437000000000000055e-02
1.941850000000000173e-02,7.968100000000000183e-02
1.943300000000000236e-02,7.811800000000000688e-02
1.944750000000000298e-02,7.811800000000000688e-02
1.946200000000000013e-02,7.811800000000000688e-02
1.947650000000000076e-02,7.811800000000000688e-02
1.949100000000000138e-02,7.499200000000000310e-02
1.950550000000000200e-02,7.342900000000000815e-02
1.952000000000000263e-02,6.561400000000000565e-02
1.953449999999999978e-02,6.248800000000000882e-02
1.954900000000000040e-02,5.779900000000001009e-02
1.956350000000000103e-02,5.467300000000000632e-02
1.957800000000000165e-02,5.623600000000000820e-02
1.959250000000000227e-02,5.936200000000000504e-02
1.960700000000000290e-02,6.874000000000000943e-02
1.962150000000000005e-02,7.342900000000000815e-02
1.963600000000000068e-02,8.437000000000000055e-02
1.965050000000000130e-02,9.062200000000000810e-02
1.966500000000000192e-02,9.843700000000001060e-02
1.967950000000000255e-02,1.062519999999999992e-01
1.969399999999999970e-02,1.093780000000000030e-01
1.970850000000000032e-02,1.140670000000000017e-01
1.972300000000000095e-02,1.218820000000000042e-01
1.973750000000000157e-02,1.234449999999999992e-01
1.975200000000000219e-02,1.250080000000000080e-01
1.976650000000000282e-02,1.281339999999999979e-01
1.978099999999999997e-02,1.343860000000000054e-01
1.979550000000000060e-02,1.328229999999999966e-01
1.981000000000000122e-02,1.343860000000000054e-01
1.982450000000000184e-02,1.328229999999999966e-01
1.983900000000000247e-02,1.312599999999999878e-01
1.985349999999999962e-02,1.296970000000000067e-01
1.986800000000000024e-02,1.296970000000000067e-01
1.988250000000000087e-02,1.203190000000000093e-01
1.989700000000000149e-02,1.156300000000000106e-01
1.991150000000000211e-02,1.046890000000000043e-01
1.992600000000000274e-02,9.687400000000000178e-02
1.994049999999999989e-02,9.062200000000000810e-02
1.995500000000000052e-02,8.437000000000000055e-02
1.996950000000000114e-02,7.811800000000000688e-02
1.998400000000000176e-02,7.655500000000001193e-02
1.999850000000000239e-02,7.655500000000001193e-02
2.001300000000000301e-02,7.811800000000000688e-02
2.002750000000000016e-02,7.811800000000000688e-02
2.004200000000000079e-02,7.811800000000000688e-02
2.005650000000000141e-02,7.811800000000000688e-02
2.007100000000000203e-02,7.655500000000001193e-02
2.008550000000000266e-02,7.342900000000000815e-02
2.009999999999999981e-02,7.030300000000000438e-02
2.011450000000000043e-02,6.248800000000000882e-02
2.012900000000000106e-02,5.936200000000000504e-02
2.014350000000000168e-02,5.623600000000000820e-02
2.015800000000000231e-02,5.779900000000001009e-02
2.017250000000000293e-02,6.405099999999999683e-02
2.018700000000000008e-02,7.499200000000000310e-02
2.020150000000000071e-02,7.968100000000000183e-02
2.021600000000000133e-02,9.062200000000000810e-02
2.023050000000000195e-02,9.531100000000000683e-02
2.024500000000000258e-02,1.000000000000000056e-01
2.025949999999999973e-02,1.078150000000000081e-01
2.027400000000000035e-02,1.093780000000000030e-01
2.028850000000000098e-02,1.187560000000000004e-01
2.030300000000000160e-02,1.234449999999999992e-01
2.031750000000000222e-02,1.250080000000000080e-01
2.033200000000000285e-02,1.296970000000000067e-01
2.034650000000000000e-02,1.296970000000000067e-01
2.036100000000000063e-02,1.312599999999999878e-01
2.037550000000000125e-02,1.312599999999999878e-01
2.039000000000000187e-02,1.296970000000000067e-01
2.040450000000000250e-02,1.281339999999999979e-01
2.041899999999999965e-02,1.265709999999999891e-01
2.043350000000000027e-02,1.203190000000000093e-01
2.044800000000000090e-02,1.171930000000000055e-01
2.046250000000000152e-02,1.125040000000000068e-01
2.047700000000000214e-02,1.078150000000000081e-01
2.049150000000000277e-02,9.687400000000000178e-02
2.050599999999999992e-02,8.905899999999999928e-02
2.052050000000000055e-02,8.124400000000001065e-02
2.053500000000000117e-02,7.811800000000000688e-02
2.054950000000000179e-02,7.655500000000001193e-02
2.056400000000000242e-02,7.811800000000000688e-02
2.057850000000000304e-02,8.124400000000001065e-02
2.059300000000000019e-02,8.124400000000001065e-02
2.060750000000000082e-02,8.437000000000000055e-02
2.062200000000000144e-02,8.593300000000000938e-02
2.063650000000000206e-02,8.593300000000000938e-02
2.065100000000000269e-02,8.437000000000000055e-02
2.066549999999999984e-02,7.968100000000000183e-02
2.068000000000000047e-02,7.811800000000000688e-02
2.069450000000000109e-02,6.874000000000000943e-02
2.070900000000000171e-02,6.561400000000000565e-02
2.072350000000000234e-02,6.248800000000000882e-02
2.073800000000000296e-02,6.561400000000000565e-02
2.075250000000000011e-02,7.186600000000001320e-02
2.076700000000000074e-02,7.968100000000000183e-02
2.078150000000000136e-02,8.124400000000001065e-02
2.079600000000000198e-02,9.218500000000000305e-02
2.081050000000000261e-02,1.000000000000000056e-01
2.082499999999999976e-02,1.062519999999999992e-01
2.083950000000000038e-02,1.125040000000000068e-01
2.085400000000000101e-02,1.156300000000000106e-01
2.086850000000000163e-02,1.203190000000000093e-01
2.088300000000000226e-02,1.218820000000000042e-01
2.089750000000000288e-02,1.265709999999999891e-01
2.091200000000000003e-02,1.281339999999999979e-01
2.092650000000000066e-02,1.265709999999999891e-01
2.094100000000000128e-02,1.281339999999999979e-01
2.095550000000000190e-02,1.234449999999999992e-01
2.097000000000000253e-02,1.234449999999999992e-01
2.098449999999999968e-02,1.218820000000000042e-01
2.099900000000000030e-02,1.156300000000000106e-01
2.101350000000000093e-02,1.093780000000000030e-01
2.102800000000000155e-02,1.046890000000000043e-01
2.104250000000000217e-02,9.531100000000000683e-02
2.105700000000000280e-02,8.749600000000000433e-02
2.107149999999999995e-02,8.437000000000000055e-02
2.108600000000000058e-02,7.811800000000000688e-02
2.110050000000000120e-02,7.499200000000000310e-02
2.111500000000000182e-02,7.342900000000000815e-02
2.112950000000000245e-02,7.499200000000000310e-02
2.114400000000000307e-02,7.811800000000000688e-02
2.115850000000000022e-02,8.280700000000000560e-02
2.117300000000000085e-02,8.749600000000000433e-02
2.118750000000000147e-02,8.905899999999999928e-02
2.120200000000000209e-02,8.905899999999999928e-02
2.121650000000000272e-02,8.905899999999999928e-02
2.123099999999999987e-02,8.749600000000000433e-02
2.124550000000000050e-02,8.280700000000000560e-02
2.126000000000000112e-02,7.655500000000001193e-02
2.127450000000000174e-02,6.717700000000001448e-02
2.128900000000000237e-02,6.561400000000000565e-02
2.130350000000000299e-02,6.405099999999999683e-02
2.131800000000000014e-02,6.561400000000000565e-02
2.133250000000000077e-02,7.342900000000000815e-02
2.134700000000000139e-02,7.968100000000000183e-02
2.136150000000000201e-02,8.593300000000000938e-02
2.137600000000000264e-02,9.374800000000001188e-02
2.139049999999999979e-02,1.031260000000000093e-01
2.140500000000000042e-02,1.078150000000000081e-01
2.141950000000000104e-02,1.093780000000000030e-01
2.143400000000000166e-02,1.156300000000000106e-01
2.144850000000000229e-02,1.203190000000000093e-01
2.146300000000000291e-02,1.218820000000000042e-01
2.147750000000000006e-02,1.234449999999999992e-01
2.149200000000000069e-02,1.250080000000000080e-01
2.150650000000000131e-02,1.234449999999999992e-01
2.152100000000000193e-02,1.234449999999999992e-01
2.153550000000000256e-02,1.203190000000000093e-01
2.154999999999999971e-02,1.140670000000000017e-01
2.156450000000000033e-02,1.140670000000000017e-01
2.157900000000000096e-02,1.078150000000000081e-01
2.159350000000000158e-02,1.046890000000000043e-01
2.160800000000000221e-02,9.218500000000000305e-02
2.162250000000000283e-02,8.749600000000000433e-02
2.163699999999999998e-02,7.811800000000000688e-02
2.165150000000000061e-02,7.655500000000001193e-02
2.166600000000000123e-02,7.186600000000001320e-02
2.168050000000000185e-02,7.186600000000001320e-02
2.169500000000000248e-02,7.499200000000000310e-02
2.170949999999999963e-02,7.811800000000000688e-02
2.172400000000000025e-02,7.968100000000000183e-02
2.173850000000000088e-02,8.593300000000000938e-02
2.175300000000000150e-02,9.062200000000000810e-02
2.176750000000000212e-02,9.218500000000000305e-02
2.178200000000000275e-02,9.374800000000001188e-02
2.179649999999999990e-02,9.218500000000000305e-02
2.181100000000000053e-02,9.062200000000000810e-02
2.182550000000000115e-02,8.280700000000000560e-02
2.184000000000000177e-02,7.968100000000000183e-02
2.185450000000000240e-02,7.342900000000000815e-02
2.186900000000000302e-02,6.717700000000001448e-02
2.188350000000000017e-02,6.874000000000000943e-02
2.189800000000000080e-02,7.499200000000000310e-02
2.191250000000000142e-02,7.968100000000000183e-02
2.192700000000000204e-02,8.280700000000000560e-02
2.194150000000000267e-02,9.218500000000000305e-02
2.195599999999999982e-02,9.687400000000000178e-02
2.197050000000000045e-02,1.015630000000000005e-01
2.198500000000000107e-02,1.093780000000000030e-01
2.199950000000000169e-02,1.156300000000000106e-01
2.201400000000000232e-02,1.187560000000000004e-01
2.202850000000000294e-02,1.218820000000000042e-01
2.204300000000000009e-02,1.234449999999999992e-01
2.205750000000000072e-02,1.250080000000000080e-01
2.207200000000000134e-02,1.250080000000000080e-01
2.208650000000000196e-02,1.218820000000000042e-01
2.210100000000000259e-02,1.218820000000000042e-01
2.211549999999999974e-02,1.156300000000000106e-01
2.213000000000000037e-02,1.156300000000000106e-01
2.214450000000000099e-02,1.125040000000000068e-01
2.215900000000000161e-02,1.046890000000000043e-01
2.217350000000000224e-02,9.687400000000000178e-02
2.218800000000000286e-02,8.749600000000000433e-02
2.220250000000000001e-02,8.124400000000001065e-02
2.221700000000000064e-02,7.811800000000000688e-02
2.223150000000000126e-02,7.186600000000001320e-02
2.224600000000000188e-02,7.186600000000001320e-02
2.226050000000000251e-02,7.186600000000001320e-02
2.227499999999999966e-02,7.655500000000001193e-02
2.228950000000000028e-02,8.124400000000001065e-02
2.230400000000000091e-02,8.593300000000000938e-02
2.231850000000000153e-02,9.062200000000000810e-02
2.233300000000000216e-02,9.374800000000001188e-02
2.234750000000000278e-02,9.531100000000000683e-02
2.236199999999999993e-02,9.531100000000000683e-02
2.237650000000000056e-02,9.531100000000000683e-02
2.239100000000000118e-02,8.905899999999999928e-02
2.240550000000000180e-02,8.280700000000000560e-02
2.242000000000000243e-02,7.811800000000000688e-02
2.243450000000000305e-02,7.499200000000000310e-02
2.244900000000000020e-02,7.030300000000000438e-02
2.246350000000000083e-02,7.030300000000000438e-02
2.247800000000000145e-02,7.186600000000001320e-02
2.249250000000000208e-02,8.124400000000001065e-02
2.250700000000000270e-02,8.593300000000000938e-02
2.252149999999999985e-02,9.374800000000001188e-02
2.253600000000000048e-02,9.687400000000000178e-02
2.255050000000000110e-02,1.031260000000000093e-01
2.256500000000000172e-02,1.062519999999999992e-01
2.257950000000000235e-02,1.140670000000000017e-01
2.259400000000000297e-02,1.156300000000000106e-01
2.260850000000000012e-02,1.171930000000000055e-01
2.262300000000000075e-02,1.171930000000000055e-01
2.263750000000000137e-02,1.171930000000000055e-01
2.265200000000000199e-02,1.140670000000000017e-01
2.266650000000000262e-02,1.125040000000000068e-01
2.268099999999999977e-02,1.062519999999999992e-01
2.269550000000000040e-02,1.046890000000000043e-01
2.271000000000000102e-02,1.015630000000000005e-01
2.272450000000000164e-02,9.531100000000000683e-02
2.273900000000000227e-02,9.062200000000000810e-02
2.275350000000000289e-02,8.593300000000000938e-02
2.276800000000000004e-02,7.342900000000000815e-02
2.278250000000000067e-02,6.874000000000000943e-02
2.279700000000000129e-02,6.717700000000001448e-02
2.281150000000000191e-02,6.717700000000001448e-02
2.282600000000000254e-02,7.030300000000000438e-02
2.284049999999999969e-02,7.186600000000001320e-02
2.285500000000000032e-02,7.655500000000001193e-02
2.286950000000000094e-02,7.968100000000000183e-02
2.288400000000000156e-02,8.593300000000000938e-02
2.289850000000000219e-02,9.218500000000000305e-02
2.291300000000000281e-02,9.531100000000000683e-02
2.292749999999999996e-02,9.687400000000000178e-02
2.294200000000000059e-02,9.687400000000000178e-02
2.295650000000000121e-02,9.687400000000000178e-02
2.297100000000000183e-02,9.218500000000000305e-02
2.298550000000000246e-02,8.437000000000000055e-02
2.299999999999999961e-02,7.811800000000000688e-02
2.301450000000000023e-02,7.030300000000000438e-02
2.302900000000000086e-02,6.874000000000000943e-02
2.304350000000000148e-02,7.030300000000000438e-02
2.305800000000000211e-02,7.342900000000000815e-02
2.307250000000000273e-02,7.499200000000000310e-02
2.308699999999999988e-02,8.280700000000000560e-02
2.310150000000000051e-02,8.749600000000000433e-02
2.311600000000000113e-02,9.218500000000000305e-02
2.313050000000000175e-02,9.531100000000000683e-02
2.314500000000000238e-02,1.015630000000000005e-01
2.315950000000000300e-02,1.031260000000000093e-01
2.317400000000000015e-02,1.062519999999999992e-01
2.318850000000000078e-02,1.078150000000000081e-01
2.320300000000000140e-02,1.046890000000000043e-01
2.321750000000000203e-02,1.031260000000000093e-01
2.323200000000000265e-02,1.000000000000000056e-01
2.324649999999999980e-02,9.687400000000000178e-02
2.326100000000000043e-02,9.062200000000000810e-02
2.327550000000000105e-02,8.593300000000000938e-02
2.329000000000000167e-02,8.124400000000001065e-02
2.330450000000000230e-02,7.968100000000000183e-02
2.331900000000000292e-02,7.030300000000000438e-02
2.333350000000000007e-02,6.405099999999999683e-02
2.334800000000000070e-02,6.092500000000000693e-02
2.336250000000000132e-02,6.248800000000000882e-02
2.337700000000000194e-02,6.248800000000000882e-02
2.339150000000000257e-02,6.561400000000000565e-02
2.340599999999999972e-02,7.342900000000000815e-02
2.342050000000000035e-02,7.655500000000001193e-02
2.343500000000000097e-02,8.593300000000000938e-02
2.344950000000000159e-02,9.218500000000000305e-02
2.346400000000000222e-02,9.687400000000000178e-02
2.347850000000000284e-02,1.000000000000000056e-01
2.349299999999999999e-02,1.015630000000000005e-01
2.350750000000000062e-02,1.078150000000000081e-01
2.352200000000000124e-02,1.062519999999999992e-01
2.353650000000000186e-02,1.046890000000000043e-01
2.355100000000000249e-02,9.687400000000000178e-02
2.356549999999999964e-02,9.218500000000000305e-02
2.358000000000000027e-02,8.124400000000001065e-02
2.359450000000000089e-02,7.655500000000001193e-02
2.360900000000000151e-02,7.342900000000000815e-02
2.362350000000000214e-02,7.342900000000000815e-02
2.363800000000000276e-02,7.655500000000001193e-02
2.365249999999999991e-02,8.124400000000001065e-02
2.366700000000000054e-02,8.280700000000000560e-02
2.368150000000000116e-02,8.905899999999999928e-02
2.369600000000000178e-02,9.062200000000000810e-02
2.371050000000000241e-02,9.374800000000001188e-02
2.372500000000000303e-02,9.843700000000001060e-02
2.373950000000000018e-02,9.843700000000001060e-02
2.375400000000000081e-02,1.000000000000000056e-01
2.376850000000000143e-02,9.687400000000000178e-02
2.378300000000000206e-02,9.218500000000000305e-02
2.379750000000000268e-02,8.905899999999999928e-02
2.381199999999999983e-02,8.280700000000000560e-02
2.382650000000000046e-02,8.124400000000001065e-02
2.384100000000000108e-02,7.342900000000000815e-02
2.385550000000000170e-02,7.030300000000000438e-02
2.387000000000000233e-02,6.405099999999999683e-02
2.388450000000000295e-02,5.936200000000000504e-02
2.389900000000000010e-02,5.467300000000000632e-02
2.391350000000000073e-02,5.467300000000000632e-02
2.392800000000000135e-02,5.623600000000000820e-02
2.394250000000000198e-02,5.936200000000000504e-02
2.395700000000000260e-02,6.874000000000000943e-02
2.397149999999999975e-02,7.030300000000000438e-02
2.398600000000000038e-02,8.124400000000001065e-02
2.400050000000000100e-02,8.749600000000000433e-02
2.401500000000000162e-02,9.218500000000000305e-02
2.402950000000000225e-02,9.687400000000000178e-02
2.404400000000000287e-02,1.031260000000000093e-01
2.405850000000000002e-02,1.062519999999999992e-01
2.407300000000000065e-02,1.125040000000000068e-01
2.408750000000000127e-02,1.125040000000000068e-01
2.410200000000000189e-02,1.140670000000000017e-01
2.411650000000000252e-02,1.109410000000000118e-01
2.413099999999999967e-02,1.015630000000000005e-01
2.414550000000000030e-02,9.843700000000001060e-02
2.416000000000000092e-02,9.062200000000000810e-02
2.417450000000000154e-02,8.437000000000000055e-02
2.418900000000000217e-02,7.811800000000000688e-02
2.420350000000000279e-02,7.655500000000001193e-02
2.421799999999999994e-02,7.655500000000001193e-02
2.423250000000000057e-02,7.968100000000000183e-02
2.424700000000000119e-02,7.968100000000000183e-02
2.426150000000000181e-02,8.124400000000001065e-02
2.427600000000000244e-02,8.280700000000000560e-02
2.429050000000000306e-02,8.437000000000000055e-02
2.430500000000000022e-02,8.437000000000000055e-02
2.431950000000000084e-02,8.437000000000000055e-02
2.433400000000000146e-02,8.280700000000000560e-02
2.434850000000000209e-02,7.968100000000000183e-02
2.436300000000000271e-02,7.342900000000000815e-02
2.437749999999999986e-02,6.717700000000001448e-02
2.439200000000000049e-02,6.561400000000000565e-02
2.440650000000000111e-02,6.248800000000000882e-02
2.442100000000000173e-02,5.779900000000001009e-02
2.443550000000000236e-02,5.154700000000000948e-02
2.445000000000000298e-02,4.685800000000001075e-02
2.446450000000000014e-02,4.685800000000001075e-02
2.447900000000000076e-02,4.842100000000000570e-02
2.449350000000000138e-02,4.842100000000000570e-02
2.450800000000000201e-02,5.467300000000000632e-02
2.452250000000000263e-02,6.561400000000000565e-02
2.453699999999999978e-02,6.874000000000000943e-02
2.455150000000000041e-02,7.968100000000000183e-02
2.456600000000000103e-02,8.749600000000000433e-02
2.458050000000000165e-02,9.062200000000000810e-02
2.459500000000000228e-02,9.687400000000000178e-02
2.460950000000000290e-02,1.000000000000000056e-01
2.462400000000000005e-02,1.062519999999999992e-01
2.463850000000000068e-02,1.109410000000000118e-01
2.465300000000000130e-02,1.140670000000000017e-01
2.466750000000000193e-02,1.140670000000000017e-01
2.468200000000000255e-02,1.156300000000000106e-01
2.469649999999999970e-02,1.125040000000000068e-01
2.471100000000000033e-02,1.078150000000000081e-01
2.472550000000000095e-02,1.031260000000000093e-01
2.474000000000000157e-02,8.749600000000000433e-02
2.475450000000000220e-02,8.280700000000000560e-02
2.476900000000000282e-02,7.811800000000000688e-02
2.478349999999999997e-02,7.811800000000000688e-02
2.479800000000000060e-02,7.655500000000001193e-02
2.481250000000000122e-02,7.811800000000000688e-02
2.482700000000000184e-02,7.811800000000000688e-02
2.484150000000000247e-02,7.968100000000000183e-02
2.485600000000000309e-02,7.811800000000000688e-02
2.487050000000000025e-02,7.968100000000000183e-02
2.488500000000000087e-02,7.968100000000000183e-02
2.489950000000000149e-02,7.811800000000000688e-02
2.491400000000000212e-02,7.655500000000001193e-02
2.492850000000000274e-02,7.030300000000000438e-02
2.494299999999999989e-02,6.561400000000000565e-02
2.495750000000000052e-02,6.248800000000000882e-02
2.497200000000000114e-02,5.779900000000001009e-02
2.498650000000000176e-02,5.311000000000000443e-02
2.500100000000000239e-02,4.842100000000000570e-02
2.501550000000000301e-02,4.685800000000001075e-02
2.503000000000000017e-02,4.529500000000000887e-02
2.504450000000000079e-02,4.529500000000000887e-02
2.505900000000000141e-02,4.842100000000000570e-02
2.507350000000000204e-02,5.154700000000000948e-02
2.508800000000000266e-02,5.779900000000001009e-02
2.510249999999999981e-02,7.030300000000000438e-02
2.511700000000000044e-02,7.655500000000001193e-02
2.513150000000000106e-02,8.593300000000000938e-02
2.514600000000000168e-02,8.905899999999999928e-02
2.516050000000000231e-02,9.687400000000000178e-02
2.517500000000000293e-02,1.015630000000000005e-01
2.518950000000000009e-02,1.031260000000000093e-01
2.520400000000000071e-02,1.093780000000000030e-01
2.521850000000000133e-02,1.125040000000000068e-01
2.523300000000000196e-02,1.156300000000000106e-01
2.524750000000000258e-02,1.187560000000000004e-01
2.526199999999999973e-02,1.156300000000000106e-01
2.527650000000000036e-02,1.125040000000000068e-01
2.529100000000000098e-02,1.015630000000000005e-01
2.530550000000000160e-02,9.843700000000001060e-02
2.532000000000000223e-02,9.062200000000000810e-02
2.533450000000000285e-02,8.124400000000001065e-02
2.534900000000000000e-02,7.811800000000000688e-02
2.536350000000000063e-02,7.811800000000000688e-02
2.537800000000000125e-02,7.499200000000000310e-02
2.539250000000000188e-02,7.499200000000000310e-02
2.540700000000000250e-02,7.499200000000000310e-02
2.542149999999999965e-02,7.655500000000001193e-02
2.543600000000000028e-02,7.655500000000001193e-02
2.545050000000000090e-02,7.499200000000000310e-02
2.546500000000000152e-02,7.655500000000001193e-02
2.547950000000000215e-02,7.342900000000000815e-02
2.549400000000000277e-02,6.717700000000001448e-02
2.550849999999999992e-02,6.405099999999999683e-02
2.552300000000000055e-02,6.092500000000000693e-02
2.553750000000000117e-02,5.623600000000000820e-02
2.555200000000000179e-02,4.998400000000000759e-02
2.556650000000000242e-02,4.842100000000000570e-02
2.558100000000000304e-02,4.373200000000000698e-02
2.559550000000000020e-02,4.373200000000000698e-02
2.561000000000000082e-02,4.373200000000000698e-02
2.562450000000000144e-02,4.685800000000001075e-02
2.563900000000000207e-02,5.154700000000000948e-02
2.565350000000000269e-02,6.092500000000000693e-02
2.566799999999999984e-02,6.874000000000000943e-02
2.568250000000000047e-02,7.655500000000001193e-02
2.569700000000000109e-02,8.280700000000000560e-02
2.571150000000000171e-02,8.749600000000000433e-02
2.572600000000000234e-02,9.374800000000001188e-02
2.574050000000000296e-02,9.687400000000000178e-02
2.575500000000000012e-02,1.031260000000000093e-01
2.576950000000000074e-02,1.046890000000000043e-01
2.578400000000000136e-02,1.093780000000000030e-01
2.579850000000000199e-02,1.140670000000000017e-01
2.581300000000000261e-02,1.156300000000000106e-01
2.582749999999999976e-02,1.171930000000000055e-01
2.584200000000000039e-02,1.156300000000000106e-01
2.585650000000000101e-02,1.140670000000000017e-01
2.587100000000000163e-02,1.062519999999999992e-01
2.588550000000000226e-02,9.374800000000001188e-02
2.590000000000000288e-02,8.749600000000000433e-02
2.591450000000000004e-02,7.968100000000000183e-02
2.592900000000000066e-02,7.811800000000000688e-02
2.594350000000000128e-02,7.499200000000000310e-02
2.595800000000000191e-02,7.342900000000000815e-02
2.597250000000000253e-02,7.186600000000001320e-02
2.598699999999999968e-02,7.030300000000000438e-02
2.600150000000000031e-02,7.030300000000000438e-02
2.601600000000000093e-02,6.874000000000000943e-02
2.603050000000000155e-02,6.717700000000001448e-02
2.604500000000000218e-02,6.248800000000000882e-02
2.605950000000000280e-02,5.936200000000000504e-02
2.607399999999999995e-02,5.623600000000000820e-02
2.608850000000000058e-02,5.154700000000000948e-02
2.610300000000000120e-02,4.685800000000001075e-02
2.611750000000000183e-02,4.373200000000000698e-02
2.613200000000000245e-02,4.216900000000000509e-02
2.614650000000000307e-02,3.904300000000000825e-02
2.616100000000000023e-02,3.748000000000001330e-02
2.617550000000000085e-02,3.748000000000001330e-02
2.619000000000000147e-02,4.216900000000000509e-02
2.620450000000000210e-02,4.529500000000000887e-02
2.621900000000000272e-02,4.998400000000000759e-02
2.623349999999999987e-02,6.405099999999999683e-02
2.624800000000000050e-02,6.717700000000001448e-02
2.626250000000000112e-02,7.811800000000000688e-02
2.627700000000000174e-02,8.437000000000000055e-02
2.629150000000000237e-02,9.218500000000000305e-02
2.630600000000000299e-02,9.374800000000001188e-02
2.632050000000000015e-02,1.000000000000000056e-01
2.633500000000000077e-02,1.046890000000000043e-01
2.634950000000000139e-02,1.078150000000000081e-01
2.636400000000000202e-02,1.140670000000000017e-01
2.637850000000000264e-02,1.156300000000000106e-01
2.639299999999999979e-02,1.171930000000000055e-01
2.640750000000000042e-02,1.156300000000000106e-01
2.642200000000000104e-02,1.125040000000000068e-01
2.643650000000000166e-02,1.062519999999999992e-01
2.645100000000000229e-02,9.218500000000000305e-02
2.646550000000000291e-02,9.062200000000000810e-02
2.648000000000000007e-02,8.280700000000000560e-02
2.649450000000000069e-02,7.655500000000001193e-02
2.650900000000000131e-02,7.499200000000000310e-02
2.652350000000000194e-02,7.342900000000000815e-02
2.653800000000000256e-02,7.342900000000000815e-02
2.655249999999999971e-02,7.030300000000000438e-02
2.656700000000000034e-02,6.874000000000000943e-02
2.658150000000000096e-02,6.874000000000000943e-02
2.659600000000000158e-02,6.717700000000001448e-02
2.661050000000000221e-02,6.717700000000001448e-02
2.662500000000000283e-02,6.248800000000000882e-02
2.663949999999999999e-02,5.623600000000000820e-02
2.665400000000000061e-02,5.467300000000000632e-02
2.666850000000000123e-02,4.842100000000000570e-02
2.668300000000000186e-02,4.685800000000001075e-02
2.669750000000000248e-02,4.529500000000000887e-02
2.671199999999999963e-02,4.060600000000001014e-02
2.672650000000000026e-02,3.904300000000000825e-02
2.674100000000000088e-02,4.060600000000001014e-02
2.675550000000000150e-02,4.216900000000000509e-02
2.677000000000000213e-02,4.842100000000000570e-02
2.678450000000000275e-02,5.311000000000000443e-02
2.679899999999999990e-02,6.248800000000000882e-02
2.681350000000000053e-02,7.030300000000000438e-02
2.682800000000000115e-02,7.342900000000000815e-02
2.684250000000000178e-02,8.437000000000000055e-02
2.685700000000000240e-02,8.749600000000000433e-02
2.687150000000000302e-02,9.374800000000001188e-02
2.688600000000000018e-02,9.531100000000000683e-02
2.690050000000000080e-02,1.000000000000000056e-01
2.691500000000000142e-02,1.031260000000000093e-01
2.692950000000000205e-02,1.046890000000000043e-01
2.694400000000000267e-02,1.093780000000000030e-01
2.695849999999999982e-02,1.156300000000000106e-01
2.697300000000000045e-02,1.171930000000000055e-01
2.698750000000000107e-02,1.171930000000000055e-01
2.700200000000000169e-02,1.156300000000000106e-01
2.701650000000000232e-02,1.062519999999999992e-01
2.703100000000000294e-02,1.000000000000000056e-01
2.704550000000000010e-02,9.218500000000000305e-02
2.706000000000000072e-02,8.124400000000001065e-02
2.707450000000000134e-02,7.655500000000001193e-02
2.708900000000000197e-02,7.030300000000000438e-02
2.710350000000000259e-02,6.717700000000001448e-02
2.711799999999999974e-02,6.561400000000000565e-02
2.713250000000000037e-02,6.248800000000000882e-02
2.714700000000000099e-02,6.092500000000000693e-02
2.716150000000000161e-02,5.467300000000000632e-02
2.717600000000000224e-02,5.311000000000000443e-02
2.719050000000000286e-02,5.154700000000000948e-02
2.720500000000000002e-02,4.685800000000001075e-02
2.721950000000000064e-02,4.529500000000000887e-02
2.723400000000000126e-02,4.216900000000000509e-02
2.724850000000000189e-02,4.060600000000001014e-02
2.726300000000000251e-02,3.904300000000000825e-02
2.727749999999999966e-02,3.904300000000000825e-02
2.729200000000000029e-02,3.904300000000000825e-02
2.730650000000000091e-02,4.373200000000000698e-02
2.732100000000000153e-02,4.685800000000001075e-02
2.733550000000000216e-02,5.467300000000000632e-02
2.735000000000000278e-02,6.561400000000000565e-02
2.736449999999999994e-02,6.874000000000000943e-02
2.737900000000000056e-02,8.124400000000001065e-02
2.739350000000000118e-02,8.437000000000000055e-02
2.740800000000000181e-02,8.905899999999999928e-02
2.742250000000000243e-02,9.062200000000000810e-02
2.743700000000000305e-02,9.062200000000000810e-02
2.745150000000000021e-02,9.218500000000000305e-02
2.746600000000000083e-02,9.374800000000001188e-02
2.748050000000000145e-02,9.374800000000001188e-02
2.749500000000000208e-02,9.531100000000000683e-02
2.750950000000000270e-02,1.000000000000000056e-01
2.752399999999999985e-02,1.046890000000000043e-01
2.753850000000000048e-02,1.078150000000000081e-01
2.755300000000000110e-02,1.093780000000000030e-01
2.756750000000000173e-02,1.109410000000000118e-01
2.758200000000000235e-02,1.109410000000000118e-01
2.759650000000000297e-02,1.046890000000000043e-01
2.761100000000000013e-02,9.843700000000001060e-02
2.762550000000000075e-02,8.905899999999999928e-02
2.764000000000000137e-02,8.124400000000001065e-02
2.765450000000000200e-02,7.499200000000000310e-02
2.766900000000000262e-02,7.186600000000001320e-02
2.768349999999999977e-02,6.405099999999999683e-02
2.769800000000000040e-02,6.248800000000000882e-02
2.771250000000000102e-02,5.936200000000000504e-02
2.772700000000000164e-02,5.623600000000000820e-02
2.774150000000000227e-02,5.154700000000000948e-02
2.775600000000000289e-02,4.685800000000001075e-02
2.777050000000000005e-02,4.685800000000001075e-02
2.778500000000000067e-02,4.216900000000000509e-02
2.779950000000000129e-02,4.216900000000000509e-02
2.781400000000000192e-02,3.748000000000001330e-02
2.782850000000000254e-02,3.904300000000000825e-02
2.784299999999999969e-02,3.748000000000001330e-02
2.785750000000000032e-02,3.748000000000001330e-02
2.787200000000000094e-02,3.904300000000000825e-02
2.788650000000000156e-02,4.216900000000000509e-02
2.790100000000000219e-02,4.685800000000001075e-02
2.791550000000000281e-02,5.467300000000000632e-02
2.792999999999999997e-02,6.092500000000000693e-02
2.794450000000000059e-02,7.186600000000001320e-02
2.795900000000000121e-02,7.655500000000001193e-02
2.797350000000000184e-02,8.593300000000000938e-02
2.798800000000000246e-02,8.905899999999999928e-02
2.800250000000000308e-02,9.062200000000000810e-02
2.801700000000000024e-02,9.374800000000001188e-02
2.803150000000000086e-02,9.374800000000001188e-02
2.804600000000000148e-02,9.531100000000000683e-02
2.806050000000000211e-02,9.687400000000000178e-02
2.807500000000000273e-02,1.000000000000000056e-01
2.808949999999999989e-02,1.046890000000000043e-01
2.810400000000000051e-02,1.078150000000000081e-01
2.811850000000000113e-02,1.125040000000000068e-01
2.813300000000000176e-02,1.125040000000000068e-01
2.814750000000000238e-02,1.093780000000000030e-01
2.816200000000000300e-02,1.031260000000000093e-01
2.817650000000000016e-02,9.687400000000000178e-02
2.819100000000000078e-02,8.905899999999999928e-02
2.820550000000000140e-02,8.280700000000000560e-02
2.822000000000000203e-02,7.811800000000000688e-02
2.823450000000000265e-02,7.030300000000000438e-02
2.824899999999999980e-02,6.717700000000001448e-02
2.826350000000000043e-02,6.405099999999999683e-02
2.827800000000000105e-02,5.936200000000000504e-02
2.829250000000000168e-02,5.467300000000000632e-02
2.830700000000000230e-02,5.467300000000000632e-02
2.832150000000000292e-02,5.154700000000000948e-02
2.833600000000000008e-02,4.685800000000001075e-02
2.835050000000000070e-02,4.373200000000000698e-02
2.836500000000000132e-02,4.216900000000000509e-02
2.837950000000000195e-02,4.060600000000001014e-02
2.839400000000000257e-02,4.060600000000001014e-02
2.840849999999999972e-02,3.904300000000000825e-02
2.842300000000000035e-02,4.060600000000001014e-02
2.843750000000000097e-02,4.060600000000001014e-02
2.845200000000000159e-02,4.529500000000000887e-02
2.846650000000000222e-02,4.842100000000000570e-02
2.848100000000000284e-02,5.779900000000001009e-02
2.849550000000000000e-02,6.561400000000000565e-02
2.851000000000000062e-02,7.186600000000001320e-02
2.852450000000000124e-02,8.280700000000000560e-02
2.853900000000000187e-02,8.593300000000000938e-02
2.855350000000000249e-02,8.905899999999999928e-02
2.856800000000000311e-02,8.905899999999999928e-02
2.858250000000000027e-02,8.749600000000000433e-02
2.859700000000000089e-02,8.749600000000000433e-02
2.861150000000000151e-02,8.749600000000000433e-02
2.862600000000000214e-02,9.062200000000000810e-02
2.864050000000000276e-02,9.374800000000001188e-02
2.865499999999999992e-02,8.905899999999999928e-02
2.866950000000000054e-02,8.437000000000000055e-02
2.868400000000000116e-02,8.749600000000000433e-02
2.869850000000000179e-02,8.905899999999999928e-02
2.871300000000000241e-02,9.062200000000000810e-02
2.872750000000000303e-02,8.905899999999999928e-02
2.874200000000000019e-02,9.531100000000000683e-02
2.875650000000000081e-02,9.687400000000000178e-02
2.877100000000000143e-02,1.015630000000000005e-01
2.878550000000000206e-02,9.843700000000001060e-02
