ELECTRODE=TUNGSTEN, TIME=50, POLING_VOLTAGE=4500, WAVELENGTH=1.55e-06, EFFECTIVE_DISTANCE=4.11e-05, POLED_LENGTH=0.3, CORE_INDEX=1.45, POLE=MAX, AC_VOLTAGE=1075, AC_FREQUENCY=5250, PIEZO_FREQUENCY=105.0
Time(s),Voltage(V)
0.000000000000000000e+00,9.500000000000000111e-02
4.799999999999999783e-06,9.375000000000000000e-02
9.599999999999999566e-06,9.124999999999999778e-02
1.439999999999999935e-05,9.062499999999999722e-02
1.919999999999999913e-05,8.874999999999999556e-02
2.400000000000000061e-05,8.625000000000000722e-02
2.879999999999999870e-05,8.437500000000000555e-02
3.359999999999999679e-05,8.125000000000000278e-02
3.839999999999999826e-05,7.875000000000000056e-02
4.319999999999999974e-05,7.687499999999999889e-02
4.800000000000000122e-05,7.499999999999999722e-02
5.279999999999999592e-05,7.437499999999999667e-02
5.759999999999999739e-05,7.437499999999999667e-02
6.239999999999999887e-05,7.499999999999999722e-02
6.719999999999999357e-05,7.812500000000000000e-02
7.200000000000000182e-05,7.937500000000000111e-02
7.679999999999999652e-05,8.187500000000000333e-02
8.159999999999999123e-05,8.062500000000000222e-02
8.639999999999999948e-05,7.875000000000000056e-02
9.119999999999999418e-05,7.812500000000000000e-02
9.600000000000000243e-05,7.499999999999999722e-02
1.007999999999999971e-04,7.374999999999999611e-02
1.055999999999999918e-04,7.312499999999999556e-02
1.104000000000000001e-04,7.250000000000000888e-02
1.151999999999999948e-04,7.374999999999999611e-02
1.199999999999999895e-04,7.562499999999999778e-02
1.247999999999999977e-04,7.875000000000000056e-02
1.296000000000000060e-04,8.062500000000000222e-02
1.343999999999999871e-04,8.375000000000000500e-02
1.391999999999999954e-04,8.562500000000000666e-02
1.440000000000000036e-04,8.687500000000000777e-02
1.487999999999999848e-04,8.874999999999999556e-02
1.535999999999999930e-04,9.187499999999999833e-02
1.584000000000000013e-04,9.312499999999999944e-02
1.631999999999999825e-04,9.562500000000000167e-02
1.679999999999999907e-04,9.812500000000000389e-02
1.727999999999999990e-04,9.937500000000000500e-02
1.775999999999999801e-04,9.937500000000000500e-02
1.823999999999999884e-04,9.750000000000000333e-02
1.871999999999999966e-04,9.562500000000000167e-02
1.920000000000000049e-04,9.249999999999999889e-02
1.967999999999999860e-04,8.999999999999999667e-02
2.015999999999999943e-04,8.749999999999999445e-02
2.064000000000000025e-04,8.562500000000000666e-02
2.111999999999999837e-04,8.250000000000000389e-02
2.159999999999999919e-04,8.125000000000000278e-02
2.208000000000000002e-04,8.000000000000000167e-02
2.255999999999999813e-04,8.000000000000000167e-02
2.303999999999999896e-04,7.875000000000000056e-02
2.351999999999999978e-04,7.937500000000000111e-02
2.399999999999999790e-04,7.812500000000000000e-02
2.447999999999999872e-04,7.812500000000000000e-02
2.495999999999999955e-04,7.812500000000000000e-02
2.544000000000000037e-04,7.875000000000000056e-02
2.592000000000000120e-04,8.000000000000000167e-02
2.639999999999999660e-04,8.125000000000000278e-02
2.687999999999999743e-04,8.312500000000000444e-02
2.735999999999999825e-04,8.437500000000000555e-02
2.783999999999999908e-04,8.500000000000000611e-02
2.831999999999999990e-04,8.625000000000000722e-02
2.880000000000000073e-04,8.812500000000000888e-02
2.927999999999999613e-04,9.062499999999999722e-02
2.975999999999999696e-04,9.249999999999999889e-02
3.023999999999999778e-04,9.312499999999999944e-02
3.071999999999999861e-04,9.312499999999999944e-02
3.119999999999999944e-04,9.249999999999999889e-02
3.168000000000000026e-04,9.187499999999999833e-02
3.216000000000000109e-04,9.187499999999999833e-02
3.263999999999999649e-04,9.312499999999999944e-02
3.311999999999999732e-04,9.437500000000000056e-02
3.359999999999999814e-04,9.562500000000000167e-02
3.407999999999999897e-04,9.750000000000000333e-02
3.455999999999999979e-04,9.687500000000000278e-02
3.504000000000000062e-04,9.687500000000000278e-02
3.551999999999999602e-04,9.562500000000000167e-02
3.599999999999999685e-04,9.312499999999999944e-02
3.647999999999999767e-04,9.249999999999999889e-02
3.695999999999999850e-04,8.937499999999999611e-02
3.743999999999999932e-04,8.625000000000000722e-02
3.792000000000000015e-04,8.562500000000000666e-02
3.840000000000000097e-04,8.125000000000000278e-02
3.887999999999999638e-04,7.937500000000000111e-02
3.935999999999999720e-04,7.749999999999999944e-02
3.983999999999999803e-04,7.562499999999999778e-02
4.031999999999999885e-04,7.499999999999999722e-02
4.079999999999999968e-04,7.250000000000000888e-02
4.128000000000000050e-04,6.937500000000000611e-02
4.175999999999999591e-04,6.875000000000000555e-02
4.223999999999999673e-04,6.625000000000000333e-02
4.271999999999999756e-04,6.625000000000000333e-02
4.319999999999999838e-04,6.500000000000000222e-02
4.367999999999999921e-04,6.500000000000000222e-02
4.416000000000000003e-04,6.562500000000000278e-02
4.463999999999999544e-04,6.625000000000000333e-02
4.511999999999999626e-04,6.750000000000000444e-02
4.559999999999999709e-04,6.875000000000000555e-02
4.607999999999999791e-04,7.062500000000000722e-02
4.655999999999999874e-04,7.437499999999999667e-02
4.703999999999999957e-04,7.624999999999999833e-02
4.752000000000000039e-04,7.937500000000000111e-02
4.799999999999999580e-04,8.062500000000000222e-02
4.847999999999999662e-04,8.187500000000000333e-02
4.895999999999999745e-04,8.312500000000000444e-02
4.943999999999999827e-04,8.437500000000000555e-02
4.991999999999999910e-04,8.562500000000000666e-02
5.039999999999999992e-04,8.625000000000000722e-02
5.088000000000000075e-04,8.749999999999999445e-02
5.136000000000000157e-04,8.937499999999999611e-02
5.184000000000000240e-04,9.124999999999999778e-02
5.231999999999999238e-04,9.249999999999999889e-02
5.279999999999999321e-04,9.500000000000000111e-02
5.327999999999999403e-04,9.625000000000000222e-02
5.375999999999999486e-04,9.812500000000000389e-02
5.423999999999999568e-04,9.875000000000000444e-02
5.471999999999999651e-04,9.812500000000000389e-02
5.519999999999999733e-04,9.750000000000000333e-02
5.567999999999999816e-04,9.562500000000000167e-02
5.615999999999999898e-04,9.249999999999999889e-02
5.663999999999999981e-04,9.062499999999999722e-02
5.712000000000000063e-04,8.874999999999999556e-02
5.760000000000000146e-04,8.562500000000000666e-02
5.808000000000000228e-04,8.250000000000000389e-02
5.855999999999999227e-04,8.062500000000000222e-02
5.903999999999999309e-04,7.875000000000000056e-02
5.951999999999999392e-04,7.624999999999999833e-02
5.999999999999999474e-04,7.312499999999999556e-02
6.047999999999999557e-04,7.187499999999999445e-02
6.095999999999999639e-04,7.000000000000000666e-02
6.143999999999999722e-04,6.875000000000000555e-02
6.191999999999999805e-04,6.687500000000000389e-02
6.239999999999999887e-04,6.625000000000000333e-02
6.287999999999999970e-04,6.625000000000000333e-02
6.336000000000000052e-04,6.687500000000000389e-02
6.384000000000000135e-04,6.875000000000000555e-02
6.432000000000000217e-04,7.062500000000000722e-02
6.479999999999999215e-04,7.374999999999999611e-02
6.527999999999999298e-04,7.437499999999999667e-02
6.575999999999999381e-04,7.875000000000000056e-02
6.623999999999999463e-04,8.000000000000000167e-02
6.671999999999999546e-04,8.250000000000000389e-02
6.719999999999999628e-04,8.375000000000000500e-02
6.767999999999999711e-04,8.375000000000000500e-02
6.815999999999999793e-04,8.437500000000000555e-02
6.863999999999999876e-04,8.437500000000000555e-02
6.911999999999999958e-04,8.437500000000000555e-02
6.960000000000000041e-04,8.437500000000000555e-02
7.008000000000000123e-04,8.500000000000000611e-02
7.056000000000000206e-04,8.500000000000000611e-02
7.103999999999999204e-04,8.625000000000000722e-02
7.151999999999999287e-04,8.687500000000000777e-02
7.199999999999999369e-04,8.937499999999999611e-02
7.247999999999999452e-04,9.249999999999999889e-02
7.295999999999999534e-04,9.375000000000000000e-02
7.343999999999999617e-04,9.562500000000000167e-02
7.391999999999999699e-04,9.625000000000000222e-02
7.439999999999999782e-04,9.750000000000000333e-02
7.487999999999999864e-04,9.687500000000000278e-02
7.535999999999999947e-04,9.625000000000000222e-02
7.584000000000000030e-04,9.375000000000000000e-02
7.632000000000000112e-04,9.124999999999999778e-02
7.680000000000000195e-04,8.874999999999999556e-02
7.727999999999999193e-04,8.625000000000000722e-02
7.775999999999999275e-04,8.312500000000000444e-02
7.823999999999999358e-04,8.062500000000000222e-02
7.871999999999999440e-04,7.875000000000000056e-02
7.919999999999999523e-04,7.624999999999999833e-02
7.967999999999999606e-04,7.374999999999999611e-02
8.015999999999999688e-04,7.250000000000000888e-02
8.063999999999999771e-04,7.125000000000000777e-02
8.111999999999999853e-04,7.062500000000000722e-02
8.159999999999999936e-04,7.000000000000000666e-02
8.208000000000000018e-04,7.000000000000000666e-02
8.256000000000000101e-04,7.187499999999999445e-02
8.303999999999999099e-04,7.312499999999999556e-02
8.351999999999999182e-04,7.499999999999999722e-02
8.399999999999999264e-04,7.749999999999999944e-02
8.447999999999999347e-04,8.062500000000000222e-02
8.495999999999999429e-04,8.312500000000000444e-02
8.543999999999999512e-04,8.437500000000000555e-02
8.591999999999999594e-04,8.562500000000000666e-02
8.639999999999999677e-04,8.625000000000000722e-02
8.687999999999999759e-04,8.562500000000000666e-02
8.735999999999999842e-04,8.562500000000000666e-02
8.783999999999999924e-04,8.437500000000000555e-02
8.832000000000000007e-04,8.375000000000000500e-02
8.880000000000000089e-04,8.312500000000000444e-02
8.927999999999999088e-04,8.312500000000000444e-02
8.975999999999999170e-04,8.312500000000000444e-02
9.023999999999999253e-04,8.375000000000000500e-02
9.071999999999999335e-04,8.625000000000000722e-02
9.119999999999999418e-04,8.812500000000000888e-02
9.167999999999999500e-04,8.999999999999999667e-02
9.215999999999999583e-04,9.187499999999999833e-02
9.263999999999999665e-04,9.437500000000000056e-02
9.311999999999999748e-04,9.500000000000000111e-02
9.359999999999999831e-04,9.500000000000000111e-02
9.407999999999999913e-04,9.375000000000000000e-02
9.455999999999999996e-04,9.249999999999999889e-02
9.504000000000000078e-04,8.999999999999999667e-02
9.551999999999999076e-04,8.749999999999999445e-02
9.599999999999999159e-04,8.500000000000000611e-02
9.647999999999999242e-04,8.312500000000000444e-02
9.695999999999999324e-04,8.062500000000000222e-02
9.743999999999999407e-04,7.937500000000000111e-02
9.791999999999999489e-04,7.687499999999999889e-02
9.839999999999998487e-04,7.437499999999999667e-02
9.887999999999999654e-04,7.312499999999999556e-02
9.935999999999998653e-04,7.125000000000000777e-02
9.983999999999999819e-04,7.062500000000000722e-02
1.003199999999999882e-03,7.062500000000000722e-02
1.007999999999999998e-03,7.062500000000000722e-02
1.012799999999999898e-03,7.125000000000000777e-02
1.017600000000000015e-03,7.250000000000000888e-02
1.022399999999999915e-03,7.437499999999999667e-02
1.027200000000000031e-03,7.812500000000000000e-02
1.031999999999999931e-03,8.125000000000000278e-02
1.036800000000000048e-03,8.375000000000000500e-02
1.041599999999999948e-03,8.500000000000000611e-02
1.046399999999999848e-03,8.625000000000000722e-02
1.051199999999999964e-03,8.687500000000000777e-02
1.055999999999999864e-03,8.749999999999999445e-02
1.060799999999999981e-03,8.749999999999999445e-02
1.065599999999999881e-03,8.687500000000000777e-02
1.070399999999999997e-03,8.687500000000000777e-02
1.075199999999999897e-03,8.625000000000000722e-02
1.080000000000000014e-03,8.562500000000000666e-02
1.084799999999999914e-03,8.562500000000000666e-02
1.089600000000000030e-03,8.625000000000000722e-02
1.094399999999999930e-03,8.687500000000000777e-02
1.099200000000000047e-03,8.812500000000000888e-02
1.103999999999999947e-03,9.062499999999999722e-02
1.108799999999999846e-03,9.249999999999999889e-02
1.113599999999999963e-03,9.437500000000000056e-02
1.118399999999999863e-03,9.625000000000000222e-02
1.123199999999999980e-03,9.750000000000000333e-02
1.127999999999999879e-03,9.875000000000000444e-02
1.132799999999999996e-03,9.875000000000000444e-02
1.137599999999999896e-03,9.812500000000000389e-02
1.142400000000000013e-03,9.687500000000000278e-02
1.147199999999999913e-03,9.500000000000000111e-02
1.152000000000000029e-03,9.437500000000000056e-02
1.156799999999999929e-03,9.375000000000000000e-02
1.161600000000000046e-03,9.124999999999999778e-02
1.166399999999999946e-03,8.999999999999999667e-02
1.171199999999999845e-03,8.937499999999999611e-02
1.175999999999999962e-03,8.874999999999999556e-02
1.180799999999999862e-03,8.874999999999999556e-02
1.185599999999999979e-03,8.812500000000000888e-02
1.190399999999999878e-03,8.874999999999999556e-02
1.195199999999999995e-03,8.937499999999999611e-02
1.199999999999999895e-03,9.187499999999999833e-02
1.204800000000000012e-03,9.312499999999999944e-02
1.209599999999999911e-03,9.625000000000000222e-02
1.214400000000000028e-03,9.875000000000000444e-02
1.219199999999999928e-03,1.000000000000000056e-01
1.224000000000000045e-03,1.018750000000000072e-01
1.228799999999999944e-03,1.031249999999999944e-01
1.233599999999999844e-03,1.025000000000000078e-01
1.238399999999999961e-03,1.018750000000000072e-01
1.243199999999999861e-03,1.006250000000000061e-01
1.247999999999999977e-03,9.812500000000000389e-02
1.252799999999999877e-03,9.750000000000000333e-02
1.257599999999999994e-03,9.562500000000000167e-02
1.262399999999999894e-03,9.187499999999999833e-02
1.267200000000000010e-03,9.062499999999999722e-02
1.271999999999999910e-03,8.812500000000000888e-02
1.276800000000000027e-03,8.749999999999999445e-02
1.281599999999999927e-03,8.625000000000000722e-02
1.286400000000000043e-03,8.625000000000000722e-02
1.291199999999999943e-03,8.687500000000000777e-02
1.295999999999999843e-03,8.937499999999999611e-02
1.300799999999999960e-03,9.062499999999999722e-02
1.305599999999999860e-03,9.437500000000000056e-02
1.310399999999999976e-03,9.500000000000000111e-02
1.315199999999999876e-03,9.750000000000000333e-02
1.319999999999999993e-03,9.875000000000000444e-02
1.324799999999999893e-03,9.875000000000000444e-02
1.329600000000000009e-03,9.875000000000000444e-02
1.334399999999999909e-03,9.812500000000000389e-02
1.339200000000000026e-03,9.687500000000000278e-02
1.343999999999999926e-03,9.500000000000000111e-02
1.348800000000000042e-03,9.437500000000000056e-02
1.353599999999999942e-03,9.312499999999999944e-02
1.358399999999999842e-03,9.249999999999999889e-02
1.363199999999999959e-03,9.124999999999999778e-02
1.367999999999999858e-03,9.124999999999999778e-02
1.372799999999999975e-03,9.187499999999999833e-02
1.377599999999999875e-03,9.375000000000000000e-02
1.382399999999999992e-03,9.375000000000000000e-02
1.387199999999999891e-03,9.625000000000000222e-02
1.392000000000000008e-03,1.000000000000000056e-01
1.396799999999999908e-03,1.006250000000000061e-01
1.401600000000000025e-03,1.037500000000000089e-01
1.406399999999999924e-03,1.050000000000000100e-01
1.411200000000000041e-03,1.062499999999999972e-01
1.415999999999999941e-03,1.068749999999999978e-01
1.420799999999999841e-03,1.062499999999999972e-01
1.425599999999999958e-03,1.056249999999999967e-01
1.430399999999999857e-03,1.031249999999999944e-01
1.435199999999999974e-03,9.937500000000000500e-02
1.439999999999999874e-03,9.812500000000000389e-02
1.444799999999999991e-03,9.437500000000000056e-02
1.449599999999999890e-03,9.249999999999999889e-02
1.454400000000000007e-03,8.937499999999999611e-02
1.459199999999999907e-03,8.749999999999999445e-02
1.464000000000000024e-03,8.437500000000000555e-02
1.468799999999999923e-03,8.250000000000000389e-02
1.473600000000000040e-03,8.187500000000000333e-02
1.478399999999999940e-03,8.125000000000000278e-02
1.483199999999999840e-03,8.125000000000000278e-02
1.487999999999999956e-03,8.250000000000000389e-02
1.492799999999999856e-03,8.562500000000000666e-02
1.497599999999999973e-03,8.874999999999999556e-02
1.502399999999999873e-03,8.999999999999999667e-02
1.507199999999999989e-03,9.249999999999999889e-02
1.511999999999999889e-03,9.500000000000000111e-02
1.516800000000000006e-03,9.562500000000000167e-02
1.521599999999999906e-03,9.625000000000000222e-02
1.526400000000000022e-03,9.687500000000000278e-02
1.531199999999999922e-03,9.625000000000000222e-02
1.536000000000000039e-03,9.562500000000000167e-02
1.540799999999999939e-03,9.500000000000000111e-02
1.545599999999999839e-03,9.437500000000000056e-02
1.550399999999999955e-03,9.375000000000000000e-02
1.555199999999999855e-03,9.375000000000000000e-02
1.559999999999999972e-03,9.500000000000000111e-02
1.564799999999999872e-03,9.562500000000000167e-02
1.569599999999999988e-03,9.750000000000000333e-02
1.574399999999999888e-03,1.000000000000000056e-01
1.579200000000000005e-03,1.006250000000000061e-01
1.583999999999999905e-03,1.043749999999999956e-01
1.588800000000000021e-03,1.050000000000000100e-01
1.593599999999999921e-03,1.081249999999999989e-01
1.598399999999999821e-03,1.087499999999999994e-01
1.603199999999999938e-03,1.093750000000000000e-01
1.607999999999999837e-03,1.093750000000000000e-01
1.612799999999999954e-03,1.081249999999999989e-01
1.617599999999999854e-03,1.068749999999999978e-01
1.622399999999999971e-03,1.037500000000000089e-01
1.627199999999999870e-03,1.000000000000000056e-01
1.631999999999999987e-03,9.750000000000000333e-02
1.636799999999999887e-03,9.500000000000000111e-02
1.641600000000000004e-03,9.187499999999999833e-02
1.646399999999999903e-03,8.874999999999999556e-02
1.651200000000000020e-03,8.562500000000000666e-02
1.655999999999999920e-03,8.312500000000000444e-02
1.660799999999999820e-03,8.187500000000000333e-02
1.665599999999999936e-03,8.000000000000000167e-02
1.670399999999999836e-03,7.937500000000000111e-02
1.675199999999999953e-03,7.937500000000000111e-02
1.679999999999999853e-03,8.062500000000000222e-02
1.684799999999999969e-03,8.125000000000000278e-02
1.689599999999999869e-03,8.375000000000000500e-02
1.694399999999999986e-03,8.687500000000000777e-02
1.699199999999999886e-03,9.062499999999999722e-02
1.704000000000000003e-03,9.187499999999999833e-02
1.708799999999999902e-03,9.437500000000000056e-02
1.713600000000000019e-03,9.562500000000000167e-02
1.718399999999999919e-03,9.687500000000000278e-02
1.723199999999999819e-03,9.750000000000000333e-02
1.727999999999999935e-03,9.812500000000000389e-02
1.732799999999999835e-03,9.812500000000000389e-02
1.737599999999999952e-03,9.875000000000000444e-02
1.742399999999999852e-03,9.937500000000000500e-02
1.747199999999999968e-03,1.006250000000000061e-01
1.751999999999999868e-03,1.025000000000000078e-01
1.756799999999999985e-03,1.043749999999999956e-01
1.761599999999999885e-03,1.062499999999999972e-01
1.766400000000000001e-03,1.074999999999999983e-01
1.771199999999999901e-03,1.106250000000000011e-01
1.776000000000000018e-03,1.125000000000000028e-01
1.780799999999999918e-03,1.137500000000000039e-01
1.785599999999999818e-03,1.137500000000000039e-01
1.790399999999999934e-03,1.150000000000000050e-01
1.795199999999999834e-03,1.137500000000000039e-01
1.799999999999999951e-03,1.118750000000000022e-01
1.804799999999999851e-03,1.100000000000000006e-01
1.809599999999999967e-03,1.074999999999999983e-01
1.814399999999999867e-03,1.043749999999999956e-01
1.819199999999999984e-03,1.006250000000000061e-01
1.823999999999999884e-03,9.625000000000000222e-02
1.828800000000000000e-03,9.437500000000000056e-02
1.833599999999999900e-03,9.187499999999999833e-02
1.838400000000000017e-03,8.812500000000000888e-02
1.843199999999999917e-03,8.625000000000000722e-02
1.847999999999999816e-03,8.312500000000000444e-02
1.852799999999999933e-03,8.062500000000000222e-02
1.857599999999999833e-03,7.875000000000000056e-02
1.862399999999999950e-03,7.812500000000000000e-02
1.867199999999999849e-03,7.749999999999999944e-02
1.871999999999999966e-03,7.812500000000000000e-02
1.876799999999999866e-03,7.937500000000000111e-02
1.881599999999999983e-03,8.125000000000000278e-02
1.886399999999999882e-03,8.437500000000000555e-02
1.891199999999999999e-03,8.749999999999999445e-02
1.895999999999999899e-03,9.124999999999999778e-02
1.900800000000000016e-03,9.187499999999999833e-02
1.905599999999999915e-03,9.500000000000000111e-02
1.910399999999999815e-03,9.562500000000000167e-02
1.915199999999999932e-03,9.750000000000000333e-02
1.919999999999999832e-03,9.500000000000000111e-02
1.924799999999999948e-03,9.437500000000000056e-02
1.929599999999999848e-03,9.437500000000000056e-02
1.934399999999999965e-03,9.437500000000000056e-02
1.939199999999999865e-03,9.500000000000000111e-02
1.943999999999999981e-03,9.625000000000000222e-02
1.948799999999999881e-03,9.687500000000000278e-02
1.953599999999999781e-03,9.875000000000000444e-02
1.958399999999999898e-03,1.000000000000000056e-01
1.963200000000000014e-03,1.031249999999999944e-01
1.967999999999999697e-03,1.037500000000000089e-01
1.972799999999999814e-03,1.062499999999999972e-01
1.977599999999999931e-03,1.081249999999999989e-01
1.982400000000000048e-03,1.093750000000000000e-01
1.987199999999999731e-03,1.100000000000000006e-01
1.991999999999999847e-03,1.100000000000000006e-01
1.996799999999999964e-03,1.087499999999999994e-01
2.001600000000000081e-03,1.068749999999999978e-01
2.006399999999999764e-03,1.031249999999999944e-01
2.011199999999999880e-03,1.012500000000000067e-01
2.015999999999999997e-03,9.750000000000000333e-02
2.020800000000000114e-03,9.437500000000000056e-02
2.025599999999999797e-03,9.124999999999999778e-02
2.030399999999999913e-03,8.812500000000000888e-02
2.035200000000000030e-03,8.687500000000000777e-02
2.039999999999999713e-03,8.500000000000000611e-02
2.044799999999999830e-03,8.187500000000000333e-02
2.049599999999999946e-03,8.125000000000000278e-02
2.054400000000000063e-03,8.062500000000000222e-02
2.059199999999999746e-03,8.125000000000000278e-02
2.063999999999999863e-03,8.312500000000000444e-02
2.068799999999999979e-03,8.437500000000000555e-02
2.073600000000000096e-03,8.812500000000000888e-02
2.078399999999999779e-03,9.062499999999999722e-02
2.083199999999999896e-03,9.187499999999999833e-02
2.088000000000000012e-03,9.500000000000000111e-02
2.092799999999999695e-03,9.625000000000000222e-02
2.097599999999999812e-03,9.750000000000000333e-02
2.102399999999999929e-03,9.812500000000000389e-02
2.107200000000000045e-03,9.875000000000000444e-02
2.111999999999999728e-03,9.812500000000000389e-02
2.116799999999999845e-03,9.937500000000000500e-02
2.121599999999999962e-03,1.000000000000000056e-01
2.126400000000000078e-03,1.000000000000000056e-01
2.131199999999999761e-03,1.018750000000000072e-01
2.135999999999999878e-03,1.037500000000000089e-01
2.140799999999999995e-03,1.050000000000000100e-01
2.145600000000000111e-03,1.074999999999999983e-01
2.150399999999999794e-03,1.093750000000000000e-01
2.155199999999999911e-03,1.106250000000000011e-01
2.160000000000000028e-03,1.118750000000000022e-01
2.164799999999999711e-03,1.137500000000000039e-01
2.169599999999999827e-03,1.143750000000000044e-01
2.174399999999999944e-03,1.150000000000000050e-01
2.179200000000000061e-03,1.131250000000000033e-01
2.183999999999999744e-03,1.125000000000000028e-01
2.188799999999999860e-03,1.093750000000000000e-01
2.193599999999999977e-03,1.068749999999999978e-01
2.198400000000000094e-03,1.025000000000000078e-01
2.203199999999999777e-03,1.006250000000000061e-01
2.207999999999999893e-03,9.687500000000000278e-02
2.212800000000000010e-03,9.312499999999999944e-02
2.217599999999999693e-03,9.124999999999999778e-02
2.222399999999999810e-03,8.749999999999999445e-02
2.227199999999999926e-03,8.500000000000000611e-02
2.232000000000000043e-03,8.312500000000000444e-02
2.236799999999999726e-03,8.062500000000000222e-02
2.241599999999999843e-03,7.937500000000000111e-02
2.246399999999999959e-03,7.875000000000000056e-02
2.251200000000000076e-03,7.875000000000000056e-02
2.255999999999999759e-03,8.000000000000000167e-02
2.260799999999999876e-03,8.062500000000000222e-02
2.265599999999999992e-03,8.500000000000000611e-02
2.270400000000000109e-03,8.625000000000000722e-02
2.275199999999999792e-03,8.937499999999999611e-02
2.279999999999999909e-03,9.187499999999999833e-02
2.284800000000000025e-03,9.375000000000000000e-02
2.289599999999999708e-03,9.625000000000000222e-02
2.294399999999999825e-03,9.687500000000000278e-02
2.299199999999999942e-03,9.750000000000000333e-02
2.304000000000000058e-03,9.812500000000000389e-02
2.308799999999999741e-03,9.937500000000000500e-02
2.313599999999999858e-03,1.006250000000000061e-01
2.318399999999999975e-03,1.025000000000000078e-01
2.323200000000000091e-03,1.043749999999999956e-01
2.327999999999999774e-03,1.056249999999999967e-01
2.332799999999999891e-03,1.081249999999999989e-01
2.337600000000000008e-03,1.093750000000000000e-01
2.342399999999999691e-03,1.118750000000000022e-01
2.347199999999999807e-03,1.125000000000000028e-01
2.351999999999999924e-03,1.143750000000000044e-01
2.356800000000000041e-03,1.150000000000000050e-01
2.361599999999999724e-03,1.150000000000000050e-01
2.366399999999999840e-03,1.137500000000000039e-01
2.371199999999999957e-03,1.118750000000000022e-01
2.376000000000000074e-03,1.087499999999999994e-01
2.380799999999999757e-03,1.056249999999999967e-01
2.385599999999999873e-03,1.018750000000000072e-01
2.390399999999999990e-03,1.006250000000000061e-01
2.395200000000000107e-03,9.625000000000000222e-02
2.399999999999999790e-03,9.375000000000000000e-02
2.404799999999999906e-03,9.124999999999999778e-02
2.409600000000000023e-03,8.937499999999999611e-02
2.414399999999999706e-03,8.625000000000000722e-02
2.419199999999999823e-03,8.500000000000000611e-02
2.423999999999999939e-03,8.187500000000000333e-02
2.428800000000000056e-03,8.000000000000000167e-02
2.433599999999999739e-03,7.749999999999999944e-02
2.438399999999999856e-03,7.624999999999999833e-02
2.443199999999999972e-03,7.624999999999999833e-02
2.448000000000000089e-03,7.687499999999999889e-02
2.452799999999999772e-03,7.937500000000000111e-02
2.457599999999999889e-03,8.125000000000000278e-02
2.462400000000000005e-03,8.312500000000000444e-02
2.467199999999999688e-03,8.749999999999999445e-02
2.471999999999999805e-03,8.937499999999999611e-02
2.476799999999999922e-03,9.124999999999999778e-02
2.481600000000000038e-03,9.375000000000000000e-02
2.486399999999999721e-03,9.437500000000000056e-02
2.491199999999999838e-03,9.687500000000000278e-02
2.495999999999999955e-03,9.812500000000000389e-02
2.500800000000000071e-03,9.937500000000000500e-02
2.505599999999999754e-03,1.012500000000000067e-01
2.510399999999999871e-03,1.025000000000000078e-01
2.515199999999999988e-03,1.056249999999999967e-01
2.519999999999999671e-03,1.074999999999999983e-01
2.524799999999999787e-03,1.100000000000000006e-01
2.529599999999999904e-03,1.112500000000000017e-01
2.534400000000000021e-03,1.125000000000000028e-01
2.539199999999999704e-03,1.131250000000000033e-01
2.543999999999999821e-03,1.137500000000000039e-01
2.548799999999999937e-03,1.137500000000000039e-01
2.553600000000000054e-03,1.118750000000000022e-01
2.558399999999999737e-03,1.106250000000000011e-01
2.563199999999999854e-03,1.081249999999999989e-01
2.567999999999999970e-03,1.043749999999999956e-01
2.572800000000000087e-03,1.018750000000000072e-01
2.577599999999999770e-03,9.937500000000000500e-02
2.582399999999999887e-03,9.562500000000000167e-02
2.587200000000000003e-03,9.249999999999999889e-02
2.591999999999999686e-03,9.062499999999999722e-02
2.596799999999999803e-03,8.874999999999999556e-02
2.601599999999999920e-03,8.812500000000000888e-02
2.606400000000000036e-03,8.562500000000000666e-02
2.611199999999999719e-03,8.375000000000000500e-02
2.615999999999999836e-03,8.125000000000000278e-02
2.620799999999999953e-03,7.749999999999999944e-02
2.625600000000000069e-03,7.624999999999999833e-02
2.630399999999999752e-03,7.437499999999999667e-02
2.635199999999999869e-03,7.374999999999999611e-02
2.639999999999999986e-03,7.374999999999999611e-02
2.644799999999999669e-03,7.499999999999999722e-02
2.649599999999999785e-03,7.624999999999999833e-02
2.654399999999999902e-03,7.875000000000000056e-02
2.659200000000000019e-03,8.062500000000000222e-02
2.663999999999999702e-03,8.312500000000000444e-02
2.668799999999999818e-03,8.749999999999999445e-02
2.673599999999999935e-03,8.874999999999999556e-02
2.678400000000000052e-03,9.124999999999999778e-02
2.683199999999999735e-03,9.437500000000000056e-02
2.687999999999999851e-03,9.687500000000000278e-02
2.692799999999999968e-03,9.812500000000000389e-02
2.697600000000000085e-03,1.006250000000000061e-01
2.702399999999999768e-03,1.031249999999999944e-01
2.707199999999999884e-03,1.043749999999999956e-01
2.712000000000000001e-03,1.068749999999999978e-01
2.716799999999999684e-03,1.087499999999999994e-01
2.721599999999999801e-03,1.087499999999999994e-01
2.726399999999999917e-03,1.093750000000000000e-01
2.731200000000000034e-03,1.087499999999999994e-01
2.735999999999999717e-03,1.087499999999999994e-01
2.740799999999999834e-03,1.062499999999999972e-01
2.745599999999999950e-03,1.056249999999999967e-01
2.750400000000000067e-03,1.025000000000000078e-01
2.755199999999999750e-03,9.812500000000000389e-02
2.759999999999999867e-03,9.500000000000000111e-02
2.764799999999999983e-03,9.375000000000000000e-02
2.769599999999999666e-03,9.124999999999999778e-02
2.774399999999999783e-03,8.999999999999999667e-02
2.779199999999999900e-03,8.874999999999999556e-02
2.784000000000000016e-03,8.749999999999999445e-02
2.788799999999999699e-03,8.687500000000000777e-02
2.793599999999999816e-03,8.625000000000000722e-02
2.798399999999999933e-03,8.500000000000000611e-02
2.803200000000000049e-03,8.375000000000000500e-02
2.807999999999999732e-03,8.062500000000000222e-02
2.812799999999999849e-03,7.937500000000000111e-02
2.817599999999999966e-03,7.687499999999999889e-02
2.822400000000000082e-03,7.437499999999999667e-02
2.827199999999999765e-03,7.312499999999999556e-02
2.831999999999999882e-03,7.312499999999999556e-02
2.836799999999999999e-03,7.312499999999999556e-02
2.841599999999999682e-03,7.499999999999999722e-02
2.846399999999999798e-03,7.562499999999999778e-02
2.851199999999999915e-03,7.937500000000000111e-02
2.856000000000000032e-03,8.062500000000000222e-02
2.860799999999999715e-03,8.312500000000000444e-02
2.865599999999999831e-03,8.749999999999999445e-02
2.870399999999999948e-03,8.999999999999999667e-02
2.875200000000000065e-03,9.187499999999999833e-02
2.879999999999999748e-03,9.375000000000000000e-02
2.884799999999999864e-03,9.562500000000000167e-02
2.889599999999999981e-03,9.875000000000000444e-02
2.894399999999999664e-03,1.000000000000000056e-01
2.899199999999999781e-03,1.012500000000000067e-01
2.903999999999999897e-03,1.025000000000000078e-01
2.908800000000000014e-03,1.037500000000000089e-01
2.913599999999999697e-03,1.037500000000000089e-01
2.918399999999999814e-03,1.037500000000000089e-01
2.923199999999999930e-03,1.025000000000000078e-01
2.928000000000000047e-03,1.012500000000000067e-01
2.932799999999999730e-03,9.937500000000000500e-02
2.937599999999999847e-03,9.562500000000000167e-02
2.942399999999999963e-03,9.249999999999999889e-02
2.947200000000000080e-03,9.062499999999999722e-02
2.951999999999999763e-03,8.874999999999999556e-02
2.956799999999999880e-03,8.687500000000000777e-02
2.961599999999999996e-03,8.625000000000000722e-02
2.966399999999999679e-03,8.562500000000000666e-02
2.971199999999999796e-03,8.562500000000000666e-02
2.975999999999999913e-03,8.625000000000000722e-02
2.980800000000000029e-03,8.562500000000000666e-02
2.985599999999999712e-03,8.562500000000000666e-02
2.990399999999999829e-03,8.500000000000000611e-02
2.995199999999999946e-03,8.437500000000000555e-02
3.000000000000000062e-03,8.250000000000000389e-02
3.004799999999999745e-03,8.062500000000000222e-02
3.009599999999999862e-03,7.812500000000000000e-02
3.014399999999999979e-03,7.687499999999999889e-02
3.019199999999999662e-03,7.374999999999999611e-02
3.023999999999999778e-03,7.312499999999999556e-02
3.028799999999999895e-03,7.312499999999999556e-02
3.033600000000000012e-03,7.374999999999999611e-02
3.038399999999999695e-03,7.437499999999999667e-02
3.043199999999999811e-03,7.499999999999999722e-02
3.047999999999999928e-03,7.875000000000000056e-02
3.052800000000000045e-03,8.125000000000000278e-02
3.057599999999999728e-03,8.250000000000000389e-02
3.062399999999999844e-03,8.437500000000000555e-02
3.067199999999999961e-03,8.812500000000000888e-02
3.072000000000000078e-03,9.062499999999999722e-02
3.076799999999999761e-03,9.124999999999999778e-02
3.081599999999999877e-03,9.249999999999999889e-02
3.086399999999999994e-03,9.437500000000000056e-02
3.091199999999999677e-03,9.437500000000000056e-02
3.095999999999999794e-03,9.437500000000000056e-02
3.100799999999999911e-03,9.437500000000000056e-02
3.105600000000000027e-03,9.312499999999999944e-02
3.110399999999999710e-03,9.124999999999999778e-02
3.115199999999999827e-03,8.874999999999999556e-02
3.119999999999999944e-03,8.687500000000000777e-02
3.124800000000000060e-03,8.437500000000000555e-02
3.129599999999999743e-03,8.312500000000000444e-02
3.134399999999999860e-03,8.062500000000000222e-02
3.139199999999999977e-03,7.937500000000000111e-02
3.143999999999999660e-03,7.875000000000000056e-02
3.148799999999999776e-03,7.812500000000000000e-02
3.153599999999999893e-03,7.875000000000000056e-02
3.158400000000000010e-03,8.062500000000000222e-02
3.163199999999999693e-03,8.187500000000000333e-02
3.167999999999999809e-03,8.312500000000000444e-02
3.172799999999999926e-03,8.437500000000000555e-02
3.177600000000000043e-03,8.562500000000000666e-02
3.182399999999999726e-03,8.562500000000000666e-02
3.187199999999999842e-03,8.562500000000000666e-02
3.191999999999999959e-03,8.562500000000000666e-02
3.196799999999999642e-03,8.437500000000000555e-02
3.201599999999999759e-03,8.250000000000000389e-02
3.206399999999999875e-03,7.937500000000000111e-02
3.211199999999999992e-03,7.749999999999999944e-02
3.215999999999999675e-03,7.624999999999999833e-02
3.220799999999999792e-03,7.437499999999999667e-02
3.225599999999999908e-03,7.374999999999999611e-02
3.230400000000000025e-03,7.374999999999999611e-02
3.235199999999999708e-03,7.437499999999999667e-02
3.239999999999999825e-03,7.499999999999999722e-02
3.244799999999999941e-03,7.624999999999999833e-02
3.249600000000000058e-03,7.812500000000000000e-02
3.254399999999999741e-03,8.000000000000000167e-02
3.259199999999999858e-03,8.187500000000000333e-02
3.263999999999999974e-03,8.312500000000000444e-02
3.268799999999999657e-03,8.312500000000000444e-02
3.273599999999999774e-03,8.312500000000000444e-02
3.278399999999999891e-03,8.312500000000000444e-02
3.283200000000000007e-03,8.312500000000000444e-02
3.287999999999999690e-03,8.187500000000000333e-02
3.292799999999999807e-03,8.062500000000000222e-02
3.297599999999999924e-03,7.937500000000000111e-02
3.302400000000000040e-03,7.749999999999999944e-02
3.307199999999999723e-03,7.437499999999999667e-02
3.311999999999999840e-03,7.250000000000000888e-02
3.316799999999999957e-03,7.062500000000000722e-02
3.321599999999999640e-03,7.000000000000000666e-02
3.326399999999999756e-03,6.875000000000000555e-02
3.331199999999999873e-03,6.937500000000000611e-02
3.335999999999999990e-03,7.062500000000000722e-02
3.340799999999999673e-03,7.187499999999999445e-02
3.345599999999999789e-03,7.374999999999999611e-02
3.350399999999999906e-03,7.624999999999999833e-02
3.355200000000000023e-03,7.937500000000000111e-02
3.359999999999999706e-03,8.125000000000000278e-02
3.364799999999999822e-03,8.312500000000000444e-02
3.369599999999999939e-03,8.437500000000000555e-02
3.374400000000000056e-03,8.500000000000000611e-02
3.379199999999999739e-03,8.625000000000000722e-02
3.383999999999999855e-03,8.625000000000000722e-02
3.388799999999999972e-03,8.625000000000000722e-02
3.393599999999999655e-03,8.312500000000000444e-02
3.398399999999999772e-03,8.187500000000000333e-02
3.403199999999999888e-03,7.937500000000000111e-02
3.408000000000000005e-03,7.749999999999999944e-02
3.412799999999999688e-03,7.624999999999999833e-02
3.417599999999999805e-03,7.499999999999999722e-02
3.422399999999999921e-03,7.374999999999999611e-02
3.427200000000000038e-03,7.374999999999999611e-02
3.431999999999999721e-03,7.437499999999999667e-02
3.436799999999999838e-03,7.499999999999999722e-02
3.441599999999999954e-03,7.624999999999999833e-02
3.446399999999999637e-03,7.687499999999999889e-02
3.451199999999999754e-03,7.812500000000000000e-02
3.455999999999999871e-03,7.812500000000000000e-02
3.460799999999999987e-03,7.875000000000000056e-02
3.465599999999999670e-03,7.812500000000000000e-02
3.470399999999999787e-03,7.749999999999999944e-02
3.475199999999999904e-03,7.624999999999999833e-02
3.480000000000000020e-03,7.499999999999999722e-02
3.484799999999999703e-03,7.250000000000000888e-02
3.489599999999999820e-03,7.000000000000000666e-02
3.494399999999999937e-03,7.000000000000000666e-02
3.499200000000000053e-03,6.625000000000000333e-02
3.503999999999999736e-03,6.562500000000000278e-02
3.508799999999999853e-03,6.437500000000000167e-02
3.513599999999999970e-03,6.437500000000000167e-02
3.518399999999999653e-03,6.500000000000000222e-02
3.523199999999999769e-03,6.750000000000000444e-02
3.527999999999999886e-03,6.875000000000000555e-02
3.532800000000000003e-03,7.062500000000000722e-02
3.537599999999999686e-03,7.437499999999999667e-02
3.542399999999999802e-03,7.687499999999999889e-02
3.547199999999999919e-03,7.812500000000000000e-02
3.552000000000000036e-03,8.187500000000000333e-02
3.556799999999999719e-03,8.312500000000000444e-02
3.561599999999999835e-03,8.500000000000000611e-02
3.566399999999999952e-03,8.812500000000000888e-02
3.571199999999999635e-03,8.874999999999999556e-02
3.575999999999999752e-03,8.937499999999999611e-02
3.580799999999999868e-03,8.937499999999999611e-02
3.585599999999999985e-03,8.874999999999999556e-02
3.590399999999999668e-03,8.625000000000000722e-02
3.595199999999999785e-03,8.437500000000000555e-02
3.599999999999999901e-03,8.187500000000000333e-02
3.604800000000000018e-03,7.875000000000000056e-02
3.609599999999999701e-03,7.749999999999999944e-02
3.614399999999999818e-03,7.624999999999999833e-02
3.619199999999999934e-03,7.499999999999999722e-02
3.624000000000000051e-03,7.499999999999999722e-02
3.628799999999999734e-03,7.437499999999999667e-02
3.633599999999999851e-03,7.437499999999999667e-02
3.638399999999999967e-03,7.499999999999999722e-02
3.643199999999999650e-03,7.499999999999999722e-02
3.647999999999999767e-03,7.437499999999999667e-02
3.652799999999999884e-03,7.312499999999999556e-02
3.657600000000000001e-03,7.250000000000000888e-02
3.662399999999999683e-03,7.062500000000000722e-02
3.667199999999999800e-03,6.875000000000000555e-02
3.671999999999999917e-03,6.687500000000000389e-02
3.676800000000000034e-03,6.562500000000000278e-02
3.681599999999999717e-03,6.375000000000000111e-02
3.686399999999999833e-03,6.187499999999999944e-02
3.691199999999999950e-03,6.124999999999999889e-02
3.695999999999999633e-03,6.124999999999999889e-02
3.700799999999999750e-03,6.062499999999999833e-02
3.705599999999999866e-03,6.187499999999999944e-02
3.710399999999999983e-03,6.375000000000000111e-02
3.715199999999999666e-03,6.625000000000000333e-02
3.719999999999999783e-03,6.937500000000000611e-02
3.724799999999999899e-03,7.187499999999999445e-02
3.729600000000000016e-03,7.437499999999999667e-02
3.734399999999999699e-03,7.687499999999999889e-02
3.739199999999999816e-03,7.937500000000000111e-02
3.743999999999999932e-03,8.062500000000000222e-02
3.748799999999999615e-03,8.437500000000000555e-02
3.753599999999999732e-03,8.562500000000000666e-02
3.758399999999999849e-03,8.812500000000000888e-02
3.763199999999999965e-03,8.937499999999999611e-02
3.767999999999999648e-03,9.124999999999999778e-02
3.772799999999999765e-03,9.124999999999999778e-02
3.777599999999999882e-03,8.999999999999999667e-02
3.782399999999999998e-03,8.937499999999999611e-02
3.787199999999999681e-03,8.749999999999999445e-02
3.791999999999999798e-03,8.562500000000000666e-02
3.796799999999999915e-03,8.187500000000000333e-02
3.801600000000000031e-03,8.125000000000000278e-02
3.806399999999999714e-03,7.812500000000000000e-02
3.811199999999999831e-03,7.749999999999999944e-02
3.815999999999999948e-03,7.624999999999999833e-02
3.820799999999999631e-03,7.562499999999999778e-02
3.825599999999999747e-03,7.499999999999999722e-02
3.830399999999999864e-03,7.374999999999999611e-02
3.835199999999999981e-03,7.312499999999999556e-02
3.839999999999999664e-03,7.250000000000000888e-02
3.844799999999999780e-03,7.062500000000000722e-02
3.849599999999999897e-03,6.812500000000000500e-02
3.854400000000000014e-03,6.687500000000000389e-02
3.859199999999999697e-03,6.437500000000000167e-02
3.863999999999999813e-03,6.312500000000000056e-02
3.868799999999999930e-03,6.187499999999999944e-02
3.873599999999999613e-03,6.062499999999999833e-02
3.878399999999999730e-03,5.937499999999999722e-02
3.883199999999999846e-03,5.874999999999999667e-02
3.887999999999999963e-03,5.937499999999999722e-02
3.892799999999999646e-03,6.062499999999999833e-02
3.897599999999999763e-03,6.187499999999999944e-02
3.902399999999999879e-03,6.437500000000000167e-02
3.907199999999999562e-03,6.625000000000000333e-02
3.911999999999999679e-03,7.000000000000000666e-02
3.916799999999999796e-03,7.187499999999999445e-02
3.921599999999999912e-03,7.437499999999999667e-02
3.926400000000000029e-03,7.749999999999999944e-02
3.931200000000000146e-03,8.000000000000000167e-02
3.935999999999999395e-03,8.125000000000000278e-02
3.940799999999999512e-03,8.437500000000000555e-02
3.945599999999999628e-03,8.625000000000000722e-02
3.950399999999999745e-03,8.937499999999999611e-02
3.955199999999999862e-03,8.999999999999999667e-02
3.959999999999999978e-03,9.124999999999999778e-02
3.964800000000000095e-03,9.187499999999999833e-02
3.969600000000000212e-03,9.124999999999999778e-02
3.974399999999999461e-03,8.937499999999999611e-02
3.979199999999999578e-03,8.749999999999999445e-02
3.983999999999999694e-03,8.625000000000000722e-02
3.988799999999999811e-03,8.312500000000000444e-02
3.993599999999999928e-03,8.062500000000000222e-02
3.998400000000000044e-03,7.875000000000000056e-02
4.003200000000000161e-03,7.687499999999999889e-02
4.007999999999999410e-03,7.562499999999999778e-02
4.012799999999999527e-03,7.437499999999999667e-02
4.017599999999999644e-03,7.374999999999999611e-02
4.022399999999999760e-03,7.250000000000000888e-02
4.027199999999999877e-03,7.125000000000000777e-02
4.031999999999999994e-03,6.937500000000000611e-02
4.036800000000000110e-03,6.750000000000000444e-02
4.041600000000000227e-03,6.687500000000000389e-02
4.046399999999999476e-03,6.562500000000000278e-02
4.051199999999999593e-03,6.375000000000000111e-02
4.055999999999999710e-03,6.124999999999999889e-02
4.060799999999999826e-03,5.999999999999999778e-02
4.065599999999999943e-03,5.874999999999999667e-02
4.070400000000000060e-03,5.874999999999999667e-02
4.075200000000000176e-03,5.937499999999999722e-02
4.079999999999999426e-03,5.937499999999999722e-02
4.084799999999999542e-03,6.187499999999999944e-02
4.089599999999999659e-03,6.500000000000000222e-02
4.094399999999999776e-03,6.687500000000000389e-02
4.099199999999999892e-03,6.937500000000000611e-02
4.104000000000000009e-03,7.312499999999999556e-02
4.108800000000000126e-03,7.374999999999999611e-02
4.113600000000000242e-03,7.687499999999999889e-02
4.118399999999999492e-03,7.875000000000000056e-02
4.123199999999999608e-03,8.125000000000000278e-02
4.127999999999999725e-03,8.375000000000000500e-02
4.132799999999999842e-03,8.562500000000000666e-02
4.137599999999999958e-03,8.687500000000000777e-02
4.142400000000000075e-03,8.937499999999999611e-02
4.147200000000000192e-03,9.062499999999999722e-02
4.151999999999999441e-03,9.249999999999999889e-02
4.156799999999999558e-03,9.375000000000000000e-02
4.161599999999999674e-03,9.312499999999999944e-02
4.166399999999999791e-03,9.249999999999999889e-02
4.171199999999999908e-03,9.062499999999999722e-02
4.176000000000000024e-03,8.874999999999999556e-02
4.180800000000000141e-03,8.625000000000000722e-02
4.185599999999999390e-03,8.312500000000000444e-02
4.190399999999999507e-03,8.125000000000000278e-02
4.195199999999999624e-03,7.875000000000000056e-02
4.199999999999999740e-03,7.812500000000000000e-02
4.204799999999999857e-03,7.562499999999999778e-02
4.209599999999999974e-03,7.374999999999999611e-02
4.214400000000000091e-03,7.250000000000000888e-02
4.219200000000000207e-03,6.937500000000000611e-02
4.223999999999999456e-03,6.812500000000000500e-02
4.228799999999999573e-03,6.625000000000000333e-02
4.233599999999999690e-03,6.500000000000000222e-02
4.238399999999999807e-03,6.312500000000000056e-02
4.243199999999999923e-03,6.187499999999999944e-02
4.248000000000000040e-03,6.124999999999999889e-02
4.252800000000000157e-03,5.999999999999999778e-02
4.257599999999999406e-03,6.062499999999999833e-02
4.262399999999999523e-03,6.062499999999999833e-02
4.267199999999999639e-03,6.250000000000000000e-02
4.271999999999999756e-03,6.375000000000000111e-02
4.276799999999999873e-03,6.750000000000000444e-02
4.281599999999999989e-03,6.937500000000000611e-02
4.286400000000000106e-03,7.250000000000000888e-02
4.291200000000000223e-03,7.437499999999999667e-02
4.295999999999999472e-03,7.687499999999999889e-02
4.300799999999999589e-03,7.875000000000000056e-02
4.305599999999999705e-03,8.000000000000000167e-02
4.310399999999999822e-03,8.187500000000000333e-02
4.315199999999999939e-03,8.250000000000000389e-02
4.320000000000000055e-03,8.437500000000000555e-02
4.324800000000000172e-03,8.625000000000000722e-02
4.329599999999999421e-03,8.812500000000000888e-02
4.334399999999999538e-03,8.999999999999999667e-02
4.339199999999999655e-03,9.124999999999999778e-02
4.343999999999999771e-03,9.437500000000000056e-02
4.348799999999999888e-03,9.437500000000000056e-02
4.353600000000000005e-03,9.500000000000000111e-02
4.358400000000000121e-03,9.437500000000000056e-02
4.363199999999999371e-03,9.249999999999999889e-02
4.367999999999999487e-03,9.249999999999999889e-02
4.372799999999999604e-03,8.874999999999999556e-02
4.377599999999999721e-03,8.625000000000000722e-02
4.382399999999999837e-03,8.312500000000000444e-02
4.387199999999999954e-03,8.125000000000000278e-02
4.392000000000000071e-03,8.000000000000000167e-02
4.396800000000000187e-03,7.687499999999999889e-02
4.401599999999999437e-03,7.562499999999999778e-02
4.406399999999999553e-03,7.374999999999999611e-02
4.411199999999999670e-03,7.125000000000000777e-02
4.415999999999999787e-03,7.000000000000000666e-02
4.420799999999999903e-03,6.750000000000000444e-02
4.425600000000000020e-03,6.562500000000000278e-02
4.430400000000000137e-03,6.500000000000000222e-02
4.435199999999999386e-03,6.500000000000000222e-02
4.439999999999999503e-03,6.437500000000000167e-02
4.444799999999999619e-03,6.437500000000000167e-02
4.449599999999999736e-03,6.562500000000000278e-02
4.454399999999999853e-03,6.750000000000000444e-02
4.459199999999999969e-03,6.937500000000000611e-02
4.464000000000000086e-03,7.187499999999999445e-02
4.468800000000000203e-03,7.499999999999999722e-02
4.473599999999999452e-03,7.624999999999999833e-02
4.478399999999999569e-03,7.937500000000000111e-02
4.483199999999999685e-03,8.000000000000000167e-02
4.487999999999999802e-03,8.125000000000000278e-02
4.492799999999999919e-03,8.187500000000000333e-02
4.497600000000000035e-03,8.187500000000000333e-02
4.502400000000000152e-03,8.312500000000000444e-02
4.507199999999999401e-03,8.312500000000000444e-02
4.511999999999999518e-03,8.375000000000000500e-02
4.516799999999999635e-03,8.437500000000000555e-02
4.521599999999999751e-03,8.562500000000000666e-02
4.526399999999999868e-03,8.812500000000000888e-02
4.531199999999999985e-03,8.937499999999999611e-02
4.536000000000000101e-03,9.187499999999999833e-02
4.540800000000000218e-03,9.437500000000000056e-02
4.545599999999999467e-03,9.500000000000000111e-02
4.550399999999999584e-03,9.562500000000000167e-02
4.555199999999999701e-03,9.562500000000000167e-02
4.559999999999999817e-03,9.437500000000000056e-02
4.564799999999999934e-03,9.249999999999999889e-02
4.569600000000000051e-03,9.124999999999999778e-02
4.574400000000000167e-03,8.812500000000000888e-02
4.579199999999999417e-03,8.625000000000000722e-02
4.583999999999999533e-03,8.312500000000000444e-02
4.588799999999999650e-03,8.187500000000000333e-02
4.593599999999999767e-03,7.875000000000000056e-02
4.598399999999999883e-03,7.687499999999999889e-02
4.603200000000000000e-03,7.499999999999999722e-02
4.608000000000000117e-03,7.312499999999999556e-02
4.612799999999999366e-03,7.250000000000000888e-02
4.617599999999999483e-03,7.125000000000000777e-02
4.622399999999999599e-03,7.187499999999999445e-02
4.627199999999999716e-03,7.250000000000000888e-02
4.631999999999999833e-03,7.312499999999999556e-02
4.636799999999999949e-03,7.499999999999999722e-02
4.641600000000000066e-03,7.749999999999999944e-02
4.646400000000000183e-03,7.937500000000000111e-02
4.651199999999999432e-03,8.125000000000000278e-02
4.655999999999999549e-03,8.500000000000000611e-02
4.660799999999999665e-03,8.687500000000000777e-02
4.665599999999999782e-03,8.812500000000000888e-02
4.670399999999999899e-03,8.812500000000000888e-02
4.675200000000000015e-03,8.749999999999999445e-02
4.680000000000000132e-03,8.749999999999999445e-02
4.684799999999999381e-03,8.687500000000000777e-02
4.689599999999999498e-03,8.625000000000000722e-02
4.694399999999999615e-03,8.437500000000000555e-02
4.699199999999999731e-03,8.437500000000000555e-02
4.703999999999999848e-03,8.375000000000000500e-02
4.708799999999999965e-03,8.437500000000000555e-02
4.713600000000000081e-03,8.500000000000000611e-02
4.718400000000000198e-03,8.625000000000000722e-02
4.723199999999999447e-03,8.874999999999999556e-02
4.727999999999999564e-03,9.124999999999999778e-02
4.732799999999999681e-03,9.312499999999999944e-02
4.737599999999999797e-03,9.437500000000000056e-02
4.742399999999999914e-03,9.625000000000000222e-02
4.747200000000000031e-03,9.625000000000000222e-02
4.752000000000000147e-03,9.687500000000000278e-02
4.756799999999999397e-03,9.562500000000000167e-02
4.761599999999999513e-03,9.437500000000000056e-02
4.766399999999999630e-03,9.187499999999999833e-02
4.771199999999999747e-03,9.062499999999999722e-02
4.775999999999999863e-03,8.812500000000000888e-02
4.780799999999999980e-03,8.500000000000000611e-02
4.785600000000000097e-03,8.437500000000000555e-02
4.790400000000000214e-03,8.187500000000000333e-02
4.795199999999999463e-03,8.062500000000000222e-02
4.799999999999999580e-03,8.000000000000000167e-02
4.804799999999999696e-03,8.000000000000000167e-02
4.809599999999999813e-03,7.937500000000000111e-02
4.814399999999999930e-03,8.125000000000000278e-02
4.819200000000000046e-03,8.187500000000000333e-02
4.824000000000000163e-03,8.375000000000000500e-02
4.828799999999999412e-03,8.500000000000000611e-02
4.833599999999999529e-03,8.812500000000000888e-02
4.838399999999999646e-03,9.062499999999999722e-02
4.843199999999999762e-03,9.249999999999999889e-02
4.847999999999999879e-03,9.437500000000000056e-02
4.852799999999999996e-03,9.625000000000000222e-02
4.857600000000000112e-03,9.562500000000000167e-02
4.862399999999999362e-03,9.500000000000000111e-02
4.867199999999999478e-03,9.375000000000000000e-02
4.871999999999999595e-03,9.187499999999999833e-02
4.876799999999999712e-03,8.999999999999999667e-02
4.881599999999999828e-03,8.812500000000000888e-02
4.886399999999999945e-03,8.687500000000000777e-02
4.891200000000000062e-03,8.562500000000000666e-02
4.896000000000000178e-03,8.437500000000000555e-02
4.900799999999999428e-03,8.375000000000000500e-02
4.905599999999999544e-03,8.375000000000000500e-02
4.910399999999999661e-03,8.562500000000000666e-02
4.915199999999999778e-03,8.749999999999999445e-02
4.919999999999999894e-03,8.874999999999999556e-02
4.924800000000000011e-03,9.187499999999999833e-02
4.929600000000000128e-03,9.312499999999999944e-02
4.934399999999999377e-03,9.562500000000000167e-02
4.939199999999999494e-03,9.687500000000000278e-02
4.943999999999999610e-03,9.750000000000000333e-02
4.948799999999999727e-03,9.750000000000000333e-02
4.953599999999999844e-03,9.687500000000000278e-02
4.958399999999999960e-03,9.562500000000000167e-02
4.963200000000000077e-03,9.375000000000000000e-02
4.968000000000000194e-03,9.187499999999999833e-02
4.972799999999999443e-03,9.124999999999999778e-02
4.977599999999999560e-03,8.874999999999999556e-02
4.982399999999999676e-03,8.812500000000000888e-02
4.987199999999999793e-03,8.874999999999999556e-02
4.991999999999999910e-03,8.812500000000000888e-02
4.996800000000000026e-03,8.874999999999999556e-02
5.001600000000000143e-03,8.999999999999999667e-02
5.006399999999999392e-03,9.187499999999999833e-02
5.011199999999999509e-03,9.375000000000000000e-02
5.015999999999999626e-03,9.500000000000000111e-02
5.020799999999999742e-03,9.812500000000000389e-02
5.025599999999999859e-03,1.006250000000000061e-01
5.030399999999999976e-03,1.018750000000000072e-01
5.035200000000000092e-03,1.031249999999999944e-01
5.039999999999999342e-03,1.037500000000000089e-01
5.044799999999999458e-03,1.031249999999999944e-01
5.049599999999999575e-03,1.018750000000000072e-01
5.054399999999999692e-03,1.000000000000000056e-01
5.059199999999999808e-03,9.812500000000000389e-02
5.063999999999999925e-03,9.625000000000000222e-02
5.068800000000000042e-03,9.375000000000000000e-02
5.073600000000000158e-03,9.062499999999999722e-02
5.078399999999999408e-03,8.937499999999999611e-02
5.083199999999999524e-03,8.687500000000000777e-02
5.087999999999999641e-03,8.500000000000000611e-02
5.092799999999999758e-03,8.437500000000000555e-02
5.097599999999999874e-03,8.375000000000000500e-02
5.102399999999999991e-03,8.500000000000000611e-02
5.107200000000000108e-03,8.625000000000000722e-02
5.111999999999999357e-03,8.874999999999999556e-02
5.116799999999999474e-03,9.187499999999999833e-02
5.121599999999999590e-03,9.312499999999999944e-02
5.126399999999999707e-03,9.500000000000000111e-02
5.131199999999999824e-03,9.687500000000000278e-02
5.135999999999999940e-03,9.812500000000000389e-02
5.140800000000000057e-03,9.750000000000000333e-02
5.145600000000000174e-03,9.750000000000000333e-02
5.150399999999999423e-03,9.625000000000000222e-02
5.155199999999999540e-03,9.437500000000000056e-02
5.159999999999999656e-03,9.375000000000000000e-02
5.164799999999999773e-03,9.249999999999999889e-02
5.169599999999999890e-03,9.187499999999999833e-02
5.174400000000000006e-03,9.124999999999999778e-02
5.179200000000000123e-03,9.187499999999999833e-02
5.183999999999999372e-03,9.249999999999999889e-02
5.188799999999999489e-03,9.312499999999999944e-02
5.193599999999999606e-03,9.437500000000000056e-02
5.198399999999999722e-03,9.625000000000000222e-02
5.203199999999999839e-03,9.812500000000000389e-02
5.207999999999999956e-03,1.006250000000000061e-01
5.212800000000000072e-03,1.025000000000000078e-01
5.217600000000000189e-03,1.043749999999999956e-01
5.222399999999999438e-03,1.056249999999999967e-01
5.227199999999999555e-03,1.074999999999999983e-01
5.231999999999999672e-03,1.062499999999999972e-01
5.236799999999999788e-03,1.056249999999999967e-01
5.241599999999999905e-03,1.031249999999999944e-01
5.246400000000000022e-03,1.018750000000000072e-01
5.251200000000000138e-03,9.875000000000000444e-02
5.255999999999999388e-03,9.562500000000000167e-02
5.260799999999999504e-03,9.437500000000000056e-02
5.265599999999999621e-03,9.124999999999999778e-02
5.270399999999999738e-03,8.937499999999999611e-02
5.275199999999999854e-03,8.812500000000000888e-02
5.279999999999999971e-03,8.562500000000000666e-02
5.284800000000000088e-03,8.437500000000000555e-02
5.289599999999999337e-03,8.437500000000000555e-02
5.294399999999999454e-03,8.562500000000000666e-02
5.299199999999999570e-03,8.687500000000000777e-02
5.303999999999999687e-03,8.874999999999999556e-02
5.308799999999999804e-03,9.187499999999999833e-02
5.313599999999999920e-03,9.437500000000000056e-02
5.318400000000000037e-03,9.625000000000000222e-02
5.323200000000000154e-03,9.750000000000000333e-02
5.327999999999999403e-03,9.875000000000000444e-02
5.332799999999999520e-03,9.812500000000000389e-02
5.337599999999999636e-03,9.750000000000000333e-02
5.342399999999999753e-03,9.562500000000000167e-02
5.347199999999999870e-03,9.500000000000000111e-02
5.351999999999999987e-03,9.375000000000000000e-02
5.356800000000000103e-03,9.249999999999999889e-02
5.361599999999999352e-03,9.249999999999999889e-02
5.366399999999999469e-03,9.187499999999999833e-02
5.371199999999999586e-03,9.249999999999999889e-02
5.375999999999999703e-03,9.249999999999999889e-02
5.380799999999999819e-03,9.312499999999999944e-02
5.385599999999999936e-03,9.562500000000000167e-02
5.390400000000000053e-03,9.687500000000000278e-02
5.395200000000000169e-03,9.875000000000000444e-02
5.399999999999999419e-03,1.018750000000000072e-01
5.404799999999999535e-03,1.037500000000000089e-01
5.409599999999999652e-03,1.056249999999999967e-01
5.414399999999999769e-03,1.068749999999999978e-01
5.419199999999999885e-03,1.068749999999999978e-01
5.424000000000000002e-03,1.062499999999999972e-01
5.428800000000000119e-03,1.050000000000000100e-01
5.433599999999999368e-03,1.037500000000000089e-01
5.438399999999999485e-03,1.006250000000000061e-01
5.443199999999999601e-03,9.750000000000000333e-02
5.447999999999999718e-03,9.562500000000000167e-02
5.452799999999999835e-03,9.312499999999999944e-02
5.457599999999999951e-03,8.999999999999999667e-02
5.462400000000000068e-03,8.687500000000000777e-02
5.467200000000000185e-03,8.687500000000000777e-02
5.471999999999999434e-03,8.375000000000000500e-02
5.476799999999999551e-03,8.375000000000000500e-02
5.481599999999999667e-03,8.375000000000000500e-02
5.486399999999999784e-03,8.500000000000000611e-02
5.491199999999999901e-03,8.625000000000000722e-02
5.496000000000000017e-03,8.812500000000000888e-02
5.500800000000000134e-03,9.124999999999999778e-02
5.505599999999999383e-03,9.375000000000000000e-02
5.510399999999999500e-03,9.562500000000000167e-02
5.515199999999999617e-03,9.687500000000000278e-02
5.519999999999999733e-03,9.812500000000000389e-02
5.524799999999999850e-03,9.812500000000000389e-02
5.529599999999999967e-03,9.812500000000000389e-02
5.534400000000000083e-03,9.687500000000000278e-02
5.539199999999999333e-03,9.687500000000000278e-02
5.543999999999999449e-03,9.625000000000000222e-02
5.548799999999999566e-03,9.562500000000000167e-02
5.553599999999999683e-03,9.562500000000000167e-02
5.558399999999999799e-03,9.562500000000000167e-02
5.563199999999999916e-03,9.687500000000000278e-02
5.568000000000000033e-03,9.812500000000000389e-02
5.572800000000000149e-03,9.937500000000000500e-02
5.577599999999999399e-03,1.012500000000000067e-01
5.582399999999999515e-03,1.037500000000000089e-01
5.587199999999999632e-03,1.056249999999999967e-01
5.591999999999999749e-03,1.074999999999999983e-01
5.596799999999999865e-03,1.093750000000000000e-01
5.601599999999999982e-03,1.100000000000000006e-01
5.606400000000000099e-03,1.106250000000000011e-01
5.611199999999999348e-03,1.106250000000000011e-01
5.615999999999999465e-03,1.074999999999999983e-01
5.620799999999999581e-03,1.056249999999999967e-01
5.625599999999999698e-03,1.018750000000000072e-01
5.630399999999999815e-03,9.937500000000000500e-02
5.635199999999999931e-03,9.625000000000000222e-02
5.640000000000000048e-03,9.437500000000000056e-02
5.644800000000000165e-03,9.187499999999999833e-02
5.649599999999999414e-03,8.874999999999999556e-02
5.654399999999999531e-03,8.625000000000000722e-02
5.659199999999999647e-03,8.312500000000000444e-02
5.663999999999999764e-03,8.187500000000000333e-02
5.668799999999999881e-03,8.000000000000000167e-02
5.673599999999999997e-03,8.000000000000000167e-02
5.678400000000000114e-03,8.062500000000000222e-02
5.683199999999999363e-03,8.250000000000000389e-02
5.687999999999999480e-03,8.437500000000000555e-02
5.692799999999999597e-03,8.625000000000000722e-02
5.697599999999999713e-03,8.874999999999999556e-02
5.702399999999999830e-03,9.062499999999999722e-02
5.707199999999999947e-03,9.375000000000000000e-02
5.712000000000000063e-03,9.437500000000000056e-02
5.716799999999999313e-03,9.562500000000000167e-02
5.721599999999999429e-03,9.625000000000000222e-02
5.726399999999999546e-03,9.687500000000000278e-02
5.731199999999999663e-03,9.687500000000000278e-02
5.735999999999999779e-03,9.687500000000000278e-02
5.740799999999999896e-03,9.812500000000000389e-02
5.745600000000000013e-03,9.875000000000000444e-02
5.750400000000000129e-03,9.937500000000000500e-02
5.755199999999999379e-03,1.006250000000000061e-01
5.759999999999999495e-03,1.025000000000000078e-01
5.764799999999999612e-03,1.043749999999999956e-01
5.769599999999999729e-03,1.056249999999999967e-01
5.774399999999999845e-03,1.074999999999999983e-01
5.779199999999999962e-03,1.106250000000000011e-01
5.784000000000000079e-03,1.143750000000000044e-01
5.788799999999999328e-03,1.150000000000000050e-01
5.793599999999999445e-03,1.150000000000000050e-01
5.798399999999999561e-03,1.137500000000000039e-01
5.803199999999999678e-03,1.112500000000000017e-01
5.807999999999999795e-03,1.093750000000000000e-01
5.812799999999999911e-03,1.062499999999999972e-01
5.817600000000000028e-03,1.025000000000000078e-01
5.822400000000000145e-03,1.012500000000000067e-01
5.827199999999999394e-03,9.687500000000000278e-02
5.831999999999999511e-03,9.500000000000000111e-02
5.836799999999999627e-03,9.124999999999999778e-02
5.841599999999999744e-03,8.937499999999999611e-02
5.846399999999999861e-03,8.625000000000000722e-02
5.851199999999999977e-03,8.375000000000000500e-02
5.856000000000000094e-03,8.062500000000000222e-02
5.860799999999999343e-03,7.875000000000000056e-02
5.865599999999999460e-03,7.812500000000000000e-02
5.870399999999999577e-03,7.749999999999999944e-02
5.875199999999999693e-03,7.937500000000000111e-02
5.879999999999999810e-03,8.000000000000000167e-02
5.884799999999999927e-03,8.187500000000000333e-02
5.889600000000000043e-03,8.562500000000000666e-02
5.894400000000000160e-03,8.812500000000000888e-02
5.899199999999999409e-03,9.124999999999999778e-02
5.903999999999999526e-03,9.312499999999999944e-02
5.908799999999999643e-03,9.437500000000000056e-02
5.913599999999999760e-03,9.625000000000000222e-02
5.918399999999999876e-03,9.750000000000000333e-02
5.923199999999999993e-03,9.812500000000000389e-02
5.928000000000000110e-03,9.937500000000000500e-02
5.932799999999999359e-03,1.006250000000000061e-01
5.937599999999999476e-03,1.025000000000000078e-01
5.942399999999999592e-03,1.037500000000000089e-01
5.947199999999999709e-03,1.062499999999999972e-01
5.951999999999999826e-03,1.081249999999999989e-01
5.956799999999999942e-03,1.106250000000000011e-01
5.961600000000000059e-03,1.112500000000000017e-01
5.966399999999999308e-03,1.137500000000000039e-01
5.971199999999999425e-03,1.143750000000000044e-01
5.975999999999999542e-03,1.150000000000000050e-01
5.980799999999999658e-03,1.150000000000000050e-01
5.985599999999999775e-03,1.137500000000000039e-01
5.990399999999999892e-03,1.125000000000000028e-01
5.995200000000000008e-03,1.100000000000000006e-01
6.000000000000000125e-03,1.056249999999999967e-01
6.004799999999999374e-03,1.031249999999999944e-01
6.009599999999999491e-03,1.000000000000000056e-01
6.014399999999999608e-03,9.750000000000000333e-02
6.019199999999999724e-03,9.437500000000000056e-02
6.023999999999999841e-03,9.249999999999999889e-02
6.028799999999999958e-03,8.999999999999999667e-02
6.033600000000000074e-03,8.812500000000000888e-02
6.038399999999999324e-03,8.375000000000000500e-02
6.043199999999999440e-03,8.250000000000000389e-02
6.047999999999999557e-03,7.937500000000000111e-02
6.052799999999999674e-03,7.812500000000000000e-02
6.057599999999999790e-03,7.624999999999999833e-02
6.062399999999999907e-03,7.562499999999999778e-02
6.067200000000000024e-03,7.562499999999999778e-02
6.072000000000000140e-03,7.687499999999999889e-02
6.076799999999999390e-03,7.875000000000000056e-02
6.081599999999999506e-03,8.125000000000000278e-02
6.086399999999999623e-03,8.562500000000000666e-02
6.091199999999999740e-03,8.687500000000000777e-02
6.095999999999999856e-03,8.937499999999999611e-02
6.100799999999999973e-03,9.187499999999999833e-02
6.105600000000000090e-03,9.437500000000000056e-02
6.110399999999999339e-03,9.625000000000000222e-02
6.115199999999999456e-03,9.687500000000000278e-02
6.119999999999999572e-03,1.000000000000000056e-01
6.124799999999999689e-03,1.012500000000000067e-01
6.129599999999999806e-03,1.031249999999999944e-01
6.134399999999999922e-03,1.050000000000000100e-01
6.139200000000000039e-03,1.081249999999999989e-01
6.144000000000000156e-03,1.093750000000000000e-01
6.148799999999999405e-03,1.112500000000000017e-01
6.153599999999999522e-03,1.125000000000000028e-01
6.158399999999999638e-03,1.137500000000000039e-01
6.163199999999999755e-03,1.137500000000000039e-01
6.167999999999999872e-03,1.131250000000000033e-01
6.172799999999999988e-03,1.118750000000000022e-01
6.177600000000000105e-03,1.112500000000000017e-01
6.182399999999999354e-03,1.081249999999999989e-01
6.187199999999999471e-03,1.062499999999999972e-01
6.191999999999999588e-03,1.018750000000000072e-01
6.196799999999999704e-03,9.875000000000000444e-02
6.201599999999999821e-03,9.687500000000000278e-02
6.206399999999999938e-03,9.375000000000000000e-02
6.211200000000000054e-03,9.062499999999999722e-02
6.215999999999999304e-03,8.937499999999999611e-02
6.220799999999999420e-03,8.812500000000000888e-02
6.225599999999999537e-03,8.625000000000000722e-02
6.230399999999999654e-03,8.250000000000000389e-02
6.235199999999999770e-03,8.000000000000000167e-02
6.239999999999999887e-03,7.812500000000000000e-02
6.244800000000000004e-03,7.687499999999999889e-02
6.249600000000000120e-03,7.437499999999999667e-02
6.254399999999999370e-03,7.312499999999999556e-02
6.259199999999999486e-03,7.437499999999999667e-02
6.263999999999999603e-03,7.562499999999999778e-02
6.268799999999999720e-03,7.687499999999999889e-02
6.273599999999999836e-03,8.000000000000000167e-02
6.278399999999999953e-03,8.187500000000000333e-02
6.283200000000000070e-03,8.562500000000000666e-02
6.287999999999999319e-03,8.812500000000000888e-02
6.292799999999999436e-03,9.124999999999999778e-02
6.297599999999999552e-03,9.375000000000000000e-02
6.302399999999999669e-03,9.437500000000000056e-02
6.307199999999999786e-03,9.687500000000000278e-02
6.311999999999999902e-03,9.937500000000000500e-02
6.316800000000000019e-03,1.012500000000000067e-01
6.321600000000000136e-03,1.031249999999999944e-01
6.326399999999999385e-03,1.056249999999999967e-01
6.331199999999999502e-03,1.074999999999999983e-01
6.335999999999999618e-03,1.087499999999999994e-01
6.340799999999999735e-03,1.100000000000000006e-01
6.345599999999999852e-03,1.112500000000000017e-01
6.350399999999999968e-03,1.112500000000000017e-01
6.355200000000000085e-03,1.112500000000000017e-01
6.359999999999999334e-03,1.112500000000000017e-01
6.364799999999999451e-03,1.087499999999999994e-01
6.369599999999999568e-03,1.068749999999999978e-01
6.374399999999999684e-03,1.037500000000000089e-01
6.379199999999999801e-03,9.937500000000000500e-02
6.383999999999999918e-03,9.812500000000000389e-02
6.388800000000000034e-03,9.437500000000000056e-02
6.393599999999999284e-03,9.187499999999999833e-02
6.398399999999999400e-03,9.062499999999999722e-02
6.403199999999999517e-03,8.937499999999999611e-02
6.407999999999999634e-03,8.749999999999999445e-02
6.412799999999999750e-03,8.625000000000000722e-02
6.417599999999999867e-03,8.437500000000000555e-02
6.422399999999999984e-03,8.312500000000000444e-02
6.427200000000000100e-03,8.187500000000000333e-02
6.431999999999999350e-03,7.875000000000000056e-02
6.436799999999999466e-03,7.624999999999999833e-02
6.441599999999999583e-03,7.437499999999999667e-02
6.446399999999999700e-03,7.374999999999999611e-02
6.451199999999999816e-03,7.312499999999999556e-02
6.455999999999999933e-03,7.374999999999999611e-02
6.460800000000000050e-03,7.499999999999999722e-02
6.465599999999999299e-03,7.812500000000000000e-02
6.470399999999999416e-03,8.062500000000000222e-02
6.475199999999999532e-03,8.250000000000000389e-02
6.479999999999999649e-03,8.562500000000000666e-02
6.484799999999999766e-03,8.874999999999999556e-02
6.489599999999999883e-03,8.999999999999999667e-02
6.494399999999999999e-03,9.249999999999999889e-02
6.499200000000000116e-03,9.500000000000000111e-02
6.503999999999999365e-03,9.812500000000000389e-02
6.508799999999999482e-03,1.000000000000000056e-01
6.513599999999999599e-03,1.025000000000000078e-01
6.518399999999999715e-03,1.037500000000000089e-01
6.523199999999999832e-03,1.050000000000000100e-01
6.527999999999999949e-03,1.062499999999999972e-01
6.532800000000000065e-03,1.068749999999999978e-01
6.537599999999999315e-03,1.074999999999999983e-01
6.542399999999999431e-03,1.068749999999999978e-01
6.547199999999999548e-03,1.056249999999999967e-01
6.551999999999999665e-03,1.043749999999999956e-01
6.556799999999999781e-03,1.018750000000000072e-01
6.561599999999999898e-03,9.875000000000000444e-02
6.566400000000000015e-03,9.562500000000000167e-02
6.571200000000000131e-03,9.375000000000000000e-02
6.575999999999999381e-03,8.999999999999999667e-02
6.580799999999999497e-03,8.874999999999999556e-02
6.585599999999999614e-03,8.812500000000000888e-02
6.590399999999999731e-03,8.687500000000000777e-02
6.595199999999999847e-03,8.625000000000000722e-02
6.599999999999999964e-03,8.562500000000000666e-02
6.604800000000000081e-03,8.562500000000000666e-02
6.609599999999999330e-03,8.437500000000000555e-02
6.614399999999999447e-03,8.312500000000000444e-02
6.619199999999999563e-03,8.062500000000000222e-02
6.623999999999999680e-03,7.875000000000000056e-02
6.628799999999999797e-03,7.687499999999999889e-02
6.633599999999999913e-03,7.437499999999999667e-02
6.638400000000000030e-03,7.312499999999999556e-02
6.643199999999999279e-03,7.250000000000000888e-02
6.647999999999999396e-03,7.250000000000000888e-02
6.652799999999999513e-03,7.374999999999999611e-02
6.657599999999999629e-03,7.562499999999999778e-02
6.662399999999999746e-03,7.749999999999999944e-02
6.667199999999999863e-03,8.062500000000000222e-02
6.671999999999999979e-03,8.312500000000000444e-02
6.676800000000000096e-03,8.625000000000000722e-02
6.681599999999999345e-03,8.812500000000000888e-02
6.686399999999999462e-03,8.999999999999999667e-02
6.691199999999999579e-03,9.312499999999999944e-02
6.695999999999999695e-03,9.500000000000000111e-02
6.700799999999999812e-03,9.750000000000000333e-02
6.705599999999999929e-03,9.937500000000000500e-02
6.710400000000000045e-03,1.012500000000000067e-01
6.715199999999999295e-03,1.018750000000000072e-01
6.719999999999999411e-03,1.025000000000000078e-01
6.724799999999999528e-03,1.025000000000000078e-01
6.729599999999999645e-03,1.025000000000000078e-01
6.734399999999999761e-03,1.012500000000000067e-01
6.739199999999999878e-03,9.875000000000000444e-02
6.743999999999999995e-03,9.687500000000000278e-02
6.748800000000000111e-03,9.375000000000000000e-02
6.753599999999999361e-03,9.124999999999999778e-02
6.758399999999999477e-03,8.937499999999999611e-02
6.763199999999999594e-03,8.687500000000000777e-02
6.767999999999999711e-03,8.625000000000000722e-02
6.772799999999999827e-03,8.437500000000000555e-02
6.777599999999999944e-03,8.375000000000000500e-02
6.782400000000000061e-03,8.375000000000000500e-02
6.787199999999999310e-03,8.375000000000000500e-02
6.791999999999999427e-03,8.375000000000000500e-02
6.796799999999999543e-03,8.312500000000000444e-02
6.801599999999999660e-03,8.187500000000000333e-02
6.806399999999999777e-03,8.125000000000000278e-02
6.811199999999999893e-03,8.000000000000000167e-02
6.816000000000000010e-03,7.687499999999999889e-02
6.820799999999999259e-03,7.499999999999999722e-02
6.825599999999999376e-03,7.312499999999999556e-02
6.830399999999999493e-03,7.187499999999999445e-02
6.835199999999999609e-03,7.125000000000000777e-02
6.839999999999999726e-03,7.125000000000000777e-02
6.844799999999999843e-03,7.187499999999999445e-02
6.849599999999999959e-03,7.437499999999999667e-02
6.854400000000000076e-03,7.624999999999999833e-02
6.859199999999999325e-03,7.937500000000000111e-02
6.863999999999999442e-03,8.125000000000000278e-02
6.868799999999999559e-03,8.437500000000000555e-02
6.873599999999999675e-03,8.749999999999999445e-02
6.878399999999999792e-03,8.812500000000000888e-02
6.883199999999999909e-03,9.187499999999999833e-02
6.888000000000000025e-03,9.375000000000000000e-02
6.892799999999999275e-03,9.562500000000000167e-02
6.897599999999999391e-03,9.625000000000000222e-02
6.902399999999999508e-03,9.750000000000000333e-02
6.907199999999999625e-03,9.750000000000000333e-02
6.911999999999999741e-03,9.750000000000000333e-02
6.916799999999999858e-03,9.750000000000000333e-02
6.921599999999999975e-03,9.562500000000000167e-02
6.926400000000000091e-03,9.437500000000000056e-02
6.931199999999999341e-03,9.249999999999999889e-02
6.935999999999999457e-03,8.874999999999999556e-02
6.940799999999999574e-03,8.687500000000000777e-02
6.945599999999999691e-03,8.375000000000000500e-02
6.950399999999999807e-03,8.250000000000000389e-02
6.955199999999999924e-03,8.187500000000000333e-02
6.960000000000000041e-03,8.125000000000000278e-02
6.964799999999999290e-03,8.125000000000000278e-02
6.969599999999999407e-03,8.187500000000000333e-02
6.974399999999999523e-03,8.312500000000000444e-02
6.979199999999999640e-03,8.312500000000000444e-02
6.983999999999999757e-03,8.375000000000000500e-02
6.988799999999999873e-03,8.437500000000000555e-02
6.993599999999999990e-03,8.437500000000000555e-02
6.998400000000000107e-03,8.375000000000000500e-02
7.003199999999999356e-03,8.312500000000000444e-02
7.007999999999999473e-03,8.000000000000000167e-02
7.012799999999999589e-03,7.937500000000000111e-02
7.017599999999999706e-03,7.562499999999999778e-02
7.022399999999999823e-03,7.437499999999999667e-02
7.027199999999999940e-03,7.250000000000000888e-02
7.032000000000000056e-03,7.250000000000000888e-02
7.036799999999999305e-03,7.312499999999999556e-02
7.041599999999999422e-03,7.312499999999999556e-02
7.046399999999999539e-03,7.499999999999999722e-02
7.051199999999999656e-03,7.687499999999999889e-02
7.055999999999999772e-03,7.937500000000000111e-02
7.060799999999999889e-03,8.000000000000000167e-02
7.065600000000000006e-03,8.250000000000000389e-02
7.070399999999999255e-03,8.500000000000000611e-02
7.075199999999999372e-03,8.625000000000000722e-02
7.079999999999999488e-03,8.812500000000000888e-02
7.084799999999999605e-03,8.874999999999999556e-02
7.089599999999999722e-03,8.937499999999999611e-02
7.094399999999999838e-03,8.937499999999999611e-02
7.099199999999999955e-03,8.937499999999999611e-02
7.104000000000000072e-03,8.749999999999999445e-02
7.108799999999999321e-03,8.625000000000000722e-02
7.113599999999999438e-03,8.375000000000000500e-02
7.118399999999999554e-03,8.250000000000000389e-02
7.123199999999999671e-03,7.937500000000000111e-02
7.127999999999999788e-03,7.687499999999999889e-02
7.132799999999999904e-03,7.562499999999999778e-02
7.137600000000000021e-03,7.437499999999999667e-02
7.142399999999999270e-03,7.437499999999999667e-02
7.147199999999999387e-03,7.437499999999999667e-02
7.151999999999999504e-03,7.499999999999999722e-02
7.156799999999999620e-03,7.749999999999999944e-02
7.161599999999999737e-03,7.875000000000000056e-02
7.166399999999999854e-03,7.937500000000000111e-02
7.171199999999999970e-03,8.125000000000000278e-02
7.176000000000000087e-03,8.375000000000000500e-02
7.180799999999999336e-03,8.437500000000000555e-02
7.185599999999999453e-03,8.500000000000000611e-02
7.190399999999999570e-03,8.500000000000000611e-02
7.195199999999999686e-03,8.437500000000000555e-02
7.199999999999999803e-03,8.312500000000000444e-02
7.204799999999999920e-03,8.062500000000000222e-02
7.209600000000000036e-03,7.875000000000000056e-02
7.214399999999999286e-03,7.624999999999999833e-02
7.219199999999999402e-03,7.437499999999999667e-02
7.223999999999999519e-03,7.312499999999999556e-02
7.228799999999999636e-03,7.312499999999999556e-02
7.233599999999999752e-03,7.250000000000000888e-02
7.238399999999999869e-03,7.374999999999999611e-02
7.243199999999999986e-03,7.562499999999999778e-02
7.248000000000000102e-03,7.687499999999999889e-02
7.252799999999999352e-03,7.812500000000000000e-02
7.257599999999999468e-03,8.062500000000000222e-02
7.262399999999999585e-03,8.125000000000000278e-02
7.267199999999999702e-03,8.250000000000000389e-02
7.271999999999999818e-03,8.375000000000000500e-02
7.276799999999999935e-03,8.375000000000000500e-02
7.281600000000000052e-03,8.375000000000000500e-02
7.286399999999999301e-03,8.250000000000000389e-02
7.291199999999999418e-03,8.250000000000000389e-02
7.295999999999999534e-03,8.125000000000000278e-02
7.300799999999999651e-03,7.937500000000000111e-02
7.305599999999999768e-03,7.687499999999999889e-02
7.310399999999999884e-03,7.562499999999999778e-02
7.315200000000000001e-03,7.312499999999999556e-02
7.319999999999999250e-03,7.125000000000000777e-02
7.324799999999999367e-03,7.000000000000000666e-02
7.329599999999999484e-03,6.875000000000000555e-02
7.334399999999999600e-03,6.937500000000000611e-02
7.339199999999999717e-03,7.062500000000000722e-02
7.343999999999999834e-03,7.250000000000000888e-02
7.348799999999999950e-03,7.437499999999999667e-02
7.353600000000000067e-03,7.624999999999999833e-02
7.358399999999999316e-03,7.875000000000000056e-02
7.363199999999999433e-03,8.000000000000000167e-02
7.367999999999999550e-03,8.250000000000000389e-02
7.372799999999999666e-03,8.312500000000000444e-02
7.377599999999999783e-03,8.375000000000000500e-02
7.382399999999999900e-03,8.437500000000000555e-02
7.387200000000000016e-03,8.312500000000000444e-02
7.391999999999999266e-03,8.187500000000000333e-02
7.396799999999999382e-03,8.000000000000000167e-02
7.401599999999999499e-03,7.875000000000000056e-02
7.406399999999999616e-03,7.624999999999999833e-02
7.411199999999999732e-03,7.374999999999999611e-02
7.415999999999999849e-03,7.312499999999999556e-02
7.420799999999999966e-03,7.187499999999999445e-02
7.425600000000000082e-03,7.250000000000000888e-02
7.430399999999999332e-03,7.312499999999999556e-02
7.435199999999999448e-03,7.499999999999999722e-02
7.439999999999999565e-03,7.624999999999999833e-02
7.444799999999999682e-03,7.812500000000000000e-02
7.449599999999999798e-03,7.875000000000000056e-02
7.454399999999999915e-03,8.000000000000000167e-02
7.459200000000000032e-03,8.125000000000000278e-02
7.463999999999999281e-03,8.187500000000000333e-02
7.468799999999999398e-03,8.125000000000000278e-02
7.473599999999999514e-03,8.125000000000000278e-02
7.478399999999999631e-03,8.062500000000000222e-02
7.483199999999999748e-03,7.875000000000000056e-02
7.487999999999999864e-03,7.687499999999999889e-02
7.492799999999999981e-03,7.499999999999999722e-02
7.497599999999999230e-03,7.312499999999999556e-02
7.502399999999999347e-03,7.062500000000000722e-02
7.507199999999999464e-03,6.937500000000000611e-02
7.511999999999999580e-03,6.875000000000000555e-02
7.516799999999999697e-03,6.750000000000000444e-02
7.521599999999999814e-03,6.750000000000000444e-02
7.526399999999999930e-03,6.875000000000000555e-02
7.531200000000000047e-03,7.000000000000000666e-02
7.535999999999999296e-03,7.250000000000000888e-02
7.540799999999999413e-03,7.499999999999999722e-02
7.545599999999999530e-03,7.624999999999999833e-02
7.550399999999999646e-03,7.875000000000000056e-02
7.555199999999999763e-03,8.125000000000000278e-02
7.559999999999999880e-03,8.250000000000000389e-02
7.564799999999999996e-03,8.437500000000000555e-02
7.569599999999999246e-03,8.500000000000000611e-02
7.574399999999999362e-03,8.562500000000000666e-02
7.579199999999999479e-03,8.500000000000000611e-02
7.583999999999999596e-03,8.437500000000000555e-02
7.588799999999999712e-03,8.250000000000000389e-02
7.593599999999999829e-03,8.000000000000000167e-02
7.598399999999999946e-03,7.749999999999999944e-02
7.603200000000000063e-03,7.562499999999999778e-02
7.607999999999999312e-03,7.374999999999999611e-02
7.612799999999999429e-03,7.374999999999999611e-02
7.617599999999999545e-03,7.312499999999999556e-02
7.622399999999999662e-03,7.312499999999999556e-02
7.627199999999999779e-03,7.437499999999999667e-02
7.631999999999999895e-03,7.499999999999999722e-02
7.636800000000000012e-03,7.687499999999999889e-02
7.641599999999999261e-03,7.749999999999999944e-02
7.646399999999999378e-03,7.875000000000000056e-02
7.651199999999999495e-03,7.875000000000000056e-02
7.655999999999999611e-03,7.875000000000000056e-02
7.660799999999999728e-03,7.812500000000000000e-02
7.665599999999999845e-03,7.687499999999999889e-02
7.670399999999999961e-03,7.562499999999999778e-02
7.675200000000000078e-03,7.374999999999999611e-02
7.679999999999999327e-03,7.250000000000000888e-02
7.684799999999999444e-03,7.062500000000000722e-02
7.689599999999999561e-03,6.875000000000000555e-02
7.694399999999999677e-03,6.750000000000000444e-02
7.699199999999999794e-03,6.500000000000000222e-02
7.703999999999999911e-03,6.500000000000000222e-02
7.708800000000000027e-03,6.437500000000000167e-02
7.713599999999999277e-03,6.625000000000000333e-02
7.718399999999999393e-03,6.750000000000000444e-02
7.723199999999999510e-03,6.937500000000000611e-02
7.727999999999999627e-03,7.187499999999999445e-02
7.732799999999999743e-03,7.499999999999999722e-02
7.737599999999999860e-03,7.749999999999999944e-02
7.742399999999999977e-03,7.875000000000000056e-02
7.747199999999999226e-03,8.062500000000000222e-02
7.751999999999999343e-03,8.250000000000000389e-02
7.756799999999999459e-03,8.500000000000000611e-02
7.761599999999999576e-03,8.625000000000000722e-02
7.766399999999999693e-03,8.687500000000000777e-02
7.771199999999999809e-03,8.562500000000000666e-02
7.775999999999999926e-03,8.437500000000000555e-02
7.780800000000000043e-03,8.312500000000000444e-02
7.785599999999999292e-03,8.062500000000000222e-02
7.790399999999999409e-03,7.812500000000000000e-02
7.795199999999999525e-03,7.562499999999999778e-02
7.799999999999999642e-03,7.499999999999999722e-02
7.804799999999999759e-03,7.374999999999999611e-02
7.809599999999999875e-03,7.312499999999999556e-02
7.814399999999999125e-03,7.374999999999999611e-02
7.819200000000000109e-03,7.437499999999999667e-02
7.823999999999999358e-03,7.562499999999999778e-02
7.828800000000000342e-03,7.624999999999999833e-02
7.833599999999999591e-03,7.624999999999999833e-02
7.838399999999998841e-03,7.749999999999999944e-02
7.843199999999999825e-03,7.749999999999999944e-02
7.847999999999999074e-03,7.687499999999999889e-02
7.852800000000000058e-03,7.562499999999999778e-02
7.857599999999999307e-03,7.437499999999999667e-02
7.862400000000000291e-03,7.312499999999999556e-02
7.867199999999999541e-03,7.187499999999999445e-02
7.871999999999998790e-03,7.000000000000000666e-02
7.876799999999999774e-03,6.687500000000000389e-02
7.881599999999999023e-03,6.625000000000000333e-02
7.886400000000000007e-03,6.437500000000000167e-02
7.891199999999999257e-03,6.375000000000000111e-02
7.896000000000000241e-03,6.375000000000000111e-02
7.900799999999999490e-03,6.437500000000000167e-02
7.905600000000000474e-03,6.625000000000000333e-02
7.910399999999999723e-03,6.750000000000000444e-02
7.915199999999998973e-03,7.062500000000000722e-02
7.919999999999999957e-03,7.250000000000000888e-02
7.924799999999999206e-03,7.437499999999999667e-02
7.929600000000000190e-03,7.812500000000000000e-02
7.934399999999999439e-03,8.000000000000000167e-02
7.939200000000000423e-03,8.250000000000000389e-02
7.943999999999999673e-03,8.437500000000000555e-02
7.948799999999998922e-03,8.562500000000000666e-02
7.953599999999999906e-03,8.687500000000000777e-02
7.958399999999999155e-03,8.749999999999999445e-02
7.963200000000000139e-03,8.687500000000000777e-02
7.967999999999999389e-03,8.625000000000000722e-02
7.972800000000000373e-03,8.375000000000000500e-02
7.977599999999999622e-03,8.062500000000000222e-02
7.982399999999998871e-03,7.875000000000000056e-02
7.987199999999999855e-03,7.687499999999999889e-02
7.991999999999999105e-03,7.562499999999999778e-02
7.996800000000000089e-03,7.437499999999999667e-02
8.001599999999999338e-03,7.437499999999999667e-02
8.006400000000000322e-03,7.374999999999999611e-02
8.011199999999999571e-03,7.437499999999999667e-02
8.015999999999998821e-03,7.437499999999999667e-02
8.020799999999999805e-03,7.499999999999999722e-02
8.025599999999999054e-03,7.499999999999999722e-02
8.030400000000000038e-03,7.499999999999999722e-02
8.035199999999999287e-03,7.437499999999999667e-02
8.040000000000000271e-03,7.250000000000000888e-02
8.044799999999999521e-03,7.125000000000000777e-02
8.049599999999998770e-03,7.062500000000000722e-02
8.054399999999999754e-03,6.937500000000000611e-02
8.059199999999999003e-03,6.687500000000000389e-02
8.063999999999999987e-03,6.562500000000000278e-02
8.068799999999999237e-03,6.375000000000000111e-02
8.073600000000000221e-03,6.250000000000000000e-02
8.078399999999999470e-03,6.124999999999999889e-02
8.083200000000000454e-03,6.124999999999999889e-02
8.087999999999999703e-03,6.187499999999999944e-02
8.092799999999998953e-03,6.250000000000000000e-02
8.097599999999999937e-03,6.500000000000000222e-02
8.102399999999999186e-03,6.750000000000000444e-02
8.107200000000000170e-03,7.125000000000000777e-02
8.111999999999999419e-03,7.250000000000000888e-02
8.116800000000000403e-03,7.687499999999999889e-02
8.121599999999999653e-03,7.875000000000000056e-02
8.126399999999998902e-03,8.062500000000000222e-02
8.131199999999999886e-03,8.312500000000000444e-02
8.135999999999999135e-03,8.625000000000000722e-02
8.140800000000000120e-03,8.687500000000000777e-02
8.145599999999999369e-03,8.874999999999999556e-02
8.150400000000000353e-03,8.937499999999999611e-02
8.155199999999999602e-03,8.937499999999999611e-02
8.159999999999998851e-03,8.812500000000000888e-02
8.164799999999999836e-03,8.687500000000000777e-02
8.169599999999999085e-03,8.375000000000000500e-02
8.174400000000000069e-03,8.187500000000000333e-02
8.179199999999999318e-03,7.875000000000000056e-02
8.184000000000000302e-03,7.875000000000000056e-02
8.188799999999999552e-03,7.624999999999999833e-02
8.193599999999998801e-03,7.437499999999999667e-02
8.198399999999999785e-03,7.437499999999999667e-02
8.203199999999999034e-03,7.437499999999999667e-02
8.208000000000000018e-03,7.374999999999999611e-02
8.212799999999999268e-03,7.374999999999999611e-02
8.217600000000000252e-03,7.250000000000000888e-02
8.222399999999999501e-03,7.187499999999999445e-02
8.227200000000000485e-03,7.062500000000000722e-02
8.231999999999999734e-03,6.875000000000000555e-02
8.236799999999998984e-03,6.812500000000000500e-02
8.241599999999999968e-03,6.562500000000000278e-02
8.246399999999999217e-03,6.375000000000000111e-02
8.251200000000000201e-03,6.187499999999999944e-02
8.255999999999999450e-03,6.062499999999999833e-02
8.260800000000000434e-03,5.937499999999999722e-02
8.265599999999999684e-03,5.937499999999999722e-02
8.270399999999998933e-03,5.874999999999999667e-02
8.275199999999999917e-03,6.062499999999999833e-02
8.279999999999999166e-03,6.187499999999999944e-02
8.284800000000000150e-03,6.375000000000000111e-02
8.289599999999999400e-03,6.625000000000000333e-02
8.294400000000000384e-03,7.000000000000000666e-02
8.299199999999999633e-03,7.312499999999999556e-02
8.303999999999998882e-03,7.499999999999999722e-02
8.308799999999999866e-03,7.812500000000000000e-02
8.313599999999999116e-03,8.000000000000000167e-02
8.318400000000000100e-03,8.187500000000000333e-02
8.323199999999999349e-03,8.437500000000000555e-02
8.328000000000000333e-03,8.687500000000000777e-02
8.332799999999999582e-03,8.874999999999999556e-02
8.337599999999998832e-03,8.999999999999999667e-02
8.342399999999999816e-03,9.187499999999999833e-02
8.347199999999999065e-03,9.187499999999999833e-02
8.352000000000000049e-03,9.062499999999999722e-02
8.356799999999999298e-03,8.937499999999999611e-02
8.361600000000000282e-03,8.749999999999999445e-02
8.366399999999999532e-03,8.437500000000000555e-02
8.371199999999998781e-03,8.312500000000000444e-02
8.375999999999999765e-03,8.125000000000000278e-02
8.380799999999999014e-03,7.875000000000000056e-02
8.385599999999999998e-03,7.687499999999999889e-02
8.390399999999999248e-03,7.624999999999999833e-02
8.395200000000000232e-03,7.437499999999999667e-02
8.399999999999999481e-03,7.312499999999999556e-02
8.404800000000000465e-03,7.250000000000000888e-02
8.409599999999999714e-03,7.187499999999999445e-02
8.414399999999998964e-03,6.937500000000000611e-02
8.419199999999999948e-03,6.875000000000000555e-02
8.423999999999999197e-03,6.750000000000000444e-02
8.428800000000000181e-03,6.437500000000000167e-02
8.433599999999999430e-03,6.312500000000000056e-02
8.438400000000000414e-03,6.124999999999999889e-02
8.443199999999999664e-03,5.999999999999999778e-02
8.447999999999998913e-03,5.874999999999999667e-02
8.452799999999999897e-03,5.937499999999999722e-02
8.457599999999999146e-03,5.937499999999999722e-02
8.462400000000000130e-03,6.062499999999999833e-02
8.467199999999999380e-03,6.187499999999999944e-02
8.472000000000000364e-03,6.500000000000000222e-02
8.476799999999999613e-03,6.750000000000000444e-02
8.481599999999998862e-03,7.000000000000000666e-02
8.486399999999999846e-03,7.250000000000000888e-02
8.491199999999999096e-03,7.624999999999999833e-02
8.496000000000000080e-03,7.687499999999999889e-02
8.500799999999999329e-03,7.937500000000000111e-02
8.505600000000000313e-03,8.125000000000000278e-02
8.510399999999999562e-03,8.312500000000000444e-02
8.515199999999998812e-03,8.500000000000000611e-02
8.519999999999999796e-03,8.812500000000000888e-02
8.524799999999999045e-03,8.937499999999999611e-02
8.529600000000000029e-03,9.187499999999999833e-02
8.534399999999999278e-03,9.375000000000000000e-02
8.539200000000000262e-03,9.375000000000000000e-02
8.543999999999999512e-03,9.312499999999999944e-02
8.548799999999998761e-03,9.187499999999999833e-02
8.553599999999999745e-03,8.999999999999999667e-02
8.558399999999998994e-03,8.812500000000000888e-02
8.563199999999999978e-03,8.562500000000000666e-02
8.567999999999999228e-03,8.437500000000000555e-02
8.572800000000000212e-03,8.062500000000000222e-02
8.577599999999999461e-03,7.875000000000000056e-02
8.582400000000000445e-03,7.687499999999999889e-02
8.587199999999999694e-03,7.562499999999999778e-02
8.591999999999998944e-03,7.374999999999999611e-02
8.596799999999999928e-03,7.187499999999999445e-02
8.601599999999999177e-03,7.062500000000000722e-02
8.606400000000000161e-03,6.937500000000000611e-02
8.611199999999999410e-03,6.687500000000000389e-02
8.616000000000000394e-03,6.500000000000000222e-02
8.620799999999999644e-03,6.375000000000000111e-02
8.625599999999998893e-03,6.124999999999999889e-02
8.630399999999999877e-03,6.062499999999999833e-02
8.635199999999999126e-03,6.062499999999999833e-02
8.640000000000000110e-03,5.999999999999999778e-02
8.644799999999999360e-03,6.062499999999999833e-02
8.649600000000000344e-03,6.187499999999999944e-02
8.654399999999999593e-03,6.250000000000000000e-02
8.659199999999998842e-03,6.625000000000000333e-02
8.663999999999999826e-03,6.875000000000000555e-02
8.668799999999999076e-03,7.125000000000000777e-02
8.673600000000000060e-03,7.499999999999999722e-02
8.678399999999999309e-03,7.624999999999999833e-02
8.683200000000000293e-03,7.749999999999999944e-02
8.687999999999999542e-03,7.937500000000000111e-02
8.692799999999998792e-03,8.187500000000000333e-02
8.697599999999999776e-03,8.375000000000000500e-02
8.702399999999999025e-03,8.375000000000000500e-02
8.707200000000000009e-03,8.562500000000000666e-02
8.711999999999999258e-03,8.874999999999999556e-02
8.716800000000000243e-03,8.999999999999999667e-02
8.721599999999999492e-03,9.249999999999999889e-02
8.726399999999998741e-03,9.437500000000000056e-02
8.731199999999999725e-03,9.500000000000000111e-02
8.735999999999998974e-03,9.437500000000000056e-02
8.740799999999999959e-03,9.375000000000000000e-02
8.745599999999999208e-03,9.312499999999999944e-02
8.750400000000000192e-03,8.999999999999999667e-02
8.755199999999999441e-03,8.687500000000000777e-02
8.760000000000000425e-03,8.500000000000000611e-02
8.764799999999999675e-03,8.312500000000000444e-02
8.769599999999998924e-03,8.187500000000000333e-02
8.774399999999999908e-03,7.875000000000000056e-02
8.779199999999999157e-03,7.624999999999999833e-02
8.784000000000000141e-03,7.499999999999999722e-02
8.788799999999999391e-03,7.250000000000000888e-02
8.793600000000000375e-03,7.000000000000000666e-02
8.798399999999999624e-03,6.812500000000000500e-02
8.803199999999998873e-03,6.687500000000000389e-02
8.807999999999999857e-03,6.562500000000000278e-02
8.812799999999999107e-03,6.375000000000000111e-02
8.817600000000000091e-03,6.312500000000000056e-02
8.822399999999999340e-03,6.250000000000000000e-02
8.827200000000000324e-03,6.250000000000000000e-02
8.831999999999999573e-03,6.250000000000000000e-02
8.836799999999998823e-03,6.375000000000000111e-02
8.841599999999999807e-03,6.562500000000000278e-02
8.846399999999999056e-03,6.875000000000000555e-02
8.851200000000000040e-03,7.062500000000000722e-02
8.855999999999999289e-03,7.499999999999999722e-02
8.860800000000000273e-03,7.562499999999999778e-02
8.865599999999999523e-03,7.812500000000000000e-02
8.870399999999998772e-03,8.000000000000000167e-02
8.875199999999999756e-03,8.125000000000000278e-02
8.879999999999999005e-03,8.312500000000000444e-02
8.884799999999999989e-03,8.375000000000000500e-02
8.889599999999999239e-03,8.437500000000000555e-02
8.894400000000000223e-03,8.625000000000000722e-02
8.899199999999999472e-03,8.687500000000000777e-02
8.904000000000000456e-03,9.062499999999999722e-02
8.908799999999999705e-03,9.062499999999999722e-02
8.913599999999998955e-03,9.375000000000000000e-02
8.918399999999999939e-03,9.562500000000000167e-02
8.923199999999999188e-03,9.687500000000000278e-02
8.928000000000000172e-03,9.625000000000000222e-02
8.932799999999999421e-03,9.625000000000000222e-02
8.937600000000000405e-03,9.437500000000000056e-02
8.942399999999999655e-03,9.312499999999999944e-02
8.947199999999998904e-03,8.999999999999999667e-02
8.951999999999999888e-03,8.874999999999999556e-02
8.956799999999999137e-03,8.375000000000000500e-02
8.961600000000000121e-03,8.312500000000000444e-02
8.966399999999999371e-03,8.000000000000000167e-02
8.971200000000000355e-03,7.749999999999999944e-02
8.975999999999999604e-03,7.624999999999999833e-02
8.980799999999998853e-03,7.437499999999999667e-02
8.985599999999999837e-03,7.125000000000000777e-02
8.990399999999999087e-03,7.000000000000000666e-02
8.995200000000000071e-03,6.812500000000000500e-02
8.999999999999999320e-03,6.625000000000000333e-02
9.004800000000000304e-03,6.500000000000000222e-02
9.009599999999999553e-03,6.500000000000000222e-02
9.014399999999998803e-03,6.437500000000000167e-02
9.019199999999999787e-03,6.500000000000000222e-02
9.023999999999999036e-03,6.625000000000000333e-02
9.028800000000000020e-03,6.750000000000000444e-02
9.033599999999999269e-03,6.937500000000000611e-02
9.038400000000000253e-03,7.250000000000000888e-02
9.043199999999999503e-03,7.562499999999999778e-02
9.047999999999998752e-03,7.687499999999999889e-02
9.052799999999999736e-03,7.875000000000000056e-02
9.057599999999998985e-03,8.125000000000000278e-02
9.062399999999999969e-03,8.187500000000000333e-02
9.067199999999999219e-03,8.375000000000000500e-02
9.072000000000000203e-03,8.437500000000000555e-02
9.076799999999999452e-03,8.500000000000000611e-02
9.081600000000000436e-03,8.562500000000000666e-02
9.086399999999999685e-03,8.687500000000000777e-02
9.091199999999998935e-03,8.874999999999999556e-02
9.095999999999999919e-03,8.999999999999999667e-02
9.100799999999999168e-03,9.249999999999999889e-02
9.105600000000000152e-03,9.437500000000000056e-02
9.110399999999999401e-03,9.625000000000000222e-02
9.115200000000000385e-03,9.625000000000000222e-02
9.119999999999999635e-03,9.625000000000000222e-02
9.124799999999998884e-03,9.562500000000000167e-02
9.129599999999999868e-03,9.500000000000000111e-02
9.134399999999999117e-03,9.249999999999999889e-02
9.139200000000000101e-03,8.937499999999999611e-02
9.143999999999999351e-03,8.749999999999999445e-02
9.148800000000000335e-03,8.437500000000000555e-02
9.153599999999999584e-03,8.250000000000000389e-02
9.158399999999998833e-03,8.000000000000000167e-02
9.163199999999999817e-03,7.875000000000000056e-02
9.167999999999999067e-03,7.562499999999999778e-02
9.172800000000000051e-03,7.437499999999999667e-02
9.177599999999999300e-03,7.187499999999999445e-02
9.182400000000000284e-03,7.000000000000000666e-02
9.187199999999999533e-03,6.812500000000000500e-02
9.191999999999998783e-03,6.687500000000000389e-02
9.196799999999999767e-03,6.625000000000000333e-02
9.201599999999999016e-03,6.500000000000000222e-02
9.206400000000000000e-03,6.500000000000000222e-02
9.211199999999999249e-03,6.687500000000000389e-02
9.216000000000000233e-03,6.750000000000000444e-02
9.220799999999999483e-03,6.875000000000000555e-02
9.225599999999998732e-03,7.187499999999999445e-02
9.230399999999999716e-03,7.437499999999999667e-02
9.235199999999998965e-03,7.749999999999999944e-02
9.239999999999999949e-03,7.937500000000000111e-02
9.244799999999999199e-03,8.062500000000000222e-02
9.249600000000000183e-03,8.187500000000000333e-02
9.254399999999999432e-03,8.250000000000000389e-02
9.259200000000000416e-03,8.375000000000000500e-02
9.263999999999999665e-03,8.437500000000000555e-02
9.268799999999998915e-03,8.500000000000000611e-02
9.273599999999999899e-03,8.562500000000000666e-02
9.278399999999999148e-03,8.687500000000000777e-02
9.283200000000000132e-03,8.812500000000000888e-02
9.287999999999999381e-03,8.937499999999999611e-02
9.292800000000000366e-03,9.124999999999999778e-02
9.297599999999999615e-03,9.437500000000000056e-02
9.302399999999998864e-03,9.562500000000000167e-02
9.307199999999999848e-03,9.687500000000000278e-02
9.311999999999999097e-03,9.687500000000000278e-02
9.316800000000000082e-03,9.625000000000000222e-02
9.321599999999999331e-03,9.562500000000000167e-02
9.326400000000000315e-03,9.312499999999999944e-02
9.331199999999999564e-03,8.999999999999999667e-02
9.335999999999998814e-03,8.874999999999999556e-02
9.340799999999999798e-03,8.562500000000000666e-02
9.345599999999999047e-03,8.312500000000000444e-02
9.350400000000000031e-03,8.062500000000000222e-02
9.355199999999999280e-03,7.875000000000000056e-02
9.360000000000000264e-03,7.749999999999999944e-02
9.364799999999999514e-03,7.437499999999999667e-02
9.369599999999998763e-03,7.312499999999999556e-02
9.374399999999999747e-03,7.125000000000000777e-02
9.379199999999998996e-03,7.000000000000000666e-02
9.383999999999999980e-03,6.937500000000000611e-02
9.388799999999999230e-03,6.875000000000000555e-02
9.393600000000000214e-03,6.875000000000000555e-02
9.398399999999999463e-03,7.000000000000000666e-02
9.403199999999998712e-03,7.125000000000000777e-02
9.407999999999999696e-03,7.312499999999999556e-02
9.412799999999998946e-03,7.624999999999999833e-02
9.417599999999999930e-03,7.812500000000000000e-02
9.422399999999999179e-03,8.125000000000000278e-02
9.427200000000000163e-03,8.250000000000000389e-02
9.431999999999999412e-03,8.375000000000000500e-02
9.436800000000000396e-03,8.500000000000000611e-02
9.441599999999999646e-03,8.562500000000000666e-02
9.446399999999998895e-03,8.562500000000000666e-02
9.451199999999999879e-03,8.562500000000000666e-02
9.455999999999999128e-03,8.562500000000000666e-02
9.460800000000000112e-03,8.562500000000000666e-02
9.465599999999999362e-03,8.562500000000000666e-02
9.470400000000000346e-03,8.625000000000000722e-02
9.475199999999999595e-03,8.687500000000000777e-02
9.479999999999998844e-03,8.937499999999999611e-02
9.484799999999999828e-03,8.999999999999999667e-02
9.489599999999999078e-03,9.249999999999999889e-02
9.494400000000000062e-03,9.500000000000000111e-02
9.499199999999999311e-03,9.625000000000000222e-02
9.504000000000000295e-03,9.812500000000000389e-02
9.508799999999999544e-03,9.812500000000000389e-02
9.513599999999998794e-03,9.687500000000000278e-02
9.518399999999999778e-03,9.625000000000000222e-02
9.523199999999999027e-03,9.375000000000000000e-02
9.528000000000000011e-03,9.124999999999999778e-02
9.532799999999999260e-03,8.812500000000000888e-02
9.537600000000000244e-03,8.625000000000000722e-02
9.542399999999999494e-03,8.500000000000000611e-02
9.547199999999998743e-03,8.187500000000000333e-02
9.551999999999999727e-03,7.937500000000000111e-02
9.556799999999998976e-03,7.687499999999999889e-02
9.561599999999999960e-03,7.499999999999999722e-02
9.566399999999999210e-03,7.374999999999999611e-02
9.571200000000000194e-03,7.312499999999999556e-02
9.575999999999999443e-03,7.250000000000000888e-02
9.580800000000000427e-03,7.374999999999999611e-02
9.585599999999999676e-03,7.562499999999999778e-02
9.590399999999998926e-03,7.749999999999999944e-02
9.595199999999999910e-03,8.000000000000000167e-02
