ELECTRODE=TUNGSTEN, TIME=50, POLING_VOLTAGE=4500, WAVELENGTH=1.55e-06, EFFECTIVE_DISTANCE=4.11e-05, POLED_LENGTH=0.3, CORE_INDEX=1.45, POLE=MAX, AC_VOLTAGE=1187, AC_FREQUENCY=1250, PIEZO_FREQUENCY=25.0
Time(s),Voltage(V)
0.000000000000000000e+00,8.124400000000001065e-02
2.000000000000000164e-05,8.280700000000000560e-02
4.000000000000000327e-05,8.593300000000000938e-02
6.000000000000000830e-05,9.531100000000000683e-02
8.000000000000000654e-05,1.015630000000000005e-01
1.000000000000000048e-04,9.843700000000001060e-02
1.200000000000000166e-04,9.531100000000000683e-02
1.400000000000000148e-04,9.062200000000000810e-02
1.600000000000000131e-04,8.749600000000000433e-02
1.800000000000000113e-04,8.124400000000001065e-02
2.000000000000000096e-04,7.811800000000000688e-02
2.200000000000000078e-04,6.874000000000000943e-02
2.400000000000000332e-04,6.717700000000001448e-02
2.600000000000000314e-04,6.405099999999999683e-02
2.800000000000000297e-04,6.561400000000000565e-02
3.000000000000000279e-04,6.092500000000000693e-02
3.200000000000000262e-04,6.092500000000000693e-02
3.400000000000000244e-04,7.655500000000001193e-02
3.600000000000000227e-04,8.280700000000000560e-02
3.800000000000000209e-04,8.905899999999999928e-02
4.000000000000000192e-04,9.687400000000000178e-02
4.200000000000000174e-04,1.046890000000000043e-01
4.400000000000000157e-04,1.125040000000000068e-01
4.600000000000000139e-04,1.171930000000000055e-01
4.800000000000000664e-04,1.203190000000000093e-01
5.000000000000000104e-04,1.250080000000000080e-01
5.200000000000000629e-04,1.281339999999999979e-01
5.400000000000000069e-04,1.296970000000000067e-01
5.600000000000000594e-04,1.328229999999999966e-01
5.800000000000000034e-04,1.296970000000000067e-01
6.000000000000000559e-04,1.203190000000000093e-01
6.199999999999999999e-04,1.109410000000000118e-01
6.400000000000000524e-04,1.015630000000000005e-01
6.600000000000001048e-04,9.218500000000000305e-02
6.800000000000000488e-04,8.124400000000001065e-02
7.000000000000001013e-04,7.655500000000001193e-02
7.200000000000000453e-04,7.030300000000000438e-02
7.400000000000000978e-04,7.030300000000000438e-02
7.600000000000000418e-04,7.186600000000001320e-02
7.800000000000000943e-04,7.655500000000001193e-02
8.000000000000000383e-04,8.124400000000001065e-02
8.200000000000000908e-04,8.749600000000000433e-02
8.400000000000000348e-04,8.593300000000000938e-02
8.600000000000000873e-04,8.437000000000000055e-02
8.800000000000000313e-04,7.655500000000001193e-02
9.000000000000000838e-04,7.342900000000000815e-02
9.200000000000000278e-04,6.405099999999999683e-02
9.400000000000000803e-04,6.092500000000000693e-02
9.600000000000001327e-04,5.467300000000000632e-02
9.800000000000001852e-04,5.154700000000000948e-02
1.000000000000000021e-03,4.685800000000001075e-02
1.020000000000000073e-03,4.529500000000000887e-02
1.040000000000000126e-03,4.060600000000001014e-02
1.060000000000000178e-03,3.904300000000000825e-02
1.080000000000000014e-03,3.591700000000000448e-02
1.100000000000000066e-03,3.748000000000001330e-02
1.120000000000000119e-03,4.685800000000001075e-02
1.140000000000000171e-03,5.311000000000000443e-02
1.160000000000000007e-03,6.248800000000000882e-02
1.180000000000000059e-03,7.342900000000000815e-02
1.200000000000000112e-03,8.905899999999999928e-02
1.220000000000000164e-03,9.531100000000000683e-02
1.240000000000000000e-03,1.031260000000000093e-01
1.260000000000000052e-03,1.062519999999999992e-01
1.280000000000000105e-03,1.140670000000000017e-01
1.300000000000000157e-03,1.156300000000000106e-01
1.320000000000000210e-03,1.234449999999999992e-01
1.340000000000000045e-03,1.265709999999999891e-01
1.360000000000000098e-03,1.296970000000000067e-01
1.380000000000000150e-03,1.312599999999999878e-01
1.400000000000000203e-03,1.296970000000000067e-01
1.420000000000000038e-03,1.265709999999999891e-01
1.440000000000000091e-03,1.156300000000000106e-01
1.460000000000000143e-03,1.000000000000000056e-01
1.480000000000000196e-03,8.905899999999999928e-02
1.500000000000000031e-03,8.124400000000001065e-02
1.520000000000000084e-03,7.499200000000000310e-02
1.540000000000000136e-03,7.186600000000001320e-02
1.560000000000000189e-03,7.030300000000000438e-02
1.580000000000000024e-03,6.874000000000000943e-02
1.600000000000000077e-03,6.717700000000001448e-02
1.620000000000000129e-03,6.561400000000000565e-02
1.640000000000000182e-03,6.405099999999999683e-02
1.660000000000000234e-03,6.092500000000000693e-02
1.680000000000000070e-03,5.623600000000000820e-02
1.700000000000000122e-03,5.154700000000000948e-02
1.720000000000000175e-03,4.685800000000001075e-02
1.740000000000000227e-03,4.373200000000000698e-02
1.760000000000000063e-03,3.904300000000000825e-02
1.780000000000000115e-03,3.591700000000000448e-02
1.800000000000000168e-03,3.435400000000000953e-02
1.820000000000000220e-03,3.122800000000000575e-02
1.840000000000000056e-03,3.122800000000000575e-02
1.860000000000000108e-03,2.966500000000001080e-02
1.880000000000000161e-03,3.279100000000001458e-02
1.900000000000000213e-03,3.748000000000001330e-02
1.920000000000000265e-03,4.685800000000001075e-02
1.940000000000000101e-03,6.248800000000000882e-02
1.960000000000000370e-03,7.030300000000000438e-02
1.979999999999999989e-03,8.124400000000001065e-02
2.000000000000000042e-03,9.374800000000001188e-02
2.020000000000000094e-03,1.000000000000000056e-01
2.040000000000000147e-03,1.062519999999999992e-01
2.060000000000000199e-03,1.078150000000000081e-01
2.080000000000000251e-03,1.125040000000000068e-01
2.100000000000000304e-03,1.156300000000000106e-01
2.120000000000000356e-03,1.171930000000000055e-01
2.139999999999999975e-03,1.218820000000000042e-01
2.160000000000000028e-03,1.250080000000000080e-01
2.180000000000000080e-03,1.281339999999999979e-01
2.200000000000000133e-03,1.281339999999999979e-01
2.220000000000000185e-03,1.218820000000000042e-01
2.240000000000000237e-03,1.140670000000000017e-01
2.260000000000000290e-03,1.031260000000000093e-01
2.280000000000000342e-03,8.749600000000000433e-02
2.300000000000000395e-03,8.437000000000000055e-02
2.320000000000000014e-03,7.342900000000000815e-02
2.340000000000000066e-03,6.874000000000000943e-02
2.360000000000000119e-03,6.717700000000001448e-02
2.380000000000000171e-03,6.561400000000000565e-02
2.400000000000000223e-03,6.561400000000000565e-02
2.420000000000000276e-03,6.561400000000000565e-02
2.440000000000000328e-03,6.405099999999999683e-02
2.460000000000000381e-03,6.248800000000000882e-02
2.480000000000000000e-03,5.936200000000000504e-02
2.500000000000000052e-03,5.623600000000000820e-02
2.520000000000000104e-03,4.842100000000000570e-02
2.540000000000000157e-03,4.529500000000000887e-02
2.560000000000000209e-03,4.060600000000001014e-02
2.580000000000000262e-03,3.904300000000000825e-02
2.600000000000000314e-03,3.591700000000000448e-02
2.620000000000000367e-03,3.279100000000001458e-02
2.640000000000000419e-03,3.279100000000001458e-02
2.660000000000000038e-03,3.748000000000001330e-02
2.680000000000000090e-03,4.216900000000000509e-02
2.700000000000000143e-03,4.842100000000000570e-02
2.720000000000000195e-03,6.092500000000000693e-02
2.740000000000000248e-03,7.030300000000000438e-02
2.760000000000000300e-03,8.593300000000000938e-02
2.780000000000000353e-03,9.062200000000000810e-02
2.800000000000000405e-03,9.687400000000000178e-02
2.820000000000000024e-03,9.843700000000001060e-02
2.840000000000000076e-03,1.000000000000000056e-01
2.860000000000000129e-03,1.000000000000000056e-01
2.880000000000000181e-03,1.015630000000000005e-01
2.900000000000000234e-03,1.031260000000000093e-01
2.920000000000000286e-03,1.078150000000000081e-01
2.940000000000000339e-03,1.125040000000000068e-01
2.960000000000000391e-03,1.171930000000000055e-01
2.980000000000000444e-03,1.218820000000000042e-01
3.000000000000000062e-03,1.218820000000000042e-01
3.020000000000000115e-03,1.203190000000000093e-01
3.040000000000000167e-03,1.140670000000000017e-01
3.060000000000000220e-03,1.031260000000000093e-01
3.080000000000000272e-03,9.374800000000001188e-02
3.100000000000000325e-03,8.437000000000000055e-02
3.120000000000000377e-03,7.655500000000001193e-02
3.140000000000000430e-03,6.874000000000000943e-02
3.160000000000000048e-03,6.248800000000000882e-02
3.180000000000000101e-03,5.936200000000000504e-02
3.200000000000000153e-03,5.623600000000000820e-02
3.220000000000000206e-03,5.311000000000000443e-02
3.240000000000000258e-03,4.998400000000000759e-02
3.260000000000000311e-03,4.685800000000001075e-02
3.280000000000000363e-03,4.060600000000001014e-02
3.300000000000000416e-03,3.904300000000000825e-02
3.320000000000000468e-03,3.591700000000000448e-02
3.340000000000000087e-03,3.591700000000000448e-02
3.360000000000000139e-03,3.279100000000001458e-02
3.380000000000000192e-03,3.279100000000001458e-02
3.400000000000000244e-03,3.279100000000001458e-02
3.420000000000000297e-03,3.279100000000001458e-02
3.440000000000000349e-03,3.591700000000000448e-02
3.460000000000000402e-03,3.748000000000001330e-02
3.480000000000000454e-03,4.373200000000000698e-02
3.500000000000000073e-03,5.467300000000000632e-02
3.520000000000000125e-03,6.874000000000000943e-02
3.540000000000000178e-03,7.968100000000000183e-02
3.560000000000000230e-03,8.905899999999999928e-02
3.580000000000000283e-03,9.374800000000001188e-02
3.600000000000000335e-03,1.000000000000000056e-01
3.620000000000000388e-03,1.000000000000000056e-01
3.640000000000000440e-03,9.843700000000001060e-02
3.660000000000000493e-03,9.843700000000001060e-02
3.680000000000000111e-03,9.843700000000001060e-02
3.700000000000000164e-03,9.687400000000000178e-02
3.720000000000000216e-03,9.843700000000001060e-02
3.740000000000000269e-03,1.031260000000000093e-01
3.760000000000000321e-03,1.093780000000000030e-01
3.780000000000000374e-03,1.109410000000000118e-01
3.800000000000000426e-03,1.187560000000000004e-01
3.820000000000000479e-03,1.203190000000000093e-01
3.840000000000000531e-03,1.171930000000000055e-01
3.860000000000000150e-03,1.093780000000000030e-01
3.880000000000000202e-03,9.843700000000001060e-02
3.900000000000000255e-03,8.280700000000000560e-02
3.920000000000000741e-03,7.968100000000000183e-02
3.939999999999999926e-03,6.717700000000001448e-02
3.959999999999999978e-03,6.405099999999999683e-02
3.980000000000000031e-03,5.779900000000001009e-02
4.000000000000000083e-03,5.311000000000000443e-02
4.020000000000000136e-03,4.998400000000000759e-02
4.040000000000000188e-03,4.685800000000001075e-02
4.060000000000000241e-03,4.373200000000000698e-02
4.080000000000000293e-03,4.060600000000001014e-02
4.100000000000000346e-03,3.748000000000001330e-02
4.120000000000000398e-03,3.591700000000000448e-02
4.140000000000000450e-03,3.279100000000001458e-02
4.160000000000000503e-03,3.435400000000000953e-02
4.180000000000000555e-03,3.591700000000000448e-02
4.200000000000000608e-03,3.591700000000000448e-02
4.220000000000000660e-03,3.904300000000000825e-02
4.240000000000000713e-03,4.216900000000000509e-02
4.260000000000000765e-03,4.529500000000000887e-02
4.279999999999999950e-03,5.311000000000000443e-02
4.300000000000000003e-03,6.248800000000000882e-02
4.320000000000000055e-03,8.124400000000001065e-02
4.340000000000000108e-03,8.593300000000000938e-02
4.360000000000000160e-03,9.531100000000000683e-02
4.380000000000000213e-03,1.015630000000000005e-01
4.400000000000000265e-03,1.015630000000000005e-01
4.420000000000000318e-03,1.015630000000000005e-01
4.440000000000000370e-03,9.687400000000000178e-02
4.460000000000000422e-03,9.531100000000000683e-02
4.480000000000000475e-03,9.062200000000000810e-02
4.500000000000000527e-03,9.062200000000000810e-02
4.520000000000000580e-03,9.062200000000000810e-02
4.540000000000000632e-03,9.218500000000000305e-02
4.560000000000000685e-03,9.843700000000001060e-02
4.580000000000000737e-03,1.062519999999999992e-01
4.600000000000000790e-03,1.093780000000000030e-01
4.619999999999999975e-03,1.156300000000000106e-01
4.640000000000000027e-03,1.156300000000000106e-01
4.660000000000000080e-03,1.109410000000000118e-01
4.680000000000000132e-03,1.031260000000000093e-01
4.700000000000000185e-03,9.218500000000000305e-02
4.720000000000000237e-03,8.124400000000001065e-02
4.740000000000000289e-03,7.499200000000000310e-02
4.760000000000000342e-03,6.561400000000000565e-02
4.780000000000000394e-03,5.936200000000000504e-02
4.800000000000000447e-03,5.311000000000000443e-02
4.820000000000000499e-03,4.998400000000000759e-02
4.840000000000000552e-03,4.373200000000000698e-02
4.860000000000000604e-03,4.060600000000001014e-02
4.880000000000000657e-03,3.904300000000000825e-02
4.900000000000000709e-03,3.748000000000001330e-02
4.920000000000000762e-03,3.904300000000000825e-02
4.940000000000000814e-03,4.216900000000000509e-02
4.959999999999999999e-03,4.216900000000000509e-02
4.980000000000000052e-03,4.529500000000000887e-02
5.000000000000000104e-03,4.842100000000000570e-02
5.020000000000000157e-03,5.311000000000000443e-02
5.040000000000000209e-03,5.623600000000000820e-02
5.060000000000000261e-03,6.874000000000000943e-02
5.080000000000000314e-03,7.968100000000000183e-02
5.100000000000000366e-03,9.062200000000000810e-02
5.120000000000000419e-03,9.687400000000000178e-02
5.140000000000000471e-03,1.015630000000000005e-01
5.160000000000000524e-03,1.062519999999999992e-01
5.180000000000000576e-03,1.046890000000000043e-01
5.200000000000000629e-03,1.015630000000000005e-01
5.220000000000000681e-03,9.687400000000000178e-02
5.240000000000000734e-03,9.062200000000000810e-02
5.260000000000000786e-03,8.593300000000000938e-02
5.280000000000000838e-03,8.280700000000000560e-02
5.300000000000000024e-03,8.124400000000001065e-02
5.320000000000000076e-03,7.968100000000000183e-02
5.340000000000000129e-03,8.280700000000000560e-02
5.360000000000000181e-03,8.749600000000000433e-02
5.380000000000000233e-03,9.374800000000001188e-02
5.400000000000000286e-03,1.015630000000000005e-01
5.420000000000000338e-03,1.093780000000000030e-01
5.440000000000000391e-03,1.109410000000000118e-01
5.460000000000000443e-03,1.093780000000000030e-01
5.480000000000000496e-03,9.843700000000001060e-02
5.500000000000000548e-03,9.531100000000000683e-02
5.520000000000000601e-03,8.280700000000000560e-02
5.540000000000000653e-03,7.186600000000001320e-02
5.560000000000000706e-03,6.717700000000001448e-02
5.580000000000000758e-03,5.779900000000001009e-02
5.600000000000000810e-03,5.467300000000000632e-02
5.620000000000000863e-03,4.842100000000000570e-02
5.640000000000000048e-03,4.373200000000000698e-02
5.660000000000000100e-03,4.216900000000000509e-02
5.680000000000000153e-03,4.060600000000001014e-02
5.700000000000000205e-03,4.060600000000001014e-02
5.720000000000000258e-03,4.373200000000000698e-02
5.740000000000000310e-03,4.529500000000000887e-02
5.760000000000000363e-03,4.998400000000000759e-02
5.780000000000000415e-03,5.154700000000000948e-02
5.800000000000000468e-03,5.623600000000000820e-02
5.820000000000000520e-03,6.092500000000000693e-02
5.840000000000000573e-03,6.874000000000000943e-02
5.860000000000000625e-03,7.342900000000000815e-02
5.880000000000000678e-03,8.124400000000001065e-02
5.900000000000000730e-03,9.218500000000000305e-02
5.920000000000000782e-03,1.031260000000000093e-01
5.940000000000000835e-03,1.078150000000000081e-01
5.960000000000000887e-03,1.078150000000000081e-01
5.980000000000000072e-03,1.062519999999999992e-01
6.000000000000000125e-03,1.046890000000000043e-01
6.020000000000000177e-03,9.531100000000000683e-02
6.040000000000000230e-03,8.905899999999999928e-02
6.060000000000000282e-03,8.124400000000001065e-02
6.080000000000000335e-03,7.499200000000000310e-02
6.100000000000000387e-03,7.186600000000001320e-02
6.120000000000000440e-03,6.874000000000000943e-02
6.140000000000000492e-03,7.030300000000000438e-02
6.160000000000000545e-03,7.186600000000001320e-02
6.180000000000000597e-03,7.811800000000000688e-02
6.200000000000000649e-03,9.062200000000000810e-02
6.220000000000000702e-03,1.000000000000000056e-01
6.240000000000000754e-03,1.062519999999999992e-01
6.260000000000000807e-03,1.078150000000000081e-01
6.280000000000000859e-03,1.062519999999999992e-01
6.300000000000000912e-03,1.015630000000000005e-01
6.320000000000000097e-03,9.374800000000001188e-02
6.340000000000000149e-03,8.593300000000000938e-02
6.360000000000000202e-03,7.811800000000000688e-02
6.380000000000000254e-03,6.874000000000000943e-02
6.400000000000000307e-03,6.248800000000000882e-02
6.420000000000000359e-03,5.623600000000000820e-02
6.440000000000000412e-03,5.311000000000000443e-02
6.460000000000000464e-03,5.154700000000000948e-02
6.480000000000000517e-03,5.154700000000000948e-02
6.500000000000000569e-03,5.467300000000000632e-02
6.520000000000000621e-03,5.623600000000000820e-02
6.540000000000000674e-03,6.092500000000000693e-02
6.560000000000000726e-03,6.561400000000000565e-02
6.580000000000000779e-03,7.030300000000000438e-02
6.600000000000000831e-03,7.811800000000000688e-02
6.620000000000000884e-03,8.124400000000001065e-02
6.640000000000000936e-03,8.905899999999999928e-02
6.660000000000000121e-03,9.531100000000000683e-02
6.680000000000000174e-03,1.062519999999999992e-01
6.700000000000000226e-03,1.125040000000000068e-01
6.720000000000000279e-03,1.171930000000000055e-01
6.740000000000000331e-03,1.171930000000000055e-01
6.760000000000000384e-03,1.140670000000000017e-01
6.780000000000000436e-03,1.109410000000000118e-01
6.800000000000000488e-03,1.031260000000000093e-01
6.820000000000000541e-03,9.218500000000000305e-02
6.840000000000000593e-03,8.593300000000000938e-02
6.860000000000000646e-03,7.811800000000000688e-02
6.880000000000000698e-03,7.030300000000000438e-02
6.900000000000000751e-03,6.717700000000001448e-02
6.920000000000000803e-03,6.092500000000000693e-02
6.940000000000000856e-03,6.092500000000000693e-02
6.960000000000000908e-03,6.248800000000000882e-02
6.980000000000000961e-03,7.186600000000001320e-02
7.000000000000000146e-03,8.124400000000001065e-02
7.020000000000000198e-03,8.593300000000000938e-02
7.040000000000000251e-03,9.843700000000001060e-02
7.060000000000000303e-03,1.046890000000000043e-01
7.080000000000000356e-03,1.046890000000000043e-01
7.100000000000000408e-03,1.000000000000000056e-01
7.120000000000000460e-03,9.531100000000000683e-02
7.140000000000000513e-03,8.749600000000000433e-02
7.160000000000000565e-03,8.280700000000000560e-02
7.180000000000000618e-03,7.342900000000000815e-02
7.200000000000000670e-03,6.874000000000000943e-02
7.220000000000000723e-03,6.405099999999999683e-02
7.240000000000000775e-03,6.092500000000000693e-02
7.260000000000000828e-03,5.779900000000001009e-02
7.280000000000000880e-03,5.936200000000000504e-02
7.300000000000000933e-03,6.248800000000000882e-02
7.320000000000000985e-03,7.186600000000001320e-02
7.340000000000000170e-03,7.499200000000000310e-02
7.360000000000000223e-03,7.968100000000000183e-02
7.380000000000000275e-03,8.905899999999999928e-02
7.400000000000000328e-03,9.374800000000001188e-02
7.420000000000000380e-03,9.687400000000000178e-02
7.440000000000000432e-03,1.062519999999999992e-01
7.460000000000000485e-03,1.140670000000000017e-01
7.480000000000000537e-03,1.187560000000000004e-01
7.500000000000000590e-03,1.234449999999999992e-01
7.520000000000000642e-03,1.265709999999999891e-01
7.540000000000000695e-03,1.218820000000000042e-01
7.560000000000000747e-03,1.140670000000000017e-01
7.580000000000000800e-03,1.078150000000000081e-01
7.600000000000000852e-03,9.687400000000000178e-02
7.620000000000000905e-03,8.749600000000000433e-02
7.640000000000000957e-03,7.342900000000000815e-02
7.660000000000001009e-03,6.874000000000000943e-02
7.680000000000001062e-03,5.779900000000001009e-02
7.700000000000000247e-03,5.467300000000000632e-02
7.720000000000000299e-03,4.842100000000000570e-02
7.740000000000000352e-03,4.685800000000001075e-02
7.760000000000000404e-03,4.373200000000000698e-02
7.780000000000000457e-03,4.685800000000001075e-02
7.800000000000000509e-03,5.779900000000001009e-02
7.820000000000000562e-03,6.717700000000001448e-02
7.840000000000001482e-03,8.124400000000001065e-02
7.860000000000000667e-03,9.062200000000000810e-02
7.879999999999999852e-03,9.843700000000001060e-02
7.900000000000000772e-03,1.015630000000000005e-01
7.919999999999999957e-03,1.015630000000000005e-01
7.940000000000000877e-03,1.000000000000000056e-01
7.960000000000000062e-03,9.531100000000000683e-02
7.980000000000000981e-03,9.218500000000000305e-02
8.000000000000000167e-03,8.905899999999999928e-02
8.020000000000001086e-03,8.437000000000000055e-02
8.040000000000000271e-03,8.280700000000000560e-02
8.060000000000001191e-03,8.280700000000000560e-02
8.080000000000000376e-03,8.593300000000000938e-02
8.100000000000001296e-03,8.905899999999999928e-02
8.120000000000000481e-03,9.843700000000001060e-02
8.140000000000001401e-03,1.031260000000000093e-01
8.160000000000000586e-03,1.109410000000000118e-01
8.180000000000001506e-03,1.140670000000000017e-01
8.200000000000000691e-03,1.187560000000000004e-01
8.219999999999999876e-03,1.265709999999999891e-01
8.240000000000000796e-03,1.296970000000000067e-01
8.259999999999999981e-03,1.343860000000000054e-01
8.280000000000000901e-03,1.390750000000000042e-01
8.300000000000000086e-03,1.390750000000000042e-01
8.320000000000001006e-03,1.312599999999999878e-01
8.340000000000000191e-03,1.218820000000000042e-01
8.360000000000001111e-03,1.171930000000000055e-01
8.380000000000000296e-03,1.062519999999999992e-01
8.400000000000001216e-03,8.905899999999999928e-02
8.420000000000000401e-03,7.968100000000000183e-02
8.440000000000001321e-03,7.030300000000000438e-02
8.460000000000000506e-03,6.561400000000000565e-02
8.480000000000001426e-03,5.779900000000001009e-02
8.500000000000000611e-03,5.467300000000000632e-02
8.520000000000001530e-03,4.529500000000000887e-02
8.540000000000000716e-03,4.373200000000000698e-02
8.559999999999999901e-03,4.060600000000001014e-02
8.580000000000000820e-03,4.373200000000000698e-02
8.600000000000000006e-03,5.311000000000000443e-02
8.620000000000000925e-03,6.092500000000000693e-02
8.640000000000000110e-03,7.186600000000001320e-02
8.660000000000001030e-03,8.593300000000000938e-02
8.680000000000000215e-03,9.531100000000000683e-02
8.700000000000001135e-03,1.000000000000000056e-01
8.720000000000000320e-03,1.000000000000000056e-01
8.740000000000001240e-03,1.000000000000000056e-01
8.760000000000000425e-03,9.374800000000001188e-02
8.780000000000001345e-03,9.218500000000000305e-02
8.800000000000000530e-03,8.593300000000000938e-02
8.820000000000001450e-03,8.593300000000000938e-02
8.840000000000000635e-03,8.437000000000000055e-02
8.860000000000001555e-03,8.437000000000000055e-02
8.880000000000000740e-03,8.905899999999999928e-02
8.899999999999999925e-03,9.531100000000000683e-02
8.920000000000000845e-03,1.015630000000000005e-01
8.940000000000000030e-03,1.062519999999999992e-01
8.960000000000000950e-03,1.140670000000000017e-01
8.980000000000000135e-03,1.187560000000000004e-01
9.000000000000001055e-03,1.265709999999999891e-01
9.020000000000000240e-03,1.312599999999999878e-01
9.040000000000001160e-03,1.343860000000000054e-01
9.060000000000000345e-03,1.406380000000000130e-01
9.080000000000001265e-03,1.406380000000000130e-01
9.100000000000000450e-03,1.390750000000000042e-01
9.120000000000001369e-03,1.343860000000000054e-01
9.140000000000000555e-03,1.234449999999999992e-01
9.160000000000001474e-03,1.093780000000000030e-01
9.180000000000000659e-03,1.015630000000000005e-01
9.200000000000001579e-03,8.749600000000000433e-02
9.220000000000000764e-03,8.124400000000001065e-02
9.239999999999999949e-03,6.874000000000000943e-02
9.260000000000000869e-03,6.405099999999999683e-02
9.280000000000000054e-03,5.936200000000000504e-02
9.300000000000000974e-03,5.154700000000000948e-02
9.320000000000000159e-03,4.842100000000000570e-02
9.340000000000001079e-03,4.373200000000000698e-02
9.360000000000000264e-03,4.060600000000001014e-02
9.380000000000001184e-03,4.060600000000001014e-02
9.400000000000000369e-03,4.373200000000000698e-02
9.420000000000001289e-03,5.623600000000000820e-02
9.440000000000000474e-03,6.092500000000000693e-02
9.460000000000001394e-03,7.811800000000000688e-02
9.480000000000000579e-03,9.218500000000000305e-02
9.500000000000001499e-03,9.531100000000000683e-02
9.520000000000000684e-03,1.031260000000000093e-01
9.540000000000001604e-03,1.046890000000000043e-01
9.560000000000000789e-03,1.046890000000000043e-01
9.579999999999999974e-03,1.031260000000000093e-01
9.600000000000000894e-03,1.000000000000000056e-01
9.620000000000000079e-03,1.015630000000000005e-01
9.640000000000000999e-03,1.000000000000000056e-01
9.660000000000000184e-03,1.031260000000000093e-01
9.680000000000001104e-03,1.062519999999999992e-01
9.700000000000000289e-03,1.125040000000000068e-01
9.720000000000001208e-03,1.203190000000000093e-01
9.740000000000000394e-03,1.218820000000000042e-01
9.760000000000001313e-03,1.281339999999999979e-01
9.780000000000000498e-03,1.328229999999999966e-01
9.800000000000001418e-03,1.390750000000000042e-01
9.820000000000000603e-03,1.422009999999999941e-01
9.840000000000001523e-03,1.468900000000000206e-01
9.860000000000000708e-03,1.484530000000000016e-01
9.880000000000001628e-03,1.468900000000000206e-01
9.900000000000000813e-03,1.406380000000000130e-01
9.919999999999999998e-03,1.375119999999999953e-01
9.940000000000000918e-03,1.250080000000000080e-01
9.960000000000000103e-03,1.093780000000000030e-01
9.980000000000001023e-03,9.843700000000001060e-02
1.000000000000000021e-02,8.593300000000000938e-02
1.002000000000000113e-02,7.811800000000000688e-02
1.004000000000000031e-02,7.030300000000000438e-02
1.006000000000000123e-02,6.405099999999999683e-02
1.008000000000000042e-02,6.092500000000000693e-02
1.010000000000000134e-02,5.623600000000000820e-02
1.012000000000000052e-02,5.154700000000000948e-02
1.014000000000000144e-02,4.529500000000000887e-02
1.016000000000000063e-02,4.216900000000000509e-02
1.018000000000000155e-02,4.060600000000001014e-02
1.020000000000000073e-02,4.216900000000000509e-02
1.022000000000000165e-02,4.685800000000001075e-02
1.024000000000000084e-02,5.936200000000000504e-02
1.026000000000000002e-02,7.030300000000000438e-02
1.028000000000000094e-02,8.905899999999999928e-02
1.030000000000000013e-02,9.531100000000000683e-02
1.032000000000000105e-02,1.031260000000000093e-01
1.034000000000000023e-02,1.062519999999999992e-01
1.036000000000000115e-02,1.093780000000000030e-01
1.038000000000000034e-02,1.093780000000000030e-01
1.040000000000000126e-02,1.093780000000000030e-01
1.042000000000000044e-02,1.093780000000000030e-01
1.044000000000000136e-02,1.125040000000000068e-01
1.046000000000000055e-02,1.171930000000000055e-01
1.048000000000000147e-02,1.203190000000000093e-01
1.050000000000000065e-02,1.234449999999999992e-01
1.052000000000000157e-02,1.343860000000000054e-01
1.054000000000000076e-02,1.359490000000000143e-01
1.056000000000000168e-02,1.406380000000000130e-01
1.058000000000000086e-02,1.453270000000000117e-01
1.060000000000000005e-02,1.453270000000000117e-01
1.062000000000000097e-02,1.484530000000000016e-01
1.064000000000000015e-02,1.500160000000000105e-01
1.066000000000000107e-02,1.484530000000000016e-01
1.068000000000000026e-02,1.422009999999999941e-01
1.070000000000000118e-02,1.312599999999999878e-01
1.072000000000000036e-02,1.187560000000000004e-01
1.074000000000000128e-02,1.093780000000000030e-01
1.076000000000000047e-02,9.374800000000001188e-02
1.078000000000000139e-02,8.124400000000001065e-02
1.080000000000000057e-02,7.811800000000000688e-02
1.082000000000000149e-02,7.342900000000000815e-02
1.084000000000000068e-02,7.030300000000000438e-02
1.086000000000000160e-02,7.030300000000000438e-02
1.088000000000000078e-02,7.030300000000000438e-02
1.090000000000000170e-02,6.561400000000000565e-02
1.092000000000000089e-02,6.561400000000000565e-02
1.094000000000000007e-02,5.936200000000000504e-02
1.096000000000000099e-02,5.623600000000000820e-02
1.098000000000000018e-02,4.842100000000000570e-02
1.100000000000000110e-02,4.685800000000001075e-02
1.102000000000000028e-02,4.685800000000001075e-02
1.104000000000000120e-02,5.467300000000000632e-02
1.106000000000000039e-02,6.248800000000000882e-02
1.108000000000000131e-02,7.655500000000001193e-02
1.110000000000000049e-02,8.749600000000000433e-02
1.112000000000000141e-02,9.687400000000000178e-02
1.114000000000000060e-02,1.093780000000000030e-01
1.116000000000000152e-02,1.125040000000000068e-01
1.118000000000000070e-02,1.187560000000000004e-01
1.120000000000000162e-02,1.234449999999999992e-01
1.122000000000000081e-02,1.265709999999999891e-01
1.124000000000000173e-02,1.296970000000000067e-01
1.126000000000000091e-02,1.343860000000000054e-01
1.128000000000000010e-02,1.390750000000000042e-01
1.130000000000000102e-02,1.437640000000000029e-01
1.132000000000000020e-02,1.453270000000000117e-01
1.134000000000000112e-02,1.484530000000000016e-01
1.136000000000000031e-02,1.500160000000000105e-01
1.138000000000000123e-02,1.515790000000000193e-01
1.140000000000000041e-02,1.500160000000000105e-01
1.142000000000000133e-02,1.500160000000000105e-01
1.144000000000000052e-02,1.500160000000000105e-01
1.146000000000000144e-02,1.468900000000000206e-01
1.148000000000000062e-02,1.390750000000000042e-01
1.150000000000000154e-02,1.265709999999999891e-01
1.152000000000000073e-02,1.093780000000000030e-01
1.154000000000000165e-02,1.031260000000000093e-01
1.156000000000000083e-02,8.593300000000000938e-02
1.158000000000000175e-02,7.968100000000000183e-02
1.160000000000000094e-02,7.655500000000001193e-02
1.162000000000000012e-02,7.186600000000001320e-02
1.164000000000000104e-02,7.186600000000001320e-02
1.166000000000000023e-02,7.186600000000001320e-02
1.168000000000000115e-02,7.342900000000000815e-02
1.170000000000000033e-02,7.342900000000000815e-02
1.172000000000000125e-02,7.030300000000000438e-02
1.174000000000000044e-02,6.717700000000001448e-02
1.176000000000000136e-02,5.936200000000000504e-02
1.178000000000000054e-02,5.311000000000000443e-02
1.180000000000000146e-02,5.154700000000000948e-02
1.182000000000000065e-02,4.998400000000000759e-02
1.184000000000000156e-02,5.623600000000000820e-02
1.186000000000000075e-02,6.248800000000000882e-02
1.188000000000000167e-02,7.186600000000001320e-02
1.190000000000000085e-02,8.905899999999999928e-02
1.192000000000000177e-02,9.687400000000000178e-02
1.194000000000000096e-02,1.093780000000000030e-01
1.196000000000000014e-02,1.140670000000000017e-01
1.198000000000000106e-02,1.218820000000000042e-01
1.200000000000000025e-02,1.234449999999999992e-01
1.202000000000000117e-02,1.281339999999999979e-01
1.204000000000000035e-02,1.328229999999999966e-01
1.206000000000000127e-02,1.375119999999999953e-01
1.208000000000000046e-02,1.422009999999999941e-01
1.210000000000000138e-02,1.453270000000000117e-01
1.212000000000000056e-02,1.468900000000000206e-01
1.214000000000000148e-02,1.468900000000000206e-01
1.216000000000000067e-02,1.453270000000000117e-01
1.218000000000000159e-02,1.453270000000000117e-01
1.220000000000000077e-02,1.406380000000000130e-01
1.222000000000000169e-02,1.406380000000000130e-01
1.224000000000000088e-02,1.359490000000000143e-01
1.226000000000000180e-02,1.281339999999999979e-01
1.228000000000000098e-02,1.171930000000000055e-01
1.230000000000000017e-02,1.015630000000000005e-01
1.232000000000000109e-02,9.687400000000000178e-02
1.234000000000000027e-02,8.437000000000000055e-02
1.236000000000000119e-02,7.655500000000001193e-02
1.238000000000000038e-02,7.499200000000000310e-02
1.240000000000000130e-02,7.499200000000000310e-02
1.242000000000000048e-02,7.811800000000000688e-02
1.244000000000000140e-02,8.280700000000000560e-02
1.246000000000000059e-02,8.437000000000000055e-02
1.248000000000000151e-02,8.905899999999999928e-02
1.250000000000000069e-02,9.374800000000001188e-02
1.252000000000000161e-02,9.218500000000000305e-02
1.254000000000000080e-02,9.062200000000000810e-02
1.256000000000000172e-02,8.593300000000000938e-02
1.258000000000000090e-02,7.811800000000000688e-02
1.260000000000000182e-02,6.874000000000000943e-02
1.262000000000000101e-02,6.248800000000000882e-02
1.264000000000000019e-02,6.092500000000000693e-02
1.266000000000000111e-02,6.405099999999999683e-02
1.268000000000000030e-02,6.874000000000000943e-02
1.270000000000000122e-02,7.968100000000000183e-02
1.272000000000000040e-02,8.749600000000000433e-02
1.274000000000000132e-02,1.031260000000000093e-01
1.276000000000000051e-02,1.078150000000000081e-01
1.278000000000000143e-02,1.171930000000000055e-01
1.280000000000000061e-02,1.250080000000000080e-01
1.282000000000000153e-02,1.296970000000000067e-01
1.284000000000000072e-02,1.312599999999999878e-01
1.286000000000000164e-02,1.375119999999999953e-01
1.288000000000000082e-02,1.375119999999999953e-01
1.290000000000000174e-02,1.359490000000000143e-01
1.292000000000000093e-02,1.375119999999999953e-01
1.294000000000000185e-02,1.328229999999999966e-01
1.296000000000000103e-02,1.281339999999999979e-01
1.298000000000000022e-02,1.281339999999999979e-01
1.300000000000000114e-02,1.218820000000000042e-01
1.302000000000000032e-02,1.171930000000000055e-01
1.304000000000000124e-02,1.125040000000000068e-01
1.306000000000000043e-02,1.031260000000000093e-01
1.308000000000000135e-02,9.374800000000001188e-02
1.310000000000000053e-02,8.280700000000000560e-02
1.312000000000000145e-02,7.342900000000000815e-02
1.314000000000000064e-02,6.874000000000000943e-02
1.316000000000000156e-02,6.561400000000000565e-02
1.318000000000000074e-02,6.717700000000001448e-02
1.320000000000000166e-02,7.186600000000001320e-02
1.322000000000000085e-02,7.655500000000001193e-02
1.324000000000000177e-02,8.280700000000000560e-02
1.326000000000000095e-02,8.905899999999999928e-02
1.328000000000000187e-02,9.687400000000000178e-02
1.330000000000000106e-02,1.015630000000000005e-01
1.332000000000000024e-02,1.031260000000000093e-01
1.334000000000000116e-02,1.031260000000000093e-01
1.336000000000000035e-02,9.843700000000001060e-02
1.338000000000000127e-02,9.374800000000001188e-02
1.340000000000000045e-02,8.437000000000000055e-02
1.342000000000000137e-02,7.342900000000000815e-02
1.344000000000000056e-02,6.717700000000001448e-02
1.346000000000000148e-02,6.561400000000000565e-02
1.348000000000000066e-02,7.030300000000000438e-02
1.350000000000000158e-02,7.655500000000001193e-02
1.352000000000000077e-02,8.593300000000000938e-02
1.354000000000000169e-02,9.218500000000000305e-02
1.356000000000000087e-02,1.031260000000000093e-01
1.358000000000000179e-02,1.093780000000000030e-01
1.360000000000000098e-02,1.140670000000000017e-01
1.362000000000000190e-02,1.218820000000000042e-01
1.364000000000000108e-02,1.250080000000000080e-01
1.366000000000000027e-02,1.281339999999999979e-01
1.368000000000000119e-02,1.281339999999999979e-01
1.370000000000000037e-02,1.265709999999999891e-01
1.372000000000000129e-02,1.250080000000000080e-01
1.374000000000000048e-02,1.203190000000000093e-01
1.376000000000000140e-02,1.156300000000000106e-01
1.378000000000000058e-02,1.109410000000000118e-01
1.380000000000000150e-02,1.062519999999999992e-01
1.382000000000000069e-02,1.015630000000000005e-01
1.384000000000000161e-02,9.531100000000000683e-02
1.386000000000000079e-02,8.749600000000000433e-02
1.388000000000000171e-02,7.655500000000001193e-02
1.390000000000000090e-02,6.874000000000000943e-02
1.392000000000000182e-02,6.405099999999999683e-02
1.394000000000000100e-02,6.248800000000000882e-02
1.396000000000000192e-02,6.405099999999999683e-02
1.398000000000000111e-02,6.717700000000001448e-02
1.400000000000000029e-02,7.811800000000000688e-02
1.402000000000000121e-02,8.437000000000000055e-02
1.404000000000000040e-02,9.374800000000001188e-02
1.406000000000000132e-02,9.843700000000001060e-02
1.408000000000000050e-02,1.078150000000000081e-01
1.410000000000000142e-02,1.093780000000000030e-01
1.412000000000000061e-02,1.156300000000000106e-01
1.414000000000000153e-02,1.140670000000000017e-01
1.416000000000000071e-02,1.125040000000000068e-01
1.418000000000000163e-02,1.093780000000000030e-01
1.420000000000000082e-02,9.843700000000001060e-02
1.422000000000000174e-02,9.062200000000000810e-02
1.424000000000000092e-02,8.124400000000001065e-02
1.426000000000000184e-02,7.342900000000000815e-02
1.428000000000000103e-02,6.874000000000000943e-02
1.430000000000000195e-02,7.186600000000001320e-02
1.432000000000000113e-02,7.968100000000000183e-02
1.434000000000000032e-02,8.437000000000000055e-02
1.436000000000000124e-02,9.062200000000000810e-02
1.438000000000000042e-02,9.843700000000001060e-02
1.440000000000000134e-02,1.046890000000000043e-01
1.442000000000000053e-02,1.109410000000000118e-01
1.444000000000000145e-02,1.140670000000000017e-01
1.446000000000000063e-02,1.140670000000000017e-01
1.448000000000000155e-02,1.109410000000000118e-01
1.450000000000000074e-02,1.062519999999999992e-01
1.452000000000000166e-02,1.046890000000000043e-01
1.454000000000000084e-02,1.000000000000000056e-01
1.456000000000000176e-02,9.374800000000001188e-02
1.458000000000000095e-02,8.593300000000000938e-02
1.460000000000000187e-02,8.124400000000001065e-02
1.462000000000000105e-02,7.811800000000000688e-02
1.464000000000000197e-02,7.186600000000001320e-02
1.466000000000000116e-02,6.561400000000000565e-02
1.468000000000000034e-02,5.936200000000000504e-02
1.470000000000000126e-02,5.311000000000000443e-02
1.472000000000000045e-02,5.154700000000000948e-02
1.474000000000000137e-02,5.154700000000000948e-02
1.476000000000000055e-02,5.779900000000001009e-02
1.478000000000000147e-02,6.561400000000000565e-02
1.480000000000000066e-02,7.655500000000001193e-02
1.482000000000000157e-02,8.280700000000000560e-02
1.484000000000000076e-02,9.531100000000000683e-02
1.486000000000000168e-02,1.062519999999999992e-01
1.488000000000000086e-02,1.109410000000000118e-01
1.490000000000000178e-02,1.156300000000000106e-01
1.492000000000000097e-02,1.203190000000000093e-01
1.494000000000000189e-02,1.218820000000000042e-01
1.496000000000000107e-02,1.234449999999999992e-01
1.498000000000000199e-02,1.203190000000000093e-01
1.500000000000000118e-02,1.140670000000000017e-01
1.502000000000000036e-02,9.843700000000001060e-02
1.504000000000000128e-02,8.905899999999999928e-02
1.506000000000000047e-02,8.280700000000000560e-02
1.508000000000000139e-02,7.342900000000000815e-02
1.510000000000000057e-02,7.342900000000000815e-02
1.512000000000000149e-02,7.342900000000000815e-02
1.514000000000000068e-02,7.968100000000000183e-02
1.516000000000000160e-02,8.437000000000000055e-02
1.518000000000000078e-02,8.749600000000000433e-02
1.520000000000000170e-02,9.062200000000000810e-02
1.522000000000000089e-02,9.531100000000000683e-02
1.524000000000000181e-02,9.687400000000000178e-02
1.526000000000000099e-02,9.687400000000000178e-02
1.528000000000000191e-02,9.218500000000000305e-02
1.530000000000000110e-02,9.062200000000000810e-02
1.532000000000000202e-02,8.437000000000000055e-02
1.534000000000000120e-02,7.811800000000000688e-02
1.536000000000000212e-02,7.499200000000000310e-02
1.538000000000000131e-02,6.874000000000000943e-02
1.540000000000000049e-02,6.248800000000000882e-02
1.542000000000000141e-02,6.092500000000000693e-02
1.544000000000000060e-02,5.467300000000000632e-02
1.546000000000000152e-02,4.842100000000000570e-02
1.548000000000000070e-02,4.373200000000000698e-02
1.550000000000000162e-02,4.373200000000000698e-02
1.552000000000000081e-02,4.373200000000000698e-02
1.554000000000000173e-02,5.154700000000000948e-02
1.556000000000000091e-02,6.248800000000000882e-02
1.558000000000000183e-02,7.030300000000000438e-02
1.560000000000000102e-02,8.437000000000000055e-02
1.562000000000000194e-02,9.374800000000001188e-02
1.564000000000000112e-02,1.015630000000000005e-01
1.566000000000000031e-02,1.093780000000000030e-01
1.568000000000000296e-02,1.140670000000000017e-01
1.570000000000000215e-02,1.187560000000000004e-01
1.572000000000000133e-02,1.218820000000000042e-01
1.574000000000000052e-02,1.265709999999999891e-01
1.575999999999999970e-02,1.281339999999999979e-01
1.578000000000000236e-02,1.281339999999999979e-01
1.580000000000000154e-02,1.203190000000000093e-01
1.582000000000000073e-02,1.109410000000000118e-01
1.583999999999999991e-02,1.031260000000000093e-01
1.586000000000000257e-02,9.062200000000000810e-02
1.588000000000000175e-02,8.124400000000001065e-02
1.590000000000000094e-02,7.499200000000000310e-02
1.592000000000000012e-02,7.499200000000000310e-02
1.594000000000000278e-02,7.342900000000000815e-02
1.596000000000000196e-02,7.811800000000000688e-02
1.598000000000000115e-02,7.811800000000000688e-02
1.600000000000000033e-02,8.124400000000001065e-02
1.602000000000000299e-02,8.280700000000000560e-02
1.604000000000000217e-02,8.280700000000000560e-02
1.606000000000000136e-02,8.124400000000001065e-02
1.608000000000000054e-02,7.811800000000000688e-02
1.609999999999999973e-02,7.030300000000000438e-02
1.612000000000000238e-02,6.405099999999999683e-02
1.614000000000000157e-02,6.248800000000000882e-02
1.616000000000000075e-02,5.779900000000001009e-02
1.617999999999999994e-02,4.842100000000000570e-02
1.620000000000000259e-02,4.373200000000000698e-02
1.622000000000000178e-02,4.060600000000001014e-02
1.624000000000000096e-02,3.904300000000000825e-02
1.626000000000000015e-02,3.591700000000000448e-02
1.628000000000000280e-02,3.748000000000001330e-02
1.630000000000000199e-02,3.904300000000000825e-02
1.632000000000000117e-02,4.842100000000000570e-02
1.634000000000000036e-02,5.936200000000000504e-02
1.636000000000000301e-02,6.874000000000000943e-02
1.638000000000000220e-02,7.499200000000000310e-02
1.640000000000000138e-02,8.905899999999999928e-02
1.642000000000000057e-02,9.843700000000001060e-02
1.643999999999999975e-02,1.031260000000000093e-01
1.646000000000000241e-02,1.078150000000000081e-01
1.648000000000000159e-02,1.109410000000000118e-01
1.650000000000000078e-02,1.171930000000000055e-01
1.651999999999999996e-02,1.187560000000000004e-01
1.654000000000000262e-02,1.250080000000000080e-01
1.656000000000000180e-02,1.281339999999999979e-01
1.658000000000000099e-02,1.312599999999999878e-01
1.660000000000000017e-02,1.281339999999999979e-01
1.662000000000000283e-02,1.234449999999999992e-01
1.664000000000000201e-02,1.125040000000000068e-01
1.666000000000000120e-02,1.015630000000000005e-01
1.668000000000000038e-02,8.593300000000000938e-02
1.670000000000000304e-02,7.811800000000000688e-02
1.672000000000000222e-02,7.186600000000001320e-02
1.674000000000000141e-02,6.874000000000000943e-02
1.676000000000000059e-02,6.561400000000000565e-02
1.677999999999999978e-02,6.561400000000000565e-02
1.680000000000000243e-02,6.561400000000000565e-02
1.682000000000000162e-02,6.405099999999999683e-02
1.684000000000000080e-02,6.248800000000000882e-02
1.685999999999999999e-02,5.936200000000000504e-02
1.688000000000000264e-02,5.311000000000000443e-02
1.690000000000000183e-02,4.998400000000000759e-02
1.692000000000000101e-02,4.373200000000000698e-02
1.694000000000000020e-02,4.216900000000000509e-02
1.696000000000000285e-02,3.748000000000001330e-02
1.698000000000000204e-02,3.435400000000000953e-02
1.700000000000000122e-02,3.279100000000001458e-02
1.702000000000000041e-02,3.122800000000000575e-02
1.704000000000000306e-02,3.122800000000000575e-02
1.706000000000000225e-02,3.122800000000000575e-02
1.708000000000000143e-02,3.435400000000000953e-02
1.710000000000000062e-02,4.373200000000000698e-02
1.711999999999999980e-02,5.154700000000000948e-02
1.714000000000000246e-02,6.561400000000000565e-02
1.716000000000000164e-02,7.499200000000000310e-02
1.718000000000000083e-02,8.593300000000000938e-02
1.720000000000000001e-02,9.062200000000000810e-02
1.722000000000000267e-02,9.843700000000001060e-02
1.724000000000000185e-02,1.000000000000000056e-01
1.726000000000000104e-02,1.015630000000000005e-01
1.728000000000000022e-02,1.046890000000000043e-01
1.730000000000000288e-02,1.078150000000000081e-01
1.732000000000000206e-02,1.125040000000000068e-01
1.734000000000000125e-02,1.156300000000000106e-01
1.736000000000000043e-02,1.203190000000000093e-01
1.738000000000000309e-02,1.234449999999999992e-01
1.740000000000000227e-02,1.250080000000000080e-01
1.742000000000000146e-02,1.203190000000000093e-01
1.744000000000000064e-02,1.140670000000000017e-01
1.745999999999999983e-02,1.000000000000000056e-01
1.748000000000000248e-02,9.374800000000001188e-02
1.750000000000000167e-02,8.124400000000001065e-02
1.752000000000000085e-02,7.342900000000000815e-02
1.754000000000000004e-02,7.030300000000000438e-02
1.756000000000000269e-02,6.561400000000000565e-02
1.758000000000000188e-02,6.561400000000000565e-02
1.760000000000000106e-02,6.405099999999999683e-02
1.762000000000000025e-02,6.248800000000000882e-02
1.764000000000000290e-02,6.092500000000000693e-02
1.766000000000000208e-02,5.936200000000000504e-02
1.768000000000000127e-02,5.154700000000000948e-02
1.770000000000000046e-02,4.685800000000001075e-02
1.772000000000000311e-02,4.529500000000000887e-02
1.774000000000000229e-02,4.060600000000001014e-02
1.776000000000000148e-02,3.748000000000001330e-02
1.778000000000000067e-02,3.591700000000000448e-02
1.779999999999999985e-02,3.279100000000001458e-02
1.782000000000000250e-02,3.122800000000000575e-02
1.784000000000000169e-02,3.122800000000000575e-02
1.786000000000000087e-02,3.591700000000000448e-02
1.788000000000000006e-02,3.591700000000000448e-02
1.790000000000000271e-02,4.685800000000001075e-02
1.792000000000000190e-02,5.467300000000000632e-02
1.794000000000000108e-02,6.717700000000001448e-02
1.796000000000000027e-02,8.280700000000000560e-02
1.798000000000000292e-02,9.062200000000000810e-02
1.800000000000000211e-02,9.687400000000000178e-02
1.802000000000000129e-02,1.000000000000000056e-01
1.804000000000000048e-02,1.015630000000000005e-01
1.806000000000000313e-02,1.015630000000000005e-01
1.808000000000000232e-02,1.015630000000000005e-01
1.810000000000000150e-02,1.046890000000000043e-01
1.812000000000000069e-02,1.062519999999999992e-01
1.813999999999999987e-02,1.109410000000000118e-01
1.816000000000000253e-02,1.156300000000000106e-01
1.818000000000000171e-02,1.218820000000000042e-01
1.820000000000000090e-02,1.234449999999999992e-01
1.822000000000000008e-02,1.218820000000000042e-01
1.824000000000000274e-02,1.156300000000000106e-01
1.826000000000000192e-02,1.109410000000000118e-01
1.828000000000000111e-02,9.687400000000000178e-02
1.830000000000000029e-02,8.593300000000000938e-02
1.832000000000000295e-02,7.499200000000000310e-02
1.834000000000000213e-02,7.186600000000001320e-02
1.836000000000000132e-02,6.248800000000000882e-02
1.838000000000000050e-02,5.779900000000001009e-02
1.840000000000000316e-02,5.467300000000000632e-02
1.842000000000000234e-02,4.998400000000000759e-02
1.844000000000000153e-02,4.685800000000001075e-02
1.846000000000000071e-02,4.373200000000000698e-02
1.847999999999999990e-02,3.904300000000000825e-02
1.850000000000000255e-02,3.591700000000000448e-02
1.852000000000000174e-02,3.591700000000000448e-02
1.854000000000000092e-02,3.591700000000000448e-02
1.856000000000000011e-02,3.591700000000000448e-02
1.858000000000000276e-02,3.748000000000001330e-02
1.860000000000000195e-02,3.904300000000000825e-02
1.862000000000000113e-02,4.060600000000001014e-02
1.864000000000000032e-02,4.373200000000000698e-02
1.866000000000000297e-02,5.154700000000000948e-02
1.868000000000000216e-02,6.092500000000000693e-02
1.870000000000000134e-02,7.186600000000001320e-02
1.872000000000000053e-02,8.124400000000001065e-02
1.874000000000000318e-02,9.062200000000000810e-02
1.876000000000000237e-02,9.843700000000001060e-02
1.878000000000000155e-02,1.031260000000000093e-01
1.880000000000000074e-02,1.031260000000000093e-01
1.881999999999999992e-02,1.015630000000000005e-01
1.884000000000000258e-02,1.000000000000000056e-01
1.886000000000000176e-02,9.374800000000001188e-02
1.888000000000000095e-02,9.374800000000001188e-02
1.890000000000000013e-02,9.218500000000000305e-02
1.892000000000000279e-02,9.218500000000000305e-02
1.894000000000000197e-02,9.531100000000000683e-02
1.896000000000000116e-02,9.843700000000001060e-02
1.898000000000000034e-02,1.062519999999999992e-01
1.900000000000000300e-02,1.109410000000000118e-01
1.902000000000000218e-02,1.156300000000000106e-01
1.904000000000000137e-02,1.140670000000000017e-01
1.906000000000000055e-02,1.093780000000000030e-01
1.908000000000000321e-02,1.000000000000000056e-01
1.910000000000000239e-02,9.531100000000000683e-02
1.912000000000000158e-02,7.968100000000000183e-02
1.914000000000000076e-02,7.342900000000000815e-02
1.915999999999999995e-02,6.561400000000000565e-02
1.918000000000000260e-02,5.779900000000001009e-02
1.920000000000000179e-02,5.311000000000000443e-02
1.922000000000000097e-02,5.154700000000000948e-02
1.924000000000000016e-02,4.529500000000000887e-02
1.926000000000000281e-02,4.060600000000001014e-02
1.928000000000000200e-02,3.904300000000000825e-02
1.930000000000000118e-02,3.748000000000001330e-02
1.932000000000000037e-02,3.435400000000000953e-02
1.934000000000000302e-02,3.435400000000000953e-02
1.936000000000000221e-02,3.591700000000000448e-02
1.938000000000000139e-02,3.748000000000001330e-02
1.940000000000000058e-02,3.904300000000000825e-02
1.942000000000000323e-02,3.904300000000000825e-02
1.944000000000000242e-02,4.060600000000001014e-02
1.946000000000000160e-02,4.998400000000000759e-02
1.948000000000000079e-02,5.936200000000000504e-02
1.949999999999999997e-02,7.186600000000001320e-02
1.952000000000000263e-02,8.124400000000001065e-02
1.954000000000000181e-02,8.905899999999999928e-02
1.956000000000000100e-02,9.843700000000001060e-02
1.958000000000000018e-02,1.000000000000000056e-01
1.960000000000000284e-02,1.015630000000000005e-01
1.962000000000000202e-02,9.531100000000000683e-02
1.964000000000000121e-02,9.218500000000000305e-02
1.966000000000000039e-02,8.905899999999999928e-02
1.968000000000000305e-02,8.593300000000000938e-02
1.970000000000000223e-02,8.437000000000000055e-02
1.972000000000000142e-02,8.280700000000000560e-02
1.974000000000000060e-02,8.749600000000000433e-02
1.976000000000000326e-02,9.218500000000000305e-02
1.978000000000000244e-02,9.687400000000000178e-02
1.980000000000000163e-02,1.031260000000000093e-01
1.982000000000000081e-02,1.093780000000000030e-01
1.984000000000000000e-02,1.125040000000000068e-01
1.986000000000000265e-02,1.093780000000000030e-01
1.988000000000000184e-02,1.015630000000000005e-01
1.990000000000000102e-02,9.531100000000000683e-02
1.992000000000000021e-02,8.593300000000000938e-02
1.994000000000000286e-02,7.499200000000000310e-02
1.996000000000000205e-02,7.186600000000001320e-02
1.998000000000000123e-02,6.248800000000000882e-02
2.000000000000000042e-02,5.623600000000000820e-02
2.002000000000000307e-02,5.154700000000000948e-02
2.004000000000000226e-02,4.842100000000000570e-02
2.006000000000000144e-02,4.216900000000000509e-02
2.008000000000000063e-02,4.216900000000000509e-02
2.010000000000000328e-02,4.216900000000000509e-02
2.012000000000000247e-02,4.373200000000000698e-02
2.014000000000000165e-02,4.685800000000001075e-02
2.016000000000000084e-02,4.998400000000000759e-02
2.018000000000000002e-02,5.467300000000000632e-02
2.020000000000000268e-02,5.936200000000000504e-02
2.022000000000000186e-02,6.405099999999999683e-02
2.024000000000000105e-02,7.030300000000000438e-02
2.026000000000000023e-02,7.655500000000001193e-02
2.028000000000000289e-02,8.593300000000000938e-02
2.030000000000000207e-02,9.531100000000000683e-02
2.032000000000000126e-02,1.031260000000000093e-01
2.034000000000000044e-02,1.062519999999999992e-01
2.036000000000000310e-02,1.093780000000000030e-01
2.038000000000000228e-02,1.093780000000000030e-01
2.040000000000000147e-02,1.031260000000000093e-01
2.042000000000000065e-02,9.687400000000000178e-02
2.044000000000000331e-02,9.374800000000001188e-02
2.046000000000000249e-02,8.280700000000000560e-02
2.048000000000000168e-02,8.124400000000001065e-02
2.050000000000000086e-02,7.655500000000001193e-02
2.052000000000000005e-02,7.499200000000000310e-02
2.054000000000000270e-02,7.499200000000000310e-02
2.056000000000000189e-02,7.811800000000000688e-02
2.058000000000000107e-02,8.437000000000000055e-02
2.060000000000000026e-02,9.531100000000000683e-02
2.062000000000000291e-02,1.015630000000000005e-01
2.064000000000000209e-02,1.062519999999999992e-01
2.066000000000000128e-02,1.078150000000000081e-01
2.068000000000000047e-02,1.046890000000000043e-01
2.070000000000000312e-02,9.687400000000000178e-02
2.072000000000000230e-02,9.218500000000000305e-02
2.074000000000000149e-02,7.811800000000000688e-02
2.076000000000000068e-02,7.186600000000001320e-02
2.078000000000000333e-02,6.405099999999999683e-02
2.080000000000000251e-02,5.779900000000001009e-02
2.082000000000000170e-02,5.311000000000000443e-02
2.084000000000000088e-02,4.842100000000000570e-02
2.086000000000000007e-02,4.685800000000001075e-02
2.088000000000000272e-02,4.373200000000000698e-02
2.090000000000000191e-02,4.216900000000000509e-02
2.092000000000000109e-02,4.529500000000000887e-02
2.094000000000000028e-02,4.685800000000001075e-02
2.096000000000000293e-02,4.998400000000000759e-02
2.098000000000000212e-02,5.623600000000000820e-02
2.100000000000000130e-02,5.779900000000001009e-02
2.102000000000000049e-02,5.936200000000000504e-02
2.104000000000000314e-02,6.405099999999999683e-02
2.106000000000000233e-02,6.874000000000000943e-02
2.108000000000000151e-02,8.124400000000001065e-02
2.110000000000000070e-02,9.531100000000000683e-02
2.112000000000000335e-02,1.031260000000000093e-01
2.114000000000000254e-02,1.031260000000000093e-01
2.116000000000000172e-02,1.093780000000000030e-01
2.118000000000000091e-02,1.078150000000000081e-01
2.120000000000000009e-02,1.015630000000000005e-01
2.122000000000000275e-02,9.531100000000000683e-02
2.124000000000000193e-02,9.062200000000000810e-02
2.126000000000000112e-02,8.593300000000000938e-02
2.128000000000000030e-02,7.968100000000000183e-02
2.130000000000000296e-02,7.499200000000000310e-02
2.132000000000000214e-02,7.186600000000001320e-02
2.134000000000000133e-02,7.499200000000000310e-02
2.136000000000000051e-02,7.499200000000000310e-02
2.138000000000000317e-02,8.124400000000001065e-02
2.140000000000000235e-02,9.374800000000001188e-02
2.142000000000000154e-02,9.843700000000001060e-02
2.144000000000000072e-02,1.046890000000000043e-01
2.146000000000000338e-02,1.078150000000000081e-01
2.148000000000000256e-02,1.046890000000000043e-01
2.150000000000000175e-02,1.000000000000000056e-01
2.152000000000000093e-02,8.905899999999999928e-02
2.154000000000000012e-02,8.124400000000001065e-02
2.156000000000000277e-02,7.499200000000000310e-02
2.158000000000000196e-02,6.717700000000001448e-02
2.160000000000000114e-02,6.092500000000000693e-02
2.162000000000000033e-02,5.311000000000000443e-02
2.164000000000000298e-02,5.154700000000000948e-02
2.166000000000000217e-02,4.529500000000000887e-02
2.168000000000000135e-02,4.685800000000001075e-02
2.170000000000000054e-02,4.685800000000001075e-02
2.172000000000000319e-02,4.998400000000000759e-02
2.174000000000000238e-02,5.311000000000000443e-02
2.176000000000000156e-02,5.623600000000000820e-02
2.178000000000000075e-02,5.936200000000000504e-02
2.180000000000000340e-02,6.561400000000000565e-02
2.182000000000000259e-02,6.874000000000000943e-02
2.184000000000000177e-02,7.811800000000000688e-02
2.186000000000000096e-02,8.749600000000000433e-02
2.188000000000000014e-02,9.374800000000001188e-02
2.190000000000000280e-02,1.015630000000000005e-01
2.192000000000000198e-02,1.093780000000000030e-01
2.194000000000000117e-02,1.109410000000000118e-01
2.196000000000000035e-02,1.109410000000000118e-01
2.198000000000000301e-02,1.093780000000000030e-01
2.200000000000000219e-02,1.000000000000000056e-01
2.202000000000000138e-02,9.062200000000000810e-02
2.204000000000000056e-02,8.280700000000000560e-02
2.206000000000000322e-02,7.499200000000000310e-02
2.208000000000000240e-02,7.030300000000000438e-02
2.210000000000000159e-02,6.405099999999999683e-02
2.212000000000000077e-02,6.092500000000000693e-02
2.214000000000000343e-02,6.092500000000000693e-02
2.216000000000000261e-02,6.248800000000000882e-02
2.218000000000000180e-02,7.030300000000000438e-02
2.220000000000000098e-02,8.437000000000000055e-02
2.222000000000000017e-02,9.218500000000000305e-02
2.224000000000000282e-02,9.531100000000000683e-02
2.226000000000000201e-02,1.015630000000000005e-01
2.228000000000000119e-02,1.015630000000000005e-01
2.230000000000000038e-02,9.687400000000000178e-02
2.232000000000000303e-02,9.374800000000001188e-02
2.234000000000000222e-02,8.280700000000000560e-02
2.236000000000000140e-02,7.499200000000000310e-02
2.238000000000000059e-02,6.874000000000000943e-02
2.240000000000000324e-02,6.405099999999999683e-02
2.242000000000000243e-02,5.936200000000000504e-02
2.244000000000000161e-02,5.467300000000000632e-02
2.246000000000000080e-02,5.154700000000000948e-02
2.248000000000000345e-02,5.467300000000000632e-02
2.250000000000000264e-02,5.623600000000000820e-02
2.252000000000000182e-02,5.936200000000000504e-02
2.254000000000000101e-02,6.092500000000000693e-02
2.256000000000000019e-02,6.874000000000000943e-02
2.258000000000000285e-02,7.342900000000000815e-02
2.260000000000000203e-02,7.811800000000000688e-02
2.262000000000000122e-02,8.593300000000000938e-02
2.264000000000000040e-02,9.062200000000000810e-02
2.266000000000000306e-02,9.843700000000001060e-02
2.268000000000000224e-02,1.078150000000000081e-01
2.270000000000000143e-02,1.156300000000000106e-01
2.272000000000000061e-02,1.187560000000000004e-01
2.274000000000000327e-02,1.187560000000000004e-01
2.276000000000000245e-02,1.140670000000000017e-01
2.278000000000000164e-02,1.046890000000000043e-01
2.280000000000000082e-02,1.000000000000000056e-01
2.282000000000000348e-02,8.905899999999999928e-02
2.284000000000000266e-02,7.968100000000000183e-02
2.286000000000000185e-02,7.342900000000000815e-02
2.288000000000000103e-02,6.405099999999999683e-02
2.290000000000000022e-02,6.092500000000000693e-02
2.292000000000000287e-02,5.623600000000000820e-02
2.294000000000000206e-02,5.311000000000000443e-02
2.296000000000000124e-02,5.467300000000000632e-02
2.298000000000000043e-02,6.248800000000000882e-02
2.300000000000000308e-02,6.405099999999999683e-02
2.302000000000000227e-02,7.655500000000001193e-02
2.304000000000000145e-02,9.218500000000000305e-02
2.306000000000000064e-02,9.687400000000000178e-02
2.308000000000000329e-02,1.031260000000000093e-01
2.310000000000000248e-02,1.000000000000000056e-01
2.312000000000000166e-02,1.000000000000000056e-01
2.314000000000000085e-02,9.374800000000001188e-02
2.316000000000000350e-02,8.593300000000000938e-02
2.318000000000000269e-02,7.811800000000000688e-02
2.320000000000000187e-02,7.342900000000000815e-02
2.322000000000000106e-02,6.717700000000001448e-02
2.324000000000000024e-02,6.561400000000000565e-02
2.326000000000000290e-02,6.405099999999999683e-02
2.328000000000000208e-02,6.405099999999999683e-02
2.330000000000000127e-02,6.717700000000001448e-02
2.332000000000000045e-02,7.499200000000000310e-02
2.334000000000000311e-02,7.968100000000000183e-02
2.336000000000000229e-02,8.437000000000000055e-02
2.338000000000000148e-02,9.062200000000000810e-02
2.340000000000000066e-02,9.843700000000001060e-02
2.342000000000000332e-02,1.031260000000000093e-01
2.344000000000000250e-02,1.109410000000000118e-01
2.346000000000000169e-02,1.156300000000000106e-01
2.348000000000000087e-02,1.234449999999999992e-01
2.350000000000000352e-02,1.265709999999999891e-01
2.352000000000000271e-02,1.265709999999999891e-01
2.354000000000000190e-02,1.234449999999999992e-01
2.356000000000000108e-02,1.140670000000000017e-01
2.358000000000000027e-02,1.046890000000000043e-01
2.360000000000000292e-02,9.687400000000000178e-02
2.362000000000000210e-02,8.593300000000000938e-02
2.364000000000000129e-02,7.655500000000001193e-02
2.366000000000000048e-02,6.717700000000001448e-02
2.368000000000000313e-02,6.092500000000000693e-02
2.370000000000000231e-02,5.623600000000000820e-02
2.372000000000000150e-02,5.154700000000000948e-02
2.374000000000000069e-02,4.842100000000000570e-02
2.376000000000000334e-02,4.998400000000000759e-02
2.378000000000000252e-02,5.311000000000000443e-02
2.380000000000000171e-02,6.248800000000000882e-02
2.382000000000000089e-02,7.499200000000000310e-02
2.384000000000000355e-02,8.749600000000000433e-02
2.386000000000000273e-02,9.687400000000000178e-02
2.388000000000000192e-02,1.000000000000000056e-01
2.390000000000000110e-02,1.000000000000000056e-01
2.392000000000000029e-02,9.843700000000001060e-02
2.394000000000000294e-02,9.374800000000001188e-02
2.396000000000000213e-02,8.593300000000000938e-02
2.398000000000000131e-02,8.124400000000001065e-02
2.400000000000000050e-02,7.655500000000001193e-02
2.402000000000000315e-02,7.186600000000001320e-02
2.404000000000000234e-02,7.186600000000001320e-02
2.406000000000000152e-02,7.030300000000000438e-02
2.408000000000000071e-02,7.342900000000000815e-02
2.410000000000000336e-02,7.811800000000000688e-02
2.412000000000000255e-02,8.437000000000000055e-02
2.414000000000000173e-02,8.905899999999999928e-02
2.416000000000000092e-02,9.531100000000000683e-02
2.418000000000000357e-02,1.015630000000000005e-01
2.420000000000000276e-02,1.093780000000000030e-01
2.422000000000000194e-02,1.156300000000000106e-01
2.424000000000000113e-02,1.187560000000000004e-01
2.426000000000000031e-02,1.281339999999999979e-01
2.428000000000000297e-02,1.296970000000000067e-01
2.430000000000000215e-02,1.312599999999999878e-01
2.432000000000000134e-02,1.296970000000000067e-01
2.434000000000000052e-02,1.265709999999999891e-01
2.436000000000000318e-02,1.156300000000000106e-01
2.438000000000000236e-02,1.046890000000000043e-01
2.440000000000000155e-02,9.531100000000000683e-02
2.442000000000000073e-02,8.280700000000000560e-02
2.444000000000000339e-02,7.030300000000000438e-02
2.446000000000000257e-02,6.248800000000000882e-02
2.448000000000000176e-02,5.936200000000000504e-02
2.450000000000000094e-02,4.998400000000000759e-02
2.452000000000000360e-02,4.685800000000001075e-02
2.454000000000000278e-02,4.373200000000000698e-02
2.456000000000000197e-02,4.373200000000000698e-02
2.458000000000000115e-02,4.373200000000000698e-02
2.460000000000000034e-02,5.154700000000000948e-02
2.462000000000000299e-02,6.561400000000000565e-02
2.464000000000000218e-02,7.811800000000000688e-02
2.466000000000000136e-02,8.593300000000000938e-02
2.468000000000000055e-02,9.531100000000000683e-02
2.470000000000000320e-02,1.000000000000000056e-01
2.472000000000000239e-02,9.843700000000001060e-02
2.474000000000000157e-02,9.531100000000000683e-02
2.476000000000000076e-02,9.218500000000000305e-02
2.478000000000000341e-02,8.437000000000000055e-02
2.480000000000000260e-02,8.437000000000000055e-02
2.482000000000000178e-02,7.968100000000000183e-02
2.484000000000000097e-02,7.811800000000000688e-02
2.486000000000000362e-02,7.968100000000000183e-02
2.488000000000000281e-02,8.280700000000000560e-02
2.490000000000000199e-02,8.905899999999999928e-02
2.492000000000000118e-02,9.687400000000000178e-02
2.494000000000000036e-02,1.015630000000000005e-01
2.496000000000000302e-02,1.046890000000000043e-01
2.498000000000000220e-02,1.140670000000000017e-01
2.500000000000000139e-02,1.187560000000000004e-01
2.502000000000000057e-02,1.250080000000000080e-01
2.504000000000000323e-02,1.296970000000000067e-01
2.506000000000000241e-02,1.328229999999999966e-01
2.508000000000000160e-02,1.359490000000000143e-01
2.510000000000000078e-02,1.359490000000000143e-01
2.512000000000000344e-02,1.328229999999999966e-01
2.514000000000000262e-02,1.250080000000000080e-01
2.516000000000000181e-02,1.171930000000000055e-01
2.518000000000000099e-02,1.062519999999999992e-01
2.520000000000000365e-02,9.374800000000001188e-02
2.522000000000000283e-02,8.280700000000000560e-02
2.524000000000000202e-02,7.030300000000000438e-02
2.526000000000000120e-02,6.717700000000001448e-02
2.528000000000000039e-02,5.779900000000001009e-02
2.530000000000000304e-02,5.311000000000000443e-02
2.532000000000000223e-02,4.685800000000001075e-02
2.534000000000000141e-02,4.373200000000000698e-02
2.536000000000000060e-02,4.373200000000000698e-02
2.538000000000000325e-02,4.529500000000000887e-02
2.540000000000000244e-02,5.623600000000000820e-02
2.542000000000000162e-02,6.717700000000001448e-02
2.544000000000000081e-02,7.811800000000000688e-02
2.546000000000000346e-02,9.062200000000000810e-02
2.548000000000000265e-02,9.687400000000000178e-02
2.550000000000000183e-02,1.015630000000000005e-01
2.552000000000000102e-02,1.000000000000000056e-01
2.554000000000000367e-02,9.843700000000001060e-02
2.556000000000000286e-02,9.531100000000000683e-02
2.558000000000000204e-02,9.062200000000000810e-02
2.560000000000000123e-02,8.593300000000000938e-02
2.562000000000000041e-02,8.437000000000000055e-02
2.564000000000000307e-02,8.124400000000001065e-02
2.566000000000000225e-02,8.280700000000000560e-02
2.568000000000000144e-02,8.593300000000000938e-02
2.570000000000000062e-02,9.062200000000000810e-02
2.572000000000000328e-02,9.687400000000000178e-02
2.574000000000000246e-02,1.015630000000000005e-01
2.576000000000000165e-02,1.109410000000000118e-01
2.578000000000000083e-02,1.171930000000000055e-01
2.580000000000000349e-02,1.203190000000000093e-01
2.582000000000000267e-02,1.265709999999999891e-01
2.584000000000000186e-02,1.296970000000000067e-01
2.586000000000000104e-02,1.359490000000000143e-01
2.588000000000000370e-02,1.406380000000000130e-01
2.590000000000000288e-02,1.390750000000000042e-01
2.592000000000000207e-02,1.328229999999999966e-01
2.594000000000000125e-02,1.281339999999999979e-01
2.596000000000000044e-02,1.187560000000000004e-01
2.598000000000000309e-02,1.015630000000000005e-01
2.600000000000000228e-02,9.374800000000001188e-02
2.602000000000000146e-02,7.968100000000000183e-02
2.604000000000000065e-02,7.499200000000000310e-02
2.606000000000000330e-02,6.717700000000001448e-02
2.608000000000000249e-02,5.936200000000000504e-02
2.610000000000000167e-02,5.154700000000000948e-02
2.612000000000000086e-02,4.842100000000000570e-02
2.614000000000000351e-02,4.373200000000000698e-02
2.616000000000000270e-02,4.216900000000000509e-02
2.618000000000000188e-02,4.060600000000001014e-02
2.620000000000000107e-02,4.998400000000000759e-02
2.622000000000000372e-02,5.779900000000001009e-02
2.624000000000000291e-02,7.186600000000001320e-02
2.626000000000000209e-02,8.124400000000001065e-02
2.628000000000000128e-02,9.531100000000000683e-02
2.630000000000000046e-02,1.015630000000000005e-01
2.632000000000000312e-02,1.015630000000000005e-01
2.634000000000000230e-02,1.000000000000000056e-01
2.636000000000000149e-02,9.531100000000000683e-02
2.638000000000000067e-02,9.374800000000001188e-02
2.640000000000000333e-02,9.062200000000000810e-02
2.642000000000000251e-02,8.905899999999999928e-02
2.644000000000000170e-02,8.593300000000000938e-02
2.646000000000000088e-02,8.905899999999999928e-02
2.648000000000000353e-02,9.374800000000001188e-02
2.650000000000000272e-02,1.000000000000000056e-01
2.652000000000000191e-02,1.046890000000000043e-01
2.654000000000000109e-02,1.093780000000000030e-01
2.656000000000000374e-02,1.156300000000000106e-01
2.658000000000000293e-02,1.234449999999999992e-01
2.660000000000000211e-02,1.281339999999999979e-01
2.662000000000000130e-02,1.328229999999999966e-01
2.664000000000000049e-02,1.375119999999999953e-01
2.666000000000000314e-02,1.406380000000000130e-01
2.668000000000000232e-02,1.422009999999999941e-01
2.670000000000000151e-02,1.406380000000000130e-01
2.672000000000000069e-02,1.328229999999999966e-01
2.674000000000000335e-02,1.218820000000000042e-01
2.676000000000000253e-02,1.093780000000000030e-01
2.678000000000000172e-02,1.000000000000000056e-01
2.680000000000000090e-02,8.905899999999999928e-02
2.682000000000000356e-02,7.811800000000000688e-02
2.684000000000000274e-02,7.186600000000001320e-02
2.686000000000000193e-02,6.248800000000000882e-02
2.688000000000000111e-02,5.623600000000000820e-02
2.690000000000000377e-02,5.311000000000000443e-02
2.692000000000000295e-02,4.529500000000000887e-02
2.694000000000000214e-02,4.060600000000001014e-02
2.696000000000000132e-02,4.060600000000001014e-02
2.698000000000000051e-02,4.060600000000001014e-02
2.700000000000000316e-02,4.529500000000000887e-02
2.702000000000000235e-02,5.623600000000000820e-02
2.704000000000000153e-02,6.561400000000000565e-02
2.706000000000000072e-02,7.968100000000000183e-02
2.708000000000000337e-02,9.531100000000000683e-02
2.710000000000000256e-02,1.015630000000000005e-01
2.712000000000000174e-02,1.031260000000000093e-01
2.714000000000000093e-02,1.046890000000000043e-01
2.716000000000000358e-02,1.031260000000000093e-01
2.718000000000000277e-02,1.015630000000000005e-01
2.720000000000000195e-02,9.687400000000000178e-02
2.722000000000000114e-02,9.843700000000001060e-02
2.724000000000000379e-02,9.687400000000000178e-02
2.726000000000000298e-02,1.015630000000000005e-01
2.728000000000000216e-02,1.062519999999999992e-01
2.730000000000000135e-02,1.093780000000000030e-01
2.732000000000000053e-02,1.156300000000000106e-01
2.734000000000000319e-02,1.234449999999999992e-01
2.736000000000000237e-02,1.296970000000000067e-01
2.738000000000000156e-02,1.328229999999999966e-01
2.740000000000000074e-02,1.390750000000000042e-01
2.742000000000000340e-02,1.406380000000000130e-01
2.744000000000000258e-02,1.453270000000000117e-01
2.746000000000000177e-02,1.468900000000000206e-01
2.748000000000000095e-02,1.453270000000000117e-01
2.750000000000000361e-02,1.390750000000000042e-01
2.752000000000000279e-02,1.343860000000000054e-01
2.754000000000000198e-02,1.171930000000000055e-01
2.756000000000000116e-02,1.109410000000000118e-01
2.758000000000000382e-02,9.374800000000001188e-02
2.760000000000000300e-02,8.437000000000000055e-02
2.762000000000000219e-02,7.811800000000000688e-02
2.764000000000000137e-02,6.717700000000001448e-02
2.766000000000000056e-02,6.248800000000000882e-02
2.768000000000000321e-02,5.936200000000000504e-02
2.770000000000000240e-02,5.467300000000000632e-02
2.772000000000000158e-02,4.842100000000000570e-02
2.774000000000000077e-02,4.529500000000000887e-02
2.776000000000000342e-02,4.060600000000001014e-02
2.778000000000000261e-02,4.060600000000001014e-02
2.780000000000000179e-02,4.060600000000001014e-02
2.782000000000000098e-02,5.154700000000000948e-02
2.784000000000000363e-02,6.248800000000000882e-02
2.786000000000000282e-02,7.030300000000000438e-02
2.788000000000000200e-02,8.749600000000000433e-02
2.790000000000000119e-02,9.374800000000001188e-02
2.792000000000000384e-02,1.015630000000000005e-01
2.794000000000000303e-02,1.062519999999999992e-01
2.796000000000000221e-02,1.062519999999999992e-01
2.798000000000000140e-02,1.046890000000000043e-01
2.800000000000000058e-02,1.046890000000000043e-01
2.802000000000000324e-02,1.062519999999999992e-01
2.804000000000000242e-02,1.062519999999999992e-01
2.806000000000000161e-02,1.093780000000000030e-01
2.808000000000000079e-02,1.156300000000000106e-01
2.810000000000000345e-02,1.203190000000000093e-01
2.812000000000000263e-02,1.250080000000000080e-01
2.814000000000000182e-02,1.296970000000000067e-01
2.816000000000000100e-02,1.359490000000000143e-01
2.818000000000000366e-02,1.406380000000000130e-01
2.820000000000000284e-02,1.437640000000000029e-01
2.822000000000000203e-02,1.468900000000000206e-01
2.824000000000000121e-02,1.500160000000000105e-01
2.826000000000000387e-02,1.500160000000000105e-01
2.828000000000000305e-02,1.468900000000000206e-01
2.830000000000000224e-02,1.422009999999999941e-01
2.832000000000000142e-02,1.312599999999999878e-01
2.834000000000000061e-02,1.156300000000000106e-01
2.836000000000000326e-02,1.046890000000000043e-01
2.838000000000000245e-02,9.531100000000000683e-02
2.840000000000000163e-02,8.280700000000000560e-02
2.842000000000000082e-02,7.499200000000000310e-02
2.844000000000000347e-02,6.874000000000000943e-02
2.846000000000000266e-02,6.405099999999999683e-02
2.848000000000000184e-02,6.092500000000000693e-02
2.850000000000000103e-02,5.623600000000000820e-02
2.852000000000000368e-02,4.998400000000000759e-02
2.854000000000000287e-02,4.529500000000000887e-02
2.856000000000000205e-02,4.216900000000000509e-02
2.858000000000000124e-02,3.904300000000000825e-02
2.860000000000000389e-02,4.216900000000000509e-02
2.862000000000000308e-02,5.154700000000000948e-02
2.864000000000000226e-02,5.936200000000000504e-02
2.866000000000000145e-02,7.811800000000000688e-02
2.868000000000000063e-02,8.437000000000000055e-02
2.870000000000000329e-02,9.374800000000001188e-02
2.872000000000000247e-02,1.046890000000000043e-01
2.874000000000000166e-02,1.062519999999999992e-01
2.876000000000000084e-02,1.078150000000000081e-01
2.878000000000000350e-02,1.093780000000000030e-01
2.880000000000000268e-02,1.093780000000000030e-01
2.882000000000000187e-02,1.093780000000000030e-01
2.884000000000000105e-02,1.109410000000000118e-01
2.886000000000000371e-02,1.140670000000000017e-01
2.888000000000000289e-02,1.218820000000000042e-01
2.890000000000000208e-02,1.250080000000000080e-01
2.892000000000000126e-02,1.328229999999999966e-01
2.894000000000000392e-02,1.359490000000000143e-01
2.896000000000000310e-02,1.406380000000000130e-01
2.898000000000000229e-02,1.437640000000000029e-01
2.900000000000000147e-02,1.484530000000000016e-01
2.902000000000000066e-02,1.500160000000000105e-01
2.904000000000000331e-02,1.515790000000000193e-01
2.906000000000000250e-02,1.515790000000000193e-01
2.908000000000000168e-02,1.453270000000000117e-01
2.910000000000000087e-02,1.375119999999999953e-01
2.912000000000000352e-02,1.218820000000000042e-01
2.914000000000000271e-02,1.140670000000000017e-01
2.916000000000000189e-02,1.000000000000000056e-01
2.918000000000000108e-02,8.749600000000000433e-02
2.920000000000000373e-02,7.968100000000000183e-02
2.922000000000000292e-02,7.342900000000000815e-02
2.924000000000000210e-02,6.717700000000001448e-02
2.926000000000000129e-02,6.405099999999999683e-02
2.928000000000000394e-02,6.405099999999999683e-02
2.930000000000000313e-02,6.092500000000000693e-02
2.932000000000000231e-02,5.623600000000000820e-02
2.934000000000000150e-02,5.154700000000000948e-02
2.936000000000000068e-02,4.529500000000000887e-02
2.938000000000000334e-02,4.373200000000000698e-02
2.940000000000000252e-02,4.216900000000000509e-02
2.942000000000000171e-02,4.842100000000000570e-02
2.944000000000000089e-02,5.623600000000000820e-02
2.946000000000000354e-02,6.717700000000001448e-02
2.948000000000000273e-02,8.124400000000001065e-02
2.950000000000000192e-02,9.531100000000000683e-02
2.952000000000000110e-02,1.031260000000000093e-01
2.954000000000000375e-02,1.046890000000000043e-01
2.956000000000000294e-02,1.093780000000000030e-01
2.958000000000000212e-02,1.140670000000000017e-01
2.960000000000000131e-02,1.171930000000000055e-01
2.962000000000000396e-02,1.171930000000000055e-01
2.964000000000000315e-02,1.203190000000000093e-01
2.966000000000000233e-02,1.250080000000000080e-01
2.968000000000000152e-02,1.296970000000000067e-01
2.970000000000000070e-02,1.359490000000000143e-01
2.972000000000000336e-02,1.406380000000000130e-01
2.974000000000000254e-02,1.437640000000000029e-01
2.976000000000000173e-02,1.468900000000000206e-01
2.978000000000000091e-02,1.500160000000000105e-01
2.980000000000000357e-02,1.500160000000000105e-01
2.982000000000000275e-02,1.531420000000000003e-01
2.984000000000000194e-02,1.515790000000000193e-01
2.986000000000000112e-02,1.484530000000000016e-01
2.988000000000000378e-02,1.406380000000000130e-01
2.990000000000000296e-02,1.343860000000000054e-01
2.992000000000000215e-02,1.171930000000000055e-01
2.994000000000000133e-02,1.046890000000000043e-01
2.996000000000000399e-02,9.687400000000000178e-02
2.998000000000000317e-02,8.593300000000000938e-02
3.000000000000000236e-02,7.811800000000000688e-02
3.002000000000000154e-02,7.342900000000000815e-02
3.004000000000000073e-02,7.030300000000000438e-02
3.006000000000000338e-02,7.030300000000000438e-02
3.008000000000000257e-02,6.874000000000000943e-02
3.010000000000000175e-02,6.561400000000000565e-02
3.012000000000000094e-02,6.405099999999999683e-02
3.014000000000000359e-02,5.936200000000000504e-02
3.016000000000000278e-02,5.467300000000000632e-02
3.018000000000000196e-02,4.685800000000001075e-02
3.020000000000000115e-02,4.685800000000001075e-02
3.022000000000000380e-02,4.842100000000000570e-02
3.024000000000000299e-02,5.779900000000001009e-02
3.026000000000000217e-02,6.561400000000000565e-02
3.028000000000000136e-02,7.499200000000000310e-02
3.030000000000000401e-02,9.374800000000001188e-02
3.032000000000000320e-02,1.015630000000000005e-01
3.034000000000000238e-02,1.093780000000000030e-01
3.036000000000000157e-02,1.171930000000000055e-01
3.038000000000000075e-02,1.187560000000000004e-01
3.040000000000000341e-02,1.218820000000000042e-01
3.042000000000000259e-02,1.265709999999999891e-01
3.044000000000000178e-02,1.281339999999999979e-01
3.046000000000000096e-02,1.312599999999999878e-01
3.048000000000000362e-02,1.375119999999999953e-01
3.050000000000000280e-02,1.422009999999999941e-01
3.052000000000000199e-02,1.453270000000000117e-01
3.054000000000000117e-02,1.500160000000000105e-01
3.056000000000000383e-02,1.500160000000000105e-01
3.058000000000000301e-02,1.500160000000000105e-01
3.060000000000000220e-02,1.500160000000000105e-01
3.062000000000000138e-02,1.500160000000000105e-01
3.064000000000000404e-02,1.484530000000000016e-01
3.066000000000000322e-02,1.422009999999999941e-01
3.068000000000000241e-02,1.390750000000000042e-01
3.070000000000000159e-02,1.218820000000000042e-01
3.072000000000000425e-02,1.125040000000000068e-01
3.074000000000000343e-02,1.000000000000000056e-01
3.076000000000000262e-02,9.062200000000000810e-02
3.078000000000000180e-02,7.811800000000000688e-02
3.080000000000000099e-02,7.499200000000000310e-02
3.082000000000000364e-02,7.030300000000000438e-02
3.084000000000000283e-02,7.030300000000000438e-02
3.086000000000000201e-02,7.186600000000001320e-02
3.088000000000000120e-02,7.030300000000000438e-02
3.090000000000000385e-02,6.717700000000001448e-02
3.092000000000000304e-02,6.717700000000001448e-02
3.094000000000000222e-02,6.092500000000000693e-02
3.096000000000000141e-02,5.623600000000000820e-02
3.098000000000000406e-02,5.311000000000000443e-02
3.100000000000000325e-02,4.998400000000000759e-02
3.102000000000000243e-02,4.842100000000000570e-02
3.104000000000000162e-02,5.154700000000000948e-02
3.106000000000000427e-02,6.561400000000000565e-02
3.108000000000000346e-02,7.186600000000001320e-02
3.110000000000000264e-02,8.905899999999999928e-02
3.112000000000000183e-02,9.687400000000000178e-02
3.114000000000000101e-02,1.062519999999999992e-01
3.116000000000000367e-02,1.125040000000000068e-01
3.118000000000000285e-02,1.203190000000000093e-01
3.120000000000000204e-02,1.250080000000000080e-01
3.122000000000000122e-02,1.296970000000000067e-01
3.124000000000000388e-02,1.328229999999999966e-01
3.126000000000000306e-02,1.390750000000000042e-01
3.128000000000000225e-02,1.422009999999999941e-01
3.130000000000000143e-02,1.453270000000000117e-01
3.132000000000000062e-02,1.468900000000000206e-01
3.133999999999999980e-02,1.484530000000000016e-01
3.136000000000000593e-02,1.500160000000000105e-01
3.138000000000000511e-02,1.484530000000000016e-01
3.140000000000000430e-02,1.484530000000000016e-01
3.142000000000000348e-02,1.468900000000000206e-01
3.144000000000000267e-02,1.437640000000000029e-01
3.146000000000000185e-02,1.406380000000000130e-01
3.148000000000000104e-02,1.265709999999999891e-01
3.150000000000000022e-02,1.171930000000000055e-01
3.151999999999999941e-02,1.015630000000000005e-01
3.154000000000000553e-02,9.531100000000000683e-02
3.156000000000000472e-02,8.124400000000001065e-02
3.158000000000000390e-02,7.655500000000001193e-02
3.160000000000000309e-02,7.342900000000000815e-02
3.162000000000000227e-02,7.499200000000000310e-02
3.164000000000000146e-02,7.655500000000001193e-02
3.166000000000000064e-02,7.811800000000000688e-02
3.167999999999999983e-02,8.124400000000001065e-02
3.170000000000000595e-02,8.124400000000001065e-02
3.172000000000000514e-02,7.968100000000000183e-02
3.174000000000000432e-02,7.655500000000001193e-02
3.176000000000000351e-02,7.342900000000000815e-02
3.178000000000000269e-02,6.561400000000000565e-02
3.180000000000000188e-02,5.936200000000000504e-02
3.182000000000000106e-02,5.467300000000000632e-02
3.184000000000000025e-02,5.623600000000000820e-02
3.185999999999999943e-02,6.405099999999999683e-02
3.188000000000000556e-02,7.186600000000001320e-02
3.190000000000000474e-02,8.593300000000000938e-02
3.192000000000000393e-02,9.374800000000001188e-02
3.194000000000000311e-02,1.062519999999999992e-01
3.196000000000000230e-02,1.125040000000000068e-01
3.198000000000000148e-02,1.171930000000000055e-01
3.200000000000000067e-02,1.234449999999999992e-01
3.201999999999999985e-02,1.296970000000000067e-01
3.204000000000000598e-02,1.328229999999999966e-01
3.206000000000000516e-02,1.375119999999999953e-01
3.208000000000000435e-02,1.390750000000000042e-01
3.210000000000000353e-02,1.437640000000000029e-01
3.212000000000000272e-02,1.453270000000000117e-01
3.214000000000000190e-02,1.453270000000000117e-01
3.216000000000000109e-02,1.437640000000000029e-01
3.218000000000000027e-02,1.422009999999999941e-01
3.219999999999999946e-02,1.390750000000000042e-01
3.222000000000000558e-02,1.375119999999999953e-01
3.224000000000000477e-02,1.343860000000000054e-01
3.226000000000000395e-02,1.265709999999999891e-01
3.228000000000000314e-02,1.187560000000000004e-01
3.230000000000000232e-02,1.015630000000000005e-01
3.232000000000000151e-02,9.531100000000000683e-02
3.234000000000000069e-02,8.124400000000001065e-02
3.235999999999999988e-02,7.186600000000001320e-02
3.238000000000000600e-02,7.186600000000001320e-02
3.240000000000000518e-02,7.030300000000000438e-02
3.242000000000000437e-02,7.499200000000000310e-02
3.244000000000000355e-02,7.655500000000001193e-02
3.246000000000000274e-02,7.968100000000000183e-02
3.248000000000000193e-02,8.437000000000000055e-02
3.250000000000000111e-02,8.437000000000000055e-02
3.252000000000000030e-02,8.437000000000000055e-02
3.253999999999999948e-02,7.968100000000000183e-02
3.256000000000000560e-02,7.655500000000001193e-02
3.258000000000000479e-02,6.717700000000001448e-02
3.260000000000000397e-02,6.248800000000000882e-02
3.262000000000000316e-02,5.779900000000001009e-02
3.264000000000000234e-02,5.779900000000001009e-02
3.266000000000000153e-02,6.092500000000000693e-02
3.268000000000000071e-02,7.030300000000000438e-02
3.269999999999999990e-02,8.280700000000000560e-02
3.272000000000000602e-02,9.531100000000000683e-02
3.274000000000000521e-02,1.015630000000000005e-01
3.276000000000000439e-02,1.125040000000000068e-01
3.278000000000000358e-02,1.171930000000000055e-01
3.280000000000000276e-02,1.234449999999999992e-01
3.282000000000000195e-02,1.281339999999999979e-01
3.284000000000000113e-02,1.343860000000000054e-01
3.286000000000000032e-02,1.375119999999999953e-01
3.287999999999999950e-02,1.406380000000000130e-01
3.290000000000000563e-02,1.422009999999999941e-01
3.292000000000000481e-02,1.437640000000000029e-01
3.294000000000000400e-02,1.453270000000000117e-01
3.296000000000000318e-02,1.422009999999999941e-01
3.298000000000000237e-02,1.422009999999999941e-01
3.300000000000000155e-02,1.390750000000000042e-01
3.302000000000000074e-02,1.390750000000000042e-01
3.303999999999999992e-02,1.328229999999999966e-01
3.306000000000000605e-02,1.281339999999999979e-01
3.308000000000000523e-02,1.203190000000000093e-01
3.310000000000000442e-02,1.031260000000000093e-01
3.312000000000000360e-02,9.374800000000001188e-02
3.314000000000000279e-02,8.124400000000001065e-02
3.316000000000000197e-02,7.342900000000000815e-02
3.318000000000000116e-02,7.030300000000000438e-02
3.320000000000000034e-02,7.186600000000001320e-02
3.321999999999999953e-02,7.186600000000001320e-02
3.324000000000000565e-02,7.655500000000001193e-02
3.326000000000000484e-02,7.968100000000000183e-02
3.328000000000000402e-02,8.280700000000000560e-02
3.330000000000000321e-02,8.593300000000000938e-02
3.332000000000000239e-02,8.749600000000000433e-02
3.334000000000000158e-02,8.280700000000000560e-02
3.336000000000000076e-02,7.655500000000001193e-02
3.337999999999999995e-02,7.186600000000001320e-02
3.340000000000000607e-02,6.561400000000000565e-02
3.342000000000000526e-02,5.779900000000001009e-02
3.344000000000000444e-02,5.779900000000001009e-02
3.346000000000000363e-02,5.936200000000000504e-02
3.348000000000000281e-02,7.030300000000000438e-02
3.350000000000000200e-02,7.811800000000000688e-02
3.352000000000000118e-02,8.905899999999999928e-02
3.354000000000000037e-02,9.843700000000001060e-02
3.355999999999999955e-02,1.093780000000000030e-01
3.358000000000000568e-02,1.156300000000000106e-01
3.360000000000000486e-02,1.203190000000000093e-01
3.362000000000000405e-02,1.281339999999999979e-01
3.364000000000000323e-02,1.296970000000000067e-01
3.366000000000000242e-02,1.375119999999999953e-01
3.368000000000000160e-02,1.375119999999999953e-01
3.370000000000000079e-02,1.390750000000000042e-01
3.371999999999999997e-02,1.390750000000000042e-01
3.374000000000000610e-02,1.390750000000000042e-01
3.376000000000000528e-02,1.359490000000000143e-01
3.378000000000000447e-02,1.312599999999999878e-01
3.380000000000000365e-02,1.296970000000000067e-01
3.382000000000000284e-02,1.265709999999999891e-01
3.384000000000000202e-02,1.203190000000000093e-01
3.386000000000000121e-02,1.109410000000000118e-01
3.388000000000000039e-02,1.000000000000000056e-01
3.389999999999999958e-02,9.062200000000000810e-02
3.392000000000000570e-02,7.968100000000000183e-02
3.394000000000000489e-02,7.499200000000000310e-02
3.396000000000000407e-02,6.874000000000000943e-02
3.398000000000000326e-02,6.874000000000000943e-02
3.400000000000000244e-02,7.342900000000000815e-02
3.402000000000000163e-02,7.968100000000000183e-02
3.404000000000000081e-02,8.437000000000000055e-02
3.406000000000000000e-02,9.062200000000000810e-02
3.408000000000000612e-02,9.531100000000000683e-02
3.410000000000000531e-02,9.843700000000001060e-02
3.412000000000000449e-02,1.000000000000000056e-01
3.414000000000000368e-02,9.843700000000001060e-02
3.416000000000000286e-02,9.531100000000000683e-02
3.418000000000000205e-02,8.749600000000000433e-02
3.420000000000000123e-02,7.655500000000001193e-02
3.422000000000000042e-02,7.030300000000000438e-02
3.423999999999999960e-02,6.561400000000000565e-02
3.426000000000000573e-02,6.405099999999999683e-02
3.428000000000000491e-02,6.874000000000000943e-02
3.430000000000000410e-02,7.655500000000001193e-02
3.432000000000000328e-02,9.062200000000000810e-02
3.434000000000000247e-02,9.687400000000000178e-02
3.436000000000000165e-02,1.046890000000000043e-01
3.438000000000000084e-02,1.156300000000000106e-01
3.440000000000000002e-02,1.218820000000000042e-01
3.442000000000000615e-02,1.281339999999999979e-01
3.444000000000000533e-02,1.312599999999999878e-01
3.446000000000000452e-02,1.343860000000000054e-01
3.448000000000000370e-02,1.359490000000000143e-01
3.450000000000000289e-02,1.359490000000000143e-01
3.452000000000000207e-02,1.359490000000000143e-01
3.454000000000000126e-02,1.343860000000000054e-01
3.456000000000000044e-02,1.296970000000000067e-01
3.457999999999999963e-02,1.281339999999999979e-01
3.460000000000000575e-02,1.250080000000000080e-01
3.462000000000000494e-02,1.218820000000000042e-01
3.464000000000000412e-02,1.187560000000000004e-01
3.466000000000000331e-02,1.109410000000000118e-01
3.468000000000000249e-02,9.687400000000000178e-02
3.470000000000000168e-02,8.593300000000000938e-02
3.472000000000000086e-02,7.811800000000000688e-02
3.474000000000000005e-02,7.186600000000001320e-02
3.476000000000000617e-02,6.717700000000001448e-02
3.478000000000000536e-02,6.717700000000001448e-02
3.480000000000000454e-02,7.186600000000001320e-02
3.482000000000000373e-02,7.499200000000000310e-02
3.484000000000000291e-02,8.124400000000001065e-02
3.486000000000000210e-02,8.749600000000000433e-02
3.488000000000000128e-02,9.218500000000000305e-02
3.490000000000000047e-02,9.531100000000000683e-02
3.491999999999999965e-02,9.687400000000000178e-02
3.494000000000000578e-02,9.531100000000000683e-02
3.496000000000000496e-02,9.218500000000000305e-02
3.498000000000000415e-02,8.749600000000000433e-02
3.500000000000000333e-02,7.811800000000000688e-02
3.502000000000000252e-02,6.874000000000000943e-02
3.504000000000000170e-02,6.561400000000000565e-02
3.506000000000000089e-02,6.405099999999999683e-02
3.508000000000000007e-02,6.717700000000001448e-02
3.510000000000000620e-02,7.499200000000000310e-02
3.512000000000000538e-02,8.593300000000000938e-02
3.514000000000000457e-02,9.218500000000000305e-02
3.516000000000000375e-02,1.015630000000000005e-01
3.518000000000000294e-02,1.093780000000000030e-01
3.520000000000000212e-02,1.187560000000000004e-01
3.522000000000000131e-02,1.250080000000000080e-01
3.524000000000000049e-02,1.265709999999999891e-01
3.525999999999999968e-02,1.312599999999999878e-01
3.528000000000000580e-02,1.296970000000000067e-01
3.530000000000000498e-02,1.296970000000000067e-01
3.532000000000000417e-02,1.281339999999999979e-01
3.534000000000000336e-02,1.234449999999999992e-01
3.536000000000000254e-02,1.218820000000000042e-01
3.538000000000000173e-02,1.140670000000000017e-01
3.540000000000000091e-02,1.109410000000000118e-01
3.542000000000000010e-02,1.062519999999999992e-01
3.544000000000000622e-02,1.015630000000000005e-01
3.546000000000000540e-02,9.062200000000000810e-02
3.548000000000000459e-02,7.968100000000000183e-02
3.550000000000000377e-02,7.499200000000000310e-02
3.552000000000000296e-02,6.717700000000001448e-02
3.554000000000000214e-02,6.405099999999999683e-02
3.556000000000000133e-02,6.405099999999999683e-02
3.558000000000000052e-02,6.874000000000000943e-02
3.559999999999999970e-02,7.342900000000000815e-02
3.562000000000000582e-02,8.280700000000000560e-02
3.564000000000000501e-02,9.062200000000000810e-02
3.566000000000000419e-02,9.531100000000000683e-02
3.568000000000000338e-02,1.046890000000000043e-01
3.570000000000000256e-02,1.078150000000000081e-01
3.572000000000000175e-02,1.109410000000000118e-01
3.574000000000000093e-02,1.109410000000000118e-01
3.576000000000000012e-02,1.109410000000000118e-01
3.578000000000000624e-02,1.031260000000000093e-01
3.580000000000000543e-02,9.687400000000000178e-02
3.582000000000000461e-02,8.593300000000000938e-02
3.584000000000000380e-02,7.499200000000000310e-02
3.586000000000000298e-02,7.030300000000000438e-02
3.588000000000000217e-02,7.030300000000000438e-02
3.590000000000000135e-02,7.499200000000000310e-02
3.592000000000000054e-02,8.593300000000000938e-02
3.593999999999999972e-02,9.062200000000000810e-02
3.596000000000000585e-02,1.015630000000000005e-01
3.598000000000000503e-02,1.062519999999999992e-01
3.600000000000000422e-02,1.140670000000000017e-01
3.602000000000000340e-02,1.203190000000000093e-01
3.604000000000000259e-02,1.234449999999999992e-01
3.606000000000000177e-02,1.281339999999999979e-01
3.608000000000000096e-02,1.281339999999999979e-01
3.610000000000000014e-02,1.250080000000000080e-01
3.612000000000000627e-02,1.234449999999999992e-01
3.614000000000000545e-02,1.203190000000000093e-01
3.616000000000000464e-02,1.156300000000000106e-01
3.618000000000000382e-02,1.109410000000000118e-01
3.620000000000000301e-02,1.062519999999999992e-01
3.622000000000000219e-02,1.000000000000000056e-01
3.624000000000000138e-02,9.687400000000000178e-02
3.626000000000000056e-02,8.905899999999999928e-02
3.627999999999999975e-02,7.811800000000000688e-02
3.630000000000000587e-02,7.186600000000001320e-02
3.632000000000000506e-02,6.405099999999999683e-02
3.634000000000000424e-02,6.092500000000000693e-02
3.636000000000000343e-02,6.248800000000000882e-02
3.638000000000000261e-02,6.717700000000001448e-02
3.640000000000000180e-02,7.342900000000000815e-02
3.642000000000000098e-02,8.437000000000000055e-02
3.644000000000000017e-02,9.374800000000001188e-02
3.646000000000000629e-02,1.000000000000000056e-01
3.648000000000000548e-02,1.062519999999999992e-01
3.650000000000000466e-02,1.109410000000000118e-01
3.652000000000000385e-02,1.156300000000000106e-01
3.654000000000000303e-02,1.156300000000000106e-01
3.656000000000000222e-02,1.140670000000000017e-01
3.658000000000000140e-02,1.125040000000000068e-01
3.660000000000000059e-02,1.046890000000000043e-01
3.661999999999999977e-02,8.749600000000000433e-02
3.664000000000000590e-02,8.124400000000001065e-02
3.666000000000000508e-02,7.186600000000001320e-02
3.668000000000000427e-02,7.186600000000001320e-02
3.670000000000000345e-02,7.186600000000001320e-02
3.672000000000000264e-02,7.499200000000000310e-02
3.674000000000000182e-02,8.280700000000000560e-02
3.676000000000000101e-02,9.062200000000000810e-02
3.678000000000000019e-02,9.374800000000001188e-02
3.680000000000000632e-02,1.000000000000000056e-01
3.682000000000000550e-02,1.031260000000000093e-01
3.684000000000000469e-02,1.062519999999999992e-01
3.686000000000000387e-02,1.031260000000000093e-01
3.688000000000000306e-02,9.843700000000001060e-02
3.690000000000000224e-02,9.687400000000000178e-02
3.692000000000000143e-02,8.593300000000000938e-02
3.694000000000000061e-02,8.124400000000001065e-02
3.695999999999999980e-02,7.499200000000000310e-02
3.698000000000000592e-02,7.030300000000000438e-02
3.700000000000000511e-02,6.092500000000000693e-02
3.702000000000000429e-02,5.779900000000001009e-02
3.704000000000000348e-02,4.998400000000000759e-02
3.706000000000000266e-02,4.529500000000000887e-02
3.708000000000000185e-02,4.529500000000000887e-02
3.710000000000000103e-02,4.373200000000000698e-02
3.712000000000000022e-02,4.842100000000000570e-02
3.714000000000000634e-02,5.467300000000000632e-02
3.716000000000000553e-02,6.561400000000000565e-02
3.718000000000000471e-02,7.499200000000000310e-02
3.720000000000000390e-02,8.593300000000000938e-02
3.722000000000000308e-02,9.531100000000000683e-02
3.724000000000000227e-02,1.015630000000000005e-01
3.726000000000000145e-02,1.062519999999999992e-01
3.728000000000000064e-02,1.140670000000000017e-01
3.729999999999999982e-02,1.203190000000000093e-01
3.732000000000000595e-02,1.234449999999999992e-01
3.734000000000000513e-02,1.281339999999999979e-01
3.736000000000000432e-02,1.296970000000000067e-01
3.738000000000000350e-02,1.281339999999999979e-01
3.740000000000000269e-02,1.218820000000000042e-01
3.742000000000000187e-02,1.125040000000000068e-01
3.744000000000000106e-02,1.015630000000000005e-01
3.746000000000000024e-02,8.905899999999999928e-02
3.748000000000000637e-02,7.968100000000000183e-02
3.750000000000000555e-02,7.655500000000001193e-02
3.752000000000000474e-02,7.342900000000000815e-02
3.754000000000000392e-02,7.499200000000000310e-02
3.756000000000000311e-02,7.811800000000000688e-02
3.758000000000000229e-02,7.968100000000000183e-02
3.760000000000000148e-02,8.280700000000000560e-02
3.762000000000000066e-02,8.437000000000000055e-02
3.763999999999999985e-02,8.593300000000000938e-02
3.766000000000000597e-02,8.437000000000000055e-02
3.768000000000000516e-02,7.968100000000000183e-02
3.770000000000000434e-02,7.342900000000000815e-02
3.772000000000000353e-02,7.030300000000000438e-02
3.774000000000000271e-02,6.248800000000000882e-02
3.776000000000000190e-02,5.936200000000000504e-02
3.778000000000000108e-02,5.311000000000000443e-02
3.780000000000000027e-02,5.154700000000000948e-02
3.782000000000000639e-02,4.373200000000000698e-02
3.784000000000000558e-02,4.373200000000000698e-02
3.786000000000000476e-02,4.060600000000001014e-02
3.788000000000000395e-02,3.748000000000001330e-02
3.790000000000000313e-02,3.904300000000000825e-02
3.792000000000000232e-02,3.904300000000000825e-02
3.794000000000000150e-02,4.842100000000000570e-02
3.796000000000000069e-02,6.092500000000000693e-02
3.797999999999999987e-02,6.717700000000001448e-02
3.800000000000000600e-02,7.811800000000000688e-02
3.802000000000000518e-02,8.749600000000000433e-02
3.804000000000000437e-02,9.687400000000000178e-02
3.806000000000000355e-02,1.046890000000000043e-01
3.808000000000000274e-02,1.125040000000000068e-01
3.810000000000000192e-02,1.171930000000000055e-01
3.812000000000000111e-02,1.234449999999999992e-01
3.814000000000000029e-02,1.265709999999999891e-01
3.816000000000000641e-02,1.281339999999999979e-01
3.818000000000000560e-02,1.250080000000000080e-01
3.820000000000000479e-02,1.171930000000000055e-01
3.822000000000000397e-02,1.093780000000000030e-01
3.824000000000000316e-02,9.687400000000000178e-02
3.826000000000000234e-02,8.749600000000000433e-02
3.828000000000000153e-02,7.811800000000000688e-02
3.830000000000000071e-02,7.342900000000000815e-02
3.831999999999999990e-02,7.186600000000001320e-02
3.834000000000000602e-02,7.499200000000000310e-02
3.836000000000000520e-02,7.968100000000000183e-02
3.838000000000000439e-02,8.124400000000001065e-02
3.840000000000000357e-02,8.437000000000000055e-02
3.842000000000000276e-02,8.749600000000000433e-02
3.844000000000000195e-02,8.905899999999999928e-02
3.846000000000000113e-02,8.749600000000000433e-02
3.848000000000000032e-02,8.437000000000000055e-02
3.850000000000000644e-02,7.811800000000000688e-02
3.852000000000000562e-02,7.186600000000001320e-02
3.854000000000000481e-02,6.717700000000001448e-02
3.856000000000000399e-02,6.248800000000000882e-02
3.858000000000000318e-02,5.779900000000001009e-02
3.860000000000000236e-02,5.311000000000000443e-02
3.862000000000000155e-02,4.842100000000000570e-02
3.864000000000000073e-02,4.529500000000000887e-02
3.865999999999999992e-02,4.060600000000001014e-02
3.868000000000000604e-02,4.060600000000001014e-02
3.870000000000000523e-02,4.060600000000001014e-02
3.872000000000000441e-02,4.373200000000000698e-02
3.874000000000000360e-02,4.998400000000000759e-02
3.876000000000000278e-02,6.248800000000000882e-02
3.878000000000000197e-02,7.655500000000001193e-02
3.880000000000000115e-02,8.437000000000000055e-02
3.882000000000000034e-02,9.374800000000001188e-02
3.884000000000000646e-02,9.843700000000001060e-02
3.886000000000000565e-02,1.062519999999999992e-01
3.888000000000000483e-02,1.125040000000000068e-01
3.890000000000000402e-02,1.187560000000000004e-01
3.892000000000000320e-02,1.250080000000000080e-01
3.894000000000000239e-02,1.265709999999999891e-01
3.896000000000000157e-02,1.296970000000000067e-01
3.898000000000000076e-02,1.281339999999999979e-01
3.899999999999999994e-02,1.234449999999999992e-01
3.902000000000000607e-02,1.156300000000000106e-01
3.904000000000000525e-02,9.687400000000000178e-02
3.906000000000000444e-02,8.749600000000000433e-02
3.908000000000000362e-02,7.968100000000000183e-02
3.910000000000000281e-02,7.655500000000001193e-02
3.912000000000000199e-02,7.499200000000000310e-02
3.914000000000000118e-02,7.811800000000000688e-02
3.916000000000000036e-02,8.124400000000001065e-02
3.918000000000000649e-02,8.437000000000000055e-02
3.920000000000000567e-02,8.905899999999999928e-02
3.922000000000000486e-02,9.062200000000000810e-02
3.924000000000000404e-02,9.374800000000001188e-02
3.926000000000000323e-02,9.374800000000001188e-02
3.928000000000000241e-02,9.062200000000000810e-02
3.930000000000000160e-02,8.593300000000000938e-02
3.932000000000000078e-02,8.124400000000001065e-02
3.933999999999999997e-02,7.499200000000000310e-02
3.936000000000000609e-02,6.874000000000000943e-02
3.938000000000000528e-02,6.248800000000000882e-02
3.940000000000000446e-02,6.092500000000000693e-02
3.942000000000000365e-02,5.623600000000000820e-02
3.944000000000000283e-02,5.154700000000000948e-02
3.946000000000000202e-02,4.842100000000000570e-02
3.948000000000000120e-02,4.373200000000000698e-02
3.950000000000000039e-02,4.373200000000000698e-02
3.952000000000000651e-02,4.529500000000000887e-02
3.954000000000000570e-02,4.998400000000000759e-02
3.956000000000000488e-02,5.936200000000000504e-02
3.958000000000000407e-02,7.499200000000000310e-02
3.960000000000000325e-02,8.437000000000000055e-02
3.962000000000000244e-02,9.218500000000000305e-02
3.964000000000000162e-02,9.843700000000001060e-02
3.966000000000000081e-02,1.078150000000000081e-01
3.967999999999999999e-02,1.140670000000000017e-01
3.970000000000000612e-02,1.171930000000000055e-01
3.972000000000000530e-02,1.218820000000000042e-01
3.974000000000000449e-02,1.281339999999999979e-01
3.976000000000000367e-02,1.281339999999999979e-01
3.978000000000000286e-02,1.281339999999999979e-01
3.980000000000000204e-02,1.234449999999999992e-01
3.982000000000000123e-02,1.156300000000000106e-01
3.984000000000000041e-02,1.015630000000000005e-01
3.986000000000000654e-02,9.062200000000000810e-02
3.988000000000000572e-02,8.437000000000000055e-02
3.990000000000000491e-02,7.342900000000000815e-02
3.992000000000000409e-02,7.342900000000000815e-02
3.994000000000000328e-02,7.342900000000000815e-02
3.996000000000000246e-02,7.655500000000001193e-02
3.998000000000000165e-02,7.655500000000001193e-02
