ELECTRODE=IRON, TIME=50, POLING_VOLTAGE=4500, WAVELENGTH=1.55e-06, EFFECTIVE_DISTANCE=4.11e-05, POLED_LENGTH=0.3, CORE_INDEX=1.45, POLE=MAX, AC_VOLTAGE=1106, AC_FREQUENCY=4500, PIEZO_FREQUENCY=90.0
Time(s),Voltage(V)
0.000000000000000000e+00,6.124999999999999334e-01
5.599999999999999747e-06,6.062499999999999556e-01
1.119999999999999949e-05,5.937500000000000000e-01
1.679999999999999839e-05,5.812499999999999334e-01
2.239999999999999899e-05,5.562500000000000222e-01
2.799999999999999958e-05,5.499999999999999334e-01
3.359999999999999679e-05,5.374999999999999778e-01
3.919999999999999738e-05,5.249999999999999112e-01
4.479999999999999797e-05,5.187499999999999334e-01
5.039999999999999857e-05,5.124999999999999556e-01
5.599999999999999916e-05,5.249999999999999112e-01
6.159999999999999298e-05,5.437499999999999556e-01
6.719999999999999357e-05,5.562500000000000222e-01
7.279999999999999416e-05,5.749999999999999556e-01
7.839999999999999476e-05,5.875000000000000222e-01
8.399999999999999535e-05,5.875000000000000222e-01
8.959999999999999595e-05,5.749999999999999556e-01
9.519999999999999654e-05,5.562500000000000222e-01
1.007999999999999971e-04,5.687499999999999778e-01
1.063999999999999977e-04,5.562500000000000222e-01
1.119999999999999983e-04,5.499999999999999334e-01
1.175999999999999989e-04,5.374999999999999778e-01
1.231999999999999860e-04,5.562500000000000222e-01
1.287999999999999865e-04,5.687499999999999778e-01
1.343999999999999871e-04,5.812499999999999334e-01
1.399999999999999877e-04,5.999999999999999778e-01
1.455999999999999883e-04,6.187500000000000222e-01
1.511999999999999889e-04,6.437499999999999334e-01
1.567999999999999895e-04,6.500000000000000222e-01
1.623999999999999901e-04,6.624999999999999778e-01
1.679999999999999907e-04,6.624999999999999778e-01
1.735999999999999913e-04,6.687499999999999556e-01
1.791999999999999919e-04,6.750000000000000444e-01
1.847999999999999925e-04,6.812500000000000222e-01
1.903999999999999931e-04,6.875000000000000000e-01
1.959999999999999937e-04,6.937499999999999778e-01
2.015999999999999943e-04,6.999999999999999556e-01
2.071999999999999949e-04,6.937499999999999778e-01
2.127999999999999955e-04,6.875000000000000000e-01
2.183999999999999960e-04,6.624999999999999778e-01
2.239999999999999966e-04,6.437499999999999334e-01
2.295999999999999972e-04,6.312499999999999778e-01
2.351999999999999978e-04,6.062499999999999556e-01
2.407999999999999984e-04,5.812499999999999334e-01
2.463999999999999719e-04,5.562500000000000222e-01
2.519999999999999996e-04,5.374999999999999778e-01
2.575999999999999731e-04,5.124999999999999556e-01
2.632000000000000008e-04,5.124999999999999556e-01
2.687999999999999743e-04,4.874999999999999889e-01
2.744000000000000020e-04,4.812499999999999556e-01
2.799999999999999755e-04,4.624999999999999667e-01
2.856000000000000032e-04,4.499999999999999556e-01
2.911999999999999767e-04,4.312499999999999667e-01
2.968000000000000044e-04,4.124999999999999778e-01
3.023999999999999778e-04,3.999999999999999667e-01
3.080000000000000055e-04,3.874999999999999556e-01
3.135999999999999790e-04,3.812499999999999778e-01
3.192000000000000067e-04,3.687499999999999667e-01
3.247999999999999802e-04,3.499999999999999778e-01
3.304000000000000079e-04,3.437499999999999445e-01
3.359999999999999814e-04,3.374999999999999667e-01
3.416000000000000091e-04,3.437499999999999445e-01
3.471999999999999826e-04,3.687499999999999667e-01
3.528000000000000103e-04,3.812499999999999778e-01
3.583999999999999838e-04,4.187499999999999556e-01
3.639999999999999573e-04,4.375000000000000000e-01
3.695999999999999850e-04,4.562499999999999334e-01
3.751999999999999585e-04,4.749999999999999778e-01
3.807999999999999862e-04,5.124999999999999556e-01
3.863999999999999596e-04,5.187499999999999334e-01
3.919999999999999873e-04,5.374999999999999778e-01
3.975999999999999608e-04,5.625000000000000000e-01
4.031999999999999885e-04,5.875000000000000222e-01
4.087999999999999620e-04,5.937500000000000000e-01
4.143999999999999897e-04,6.124999999999999334e-01
4.199999999999999632e-04,6.312499999999999778e-01
4.255999999999999909e-04,6.250000000000000000e-01
4.311999999999999644e-04,6.250000000000000000e-01
4.367999999999999921e-04,6.187500000000000222e-01
4.423999999999999656e-04,6.124999999999999334e-01
4.479999999999999933e-04,5.937500000000000000e-01
4.535999999999999668e-04,5.749999999999999556e-01
4.591999999999999945e-04,5.562500000000000222e-01
4.647999999999999680e-04,5.437499999999999556e-01
4.703999999999999957e-04,5.249999999999999112e-01
4.759999999999999691e-04,5.000000000000000000e-01
4.815999999999999968e-04,4.812499999999999556e-01
4.871999999999999703e-04,4.687500000000000000e-01
4.927999999999999438e-04,4.562499999999999334e-01
4.983999999999999715e-04,4.375000000000000000e-01
5.039999999999999992e-04,4.187499999999999556e-01
5.096000000000000269e-04,4.062500000000000000e-01
5.151999999999999462e-04,3.999999999999999667e-01
5.207999999999999739e-04,3.812499999999999778e-01
5.264000000000000016e-04,3.687499999999999667e-01
5.320000000000000293e-04,3.624999999999999334e-01
5.375999999999999486e-04,3.437499999999999445e-01
5.431999999999999763e-04,3.374999999999999667e-01
5.488000000000000040e-04,3.249999999999999556e-01
5.543999999999999232e-04,3.187499999999999778e-01
5.599999999999999509e-04,3.249999999999999556e-01
5.655999999999999786e-04,3.437499999999999445e-01
5.712000000000000063e-04,3.499999999999999778e-01
5.767999999999999256e-04,3.750000000000000000e-01
5.823999999999999533e-04,3.937499999999999334e-01
5.879999999999999810e-04,4.187499999999999556e-01
5.936000000000000087e-04,4.375000000000000000e-01
5.991999999999999280e-04,4.687500000000000000e-01
6.047999999999999557e-04,4.874999999999999889e-01
6.103999999999999834e-04,5.187499999999999334e-01
6.160000000000000111e-04,5.249999999999999112e-01
6.215999999999999304e-04,5.499999999999999334e-01
6.271999999999999581e-04,5.625000000000000000e-01
6.327999999999999858e-04,5.812499999999999334e-01
6.384000000000000135e-04,5.937500000000000000e-01
6.439999999999999327e-04,6.062499999999999556e-01
6.495999999999999604e-04,6.062499999999999556e-01
6.551999999999999881e-04,6.062499999999999556e-01
6.608000000000000158e-04,5.999999999999999778e-01
6.663999999999999351e-04,5.937500000000000000e-01
6.719999999999999628e-04,5.812499999999999334e-01
6.775999999999999905e-04,5.687499999999999778e-01
6.832000000000000182e-04,5.499999999999999334e-01
6.887999999999999375e-04,5.374999999999999778e-01
6.943999999999999652e-04,5.249999999999999112e-01
6.999999999999999929e-04,4.937499999999999667e-01
7.056000000000000206e-04,4.812499999999999556e-01
7.111999999999999399e-04,4.687500000000000000e-01
7.167999999999999676e-04,4.437499999999999778e-01
7.223999999999999953e-04,4.312499999999999667e-01
7.279999999999999145e-04,4.312499999999999667e-01
7.335999999999999422e-04,4.187499999999999556e-01
7.391999999999999699e-04,4.062500000000000000e-01
7.447999999999999976e-04,4.124999999999999778e-01
7.503999999999999169e-04,3.999999999999999667e-01
7.559999999999999446e-04,3.812499999999999778e-01
7.615999999999999723e-04,3.687499999999999667e-01
7.672000000000000000e-04,3.562499999999999556e-01
7.727999999999999193e-04,3.437499999999999445e-01
7.783999999999999470e-04,3.312499999999999889e-01
7.839999999999999747e-04,3.249999999999999556e-01
7.896000000000000024e-04,3.374999999999999667e-01
7.951999999999999217e-04,3.437499999999999445e-01
8.007999999999999494e-04,3.624999999999999334e-01
8.063999999999999771e-04,3.812499999999999778e-01
8.120000000000000048e-04,3.999999999999999667e-01
8.175999999999999240e-04,4.249999999999999334e-01
8.231999999999999517e-04,4.437499999999999778e-01
8.287999999999999794e-04,4.749999999999999778e-01
8.344000000000000071e-04,5.000000000000000000e-01
8.399999999999999264e-04,5.187499999999999334e-01
8.455999999999999541e-04,5.312500000000000000e-01
8.511999999999999818e-04,5.562500000000000222e-01
8.568000000000000095e-04,5.749999999999999556e-01
8.623999999999999288e-04,5.812499999999999334e-01
8.679999999999999565e-04,5.812499999999999334e-01
8.735999999999999842e-04,5.812499999999999334e-01
8.792000000000000119e-04,5.749999999999999556e-01
8.847999999999999312e-04,5.687499999999999778e-01
8.903999999999999589e-04,5.625000000000000000e-01
8.959999999999999866e-04,5.437499999999999556e-01
9.015999999999999058e-04,5.312500000000000000e-01
9.071999999999999335e-04,5.000000000000000000e-01
9.127999999999999612e-04,4.937499999999999667e-01
9.183999999999999889e-04,4.749999999999999778e-01
9.239999999999999082e-04,4.499999999999999556e-01
9.295999999999999359e-04,4.375000000000000000e-01
9.351999999999999636e-04,4.187499999999999556e-01
9.407999999999999913e-04,4.187499999999999556e-01
9.463999999999999106e-04,4.062500000000000000e-01
9.519999999999999383e-04,3.999999999999999667e-01
9.575999999999999660e-04,3.937499999999999334e-01
9.631999999999999937e-04,3.999999999999999667e-01
9.687999999999999130e-04,3.937499999999999334e-01
9.743999999999999407e-04,3.937499999999999334e-01
9.799999999999999684e-04,3.874999999999999556e-01
9.855999999999998876e-04,3.750000000000000000e-01
9.912000000000000238e-04,3.562499999999999556e-01
9.967999999999999430e-04,3.374999999999999667e-01
1.002399999999999862e-03,3.437499999999999445e-01
1.007999999999999998e-03,3.249999999999999556e-01
1.013599999999999918e-03,3.249999999999999556e-01
1.019200000000000054e-03,3.312499999999999889e-01
1.024799999999999973e-03,3.374999999999999667e-01
1.030399999999999892e-03,3.624999999999999334e-01
1.036000000000000029e-03,3.812499999999999778e-01
1.041599999999999948e-03,3.999999999999999667e-01
1.047199999999999867e-03,4.375000000000000000e-01
1.052800000000000003e-03,4.437499999999999778e-01
1.058399999999999922e-03,4.687500000000000000e-01
1.064000000000000059e-03,5.000000000000000000e-01
1.069599999999999978e-03,5.062499999999999778e-01
1.075199999999999897e-03,5.312500000000000000e-01
1.080800000000000033e-03,5.312500000000000000e-01
1.086399999999999953e-03,5.374999999999999778e-01
1.091999999999999872e-03,5.374999999999999778e-01
1.097600000000000008e-03,5.374999999999999778e-01
1.103199999999999927e-03,5.312500000000000000e-01
1.108799999999999846e-03,5.124999999999999556e-01
1.114399999999999983e-03,5.062499999999999778e-01
1.119999999999999902e-03,4.937499999999999667e-01
1.125600000000000038e-03,4.749999999999999778e-01
1.131199999999999957e-03,4.499999999999999556e-01
1.136799999999999877e-03,4.375000000000000000e-01
1.142400000000000013e-03,4.249999999999999334e-01
1.147999999999999932e-03,4.187499999999999556e-01
1.153599999999999851e-03,4.187499999999999556e-01
1.159199999999999987e-03,4.249999999999999334e-01
1.164799999999999907e-03,4.312499999999999667e-01
1.170400000000000043e-03,4.375000000000000000e-01
1.175999999999999962e-03,4.499999999999999556e-01
1.181599999999999881e-03,4.624999999999999667e-01
1.187200000000000017e-03,4.687500000000000000e-01
1.192799999999999937e-03,4.749999999999999778e-01
1.198399999999999856e-03,4.812499999999999556e-01
1.203999999999999992e-03,4.812499999999999556e-01
1.209599999999999911e-03,4.749999999999999778e-01
1.215200000000000048e-03,4.687500000000000000e-01
1.220799999999999967e-03,4.499999999999999556e-01
1.226399999999999886e-03,4.437499999999999778e-01
1.232000000000000022e-03,4.249999999999999334e-01
1.237599999999999941e-03,4.062500000000000000e-01
1.243199999999999861e-03,3.937499999999999334e-01
1.248799999999999997e-03,3.937499999999999334e-01
1.254399999999999916e-03,3.937499999999999334e-01
1.259999999999999835e-03,3.937499999999999334e-01
1.265599999999999972e-03,4.062500000000000000e-01
1.271199999999999891e-03,4.124999999999999778e-01
1.276800000000000027e-03,4.249999999999999334e-01
1.282399999999999946e-03,4.312499999999999667e-01
1.287999999999999865e-03,4.375000000000000000e-01
1.293600000000000002e-03,4.437499999999999778e-01
1.299199999999999921e-03,4.437499999999999778e-01
1.304799999999999840e-03,4.375000000000000000e-01
1.310399999999999976e-03,4.375000000000000000e-01
1.315999999999999896e-03,4.312499999999999667e-01
1.321600000000000032e-03,4.124999999999999778e-01
1.327199999999999951e-03,3.937499999999999334e-01
1.332799999999999870e-03,3.812499999999999778e-01
1.338400000000000006e-03,3.750000000000000000e-01
1.343999999999999926e-03,3.562499999999999556e-01
1.349599999999999845e-03,3.499999999999999778e-01
1.355199999999999981e-03,3.499999999999999778e-01
1.360799999999999900e-03,3.437499999999999445e-01
1.366400000000000036e-03,3.499999999999999778e-01
1.371999999999999956e-03,3.624999999999999334e-01
1.377599999999999875e-03,3.750000000000000000e-01
1.383200000000000011e-03,3.874999999999999556e-01
1.388799999999999930e-03,4.062500000000000000e-01
1.394399999999999850e-03,4.249999999999999334e-01
1.399999999999999986e-03,4.437499999999999778e-01
1.405599999999999905e-03,4.687500000000000000e-01
1.411200000000000041e-03,4.874999999999999889e-01
1.416799999999999960e-03,5.062499999999999778e-01
1.422399999999999880e-03,5.124999999999999556e-01
1.428000000000000016e-03,5.187499999999999334e-01
1.433599999999999935e-03,5.249999999999999112e-01
1.439199999999999854e-03,5.249999999999999112e-01
1.444799999999999991e-03,5.249999999999999112e-01
1.450399999999999910e-03,5.062499999999999778e-01
1.455999999999999829e-03,4.937499999999999667e-01
1.461599999999999965e-03,4.749999999999999778e-01
1.467199999999999884e-03,4.562499999999999334e-01
1.472800000000000021e-03,4.437499999999999778e-01
1.478399999999999940e-03,4.312499999999999667e-01
1.483999999999999859e-03,4.187499999999999556e-01
1.489599999999999995e-03,4.062500000000000000e-01
1.495199999999999915e-03,4.062500000000000000e-01
1.500799999999999834e-03,4.062500000000000000e-01
1.506399999999999970e-03,3.999999999999999667e-01
1.511999999999999889e-03,4.062500000000000000e-01
1.517600000000000025e-03,4.062500000000000000e-01
1.523199999999999945e-03,3.937499999999999334e-01
1.528799999999999864e-03,3.750000000000000000e-01
1.534400000000000000e-03,3.624999999999999334e-01
1.539999999999999919e-03,3.562499999999999556e-01
1.545599999999999839e-03,3.437499999999999445e-01
1.551199999999999975e-03,3.312499999999999889e-01
1.556799999999999894e-03,3.249999999999999556e-01
1.562400000000000030e-03,3.124999999999999445e-01
1.567999999999999949e-03,3.062499999999999667e-01
1.573599999999999869e-03,2.999999999999999334e-01
1.579200000000000005e-03,3.124999999999999445e-01
1.584799999999999924e-03,3.187499999999999778e-01
1.590399999999999843e-03,3.374999999999999667e-01
1.595999999999999979e-03,3.499999999999999778e-01
1.601599999999999899e-03,3.750000000000000000e-01
1.607200000000000035e-03,3.874999999999999556e-01
1.612799999999999954e-03,4.062500000000000000e-01
1.618399999999999873e-03,4.375000000000000000e-01
1.624000000000000010e-03,4.562499999999999334e-01
1.629599999999999929e-03,4.687500000000000000e-01
1.635199999999999848e-03,5.000000000000000000e-01
1.640799999999999984e-03,5.062499999999999778e-01
1.646399999999999903e-03,5.249999999999999112e-01
1.651999999999999823e-03,5.312500000000000000e-01
1.657599999999999959e-03,5.437499999999999556e-01
1.663199999999999878e-03,5.437499999999999556e-01
1.668800000000000014e-03,5.312500000000000000e-01
1.674399999999999934e-03,5.187499999999999334e-01
1.679999999999999853e-03,5.000000000000000000e-01
1.685599999999999989e-03,4.874999999999999889e-01
1.691199999999999908e-03,4.624999999999999667e-01
1.696799999999999828e-03,4.499999999999999556e-01
1.702399999999999964e-03,4.437499999999999778e-01
1.707999999999999883e-03,4.312499999999999667e-01
1.713600000000000019e-03,4.187499999999999556e-01
1.719199999999999938e-03,4.062500000000000000e-01
1.724799999999999858e-03,3.937499999999999334e-01
1.730399999999999994e-03,3.937499999999999334e-01
1.735999999999999913e-03,3.874999999999999556e-01
1.741599999999999832e-03,3.812499999999999778e-01
1.747199999999999968e-03,3.624999999999999334e-01
1.752799999999999888e-03,3.562499999999999556e-01
1.758400000000000024e-03,3.499999999999999778e-01
1.763999999999999943e-03,3.374999999999999667e-01
1.769599999999999862e-03,3.187499999999999778e-01
1.775199999999999998e-03,3.062499999999999667e-01
1.780799999999999918e-03,3.124999999999999445e-01
1.786399999999999837e-03,2.999999999999999334e-01
1.791999999999999973e-03,2.999999999999999334e-01
1.797599999999999892e-03,3.062499999999999667e-01
1.803199999999999812e-03,3.062499999999999667e-01
1.808799999999999948e-03,3.249999999999999556e-01
1.814399999999999867e-03,3.374999999999999667e-01
1.820000000000000003e-03,3.499999999999999778e-01
1.825599999999999922e-03,3.750000000000000000e-01
1.831199999999999842e-03,3.874999999999999556e-01
1.836799999999999978e-03,4.062500000000000000e-01
1.842399999999999897e-03,4.312499999999999667e-01
1.847999999999999816e-03,4.562499999999999334e-01
1.853599999999999953e-03,4.687500000000000000e-01
1.859199999999999872e-03,4.937499999999999667e-01
1.864800000000000008e-03,5.062499999999999778e-01
1.870399999999999927e-03,5.312500000000000000e-01
1.875999999999999846e-03,5.374999999999999778e-01
1.881599999999999983e-03,5.437499999999999556e-01
1.887199999999999902e-03,5.437499999999999556e-01
1.892799999999999821e-03,5.312500000000000000e-01
1.898399999999999957e-03,5.249999999999999112e-01
1.903999999999999877e-03,5.000000000000000000e-01
1.909600000000000013e-03,4.937499999999999667e-01
1.915199999999999932e-03,4.749999999999999778e-01
1.920799999999999851e-03,4.499999999999999556e-01
1.926399999999999987e-03,4.437499999999999778e-01
1.931999999999999907e-03,4.249999999999999334e-01
1.937599999999999826e-03,4.187499999999999556e-01
1.943199999999999962e-03,4.124999999999999778e-01
1.948799999999999881e-03,4.062500000000000000e-01
1.954399999999999801e-03,3.874999999999999556e-01
1.959999999999999937e-03,3.874999999999999556e-01
1.965600000000000073e-03,3.750000000000000000e-01
1.971199999999999775e-03,3.624999999999999334e-01
1.976799999999999911e-03,3.499999999999999778e-01
1.982400000000000048e-03,3.374999999999999667e-01
1.987999999999999750e-03,3.249999999999999556e-01
1.993599999999999886e-03,3.124999999999999445e-01
1.999200000000000022e-03,3.124999999999999445e-01
2.004799999999999725e-03,3.062499999999999667e-01
2.010399999999999861e-03,3.062499999999999667e-01
2.015999999999999997e-03,3.062499999999999667e-01
2.021599999999999699e-03,3.124999999999999445e-01
2.027199999999999835e-03,3.249999999999999556e-01
2.032799999999999972e-03,3.437499999999999445e-01
2.038400000000000108e-03,3.624999999999999334e-01
2.043999999999999810e-03,3.874999999999999556e-01
2.049599999999999946e-03,4.062500000000000000e-01
2.055200000000000082e-03,4.312499999999999667e-01
2.060799999999999785e-03,4.437499999999999778e-01
2.066399999999999921e-03,4.749999999999999778e-01
2.072000000000000057e-03,4.874999999999999889e-01
2.077599999999999759e-03,5.062499999999999778e-01
2.083199999999999896e-03,5.312500000000000000e-01
2.088800000000000032e-03,5.499999999999999334e-01
2.094399999999999734e-03,5.562500000000000222e-01
2.099999999999999870e-03,5.749999999999999556e-01
2.105600000000000006e-03,5.812499999999999334e-01
2.111199999999999709e-03,5.875000000000000222e-01
2.116799999999999845e-03,5.749999999999999556e-01
2.122399999999999981e-03,5.625000000000000000e-01
2.128000000000000117e-03,5.374999999999999778e-01
2.133599999999999820e-03,5.187499999999999334e-01
2.139199999999999956e-03,5.124999999999999556e-01
2.144800000000000092e-03,4.937499999999999667e-01
2.150399999999999794e-03,4.624999999999999667e-01
2.155999999999999930e-03,4.562499999999999334e-01
2.161600000000000067e-03,4.437499999999999778e-01
2.167199999999999769e-03,4.312499999999999667e-01
2.172799999999999905e-03,4.187499999999999556e-01
2.178400000000000041e-03,4.124999999999999778e-01
2.183999999999999744e-03,3.999999999999999667e-01
2.189599999999999880e-03,3.874999999999999556e-01
2.195200000000000016e-03,3.750000000000000000e-01
2.200799999999999718e-03,3.687499999999999667e-01
2.206399999999999854e-03,3.437499999999999445e-01
2.211999999999999991e-03,3.374999999999999667e-01
2.217599999999999693e-03,3.312499999999999889e-01
2.223199999999999829e-03,3.187499999999999778e-01
2.228799999999999965e-03,3.312499999999999889e-01
2.234400000000000101e-03,3.249999999999999556e-01
2.239999999999999804e-03,3.374999999999999667e-01
2.245599999999999940e-03,3.499999999999999778e-01
2.251200000000000076e-03,3.687499999999999667e-01
2.256799999999999778e-03,3.812499999999999778e-01
2.262399999999999915e-03,3.999999999999999667e-01
2.268000000000000051e-03,4.249999999999999334e-01
2.273599999999999753e-03,4.375000000000000000e-01
2.279199999999999889e-03,4.812499999999999556e-01
2.284800000000000025e-03,4.874999999999999889e-01
2.290399999999999728e-03,5.062499999999999778e-01
2.295999999999999864e-03,5.312500000000000000e-01
2.301600000000000000e-03,5.437499999999999556e-01
2.307199999999999702e-03,5.562500000000000222e-01
2.312799999999999839e-03,5.687499999999999778e-01
2.318399999999999975e-03,5.875000000000000222e-01
2.324000000000000111e-03,5.937500000000000000e-01
2.329599999999999813e-03,5.999999999999999778e-01
2.335199999999999949e-03,5.937500000000000000e-01
2.340800000000000086e-03,5.812499999999999334e-01
2.346399999999999788e-03,5.687499999999999778e-01
2.351999999999999924e-03,5.562500000000000222e-01
2.357600000000000060e-03,5.312500000000000000e-01
2.363199999999999763e-03,5.124999999999999556e-01
2.368799999999999899e-03,4.937499999999999667e-01
2.374400000000000035e-03,4.749999999999999778e-01
2.379999999999999737e-03,4.624999999999999667e-01
2.385599999999999873e-03,4.437499999999999778e-01
2.391200000000000010e-03,4.375000000000000000e-01
2.396799999999999712e-03,4.249999999999999334e-01
2.402399999999999848e-03,4.124999999999999778e-01
2.407999999999999984e-03,3.999999999999999667e-01
2.413599999999999687e-03,3.812499999999999778e-01
2.419199999999999823e-03,3.687499999999999667e-01
2.424799999999999959e-03,3.562499999999999556e-01
2.430400000000000095e-03,3.437499999999999445e-01
2.435999999999999797e-03,3.437499999999999445e-01
2.441599999999999934e-03,3.374999999999999667e-01
2.447200000000000070e-03,3.312499999999999889e-01
2.452799999999999772e-03,3.374999999999999667e-01
2.458399999999999908e-03,3.437499999999999445e-01
2.464000000000000044e-03,3.562499999999999556e-01
2.469599999999999747e-03,3.687499999999999667e-01
2.475199999999999883e-03,3.874999999999999556e-01
2.480800000000000019e-03,4.062500000000000000e-01
2.486399999999999721e-03,4.375000000000000000e-01
2.491999999999999858e-03,4.499999999999999556e-01
2.497599999999999994e-03,4.749999999999999778e-01
2.503199999999999696e-03,5.000000000000000000e-01
2.508799999999999832e-03,5.187499999999999334e-01
2.514399999999999968e-03,5.374999999999999778e-01
2.519999999999999671e-03,5.625000000000000000e-01
2.525599999999999807e-03,5.749999999999999556e-01
2.531199999999999943e-03,5.875000000000000222e-01
2.536800000000000079e-03,5.999999999999999778e-01
2.542399999999999782e-03,6.187500000000000222e-01
2.547999999999999918e-03,6.250000000000000000e-01
2.553600000000000054e-03,6.312499999999999778e-01
2.559199999999999756e-03,6.374999999999999556e-01
2.564799999999999892e-03,6.250000000000000000e-01
2.570400000000000029e-03,6.187500000000000222e-01
2.575999999999999731e-03,6.062499999999999556e-01
2.581599999999999867e-03,5.749999999999999556e-01
2.587200000000000003e-03,5.562500000000000222e-01
2.592799999999999706e-03,5.312500000000000000e-01
2.598399999999999842e-03,5.187499999999999334e-01
2.603999999999999978e-03,5.000000000000000000e-01
2.609599999999999680e-03,4.874999999999999889e-01
2.615199999999999816e-03,4.687500000000000000e-01
2.620799999999999953e-03,4.499999999999999556e-01
2.626400000000000089e-03,4.312499999999999667e-01
2.631999999999999791e-03,4.124999999999999778e-01
2.637599999999999927e-03,3.999999999999999667e-01
2.643200000000000063e-03,3.874999999999999556e-01
2.648799999999999766e-03,3.812499999999999778e-01
2.654399999999999902e-03,3.687499999999999667e-01
2.660000000000000038e-03,3.687499999999999667e-01
2.665599999999999740e-03,3.687499999999999667e-01
2.671199999999999877e-03,3.750000000000000000e-01
2.676800000000000013e-03,3.874999999999999556e-01
2.682399999999999715e-03,3.937499999999999334e-01
2.687999999999999851e-03,4.124999999999999778e-01
2.693599999999999987e-03,4.375000000000000000e-01
2.699199999999999690e-03,4.624999999999999667e-01
2.704799999999999826e-03,4.812499999999999556e-01
2.710399999999999962e-03,5.062499999999999778e-01
2.715999999999999664e-03,5.124999999999999556e-01
2.721599999999999801e-03,5.499999999999999334e-01
2.727199999999999937e-03,5.625000000000000000e-01
2.732800000000000073e-03,5.687499999999999778e-01
2.738399999999999775e-03,5.812499999999999334e-01
2.743999999999999911e-03,5.937500000000000000e-01
2.749600000000000048e-03,6.187500000000000222e-01
2.755199999999999750e-03,6.250000000000000000e-01
2.760799999999999886e-03,6.374999999999999556e-01
2.766400000000000022e-03,6.500000000000000222e-01
2.771999999999999725e-03,6.687499999999999556e-01
2.777599999999999861e-03,6.812500000000000222e-01
2.783199999999999997e-03,6.812500000000000222e-01
2.788799999999999699e-03,6.812500000000000222e-01
2.794399999999999835e-03,6.687499999999999556e-01
2.799999999999999972e-03,6.624999999999999778e-01
2.805599999999999674e-03,6.500000000000000222e-01
2.811199999999999810e-03,6.250000000000000000e-01
2.816799999999999946e-03,6.062499999999999556e-01
2.822400000000000082e-03,5.875000000000000222e-01
2.827999999999999785e-03,5.562500000000000222e-01
2.833599999999999921e-03,5.437499999999999556e-01
2.839200000000000057e-03,5.187499999999999334e-01
2.844799999999999759e-03,5.062499999999999778e-01
2.850399999999999896e-03,4.874999999999999889e-01
2.856000000000000032e-03,4.687500000000000000e-01
2.861599999999999734e-03,4.562499999999999334e-01
2.867199999999999870e-03,4.437499999999999778e-01
2.872800000000000006e-03,4.437499999999999778e-01
2.878399999999999709e-03,4.499999999999999556e-01
2.883999999999999845e-03,4.562499999999999334e-01
2.889599999999999981e-03,4.624999999999999667e-01
2.895199999999999683e-03,4.749999999999999778e-01
2.900799999999999820e-03,4.937499999999999667e-01
2.906399999999999956e-03,5.062499999999999778e-01
2.911999999999999658e-03,5.249999999999999112e-01
2.917599999999999794e-03,5.499999999999999334e-01
2.923199999999999930e-03,5.687499999999999778e-01
2.928800000000000067e-03,5.937500000000000000e-01
2.934399999999999769e-03,5.999999999999999778e-01
2.939999999999999905e-03,6.124999999999999334e-01
2.945600000000000041e-03,6.250000000000000000e-01
2.951199999999999744e-03,6.312499999999999778e-01
2.956799999999999880e-03,6.374999999999999556e-01
2.962400000000000016e-03,6.374999999999999556e-01
2.967999999999999718e-03,6.500000000000000222e-01
2.973599999999999854e-03,6.624999999999999778e-01
2.979199999999999991e-03,6.624999999999999778e-01
2.984799999999999693e-03,6.687499999999999556e-01
2.990399999999999829e-03,6.937499999999999778e-01
2.995999999999999965e-03,6.999999999999999556e-01
3.001599999999999668e-03,7.187500000000000000e-01
3.007199999999999804e-03,7.187500000000000000e-01
3.012799999999999940e-03,7.187500000000000000e-01
3.018400000000000076e-03,7.187500000000000000e-01
3.023999999999999778e-03,7.125000000000000222e-01
3.029599999999999915e-03,6.999999999999999556e-01
3.035200000000000051e-03,6.750000000000000444e-01
3.040799999999999753e-03,6.624999999999999778e-01
3.046399999999999889e-03,6.250000000000000000e-01
3.052000000000000025e-03,6.187500000000000222e-01
3.057599999999999728e-03,5.875000000000000222e-01
3.063199999999999864e-03,5.749999999999999556e-01
3.068800000000000000e-03,5.562500000000000222e-01
3.074399999999999702e-03,5.312500000000000000e-01
3.079999999999999839e-03,5.124999999999999556e-01
3.085599999999999975e-03,5.124999999999999556e-01
3.091199999999999677e-03,5.124999999999999556e-01
3.096799999999999813e-03,5.062499999999999778e-01
3.102399999999999949e-03,5.124999999999999556e-01
3.107999999999999652e-03,5.124999999999999556e-01
3.113599999999999788e-03,5.374999999999999778e-01
3.119199999999999924e-03,5.437499999999999556e-01
3.124800000000000060e-03,5.625000000000000000e-01
3.130399999999999763e-03,5.812499999999999334e-01
3.135999999999999899e-03,5.937500000000000000e-01
3.141600000000000035e-03,6.062499999999999556e-01
3.147199999999999737e-03,6.250000000000000000e-01
3.152799999999999873e-03,6.374999999999999556e-01
3.158400000000000010e-03,6.437499999999999334e-01
3.163999999999999712e-03,6.562500000000000000e-01
3.169599999999999848e-03,6.624999999999999778e-01
3.175199999999999984e-03,6.624999999999999778e-01
3.180799999999999687e-03,6.687499999999999556e-01
3.186399999999999823e-03,6.562500000000000000e-01
3.191999999999999959e-03,6.624999999999999778e-01
3.197599999999999661e-03,6.687499999999999556e-01
3.203199999999999797e-03,6.750000000000000444e-01
3.208799999999999934e-03,6.812500000000000222e-01
3.214400000000000070e-03,6.875000000000000000e-01
3.219999999999999772e-03,7.125000000000000222e-01
3.225599999999999908e-03,7.249999999999999778e-01
3.231200000000000044e-03,7.249999999999999778e-01
3.236799999999999747e-03,7.312499999999999556e-01
3.242399999999999883e-03,7.312499999999999556e-01
3.248000000000000019e-03,7.249999999999999778e-01
3.253599999999999721e-03,7.062500000000000444e-01
3.259199999999999858e-03,7.062500000000000444e-01
3.264799999999999994e-03,6.750000000000000444e-01
3.270399999999999696e-03,6.624999999999999778e-01
3.275999999999999832e-03,6.374999999999999556e-01
3.281599999999999968e-03,6.250000000000000000e-01
3.287199999999999671e-03,5.937500000000000000e-01
3.292799999999999807e-03,5.875000000000000222e-01
3.298399999999999943e-03,5.687499999999999778e-01
3.303999999999999646e-03,5.625000000000000000e-01
3.309599999999999782e-03,5.562500000000000222e-01
3.315199999999999918e-03,5.562500000000000222e-01
3.320800000000000054e-03,5.625000000000000000e-01
3.326399999999999756e-03,5.625000000000000000e-01
3.331999999999999892e-03,5.749999999999999556e-01
3.337600000000000029e-03,5.937500000000000000e-01
3.343199999999999731e-03,6.062499999999999556e-01
3.348799999999999867e-03,6.250000000000000000e-01
3.354400000000000003e-03,6.374999999999999556e-01
3.359999999999999706e-03,6.500000000000000222e-01
3.365599999999999842e-03,6.687499999999999556e-01
3.371199999999999978e-03,6.750000000000000444e-01
3.376799999999999680e-03,6.812500000000000222e-01
3.382399999999999816e-03,6.875000000000000000e-01
3.387999999999999953e-03,6.812500000000000222e-01
3.393599999999999655e-03,6.875000000000000000e-01
3.399199999999999791e-03,6.812500000000000222e-01
3.404799999999999927e-03,6.750000000000000444e-01
3.410399999999999630e-03,6.687499999999999556e-01
3.415999999999999766e-03,6.687499999999999556e-01
3.421599999999999902e-03,6.812500000000000222e-01
3.427200000000000038e-03,6.750000000000000444e-01
3.432799999999999740e-03,6.875000000000000000e-01
3.438399999999999877e-03,6.999999999999999556e-01
3.444000000000000013e-03,7.062500000000000444e-01
3.449599999999999715e-03,7.249999999999999778e-01
3.455199999999999851e-03,7.312499999999999556e-01
3.460799999999999987e-03,7.375000000000000444e-01
3.466399999999999690e-03,7.375000000000000444e-01
3.471999999999999826e-03,7.249999999999999778e-01
3.477599999999999962e-03,7.187500000000000000e-01
3.483199999999999665e-03,6.937499999999999778e-01
3.488799999999999801e-03,6.875000000000000000e-01
3.494399999999999937e-03,6.687499999999999556e-01
3.499999999999999639e-03,6.500000000000000222e-01
3.505599999999999775e-03,6.374999999999999556e-01
3.511199999999999911e-03,6.062499999999999556e-01
3.516800000000000048e-03,5.999999999999999778e-01
3.522399999999999750e-03,5.875000000000000222e-01
3.527999999999999886e-03,5.812499999999999334e-01
3.533600000000000022e-03,5.812499999999999334e-01
3.539199999999999725e-03,5.875000000000000222e-01
3.544799999999999861e-03,5.875000000000000222e-01
3.550399999999999997e-03,5.999999999999999778e-01
3.555999999999999699e-03,6.187500000000000222e-01
3.561599999999999835e-03,6.312499999999999778e-01
3.567199999999999972e-03,6.437499999999999334e-01
3.572799999999999674e-03,6.624999999999999778e-01
3.578399999999999810e-03,6.687499999999999556e-01
3.583999999999999946e-03,6.812500000000000222e-01
3.589599999999999649e-03,6.937499999999999778e-01
3.595199999999999785e-03,6.937499999999999778e-01
3.600799999999999921e-03,7.062500000000000444e-01
3.606399999999999623e-03,6.999999999999999556e-01
3.611999999999999759e-03,7.062500000000000444e-01
3.617599999999999896e-03,6.937499999999999778e-01
3.623200000000000032e-03,6.812500000000000222e-01
3.628799999999999734e-03,6.750000000000000444e-01
3.634399999999999870e-03,6.687499999999999556e-01
3.640000000000000006e-03,6.687499999999999556e-01
3.645599999999999709e-03,6.687499999999999556e-01
3.651199999999999845e-03,6.750000000000000444e-01
3.656799999999999981e-03,6.812500000000000222e-01
3.662399999999999683e-03,6.875000000000000000e-01
3.667999999999999820e-03,6.937499999999999778e-01
3.673599999999999956e-03,7.125000000000000222e-01
3.679199999999999658e-03,7.249999999999999778e-01
3.684799999999999794e-03,7.312499999999999556e-01
3.690399999999999930e-03,7.375000000000000444e-01
3.695999999999999633e-03,7.249999999999999778e-01
3.701599999999999769e-03,7.187500000000000000e-01
3.707199999999999905e-03,7.125000000000000222e-01
3.712800000000000041e-03,7.062500000000000444e-01
3.718399999999999744e-03,6.812500000000000222e-01
3.723999999999999880e-03,6.750000000000000444e-01
3.729600000000000016e-03,6.562500000000000000e-01
3.735199999999999718e-03,6.500000000000000222e-01
3.740799999999999854e-03,6.374999999999999556e-01
3.746399999999999991e-03,6.250000000000000000e-01
3.751999999999999693e-03,6.250000000000000000e-01
3.757599999999999829e-03,6.250000000000000000e-01
3.763199999999999965e-03,6.374999999999999556e-01
3.768799999999999668e-03,6.500000000000000222e-01
3.774399999999999804e-03,6.562500000000000000e-01
3.779999999999999940e-03,6.687499999999999556e-01
3.785599999999999642e-03,6.750000000000000444e-01
3.791199999999999778e-03,6.999999999999999556e-01
3.796799999999999915e-03,7.062500000000000444e-01
3.802399999999999617e-03,7.249999999999999778e-01
3.807999999999999753e-03,7.187500000000000000e-01
3.813599999999999889e-03,7.249999999999999778e-01
3.819200000000000025e-03,7.249999999999999778e-01
3.824799999999999728e-03,7.125000000000000222e-01
3.830399999999999864e-03,7.125000000000000222e-01
3.836000000000000000e-03,6.999999999999999556e-01
3.841599999999999702e-03,6.812500000000000222e-01
3.847199999999999839e-03,6.687499999999999556e-01
3.852799999999999975e-03,6.624999999999999778e-01
3.858399999999999677e-03,6.437499999999999334e-01
3.863999999999999813e-03,6.437499999999999334e-01
3.869599999999999949e-03,6.437499999999999334e-01
3.875199999999999652e-03,6.374999999999999556e-01
3.880799999999999788e-03,6.374999999999999556e-01
3.886399999999999924e-03,6.562500000000000000e-01
3.891999999999999627e-03,6.750000000000000444e-01
3.897599999999999763e-03,6.875000000000000000e-01
3.903199999999999899e-03,6.937499999999999778e-01
3.908799999999999601e-03,7.125000000000000222e-01
3.914400000000000171e-03,7.249999999999999778e-01
3.919999999999999873e-03,7.187500000000000000e-01
3.925599999999999576e-03,7.125000000000000222e-01
3.931200000000000146e-03,7.062500000000000444e-01
3.936799999999999848e-03,6.999999999999999556e-01
3.942399999999999551e-03,6.937499999999999778e-01
3.948000000000000120e-03,6.812500000000000222e-01
3.953599999999999823e-03,6.750000000000000444e-01
3.959199999999999525e-03,6.624999999999999778e-01
3.964800000000000095e-03,6.624999999999999778e-01
3.970399999999999797e-03,6.624999999999999778e-01
3.975999999999999500e-03,6.687499999999999556e-01
3.981600000000000070e-03,6.687499999999999556e-01
3.987199999999999772e-03,6.875000000000000000e-01
3.992799999999999475e-03,6.937499999999999778e-01
3.998400000000000044e-03,7.062500000000000444e-01
4.003999999999999747e-03,7.187500000000000000e-01
4.009599999999999449e-03,7.312499999999999556e-01
4.015200000000000019e-03,7.375000000000000444e-01
4.020799999999999721e-03,7.437500000000000222e-01
4.026399999999999424e-03,7.437500000000000222e-01
4.031999999999999994e-03,7.437500000000000222e-01
4.037599999999999696e-03,7.375000000000000444e-01
4.043199999999999399e-03,7.249999999999999778e-01
4.048799999999999968e-03,7.062500000000000444e-01
4.054399999999999671e-03,6.937499999999999778e-01
4.060000000000000241e-03,6.812500000000000222e-01
4.065599999999999943e-03,6.562500000000000000e-01
4.071199999999999646e-03,6.437499999999999334e-01
4.076800000000000215e-03,6.312499999999999778e-01
4.082399999999999918e-03,5.999999999999999778e-01
4.087999999999999620e-03,5.937500000000000000e-01
4.093600000000000190e-03,5.812499999999999334e-01
4.099199999999999892e-03,5.812499999999999334e-01
4.104799999999999595e-03,5.875000000000000222e-01
4.110400000000000165e-03,5.937500000000000000e-01
4.115999999999999867e-03,6.062499999999999556e-01
4.121599999999999570e-03,6.187500000000000222e-01
4.127200000000000139e-03,6.374999999999999556e-01
4.132799999999999842e-03,6.437499999999999334e-01
4.138399999999999544e-03,6.624999999999999778e-01
4.144000000000000114e-03,6.687499999999999556e-01
4.149599999999999816e-03,6.687499999999999556e-01
4.155199999999999519e-03,6.750000000000000444e-01
4.160800000000000089e-03,6.687499999999999556e-01
4.166399999999999791e-03,6.750000000000000444e-01
4.171999999999999494e-03,6.812500000000000222e-01
4.177600000000000063e-03,6.812500000000000222e-01
4.183199999999999766e-03,6.875000000000000000e-01
4.188799999999999468e-03,6.937499999999999778e-01
4.194400000000000038e-03,7.062500000000000444e-01
4.199999999999999740e-03,7.125000000000000222e-01
4.205599999999999443e-03,7.249999999999999778e-01
4.211200000000000013e-03,7.375000000000000444e-01
4.216799999999999715e-03,7.437500000000000222e-01
4.222399999999999418e-03,7.562499999999999778e-01
4.227999999999999987e-03,7.562499999999999778e-01
4.233599999999999690e-03,7.562499999999999778e-01
4.239199999999999392e-03,7.437500000000000222e-01
4.244799999999999962e-03,7.437500000000000222e-01
4.250399999999999665e-03,7.249999999999999778e-01
4.256000000000000234e-03,7.125000000000000222e-01
4.261599999999999937e-03,6.937499999999999778e-01
4.267199999999999639e-03,6.624999999999999778e-01
4.272800000000000209e-03,6.500000000000000222e-01
4.278399999999999911e-03,6.374999999999999556e-01
4.283999999999999614e-03,5.937500000000000000e-01
4.289600000000000184e-03,5.875000000000000222e-01
4.295199999999999886e-03,5.687499999999999778e-01
4.300799999999999589e-03,5.437499999999999556e-01
4.306400000000000158e-03,5.312500000000000000e-01
4.311999999999999861e-03,5.124999999999999556e-01
4.317599999999999563e-03,5.062499999999999778e-01
4.323200000000000133e-03,5.062499999999999778e-01
4.328799999999999835e-03,5.062499999999999778e-01
4.334399999999999538e-03,5.187499999999999334e-01
4.340000000000000108e-03,5.312500000000000000e-01
4.345599999999999810e-03,5.562500000000000222e-01
4.351199999999999513e-03,5.687499999999999778e-01
4.356800000000000082e-03,5.875000000000000222e-01
4.362399999999999785e-03,6.062499999999999556e-01
4.367999999999999487e-03,6.250000000000000000e-01
4.373600000000000057e-03,6.250000000000000000e-01
4.379199999999999759e-03,6.374999999999999556e-01
4.384799999999999462e-03,6.500000000000000222e-01
4.390400000000000032e-03,6.562500000000000000e-01
4.395999999999999734e-03,6.562500000000000000e-01
4.401599999999999437e-03,6.624999999999999778e-01
4.407200000000000006e-03,6.812500000000000222e-01
4.412799999999999709e-03,6.875000000000000000e-01
4.418399999999999411e-03,6.937499999999999778e-01
4.423999999999999981e-03,7.125000000000000222e-01
4.429599999999999684e-03,7.125000000000000222e-01
4.435199999999999386e-03,7.312499999999999556e-01
4.440799999999999956e-03,7.312499999999999556e-01
4.446399999999999658e-03,7.437500000000000222e-01
4.452000000000000228e-03,7.312499999999999556e-01
4.457599999999999930e-03,7.312499999999999556e-01
4.463199999999999633e-03,7.187500000000000000e-01
4.468800000000000203e-03,7.062500000000000444e-01
4.474399999999999905e-03,6.812500000000000222e-01
4.479999999999999608e-03,6.687499999999999556e-01
4.485600000000000177e-03,6.437499999999999334e-01
4.491199999999999880e-03,6.312499999999999778e-01
4.496799999999999582e-03,6.062499999999999556e-01
4.502400000000000152e-03,5.749999999999999556e-01
4.507999999999999854e-03,5.625000000000000000e-01
4.513599999999999557e-03,5.312500000000000000e-01
4.519200000000000127e-03,5.124999999999999556e-01
4.524799999999999829e-03,5.000000000000000000e-01
4.530399999999999532e-03,4.874999999999999889e-01
4.536000000000000101e-03,4.624999999999999667e-01
4.541599999999999804e-03,4.562499999999999334e-01
4.547199999999999506e-03,4.562499999999999334e-01
4.552800000000000076e-03,4.562499999999999334e-01
4.558399999999999778e-03,4.624999999999999667e-01
4.563999999999999481e-03,4.874999999999999889e-01
4.569600000000000051e-03,5.062499999999999778e-01
4.575199999999999753e-03,5.374999999999999778e-01
4.580799999999999456e-03,5.374999999999999778e-01
4.586400000000000025e-03,5.625000000000000000e-01
4.591999999999999728e-03,5.812499999999999334e-01
4.597599999999999430e-03,5.999999999999999778e-01
4.603200000000000000e-03,6.062499999999999556e-01
4.608799999999999703e-03,6.250000000000000000e-01
4.614399999999999405e-03,6.374999999999999556e-01
4.619999999999999975e-03,6.437499999999999334e-01
4.625599999999999677e-03,6.500000000000000222e-01
4.631199999999999380e-03,6.687499999999999556e-01
4.636799999999999949e-03,6.875000000000000000e-01
4.642399999999999652e-03,6.875000000000000000e-01
4.648000000000000222e-03,6.999999999999999556e-01
4.653599999999999924e-03,7.062500000000000444e-01
4.659199999999999627e-03,7.062500000000000444e-01
4.664800000000000196e-03,7.062500000000000444e-01
4.670399999999999899e-03,7.062500000000000444e-01
4.675999999999999601e-03,6.999999999999999556e-01
4.681600000000000171e-03,6.875000000000000000e-01
4.687199999999999873e-03,6.750000000000000444e-01
4.692799999999999576e-03,6.624999999999999778e-01
4.698400000000000146e-03,6.250000000000000000e-01
4.703999999999999848e-03,6.187500000000000222e-01
4.709599999999999551e-03,5.875000000000000222e-01
4.715200000000000120e-03,5.625000000000000000e-01
4.720799999999999823e-03,5.499999999999999334e-01
4.726399999999999525e-03,5.187499999999999334e-01
4.732000000000000095e-03,5.124999999999999556e-01
4.737599999999999797e-03,4.874999999999999889e-01
4.743199999999999500e-03,4.687500000000000000e-01
4.748800000000000070e-03,4.624999999999999667e-01
4.754399999999999772e-03,4.375000000000000000e-01
4.759999999999999475e-03,4.187499999999999556e-01
4.765600000000000044e-03,4.124999999999999778e-01
4.771199999999999747e-03,4.062500000000000000e-01
4.776799999999999449e-03,4.124999999999999778e-01
4.782400000000000019e-03,4.124999999999999778e-01
4.787999999999999722e-03,4.249999999999999334e-01
4.793599999999999424e-03,4.437499999999999778e-01
4.799199999999999994e-03,4.687500000000000000e-01
4.804799999999999696e-03,4.874999999999999889e-01
4.810399999999999399e-03,5.062499999999999778e-01
4.815999999999999968e-03,5.374999999999999778e-01
4.821599999999999671e-03,5.562500000000000222e-01
4.827199999999999373e-03,5.625000000000000000e-01
4.832799999999999943e-03,5.875000000000000222e-01
4.838399999999999646e-03,5.999999999999999778e-01
4.843999999999999348e-03,6.187500000000000222e-01
4.849599999999999918e-03,6.374999999999999556e-01
4.855199999999999620e-03,6.437499999999999334e-01
4.860800000000000190e-03,6.624999999999999778e-01
4.866399999999999892e-03,6.687499999999999556e-01
4.871999999999999595e-03,6.750000000000000444e-01
4.877600000000000165e-03,6.812500000000000222e-01
4.883199999999999867e-03,6.812500000000000222e-01
4.888799999999999570e-03,6.750000000000000444e-01
4.894400000000000139e-03,6.687499999999999556e-01
4.899999999999999842e-03,6.500000000000000222e-01
4.905599999999999544e-03,6.312499999999999778e-01
4.911200000000000114e-03,6.187500000000000222e-01
4.916799999999999816e-03,5.999999999999999778e-01
4.922399999999999519e-03,5.812499999999999334e-01
4.928000000000000089e-03,5.499999999999999334e-01
4.933599999999999791e-03,5.312500000000000000e-01
4.939199999999999494e-03,5.187499999999999334e-01
4.944800000000000063e-03,5.000000000000000000e-01
4.950399999999999766e-03,4.812499999999999556e-01
4.955999999999999468e-03,4.687500000000000000e-01
4.961600000000000038e-03,4.499999999999999556e-01
4.967199999999999740e-03,4.375000000000000000e-01
4.972799999999999443e-03,4.249999999999999334e-01
4.978400000000000013e-03,4.062500000000000000e-01
4.983999999999999715e-03,3.937499999999999334e-01
4.989599999999999418e-03,3.812499999999999778e-01
4.995199999999999987e-03,3.750000000000000000e-01
5.000799999999999690e-03,3.750000000000000000e-01
5.006399999999999392e-03,3.812499999999999778e-01
5.011999999999999962e-03,3.874999999999999556e-01
5.017599999999999665e-03,4.062500000000000000e-01
5.023199999999999367e-03,4.312499999999999667e-01
5.028799999999999937e-03,4.499999999999999556e-01
5.034399999999999639e-03,4.749999999999999778e-01
5.039999999999999342e-03,4.937499999999999667e-01
5.045599999999999911e-03,5.249999999999999112e-01
5.051199999999999614e-03,5.374999999999999778e-01
5.056800000000000184e-03,5.562500000000000222e-01
5.062399999999999886e-03,5.749999999999999556e-01
5.067999999999999589e-03,5.937500000000000000e-01
5.073600000000000158e-03,6.062499999999999556e-01
5.079199999999999861e-03,6.187500000000000222e-01
5.084799999999999563e-03,6.312499999999999778e-01
5.090400000000000133e-03,6.374999999999999556e-01
5.095999999999999835e-03,6.374999999999999556e-01
5.101599999999999538e-03,6.437499999999999334e-01
5.107200000000000108e-03,6.250000000000000000e-01
5.112799999999999810e-03,6.187500000000000222e-01
5.118399999999999513e-03,6.124999999999999334e-01
5.124000000000000082e-03,5.875000000000000222e-01
5.129599999999999785e-03,5.749999999999999556e-01
5.135199999999999487e-03,5.499999999999999334e-01
5.140800000000000057e-03,5.312500000000000000e-01
5.146399999999999759e-03,5.187499999999999334e-01
5.151999999999999462e-03,4.874999999999999889e-01
5.157600000000000032e-03,4.812499999999999556e-01
5.163199999999999734e-03,4.687500000000000000e-01
5.168799999999999437e-03,4.499999999999999556e-01
5.174400000000000006e-03,4.437499999999999778e-01
5.179999999999999709e-03,4.312499999999999667e-01
5.185599999999999411e-03,4.187499999999999556e-01
5.191199999999999981e-03,4.124999999999999778e-01
5.196799999999999684e-03,3.999999999999999667e-01
5.202399999999999386e-03,3.812499999999999778e-01
5.207999999999999956e-03,3.687499999999999667e-01
5.213599999999999658e-03,3.562499999999999556e-01
5.219199999999999361e-03,3.437499999999999445e-01
5.224799999999999930e-03,3.437499999999999445e-01
5.230399999999999633e-03,3.499999999999999778e-01
5.235999999999999335e-03,3.499999999999999778e-01
5.241599999999999905e-03,3.687499999999999667e-01
5.247199999999999608e-03,3.874999999999999556e-01
5.252800000000000177e-03,3.937499999999999334e-01
5.258399999999999880e-03,4.249999999999999334e-01
5.263999999999999582e-03,4.499999999999999556e-01
5.269600000000000152e-03,4.687500000000000000e-01
5.275199999999999854e-03,4.937499999999999667e-01
5.280799999999999557e-03,5.062499999999999778e-01
5.286400000000000127e-03,5.437499999999999556e-01
5.291999999999999829e-03,5.499999999999999334e-01
5.297599999999999532e-03,5.687499999999999778e-01
5.303200000000000101e-03,5.687499999999999778e-01
5.308799999999999804e-03,5.812499999999999334e-01
5.314399999999999506e-03,5.749999999999999556e-01
5.320000000000000076e-03,5.812499999999999334e-01
5.325599999999999778e-03,5.687499999999999778e-01
5.331199999999999481e-03,5.562500000000000222e-01
5.336800000000000051e-03,5.499999999999999334e-01
5.342399999999999753e-03,5.249999999999999112e-01
5.347999999999999456e-03,5.124999999999999556e-01
5.353600000000000025e-03,4.937499999999999667e-01
5.359199999999999728e-03,4.687500000000000000e-01
5.364799999999999430e-03,4.624999999999999667e-01
5.370400000000000000e-03,4.375000000000000000e-01
5.375999999999999703e-03,4.375000000000000000e-01
5.381599999999999405e-03,4.249999999999999334e-01
5.387199999999999975e-03,4.249999999999999334e-01
5.392799999999999677e-03,4.187499999999999556e-01
5.398399999999999380e-03,4.124999999999999778e-01
5.403999999999999949e-03,4.187499999999999556e-01
5.409599999999999652e-03,4.062500000000000000e-01
5.415199999999999354e-03,4.062500000000000000e-01
5.420799999999999924e-03,3.999999999999999667e-01
5.426399999999999627e-03,3.937499999999999334e-01
5.431999999999999329e-03,3.750000000000000000e-01
5.437599999999999899e-03,3.624999999999999334e-01
5.443199999999999601e-03,3.499999999999999778e-01
5.448800000000000171e-03,3.437499999999999445e-01
5.454399999999999873e-03,3.374999999999999667e-01
5.459999999999999576e-03,3.374999999999999667e-01
5.465600000000000146e-03,3.437499999999999445e-01
5.471199999999999848e-03,3.624999999999999334e-01
5.476799999999999551e-03,3.750000000000000000e-01
5.482400000000000120e-03,3.874999999999999556e-01
5.487999999999999823e-03,4.062500000000000000e-01
5.493599999999999525e-03,4.312499999999999667e-01
5.499200000000000095e-03,4.562499999999999334e-01
5.504799999999999797e-03,4.749999999999999778e-01
5.510399999999999500e-03,4.874999999999999889e-01
5.516000000000000070e-03,5.000000000000000000e-01
5.521599999999999772e-03,5.062499999999999778e-01
5.527199999999999475e-03,5.124999999999999556e-01
5.532800000000000044e-03,5.124999999999999556e-01
5.538399999999999747e-03,5.124999999999999556e-01
5.543999999999999449e-03,5.062499999999999778e-01
5.549600000000000019e-03,4.937499999999999667e-01
5.555199999999999722e-03,4.749999999999999778e-01
5.560799999999999424e-03,4.624999999999999667e-01
5.566399999999999994e-03,4.375000000000000000e-01
5.571999999999999696e-03,4.312499999999999667e-01
5.577599999999999399e-03,4.062500000000000000e-01
5.583199999999999968e-03,3.999999999999999667e-01
5.588799999999999671e-03,3.874999999999999556e-01
5.594399999999999373e-03,3.750000000000000000e-01
5.599999999999999943e-03,3.874999999999999556e-01
5.605599999999999646e-03,3.812499999999999778e-01
5.611199999999999348e-03,3.874999999999999556e-01
5.616799999999999918e-03,3.874999999999999556e-01
5.622399999999999620e-03,3.874999999999999556e-01
5.627999999999999323e-03,3.937499999999999334e-01
5.633599999999999892e-03,3.999999999999999667e-01
5.639199999999999595e-03,3.937499999999999334e-01
5.644800000000000165e-03,3.937499999999999334e-01
5.650399999999999867e-03,3.812499999999999778e-01
5.655999999999999570e-03,3.750000000000000000e-01
5.661600000000000139e-03,3.624999999999999334e-01
5.667199999999999842e-03,3.499999999999999778e-01
5.672799999999999544e-03,3.374999999999999667e-01
5.678400000000000114e-03,3.312499999999999889e-01
5.683999999999999816e-03,3.249999999999999556e-01
5.689599999999999519e-03,3.312499999999999889e-01
5.695200000000000089e-03,3.312499999999999889e-01
5.700799999999999791e-03,3.499999999999999778e-01
5.706399999999999494e-03,3.687499999999999667e-01
5.712000000000000063e-03,3.750000000000000000e-01
5.717599999999999766e-03,3.937499999999999334e-01
5.723199999999999468e-03,4.124999999999999778e-01
5.728800000000000038e-03,4.187499999999999556e-01
5.734399999999999741e-03,4.312499999999999667e-01
5.739999999999999443e-03,4.437499999999999778e-01
5.745600000000000013e-03,4.499999999999999556e-01
5.751199999999999715e-03,4.437499999999999778e-01
5.756799999999999418e-03,4.499999999999999556e-01
5.762399999999999987e-03,4.249999999999999334e-01
5.767999999999999690e-03,4.187499999999999556e-01
5.773599999999999392e-03,4.124999999999999778e-01
5.779199999999999962e-03,3.937499999999999334e-01
5.784799999999999665e-03,3.874999999999999556e-01
5.790399999999999367e-03,3.624999999999999334e-01
5.795999999999999937e-03,3.499999999999999778e-01
5.801599999999999639e-03,3.499999999999999778e-01
5.807199999999999342e-03,3.437499999999999445e-01
5.812799999999999911e-03,3.437499999999999445e-01
5.818399999999999614e-03,3.437499999999999445e-01
5.823999999999999316e-03,3.437499999999999445e-01
5.829599999999999886e-03,3.499999999999999778e-01
5.835199999999999589e-03,3.562499999999999556e-01
5.840800000000000158e-03,3.750000000000000000e-01
5.846399999999999861e-03,3.874999999999999556e-01
5.851999999999999563e-03,3.937499999999999334e-01
5.857600000000000133e-03,3.937499999999999334e-01
5.863199999999999835e-03,4.062500000000000000e-01
5.868799999999999538e-03,3.999999999999999667e-01
5.874400000000000108e-03,3.937499999999999334e-01
5.879999999999999810e-03,3.812499999999999778e-01
5.885599999999999513e-03,3.687499999999999667e-01
5.891200000000000082e-03,3.624999999999999334e-01
5.896799999999999785e-03,3.499999999999999778e-01
5.902399999999999487e-03,3.374999999999999667e-01
5.908000000000000057e-03,3.374999999999999667e-01
5.913599999999999760e-03,3.374999999999999667e-01
5.919199999999999462e-03,3.437499999999999445e-01
5.924800000000000032e-03,3.499999999999999778e-01
5.930399999999999734e-03,3.624999999999999334e-01
5.935999999999999437e-03,3.750000000000000000e-01
5.941600000000000006e-03,3.874999999999999556e-01
5.947199999999999709e-03,3.999999999999999667e-01
5.952799999999999411e-03,4.187499999999999556e-01
5.958399999999999981e-03,4.249999999999999334e-01
5.963999999999999684e-03,4.312499999999999667e-01
5.969599999999999386e-03,4.249999999999999334e-01
5.975199999999999956e-03,4.249999999999999334e-01
5.980799999999999658e-03,4.187499999999999556e-01
5.986399999999999361e-03,4.062500000000000000e-01
5.991999999999999930e-03,3.874999999999999556e-01
5.997599999999999633e-03,3.812499999999999778e-01
6.003199999999999335e-03,3.687499999999999667e-01
6.008799999999999905e-03,3.562499999999999556e-01
6.014399999999999608e-03,3.374999999999999667e-01
6.019999999999999310e-03,3.312499999999999889e-01
6.025599999999999880e-03,3.249999999999999556e-01
6.031199999999999582e-03,3.249999999999999556e-01
6.036800000000000152e-03,3.249999999999999556e-01
6.042399999999999854e-03,3.374999999999999667e-01
6.047999999999999557e-03,3.437499999999999445e-01
6.053600000000000127e-03,3.437499999999999445e-01
6.059199999999999829e-03,3.624999999999999334e-01
6.064799999999999532e-03,3.750000000000000000e-01
6.070400000000000101e-03,3.874999999999999556e-01
6.075999999999999804e-03,3.937499999999999334e-01
6.081599999999999506e-03,3.999999999999999667e-01
6.087200000000000076e-03,4.062500000000000000e-01
6.092799999999999778e-03,4.062500000000000000e-01
6.098399999999999481e-03,3.999999999999999667e-01
6.104000000000000051e-03,3.937499999999999334e-01
6.109599999999999753e-03,3.750000000000000000e-01
6.115199999999999456e-03,3.624999999999999334e-01
6.120800000000000025e-03,3.499999999999999778e-01
6.126399999999999728e-03,3.374999999999999667e-01
6.131999999999999430e-03,3.374999999999999667e-01
6.137600000000000000e-03,3.312499999999999889e-01
6.143199999999999703e-03,3.374999999999999667e-01
6.148799999999999405e-03,3.499999999999999778e-01
6.154399999999999975e-03,3.562499999999999556e-01
6.159999999999999677e-03,3.687499999999999667e-01
6.165599999999999380e-03,3.874999999999999556e-01
6.171199999999999949e-03,3.937499999999999334e-01
6.176799999999999652e-03,3.999999999999999667e-01
6.182399999999999354e-03,4.062500000000000000e-01
6.187999999999999924e-03,4.124999999999999778e-01
6.193599999999999627e-03,4.124999999999999778e-01
6.199199999999999329e-03,3.999999999999999667e-01
6.204799999999999899e-03,3.937499999999999334e-01
6.210399999999999601e-03,3.750000000000000000e-01
6.215999999999999304e-03,3.624999999999999334e-01
6.221599999999999873e-03,3.562499999999999556e-01
6.227199999999999576e-03,3.374999999999999667e-01
6.232800000000000146e-03,3.249999999999999556e-01
6.238399999999999848e-03,3.249999999999999556e-01
6.243999999999999551e-03,3.249999999999999556e-01
6.249600000000000120e-03,3.187499999999999778e-01
6.255199999999999823e-03,3.249999999999999556e-01
6.260799999999999525e-03,3.312499999999999889e-01
6.266400000000000095e-03,3.374999999999999667e-01
6.271999999999999797e-03,3.499999999999999778e-01
6.277599999999999500e-03,3.687499999999999667e-01
6.283200000000000070e-03,3.812499999999999778e-01
6.288799999999999772e-03,3.937499999999999334e-01
6.294399999999999475e-03,4.124999999999999778e-01
6.300000000000000044e-03,4.312499999999999667e-01
6.305599999999999747e-03,4.375000000000000000e-01
6.311199999999999449e-03,4.375000000000000000e-01
6.316800000000000019e-03,4.437499999999999778e-01
6.322399999999999722e-03,4.375000000000000000e-01
6.327999999999999424e-03,4.249999999999999334e-01
6.333599999999999994e-03,4.187499999999999556e-01
6.339199999999999696e-03,4.062500000000000000e-01
6.344799999999999399e-03,3.874999999999999556e-01
6.350399999999999968e-03,3.750000000000000000e-01
6.355999999999999671e-03,3.624999999999999334e-01
6.361599999999999373e-03,3.562499999999999556e-01
6.367199999999999943e-03,3.562499999999999556e-01
6.372799999999999646e-03,3.562499999999999556e-01
6.378399999999999348e-03,3.624999999999999334e-01
6.383999999999999918e-03,3.687499999999999667e-01
6.389599999999999620e-03,3.687499999999999667e-01
6.395199999999999323e-03,3.750000000000000000e-01
6.400799999999999892e-03,3.750000000000000000e-01
6.406399999999999595e-03,3.687499999999999667e-01
6.411999999999999297e-03,3.624999999999999334e-01
6.417599999999999867e-03,3.624999999999999334e-01
6.423199999999999570e-03,3.499999999999999778e-01
6.428800000000000139e-03,3.374999999999999667e-01
6.434399999999999842e-03,3.249999999999999556e-01
6.439999999999999544e-03,3.124999999999999445e-01
6.445600000000000114e-03,3.062499999999999667e-01
6.451199999999999816e-03,2.937499999999999556e-01
6.456799999999999519e-03,2.874999999999999778e-01
6.462400000000000089e-03,2.999999999999999334e-01
6.467999999999999791e-03,2.937499999999999556e-01
6.473599999999999494e-03,3.124999999999999445e-01
6.479200000000000063e-03,3.249999999999999556e-01
6.484799999999999766e-03,3.374999999999999667e-01
6.490399999999999468e-03,3.562499999999999556e-01
6.496000000000000038e-03,3.750000000000000000e-01
6.501599999999999741e-03,3.937499999999999334e-01
6.507199999999999443e-03,4.249999999999999334e-01
6.512800000000000013e-03,4.375000000000000000e-01
6.518399999999999715e-03,4.562499999999999334e-01
6.523999999999999418e-03,4.687500000000000000e-01
6.529599999999999987e-03,4.812499999999999556e-01
6.535199999999999690e-03,4.937499999999999667e-01
6.540799999999999392e-03,4.937499999999999667e-01
6.546399999999999962e-03,4.937499999999999667e-01
6.551999999999999665e-03,4.937499999999999667e-01
6.557599999999999367e-03,4.874999999999999889e-01
6.563199999999999937e-03,4.624999999999999667e-01
6.568799999999999639e-03,4.499999999999999556e-01
6.574399999999999342e-03,4.312499999999999667e-01
6.579999999999999911e-03,4.187499999999999556e-01
6.585599999999999614e-03,4.062500000000000000e-01
6.591199999999999316e-03,3.937499999999999334e-01
6.596799999999999886e-03,3.874999999999999556e-01
6.602399999999999589e-03,3.874999999999999556e-01
6.607999999999999291e-03,3.812499999999999778e-01
6.613599999999999861e-03,3.812499999999999778e-01
6.619199999999999563e-03,3.750000000000000000e-01
6.624800000000000133e-03,3.687499999999999667e-01
6.630399999999999835e-03,3.687499999999999667e-01
6.635999999999999538e-03,3.499999999999999778e-01
6.641600000000000108e-03,3.312499999999999889e-01
6.647199999999999810e-03,3.249999999999999556e-01
6.652799999999999513e-03,3.124999999999999445e-01
6.658400000000000082e-03,3.062499999999999667e-01
6.663999999999999785e-03,3.062499999999999667e-01
6.669599999999999487e-03,2.937499999999999556e-01
6.675200000000000057e-03,2.937499999999999556e-01
6.680799999999999760e-03,2.999999999999999334e-01
6.686399999999999462e-03,3.187499999999999778e-01
6.692000000000000032e-03,3.312499999999999889e-01
6.697599999999999734e-03,3.499999999999999778e-01
6.703199999999999437e-03,3.624999999999999334e-01
6.708800000000000006e-03,3.937499999999999334e-01
6.714399999999999709e-03,4.124999999999999778e-01
6.719999999999999411e-03,4.312499999999999667e-01
6.725599999999999981e-03,4.499999999999999556e-01
6.731199999999999684e-03,4.687500000000000000e-01
6.736799999999999386e-03,4.937499999999999667e-01
6.742399999999999956e-03,5.187499999999999334e-01
6.747999999999999658e-03,5.312500000000000000e-01
6.753599999999999361e-03,5.562500000000000222e-01
6.759199999999999930e-03,5.625000000000000000e-01
6.764799999999999633e-03,5.749999999999999556e-01
6.770399999999999335e-03,5.687499999999999778e-01
6.775999999999999905e-03,5.749999999999999556e-01
6.781599999999999608e-03,5.625000000000000000e-01
6.787199999999999310e-03,5.437499999999999556e-01
6.792799999999999880e-03,5.312500000000000000e-01
6.798399999999999582e-03,5.062499999999999778e-01
6.803999999999999285e-03,4.937499999999999667e-01
6.809599999999999854e-03,4.687500000000000000e-01
6.815199999999999557e-03,4.562499999999999334e-01
6.820799999999999259e-03,4.437499999999999778e-01
6.826399999999999829e-03,4.312499999999999667e-01
6.831999999999999532e-03,4.249999999999999334e-01
6.837600000000000101e-03,4.062500000000000000e-01
6.843199999999999804e-03,3.999999999999999667e-01
6.848799999999999506e-03,3.937499999999999334e-01
6.854400000000000076e-03,3.750000000000000000e-01
6.859999999999999779e-03,3.624999999999999334e-01
6.865599999999999481e-03,3.499999999999999778e-01
6.871200000000000051e-03,3.437499999999999445e-01
6.876799999999999753e-03,3.312499999999999889e-01
6.882399999999999456e-03,3.249999999999999556e-01
6.888000000000000025e-03,3.249999999999999556e-01
6.893599999999999728e-03,3.312499999999999889e-01
6.899199999999999430e-03,3.374999999999999667e-01
6.904800000000000000e-03,3.437499999999999445e-01
6.910399999999999703e-03,3.624999999999999334e-01
6.915999999999999405e-03,3.874999999999999556e-01
6.921599999999999975e-03,4.062500000000000000e-01
6.927199999999999677e-03,4.249999999999999334e-01
6.932799999999999380e-03,4.437499999999999778e-01
6.938399999999999949e-03,4.624999999999999667e-01
6.943999999999999652e-03,4.937499999999999667e-01
6.949599999999999354e-03,5.124999999999999556e-01
6.955199999999999924e-03,5.312500000000000000e-01
6.960799999999999627e-03,5.499999999999999334e-01
6.966399999999999329e-03,5.625000000000000000e-01
6.971999999999999899e-03,5.812499999999999334e-01
6.977599999999999601e-03,5.999999999999999778e-01
6.983199999999999304e-03,6.062499999999999556e-01
6.988799999999999873e-03,6.187500000000000222e-01
6.994399999999999576e-03,6.250000000000000000e-01
6.999999999999999278e-03,6.187500000000000222e-01
7.005599999999999848e-03,6.062499999999999556e-01
7.011199999999999551e-03,5.937500000000000000e-01
7.016799999999999253e-03,5.749999999999999556e-01
7.022399999999999823e-03,5.562500000000000222e-01
7.027999999999999525e-03,5.374999999999999778e-01
7.033600000000000095e-03,5.124999999999999556e-01
7.039199999999999798e-03,5.000000000000000000e-01
7.044799999999999500e-03,4.749999999999999778e-01
7.050400000000000070e-03,4.562499999999999334e-01
7.055999999999999772e-03,4.499999999999999556e-01
7.061599999999999475e-03,4.375000000000000000e-01
7.067200000000000044e-03,4.249999999999999334e-01
7.072799999999999747e-03,4.062500000000000000e-01
7.078399999999999449e-03,3.937499999999999334e-01
7.084000000000000019e-03,3.812499999999999778e-01
7.089599999999999722e-03,3.624999999999999334e-01
7.095199999999999424e-03,3.562499999999999556e-01
7.100799999999999994e-03,3.499999999999999778e-01
7.106399999999999696e-03,3.499999999999999778e-01
7.111999999999999399e-03,3.437499999999999445e-01
7.117599999999999968e-03,3.499999999999999778e-01
7.123199999999999671e-03,3.624999999999999334e-01
7.128799999999999373e-03,3.624999999999999334e-01
7.134399999999999943e-03,3.874999999999999556e-01
7.139999999999999646e-03,4.124999999999999778e-01
7.145599999999999348e-03,4.375000000000000000e-01
7.151199999999999918e-03,4.562499999999999334e-01
7.156799999999999620e-03,4.812499999999999556e-01
7.162399999999999323e-03,5.062499999999999778e-01
7.167999999999999892e-03,5.187499999999999334e-01
7.173599999999999595e-03,5.374999999999999778e-01
7.179199999999999297e-03,5.562500000000000222e-01
7.184799999999999867e-03,5.749999999999999556e-01
7.190399999999999570e-03,5.937500000000000000e-01
7.195999999999999272e-03,5.999999999999999778e-01
7.201599999999999842e-03,6.187500000000000222e-01
7.207199999999999544e-03,6.250000000000000000e-01
7.212799999999999247e-03,6.374999999999999556e-01
7.218399999999999817e-03,6.437499999999999334e-01
7.223999999999999519e-03,6.374999999999999556e-01
7.229600000000000089e-03,6.312499999999999778e-01
7.235199999999999791e-03,6.124999999999999334e-01
7.240799999999999494e-03,5.999999999999999778e-01
7.246400000000000063e-03,5.749999999999999556e-01
7.251999999999999766e-03,5.562500000000000222e-01
7.257599999999999468e-03,5.374999999999999778e-01
7.263200000000000038e-03,5.124999999999999556e-01
7.268799999999999741e-03,4.937499999999999667e-01
7.274399999999999443e-03,4.749999999999999778e-01
7.280000000000000013e-03,4.624999999999999667e-01
7.285599999999999715e-03,4.499999999999999556e-01
7.291199999999999418e-03,4.249999999999999334e-01
7.296799999999999987e-03,4.124999999999999778e-01
7.302399999999999690e-03,4.062500000000000000e-01
7.307999999999999392e-03,3.874999999999999556e-01
7.313599999999999962e-03,3.750000000000000000e-01
7.319199999999999665e-03,3.750000000000000000e-01
7.324799999999999367e-03,3.750000000000000000e-01
7.330399999999999937e-03,3.687499999999999667e-01
7.335999999999999639e-03,3.812499999999999778e-01
7.341599999999999342e-03,3.874999999999999556e-01
7.347199999999999911e-03,4.062500000000000000e-01
7.352799999999999614e-03,4.249999999999999334e-01
7.358399999999999316e-03,4.437499999999999778e-01
7.363999999999999886e-03,4.624999999999999667e-01
7.369599999999999589e-03,4.812499999999999556e-01
7.375199999999999291e-03,5.000000000000000000e-01
7.380799999999999861e-03,5.249999999999999112e-01
7.386399999999999563e-03,5.437499999999999556e-01
7.391999999999999266e-03,5.562500000000000222e-01
7.397599999999999835e-03,5.749999999999999556e-01
7.403199999999999538e-03,5.875000000000000222e-01
7.408799999999999240e-03,6.062499999999999556e-01
7.414399999999999810e-03,6.187500000000000222e-01
7.419999999999999513e-03,6.374999999999999556e-01
7.425600000000000082e-03,6.500000000000000222e-01
7.431199999999999785e-03,6.562500000000000000e-01
7.436799999999999487e-03,6.750000000000000444e-01
7.442400000000000057e-03,6.624999999999999778e-01
7.447999999999999760e-03,6.687499999999999556e-01
7.453599999999999462e-03,6.624999999999999778e-01
7.459200000000000032e-03,6.374999999999999556e-01
7.464799999999999734e-03,6.187500000000000222e-01
7.470399999999999437e-03,6.062499999999999556e-01
7.476000000000000006e-03,5.812499999999999334e-01
7.481599999999999709e-03,5.625000000000000000e-01
7.487199999999999411e-03,5.312500000000000000e-01
7.492799999999999981e-03,5.187499999999999334e-01
7.498399999999999684e-03,5.062499999999999778e-01
7.503999999999999386e-03,4.812499999999999556e-01
7.509599999999999956e-03,4.624999999999999667e-01
7.515199999999999658e-03,4.437499999999999778e-01
7.520799999999999361e-03,4.375000000000000000e-01
7.526399999999999930e-03,4.187499999999999556e-01
7.531999999999999633e-03,4.062500000000000000e-01
7.537599999999999335e-03,3.937499999999999334e-01
7.543199999999999905e-03,3.937499999999999334e-01
7.548799999999999608e-03,3.874999999999999556e-01
7.554399999999999310e-03,3.937499999999999334e-01
7.559999999999999880e-03,3.999999999999999667e-01
7.565599999999999582e-03,4.062500000000000000e-01
7.571199999999999285e-03,4.312499999999999667e-01
7.576799999999999854e-03,4.437499999999999778e-01
7.582399999999999557e-03,4.624999999999999667e-01
7.587999999999999259e-03,4.874999999999999889e-01
7.593599999999999829e-03,5.000000000000000000e-01
7.599199999999999532e-03,5.187499999999999334e-01
7.604799999999999234e-03,5.437499999999999556e-01
7.610399999999999804e-03,5.625000000000000000e-01
7.615999999999999506e-03,5.749999999999999556e-01
7.621600000000000076e-03,5.875000000000000222e-01
7.627199999999999779e-03,5.999999999999999778e-01
7.632799999999999481e-03,6.187500000000000222e-01
7.638400000000000051e-03,6.374999999999999556e-01
7.643999999999999753e-03,6.437499999999999334e-01
7.649599999999999456e-03,6.500000000000000222e-01
7.655200000000000025e-03,6.687499999999999556e-01
7.660799999999999728e-03,6.750000000000000444e-01
7.666399999999999430e-03,6.750000000000000444e-01
7.672000000000000000e-03,6.624999999999999778e-01
7.677599999999999703e-03,6.562500000000000000e-01
7.683199999999999405e-03,6.374999999999999556e-01
7.688799999999999975e-03,6.250000000000000000e-01
7.694399999999999677e-03,6.062499999999999556e-01
7.699999999999999380e-03,5.749999999999999556e-01
7.705599999999999949e-03,5.562500000000000222e-01
7.711199999999999652e-03,5.312500000000000000e-01
7.716799999999999354e-03,5.249999999999999112e-01
7.722399999999999924e-03,4.937499999999999667e-01
7.727999999999999627e-03,4.749999999999999778e-01
7.733599999999999329e-03,4.562499999999999334e-01
7.739199999999999899e-03,4.375000000000000000e-01
7.744799999999999601e-03,4.312499999999999667e-01
7.750399999999999304e-03,4.187499999999999556e-01
7.755999999999999873e-03,4.062500000000000000e-01
7.761599999999999576e-03,4.062500000000000000e-01
7.767199999999999278e-03,3.999999999999999667e-01
7.772799999999999848e-03,3.999999999999999667e-01
7.778399999999999551e-03,4.062500000000000000e-01
7.783999999999999253e-03,4.187499999999999556e-01
7.789599999999999823e-03,4.312499999999999667e-01
7.795199999999999525e-03,4.437499999999999778e-01
7.800799999999999228e-03,4.624999999999999667e-01
7.806399999999999798e-03,4.874999999999999889e-01
7.811999999999999500e-03,5.124999999999999556e-01
7.817599999999999202e-03,5.187499999999999334e-01
7.823199999999998905e-03,5.437499999999999556e-01
7.828800000000000342e-03,5.625000000000000000e-01
7.834400000000000044e-03,5.812499999999999334e-01
7.839999999999999747e-03,5.875000000000000222e-01
7.845599999999999449e-03,5.937500000000000000e-01
7.851199999999999152e-03,6.124999999999999334e-01
7.856799999999998854e-03,6.187500000000000222e-01
7.862400000000000291e-03,6.374999999999999556e-01
7.867999999999999994e-03,6.562500000000000000e-01
7.873599999999999696e-03,6.687499999999999556e-01
7.879199999999999399e-03,6.750000000000000444e-01
7.884799999999999101e-03,6.812500000000000222e-01
7.890399999999998804e-03,6.875000000000000000e-01
7.896000000000000241e-03,6.812500000000000222e-01
7.901599999999999943e-03,6.812500000000000222e-01
7.907199999999999646e-03,6.562500000000000000e-01
7.912799999999999348e-03,6.374999999999999556e-01
7.918399999999999050e-03,6.124999999999999334e-01
7.924000000000000488e-03,5.937500000000000000e-01
7.929600000000000190e-03,5.749999999999999556e-01
7.935199999999999892e-03,5.562500000000000222e-01
7.940799999999999595e-03,5.312500000000000000e-01
7.946399999999999297e-03,5.124999999999999556e-01
7.951999999999999000e-03,4.937499999999999667e-01
7.957600000000000437e-03,4.749999999999999778e-01
7.963200000000000139e-03,4.562499999999999334e-01
7.968799999999999842e-03,4.499999999999999556e-01
7.974399999999999544e-03,4.437499999999999778e-01
7.979999999999999247e-03,4.375000000000000000e-01
7.985599999999998949e-03,4.249999999999999334e-01
7.991200000000000386e-03,4.312499999999999667e-01
7.996800000000000089e-03,4.375000000000000000e-01
8.002399999999999791e-03,4.562499999999999334e-01
8.007999999999999494e-03,4.624999999999999667e-01
8.013599999999999196e-03,4.812499999999999556e-01
8.019199999999998899e-03,5.000000000000000000e-01
8.024800000000000336e-03,5.124999999999999556e-01
8.030400000000000038e-03,5.499999999999999334e-01
8.035999999999999741e-03,5.625000000000000000e-01
8.041599999999999443e-03,5.749999999999999556e-01
8.047199999999999145e-03,5.999999999999999778e-01
8.052799999999998848e-03,5.999999999999999778e-01
8.058400000000000285e-03,6.124999999999999334e-01
8.063999999999999987e-03,6.250000000000000000e-01
8.069599999999999690e-03,6.312499999999999778e-01
8.075199999999999392e-03,6.437499999999999334e-01
8.080799999999999095e-03,6.500000000000000222e-01
8.086399999999998797e-03,6.500000000000000222e-01
8.092000000000000234e-03,6.687499999999999556e-01
8.097599999999999937e-03,6.750000000000000444e-01
8.103199999999999639e-03,6.875000000000000000e-01
8.108799999999999342e-03,7.062500000000000444e-01
8.114399999999999044e-03,7.125000000000000222e-01
8.120000000000000481e-03,7.125000000000000222e-01
8.125600000000000184e-03,7.062500000000000444e-01
8.131199999999999886e-03,6.999999999999999556e-01
8.136799999999999589e-03,6.812500000000000222e-01
8.142399999999999291e-03,6.562500000000000000e-01
8.147999999999998993e-03,6.374999999999999556e-01
8.153600000000000431e-03,6.187500000000000222e-01
8.159200000000000133e-03,5.937500000000000000e-01
8.164799999999999836e-03,5.812499999999999334e-01
8.170399999999999538e-03,5.562500000000000222e-01
8.175999999999999240e-03,5.374999999999999778e-01
8.181599999999998943e-03,5.187499999999999334e-01
8.187200000000000380e-03,5.124999999999999556e-01
8.192800000000000082e-03,4.937499999999999667e-01
8.198399999999999785e-03,4.874999999999999889e-01
8.203999999999999487e-03,4.874999999999999889e-01
8.209599999999999190e-03,4.937499999999999667e-01
8.215199999999998892e-03,5.000000000000000000e-01
8.220800000000000329e-03,5.187499999999999334e-01
8.226400000000000032e-03,5.312500000000000000e-01
8.231999999999999734e-03,5.437499999999999556e-01
8.237599999999999437e-03,5.625000000000000000e-01
8.243199999999999139e-03,5.812499999999999334e-01
8.248799999999998842e-03,5.937500000000000000e-01
8.254400000000000279e-03,6.187500000000000222e-01
8.259999999999999981e-03,6.250000000000000000e-01
8.265599999999999684e-03,6.374999999999999556e-01
8.271199999999999386e-03,6.437499999999999334e-01
8.276799999999999088e-03,6.562500000000000000e-01
8.282399999999998791e-03,6.562500000000000000e-01
8.288000000000000228e-03,6.562500000000000000e-01
8.293599999999999930e-03,6.562500000000000000e-01
8.299199999999999633e-03,6.624999999999999778e-01
8.304799999999999335e-03,6.624999999999999778e-01
8.310399999999999038e-03,6.687499999999999556e-01
8.316000000000000475e-03,6.875000000000000000e-01
8.321600000000000177e-03,6.937499999999999778e-01
8.327199999999999880e-03,7.062500000000000444e-01
8.332799999999999582e-03,7.187500000000000000e-01
8.338399999999999285e-03,7.249999999999999778e-01
8.343999999999998987e-03,7.187500000000000000e-01
8.349600000000000424e-03,7.249999999999999778e-01
8.355200000000000127e-03,7.125000000000000222e-01
8.360799999999999829e-03,6.999999999999999556e-01
8.366399999999999532e-03,6.875000000000000000e-01
8.371999999999999234e-03,6.687499999999999556e-01
8.377599999999998936e-03,6.374999999999999556e-01
8.383200000000000374e-03,6.250000000000000000e-01
8.388800000000000076e-03,6.062499999999999556e-01
8.394399999999999779e-03,5.812499999999999334e-01
8.399999999999999481e-03,5.687499999999999778e-01
8.405599999999999183e-03,5.499999999999999334e-01
8.411199999999998886e-03,5.437499999999999556e-01
8.416800000000000323e-03,5.374999999999999778e-01
8.422400000000000025e-03,5.312500000000000000e-01
8.427999999999999728e-03,5.374999999999999778e-01
8.433599999999999430e-03,5.437499999999999556e-01
8.439199999999999133e-03,5.437499999999999556e-01
8.444799999999998835e-03,5.687499999999999778e-01
8.450400000000000272e-03,5.749999999999999556e-01
8.455999999999999975e-03,5.937500000000000000e-01
8.461599999999999677e-03,6.187500000000000222e-01
8.467199999999999380e-03,6.250000000000000000e-01
8.472799999999999082e-03,6.437499999999999334e-01
8.478399999999998785e-03,6.624999999999999778e-01
8.484000000000000222e-03,6.624999999999999778e-01
8.489599999999999924e-03,6.750000000000000444e-01
8.495199999999999627e-03,6.812500000000000222e-01
8.500799999999999329e-03,6.812500000000000222e-01
8.506399999999999031e-03,6.812500000000000222e-01
8.512000000000000469e-03,6.875000000000000000e-01
8.517600000000000171e-03,6.875000000000000000e-01
8.523199999999999874e-03,6.812500000000000222e-01
8.528799999999999576e-03,6.875000000000000000e-01
8.534399999999999278e-03,6.999999999999999556e-01
8.539999999999998981e-03,7.062500000000000444e-01
8.545600000000000418e-03,7.187500000000000000e-01
8.551200000000000120e-03,7.249999999999999778e-01
8.556799999999999823e-03,7.437500000000000222e-01
8.562399999999999525e-03,7.500000000000000000e-01
8.567999999999999228e-03,7.437500000000000222e-01
8.573599999999998930e-03,7.375000000000000444e-01
8.579200000000000367e-03,7.312499999999999556e-01
8.584800000000000070e-03,7.125000000000000222e-01
8.590399999999999772e-03,6.875000000000000000e-01
8.595999999999999475e-03,6.687499999999999556e-01
8.601599999999999177e-03,6.500000000000000222e-01
8.607199999999998880e-03,6.374999999999999556e-01
8.612800000000000317e-03,6.062499999999999556e-01
8.618400000000000019e-03,5.812499999999999334e-01
8.623999999999999722e-03,5.749999999999999556e-01
8.629599999999999424e-03,5.499999999999999334e-01
8.635199999999999126e-03,5.499999999999999334e-01
8.640799999999998829e-03,5.374999999999999778e-01
8.646400000000000266e-03,5.312500000000000000e-01
8.651999999999999968e-03,5.374999999999999778e-01
8.657599999999999671e-03,5.499999999999999334e-01
8.663199999999999373e-03,5.499999999999999334e-01
8.668799999999999076e-03,5.687499999999999778e-01
8.674399999999998778e-03,5.875000000000000222e-01
8.680000000000000215e-03,5.937500000000000000e-01
8.685599999999999918e-03,6.187500000000000222e-01
8.691199999999999620e-03,6.374999999999999556e-01
8.696799999999999323e-03,6.437499999999999334e-01
8.702399999999999025e-03,6.562500000000000000e-01
8.708000000000000462e-03,6.687499999999999556e-01
8.713600000000000165e-03,6.812500000000000222e-01
8.719199999999999867e-03,6.812500000000000222e-01
8.724799999999999570e-03,6.750000000000000444e-01
8.730399999999999272e-03,6.687499999999999556e-01
8.735999999999998974e-03,6.687499999999999556e-01
8.741600000000000412e-03,6.687499999999999556e-01
8.747200000000000114e-03,6.687499999999999556e-01
8.752799999999999817e-03,6.812500000000000222e-01
8.758399999999999519e-03,6.875000000000000000e-01
8.763999999999999221e-03,6.937499999999999778e-01
8.769599999999998924e-03,7.125000000000000222e-01
8.775200000000000361e-03,7.187500000000000000e-01
8.780800000000000063e-03,7.375000000000000444e-01
8.786399999999999766e-03,7.375000000000000444e-01
8.791999999999999468e-03,7.375000000000000444e-01
8.797599999999999171e-03,7.312499999999999556e-01
8.803199999999998873e-03,7.249999999999999778e-01
8.808800000000000310e-03,7.062500000000000444e-01
8.814400000000000013e-03,6.875000000000000000e-01
8.819999999999999715e-03,6.624999999999999778e-01
8.825599999999999418e-03,6.437499999999999334e-01
8.831199999999999120e-03,6.250000000000000000e-01
8.836799999999998823e-03,6.062499999999999556e-01
8.842400000000000260e-03,5.812499999999999334e-01
8.847999999999999962e-03,5.749999999999999556e-01
8.853599999999999665e-03,5.562500000000000222e-01
8.859199999999999367e-03,5.499999999999999334e-01
8.864799999999999069e-03,5.437499999999999556e-01
8.870399999999998772e-03,5.499999999999999334e-01
8.876000000000000209e-03,5.562500000000000222e-01
8.881599999999999911e-03,5.625000000000000000e-01
8.887199999999999614e-03,5.749999999999999556e-01
8.892799999999999316e-03,5.875000000000000222e-01
8.898399999999999019e-03,6.062499999999999556e-01
8.904000000000000456e-03,6.187500000000000222e-01
8.909600000000000158e-03,6.374999999999999556e-01
8.915199999999999861e-03,6.562500000000000000e-01
8.920799999999999563e-03,6.624999999999999778e-01
8.926399999999999266e-03,6.687499999999999556e-01
8.931999999999998968e-03,6.875000000000000000e-01
8.937600000000000405e-03,6.812500000000000222e-01
8.943200000000000108e-03,6.875000000000000000e-01
8.948799999999999810e-03,6.812500000000000222e-01
8.954399999999999513e-03,6.812500000000000222e-01
8.959999999999999215e-03,6.812500000000000222e-01
8.965599999999998918e-03,6.812500000000000222e-01
8.971200000000000355e-03,6.812500000000000222e-01
8.976800000000000057e-03,6.875000000000000000e-01
8.982399999999999760e-03,6.937499999999999778e-01
8.987999999999999462e-03,7.062500000000000444e-01
8.993599999999999164e-03,7.125000000000000222e-01
8.999199999999998867e-03,7.312499999999999556e-01
9.004800000000000304e-03,7.437500000000000222e-01
9.010400000000000006e-03,7.437500000000000222e-01
9.015999999999999709e-03,7.437500000000000222e-01
9.021599999999999411e-03,7.312499999999999556e-01
9.027199999999999114e-03,7.249999999999999778e-01
9.032799999999998816e-03,7.062500000000000444e-01
9.038400000000000253e-03,6.937499999999999778e-01
9.043999999999999956e-03,6.750000000000000444e-01
9.049599999999999658e-03,6.437499999999999334e-01
9.055199999999999361e-03,6.312499999999999778e-01
9.060799999999999063e-03,6.062499999999999556e-01
9.066399999999998766e-03,5.937500000000000000e-01
9.072000000000000203e-03,5.812499999999999334e-01
9.077599999999999905e-03,5.687499999999999778e-01
9.083199999999999608e-03,5.562500000000000222e-01
9.088799999999999310e-03,5.562500000000000222e-01
9.094399999999999012e-03,5.625000000000000000e-01
9.100000000000000450e-03,5.749999999999999556e-01
9.105600000000000152e-03,5.875000000000000222e-01
9.111199999999999855e-03,5.999999999999999778e-01
9.116799999999999557e-03,6.062499999999999556e-01
9.122399999999999259e-03,6.250000000000000000e-01
9.127999999999998962e-03,6.437499999999999334e-01
9.133600000000000399e-03,6.562500000000000000e-01
9.139200000000000101e-03,6.624999999999999778e-01
9.144799999999999804e-03,6.750000000000000444e-01
9.150399999999999506e-03,6.812500000000000222e-01
9.155999999999999209e-03,6.875000000000000000e-01
9.161599999999998911e-03,6.937499999999999778e-01
9.167200000000000348e-03,6.875000000000000000e-01
9.172800000000000051e-03,6.812500000000000222e-01
9.178399999999999753e-03,6.750000000000000444e-01
9.183999999999999456e-03,6.687499999999999556e-01
9.189599999999999158e-03,6.687499999999999556e-01
9.195199999999998861e-03,6.687499999999999556e-01
9.200800000000000298e-03,6.750000000000000444e-01
9.206400000000000000e-03,6.875000000000000000e-01
9.211999999999999703e-03,6.937499999999999778e-01
9.217599999999999405e-03,7.062500000000000444e-01
9.223199999999999107e-03,7.187500000000000000e-01
9.228799999999998810e-03,7.249999999999999778e-01
9.234400000000000247e-03,7.375000000000000444e-01
9.239999999999999949e-03,7.312499999999999556e-01
9.245599999999999652e-03,7.312499999999999556e-01
9.251199999999999354e-03,7.249999999999999778e-01
9.256799999999999057e-03,6.999999999999999556e-01
9.262399999999998759e-03,6.875000000000000000e-01
9.268000000000000196e-03,6.687499999999999556e-01
9.273599999999999899e-03,6.500000000000000222e-01
9.279199999999999601e-03,6.312499999999999778e-01
9.284799999999999304e-03,6.187500000000000222e-01
9.290399999999999006e-03,5.875000000000000222e-01
9.296000000000000443e-03,5.875000000000000222e-01
9.301600000000000146e-03,5.749999999999999556e-01
9.307199999999999848e-03,5.687499999999999778e-01
9.312799999999999551e-03,5.749999999999999556e-01
9.318399999999999253e-03,5.749999999999999556e-01
9.323999999999998956e-03,5.875000000000000222e-01
9.329600000000000393e-03,5.937500000000000000e-01
9.335200000000000095e-03,6.124999999999999334e-01
9.340799999999999798e-03,6.312499999999999778e-01
9.346399999999999500e-03,6.437499999999999334e-01
9.351999999999999202e-03,6.562500000000000000e-01
9.357599999999998905e-03,6.750000000000000444e-01
9.363200000000000342e-03,6.750000000000000444e-01
9.368800000000000044e-03,6.875000000000000000e-01
9.374399999999999747e-03,6.937499999999999778e-01
9.379999999999999449e-03,6.875000000000000000e-01
9.385599999999999152e-03,6.812500000000000222e-01
9.391199999999998854e-03,6.812500000000000222e-01
9.396800000000000291e-03,6.750000000000000444e-01
9.402399999999999994e-03,6.624999999999999778e-01
9.407999999999999696e-03,6.624999999999999778e-01
9.413599999999999399e-03,6.562500000000000000e-01
9.419199999999999101e-03,6.624999999999999778e-01
9.424799999999998804e-03,6.624999999999999778e-01
9.430400000000000241e-03,6.624999999999999778e-01
9.435999999999999943e-03,6.750000000000000444e-01
9.441599999999999646e-03,6.875000000000000000e-01
9.447199999999999348e-03,7.062500000000000444e-01
9.452799999999999050e-03,7.125000000000000222e-01
9.458399999999998753e-03,7.187500000000000000e-01
9.464000000000000190e-03,7.187500000000000000e-01
9.469599999999999893e-03,7.187500000000000000e-01
9.475199999999999595e-03,7.062500000000000444e-01
9.480799999999999297e-03,6.937499999999999778e-01
9.486399999999999000e-03,6.812500000000000222e-01
9.492000000000000437e-03,6.687499999999999556e-01
9.497600000000000139e-03,6.500000000000000222e-01
9.503199999999999842e-03,6.312499999999999778e-01
9.508799999999999544e-03,6.187500000000000222e-01
9.514399999999999247e-03,5.999999999999999778e-01
9.519999999999998949e-03,5.937500000000000000e-01
9.525600000000000386e-03,5.937500000000000000e-01
9.531200000000000089e-03,5.937500000000000000e-01
9.536799999999999791e-03,6.062499999999999556e-01
9.542399999999999494e-03,6.124999999999999334e-01
9.547999999999999196e-03,6.250000000000000000e-01
9.553599999999998899e-03,6.437499999999999334e-01
9.559200000000000336e-03,6.562500000000000000e-01
9.564800000000000038e-03,6.687499999999999556e-01
9.570399999999999741e-03,6.750000000000000444e-01
9.575999999999999443e-03,6.937499999999999778e-01
9.581599999999999145e-03,6.999999999999999556e-01
9.587199999999998848e-03,7.062500000000000444e-01
9.592800000000000285e-03,6.999999999999999556e-01
9.598399999999999987e-03,6.999999999999999556e-01
9.603999999999999690e-03,6.875000000000000000e-01
9.609599999999999392e-03,6.750000000000000444e-01
9.615199999999999095e-03,6.562500000000000000e-01
9.620799999999998797e-03,6.500000000000000222e-01
9.626400000000000234e-03,6.312499999999999778e-01
9.631999999999999937e-03,6.187500000000000222e-01
9.637599999999999639e-03,6.187500000000000222e-01
9.643199999999999342e-03,6.187500000000000222e-01
9.648799999999999044e-03,6.124999999999999334e-01
9.654399999999998747e-03,6.187500000000000222e-01
9.660000000000000184e-03,6.312499999999999778e-01
9.665599999999999886e-03,6.500000000000000222e-01
9.671199999999999589e-03,6.624999999999999778e-01
9.676799999999999291e-03,6.750000000000000444e-01
9.682399999999998993e-03,6.812500000000000222e-01
9.687999999999998696e-03,6.875000000000000000e-01
9.693600000000000133e-03,6.937499999999999778e-01
9.699199999999999836e-03,6.875000000000000000e-01
9.704799999999999538e-03,6.812500000000000222e-01
9.710399999999999240e-03,6.687499999999999556e-01
9.715999999999998943e-03,6.562500000000000000e-01
9.721600000000000380e-03,6.437499999999999334e-01
9.727200000000000082e-03,6.374999999999999556e-01
9.732799999999999785e-03,6.250000000000000000e-01
9.738399999999999487e-03,6.187500000000000222e-01
9.743999999999999190e-03,6.187500000000000222e-01
9.749599999999998892e-03,6.250000000000000000e-01
9.755200000000000329e-03,6.312499999999999778e-01
9.760800000000000032e-03,6.437499999999999334e-01
9.766399999999999734e-03,6.562500000000000000e-01
9.771999999999999437e-03,6.624999999999999778e-01
9.777599999999999139e-03,6.812500000000000222e-01
9.783199999999998842e-03,6.937499999999999778e-01
9.788800000000000279e-03,7.125000000000000222e-01
9.794399999999999981e-03,7.249999999999999778e-01
9.799999999999999684e-03,7.249999999999999778e-01
9.805599999999999386e-03,7.249999999999999778e-01
9.811199999999999088e-03,7.187500000000000000e-01
9.816799999999998791e-03,7.187500000000000000e-01
9.822400000000000228e-03,7.125000000000000222e-01
9.827999999999999931e-03,6.999999999999999556e-01
9.833599999999999633e-03,6.875000000000000000e-01
9.839199999999999335e-03,6.750000000000000444e-01
9.844799999999999038e-03,6.562500000000000000e-01
9.850399999999998740e-03,6.374999999999999556e-01
9.856000000000000177e-03,6.562500000000000000e-01
9.861599999999999880e-03,6.500000000000000222e-01
9.867199999999999582e-03,6.374999999999999556e-01
9.872799999999999285e-03,6.374999999999999556e-01
9.878399999999998987e-03,6.562500000000000000e-01
9.883999999999998690e-03,6.624999999999999778e-01
9.889600000000000127e-03,6.750000000000000444e-01
9.895199999999999829e-03,6.812500000000000222e-01
9.900799999999999532e-03,6.999999999999999556e-01
9.906399999999999234e-03,7.125000000000000222e-01
9.911999999999998937e-03,7.187500000000000000e-01
9.917600000000000374e-03,7.187500000000000000e-01
9.923200000000000076e-03,7.125000000000000222e-01
9.928799999999999779e-03,7.062500000000000444e-01
9.934399999999999481e-03,6.937499999999999778e-01
9.939999999999999183e-03,6.875000000000000000e-01
9.945599999999998886e-03,6.687499999999999556e-01
9.951200000000000323e-03,6.562500000000000000e-01
9.956800000000000025e-03,6.562500000000000000e-01
9.962399999999999728e-03,6.374999999999999556e-01
9.967999999999999430e-03,6.374999999999999556e-01
9.973599999999999133e-03,6.374999999999999556e-01
9.979199999999998835e-03,6.500000000000000222e-01
9.984800000000000272e-03,6.624999999999999778e-01
9.990399999999999975e-03,6.687499999999999556e-01
9.995999999999999677e-03,6.875000000000000000e-01
1.000159999999999938e-02,6.937499999999999778e-01
1.000719999999999908e-02,7.062500000000000444e-01
1.001279999999999878e-02,7.249999999999999778e-01
1.001840000000000022e-02,7.249999999999999778e-01
1.002399999999999992e-02,7.312499999999999556e-01
1.002959999999999963e-02,7.375000000000000444e-01
1.003519999999999933e-02,7.312499999999999556e-01
1.004079999999999903e-02,7.249999999999999778e-01
1.004639999999999873e-02,7.125000000000000222e-01
1.005200000000000017e-02,6.999999999999999556e-01
1.005759999999999987e-02,6.812500000000000222e-01
1.006319999999999958e-02,6.687499999999999556e-01
1.006879999999999928e-02,6.500000000000000222e-01
1.007439999999999898e-02,6.374999999999999556e-01
1.007999999999999868e-02,6.250000000000000000e-01
1.008560000000000012e-02,6.124999999999999334e-01
1.009119999999999982e-02,6.124999999999999334e-01
1.009679999999999953e-02,6.062499999999999556e-01
1.010239999999999923e-02,6.124999999999999334e-01
1.010799999999999893e-02,6.187500000000000222e-01
1.011360000000000037e-02,6.374999999999999556e-01
1.011920000000000007e-02,6.562500000000000000e-01
1.012479999999999977e-02,6.750000000000000444e-01
1.013039999999999947e-02,6.812500000000000222e-01
1.013599999999999918e-02,6.875000000000000000e-01
1.014159999999999888e-02,6.999999999999999556e-01
1.014720000000000032e-02,6.937499999999999778e-01
1.015280000000000002e-02,6.875000000000000000e-01
1.015839999999999972e-02,6.812500000000000222e-01
1.016399999999999942e-02,6.812500000000000222e-01
1.016959999999999913e-02,6.687499999999999556e-01
1.017519999999999883e-02,6.687499999999999556e-01
1.018080000000000027e-02,6.562500000000000000e-01
1.018639999999999997e-02,6.562500000000000000e-01
1.019199999999999967e-02,6.562500000000000000e-01
1.019759999999999937e-02,6.687499999999999556e-01
1.020319999999999908e-02,6.875000000000000000e-01
1.020879999999999878e-02,6.875000000000000000e-01
1.021440000000000022e-02,7.062500000000000444e-01
1.021999999999999992e-02,7.187500000000000000e-01
1.022559999999999962e-02,7.249999999999999778e-01
1.023119999999999932e-02,7.375000000000000444e-01
1.023679999999999903e-02,7.437500000000000222e-01
1.024239999999999873e-02,7.562499999999999778e-01
1.024800000000000016e-02,7.500000000000000000e-01
1.025359999999999987e-02,7.437500000000000222e-01
1.025919999999999957e-02,7.312499999999999556e-01
1.026479999999999927e-02,7.249999999999999778e-01
1.027039999999999897e-02,6.999999999999999556e-01
1.027599999999999868e-02,6.812500000000000222e-01
1.028160000000000011e-02,6.687499999999999556e-01
1.028719999999999982e-02,6.437499999999999334e-01
1.029279999999999952e-02,6.312499999999999778e-01
1.029839999999999922e-02,6.124999999999999334e-01
1.030399999999999892e-02,5.937500000000000000e-01
1.030960000000000036e-02,5.812499999999999334e-01
1.031520000000000006e-02,5.812499999999999334e-01
1.032079999999999977e-02,5.812499999999999334e-01
1.032639999999999947e-02,5.812499999999999334e-01
1.033199999999999917e-02,5.875000000000000222e-01
1.033759999999999887e-02,5.999999999999999778e-01
1.034320000000000031e-02,6.187500000000000222e-01
1.034880000000000001e-02,6.437499999999999334e-01
1.035439999999999972e-02,6.562500000000000000e-01
1.035999999999999942e-02,6.687499999999999556e-01
1.036559999999999912e-02,6.750000000000000444e-01
1.037119999999999882e-02,6.750000000000000444e-01
1.037680000000000026e-02,6.812500000000000222e-01
1.038239999999999996e-02,6.750000000000000444e-01
1.038799999999999966e-02,6.812500000000000222e-01
1.039359999999999937e-02,6.750000000000000444e-01
1.039919999999999907e-02,6.750000000000000444e-01
1.040479999999999877e-02,6.812500000000000222e-01
1.041040000000000021e-02,6.875000000000000000e-01
1.041599999999999991e-02,6.937499999999999778e-01
1.042159999999999961e-02,7.062500000000000444e-01
1.042719999999999932e-02,7.125000000000000222e-01
1.043279999999999902e-02,7.249999999999999778e-01
1.043839999999999872e-02,7.312499999999999556e-01
1.044400000000000016e-02,7.500000000000000000e-01
1.044959999999999986e-02,7.500000000000000000e-01
1.045519999999999956e-02,7.500000000000000000e-01
1.046079999999999927e-02,7.500000000000000000e-01
1.046639999999999897e-02,7.562499999999999778e-01
1.047199999999999867e-02,7.375000000000000444e-01
1.047760000000000011e-02,7.187500000000000000e-01
1.048319999999999981e-02,6.999999999999999556e-01
1.048879999999999951e-02,6.875000000000000000e-01
1.049439999999999922e-02,6.624999999999999778e-01
1.049999999999999892e-02,6.500000000000000222e-01
1.050560000000000035e-02,6.312499999999999778e-01
1.051120000000000006e-02,5.937500000000000000e-01
1.051679999999999976e-02,5.875000000000000222e-01
1.052239999999999946e-02,5.687499999999999778e-01
1.052799999999999916e-02,5.437499999999999556e-01
1.053359999999999887e-02,5.312500000000000000e-01
1.053920000000000030e-02,5.249999999999999112e-01
1.054480000000000001e-02,5.124999999999999556e-01
1.055039999999999971e-02,5.187499999999999334e-01
1.055599999999999941e-02,5.312500000000000000e-01
1.056159999999999911e-02,5.437499999999999556e-01
1.056719999999999882e-02,5.562500000000000222e-01
1.057280000000000025e-02,5.687499999999999778e-01
1.057839999999999996e-02,5.999999999999999778e-01
1.058399999999999966e-02,6.187500000000000222e-01
1.058959999999999936e-02,6.312499999999999778e-01
1.059519999999999906e-02,6.374999999999999556e-01
1.060079999999999877e-02,6.437499999999999334e-01
1.060640000000000020e-02,6.500000000000000222e-01
1.061199999999999991e-02,6.562500000000000000e-01
1.061759999999999961e-02,6.624999999999999778e-01
1.062319999999999931e-02,6.687499999999999556e-01
1.062879999999999901e-02,6.750000000000000444e-01
1.063439999999999871e-02,6.812500000000000222e-01
1.064000000000000015e-02,6.999999999999999556e-01
1.064559999999999985e-02,7.125000000000000222e-01
1.065119999999999956e-02,7.249999999999999778e-01
1.065679999999999926e-02,7.312499999999999556e-01
1.066239999999999896e-02,7.375000000000000444e-01
1.066799999999999866e-02,7.375000000000000444e-01
1.067360000000000010e-02,7.500000000000000000e-01
1.067919999999999980e-02,7.375000000000000444e-01
1.068479999999999951e-02,7.375000000000000444e-01
1.069039999999999921e-02,7.249999999999999778e-01
1.069599999999999891e-02,7.062500000000000444e-01
1.070160000000000035e-02,6.875000000000000000e-01
1.070720000000000005e-02,6.687499999999999556e-01
1.071279999999999975e-02,6.437499999999999334e-01
1.071839999999999946e-02,6.250000000000000000e-01
1.072399999999999916e-02,5.937500000000000000e-01
1.072959999999999886e-02,5.749999999999999556e-01
1.073520000000000030e-02,5.499999999999999334e-01
1.074080000000000000e-02,5.312500000000000000e-01
1.074639999999999970e-02,5.187499999999999334e-01
1.075199999999999941e-02,4.937499999999999667e-01
1.075759999999999911e-02,4.812499999999999556e-01
1.076319999999999881e-02,4.687500000000000000e-01
1.076880000000000025e-02,4.624999999999999667e-01
1.077439999999999995e-02,4.624999999999999667e-01
1.077999999999999965e-02,4.749999999999999778e-01
1.078559999999999935e-02,4.749999999999999778e-01
1.079119999999999906e-02,5.062499999999999778e-01
1.079679999999999876e-02,5.312500000000000000e-01
1.080240000000000020e-02,5.374999999999999778e-01
1.080799999999999990e-02,5.625000000000000000e-01
1.081359999999999960e-02,5.812499999999999334e-01
1.081919999999999930e-02,5.937500000000000000e-01
1.082479999999999901e-02,6.187500000000000222e-01
1.083039999999999871e-02,6.250000000000000000e-01
1.083600000000000015e-02,6.312499999999999778e-01
1.084159999999999985e-02,6.500000000000000222e-01
1.084719999999999955e-02,6.562500000000000000e-01
1.085279999999999925e-02,6.687499999999999556e-01
1.085839999999999896e-02,6.750000000000000444e-01
1.086399999999999866e-02,6.937499999999999778e-01
1.086960000000000010e-02,7.125000000000000222e-01
1.087519999999999980e-02,7.125000000000000222e-01
1.088079999999999950e-02,7.187500000000000000e-01
1.088639999999999920e-02,7.187500000000000000e-01
1.089199999999999890e-02,7.187500000000000000e-01
1.089760000000000034e-02,7.187500000000000000e-01
1.090320000000000004e-02,6.999999999999999556e-01
1.090879999999999975e-02,6.937499999999999778e-01
1.091439999999999945e-02,6.750000000000000444e-01
1.091999999999999915e-02,6.374999999999999556e-01
1.092559999999999885e-02,6.312499999999999778e-01
1.093120000000000029e-02,6.062499999999999556e-01
1.093679999999999999e-02,5.812499999999999334e-01
1.094239999999999970e-02,5.625000000000000000e-01
1.094799999999999940e-02,5.437499999999999556e-01
1.095359999999999910e-02,5.249999999999999112e-01
1.095919999999999880e-02,5.062499999999999778e-01
1.096480000000000024e-02,4.749999999999999778e-01
1.097039999999999994e-02,4.687500000000000000e-01
1.097599999999999965e-02,4.437499999999999778e-01
1.098159999999999935e-02,4.375000000000000000e-01
1.098719999999999905e-02,4.187499999999999556e-01
1.099279999999999875e-02,4.187499999999999556e-01
1.099840000000000019e-02,4.124999999999999778e-01
1.100399999999999989e-02,4.187499999999999556e-01
1.100959999999999959e-02,4.249999999999999334e-01
1.101519999999999930e-02,4.437499999999999778e-01
1.102079999999999900e-02,4.624999999999999667e-01
1.102639999999999870e-02,4.937499999999999667e-01
1.103200000000000014e-02,5.124999999999999556e-01
1.103759999999999984e-02,5.312500000000000000e-01
1.104319999999999954e-02,5.562500000000000222e-01
1.104879999999999925e-02,5.749999999999999556e-01
1.105439999999999895e-02,5.875000000000000222e-01
1.105999999999999865e-02,6.062499999999999556e-01
1.106560000000000009e-02,6.124999999999999334e-01
1.107119999999999979e-02,6.312499999999999778e-01
1.107679999999999949e-02,6.437499999999999334e-01
1.108239999999999920e-02,6.562500000000000000e-01
1.108799999999999890e-02,6.624999999999999778e-01
1.109360000000000034e-02,6.812500000000000222e-01
1.109920000000000004e-02,6.812500000000000222e-01
1.110479999999999974e-02,6.875000000000000000e-01
1.111039999999999944e-02,6.875000000000000000e-01
1.111599999999999915e-02,6.812500000000000222e-01
1.112159999999999885e-02,6.687499999999999556e-01
1.112720000000000029e-02,6.562500000000000000e-01
1.113279999999999999e-02,6.500000000000000222e-01
1.113839999999999969e-02,6.374999999999999556e-01
1.114399999999999939e-02,6.312499999999999778e-01
1.114959999999999909e-02,6.312499999999999778e-01
1.115519999999999880e-02,6.437499999999999334e-01
1.116080000000000023e-02,6.437499999999999334e-01
1.116639999999999994e-02,6.624999999999999778e-01
1.117199999999999964e-02,6.687499999999999556e-01
1.117759999999999934e-02,6.875000000000000000e-01
1.118319999999999904e-02,6.937499999999999778e-01
1.118879999999999875e-02,6.875000000000000000e-01
1.119440000000000018e-02,6.750000000000000444e-01
