ELECTRODE=TUNGSTEN, TIME=50, POLING_VOLTAGE=4500, WAVELENGTH=1.55e-06, EFFECTIVE_DISTANCE=4.11e-05, POLED_LENGTH=0.3, CORE_INDEX=1.45, POLE=MAX, AC_VOLTAGE=1006, AC_FREQUENCY=3000
Time(s),Voltage(V)
0.000000000000000000e+00,1.000000000000000000e+00
5.000000000000000409e-06,9.843750000000000000e-01
1.000000000000000082e-05,9.843750000000000000e-01
1.500000000000000207e-05,9.687500000000000000e-01
2.000000000000000164e-05,9.687500000000000000e-01
2.500000000000000120e-05,9.531250000000000000e-01
3.000000000000000415e-05,9.218750000000000000e-01
3.500000000000000371e-05,9.062500000000000000e-01
4.000000000000000327e-05,8.906250000000000000e-01
4.500000000000000283e-05,8.437500000000000000e-01
5.000000000000000240e-05,8.437500000000000000e-01
5.500000000000000196e-05,8.125000000000000000e-01
6.000000000000000830e-05,7.656250000000000000e-01
6.500000000000000786e-05,7.656250000000000000e-01
7.000000000000000742e-05,7.187500000000000000e-01
7.500000000000000698e-05,7.031250000000000000e-01
8.000000000000000654e-05,7.187500000000000000e-01
8.500000000000000611e-05,7.031250000000000000e-01
9.000000000000000567e-05,6.875000000000000000e-01
9.500000000000000523e-05,7.031250000000000000e-01
1.000000000000000048e-04,7.343750000000000000e-01
1.050000000000000044e-04,7.343750000000000000e-01
1.100000000000000039e-04,7.656250000000000000e-01
1.150000000000000035e-04,7.968750000000000000e-01
1.200000000000000166e-04,7.968750000000000000e-01
1.250000000000000026e-04,8.437500000000000000e-01
1.300000000000000157e-04,8.750000000000000000e-01
1.350000000000000017e-04,8.906250000000000000e-01
1.400000000000000148e-04,9.062500000000000000e-01
1.450000000000000009e-04,9.375000000000000000e-01
1.500000000000000140e-04,9.687500000000000000e-01
1.550000000000000000e-04,9.843750000000000000e-01
1.600000000000000131e-04,1.000000000000000000e+00
1.650000000000000262e-04,1.031250000000000000e+00
1.700000000000000122e-04,1.031250000000000000e+00
1.750000000000000253e-04,1.062500000000000000e+00
1.800000000000000113e-04,1.078125000000000000e+00
1.850000000000000245e-04,1.078125000000000000e+00
1.900000000000000105e-04,1.078125000000000000e+00
1.950000000000000236e-04,1.078125000000000000e+00
2.000000000000000096e-04,1.062500000000000000e+00
2.050000000000000227e-04,1.062500000000000000e+00
2.100000000000000087e-04,1.015625000000000000e+00
2.150000000000000218e-04,1.000000000000000000e+00
2.200000000000000078e-04,9.687500000000000000e-01
2.250000000000000209e-04,9.375000000000000000e-01
2.300000000000000070e-04,9.062500000000000000e-01
2.350000000000000201e-04,8.906250000000000000e-01
2.400000000000000332e-04,8.593750000000000000e-01
2.450000000000000463e-04,8.437500000000000000e-01
2.500000000000000052e-04,8.281250000000000000e-01
2.550000000000000183e-04,8.281250000000000000e-01
2.600000000000000314e-04,8.281250000000000000e-01
2.650000000000000445e-04,8.437500000000000000e-01
2.700000000000000035e-04,8.437500000000000000e-01
2.750000000000000166e-04,8.593750000000000000e-01
2.800000000000000297e-04,8.593750000000000000e-01
2.850000000000000428e-04,8.750000000000000000e-01
2.900000000000000017e-04,9.062500000000000000e-01
2.950000000000000148e-04,9.062500000000000000e-01
3.000000000000000279e-04,9.218750000000000000e-01
3.050000000000000410e-04,9.218750000000000000e-01
3.099999999999999999e-04,9.375000000000000000e-01
3.150000000000000131e-04,9.531250000000000000e-01
3.200000000000000262e-04,9.375000000000000000e-01
3.250000000000000393e-04,9.531250000000000000e-01
3.300000000000000524e-04,9.375000000000000000e-01
3.350000000000000113e-04,9.531250000000000000e-01
3.400000000000000244e-04,9.218750000000000000e-01
3.450000000000000375e-04,9.218750000000000000e-01
3.500000000000000507e-04,9.062500000000000000e-01
3.550000000000000096e-04,8.750000000000000000e-01
3.600000000000000227e-04,8.750000000000000000e-01
3.650000000000000358e-04,8.593750000000000000e-01
3.700000000000000489e-04,8.281250000000000000e-01
3.750000000000000078e-04,8.125000000000000000e-01
3.800000000000000209e-04,7.656250000000000000e-01
3.850000000000000340e-04,7.500000000000000000e-01
3.900000000000000471e-04,7.343750000000000000e-01
3.950000000000000061e-04,7.187500000000000000e-01
4.000000000000000192e-04,6.875000000000000000e-01
4.050000000000000323e-04,6.718750000000000000e-01
4.100000000000000454e-04,6.718750000000000000e-01
4.150000000000000585e-04,6.718750000000000000e-01
4.200000000000000174e-04,6.718750000000000000e-01
4.250000000000000305e-04,6.875000000000000000e-01
4.300000000000000436e-04,7.031250000000000000e-01
4.350000000000000568e-04,7.343750000000000000e-01
4.400000000000000157e-04,7.500000000000000000e-01
4.450000000000000288e-04,7.812500000000000000e-01
4.500000000000000419e-04,7.968750000000000000e-01
4.550000000000000550e-04,8.437500000000000000e-01
4.600000000000000139e-04,8.593750000000000000e-01
4.650000000000000270e-04,8.906250000000000000e-01
4.700000000000000401e-04,9.062500000000000000e-01
4.750000000000000533e-04,9.218750000000000000e-01
4.800000000000000664e-04,9.375000000000000000e-01
4.850000000000000253e-04,9.687500000000000000e-01
4.900000000000000926e-04,1.000000000000000000e+00
4.949999999999999973e-04,1.015625000000000000e+00
5.000000000000000104e-04,1.046875000000000000e+00
5.050000000000000235e-04,1.062500000000000000e+00
5.100000000000000366e-04,1.078125000000000000e+00
5.150000000000000498e-04,1.093750000000000000e+00
5.200000000000000629e-04,1.109375000000000000e+00
5.250000000000000760e-04,1.109375000000000000e+00
5.300000000000000891e-04,1.109375000000000000e+00
5.349999999999999938e-04,1.109375000000000000e+00
5.400000000000000069e-04,1.093750000000000000e+00
5.450000000000000200e-04,1.062500000000000000e+00
5.500000000000000331e-04,1.031250000000000000e+00
5.550000000000000462e-04,1.000000000000000000e+00
5.600000000000000594e-04,9.843750000000000000e-01
5.650000000000000725e-04,9.375000000000000000e-01
5.700000000000000856e-04,9.218750000000000000e-01
5.750000000000000987e-04,8.906250000000000000e-01
5.800000000000000034e-04,8.593750000000000000e-01
5.850000000000000165e-04,8.593750000000000000e-01
5.900000000000000296e-04,8.593750000000000000e-01
5.950000000000000427e-04,8.593750000000000000e-01
6.000000000000000559e-04,8.593750000000000000e-01
6.050000000000000690e-04,8.593750000000000000e-01
6.100000000000000821e-04,8.906250000000000000e-01
6.150000000000000952e-04,8.750000000000000000e-01
6.199999999999999999e-04,9.062500000000000000e-01
6.250000000000000130e-04,9.062500000000000000e-01
6.300000000000000261e-04,9.375000000000000000e-01
6.350000000000000392e-04,9.375000000000000000e-01
6.400000000000000524e-04,9.375000000000000000e-01
6.450000000000000655e-04,9.531250000000000000e-01
6.500000000000000786e-04,9.687500000000000000e-01
6.550000000000000917e-04,9.687500000000000000e-01
6.600000000000001048e-04,9.531250000000000000e-01
6.650000000000000095e-04,9.687500000000000000e-01
6.700000000000000226e-04,9.687500000000000000e-01
6.750000000000000357e-04,9.687500000000000000e-01
6.800000000000000488e-04,9.531250000000000000e-01
6.850000000000000620e-04,9.375000000000000000e-01
6.900000000000000751e-04,9.062500000000000000e-01
6.950000000000000882e-04,9.062500000000000000e-01
7.000000000000001013e-04,8.906250000000000000e-01
7.050000000000000060e-04,8.437500000000000000e-01
7.100000000000000191e-04,8.125000000000000000e-01
7.150000000000000322e-04,7.968750000000000000e-01
7.200000000000000453e-04,7.656250000000000000e-01
7.250000000000000585e-04,7.343750000000000000e-01
7.300000000000000716e-04,7.187500000000000000e-01
7.350000000000000847e-04,7.031250000000000000e-01
7.400000000000000978e-04,6.875000000000000000e-01
7.450000000000001109e-04,6.875000000000000000e-01
7.500000000000000156e-04,6.875000000000000000e-01
7.550000000000000287e-04,6.875000000000000000e-01
7.600000000000000418e-04,6.875000000000000000e-01
7.650000000000000550e-04,7.031250000000000000e-01
7.700000000000000681e-04,7.343750000000000000e-01
7.750000000000000812e-04,7.500000000000000000e-01
7.800000000000000943e-04,7.812500000000000000e-01
7.850000000000001074e-04,8.125000000000000000e-01
7.900000000000000121e-04,8.437500000000000000e-01
7.950000000000000252e-04,8.750000000000000000e-01
8.000000000000000383e-04,8.906250000000000000e-01
8.050000000000000515e-04,9.218750000000000000e-01
8.100000000000000646e-04,9.375000000000000000e-01
8.150000000000000777e-04,9.531250000000000000e-01
8.200000000000000908e-04,9.843750000000000000e-01
8.250000000000001039e-04,1.000000000000000000e+00
8.300000000000001170e-04,1.031250000000000000e+00
8.350000000000000217e-04,1.046875000000000000e+00
8.400000000000000348e-04,1.062500000000000000e+00
8.450000000000000479e-04,1.078125000000000000e+00
8.500000000000000611e-04,1.109375000000000000e+00
8.550000000000000742e-04,1.125000000000000000e+00
8.600000000000000873e-04,1.125000000000000000e+00
8.650000000000001004e-04,1.125000000000000000e+00
8.700000000000001135e-04,1.109375000000000000e+00
8.750000000000000182e-04,1.093750000000000000e+00
8.800000000000000313e-04,1.078125000000000000e+00
8.850000000000000444e-04,1.031250000000000000e+00
8.900000000000000576e-04,1.015625000000000000e+00
8.950000000000000707e-04,9.843750000000000000e-01
9.000000000000000838e-04,9.531250000000000000e-01
9.050000000000000969e-04,9.062500000000000000e-01
9.100000000000001100e-04,8.906250000000000000e-01
9.150000000000001231e-04,8.593750000000000000e-01
9.200000000000000278e-04,8.593750000000000000e-01
9.250000000000000409e-04,8.437500000000000000e-01
9.300000000000000541e-04,8.437500000000000000e-01
9.350000000000000672e-04,8.437500000000000000e-01
9.400000000000000803e-04,8.437500000000000000e-01
9.450000000000000934e-04,8.437500000000000000e-01
9.500000000000001065e-04,8.593750000000000000e-01
9.550000000000001196e-04,8.593750000000000000e-01
9.600000000000001327e-04,8.750000000000000000e-01
9.650000000000000374e-04,8.906250000000000000e-01
9.700000000000000505e-04,8.750000000000000000e-01
9.750000000000000637e-04,8.906250000000000000e-01
9.800000000000001852e-04,8.906250000000000000e-01
9.849999999999999815e-04,8.906250000000000000e-01
9.899999999999999946e-04,9.062500000000000000e-01
9.950000000000000077e-04,8.906250000000000000e-01
1.000000000000000021e-03,8.906250000000000000e-01
1.005000000000000034e-03,9.062500000000000000e-01
1.010000000000000047e-03,8.906250000000000000e-01
1.015000000000000060e-03,8.750000000000000000e-01
1.020000000000000073e-03,8.593750000000000000e-01
1.025000000000000086e-03,8.437500000000000000e-01
1.030000000000000100e-03,8.125000000000000000e-01
1.035000000000000113e-03,7.968750000000000000e-01
1.040000000000000126e-03,7.656250000000000000e-01
1.045000000000000139e-03,7.343750000000000000e-01
1.050000000000000152e-03,7.187500000000000000e-01
1.055000000000000165e-03,6.875000000000000000e-01
1.060000000000000178e-03,6.718750000000000000e-01
1.065000000000000191e-03,6.562500000000000000e-01
1.069999999999999988e-03,6.250000000000000000e-01
1.075000000000000001e-03,6.250000000000000000e-01
1.080000000000000014e-03,6.250000000000000000e-01
1.085000000000000027e-03,6.562500000000000000e-01
1.090000000000000040e-03,6.406250000000000000e-01
1.095000000000000053e-03,6.562500000000000000e-01
1.100000000000000066e-03,6.875000000000000000e-01
1.105000000000000079e-03,7.031250000000000000e-01
1.110000000000000092e-03,7.187500000000000000e-01
1.115000000000000106e-03,7.656250000000000000e-01
1.120000000000000119e-03,7.968750000000000000e-01
1.125000000000000132e-03,8.281250000000000000e-01
1.130000000000000145e-03,8.437500000000000000e-01
1.135000000000000158e-03,8.750000000000000000e-01
1.140000000000000171e-03,9.062500000000000000e-01
1.145000000000000184e-03,9.062500000000000000e-01
1.150000000000000197e-03,9.375000000000000000e-01
1.154999999999999994e-03,9.687500000000000000e-01
1.160000000000000007e-03,1.000000000000000000e+00
1.165000000000000020e-03,1.015625000000000000e+00
1.170000000000000033e-03,1.031250000000000000e+00
1.175000000000000046e-03,1.046875000000000000e+00
1.180000000000000059e-03,1.062500000000000000e+00
1.185000000000000072e-03,1.078125000000000000e+00
1.190000000000000085e-03,1.078125000000000000e+00
1.195000000000000099e-03,1.078125000000000000e+00
1.200000000000000112e-03,1.078125000000000000e+00
1.205000000000000125e-03,1.062500000000000000e+00
1.210000000000000138e-03,1.031250000000000000e+00
1.215000000000000151e-03,1.015625000000000000e+00
1.220000000000000164e-03,9.531250000000000000e-01
1.225000000000000177e-03,9.375000000000000000e-01
1.230000000000000190e-03,9.218750000000000000e-01
1.235000000000000204e-03,8.906250000000000000e-01
1.240000000000000000e-03,8.593750000000000000e-01
1.245000000000000013e-03,8.437500000000000000e-01
1.250000000000000026e-03,8.437500000000000000e-01
1.255000000000000039e-03,8.437500000000000000e-01
1.260000000000000052e-03,8.593750000000000000e-01
1.265000000000000065e-03,8.593750000000000000e-01
1.270000000000000078e-03,8.593750000000000000e-01
1.275000000000000092e-03,8.750000000000000000e-01
1.280000000000000105e-03,8.906250000000000000e-01
1.285000000000000118e-03,9.062500000000000000e-01
1.290000000000000131e-03,9.218750000000000000e-01
1.295000000000000144e-03,9.375000000000000000e-01
1.300000000000000157e-03,9.531250000000000000e-01
1.305000000000000170e-03,9.531250000000000000e-01
1.310000000000000183e-03,9.687500000000000000e-01
1.315000000000000197e-03,9.687500000000000000e-01
1.320000000000000210e-03,1.000000000000000000e+00
1.325000000000000006e-03,1.000000000000000000e+00
1.330000000000000019e-03,9.843750000000000000e-01
1.335000000000000032e-03,1.000000000000000000e+00
1.340000000000000045e-03,9.843750000000000000e-01
1.345000000000000058e-03,9.843750000000000000e-01
1.350000000000000071e-03,9.843750000000000000e-01
1.355000000000000085e-03,9.687500000000000000e-01
1.360000000000000098e-03,9.531250000000000000e-01
1.365000000000000111e-03,9.062500000000000000e-01
1.370000000000000124e-03,8.906250000000000000e-01
1.375000000000000137e-03,8.593750000000000000e-01
1.380000000000000150e-03,8.437500000000000000e-01
1.385000000000000163e-03,8.125000000000000000e-01
1.390000000000000176e-03,7.968750000000000000e-01
1.395000000000000190e-03,7.500000000000000000e-01
1.400000000000000203e-03,7.343750000000000000e-01
1.405000000000000216e-03,7.187500000000000000e-01
1.410000000000000012e-03,7.187500000000000000e-01
1.415000000000000025e-03,7.031250000000000000e-01
1.420000000000000038e-03,7.031250000000000000e-01
1.425000000000000051e-03,7.187500000000000000e-01
1.430000000000000064e-03,7.500000000000000000e-01
1.435000000000000078e-03,7.500000000000000000e-01
1.440000000000000091e-03,7.656250000000000000e-01
1.445000000000000104e-03,7.968750000000000000e-01
1.450000000000000117e-03,8.125000000000000000e-01
1.455000000000000130e-03,8.437500000000000000e-01
1.460000000000000143e-03,8.750000000000000000e-01
1.465000000000000156e-03,9.062500000000000000e-01
1.470000000000000169e-03,9.218750000000000000e-01
1.475000000000000182e-03,9.375000000000000000e-01
1.480000000000000196e-03,9.687500000000000000e-01
1.485000000000000209e-03,9.843750000000000000e-01
1.490000000000000222e-03,1.015625000000000000e+00
1.495000000000000018e-03,1.031250000000000000e+00
1.500000000000000031e-03,1.046875000000000000e+00
1.505000000000000044e-03,1.062500000000000000e+00
1.510000000000000057e-03,1.078125000000000000e+00
1.515000000000000071e-03,1.109375000000000000e+00
1.520000000000000084e-03,1.109375000000000000e+00
1.525000000000000097e-03,1.125000000000000000e+00
1.530000000000000110e-03,1.125000000000000000e+00
1.535000000000000123e-03,1.109375000000000000e+00
1.540000000000000136e-03,1.093750000000000000e+00
1.545000000000000149e-03,1.078125000000000000e+00
1.550000000000000162e-03,1.031250000000000000e+00
1.555000000000000175e-03,1.015625000000000000e+00
1.560000000000000189e-03,9.843750000000000000e-01
1.565000000000000202e-03,9.218750000000000000e-01
1.570000000000000215e-03,9.062500000000000000e-01
1.575000000000000228e-03,8.750000000000000000e-01
1.580000000000000024e-03,8.750000000000000000e-01
1.585000000000000037e-03,8.593750000000000000e-01
1.590000000000000050e-03,8.593750000000000000e-01
1.595000000000000064e-03,8.593750000000000000e-01
1.600000000000000077e-03,8.437500000000000000e-01
1.605000000000000090e-03,8.593750000000000000e-01
1.610000000000000103e-03,8.750000000000000000e-01
1.615000000000000116e-03,8.906250000000000000e-01
1.620000000000000129e-03,9.062500000000000000e-01
1.625000000000000142e-03,9.062500000000000000e-01
1.630000000000000155e-03,9.218750000000000000e-01
1.635000000000000168e-03,9.375000000000000000e-01
1.640000000000000182e-03,9.375000000000000000e-01
1.645000000000000195e-03,9.531250000000000000e-01
1.650000000000000208e-03,9.531250000000000000e-01
1.655000000000000221e-03,9.687500000000000000e-01
1.660000000000000234e-03,9.531250000000000000e-01
1.665000000000000030e-03,9.531250000000000000e-01
1.670000000000000043e-03,9.531250000000000000e-01
1.675000000000000057e-03,9.531250000000000000e-01
1.680000000000000070e-03,9.531250000000000000e-01
1.685000000000000083e-03,9.375000000000000000e-01
1.690000000000000096e-03,9.062500000000000000e-01
1.695000000000000109e-03,8.906250000000000000e-01
1.700000000000000122e-03,8.750000000000000000e-01
1.705000000000000135e-03,8.593750000000000000e-01
1.710000000000000148e-03,8.125000000000000000e-01
1.715000000000000161e-03,7.812500000000000000e-01
1.720000000000000175e-03,7.656250000000000000e-01
1.725000000000000188e-03,7.500000000000000000e-01
1.730000000000000201e-03,7.343750000000000000e-01
1.735000000000000214e-03,7.031250000000000000e-01
1.740000000000000227e-03,6.875000000000000000e-01
1.745000000000000240e-03,6.718750000000000000e-01
1.750000000000000036e-03,6.875000000000000000e-01
1.755000000000000050e-03,6.875000000000000000e-01
1.760000000000000063e-03,6.875000000000000000e-01
1.765000000000000076e-03,7.031250000000000000e-01
1.770000000000000089e-03,7.187500000000000000e-01
1.775000000000000102e-03,7.343750000000000000e-01
1.780000000000000115e-03,7.500000000000000000e-01
1.785000000000000128e-03,7.812500000000000000e-01
1.790000000000000141e-03,8.125000000000000000e-01
1.795000000000000154e-03,8.593750000000000000e-01
1.800000000000000168e-03,8.593750000000000000e-01
1.805000000000000181e-03,8.906250000000000000e-01
1.810000000000000194e-03,9.062500000000000000e-01
1.815000000000000207e-03,9.531250000000000000e-01
1.820000000000000220e-03,9.687500000000000000e-01
1.825000000000000233e-03,1.000000000000000000e+00
1.830000000000000246e-03,1.000000000000000000e+00
1.835000000000000043e-03,1.031250000000000000e+00
1.840000000000000056e-03,1.046875000000000000e+00
1.845000000000000069e-03,1.062500000000000000e+00
1.850000000000000082e-03,1.078125000000000000e+00
1.855000000000000095e-03,1.078125000000000000e+00
1.860000000000000108e-03,1.078125000000000000e+00
1.865000000000000121e-03,1.078125000000000000e+00
1.870000000000000134e-03,1.062500000000000000e+00
1.875000000000000147e-03,1.046875000000000000e+00
1.880000000000000161e-03,1.000000000000000000e+00
1.885000000000000174e-03,9.843750000000000000e-01
1.890000000000000187e-03,9.531250000000000000e-01
1.895000000000000200e-03,9.218750000000000000e-01
1.900000000000000213e-03,8.906250000000000000e-01
1.905000000000000226e-03,8.750000000000000000e-01
1.910000000000000239e-03,8.593750000000000000e-01
1.915000000000000252e-03,8.437500000000000000e-01
1.920000000000000265e-03,8.125000000000000000e-01
1.925000000000000062e-03,8.281250000000000000e-01
1.930000000000000075e-03,8.281250000000000000e-01
1.935000000000000088e-03,8.593750000000000000e-01
1.940000000000000101e-03,8.593750000000000000e-01
1.945000000000000114e-03,8.593750000000000000e-01
1.950000000000000127e-03,8.906250000000000000e-01
1.955000000000000140e-03,8.906250000000000000e-01
1.960000000000000370e-03,8.906250000000000000e-01
1.965000000000000167e-03,9.218750000000000000e-01
1.969999999999999963e-03,9.218750000000000000e-01
1.975000000000000193e-03,9.375000000000000000e-01
1.979999999999999989e-03,9.375000000000000000e-01
1.985000000000000219e-03,9.375000000000000000e-01
1.990000000000000015e-03,9.375000000000000000e-01
1.995000000000000245e-03,9.531250000000000000e-01
2.000000000000000042e-03,9.687500000000000000e-01
2.005000000000000272e-03,9.687500000000000000e-01
2.010000000000000068e-03,9.687500000000000000e-01
2.015000000000000298e-03,9.531250000000000000e-01
2.020000000000000094e-03,9.531250000000000000e-01
2.025000000000000324e-03,9.375000000000000000e-01
2.030000000000000120e-03,9.062500000000000000e-01
2.035000000000000350e-03,8.906250000000000000e-01
2.040000000000000147e-03,8.750000000000000000e-01
2.045000000000000377e-03,8.437500000000000000e-01
2.050000000000000173e-03,8.281250000000000000e-01
2.054999999999999969e-03,7.812500000000000000e-01
2.060000000000000199e-03,7.500000000000000000e-01
2.064999999999999995e-03,7.343750000000000000e-01
2.070000000000000225e-03,7.343750000000000000e-01
2.075000000000000022e-03,7.031250000000000000e-01
2.080000000000000251e-03,6.875000000000000000e-01
2.085000000000000048e-03,7.031250000000000000e-01
2.090000000000000278e-03,6.875000000000000000e-01
2.095000000000000074e-03,6.875000000000000000e-01
2.100000000000000304e-03,7.031250000000000000e-01
2.105000000000000100e-03,7.187500000000000000e-01
2.110000000000000330e-03,7.500000000000000000e-01
2.115000000000000126e-03,7.656250000000000000e-01
2.120000000000000356e-03,7.968750000000000000e-01
2.125000000000000153e-03,8.281250000000000000e-01
2.130000000000000383e-03,8.593750000000000000e-01
2.135000000000000179e-03,8.593750000000000000e-01
2.139999999999999975e-03,8.906250000000000000e-01
2.145000000000000205e-03,9.218750000000000000e-01
2.150000000000000001e-03,9.531250000000000000e-01
2.155000000000000231e-03,9.687500000000000000e-01
2.160000000000000028e-03,1.000000000000000000e+00
2.165000000000000258e-03,1.015625000000000000e+00
2.170000000000000054e-03,1.031250000000000000e+00
2.175000000000000284e-03,1.046875000000000000e+00
2.180000000000000080e-03,1.062500000000000000e+00
2.185000000000000310e-03,1.078125000000000000e+00
2.190000000000000106e-03,1.078125000000000000e+00
2.195000000000000336e-03,1.078125000000000000e+00
2.200000000000000133e-03,1.078125000000000000e+00
2.205000000000000362e-03,1.062500000000000000e+00
2.210000000000000159e-03,1.046875000000000000e+00
2.215000000000000389e-03,1.015625000000000000e+00
2.220000000000000185e-03,9.843750000000000000e-01
2.224999999999999981e-03,9.375000000000000000e-01
2.230000000000000211e-03,9.218750000000000000e-01
2.235000000000000007e-03,8.906250000000000000e-01
2.240000000000000237e-03,8.593750000000000000e-01
2.245000000000000034e-03,8.437500000000000000e-01
2.250000000000000264e-03,8.437500000000000000e-01
2.255000000000000060e-03,8.281250000000000000e-01
2.260000000000000290e-03,8.437500000000000000e-01
2.265000000000000086e-03,8.437500000000000000e-01
2.270000000000000316e-03,8.437500000000000000e-01
2.275000000000000112e-03,8.750000000000000000e-01
2.280000000000000342e-03,8.906250000000000000e-01
2.285000000000000139e-03,8.906250000000000000e-01
2.290000000000000369e-03,9.218750000000000000e-01
2.295000000000000165e-03,9.218750000000000000e-01
2.300000000000000395e-03,9.375000000000000000e-01
2.305000000000000191e-03,9.531250000000000000e-01
2.309999999999999987e-03,9.687500000000000000e-01
2.315000000000000217e-03,9.843750000000000000e-01
2.320000000000000014e-03,9.843750000000000000e-01
2.325000000000000244e-03,9.843750000000000000e-01
2.330000000000000040e-03,9.843750000000000000e-01
2.335000000000000270e-03,1.000000000000000000e+00
2.340000000000000066e-03,1.000000000000000000e+00
2.345000000000000296e-03,9.843750000000000000e-01
2.350000000000000092e-03,9.687500000000000000e-01
2.355000000000000322e-03,9.687500000000000000e-01
2.360000000000000119e-03,9.687500000000000000e-01
2.365000000000000348e-03,9.375000000000000000e-01
2.370000000000000145e-03,9.062500000000000000e-01
2.375000000000000375e-03,8.750000000000000000e-01
2.380000000000000171e-03,8.750000000000000000e-01
2.385000000000000401e-03,8.437500000000000000e-01
2.390000000000000197e-03,7.968750000000000000e-01
2.394999999999999993e-03,7.812500000000000000e-01
2.400000000000000223e-03,7.500000000000000000e-01
2.405000000000000020e-03,7.187500000000000000e-01
2.410000000000000250e-03,7.187500000000000000e-01
2.415000000000000046e-03,7.187500000000000000e-01
2.420000000000000276e-03,6.875000000000000000e-01
2.425000000000000072e-03,6.875000000000000000e-01
2.430000000000000302e-03,7.031250000000000000e-01
2.435000000000000098e-03,7.187500000000000000e-01
2.440000000000000328e-03,7.343750000000000000e-01
2.445000000000000125e-03,7.656250000000000000e-01
2.450000000000000355e-03,7.968750000000000000e-01
2.455000000000000151e-03,8.125000000000000000e-01
2.460000000000000381e-03,8.281250000000000000e-01
2.465000000000000177e-03,8.593750000000000000e-01
2.470000000000000407e-03,8.906250000000000000e-01
2.475000000000000203e-03,9.062500000000000000e-01
2.480000000000000000e-03,9.375000000000000000e-01
2.485000000000000230e-03,9.687500000000000000e-01
2.490000000000000026e-03,9.843750000000000000e-01
2.495000000000000256e-03,1.000000000000000000e+00
2.500000000000000052e-03,1.015625000000000000e+00
2.505000000000000282e-03,1.046875000000000000e+00
2.510000000000000078e-03,1.046875000000000000e+00
2.515000000000000308e-03,1.062500000000000000e+00
2.520000000000000104e-03,1.078125000000000000e+00
2.525000000000000334e-03,1.078125000000000000e+00
2.530000000000000131e-03,1.078125000000000000e+00
2.535000000000000361e-03,1.046875000000000000e+00
2.540000000000000157e-03,1.046875000000000000e+00
2.545000000000000387e-03,1.015625000000000000e+00
2.550000000000000183e-03,9.687500000000000000e-01
2.555000000000000413e-03,9.687500000000000000e-01
2.560000000000000209e-03,9.062500000000000000e-01
2.565000000000000006e-03,8.750000000000000000e-01
2.570000000000000236e-03,8.593750000000000000e-01
2.575000000000000032e-03,8.593750000000000000e-01
2.580000000000000262e-03,8.281250000000000000e-01
2.585000000000000058e-03,8.437500000000000000e-01
2.590000000000000288e-03,8.437500000000000000e-01
2.595000000000000084e-03,8.437500000000000000e-01
2.600000000000000314e-03,8.593750000000000000e-01
2.605000000000000111e-03,8.750000000000000000e-01
2.610000000000000341e-03,8.906250000000000000e-01
2.615000000000000137e-03,9.062500000000000000e-01
2.620000000000000367e-03,9.218750000000000000e-01
2.625000000000000163e-03,9.531250000000000000e-01
2.630000000000000393e-03,9.531250000000000000e-01
2.635000000000000189e-03,9.687500000000000000e-01
2.640000000000000419e-03,1.000000000000000000e+00
2.645000000000000216e-03,1.000000000000000000e+00
2.650000000000000012e-03,1.015625000000000000e+00
2.655000000000000242e-03,1.031250000000000000e+00
2.660000000000000038e-03,1.031250000000000000e+00
2.665000000000000268e-03,1.046875000000000000e+00
2.670000000000000064e-03,1.046875000000000000e+00
2.675000000000000294e-03,1.046875000000000000e+00
2.680000000000000090e-03,1.031250000000000000e+00
2.685000000000000320e-03,1.031250000000000000e+00
2.690000000000000117e-03,1.015625000000000000e+00
2.695000000000000347e-03,1.000000000000000000e+00
2.700000000000000143e-03,9.843750000000000000e-01
2.705000000000000373e-03,9.531250000000000000e-01
2.710000000000000169e-03,9.375000000000000000e-01
2.715000000000000399e-03,9.218750000000000000e-01
2.720000000000000195e-03,8.750000000000000000e-01
2.725000000000000425e-03,8.437500000000000000e-01
2.730000000000000222e-03,8.281250000000000000e-01
2.735000000000000018e-03,8.125000000000000000e-01
2.740000000000000248e-03,7.812500000000000000e-01
2.745000000000000044e-03,7.500000000000000000e-01
2.750000000000000274e-03,7.500000000000000000e-01
2.755000000000000070e-03,7.343750000000000000e-01
2.760000000000000300e-03,7.343750000000000000e-01
2.765000000000000097e-03,7.500000000000000000e-01
2.770000000000000327e-03,7.656250000000000000e-01
2.775000000000000123e-03,7.500000000000000000e-01
2.780000000000000353e-03,7.812500000000000000e-01
2.785000000000000149e-03,7.968750000000000000e-01
2.790000000000000379e-03,8.437500000000000000e-01
2.795000000000000175e-03,8.750000000000000000e-01
2.800000000000000405e-03,8.750000000000000000e-01
2.805000000000000202e-03,9.062500000000000000e-01
2.810000000000000431e-03,9.218750000000000000e-01
2.815000000000000228e-03,9.531250000000000000e-01
2.820000000000000024e-03,9.843750000000000000e-01
2.825000000000000254e-03,1.015625000000000000e+00
2.830000000000000050e-03,1.031250000000000000e+00
2.835000000000000280e-03,1.046875000000000000e+00
2.840000000000000076e-03,1.062500000000000000e+00
2.845000000000000306e-03,1.078125000000000000e+00
2.850000000000000103e-03,1.093750000000000000e+00
2.855000000000000333e-03,1.093750000000000000e+00
2.860000000000000129e-03,1.093750000000000000e+00
2.865000000000000359e-03,1.093750000000000000e+00
2.870000000000000155e-03,1.062500000000000000e+00
2.875000000000000385e-03,1.046875000000000000e+00
2.880000000000000181e-03,1.015625000000000000e+00
2.885000000000000411e-03,9.687500000000000000e-01
2.890000000000000208e-03,9.687500000000000000e-01
2.895000000000000438e-03,9.218750000000000000e-01
2.900000000000000234e-03,9.062500000000000000e-01
2.905000000000000030e-03,8.593750000000000000e-01
2.910000000000000260e-03,8.593750000000000000e-01
2.915000000000000056e-03,8.437500000000000000e-01
2.920000000000000286e-03,8.437500000000000000e-01
2.925000000000000083e-03,8.593750000000000000e-01
2.930000000000000313e-03,8.593750000000000000e-01
2.935000000000000109e-03,8.593750000000000000e-01
2.940000000000000339e-03,8.750000000000000000e-01
2.945000000000000135e-03,8.906250000000000000e-01
2.950000000000000365e-03,9.062500000000000000e-01
2.955000000000000161e-03,9.218750000000000000e-01
2.960000000000000391e-03,9.375000000000000000e-01
2.965000000000000187e-03,9.531250000000000000e-01
2.970000000000000417e-03,9.687500000000000000e-01
2.975000000000000214e-03,9.843750000000000000e-01
2.980000000000000444e-03,9.843750000000000000e-01
2.985000000000000240e-03,1.000000000000000000e+00
2.990000000000000036e-03,1.015625000000000000e+00
2.995000000000000266e-03,1.015625000000000000e+00
3.000000000000000062e-03,1.000000000000000000e+00
3.005000000000000292e-03,1.000000000000000000e+00
3.010000000000000089e-03,1.000000000000000000e+00
3.015000000000000319e-03,1.000000000000000000e+00
3.020000000000000115e-03,9.843750000000000000e-01
3.025000000000000345e-03,9.687500000000000000e-01
3.030000000000000141e-03,9.375000000000000000e-01
3.035000000000000371e-03,9.375000000000000000e-01
3.040000000000000167e-03,8.906250000000000000e-01
3.045000000000000397e-03,8.906250000000000000e-01
3.050000000000000194e-03,8.437500000000000000e-01
3.055000000000000424e-03,8.437500000000000000e-01
3.060000000000000220e-03,7.968750000000000000e-01
3.065000000000000450e-03,7.656250000000000000e-01
3.070000000000000246e-03,7.500000000000000000e-01
3.075000000000000042e-03,7.343750000000000000e-01
3.080000000000000272e-03,7.343750000000000000e-01
3.085000000000000069e-03,7.031250000000000000e-01
3.090000000000000299e-03,7.187500000000000000e-01
3.095000000000000095e-03,7.187500000000000000e-01
3.100000000000000325e-03,7.500000000000000000e-01
3.105000000000000121e-03,7.500000000000000000e-01
3.110000000000000351e-03,7.812500000000000000e-01
3.115000000000000147e-03,8.125000000000000000e-01
3.120000000000000377e-03,8.125000000000000000e-01
3.125000000000000173e-03,8.437500000000000000e-01
3.130000000000000403e-03,8.906250000000000000e-01
3.135000000000000200e-03,9.062500000000000000e-01
3.140000000000000430e-03,9.375000000000000000e-01
3.145000000000000226e-03,9.687500000000000000e-01
3.150000000000000456e-03,9.843750000000000000e-01
3.155000000000000252e-03,1.000000000000000000e+00
3.160000000000000048e-03,1.015625000000000000e+00
3.165000000000000278e-03,1.031250000000000000e+00
3.170000000000000075e-03,1.062500000000000000e+00
3.175000000000000305e-03,1.078125000000000000e+00
3.180000000000000101e-03,1.093750000000000000e+00
3.185000000000000331e-03,1.109375000000000000e+00
3.190000000000000127e-03,1.109375000000000000e+00
3.195000000000000357e-03,1.109375000000000000e+00
3.200000000000000153e-03,1.109375000000000000e+00
3.205000000000000383e-03,1.109375000000000000e+00
3.210000000000000180e-03,1.078125000000000000e+00
3.215000000000000410e-03,1.062500000000000000e+00
3.220000000000000206e-03,1.031250000000000000e+00
3.225000000000000436e-03,1.015625000000000000e+00
3.230000000000000232e-03,9.687500000000000000e-01
3.235000000000000462e-03,9.531250000000000000e-01
3.240000000000000258e-03,9.218750000000000000e-01
3.245000000000000055e-03,8.750000000000000000e-01
3.250000000000000284e-03,8.750000000000000000e-01
3.255000000000000081e-03,8.593750000000000000e-01
3.260000000000000311e-03,8.437500000000000000e-01
3.265000000000000107e-03,8.437500000000000000e-01
3.270000000000000337e-03,8.437500000000000000e-01
3.275000000000000133e-03,8.593750000000000000e-01
3.280000000000000363e-03,8.593750000000000000e-01
3.285000000000000159e-03,8.593750000000000000e-01
3.290000000000000389e-03,8.750000000000000000e-01
3.295000000000000186e-03,8.750000000000000000e-01
3.300000000000000416e-03,8.906250000000000000e-01
3.305000000000000212e-03,8.906250000000000000e-01
3.310000000000000442e-03,8.906250000000000000e-01
3.315000000000000238e-03,8.906250000000000000e-01
3.320000000000000468e-03,9.062500000000000000e-01
3.325000000000000264e-03,8.906250000000000000e-01
3.330000000000000061e-03,9.062500000000000000e-01
3.335000000000000291e-03,8.906250000000000000e-01
3.340000000000000087e-03,8.906250000000000000e-01
3.345000000000000317e-03,8.906250000000000000e-01
3.350000000000000113e-03,8.750000000000000000e-01
3.355000000000000343e-03,8.281250000000000000e-01
3.360000000000000139e-03,8.125000000000000000e-01
3.365000000000000369e-03,7.968750000000000000e-01
3.370000000000000166e-03,7.656250000000000000e-01
3.375000000000000396e-03,7.656250000000000000e-01
3.380000000000000192e-03,7.187500000000000000e-01
3.385000000000000422e-03,7.031250000000000000e-01
3.390000000000000218e-03,6.718750000000000000e-01
3.395000000000000448e-03,6.562500000000000000e-01
3.400000000000000244e-03,6.406250000000000000e-01
3.405000000000000474e-03,6.406250000000000000e-01
3.410000000000000270e-03,6.250000000000000000e-01
3.415000000000000067e-03,6.406250000000000000e-01
3.420000000000000297e-03,6.406250000000000000e-01
3.425000000000000093e-03,6.562500000000000000e-01
3.430000000000000323e-03,6.718750000000000000e-01
3.435000000000000119e-03,7.031250000000000000e-01
3.440000000000000349e-03,7.187500000000000000e-01
3.445000000000000145e-03,7.343750000000000000e-01
3.450000000000000375e-03,7.812500000000000000e-01
3.455000000000000172e-03,8.125000000000000000e-01
3.460000000000000402e-03,8.281250000000000000e-01
3.465000000000000198e-03,8.593750000000000000e-01
3.470000000000000428e-03,8.906250000000000000e-01
3.475000000000000224e-03,9.062500000000000000e-01
3.480000000000000454e-03,9.375000000000000000e-01
3.485000000000000250e-03,9.531250000000000000e-01
3.490000000000000480e-03,9.843750000000000000e-01
3.495000000000000277e-03,1.000000000000000000e+00
3.500000000000000073e-03,1.015625000000000000e+00
3.505000000000000303e-03,1.031250000000000000e+00
3.510000000000000099e-03,1.046875000000000000e+00
3.515000000000000329e-03,1.078125000000000000e+00
3.520000000000000125e-03,1.078125000000000000e+00
3.525000000000000355e-03,1.109375000000000000e+00
3.530000000000000152e-03,1.093750000000000000e+00
3.535000000000000382e-03,1.109375000000000000e+00
3.540000000000000178e-03,1.093750000000000000e+00
3.545000000000000408e-03,1.078125000000000000e+00
3.550000000000000204e-03,1.046875000000000000e+00
3.555000000000000434e-03,1.031250000000000000e+00
3.560000000000000230e-03,9.843750000000000000e-01
3.565000000000000460e-03,9.531250000000000000e-01
3.570000000000000256e-03,9.062500000000000000e-01
3.575000000000000486e-03,8.906250000000000000e-01
3.580000000000000283e-03,8.750000000000000000e-01
3.585000000000000079e-03,8.437500000000000000e-01
3.590000000000000309e-03,8.437500000000000000e-01
3.595000000000000105e-03,8.437500000000000000e-01
3.600000000000000335e-03,8.437500000000000000e-01
3.605000000000000131e-03,8.437500000000000000e-01
3.610000000000000361e-03,8.437500000000000000e-01
3.615000000000000158e-03,8.593750000000000000e-01
3.620000000000000388e-03,8.750000000000000000e-01
3.625000000000000184e-03,8.750000000000000000e-01
3.630000000000000414e-03,8.750000000000000000e-01
3.635000000000000210e-03,8.906250000000000000e-01
3.640000000000000440e-03,8.906250000000000000e-01
3.645000000000000236e-03,9.062500000000000000e-01
3.650000000000000466e-03,9.062500000000000000e-01
3.655000000000000263e-03,9.062500000000000000e-01
3.660000000000000493e-03,9.062500000000000000e-01
3.665000000000000289e-03,9.062500000000000000e-01
3.670000000000000085e-03,9.062500000000000000e-01
3.675000000000000315e-03,9.062500000000000000e-01
3.680000000000000111e-03,8.750000000000000000e-01
3.685000000000000341e-03,8.750000000000000000e-01
3.690000000000000138e-03,8.593750000000000000e-01
3.695000000000000367e-03,8.437500000000000000e-01
3.700000000000000164e-03,8.125000000000000000e-01
3.705000000000000394e-03,7.968750000000000000e-01
3.710000000000000190e-03,7.656250000000000000e-01
3.715000000000000420e-03,7.343750000000000000e-01
3.720000000000000216e-03,7.187500000000000000e-01
3.725000000000000446e-03,7.031250000000000000e-01
3.730000000000000242e-03,6.718750000000000000e-01
3.735000000000000472e-03,6.562500000000000000e-01
3.740000000000000269e-03,6.406250000000000000e-01
3.745000000000000499e-03,6.406250000000000000e-01
3.750000000000000295e-03,6.406250000000000000e-01
3.755000000000000091e-03,6.562500000000000000e-01
3.760000000000000321e-03,6.562500000000000000e-01
3.765000000000000117e-03,6.718750000000000000e-01
3.770000000000000347e-03,7.031250000000000000e-01
3.775000000000000144e-03,7.343750000000000000e-01
3.780000000000000374e-03,7.500000000000000000e-01
3.785000000000000170e-03,7.812500000000000000e-01
3.790000000000000400e-03,8.281250000000000000e-01
3.795000000000000196e-03,8.281250000000000000e-01
3.800000000000000426e-03,8.750000000000000000e-01
3.805000000000000222e-03,8.906250000000000000e-01
3.810000000000000452e-03,9.062500000000000000e-01
3.815000000000000249e-03,9.218750000000000000e-01
3.820000000000000479e-03,9.687500000000000000e-01
3.825000000000000275e-03,9.843750000000000000e-01
3.830000000000000505e-03,1.000000000000000000e+00
3.835000000000000301e-03,1.031250000000000000e+00
3.840000000000000531e-03,1.046875000000000000e+00
3.845000000000000327e-03,1.062500000000000000e+00
3.850000000000000124e-03,1.062500000000000000e+00
3.855000000000000353e-03,1.093750000000000000e+00
3.860000000000000150e-03,1.093750000000000000e+00
3.865000000000000380e-03,1.093750000000000000e+00
3.870000000000000176e-03,1.093750000000000000e+00
3.875000000000000406e-03,1.062500000000000000e+00
3.880000000000000202e-03,1.046875000000000000e+00
3.885000000000000432e-03,1.015625000000000000e+00
3.890000000000000228e-03,1.000000000000000000e+00
3.895000000000000458e-03,9.687500000000000000e-01
3.900000000000000255e-03,9.375000000000000000e-01
3.905000000000000485e-03,8.906250000000000000e-01
3.910000000000000281e-03,8.750000000000000000e-01
3.915000000000000077e-03,8.437500000000000000e-01
3.920000000000000741e-03,8.281250000000000000e-01
3.925000000000000537e-03,8.437500000000000000e-01
3.930000000000000333e-03,8.437500000000000000e-01
3.935000000000000130e-03,8.593750000000000000e-01
3.939999999999999926e-03,8.593750000000000000e-01
3.945000000000000590e-03,8.750000000000000000e-01
3.950000000000000386e-03,8.593750000000000000e-01
3.955000000000000182e-03,8.906250000000000000e-01
3.959999999999999978e-03,9.062500000000000000e-01
3.965000000000000642e-03,9.062500000000000000e-01
3.970000000000000438e-03,9.062500000000000000e-01
3.975000000000000235e-03,9.218750000000000000e-01
3.980000000000000031e-03,9.218750000000000000e-01
3.985000000000000694e-03,9.375000000000000000e-01
3.990000000000000491e-03,9.531250000000000000e-01
3.995000000000000287e-03,9.531250000000000000e-01
4.000000000000000083e-03,9.531250000000000000e-01
4.005000000000000747e-03,9.531250000000000000e-01
4.010000000000000543e-03,9.531250000000000000e-01
4.015000000000000339e-03,9.218750000000000000e-01
4.020000000000000136e-03,9.062500000000000000e-01
4.024999999999999932e-03,9.062500000000000000e-01
4.030000000000000596e-03,8.906250000000000000e-01
4.035000000000000392e-03,8.593750000000000000e-01
4.040000000000000188e-03,8.281250000000000000e-01
4.044999999999999984e-03,7.968750000000000000e-01
4.050000000000000648e-03,7.812500000000000000e-01
4.055000000000000444e-03,7.656250000000000000e-01
4.060000000000000241e-03,7.343750000000000000e-01
4.065000000000000037e-03,7.031250000000000000e-01
4.070000000000000701e-03,6.875000000000000000e-01
4.075000000000000497e-03,7.031250000000000000e-01
4.080000000000000293e-03,6.875000000000000000e-01
4.085000000000000089e-03,6.718750000000000000e-01
4.090000000000000753e-03,6.718750000000000000e-01
4.095000000000000549e-03,6.718750000000000000e-01
4.100000000000000346e-03,7.031250000000000000e-01
4.105000000000000142e-03,7.343750000000000000e-01
4.109999999999999938e-03,7.343750000000000000e-01
4.115000000000000602e-03,7.656250000000000000e-01
4.120000000000000398e-03,7.812500000000000000e-01
4.125000000000000194e-03,8.125000000000000000e-01
4.129999999999999991e-03,8.437500000000000000e-01
4.135000000000000654e-03,8.593750000000000000e-01
4.140000000000000450e-03,9.062500000000000000e-01
4.145000000000000247e-03,9.218750000000000000e-01
4.150000000000000043e-03,9.531250000000000000e-01
4.155000000000000707e-03,9.687500000000000000e-01
4.160000000000000503e-03,1.000000000000000000e+00
4.165000000000000299e-03,1.015625000000000000e+00
4.170000000000000095e-03,1.031250000000000000e+00
4.175000000000000759e-03,1.046875000000000000e+00
4.180000000000000555e-03,1.062500000000000000e+00
4.185000000000000352e-03,1.078125000000000000e+00
4.190000000000000148e-03,1.093750000000000000e+00
4.194999999999999944e-03,1.078125000000000000e+00
4.200000000000000608e-03,1.078125000000000000e+00
4.205000000000000404e-03,1.062500000000000000e+00
4.210000000000000200e-03,1.046875000000000000e+00
4.214999999999999997e-03,1.015625000000000000e+00
4.220000000000000660e-03,1.000000000000000000e+00
4.225000000000000457e-03,9.531250000000000000e-01
4.230000000000000253e-03,9.062500000000000000e-01
4.235000000000000049e-03,8.906250000000000000e-01
4.240000000000000713e-03,8.593750000000000000e-01
4.245000000000000509e-03,8.593750000000000000e-01
4.250000000000000305e-03,8.437500000000000000e-01
4.255000000000000102e-03,8.437500000000000000e-01
4.260000000000000765e-03,8.437500000000000000e-01
4.265000000000000561e-03,8.593750000000000000e-01
4.270000000000000358e-03,8.593750000000000000e-01
4.275000000000000154e-03,8.750000000000000000e-01
4.279999999999999950e-03,8.750000000000000000e-01
4.285000000000000614e-03,8.906250000000000000e-01
4.290000000000000410e-03,9.062500000000000000e-01
4.295000000000000207e-03,9.218750000000000000e-01
4.300000000000000003e-03,9.375000000000000000e-01
4.305000000000000666e-03,9.531250000000000000e-01
4.310000000000000463e-03,9.687500000000000000e-01
4.315000000000000259e-03,9.843750000000000000e-01
4.320000000000000055e-03,9.843750000000000000e-01
4.325000000000000719e-03,9.843750000000000000e-01
4.330000000000000515e-03,1.000000000000000000e+00
4.335000000000000311e-03,9.843750000000000000e-01
4.340000000000000108e-03,9.843750000000000000e-01
4.345000000000000771e-03,9.843750000000000000e-01
4.350000000000000568e-03,9.687500000000000000e-01
4.355000000000000364e-03,9.687500000000000000e-01
4.360000000000000160e-03,9.531250000000000000e-01
4.364999999999999956e-03,9.218750000000000000e-01
4.370000000000000620e-03,9.062500000000000000e-01
4.375000000000000416e-03,8.906250000000000000e-01
4.380000000000000213e-03,8.593750000000000000e-01
4.385000000000000009e-03,8.125000000000000000e-01
4.390000000000000673e-03,7.968750000000000000e-01
4.395000000000000469e-03,7.656250000000000000e-01
4.400000000000000265e-03,7.500000000000000000e-01
4.405000000000000061e-03,7.343750000000000000e-01
4.410000000000000725e-03,7.031250000000000000e-01
4.415000000000000521e-03,7.031250000000000000e-01
4.420000000000000318e-03,7.031250000000000000e-01
4.425000000000000114e-03,7.187500000000000000e-01
4.430000000000000777e-03,7.187500000000000000e-01
4.435000000000000574e-03,7.343750000000000000e-01
4.440000000000000370e-03,7.500000000000000000e-01
4.445000000000000166e-03,7.968750000000000000e-01
4.449999999999999963e-03,7.968750000000000000e-01
4.455000000000000626e-03,8.437500000000000000e-01
4.460000000000000422e-03,8.750000000000000000e-01
4.465000000000000219e-03,8.906250000000000000e-01
4.470000000000000015e-03,9.062500000000000000e-01
4.475000000000000679e-03,9.531250000000000000e-01
4.480000000000000475e-03,9.531250000000000000e-01
4.485000000000000271e-03,9.843750000000000000e-01
4.490000000000000067e-03,1.000000000000000000e+00
4.495000000000000731e-03,1.015625000000000000e+00
4.500000000000000527e-03,1.046875000000000000e+00
4.505000000000000324e-03,1.078125000000000000e+00
4.510000000000000120e-03,1.078125000000000000e+00
4.515000000000000784e-03,1.093750000000000000e+00
4.520000000000000580e-03,1.109375000000000000e+00
4.525000000000000376e-03,1.125000000000000000e+00
4.530000000000000172e-03,1.109375000000000000e+00
4.534999999999999969e-03,1.109375000000000000e+00
4.540000000000000632e-03,1.093750000000000000e+00
4.545000000000000429e-03,1.078125000000000000e+00
4.550000000000000225e-03,1.031250000000000000e+00
4.555000000000000021e-03,1.015625000000000000e+00
4.560000000000000685e-03,9.687500000000000000e-01
4.565000000000000481e-03,9.375000000000000000e-01
4.570000000000000277e-03,9.062500000000000000e-01
4.575000000000000074e-03,8.906250000000000000e-01
4.580000000000000737e-03,8.750000000000000000e-01
4.585000000000000533e-03,8.750000000000000000e-01
4.590000000000000330e-03,8.593750000000000000e-01
4.595000000000000126e-03,8.593750000000000000e-01
4.600000000000000790e-03,8.593750000000000000e-01
4.605000000000000586e-03,8.750000000000000000e-01
4.610000000000000382e-03,8.593750000000000000e-01
4.615000000000000178e-03,8.906250000000000000e-01
4.619999999999999975e-03,8.750000000000000000e-01
4.625000000000000638e-03,8.906250000000000000e-01
4.630000000000000435e-03,9.062500000000000000e-01
4.635000000000000231e-03,9.062500000000000000e-01
4.640000000000000027e-03,9.218750000000000000e-01
4.645000000000000691e-03,9.218750000000000000e-01
4.650000000000000487e-03,9.375000000000000000e-01
4.655000000000000283e-03,9.375000000000000000e-01
4.660000000000000080e-03,9.375000000000000000e-01
4.665000000000000743e-03,9.375000000000000000e-01
4.670000000000000540e-03,9.218750000000000000e-01
4.675000000000000336e-03,9.218750000000000000e-01
4.680000000000000132e-03,9.218750000000000000e-01
4.685000000000000796e-03,9.062500000000000000e-01
4.690000000000000592e-03,8.750000000000000000e-01
4.695000000000000388e-03,8.593750000000000000e-01
4.700000000000000185e-03,8.437500000000000000e-01
4.704999999999999981e-03,8.125000000000000000e-01
4.710000000000000644e-03,7.968750000000000000e-01
4.715000000000000441e-03,7.500000000000000000e-01
4.720000000000000237e-03,7.343750000000000000e-01
4.725000000000000033e-03,7.187500000000000000e-01
4.730000000000000697e-03,6.718750000000000000e-01
4.735000000000000493e-03,6.875000000000000000e-01
4.740000000000000289e-03,6.562500000000000000e-01
4.745000000000000086e-03,6.718750000000000000e-01
4.750000000000000749e-03,6.562500000000000000e-01
4.755000000000000546e-03,6.718750000000000000e-01
4.760000000000000342e-03,6.875000000000000000e-01
4.765000000000000138e-03,6.875000000000000000e-01
4.770000000000000802e-03,7.031250000000000000e-01
4.775000000000000598e-03,7.500000000000000000e-01
4.780000000000000394e-03,7.656250000000000000e-01
4.785000000000000191e-03,7.812500000000000000e-01
4.789999999999999987e-03,8.281250000000000000e-01
4.795000000000000651e-03,8.437500000000000000e-01
4.800000000000000447e-03,8.750000000000000000e-01
4.805000000000000243e-03,9.062500000000000000e-01
4.810000000000000039e-03,9.218750000000000000e-01
4.815000000000000703e-03,9.375000000000000000e-01
4.820000000000000499e-03,9.687500000000000000e-01
4.825000000000000296e-03,9.843750000000000000e-01
4.830000000000000092e-03,1.000000000000000000e+00
4.835000000000000756e-03,1.031250000000000000e+00
4.840000000000000552e-03,1.046875000000000000e+00
4.845000000000000348e-03,1.078125000000000000e+00
4.850000000000000144e-03,1.078125000000000000e+00
4.855000000000000808e-03,1.093750000000000000e+00
4.860000000000000604e-03,1.109375000000000000e+00
4.865000000000000401e-03,1.125000000000000000e+00
4.870000000000000197e-03,1.109375000000000000e+00
4.874999999999999993e-03,1.109375000000000000e+00
4.880000000000000657e-03,1.078125000000000000e+00
4.885000000000000453e-03,1.046875000000000000e+00
4.890000000000000249e-03,1.015625000000000000e+00
4.895000000000000046e-03,9.843750000000000000e-01
4.900000000000000709e-03,9.531250000000000000e-01
4.905000000000000505e-03,9.218750000000000000e-01
4.910000000000000302e-03,9.062500000000000000e-01
4.915000000000000098e-03,8.750000000000000000e-01
4.920000000000000762e-03,8.593750000000000000e-01
4.925000000000000558e-03,8.437500000000000000e-01
4.930000000000000354e-03,8.593750000000000000e-01
4.935000000000000150e-03,8.281250000000000000e-01
4.940000000000000814e-03,8.437500000000000000e-01
4.945000000000000610e-03,8.437500000000000000e-01
4.950000000000000407e-03,8.593750000000000000e-01
4.955000000000000203e-03,8.593750000000000000e-01
4.959999999999999999e-03,8.437500000000000000e-01
4.965000000000000663e-03,8.593750000000000000e-01
4.970000000000000459e-03,8.593750000000000000e-01
4.975000000000000255e-03,8.750000000000000000e-01
4.980000000000000052e-03,8.750000000000000000e-01
4.985000000000000715e-03,8.750000000000000000e-01
4.990000000000000512e-03,8.750000000000000000e-01
4.995000000000000308e-03,8.593750000000000000e-01
5.000000000000000104e-03,8.593750000000000000e-01
5.005000000000000768e-03,8.593750000000000000e-01
5.010000000000000564e-03,8.437500000000000000e-01
5.015000000000000360e-03,8.437500000000000000e-01
5.020000000000000157e-03,8.125000000000000000e-01
5.025000000000000820e-03,7.812500000000000000e-01
5.030000000000000616e-03,7.812500000000000000e-01
5.035000000000000413e-03,7.343750000000000000e-01
5.040000000000000209e-03,7.187500000000000000e-01
5.045000000000000005e-03,7.031250000000000000e-01
5.050000000000000669e-03,6.718750000000000000e-01
5.055000000000000465e-03,6.562500000000000000e-01
5.060000000000000261e-03,6.406250000000000000e-01
5.065000000000000058e-03,6.250000000000000000e-01
5.070000000000000721e-03,6.093750000000000000e-01
5.075000000000000518e-03,6.250000000000000000e-01
5.080000000000000314e-03,6.250000000000000000e-01
5.085000000000000110e-03,6.093750000000000000e-01
5.090000000000000774e-03,6.406250000000000000e-01
5.095000000000000570e-03,6.562500000000000000e-01
5.100000000000000366e-03,6.875000000000000000e-01
5.105000000000000163e-03,7.031250000000000000e-01
5.110000000000000826e-03,7.343750000000000000e-01
5.115000000000000623e-03,7.656250000000000000e-01
5.120000000000000419e-03,7.968750000000000000e-01
5.125000000000000215e-03,8.125000000000000000e-01
5.130000000000000011e-03,8.593750000000000000e-01
5.135000000000000675e-03,8.906250000000000000e-01
5.140000000000000471e-03,9.062500000000000000e-01
5.145000000000000268e-03,9.062500000000000000e-01
5.150000000000000064e-03,9.375000000000000000e-01
5.155000000000000727e-03,9.687500000000000000e-01
5.160000000000000524e-03,9.687500000000000000e-01
5.165000000000000320e-03,1.000000000000000000e+00
5.170000000000000116e-03,1.015625000000000000e+00
5.175000000000000780e-03,1.046875000000000000e+00
5.180000000000000576e-03,1.062500000000000000e+00
5.185000000000000372e-03,1.078125000000000000e+00
5.190000000000000169e-03,1.093750000000000000e+00
5.195000000000000832e-03,1.109375000000000000e+00
5.200000000000000629e-03,1.109375000000000000e+00
5.205000000000000425e-03,1.109375000000000000e+00
5.210000000000000221e-03,1.078125000000000000e+00
5.215000000000000017e-03,1.093750000000000000e+00
5.220000000000000681e-03,1.046875000000000000e+00
5.225000000000000477e-03,1.000000000000000000e+00
5.230000000000000274e-03,1.000000000000000000e+00
5.235000000000000070e-03,9.531250000000000000e-01
5.240000000000000734e-03,9.218750000000000000e-01
5.245000000000000530e-03,8.906250000000000000e-01
5.250000000000000326e-03,8.593750000000000000e-01
5.255000000000000122e-03,8.593750000000000000e-01
5.260000000000000786e-03,8.437500000000000000e-01
5.265000000000000582e-03,8.437500000000000000e-01
5.270000000000000379e-03,8.437500000000000000e-01
5.275000000000000175e-03,8.437500000000000000e-01
5.280000000000000838e-03,8.437500000000000000e-01
5.285000000000000635e-03,8.593750000000000000e-01
5.290000000000000431e-03,8.750000000000000000e-01
5.295000000000000227e-03,9.531250000000000000e-01
5.300000000000000024e-03,9.687500000000000000e-01
5.305000000000000687e-03,9.687500000000000000e-01
5.310000000000000484e-03,1.000000000000000000e+00
5.315000000000000280e-03,1.000000000000000000e+00
5.320000000000000076e-03,1.015625000000000000e+00
5.325000000000000740e-03,1.031250000000000000e+00
5.330000000000000536e-03,1.031250000000000000e+00
5.335000000000000332e-03,1.031250000000000000e+00
5.340000000000000129e-03,1.015625000000000000e+00
5.345000000000000792e-03,1.031250000000000000e+00
5.350000000000000588e-03,1.015625000000000000e+00
5.355000000000000385e-03,1.000000000000000000e+00
5.360000000000000181e-03,1.000000000000000000e+00
5.365000000000000845e-03,9.687500000000000000e-01
5.370000000000000641e-03,9.531250000000000000e-01
5.375000000000000437e-03,9.375000000000000000e-01
5.380000000000000233e-03,9.062500000000000000e-01
5.385000000000000030e-03,8.750000000000000000e-01
5.390000000000000693e-03,8.437500000000000000e-01
5.395000000000000490e-03,8.281250000000000000e-01
5.400000000000000286e-03,7.968750000000000000e-01
5.405000000000000082e-03,7.656250000000000000e-01
5.410000000000000746e-03,7.500000000000000000e-01
5.415000000000000542e-03,7.187500000000000000e-01
5.420000000000000338e-03,7.343750000000000000e-01
5.425000000000000135e-03,7.187500000000000000e-01
5.430000000000000798e-03,7.187500000000000000e-01
5.435000000000000595e-03,7.343750000000000000e-01
5.440000000000000391e-03,7.656250000000000000e-01
5.445000000000000187e-03,7.656250000000000000e-01
5.450000000000000851e-03,7.968750000000000000e-01
5.455000000000000647e-03,8.281250000000000000e-01
5.460000000000000443e-03,8.437500000000000000e-01
5.465000000000000240e-03,8.750000000000000000e-01
5.470000000000000036e-03,9.062500000000000000e-01
5.475000000000000699e-03,9.218750000000000000e-01
5.480000000000000496e-03,9.531250000000000000e-01
5.485000000000000292e-03,9.687500000000000000e-01
5.490000000000000088e-03,1.000000000000000000e+00
5.495000000000000752e-03,1.015625000000000000e+00
5.500000000000000548e-03,1.031250000000000000e+00
5.505000000000000344e-03,1.046875000000000000e+00
5.510000000000000141e-03,1.078125000000000000e+00
5.515000000000000804e-03,1.078125000000000000e+00
5.520000000000000601e-03,1.093750000000000000e+00
5.525000000000000397e-03,1.109375000000000000e+00
5.530000000000000193e-03,1.109375000000000000e+00
5.535000000000000857e-03,1.093750000000000000e+00
5.540000000000000653e-03,1.078125000000000000e+00
5.545000000000000449e-03,1.062500000000000000e+00
5.550000000000000246e-03,1.031250000000000000e+00
5.555000000000000042e-03,9.843750000000000000e-01
5.560000000000000706e-03,9.687500000000000000e-01
5.565000000000000502e-03,9.375000000000000000e-01
5.570000000000000298e-03,9.062500000000000000e-01
5.575000000000000094e-03,8.750000000000000000e-01
5.580000000000000758e-03,8.593750000000000000e-01
5.585000000000000554e-03,8.437500000000000000e-01
5.590000000000000351e-03,8.437500000000000000e-01
5.595000000000000147e-03,8.281250000000000000e-01
5.600000000000000810e-03,8.593750000000000000e-01
5.605000000000000607e-03,8.593750000000000000e-01
5.610000000000000403e-03,8.906250000000000000e-01
5.615000000000000199e-03,8.906250000000000000e-01
5.620000000000000863e-03,9.062500000000000000e-01
5.625000000000000659e-03,9.218750000000000000e-01
5.630000000000000455e-03,9.375000000000000000e-01
5.635000000000000252e-03,9.375000000000000000e-01
5.640000000000000048e-03,9.531250000000000000e-01
5.645000000000000712e-03,9.687500000000000000e-01
5.650000000000000508e-03,9.843750000000000000e-01
5.655000000000000304e-03,9.843750000000000000e-01
5.660000000000000100e-03,9.843750000000000000e-01
5.665000000000000764e-03,9.843750000000000000e-01
5.670000000000000560e-03,1.000000000000000000e+00
5.675000000000000357e-03,9.843750000000000000e-01
5.680000000000000153e-03,9.843750000000000000e-01
5.685000000000000817e-03,9.687500000000000000e-01
5.690000000000000613e-03,9.531250000000000000e-01
5.695000000000000409e-03,9.531250000000000000e-01
5.700000000000000205e-03,9.375000000000000000e-01
5.705000000000000869e-03,9.218750000000000000e-01
5.710000000000000665e-03,9.062500000000000000e-01
5.715000000000000462e-03,8.593750000000000000e-01
5.720000000000000258e-03,8.281250000000000000e-01
5.725000000000000054e-03,7.968750000000000000e-01
5.730000000000000718e-03,7.812500000000000000e-01
5.735000000000000514e-03,7.500000000000000000e-01
5.740000000000000310e-03,7.500000000000000000e-01
5.745000000000000107e-03,7.187500000000000000e-01
5.750000000000000770e-03,7.031250000000000000e-01
5.755000000000000566e-03,7.031250000000000000e-01
5.760000000000000363e-03,7.031250000000000000e-01
5.765000000000000159e-03,7.187500000000000000e-01
5.770000000000000823e-03,7.343750000000000000e-01
5.775000000000000619e-03,7.500000000000000000e-01
5.780000000000000415e-03,7.656250000000000000e-01
5.785000000000000211e-03,7.812500000000000000e-01
5.790000000000000875e-03,8.281250000000000000e-01
5.795000000000000671e-03,8.437500000000000000e-01
5.800000000000000468e-03,8.750000000000000000e-01
5.805000000000000264e-03,9.062500000000000000e-01
5.810000000000000060e-03,9.062500000000000000e-01
5.815000000000000724e-03,9.531250000000000000e-01
5.820000000000000520e-03,9.687500000000000000e-01
5.825000000000000316e-03,9.843750000000000000e-01
5.830000000000000113e-03,1.015625000000000000e+00
5.835000000000000776e-03,1.031250000000000000e+00
5.840000000000000573e-03,1.046875000000000000e+00
5.845000000000000369e-03,1.062500000000000000e+00
5.850000000000000165e-03,1.078125000000000000e+00
5.855000000000000829e-03,1.093750000000000000e+00
5.860000000000000625e-03,1.093750000000000000e+00
5.865000000000000421e-03,1.078125000000000000e+00
5.870000000000000218e-03,1.078125000000000000e+00
5.875000000000000881e-03,1.046875000000000000e+00
5.880000000000000678e-03,1.046875000000000000e+00
5.885000000000000474e-03,1.000000000000000000e+00
5.890000000000000270e-03,9.843750000000000000e-01
5.895000000000000066e-03,9.375000000000000000e-01
5.900000000000000730e-03,9.062500000000000000e-01
5.905000000000000526e-03,8.750000000000000000e-01
5.910000000000000323e-03,8.593750000000000000e-01
5.915000000000000119e-03,8.593750000000000000e-01
5.920000000000000782e-03,8.437500000000000000e-01
5.925000000000000579e-03,8.437500000000000000e-01
5.930000000000000375e-03,8.593750000000000000e-01
5.935000000000000171e-03,8.593750000000000000e-01
5.940000000000000835e-03,8.750000000000000000e-01
5.945000000000000631e-03,8.906250000000000000e-01
5.950000000000000427e-03,9.062500000000000000e-01
5.955000000000000224e-03,9.062500000000000000e-01
5.960000000000000887e-03,9.218750000000000000e-01
5.965000000000000684e-03,9.531250000000000000e-01
5.970000000000000480e-03,9.687500000000000000e-01
5.975000000000000276e-03,9.687500000000000000e-01
5.980000000000000072e-03,9.843750000000000000e-01
5.985000000000000736e-03,1.000000000000000000e+00
5.990000000000000532e-03,1.000000000000000000e+00
5.995000000000000329e-03,1.000000000000000000e+00
6.000000000000000125e-03,1.015625000000000000e+00
6.005000000000000789e-03,1.031250000000000000e+00
6.010000000000000585e-03,1.015625000000000000e+00
6.015000000000000381e-03,1.000000000000000000e+00
6.020000000000000177e-03,1.000000000000000000e+00
6.025000000000000841e-03,9.843750000000000000e-01
6.030000000000000637e-03,9.687500000000000000e-01
6.035000000000000434e-03,9.531250000000000000e-01
6.040000000000000230e-03,9.062500000000000000e-01
6.045000000000000893e-03,9.062500000000000000e-01
6.050000000000000690e-03,8.750000000000000000e-01
6.055000000000000486e-03,8.437500000000000000e-01
6.060000000000000282e-03,8.125000000000000000e-01
6.065000000000000079e-03,7.968750000000000000e-01
6.070000000000000742e-03,7.656250000000000000e-01
6.075000000000000538e-03,7.343750000000000000e-01
6.080000000000000335e-03,7.187500000000000000e-01
6.085000000000000131e-03,7.187500000000000000e-01
6.090000000000000795e-03,7.187500000000000000e-01
6.095000000000000591e-03,7.187500000000000000e-01
6.100000000000000387e-03,7.343750000000000000e-01
6.105000000000000183e-03,7.500000000000000000e-01
6.110000000000000847e-03,7.656250000000000000e-01
6.115000000000000643e-03,7.812500000000000000e-01
6.120000000000000440e-03,8.125000000000000000e-01
6.125000000000000236e-03,8.125000000000000000e-01
6.130000000000000900e-03,8.593750000000000000e-01
6.135000000000000696e-03,8.906250000000000000e-01
6.140000000000000492e-03,9.062500000000000000e-01
6.145000000000000288e-03,9.218750000000000000e-01
6.150000000000000085e-03,9.687500000000000000e-01
6.155000000000000748e-03,9.843750000000000000e-01
6.160000000000000545e-03,1.015625000000000000e+00
6.165000000000000341e-03,1.031250000000000000e+00
6.170000000000000137e-03,1.046875000000000000e+00
6.175000000000000801e-03,1.062500000000000000e+00
6.180000000000000597e-03,1.078125000000000000e+00
6.185000000000000393e-03,1.078125000000000000e+00
6.190000000000000190e-03,1.093750000000000000e+00
6.195000000000000853e-03,1.109375000000000000e+00
6.200000000000000649e-03,1.093750000000000000e+00
6.205000000000000446e-03,1.078125000000000000e+00
6.210000000000000242e-03,1.046875000000000000e+00
6.215000000000000906e-03,1.015625000000000000e+00
6.220000000000000702e-03,9.843750000000000000e-01
6.225000000000000498e-03,9.687500000000000000e-01
6.230000000000000294e-03,9.218750000000000000e-01
6.235000000000000091e-03,8.906250000000000000e-01
6.240000000000000754e-03,8.750000000000000000e-01
6.245000000000000551e-03,8.593750000000000000e-01
6.250000000000000347e-03,8.593750000000000000e-01
6.255000000000000143e-03,8.437500000000000000e-01
6.260000000000000807e-03,8.437500000000000000e-01
6.265000000000000603e-03,8.437500000000000000e-01
6.270000000000000399e-03,8.750000000000000000e-01
6.275000000000000196e-03,8.906250000000000000e-01
6.280000000000000859e-03,8.906250000000000000e-01
6.285000000000000656e-03,9.218750000000000000e-01
6.290000000000000452e-03,9.375000000000000000e-01
6.295000000000000248e-03,9.531250000000000000e-01
6.300000000000000912e-03,9.687500000000000000e-01
6.305000000000000708e-03,9.843750000000000000e-01
6.310000000000000504e-03,1.000000000000000000e+00
6.315000000000000301e-03,1.015625000000000000e+00
6.320000000000000097e-03,1.015625000000000000e+00
6.325000000000000761e-03,1.015625000000000000e+00
6.330000000000000557e-03,1.031250000000000000e+00
6.335000000000000353e-03,1.031250000000000000e+00
6.340000000000000149e-03,1.031250000000000000e+00
6.345000000000000813e-03,1.031250000000000000e+00
6.350000000000000609e-03,1.031250000000000000e+00
6.355000000000000406e-03,1.031250000000000000e+00
6.360000000000000202e-03,9.843750000000000000e-01
6.365000000000000865e-03,9.843750000000000000e-01
6.370000000000000662e-03,9.687500000000000000e-01
6.375000000000000458e-03,9.375000000000000000e-01
6.380000000000000254e-03,9.218750000000000000e-01
6.385000000000000918e-03,8.906250000000000000e-01
6.390000000000000714e-03,8.593750000000000000e-01
6.395000000000000510e-03,8.125000000000000000e-01
6.400000000000000307e-03,8.125000000000000000e-01
6.405000000000000103e-03,7.812500000000000000e-01
6.410000000000000767e-03,7.656250000000000000e-01
6.415000000000000563e-03,7.187500000000000000e-01
6.420000000000000359e-03,7.343750000000000000e-01
6.425000000000000155e-03,7.343750000000000000e-01
6.430000000000000819e-03,7.343750000000000000e-01
6.435000000000000615e-03,7.343750000000000000e-01
6.440000000000000412e-03,7.656250000000000000e-01
6.445000000000000208e-03,7.812500000000000000e-01
6.450000000000000872e-03,7.968750000000000000e-01
6.455000000000000668e-03,8.281250000000000000e-01
6.460000000000000464e-03,8.437500000000000000e-01
6.465000000000000260e-03,8.750000000000000000e-01
6.470000000000000924e-03,9.062500000000000000e-01
6.475000000000000720e-03,9.375000000000000000e-01
6.480000000000000517e-03,9.531250000000000000e-01
6.485000000000000313e-03,9.687500000000000000e-01
6.490000000000000109e-03,1.000000000000000000e+00
6.495000000000000773e-03,1.015625000000000000e+00
6.500000000000000569e-03,1.046875000000000000e+00
6.505000000000000365e-03,1.062500000000000000e+00
6.510000000000000162e-03,1.078125000000000000e+00
6.515000000000000825e-03,1.093750000000000000e+00
6.520000000000000621e-03,1.109375000000000000e+00
6.525000000000000418e-03,1.109375000000000000e+00
6.530000000000000214e-03,1.109375000000000000e+00
6.535000000000000878e-03,1.109375000000000000e+00
6.540000000000000674e-03,1.078125000000000000e+00
6.545000000000000470e-03,1.046875000000000000e+00
6.550000000000000266e-03,1.046875000000000000e+00
6.555000000000000930e-03,1.000000000000000000e+00
6.560000000000000726e-03,9.687500000000000000e-01
6.565000000000000523e-03,9.531250000000000000e-01
6.570000000000000319e-03,9.062500000000000000e-01
6.575000000000000115e-03,8.906250000000000000e-01
6.580000000000000779e-03,8.750000000000000000e-01
6.585000000000000575e-03,8.593750000000000000e-01
6.590000000000000371e-03,8.437500000000000000e-01
6.595000000000000168e-03,8.437500000000000000e-01
6.600000000000000831e-03,8.437500000000000000e-01
6.605000000000000628e-03,8.593750000000000000e-01
6.610000000000000424e-03,8.593750000000000000e-01
6.615000000000000220e-03,8.750000000000000000e-01
6.620000000000000884e-03,8.906250000000000000e-01
6.625000000000000680e-03,8.906250000000000000e-01
6.630000000000000476e-03,9.062500000000000000e-01
6.635000000000000273e-03,9.062500000000000000e-01
6.640000000000000936e-03,9.375000000000000000e-01
6.645000000000000732e-03,9.375000000000000000e-01
6.650000000000000529e-03,9.531250000000000000e-01
6.655000000000000325e-03,9.687500000000000000e-01
6.660000000000000121e-03,9.531250000000000000e-01
6.665000000000000785e-03,9.531250000000000000e-01
6.670000000000000581e-03,9.531250000000000000e-01
6.675000000000000377e-03,9.375000000000000000e-01
6.680000000000000174e-03,9.375000000000000000e-01
6.685000000000000837e-03,9.218750000000000000e-01
6.690000000000000634e-03,9.218750000000000000e-01
6.695000000000000430e-03,8.906250000000000000e-01
6.700000000000000226e-03,8.593750000000000000e-01
6.705000000000000890e-03,8.593750000000000000e-01
6.710000000000000686e-03,8.281250000000000000e-01
6.715000000000000482e-03,7.968750000000000000e-01
6.720000000000000279e-03,7.656250000000000000e-01
6.725000000000000942e-03,7.343750000000000000e-01
6.730000000000000739e-03,7.187500000000000000e-01
6.735000000000000535e-03,7.031250000000000000e-01
6.740000000000000331e-03,6.875000000000000000e-01
6.745000000000000127e-03,6.718750000000000000e-01
6.750000000000000791e-03,6.562500000000000000e-01
6.755000000000000587e-03,6.875000000000000000e-01
6.760000000000000384e-03,6.875000000000000000e-01
6.765000000000000180e-03,6.875000000000000000e-01
6.770000000000000843e-03,7.343750000000000000e-01
6.775000000000000640e-03,7.500000000000000000e-01
6.780000000000000436e-03,7.812500000000000000e-01
6.785000000000000232e-03,7.968750000000000000e-01
6.790000000000000896e-03,8.125000000000000000e-01
6.795000000000000692e-03,8.593750000000000000e-01
6.800000000000000488e-03,8.750000000000000000e-01
6.805000000000000285e-03,9.062500000000000000e-01
6.810000000000000948e-03,9.375000000000000000e-01
6.815000000000000745e-03,9.531250000000000000e-01
6.820000000000000541e-03,9.687500000000000000e-01
6.825000000000000337e-03,9.843750000000000000e-01
6.830000000000000134e-03,1.031250000000000000e+00
6.835000000000000797e-03,1.031250000000000000e+00
6.840000000000000593e-03,1.046875000000000000e+00
6.845000000000000390e-03,1.078125000000000000e+00
6.850000000000000186e-03,1.093750000000000000e+00
6.855000000000000850e-03,1.093750000000000000e+00
6.860000000000000646e-03,1.109375000000000000e+00
6.865000000000000442e-03,1.109375000000000000e+00
6.870000000000000238e-03,1.109375000000000000e+00
6.875000000000000902e-03,1.109375000000000000e+00
6.880000000000000698e-03,1.093750000000000000e+00
6.885000000000000495e-03,1.046875000000000000e+00
6.890000000000000291e-03,1.015625000000000000e+00
6.895000000000000955e-03,9.843750000000000000e-01
6.900000000000000751e-03,9.531250000000000000e-01
6.905000000000000547e-03,9.218750000000000000e-01
6.910000000000000343e-03,9.062500000000000000e-01
6.915000000000000140e-03,8.750000000000000000e-01
6.920000000000000803e-03,8.750000000000000000e-01
6.925000000000000600e-03,8.437500000000000000e-01
6.930000000000000396e-03,8.437500000000000000e-01
6.935000000000000192e-03,8.437500000000000000e-01
6.940000000000000856e-03,8.593750000000000000e-01
6.945000000000000652e-03,8.593750000000000000e-01
6.950000000000000448e-03,8.750000000000000000e-01
6.955000000000000245e-03,8.750000000000000000e-01
6.960000000000000908e-03,8.906250000000000000e-01
6.965000000000000704e-03,8.906250000000000000e-01
6.970000000000000501e-03,9.062500000000000000e-01
6.975000000000000297e-03,9.218750000000000000e-01
6.980000000000000961e-03,9.218750000000000000e-01
6.985000000000000757e-03,9.062500000000000000e-01
6.990000000000000553e-03,9.218750000000000000e-01
6.995000000000000349e-03,9.218750000000000000e-01
7.000000000000000146e-03,9.062500000000000000e-01
7.005000000000000809e-03,9.062500000000000000e-01
7.010000000000000606e-03,9.062500000000000000e-01
7.015000000000000402e-03,9.062500000000000000e-01
7.020000000000000198e-03,8.750000000000000000e-01
7.025000000000000862e-03,8.750000000000000000e-01
7.030000000000000658e-03,8.437500000000000000e-01
7.035000000000000454e-03,8.125000000000000000e-01
7.040000000000000251e-03,7.968750000000000000e-01
7.045000000000000914e-03,7.812500000000000000e-01
7.050000000000000711e-03,7.500000000000000000e-01
7.055000000000000507e-03,7.187500000000000000e-01
7.060000000000000303e-03,7.031250000000000000e-01
7.065000000000000967e-03,6.718750000000000000e-01
7.070000000000000763e-03,6.718750000000000000e-01
7.075000000000000559e-03,6.718750000000000000e-01
7.080000000000000356e-03,6.562500000000000000e-01
7.085000000000000152e-03,6.562500000000000000e-01
7.090000000000000815e-03,6.562500000000000000e-01
7.095000000000000612e-03,6.718750000000000000e-01
7.100000000000000408e-03,7.031250000000000000e-01
7.105000000000000204e-03,7.187500000000000000e-01
7.110000000000000868e-03,7.343750000000000000e-01
7.115000000000000664e-03,7.656250000000000000e-01
7.120000000000000460e-03,7.968750000000000000e-01
7.125000000000000257e-03,8.125000000000000000e-01
7.130000000000000920e-03,8.593750000000000000e-01
7.135000000000000717e-03,8.750000000000000000e-01
7.140000000000000513e-03,9.218750000000000000e-01
7.145000000000000309e-03,9.375000000000000000e-01
7.150000000000000973e-03,9.531250000000000000e-01
7.155000000000000769e-03,9.687500000000000000e-01
7.160000000000000565e-03,9.843750000000000000e-01
7.165000000000000362e-03,1.015625000000000000e+00
7.170000000000000158e-03,1.046875000000000000e+00
7.175000000000000822e-03,1.046875000000000000e+00
7.180000000000000618e-03,1.078125000000000000e+00
7.185000000000000414e-03,1.093750000000000000e+00
7.190000000000000210e-03,1.093750000000000000e+00
7.195000000000000874e-03,1.109375000000000000e+00
7.200000000000000670e-03,1.109375000000000000e+00
7.205000000000000467e-03,1.109375000000000000e+00
7.210000000000000263e-03,1.093750000000000000e+00
7.215000000000000926e-03,1.078125000000000000e+00
7.220000000000000723e-03,1.031250000000000000e+00
7.225000000000000519e-03,1.015625000000000000e+00
7.230000000000000315e-03,9.843750000000000000e-01
7.235000000000000979e-03,9.531250000000000000e-01
7.240000000000000775e-03,9.218750000000000000e-01
7.245000000000000571e-03,8.906250000000000000e-01
7.250000000000000368e-03,8.750000000000000000e-01
7.255000000000000164e-03,8.593750000000000000e-01
7.260000000000000828e-03,8.593750000000000000e-01
7.265000000000000624e-03,8.281250000000000000e-01
7.270000000000000420e-03,8.437500000000000000e-01
7.275000000000000216e-03,8.437500000000000000e-01
7.280000000000000880e-03,8.437500000000000000e-01
7.285000000000000676e-03,8.593750000000000000e-01
7.290000000000000473e-03,8.593750000000000000e-01
7.295000000000000269e-03,8.750000000000000000e-01
7.300000000000000933e-03,8.750000000000000000e-01
7.305000000000000729e-03,8.906250000000000000e-01
7.310000000000000525e-03,8.906250000000000000e-01
7.315000000000000321e-03,8.906250000000000000e-01
7.320000000000000985e-03,8.906250000000000000e-01
7.325000000000000781e-03,9.062500000000000000e-01
7.330000000000000578e-03,8.906250000000000000e-01
7.335000000000000374e-03,9.062500000000000000e-01
7.340000000000000170e-03,8.906250000000000000e-01
7.345000000000000834e-03,8.750000000000000000e-01
7.350000000000000630e-03,8.593750000000000000e-01
7.355000000000000426e-03,8.437500000000000000e-01
7.360000000000000223e-03,8.281250000000000000e-01
7.365000000000000886e-03,8.125000000000000000e-01
7.370000000000000683e-03,7.968750000000000000e-01
7.375000000000000479e-03,7.656250000000000000e-01
7.380000000000000275e-03,7.343750000000000000e-01
7.385000000000000939e-03,7.187500000000000000e-01
7.390000000000000735e-03,6.875000000000000000e-01
7.395000000000000531e-03,6.718750000000000000e-01
7.400000000000000328e-03,6.562500000000000000e-01
7.405000000000000991e-03,6.406250000000000000e-01
7.410000000000000787e-03,6.406250000000000000e-01
7.415000000000000584e-03,6.406250000000000000e-01
7.420000000000000380e-03,6.250000000000000000e-01
7.425000000000000176e-03,6.406250000000000000e-01
7.430000000000000840e-03,6.562500000000000000e-01
7.435000000000000636e-03,6.718750000000000000e-01
7.440000000000000432e-03,6.875000000000000000e-01
7.445000000000000229e-03,7.343750000000000000e-01
7.450000000000000892e-03,7.656250000000000000e-01
7.455000000000000689e-03,7.968750000000000000e-01
7.460000000000000485e-03,8.125000000000000000e-01
7.465000000000000281e-03,8.437500000000000000e-01
7.470000000000000945e-03,8.593750000000000000e-01
7.475000000000000741e-03,8.906250000000000000e-01
7.480000000000000537e-03,9.062500000000000000e-01
7.485000000000000334e-03,9.375000000000000000e-01
7.490000000000000997e-03,9.687500000000000000e-01
7.495000000000000794e-03,9.843750000000000000e-01
7.500000000000000590e-03,1.000000000000000000e+00
7.505000000000000386e-03,1.031250000000000000e+00
7.510000000000000182e-03,1.046875000000000000e+00
7.515000000000000846e-03,1.062500000000000000e+00
7.520000000000000642e-03,1.078125000000000000e+00
7.525000000000000439e-03,1.078125000000000000e+00
7.530000000000000235e-03,1.093750000000000000e+00
7.535000000000000898e-03,1.109375000000000000e+00
7.540000000000000695e-03,1.062500000000000000e+00
7.545000000000000491e-03,1.062500000000000000e+00
7.550000000000000287e-03,1.031250000000000000e+00
7.555000000000000951e-03,1.000000000000000000e+00
7.560000000000000747e-03,9.687500000000000000e-01
7.565000000000000543e-03,9.218750000000000000e-01
7.570000000000000340e-03,9.062500000000000000e-01
7.575000000000001003e-03,8.750000000000000000e-01
7.580000000000000800e-03,8.593750000000000000e-01
7.585000000000000596e-03,8.593750000000000000e-01
7.590000000000000392e-03,8.437500000000000000e-01
7.595000000000000188e-03,8.437500000000000000e-01
7.600000000000000852e-03,8.437500000000000000e-01
7.605000000000000648e-03,8.593750000000000000e-01
7.610000000000000445e-03,8.593750000000000000e-01
7.615000000000000241e-03,8.750000000000000000e-01
7.620000000000000905e-03,8.750000000000000000e-01
7.625000000000000701e-03,9.062500000000000000e-01
7.630000000000000497e-03,9.062500000000000000e-01
7.635000000000000293e-03,9.218750000000000000e-01
7.640000000000000957e-03,9.375000000000000000e-01
7.645000000000000753e-03,9.375000000000000000e-01
7.650000000000000550e-03,9.531250000000000000e-01
7.655000000000000346e-03,9.531250000000000000e-01
7.660000000000001009e-03,9.687500000000000000e-01
7.665000000000000806e-03,9.687500000000000000e-01
7.670000000000000602e-03,9.687500000000000000e-01
7.675000000000000398e-03,9.687500000000000000e-01
7.680000000000001062e-03,9.531250000000000000e-01
7.685000000000000858e-03,9.375000000000000000e-01
7.690000000000000654e-03,9.375000000000000000e-01
7.695000000000000451e-03,9.062500000000000000e-01
7.700000000000000247e-03,8.906250000000000000e-01
7.705000000000000911e-03,8.750000000000000000e-01
7.710000000000000707e-03,8.593750000000000000e-01
7.715000000000000503e-03,8.125000000000000000e-01
7.720000000000000299e-03,7.968750000000000000e-01
7.725000000000000963e-03,7.656250000000000000e-01
7.730000000000000759e-03,7.500000000000000000e-01
7.735000000000000556e-03,7.343750000000000000e-01
7.740000000000000352e-03,7.031250000000000000e-01
7.745000000000001016e-03,7.031250000000000000e-01
7.750000000000000812e-03,6.718750000000000000e-01
7.755000000000000608e-03,6.875000000000000000e-01
7.760000000000000404e-03,6.875000000000000000e-01
7.765000000000001068e-03,7.031250000000000000e-01
7.770000000000000864e-03,7.031250000000000000e-01
7.775000000000000661e-03,7.500000000000000000e-01
7.780000000000000457e-03,7.656250000000000000e-01
7.785000000000000253e-03,7.968750000000000000e-01
7.790000000000000917e-03,8.125000000000000000e-01
7.795000000000000713e-03,8.437500000000000000e-01
7.800000000000000509e-03,8.750000000000000000e-01
7.805000000000000306e-03,8.906250000000000000e-01
7.810000000000000969e-03,9.375000000000000000e-01
7.815000000000000765e-03,9.531250000000000000e-01
7.820000000000000562e-03,9.843750000000000000e-01
7.825000000000000358e-03,1.000000000000000000e+00
7.830000000000000154e-03,1.015625000000000000e+00
7.834999999999999951e-03,1.031250000000000000e+00
7.840000000000001482e-03,1.046875000000000000e+00
7.845000000000001278e-03,1.062500000000000000e+00
7.850000000000001074e-03,1.078125000000000000e+00
7.855000000000000870e-03,1.109375000000000000e+00
7.860000000000000667e-03,1.109375000000000000e+00
7.865000000000000463e-03,1.109375000000000000e+00
7.870000000000000259e-03,1.093750000000000000e+00
7.875000000000000056e-03,1.062500000000000000e+00
7.879999999999999852e-03,1.046875000000000000e+00
7.885000000000001383e-03,1.031250000000000000e+00
7.890000000000001179e-03,9.843750000000000000e-01
7.895000000000000975e-03,9.531250000000000000e-01
7.900000000000000772e-03,9.375000000000000000e-01
7.905000000000000568e-03,8.906250000000000000e-01
7.910000000000000364e-03,8.750000000000000000e-01
7.915000000000000160e-03,8.750000000000000000e-01
7.919999999999999957e-03,8.437500000000000000e-01
7.925000000000001488e-03,8.437500000000000000e-01
7.930000000000001284e-03,8.437500000000000000e-01
7.935000000000001080e-03,8.750000000000000000e-01
7.940000000000000877e-03,8.750000000000000000e-01
7.945000000000000673e-03,8.750000000000000000e-01
7.950000000000000469e-03,8.906250000000000000e-01
7.955000000000000265e-03,9.062500000000000000e-01
7.960000000000000062e-03,9.218750000000000000e-01
7.964999999999999858e-03,9.375000000000000000e-01
7.970000000000001389e-03,9.531250000000000000e-01
7.975000000000001185e-03,9.531250000000000000e-01
7.980000000000000981e-03,9.687500000000000000e-01
7.985000000000000778e-03,9.843750000000000000e-01
7.990000000000000574e-03,9.687500000000000000e-01
7.995000000000000370e-03,9.843750000000000000e-01
8.000000000000000167e-03,9.843750000000000000e-01
8.004999999999999963e-03,9.843750000000000000e-01
8.010000000000001494e-03,9.843750000000000000e-01
8.015000000000001290e-03,9.843750000000000000e-01
8.020000000000001086e-03,9.687500000000000000e-01
8.025000000000000883e-03,9.687500000000000000e-01
8.030000000000000679e-03,9.218750000000000000e-01
8.035000000000000475e-03,9.062500000000000000e-01
8.040000000000000271e-03,9.062500000000000000e-01
8.045000000000000068e-03,8.593750000000000000e-01
8.049999999999999864e-03,8.437500000000000000e-01
8.055000000000001395e-03,8.125000000000000000e-01
8.060000000000001191e-03,7.812500000000000000e-01
8.065000000000000988e-03,7.656250000000000000e-01
8.070000000000000784e-03,7.343750000000000000e-01
8.075000000000000580e-03,7.187500000000000000e-01
8.080000000000000376e-03,7.031250000000000000e-01
8.085000000000000173e-03,6.875000000000000000e-01
8.089999999999999969e-03,7.031250000000000000e-01
8.095000000000001500e-03,7.031250000000000000e-01
8.100000000000001296e-03,7.031250000000000000e-01
8.105000000000001092e-03,7.343750000000000000e-01
8.110000000000000889e-03,7.500000000000000000e-01
8.115000000000000685e-03,7.812500000000000000e-01
8.120000000000000481e-03,7.968750000000000000e-01
8.125000000000000278e-03,8.281250000000000000e-01
8.130000000000000074e-03,8.593750000000000000e-01
8.134999999999999870e-03,8.906250000000000000e-01
8.140000000000001401e-03,9.062500000000000000e-01
8.145000000000001197e-03,9.375000000000000000e-01
8.150000000000000994e-03,9.531250000000000000e-01
8.155000000000000790e-03,9.687500000000000000e-01
8.160000000000000586e-03,1.000000000000000000e+00
8.165000000000000382e-03,1.015625000000000000e+00
8.170000000000000179e-03,1.031250000000000000e+00
8.174999999999999975e-03,1.062500000000000000e+00
8.180000000000001506e-03,1.062500000000000000e+00
8.185000000000001302e-03,1.078125000000000000e+00
8.190000000000001099e-03,1.093750000000000000e+00
8.195000000000000895e-03,1.109375000000000000e+00
8.200000000000000691e-03,1.093750000000000000e+00
8.205000000000000487e-03,1.093750000000000000e+00
8.210000000000000284e-03,1.046875000000000000e+00
8.215000000000000080e-03,1.046875000000000000e+00
8.219999999999999876e-03,1.015625000000000000e+00
8.225000000000001407e-03,9.843750000000000000e-01
8.230000000000001203e-03,9.531250000000000000e-01
8.235000000000001000e-03,9.218750000000000000e-01
8.240000000000000796e-03,8.906250000000000000e-01
8.245000000000000592e-03,8.750000000000000000e-01
8.250000000000000389e-03,8.593750000000000000e-01
8.255000000000000185e-03,8.593750000000000000e-01
8.259999999999999981e-03,8.437500000000000000e-01
8.265000000000001512e-03,8.437500000000000000e-01
8.270000000000001308e-03,8.593750000000000000e-01
8.275000000000001105e-03,8.593750000000000000e-01
8.280000000000000901e-03,8.593750000000000000e-01
8.285000000000000697e-03,8.906250000000000000e-01
8.290000000000000493e-03,8.906250000000000000e-01
8.295000000000000290e-03,9.062500000000000000e-01
8.300000000000000086e-03,9.218750000000000000e-01
8.304999999999999882e-03,9.218750000000000000e-01
8.310000000000001413e-03,9.218750000000000000e-01
8.315000000000001210e-03,9.375000000000000000e-01
8.320000000000001006e-03,9.375000000000000000e-01
8.325000000000000802e-03,9.531250000000000000e-01
8.330000000000000598e-03,9.531250000000000000e-01
8.335000000000000395e-03,9.531250000000000000e-01
8.340000000000000191e-03,9.531250000000000000e-01
8.344999999999999987e-03,9.375000000000000000e-01
8.350000000000001518e-03,9.375000000000000000e-01
8.355000000000001315e-03,9.062500000000000000e-01
8.360000000000001111e-03,9.062500000000000000e-01
8.365000000000000907e-03,8.906250000000000000e-01
8.370000000000000703e-03,8.593750000000000000e-01
8.375000000000000500e-03,8.437500000000000000e-01
8.380000000000000296e-03,8.125000000000000000e-01
8.385000000000000092e-03,7.812500000000000000e-01
8.389999999999999888e-03,7.500000000000000000e-01
8.395000000000001419e-03,7.343750000000000000e-01
8.400000000000001216e-03,7.031250000000000000e-01
8.405000000000001012e-03,6.875000000000000000e-01
8.410000000000000808e-03,6.875000000000000000e-01
8.415000000000000605e-03,6.718750000000000000e-01
8.420000000000000401e-03,6.875000000000000000e-01
8.425000000000000197e-03,6.875000000000000000e-01
8.429999999999999993e-03,7.031250000000000000e-01
8.435000000000001524e-03,7.031250000000000000e-01
8.440000000000001321e-03,7.500000000000000000e-01
8.445000000000001117e-03,7.656250000000000000e-01
8.450000000000000913e-03,7.812500000000000000e-01
8.455000000000000709e-03,8.125000000000000000e-01
8.460000000000000506e-03,8.281250000000000000e-01
8.465000000000000302e-03,8.593750000000000000e-01
8.470000000000000098e-03,9.062500000000000000e-01
8.474999999999999895e-03,9.062500000000000000e-01
8.480000000000001426e-03,9.531250000000000000e-01
8.485000000000001222e-03,9.687500000000000000e-01
8.490000000000001018e-03,9.843750000000000000e-01
8.495000000000000814e-03,1.000000000000000000e+00
8.500000000000000611e-03,1.031250000000000000e+00
8.505000000000000407e-03,1.046875000000000000e+00
8.510000000000000203e-03,1.078125000000000000e+00
8.514999999999999999e-03,1.078125000000000000e+00
8.520000000000001530e-03,1.078125000000000000e+00
8.525000000000001327e-03,1.125000000000000000e+00
8.530000000000001123e-03,1.109375000000000000e+00
8.535000000000000919e-03,1.125000000000000000e+00
8.540000000000000716e-03,1.093750000000000000e+00
8.545000000000000512e-03,1.078125000000000000e+00
8.550000000000000308e-03,1.046875000000000000e+00
8.555000000000000104e-03,1.015625000000000000e+00
8.559999999999999901e-03,1.000000000000000000e+00
8.565000000000001432e-03,9.687500000000000000e-01
8.570000000000001228e-03,9.218750000000000000e-01
8.575000000000001024e-03,9.062500000000000000e-01
8.580000000000000820e-03,8.906250000000000000e-01
8.585000000000000617e-03,8.593750000000000000e-01
8.590000000000000413e-03,8.593750000000000000e-01
8.595000000000000209e-03,8.437500000000000000e-01
8.600000000000000006e-03,8.437500000000000000e-01
8.605000000000001537e-03,8.437500000000000000e-01
8.610000000000001333e-03,8.593750000000000000e-01
8.615000000000001129e-03,8.593750000000000000e-01
8.620000000000000925e-03,8.593750000000000000e-01
8.625000000000000722e-03,8.906250000000000000e-01
8.630000000000000518e-03,8.906250000000000000e-01
8.635000000000000314e-03,9.062500000000000000e-01
8.640000000000000110e-03,9.062500000000000000e-01
8.644999999999999907e-03,9.062500000000000000e-01
8.650000000000001438e-03,9.218750000000000000e-01
8.655000000000001234e-03,9.375000000000000000e-01
8.660000000000001030e-03,9.375000000000000000e-01
8.665000000000000827e-03,9.375000000000000000e-01
8.670000000000000623e-03,9.375000000000000000e-01
8.675000000000000419e-03,9.218750000000000000e-01
8.680000000000000215e-03,9.062500000000000000e-01
8.685000000000000012e-03,9.062500000000000000e-01
8.690000000000001543e-03,8.750000000000000000e-01
8.695000000000001339e-03,8.750000000000000000e-01
8.700000000000001135e-03,8.437500000000000000e-01
8.705000000000000931e-03,8.281250000000000000e-01
8.710000000000000728e-03,7.968750000000000000e-01
8.715000000000000524e-03,7.812500000000000000e-01
8.720000000000000320e-03,7.343750000000000000e-01
8.725000000000000117e-03,7.031250000000000000e-01
8.729999999999999913e-03,6.875000000000000000e-01
8.735000000000001444e-03,6.718750000000000000e-01
8.740000000000001240e-03,6.718750000000000000e-01
8.745000000000001036e-03,6.562500000000000000e-01
8.750000000000000833e-03,6.562500000000000000e-01
8.755000000000000629e-03,6.562500000000000000e-01
8.760000000000000425e-03,6.718750000000000000e-01
8.765000000000000221e-03,6.875000000000000000e-01
8.770000000000000018e-03,7.031250000000000000e-01
8.775000000000001549e-03,7.187500000000000000e-01
8.780000000000001345e-03,7.656250000000000000e-01
8.785000000000001141e-03,7.656250000000000000e-01
8.790000000000000938e-03,8.125000000000000000e-01
8.795000000000000734e-03,8.437500000000000000e-01
8.800000000000000530e-03,8.750000000000000000e-01
8.805000000000000326e-03,8.906250000000000000e-01
8.810000000000000123e-03,9.062500000000000000e-01
8.814999999999999919e-03,9.375000000000000000e-01
8.820000000000001450e-03,9.531250000000000000e-01
8.825000000000001246e-03,9.843750000000000000e-01
8.830000000000001042e-03,1.000000000000000000e+00
8.835000000000000839e-03,1.031250000000000000e+00
8.840000000000000635e-03,1.046875000000000000e+00
8.845000000000000431e-03,1.062500000000000000e+00
8.850000000000000228e-03,1.093750000000000000e+00
8.855000000000000024e-03,1.093750000000000000e+00
8.860000000000001555e-03,1.093750000000000000e+00
8.865000000000001351e-03,1.109375000000000000e+00
8.870000000000001147e-03,1.093750000000000000e+00
8.875000000000000944e-03,1.093750000000000000e+00
8.880000000000000740e-03,1.062500000000000000e+00
8.885000000000000536e-03,1.046875000000000000e+00
8.890000000000000333e-03,1.015625000000000000e+00
8.895000000000000129e-03,9.843750000000000000e-01
8.899999999999999925e-03,9.531250000000000000e-01
8.905000000000001456e-03,9.062500000000000000e-01
8.910000000000001252e-03,8.906250000000000000e-01
8.915000000000001049e-03,8.750000000000000000e-01
8.920000000000000845e-03,8.593750000000000000e-01
8.925000000000000641e-03,8.593750000000000000e-01
8.930000000000000437e-03,8.437500000000000000e-01
8.935000000000000234e-03,8.437500000000000000e-01
8.940000000000000030e-03,8.437500000000000000e-01
8.945000000000001561e-03,8.750000000000000000e-01
8.950000000000001357e-03,8.593750000000000000e-01
8.955000000000001154e-03,8.750000000000000000e-01
8.960000000000000950e-03,8.750000000000000000e-01
8.965000000000000746e-03,9.062500000000000000e-01
8.970000000000000542e-03,8.906250000000000000e-01
8.975000000000000339e-03,9.062500000000000000e-01
8.980000000000000135e-03,9.062500000000000000e-01
8.984999999999999931e-03,9.218750000000000000e-01
8.990000000000001462e-03,9.218750000000000000e-01
8.995000000000001258e-03,9.218750000000000000e-01
9.000000000000001055e-03,9.062500000000000000e-01
9.005000000000000851e-03,9.062500000000000000e-01
9.010000000000000647e-03,9.062500000000000000e-01
9.015000000000000444e-03,9.062500000000000000e-01
9.020000000000000240e-03,8.750000000000000000e-01
9.025000000000000036e-03,8.593750000000000000e-01
9.030000000000001567e-03,8.437500000000000000e-01
9.035000000000001363e-03,8.281250000000000000e-01
9.040000000000001160e-03,7.968750000000000000e-01
9.045000000000000956e-03,7.968750000000000000e-01
9.050000000000000752e-03,7.500000000000000000e-01
9.055000000000000548e-03,7.187500000000000000e-01
9.060000000000000345e-03,7.031250000000000000e-01
9.065000000000000141e-03,6.875000000000000000e-01
9.069999999999999937e-03,6.718750000000000000e-01
9.075000000000001468e-03,6.562500000000000000e-01
9.080000000000001265e-03,6.562500000000000000e-01
9.085000000000001061e-03,6.562500000000000000e-01
9.090000000000000857e-03,6.562500000000000000e-01
9.095000000000000653e-03,6.562500000000000000e-01
9.100000000000000450e-03,6.875000000000000000e-01
9.105000000000000246e-03,7.031250000000000000e-01
9.110000000000000042e-03,7.187500000000000000e-01
9.115000000000001573e-03,7.656250000000000000e-01
9.120000000000001369e-03,7.812500000000000000e-01
9.125000000000001166e-03,7.968750000000000000e-01
9.130000000000000962e-03,8.437500000000000000e-01
9.135000000000000758e-03,8.593750000000000000e-01
9.140000000000000555e-03,8.906250000000000000e-01
9.145000000000000351e-03,9.218750000000000000e-01
9.150000000000000147e-03,9.531250000000000000e-01
9.154999999999999943e-03,9.687500000000000000e-01
9.160000000000001474e-03,1.000000000000000000e+00
9.165000000000001271e-03,1.015625000000000000e+00
9.170000000000001067e-03,1.031250000000000000e+00
9.175000000000000863e-03,1.046875000000000000e+00
9.180000000000000659e-03,1.062500000000000000e+00
9.185000000000000456e-03,1.093750000000000000e+00
9.190000000000000252e-03,1.093750000000000000e+00
9.195000000000000048e-03,1.093750000000000000e+00
9.200000000000001579e-03,1.062500000000000000e+00
9.205000000000001376e-03,1.046875000000000000e+00
9.210000000000001172e-03,1.015625000000000000e+00
9.215000000000000968e-03,9.687500000000000000e-01
9.220000000000000764e-03,9.687500000000000000e-01
9.225000000000000561e-03,9.218750000000000000e-01
9.230000000000000357e-03,8.906250000000000000e-01
9.235000000000000153e-03,8.750000000000000000e-01
9.239999999999999949e-03,8.593750000000000000e-01
9.245000000000001480e-03,8.437500000000000000e-01
9.250000000000001277e-03,8.437500000000000000e-01
9.255000000000001073e-03,8.281250000000000000e-01
9.260000000000000869e-03,8.437500000000000000e-01
9.265000000000000666e-03,8.593750000000000000e-01
9.270000000000000462e-03,8.593750000000000000e-01
9.275000000000000258e-03,8.906250000000000000e-01
9.280000000000000054e-03,8.906250000000000000e-01
9.285000000000001585e-03,9.062500000000000000e-01
9.290000000000001382e-03,9.375000000000000000e-01
9.295000000000001178e-03,9.375000000000000000e-01
9.300000000000000974e-03,9.531250000000000000e-01
9.305000000000000770e-03,9.531250000000000000e-01
9.310000000000000567e-03,9.687500000000000000e-01
9.315000000000000363e-03,9.687500000000000000e-01
9.320000000000000159e-03,9.843750000000000000e-01
9.324999999999999956e-03,1.000000000000000000e+00
9.330000000000001487e-03,1.015625000000000000e+00
9.335000000000001283e-03,1.000000000000000000e+00
9.340000000000001079e-03,1.000000000000000000e+00
9.345000000000000875e-03,9.843750000000000000e-01
9.350000000000000672e-03,9.843750000000000000e-01
9.355000000000000468e-03,9.531250000000000000e-01
9.360000000000000264e-03,9.531250000000000000e-01
9.365000000000000061e-03,9.218750000000000000e-01
9.370000000000001592e-03,8.906250000000000000e-01
9.375000000000001388e-03,8.750000000000000000e-01
9.380000000000001184e-03,8.281250000000000000e-01
9.385000000000000980e-03,8.437500000000000000e-01
9.390000000000000777e-03,7.812500000000000000e-01
9.395000000000000573e-03,7.656250000000000000e-01
9.400000000000000369e-03,7.343750000000000000e-01
9.405000000000000165e-03,7.187500000000000000e-01
9.409999999999999962e-03,7.187500000000000000e-01
9.415000000000001493e-03,7.031250000000000000e-01
9.420000000000001289e-03,7.187500000000000000e-01
9.425000000000001085e-03,7.187500000000000000e-01
9.430000000000000882e-03,7.343750000000000000e-01
9.435000000000000678e-03,7.500000000000000000e-01
9.440000000000000474e-03,7.656250000000000000e-01
9.445000000000000270e-03,7.968750000000000000e-01
9.450000000000000067e-03,8.125000000000000000e-01
9.455000000000001598e-03,8.437500000000000000e-01
9.460000000000001394e-03,8.750000000000000000e-01
9.465000000000001190e-03,9.062500000000000000e-01
9.470000000000000986e-03,9.218750000000000000e-01
9.475000000000000783e-03,9.531250000000000000e-01
9.480000000000000579e-03,9.531250000000000000e-01
9.485000000000000375e-03,9.843750000000000000e-01
9.490000000000000172e-03,1.000000000000000000e+00
9.494999999999999968e-03,1.031250000000000000e+00
9.500000000000001499e-03,1.046875000000000000e+00
9.505000000000001295e-03,1.078125000000000000e+00
9.510000000000001091e-03,1.062500000000000000e+00
9.515000000000000888e-03,1.093750000000000000e+00
9.520000000000000684e-03,1.109375000000000000e+00
9.525000000000000480e-03,1.109375000000000000e+00
9.530000000000000276e-03,1.109375000000000000e+00
9.535000000000000073e-03,1.093750000000000000e+00
9.540000000000001604e-03,1.078125000000000000e+00
9.545000000000001400e-03,1.046875000000000000e+00
9.550000000000001196e-03,1.015625000000000000e+00
9.555000000000000993e-03,9.843750000000000000e-01
9.560000000000000789e-03,9.375000000000000000e-01
9.565000000000000585e-03,9.218750000000000000e-01
9.570000000000000381e-03,9.062500000000000000e-01
9.575000000000000178e-03,8.750000000000000000e-01
9.579999999999999974e-03,8.593750000000000000e-01
9.585000000000001505e-03,8.593750000000000000e-01
9.590000000000001301e-03,8.593750000000000000e-01
9.595000000000001097e-03,8.437500000000000000e-01
9.600000000000000894e-03,8.750000000000000000e-01
9.605000000000000690e-03,8.750000000000000000e-01
9.610000000000000486e-03,8.750000000000000000e-01
9.615000000000000283e-03,8.906250000000000000e-01
9.620000000000000079e-03,8.906250000000000000e-01
9.625000000000001610e-03,9.218750000000000000e-01
9.630000000000001406e-03,9.375000000000000000e-01
9.635000000000001202e-03,9.218750000000000000e-01
9.640000000000000999e-03,9.375000000000000000e-01
9.645000000000000795e-03,9.375000000000000000e-01
9.650000000000000591e-03,9.531250000000000000e-01
9.655000000000000387e-03,9.531250000000000000e-01
9.660000000000000184e-03,9.531250000000000000e-01
9.664999999999999980e-03,9.531250000000000000e-01
9.670000000000001511e-03,9.531250000000000000e-01
9.675000000000001307e-03,9.531250000000000000e-01
9.680000000000001104e-03,9.375000000000000000e-01
9.685000000000000900e-03,9.062500000000000000e-01
9.690000000000000696e-03,9.062500000000000000e-01
9.695000000000000492e-03,8.750000000000000000e-01
9.700000000000000289e-03,8.593750000000000000e-01
9.705000000000000085e-03,8.281250000000000000e-01
9.710000000000001616e-03,8.125000000000000000e-01
9.715000000000001412e-03,7.812500000000000000e-01
9.720000000000001208e-03,7.500000000000000000e-01
9.725000000000001005e-03,7.343750000000000000e-01
9.730000000000000801e-03,7.031250000000000000e-01
9.735000000000000597e-03,7.031250000000000000e-01
9.740000000000000394e-03,6.718750000000000000e-01
9.745000000000000190e-03,6.718750000000000000e-01
9.749999999999999986e-03,6.718750000000000000e-01
9.755000000000001517e-03,6.875000000000000000e-01
9.760000000000001313e-03,7.031250000000000000e-01
9.765000000000001110e-03,7.187500000000000000e-01
9.770000000000000906e-03,7.187500000000000000e-01
9.775000000000000702e-03,7.656250000000000000e-01
9.780000000000000498e-03,7.968750000000000000e-01
9.785000000000000295e-03,8.125000000000000000e-01
9.790000000000000091e-03,8.437500000000000000e-01
9.795000000000001622e-03,8.750000000000000000e-01
9.800000000000001418e-03,9.062500000000000000e-01
9.805000000000001215e-03,9.218750000000000000e-01
9.810000000000001011e-03,9.375000000000000000e-01
9.815000000000000807e-03,9.687500000000000000e-01
9.820000000000000603e-03,9.843750000000000000e-01
9.825000000000000400e-03,1.000000000000000000e+00
9.830000000000000196e-03,1.031250000000000000e+00
9.834999999999999992e-03,1.046875000000000000e+00
9.840000000000001523e-03,1.078125000000000000e+00
9.845000000000001320e-03,1.078125000000000000e+00
9.850000000000001116e-03,1.109375000000000000e+00
9.855000000000000912e-03,1.109375000000000000e+00
9.860000000000000708e-03,1.109375000000000000e+00
9.865000000000000505e-03,1.109375000000000000e+00
9.870000000000000301e-03,1.093750000000000000e+00
9.875000000000000097e-03,1.093750000000000000e+00
9.880000000000001628e-03,1.078125000000000000e+00
9.885000000000001424e-03,1.046875000000000000e+00
9.890000000000001221e-03,1.015625000000000000e+00
9.895000000000001017e-03,9.687500000000000000e-01
9.900000000000000813e-03,9.375000000000000000e-01
9.905000000000000610e-03,9.062500000000000000e-01
9.910000000000000406e-03,8.906250000000000000e-01
9.915000000000000202e-03,8.750000000000000000e-01
9.919999999999999998e-03,8.593750000000000000e-01
9.925000000000001529e-03,8.593750000000000000e-01
9.930000000000001326e-03,8.437500000000000000e-01
9.935000000000001122e-03,8.437500000000000000e-01
9.940000000000000918e-03,8.437500000000000000e-01
9.945000000000000714e-03,8.593750000000000000e-01
9.950000000000000511e-03,8.750000000000000000e-01
9.955000000000000307e-03,8.750000000000000000e-01
9.960000000000000103e-03,8.750000000000000000e-01
9.965000000000001634e-03,8.906250000000000000e-01
9.970000000000001431e-03,8.906250000000000000e-01
9.975000000000001227e-03,8.906250000000000000e-01
9.980000000000001023e-03,8.906250000000000000e-01
9.985000000000000819e-03,9.062500000000000000e-01
9.990000000000000616e-03,8.906250000000000000e-01
9.995000000000000412e-03,9.062500000000000000e-01
