PURE SILICA, ELECTRODE=TUNGSTEN, TIME=35, POLING_VOLTAGE=3700, WAVELENGTH=1.55e-06, EFFECTIVE_DISTANCE=3.1e-05, POLED_LENGTH=0.3, CORE_INDEX=1.45, POLE=MAX, AC_VOLTAGE=1175.0, AC_FREQUENCY=2150, PIEZO_FREQUENCY=43.0
Time(s),Voltage(V)
1.000000000000000048e-04,2.718750000000000333e-02
1.114999999999999997e-04,2.843750000000000444e-02
1.230000000000000082e-04,2.718750000000000333e-02
1.345000000000000167e-04,2.531250000000000167e-02
1.459999999999999981e-04,2.437500000000000083e-02
1.575000000000000065e-04,2.500000000000000139e-02
1.689999999999999879e-04,2.750000000000000361e-02
1.804999999999999964e-04,2.843750000000000444e-02
1.920000000000000049e-04,2.812500000000000416e-02
2.035000000000000133e-04,2.781250000000000389e-02
2.150000000000000218e-04,2.812500000000000416e-02
2.265000000000000303e-04,2.968750000000000208e-02
2.379999999999999846e-04,3.125000000000000000e-02
2.494999999999999931e-04,3.281250000000000139e-02
2.610000000000000015e-04,3.375000000000000222e-02
2.725000000000000100e-04,3.437500000000000278e-02
2.840000000000000185e-04,3.375000000000000222e-02
2.955000000000000270e-04,3.218750000000000083e-02
3.069999999999999812e-04,3.250000000000000111e-02
3.184999999999999897e-04,3.406250000000000250e-02
3.299999999999999982e-04,3.562500000000000389e-02
3.415000000000000067e-04,3.593750000000000416e-02
3.530000000000000152e-04,3.375000000000000222e-02
3.644999999999999694e-04,3.312500000000000167e-02
3.759999999999999779e-04,3.156250000000000028e-02
3.874999999999999864e-04,2.968750000000000208e-02
3.989999999999999949e-04,2.750000000000000361e-02
4.105000000000000033e-04,2.656250000000000278e-02
4.220000000000000118e-04,2.375000000000000375e-02
4.334999999999999661e-04,2.218750000000000236e-02
4.449999999999999746e-04,2.093750000000000472e-02
4.564999999999999830e-04,2.031250000000000416e-02
4.679999999999999915e-04,1.843750000000000250e-02
4.795000000000000000e-04,1.812500000000000222e-02
4.910000000000000085e-04,1.718750000000000139e-02
5.025000000000000170e-04,1.718750000000000139e-02
5.140000000000000254e-04,1.718750000000000139e-02
5.255000000000000339e-04,1.781250000000000194e-02
5.370000000000000424e-04,1.906250000000000305e-02
5.485000000000000509e-04,2.000000000000000389e-02
5.600000000000000594e-04,2.062500000000000444e-02
5.715000000000000678e-04,2.031250000000000416e-02
5.829999999999999679e-04,1.968750000000000361e-02
5.945000000000000848e-04,1.968750000000000361e-02
6.060000000000000933e-04,2.031250000000000416e-02
6.174999999999999933e-04,2.000000000000000389e-02
6.290000000000000018e-04,1.906250000000000305e-02
6.405000000000000103e-04,1.843750000000000250e-02
6.520000000000000188e-04,1.875000000000000278e-02
6.635000000000000273e-04,1.843750000000000250e-02
6.750000000000000357e-04,1.781250000000000194e-02
6.865000000000000442e-04,1.781250000000000194e-02
6.980000000000000527e-04,1.781250000000000194e-02
7.095000000000000612e-04,1.875000000000000278e-02
7.210000000000000697e-04,2.000000000000000389e-02
7.325000000000000781e-04,2.062500000000000444e-02
7.440000000000000866e-04,2.250000000000000264e-02
7.555000000000000951e-04,2.406250000000000056e-02
7.669999999999999951e-04,2.531250000000000167e-02
7.785000000000000036e-04,2.687500000000000305e-02
7.900000000000000121e-04,2.812500000000000416e-02
8.015000000000000206e-04,2.812500000000000416e-02
8.130000000000000291e-04,2.781250000000000389e-02
8.245000000000000375e-04,2.718750000000000333e-02
8.360000000000000460e-04,2.656250000000000278e-02
8.475000000000000545e-04,2.531250000000000167e-02
8.590000000000000630e-04,2.375000000000000375e-02
8.705000000000000715e-04,2.187500000000000555e-02
8.820000000000000799e-04,2.125000000000000500e-02
8.935000000000000884e-04,2.000000000000000389e-02
9.050000000000000969e-04,1.906250000000000305e-02
9.164999999999999970e-04,1.718750000000000139e-02
9.280000000000000054e-04,1.656250000000000430e-02
9.395000000000000139e-04,1.531250000000000319e-02
9.510000000000000224e-04,1.468750000000000264e-02
9.625000000000000309e-04,1.500000000000000291e-02
9.740000000000000394e-04,1.468750000000000264e-02
9.855000000000000478e-04,1.500000000000000291e-02
9.970000000000000563e-04,1.531250000000000319e-02
1.008500000000000065e-03,1.562500000000000347e-02
1.020000000000000073e-03,1.593750000000000375e-02
1.031500000000000082e-03,1.687500000000000458e-02
1.043000000000000090e-03,1.718750000000000139e-02
1.054500000000000099e-03,1.718750000000000139e-02
1.065999999999999890e-03,1.750000000000000167e-02
1.077500000000000116e-03,1.718750000000000139e-02
1.089000000000000124e-03,1.687500000000000458e-02
1.100500000000000133e-03,1.625000000000000402e-02
1.112000000000000141e-03,1.531250000000000319e-02
1.123500000000000150e-03,1.500000000000000291e-02
1.134999999999999941e-03,1.468750000000000264e-02
1.146499999999999950e-03,1.468750000000000264e-02
1.157999999999999958e-03,1.531250000000000319e-02
1.169499999999999967e-03,1.687500000000000458e-02
1.180999999999999975e-03,1.781250000000000194e-02
1.192499999999999984e-03,1.906250000000000305e-02
1.203999999999999992e-03,2.000000000000000389e-02
1.215500000000000001e-03,2.281250000000000291e-02
1.227000000000000009e-03,2.406250000000000056e-02
1.238500000000000018e-03,2.593750000000000222e-02
1.250000000000000026e-03,2.718750000000000333e-02
1.261500000000000035e-03,2.781250000000000389e-02
1.273000000000000043e-03,2.843750000000000444e-02
1.284500000000000051e-03,2.875000000000000472e-02
1.296000000000000060e-03,2.875000000000000472e-02
1.307500000000000068e-03,2.750000000000000361e-02
1.319000000000000077e-03,2.718750000000000333e-02
1.330500000000000085e-03,2.562500000000000194e-02
1.342000000000000094e-03,2.375000000000000375e-02
1.353500000000000102e-03,2.218750000000000236e-02
1.365000000000000111e-03,2.062500000000000444e-02
1.376500000000000119e-03,3.843750000000000638e-02
1.388000000000000128e-03,3.781250000000000583e-02
1.399500000000000136e-03,3.781250000000000583e-02
1.411000000000000145e-03,3.781250000000000583e-02
1.422500000000000153e-03,3.812500000000000611e-02
1.433999999999999945e-03,3.906250000000000000e-02
1.445499999999999953e-03,4.031250000000000111e-02
1.456999999999999962e-03,4.093750000000000167e-02
1.468499999999999970e-03,4.218750000000000278e-02
1.479999999999999979e-03,4.281250000000000333e-02
1.491499999999999987e-03,4.406250000000000444e-02
1.502999999999999996e-03,4.531250000000000555e-02
1.514500000000000004e-03,4.562500000000000583e-02
1.526000000000000013e-03,4.593750000000000611e-02
1.537500000000000021e-03,4.624999999999999944e-02
1.549000000000000030e-03,4.656250000000000666e-02
1.560500000000000038e-03,4.593750000000000611e-02
1.572000000000000047e-03,4.562500000000000583e-02
1.583500000000000055e-03,4.531250000000000555e-02
1.595000000000000064e-03,4.500000000000000527e-02
1.606500000000000072e-03,4.531250000000000555e-02
1.618000000000000081e-03,4.593750000000000611e-02
1.629500000000000089e-03,4.656250000000000666e-02
1.641000000000000097e-03,4.781250000000000777e-02
1.652500000000000106e-03,4.906250000000000194e-02
1.664000000000000114e-03,5.031250000000000305e-02
1.675500000000000123e-03,5.031250000000000305e-02
1.687000000000000131e-03,5.093750000000000361e-02
1.698500000000000140e-03,5.156250000000000416e-02
1.710000000000000148e-03,5.250000000000000500e-02
1.721499999999999940e-03,5.312500000000000555e-02
1.732999999999999948e-03,5.312500000000000555e-02
1.744499999999999957e-03,5.343749999999999889e-02
1.755999999999999965e-03,5.375000000000000611e-02
1.767499999999999974e-03,5.343749999999999889e-02
1.778999999999999982e-03,5.312500000000000555e-02
1.790499999999999991e-03,5.156250000000000416e-02
1.801999999999999999e-03,5.062500000000000333e-02
1.813500000000000008e-03,4.843750000000000139e-02
1.825000000000000016e-03,4.687500000000000000e-02
1.836500000000000025e-03,4.562500000000000583e-02
1.848000000000000033e-03,4.375000000000000416e-02
1.859500000000000042e-03,3.593750000000000416e-02
1.871000000000000050e-03,4.281250000000000333e-02
1.882500000000000059e-03,3.531250000000000361e-02
1.894000000000000067e-03,3.562500000000000389e-02
1.905500000000000076e-03,3.625000000000000444e-02
1.917000000000000084e-03,3.718750000000000527e-02
1.928500000000000093e-03,3.843750000000000638e-02
1.940000000000000101e-03,4.593750000000000611e-02
1.951500000000000110e-03,4.687500000000000000e-02
1.962999999999999901e-03,4.750000000000000056e-02
1.974500000000000127e-03,4.843750000000000139e-02
1.985999999999999918e-03,4.875000000000000167e-02
1.997500000000000143e-03,4.906250000000000194e-02
2.008999999999999935e-03,4.937500000000000222e-02
2.020499999999999727e-03,4.906250000000000194e-02
2.031999999999999952e-03,4.875000000000000167e-02
2.043499999999999744e-03,4.812500000000000111e-02
2.054999999999999969e-03,4.781250000000000777e-02
2.066499999999999761e-03,4.781250000000000777e-02
2.077999999999999986e-03,4.843750000000000139e-02
2.089499999999999778e-03,4.875000000000000167e-02
2.101000000000000003e-03,4.937500000000000222e-02
2.112499999999999795e-03,5.062500000000000333e-02
2.124000000000000020e-03,5.093750000000000361e-02
2.135499999999999812e-03,5.187500000000000444e-02
2.147000000000000037e-03,5.250000000000000500e-02
2.158499999999999829e-03,5.250000000000000500e-02
2.169999999999999620e-03,5.312500000000000555e-02
2.181499999999999845e-03,5.375000000000000611e-02
2.192999999999999637e-03,5.375000000000000611e-02
2.204499999999999862e-03,5.437500000000000666e-02
2.215999999999999654e-03,5.468750000000000000e-02
2.227499999999999879e-03,5.437500000000000666e-02
2.238999999999999671e-03,5.406249999999999944e-02
2.250499999999999896e-03,5.312500000000000555e-02
2.261999999999999688e-03,5.156250000000000416e-02
2.273499999999999913e-03,5.000000000000000278e-02
2.284999999999999705e-03,4.718750000000000722e-02
2.296499999999999930e-03,4.624999999999999944e-02
2.307999999999999722e-03,4.531250000000000555e-02
2.319499999999999947e-03,4.312500000000000361e-02
2.330999999999999739e-03,4.218750000000000278e-02
2.342499999999999964e-03,4.218750000000000278e-02
2.353999999999999756e-03,4.218750000000000278e-02
2.365499999999999981e-03,4.250000000000000305e-02
2.376999999999999773e-03,4.343750000000000389e-02
2.388499999999999998e-03,4.406250000000000444e-02
2.399999999999999790e-03,4.468750000000000500e-02
2.411500000000000015e-03,4.562500000000000583e-02
2.422999999999999807e-03,4.656250000000000666e-02
2.434500000000000032e-03,4.718750000000000722e-02
2.445999999999999824e-03,4.718750000000000722e-02
2.457499999999999615e-03,4.750000000000000056e-02
2.468999999999999841e-03,4.781250000000000777e-02
2.480499999999999632e-03,4.718750000000000722e-02
2.491999999999999858e-03,4.687500000000000000e-02
2.503499999999999649e-03,4.656250000000000666e-02
2.514999999999999875e-03,4.562500000000000583e-02
2.526499999999999666e-03,4.500000000000000527e-02
2.537999999999999892e-03,4.500000000000000527e-02
2.549499999999999683e-03,4.531250000000000555e-02
2.560999999999999908e-03,4.562500000000000583e-02
2.572499999999999700e-03,4.656250000000000666e-02
2.583999999999999925e-03,4.718750000000000722e-02
2.595499999999999717e-03,4.812500000000000111e-02
2.606999999999999942e-03,4.937500000000000222e-02
2.618499999999999734e-03,4.968750000000000250e-02
2.629999999999999959e-03,5.062500000000000333e-02
2.641499999999999751e-03,5.093750000000000361e-02
2.652999999999999976e-03,5.156250000000000416e-02
2.664499999999999768e-03,5.218750000000000472e-02
2.675999999999999993e-03,5.281250000000000527e-02
2.687499999999999785e-03,5.312500000000000555e-02
2.699000000000000010e-03,5.281250000000000527e-02
2.710499999999999802e-03,5.250000000000000500e-02
2.722000000000000027e-03,5.093750000000000361e-02
2.733499999999999819e-03,4.937500000000000222e-02
2.745000000000000044e-03,4.750000000000000056e-02
2.756499999999999836e-03,4.687500000000000000e-02
2.767999999999999627e-03,4.500000000000000527e-02
2.779499999999999853e-03,4.375000000000000416e-02
2.790999999999999644e-03,4.281250000000000333e-02
2.802499999999999870e-03,4.250000000000000305e-02
2.813999999999999661e-03,4.218750000000000278e-02
2.825499999999999887e-03,4.250000000000000305e-02
2.836999999999999678e-03,4.281250000000000333e-02
2.848499999999999904e-03,4.343750000000000389e-02
2.859999999999999695e-03,4.468750000000000500e-02
2.871499999999999921e-03,4.562500000000000583e-02
2.882999999999999712e-03,4.624999999999999944e-02
2.894499999999999938e-03,4.687500000000000000e-02
2.905999999999999729e-03,4.718750000000000722e-02
2.917499999999999954e-03,4.812500000000000111e-02
2.928999999999999746e-03,4.843750000000000139e-02
2.940499999999999971e-03,4.843750000000000139e-02
2.951999999999999763e-03,4.843750000000000139e-02
2.963499999999999988e-03,4.843750000000000139e-02
2.974999999999999780e-03,4.843750000000000139e-02
2.986500000000000005e-03,4.843750000000000139e-02
2.997999999999999797e-03,4.875000000000000167e-02
3.009500000000000022e-03,4.937500000000000222e-02
3.020999999999999814e-03,4.937500000000000222e-02
3.032500000000000039e-03,5.031250000000000305e-02
3.043999999999999831e-03,5.062500000000000333e-02
3.055499999999999623e-03,5.156250000000000416e-02
3.066999999999999848e-03,5.156250000000000416e-02
3.078499999999999640e-03,5.156250000000000416e-02
3.089999999999999865e-03,5.156250000000000416e-02
3.101499999999999656e-03,5.156250000000000416e-02
3.112999999999999882e-03,5.156250000000000416e-02
3.124499999999999673e-03,5.156250000000000416e-02
3.135999999999999899e-03,5.187500000000000444e-02
3.147499999999999690e-03,5.218750000000000472e-02
3.158999999999999916e-03,5.281250000000000527e-02
3.170499999999999707e-03,5.375000000000000611e-02
3.181999999999999933e-03,5.406249999999999944e-02
3.193499999999999724e-03,5.406249999999999944e-02
3.204999999999999950e-03,5.406249999999999944e-02
3.216499999999999741e-03,5.375000000000000611e-02
3.227999999999999967e-03,5.343749999999999889e-02
3.239499999999999758e-03,5.375000000000000611e-02
3.250999999999999984e-03,5.375000000000000611e-02
3.262499999999999775e-03,5.375000000000000611e-02
3.274000000000000000e-03,5.437500000000000666e-02
3.285499999999999792e-03,5.468750000000000000e-02
3.297000000000000017e-03,5.468750000000000000e-02
3.308499999999999809e-03,5.500000000000000722e-02
3.320000000000000034e-03,5.500000000000000722e-02
3.331499999999999826e-03,5.531250000000000056e-02
3.342999999999999618e-03,5.500000000000000722e-02
3.354499999999999843e-03,5.500000000000000722e-02
3.365999999999999635e-03,5.500000000000000722e-02
3.377499999999999860e-03,5.531250000000000056e-02
3.388999999999999652e-03,5.531250000000000056e-02
3.400499999999999877e-03,5.593750000000000111e-02
3.411999999999999669e-03,5.656250000000000167e-02
3.423499999999999894e-03,5.687500000000000888e-02
3.434999999999999686e-03,5.687500000000000888e-02
3.446499999999999911e-03,5.750000000000000250e-02
3.457999999999999702e-03,5.750000000000000250e-02
3.469499999999999928e-03,5.750000000000000250e-02
3.480999999999999719e-03,5.781250000000000278e-02
3.492499999999999945e-03,5.781250000000000278e-02
3.503999999999999736e-03,5.812500000000000305e-02
3.515499999999999962e-03,5.718750000000000222e-02
3.526999999999999753e-03,5.625000000000000833e-02
3.538499999999999979e-03,5.500000000000000722e-02
3.549999999999999770e-03,5.375000000000000611e-02
3.561499999999999996e-03,5.250000000000000500e-02
3.572999999999999787e-03,5.187500000000000444e-02
3.584500000000000013e-03,5.062500000000000333e-02
3.595999999999999804e-03,5.031250000000000305e-02
3.607500000000000030e-03,5.000000000000000278e-02
3.618999999999999821e-03,5.093750000000000361e-02
3.630500000000000047e-03,5.250000000000000500e-02
3.641999999999999838e-03,5.250000000000000500e-02
3.653499999999999630e-03,5.343749999999999889e-02
3.664999999999999855e-03,5.343749999999999889e-02
3.676499999999999647e-03,5.406249999999999944e-02
3.687999999999999872e-03,5.406249999999999944e-02
3.699499999999999664e-03,5.437500000000000666e-02
3.710999999999999889e-03,5.468750000000000000e-02
3.722499999999999681e-03,5.468750000000000000e-02
3.733999999999999906e-03,5.500000000000000722e-02
3.745499999999999698e-03,5.500000000000000722e-02
3.756999999999999923e-03,5.531250000000000056e-02
3.768499999999999715e-03,5.531250000000000056e-02
3.779999999999999940e-03,5.562500000000000777e-02
3.791499999999999732e-03,5.500000000000000722e-02
3.802999999999999957e-03,5.468750000000000000e-02
3.814499999999999749e-03,5.468750000000000000e-02
3.825999999999999974e-03,5.437500000000000666e-02
3.837499999999999765e-03,5.437500000000000666e-02
3.848999999999999991e-03,5.468750000000000000e-02
3.860499999999999782e-03,5.468750000000000000e-02
3.872000000000000008e-03,5.562500000000000777e-02
3.883499999999999799e-03,5.562500000000000777e-02
3.895000000000000025e-03,5.593750000000000111e-02
3.906500000000000250e-03,5.625000000000000833e-02
3.918000000000000475e-03,5.656250000000000167e-02
3.929499999999999833e-03,5.687500000000000888e-02
3.941000000000000059e-03,5.687500000000000888e-02
3.952500000000000284e-03,5.718750000000000222e-02
3.963999999999999642e-03,5.718750000000000222e-02
3.975499999999999867e-03,5.687500000000000888e-02
3.987000000000000093e-03,5.625000000000000833e-02
3.998500000000000318e-03,5.562500000000000777e-02
4.010000000000000543e-03,5.500000000000000722e-02
4.021499999999999901e-03,5.406249999999999944e-02
4.033000000000000126e-03,5.343749999999999889e-02
4.044500000000000352e-03,5.281250000000000527e-02
4.056000000000000577e-03,5.218750000000000472e-02
4.067499999999999935e-03,5.187500000000000444e-02
4.079000000000000160e-03,5.250000000000000500e-02
4.090500000000000386e-03,5.312500000000000555e-02
4.102000000000000611e-03,5.375000000000000611e-02
4.113499999999999969e-03,5.437500000000000666e-02
4.125000000000000194e-03,5.468750000000000000e-02
4.136500000000000420e-03,5.531250000000000056e-02
4.148000000000000645e-03,5.531250000000000056e-02
4.159500000000000003e-03,5.531250000000000056e-02
4.171000000000000228e-03,5.562500000000000777e-02
4.182500000000000454e-03,5.593750000000000111e-02
4.194000000000000679e-03,5.625000000000000833e-02
4.205500000000000037e-03,5.625000000000000833e-02
4.217000000000000262e-03,5.625000000000000833e-02
4.228500000000000487e-03,5.625000000000000833e-02
4.239999999999999845e-03,5.593750000000000111e-02
4.251500000000000071e-03,5.531250000000000056e-02
4.263000000000000296e-03,5.500000000000000722e-02
4.274500000000000521e-03,5.437500000000000666e-02
4.285999999999999879e-03,5.375000000000000611e-02
4.297500000000000105e-03,5.343749999999999889e-02
4.309000000000000330e-03,5.343749999999999889e-02
4.320500000000000555e-03,5.343749999999999889e-02
4.331999999999999913e-03,5.375000000000000611e-02
4.343500000000000139e-03,5.468750000000000000e-02
4.355000000000000364e-03,5.500000000000000722e-02
4.366500000000000589e-03,5.562500000000000777e-02
4.377999999999999947e-03,5.593750000000000111e-02
4.389500000000000172e-03,5.593750000000000111e-02
4.401000000000000398e-03,5.625000000000000833e-02
4.412500000000000623e-03,5.593750000000000111e-02
4.423999999999999981e-03,5.625000000000000833e-02
4.435500000000000206e-03,5.562500000000000777e-02
4.447000000000000432e-03,5.500000000000000722e-02
4.458500000000000657e-03,5.343749999999999889e-02
4.470000000000000015e-03,5.250000000000000500e-02
4.481500000000000240e-03,5.125000000000000389e-02
4.493000000000000466e-03,5.000000000000000278e-02
4.504500000000000691e-03,4.937500000000000222e-02
4.516000000000000049e-03,4.843750000000000139e-02
4.527500000000000274e-03,4.781250000000000777e-02
4.539000000000000500e-03,4.812500000000000111e-02
4.550499999999999858e-03,4.875000000000000167e-02
4.562000000000000083e-03,4.937500000000000222e-02
4.573500000000000308e-03,5.000000000000000278e-02
4.585000000000000533e-03,5.093750000000000361e-02
4.596499999999999891e-03,5.187500000000000444e-02
4.608000000000000117e-03,5.250000000000000500e-02
4.619500000000000342e-03,5.343749999999999889e-02
4.631000000000000567e-03,5.375000000000000611e-02
4.642499999999999925e-03,5.437500000000000666e-02
4.654000000000000151e-03,5.437500000000000666e-02
4.665500000000000376e-03,5.468750000000000000e-02
4.677000000000000601e-03,5.468750000000000000e-02
4.688499999999999959e-03,5.437500000000000666e-02
4.700000000000000185e-03,5.406249999999999944e-02
4.711500000000000410e-03,5.343749999999999889e-02
4.723000000000000635e-03,5.250000000000000500e-02
4.734499999999999993e-03,5.187500000000000444e-02
4.746000000000000218e-03,5.125000000000000389e-02
4.757500000000000444e-03,5.062500000000000333e-02
4.769000000000000669e-03,5.031250000000000305e-02
4.780500000000000027e-03,5.031250000000000305e-02
4.792000000000000252e-03,5.062500000000000333e-02
4.803500000000000478e-03,5.125000000000000389e-02
4.814999999999999836e-03,5.218750000000000472e-02
4.826500000000000061e-03,5.281250000000000527e-02
4.838000000000000286e-03,5.312500000000000555e-02
4.849500000000000512e-03,5.343749999999999889e-02
4.860999999999999870e-03,5.343749999999999889e-02
4.872500000000000095e-03,5.343749999999999889e-02
4.884000000000000320e-03,5.343749999999999889e-02
4.895500000000000546e-03,5.250000000000000500e-02
4.906999999999999904e-03,5.125000000000000389e-02
4.918500000000000129e-03,5.000000000000000278e-02
4.930000000000000354e-03,4.843750000000000139e-02
4.941500000000000579e-03,4.812500000000000111e-02
4.952999999999999937e-03,4.562500000000000583e-02
4.964500000000000163e-03,4.468750000000000500e-02
4.976000000000000388e-03,4.375000000000000416e-02
4.987500000000000613e-03,4.281250000000000333e-02
4.998999999999999971e-03,4.250000000000000305e-02
5.010500000000000197e-03,4.312500000000000361e-02
5.022000000000000422e-03,4.312500000000000361e-02
5.033500000000000647e-03,4.406250000000000444e-02
5.045000000000000005e-03,4.593750000000000611e-02
5.056500000000000231e-03,4.718750000000000722e-02
5.068000000000000456e-03,4.781250000000000777e-02
5.079500000000000681e-03,4.906250000000000194e-02
5.091000000000000039e-03,5.000000000000000278e-02
5.102500000000000265e-03,5.093750000000000361e-02
5.114000000000000490e-03,5.125000000000000389e-02
5.125499999999999848e-03,5.156250000000000416e-02
5.137000000000000073e-03,5.156250000000000416e-02
5.148500000000000298e-03,5.125000000000000389e-02
5.160000000000000524e-03,5.062500000000000333e-02
5.171499999999999882e-03,4.968750000000000250e-02
5.183000000000000107e-03,4.937500000000000222e-02
5.194500000000000332e-03,4.812500000000000111e-02
5.206000000000000558e-03,4.687500000000000000e-02
5.217499999999999916e-03,4.624999999999999944e-02
5.229000000000000141e-03,4.531250000000000555e-02
5.240500000000000366e-03,4.437500000000000472e-02
5.252000000000000592e-03,4.437500000000000472e-02
5.263499999999999950e-03,4.500000000000000527e-02
5.275000000000000175e-03,4.531250000000000555e-02
5.286500000000000400e-03,4.593750000000000611e-02
5.298000000000000625e-03,4.624999999999999944e-02
5.309499999999999983e-03,4.687500000000000000e-02
5.321000000000000209e-03,4.687500000000000000e-02
5.332500000000000434e-03,4.687500000000000000e-02
5.344000000000000659e-03,4.656250000000000666e-02
5.355500000000000017e-03,4.593750000000000611e-02
5.367000000000000243e-03,4.437500000000000472e-02
5.378500000000000468e-03,4.312500000000000361e-02
5.390000000000000693e-03,4.156250000000000222e-02
5.401500000000000051e-03,3.968750000000000056e-02
5.413000000000000277e-03,3.781250000000000583e-02
5.424500000000000502e-03,3.656250000000000472e-02
5.435999999999999860e-03,3.531250000000000361e-02
5.447500000000000085e-03,3.437500000000000278e-02
5.459000000000000311e-03,3.343750000000000194e-02
5.470500000000000536e-03,3.343750000000000194e-02
5.481999999999999894e-03,3.406250000000000250e-02
5.493500000000000119e-03,3.500000000000000333e-02
5.505000000000000344e-03,3.687500000000000500e-02
5.516500000000000570e-03,3.781250000000000583e-02
5.527999999999999928e-03,4.000000000000000083e-02
5.539500000000000153e-03,4.093750000000000167e-02
5.551000000000000378e-03,4.250000000000000305e-02
5.562500000000000604e-03,4.375000000000000416e-02
5.573999999999999962e-03,4.437500000000000472e-02
5.585500000000000187e-03,4.531250000000000555e-02
5.597000000000000412e-03,4.562500000000000583e-02
5.608500000000000638e-03,4.562500000000000583e-02
5.619999999999999996e-03,4.437500000000000472e-02
5.631500000000000221e-03,4.375000000000000416e-02
5.643000000000000446e-03,4.218750000000000278e-02
5.654500000000000672e-03,4.031250000000000111e-02
5.666000000000000029e-03,3.875000000000000666e-02
5.677500000000000255e-03,3.718750000000000527e-02
5.689000000000000480e-03,3.687500000000000500e-02
5.700499999999999838e-03,3.593750000000000416e-02
5.712000000000000063e-03,3.531250000000000361e-02
5.723500000000000289e-03,3.437500000000000278e-02
5.735000000000000514e-03,3.500000000000000333e-02
5.746499999999999872e-03,3.531250000000000361e-02
5.758000000000000097e-03,3.593750000000000416e-02
5.769500000000000323e-03,3.656250000000000472e-02
5.781000000000000548e-03,3.625000000000000444e-02
5.792499999999999906e-03,3.562500000000000389e-02
5.804000000000000131e-03,3.531250000000000361e-02
5.815500000000000357e-03,3.468750000000000305e-02
5.827000000000000582e-03,3.375000000000000222e-02
5.838499999999999940e-03,3.187500000000000056e-02
5.850000000000000165e-03,3.000000000000000236e-02
5.861500000000000390e-03,2.875000000000000472e-02
5.873000000000000616e-03,2.687500000000000305e-02
5.884499999999999974e-03,2.500000000000000139e-02
5.896000000000000199e-03,2.375000000000000375e-02
5.907500000000000424e-03,2.218750000000000236e-02
5.919000000000000650e-03,2.125000000000000500e-02
5.930500000000000008e-03,2.031250000000000416e-02
5.942000000000000233e-03,2.031250000000000416e-02
5.953500000000000458e-03,2.031250000000000416e-02
5.965000000000000684e-03,2.125000000000000500e-02
5.976500000000000042e-03,2.281250000000000291e-02
5.988000000000000267e-03,2.437500000000000083e-02
5.999500000000000492e-03,2.562500000000000194e-02
6.010999999999999850e-03,2.718750000000000333e-02
6.022500000000000075e-03,2.875000000000000472e-02
6.034000000000000301e-03,2.968750000000000208e-02
6.045500000000000526e-03,3.031250000000000264e-02
6.056999999999999884e-03,3.062500000000000291e-02
6.068500000000000109e-03,3.031250000000000264e-02
6.080000000000000335e-03,2.937500000000000527e-02
6.091500000000000560e-03,2.812500000000000416e-02
6.102999999999999918e-03,2.687500000000000305e-02
6.114500000000000143e-03,2.562500000000000194e-02
6.126000000000000369e-03,2.468750000000000111e-02
6.137500000000000594e-03,2.312500000000000319e-02
6.148999999999999952e-03,2.187500000000000555e-02
6.160500000000000177e-03,2.125000000000000500e-02
6.172000000000000403e-03,2.062500000000000444e-02
6.183500000000000628e-03,2.000000000000000389e-02
6.194999999999999986e-03,2.000000000000000389e-02
6.206500000000000211e-03,2.031250000000000416e-02
6.218000000000000436e-03,2.093750000000000472e-02
6.229500000000000662e-03,2.125000000000000500e-02
6.241000000000000020e-03,2.156250000000000527e-02
6.252500000000000245e-03,2.187500000000000555e-02
6.264000000000000470e-03,2.125000000000000500e-02
6.275500000000000696e-03,2.093750000000000472e-02
6.287000000000000054e-03,2.000000000000000389e-02
6.298500000000000279e-03,1.937500000000000333e-02
6.310000000000000504e-03,1.812500000000000222e-02
6.321499999999999862e-03,1.718750000000000139e-02
6.333000000000000088e-03,1.593750000000000375e-02
6.344500000000000313e-03,1.468750000000000264e-02
6.356000000000000538e-03,1.375000000000000180e-02
6.367499999999999896e-03,1.281250000000000444e-02
6.379000000000000122e-03,1.218750000000000389e-02
6.390500000000000347e-03,1.156250000000000333e-02
6.402000000000000572e-03,1.156250000000000333e-02
6.413499999999999930e-03,1.156250000000000333e-02
6.425000000000000155e-03,1.250000000000000416e-02
6.436500000000000381e-03,1.406250000000000208e-02
6.448000000000000606e-03,1.562500000000000347e-02
6.459499999999999964e-03,1.687500000000000458e-02
6.471000000000000189e-03,1.937500000000000333e-02
6.482500000000000415e-03,2.156250000000000527e-02
6.494000000000000640e-03,2.312500000000000319e-02
6.505499999999999998e-03,2.375000000000000375e-02
6.517000000000000223e-03,2.531250000000000167e-02
6.528500000000000449e-03,2.531250000000000167e-02
6.540000000000000674e-03,2.531250000000000167e-02
6.551500000000000032e-03,2.500000000000000139e-02
6.563000000000000257e-03,2.375000000000000375e-02
6.574500000000000483e-03,2.312500000000000319e-02
6.585999999999999840e-03,2.250000000000000264e-02
6.597500000000000066e-03,2.125000000000000500e-02
6.609000000000000291e-03,2.062500000000000444e-02
6.620500000000000516e-03,1.937500000000000333e-02
6.631999999999999874e-03,1.875000000000000278e-02
6.643500000000000100e-03,1.843750000000000250e-02
6.655000000000000325e-03,1.875000000000000278e-02
6.666500000000000550e-03,1.906250000000000305e-02
6.677999999999999908e-03,2.000000000000000389e-02
6.689500000000000134e-03,2.062500000000000444e-02
6.701000000000000359e-03,2.125000000000000500e-02
6.712500000000000584e-03,2.187500000000000555e-02
6.723999999999999942e-03,2.156250000000000527e-02
6.735500000000000168e-03,2.125000000000000500e-02
6.747000000000000393e-03,2.093750000000000472e-02
6.758500000000000618e-03,1.968750000000000361e-02
6.769999999999999976e-03,1.937500000000000333e-02
6.781500000000000201e-03,1.781250000000000194e-02
6.793000000000000427e-03,1.687500000000000458e-02
6.804500000000000652e-03,1.593750000000000375e-02
6.816000000000000010e-03,1.531250000000000319e-02
6.827500000000000235e-03,1.375000000000000180e-02
6.839000000000000461e-03,1.312500000000000125e-02
6.850500000000000686e-03,1.250000000000000416e-02
6.862000000000000044e-03,1.218750000000000389e-02
6.873500000000000269e-03,1.218750000000000389e-02
6.885000000000000495e-03,1.312500000000000125e-02
6.896499999999999853e-03,1.406250000000000208e-02
6.908000000000000078e-03,1.531250000000000319e-02
6.919500000000000303e-03,1.781250000000000194e-02
6.931000000000000529e-03,2.000000000000000389e-02
6.942499999999999886e-03,2.156250000000000527e-02
6.954000000000000112e-03,2.281250000000000291e-02
6.965500000000000337e-03,2.437500000000000083e-02
6.977000000000000562e-03,2.531250000000000167e-02
6.988499999999999920e-03,2.562500000000000194e-02
7.000000000000000146e-03,2.531250000000000167e-02
7.011500000000000371e-03,2.500000000000000139e-02
7.023000000000000596e-03,2.437500000000000083e-02
7.034499999999999954e-03,2.312500000000000319e-02
7.046000000000000180e-03,2.187500000000000555e-02
7.057500000000000405e-03,2.093750000000000472e-02
7.069000000000000630e-03,2.000000000000000389e-02
7.080499999999999988e-03,1.968750000000000361e-02
7.092000000000000214e-03,1.875000000000000278e-02
7.103500000000000439e-03,1.812500000000000222e-02
7.115000000000000664e-03,1.781250000000000194e-02
7.126500000000000022e-03,1.843750000000000250e-02
7.138000000000000247e-03,1.875000000000000278e-02
7.149500000000000473e-03,1.968750000000000361e-02
7.161000000000000698e-03,2.031250000000000416e-02
7.172500000000000056e-03,2.125000000000000500e-02
7.184000000000000281e-03,2.125000000000000500e-02
7.195500000000000507e-03,2.125000000000000500e-02
7.206999999999999865e-03,2.062500000000000444e-02
7.218500000000000090e-03,2.031250000000000416e-02
7.230000000000000315e-03,1.937500000000000333e-02
7.241500000000000541e-03,1.781250000000000194e-02
7.252999999999999899e-03,1.750000000000000167e-02
7.264500000000000124e-03,1.625000000000000402e-02
7.276000000000000349e-03,1.562500000000000347e-02
7.287500000000000575e-03,1.406250000000000208e-02
7.298999999999999932e-03,1.343750000000000153e-02
7.310500000000000158e-03,1.281250000000000444e-02
7.322000000000000383e-03,1.218750000000000389e-02
7.333500000000000608e-03,1.187500000000000361e-02
7.344999999999999966e-03,1.187500000000000361e-02
7.356500000000000192e-03,1.218750000000000389e-02
7.368000000000000417e-03,1.375000000000000180e-02
7.379500000000000642e-03,1.531250000000000319e-02
7.391000000000000000e-03,1.718750000000000139e-02
7.402500000000000226e-03,1.843750000000000250e-02
7.414000000000000451e-03,1.968750000000000361e-02
7.425500000000000676e-03,2.093750000000000472e-02
7.437000000000000034e-03,2.156250000000000527e-02
7.448500000000000260e-03,2.156250000000000527e-02
7.460000000000000485e-03,2.156250000000000527e-02
7.471499999999999843e-03,2.093750000000000472e-02
7.483000000000000068e-03,2.000000000000000389e-02
7.494500000000000293e-03,1.875000000000000278e-02
7.506000000000000519e-03,1.750000000000000167e-02
7.517499999999999877e-03,1.656250000000000430e-02
7.529000000000000102e-03,1.500000000000000291e-02
7.540500000000000327e-03,1.437500000000000236e-02
7.552000000000000553e-03,1.312500000000000125e-02
7.563499999999999911e-03,1.250000000000000416e-02
7.575000000000000136e-03,1.218750000000000389e-02
7.586500000000000361e-03,1.156250000000000333e-02
7.598000000000000587e-03,1.125000000000000305e-02
7.609499999999999945e-03,1.125000000000000305e-02
7.621000000000000170e-03,1.125000000000000305e-02
7.632500000000000395e-03,1.125000000000000305e-02
7.644000000000000621e-03,1.125000000000000305e-02
7.655499999999999979e-03,1.062500000000000250e-02
7.667000000000000204e-03,1.031250000000000222e-02
7.678500000000000429e-03,9.375000000000001388e-03
7.690000000000000654e-03,9.062500000000001110e-03
7.701500000000000012e-03,8.750000000000004302e-03
7.713000000000000238e-03,8.125000000000003747e-03
7.724500000000000463e-03,7.812500000000003469e-03
7.736000000000000688e-03,7.812500000000003469e-03
7.747500000000000046e-03,7.812500000000003469e-03
7.759000000000000272e-03,7.500000000000003192e-03
7.770500000000000497e-03,7.500000000000003192e-03
7.781999999999999855e-03,7.187500000000002914e-03
7.793500000000000080e-03,6.875000000000002637e-03
7.805000000000000306e-03,6.562500000000002359e-03
7.816500000000000531e-03,5.937500000000001804e-03
7.827999999999999889e-03,6.562500000000002359e-03
7.839499999999999247e-03,6.562500000000002359e-03
7.851000000000000340e-03,7.500000000000003192e-03
7.862499999999999697e-03,7.812500000000003469e-03
7.873999999999999055e-03,8.750000000000004302e-03
7.885500000000000148e-03,9.062500000000001110e-03
7.896999999999999506e-03,9.375000000000001388e-03
7.908500000000000599e-03,9.687500000000001665e-03
7.919999999999999957e-03,9.375000000000001388e-03
7.931499999999999315e-03,8.750000000000004302e-03
7.942999999999998673e-03,8.437500000000004025e-03
7.954499999999999765e-03,8.125000000000003747e-03
7.965999999999999123e-03,7.500000000000003192e-03
7.977500000000000216e-03,7.187500000000002914e-03
7.988999999999999574e-03,7.187500000000002914e-03
8.000499999999998932e-03,7.187500000000002914e-03
8.012000000000000025e-03,6.875000000000002637e-03
8.023499999999999382e-03,6.875000000000002637e-03
8.034999999999998740e-03,6.562500000000002359e-03
8.046499999999999833e-03,6.562500000000002359e-03
8.057999999999999191e-03,6.250000000000002082e-03
8.069499999999998549e-03,5.625000000000001527e-03
8.080999999999999642e-03,5.312500000000001249e-03
8.092499999999999000e-03,5.312500000000001249e-03
8.104000000000000092e-03,5.312500000000001249e-03
8.115499999999999450e-03,4.687500000000004163e-03
8.126999999999998808e-03,4.687500000000004163e-03
8.138499999999999901e-03,4.687500000000004163e-03
8.149999999999999259e-03,5.000000000000004441e-03
8.161499999999998617e-03,5.000000000000004441e-03
8.172999999999999710e-03,6.250000000000002082e-03
8.184499999999999068e-03,6.875000000000002637e-03
8.196000000000000160e-03,8.125000000000003747e-03
8.207499999999999518e-03,8.750000000000004302e-03
8.218999999999998876e-03,9.687500000000001665e-03
8.230499999999999969e-03,1.031250000000000222e-02
8.241999999999999327e-03,1.125000000000000305e-02
8.253499999999998685e-03,1.125000000000000305e-02
8.264999999999999777e-03,1.093750000000000278e-02
8.276499999999999135e-03,1.062500000000000250e-02
8.288000000000000228e-03,1.031250000000000222e-02
8.299499999999999586e-03,9.375000000000001388e-03
8.310999999999998944e-03,9.062500000000001110e-03
8.322500000000000037e-03,8.437500000000004025e-03
8.333999999999999395e-03,8.437500000000004025e-03
8.345499999999998753e-03,8.125000000000003747e-03
8.356999999999999845e-03,7.812500000000003469e-03
8.368499999999999203e-03,7.500000000000003192e-03
8.379999999999998561e-03,7.187500000000002914e-03
8.391499999999999654e-03,6.562500000000002359e-03
8.402999999999999012e-03,6.562500000000002359e-03
8.414500000000000104e-03,6.562500000000002359e-03
8.425999999999999462e-03,6.562500000000002359e-03
8.437499999999998820e-03,6.562500000000002359e-03
8.448999999999999913e-03,6.875000000000002637e-03
8.460499999999999271e-03,7.187500000000002914e-03
8.471999999999998629e-03,7.187500000000002914e-03
8.483499999999999722e-03,7.812500000000003469e-03
8.494999999999999080e-03,7.812500000000003469e-03
8.506500000000000172e-03,7.500000000000003192e-03
8.517999999999999530e-03,7.187500000000002914e-03
8.529499999999998888e-03,7.187500000000002914e-03
8.540999999999999981e-03,6.562500000000002359e-03
8.552499999999999339e-03,6.562500000000002359e-03
8.563999999999998697e-03,5.937500000000001804e-03
8.575499999999999790e-03,5.625000000000001527e-03
8.586999999999999147e-03,5.312500000000001249e-03
8.598500000000000240e-03,5.625000000000001527e-03
8.609999999999999598e-03,5.625000000000001527e-03
8.621499999999998956e-03,6.250000000000002082e-03
8.633000000000000049e-03,6.875000000000002637e-03
8.644499999999999407e-03,7.812500000000003469e-03
8.655999999999998765e-03,8.750000000000004302e-03
8.667499999999999857e-03,9.687500000000001665e-03
8.678999999999999215e-03,1.093750000000000278e-02
8.690499999999998573e-03,1.156250000000000333e-02
8.701999999999999666e-03,1.250000000000000416e-02
8.713499999999999024e-03,1.250000000000000416e-02
8.725000000000000117e-03,1.250000000000000416e-02
8.736499999999999475e-03,1.250000000000000416e-02
8.747999999999998832e-03,1.156250000000000333e-02
8.759499999999999925e-03,1.093750000000000278e-02
8.770999999999999283e-03,1.000000000000000194e-02
8.782499999999998641e-03,9.687500000000001665e-03
8.793999999999999734e-03,9.062500000000001110e-03
8.805499999999999092e-03,9.062500000000001110e-03
8.817000000000000184e-03,8.437500000000004025e-03
8.828499999999999542e-03,7.812500000000003469e-03
8.839999999999998900e-03,7.500000000000003192e-03
8.851499999999999993e-03,7.187500000000002914e-03
8.862999999999999351e-03,6.875000000000002637e-03
8.874499999999998709e-03,6.562500000000002359e-03
8.885999999999999802e-03,6.562500000000002359e-03
8.897499999999999160e-03,7.187500000000002914e-03
8.909000000000000252e-03,7.500000000000003192e-03
8.920499999999999610e-03,7.812500000000003469e-03
8.931999999999998968e-03,8.125000000000003747e-03
8.943500000000000061e-03,8.437500000000004025e-03
8.954999999999999419e-03,9.375000000000001388e-03
8.966499999999998777e-03,9.062500000000001110e-03
8.977999999999999869e-03,8.437500000000004025e-03
8.989499999999999227e-03,8.750000000000004302e-03
9.000999999999998585e-03,8.125000000000003747e-03
9.012499999999999678e-03,7.812500000000003469e-03
9.023999999999999036e-03,7.187500000000002914e-03
9.035500000000000129e-03,6.875000000000002637e-03
9.046999999999999487e-03,6.875000000000002637e-03
9.058499999999998845e-03,6.562500000000002359e-03
9.069999999999999937e-03,6.875000000000002637e-03
9.081499999999999295e-03,7.500000000000003192e-03
9.092999999999998653e-03,8.125000000000003747e-03
9.104499999999999746e-03,8.750000000000004302e-03
9.115999999999999104e-03,1.000000000000000194e-02
9.127500000000000197e-03,1.125000000000000305e-02
9.138999999999999554e-03,1.281250000000000444e-02
9.150499999999998912e-03,1.375000000000000180e-02
9.162000000000000005e-03,1.468750000000000264e-02
9.173499999999999363e-03,1.531250000000000319e-02
9.184999999999998721e-03,1.562500000000000347e-02
9.196499999999999814e-03,1.562500000000000347e-02
9.207999999999999172e-03,1.500000000000000291e-02
9.219500000000000264e-03,1.406250000000000208e-02
9.230999999999999622e-03,1.343750000000000153e-02
9.242499999999998980e-03,1.187500000000000361e-02
9.254000000000000073e-03,1.156250000000000333e-02
9.265499999999999431e-03,1.093750000000000278e-02
9.276999999999998789e-03,1.000000000000000194e-02
9.288499999999999882e-03,9.062500000000001110e-03
9.299999999999999239e-03,8.750000000000004302e-03
9.311499999999998597e-03,8.437500000000004025e-03
9.322999999999999690e-03,8.125000000000003747e-03
9.334499999999999048e-03,7.812500000000003469e-03
9.346000000000000141e-03,8.125000000000003747e-03
9.357499999999999499e-03,8.125000000000003747e-03
9.368999999999998857e-03,9.062500000000001110e-03
9.380499999999999949e-03,9.687500000000001665e-03
9.391999999999999307e-03,1.062500000000000250e-02
9.403499999999998665e-03,1.156250000000000333e-02
9.414999999999999758e-03,1.218750000000000389e-02
9.426499999999999116e-03,1.250000000000000416e-02
9.438000000000000209e-03,1.281250000000000444e-02
9.449499999999999567e-03,1.250000000000000416e-02
9.460999999999998925e-03,1.218750000000000389e-02
9.472500000000000017e-03,1.156250000000000333e-02
9.483999999999999375e-03,1.125000000000000305e-02
9.495499999999998733e-03,1.125000000000000305e-02
9.506999999999999826e-03,1.093750000000000278e-02
9.518499999999999184e-03,1.093750000000000278e-02
9.529999999999998542e-03,1.093750000000000278e-02
9.541499999999999634e-03,1.218750000000000389e-02
9.552999999999998992e-03,1.343750000000000153e-02
9.564500000000000085e-03,1.468750000000000264e-02
9.575999999999999443e-03,1.687500000000000458e-02
9.587499999999998801e-03,1.843750000000000250e-02
9.598999999999999894e-03,2.031250000000000416e-02
9.610499999999999252e-03,2.187500000000000555e-02
9.621999999999998610e-03,2.312500000000000319e-02
9.633499999999999702e-03,2.468750000000000111e-02
9.644999999999999060e-03,2.531250000000000167e-02
9.656500000000000153e-03,2.531250000000000167e-02
9.667999999999999511e-03,2.593750000000000222e-02
9.679499999999998869e-03,2.531250000000000167e-02
9.690999999999999961e-03,2.437500000000000083e-02
9.702499999999999319e-03,2.250000000000000264e-02
9.713999999999998677e-03,2.187500000000000555e-02
9.725499999999999770e-03,2.031250000000000416e-02
9.736999999999999128e-03,1.875000000000000278e-02
9.748500000000000221e-03,1.812500000000000222e-02
9.759999999999999579e-03,1.750000000000000167e-02
9.771499999999998937e-03,1.718750000000000139e-02
9.783000000000000029e-03,1.687500000000000458e-02
9.794499999999999387e-03,1.718750000000000139e-02
9.805999999999998745e-03,1.750000000000000167e-02
9.817499999999999838e-03,1.843750000000000250e-02
9.828999999999999196e-03,1.968750000000000361e-02
9.840499999999998554e-03,2.125000000000000500e-02
9.851999999999999647e-03,2.281250000000000291e-02
9.863499999999999004e-03,2.375000000000000375e-02
9.875000000000000097e-03,2.531250000000000167e-02
9.886499999999999455e-03,2.593750000000000222e-02
9.897999999999998813e-03,2.656250000000000278e-02
9.909499999999999906e-03,2.687500000000000305e-02
9.920999999999999264e-03,2.656250000000000278e-02
9.932499999999998622e-03,2.656250000000000278e-02
9.943999999999999714e-03,2.625000000000000250e-02
9.955499999999999072e-03,2.625000000000000250e-02
9.967000000000000165e-03,2.593750000000000222e-02
9.978499999999999523e-03,2.687500000000000305e-02
9.989999999999998881e-03,2.718750000000000333e-02
1.000149999999999997e-02,2.843750000000000444e-02
1.001299999999999933e-02,2.968750000000000208e-02
1.002449999999999869e-02,3.125000000000000000e-02
1.003599999999999978e-02,3.312500000000000167e-02
1.004749999999999914e-02,3.468750000000000305e-02
1.005900000000000023e-02,3.593750000000000416e-02
1.007049999999999959e-02,3.750000000000000555e-02
1.008199999999999895e-02,3.906250000000000000e-02
1.009350000000000004e-02,4.062500000000000139e-02
1.010499999999999940e-02,4.125000000000000194e-02
1.011649999999999876e-02,4.187500000000000250e-02
1.012799999999999985e-02,4.281250000000000333e-02
1.013949999999999921e-02,4.281250000000000333e-02
1.015099999999999857e-02,4.218750000000000278e-02
1.016249999999999966e-02,4.093750000000000167e-02
1.017399999999999902e-02,3.906250000000000000e-02
1.018550000000000011e-02,3.781250000000000583e-02
1.019699999999999947e-02,3.593750000000000416e-02
1.020849999999999883e-02,3.437500000000000278e-02
1.021999999999999992e-02,3.406250000000000250e-02
1.023149999999999928e-02,3.281250000000000139e-02
1.024299999999999863e-02,3.312500000000000167e-02
1.025449999999999973e-02,3.281250000000000139e-02
1.026599999999999908e-02,3.312500000000000167e-02
1.027750000000000018e-02,3.406250000000000250e-02
1.028899999999999954e-02,3.500000000000000333e-02
1.030049999999999889e-02,3.656250000000000472e-02
1.031199999999999999e-02,3.781250000000000583e-02
1.032349999999999934e-02,3.875000000000000666e-02
1.033499999999999870e-02,4.000000000000000083e-02
1.034649999999999979e-02,4.093750000000000167e-02
1.035799999999999915e-02,4.156250000000000222e-02
1.036950000000000024e-02,4.218750000000000278e-02
1.038099999999999960e-02,4.218750000000000278e-02
1.039249999999999896e-02,4.218750000000000278e-02
1.040400000000000005e-02,4.187500000000000250e-02
1.041549999999999941e-02,4.187500000000000250e-02
1.042699999999999877e-02,4.125000000000000194e-02
1.043849999999999986e-02,4.125000000000000194e-02
1.044999999999999922e-02,4.156250000000000222e-02
1.046149999999999858e-02,4.250000000000000305e-02
1.047299999999999967e-02,4.312500000000000361e-02
1.048449999999999903e-02,4.437500000000000472e-02
1.049600000000000012e-02,4.562500000000000583e-02
1.050749999999999948e-02,4.624999999999999944e-02
1.051899999999999884e-02,4.750000000000000056e-02
1.053049999999999993e-02,4.843750000000000139e-02
1.054199999999999929e-02,4.875000000000000167e-02
1.055349999999999865e-02,5.000000000000000278e-02
1.056499999999999974e-02,5.062500000000000333e-02
1.057649999999999910e-02,5.093750000000000361e-02
1.058800000000000019e-02,5.156250000000000416e-02
1.059949999999999955e-02,5.125000000000000389e-02
1.061099999999999891e-02,5.125000000000000389e-02
1.062250000000000000e-02,5.031250000000000305e-02
1.063399999999999936e-02,4.937500000000000222e-02
1.064549999999999871e-02,4.687500000000000000e-02
1.065699999999999981e-02,4.500000000000000527e-02
1.066849999999999916e-02,4.375000000000000416e-02
1.068000000000000026e-02,4.281250000000000333e-02
1.069149999999999961e-02,4.156250000000000222e-02
1.070299999999999897e-02,4.093750000000000167e-02
1.071450000000000007e-02,4.093750000000000167e-02
1.072599999999999942e-02,4.125000000000000194e-02
1.073749999999999878e-02,4.156250000000000222e-02
1.074899999999999987e-02,4.312500000000000361e-02
1.076049999999999923e-02,4.406250000000000444e-02
1.077199999999999859e-02,4.500000000000000527e-02
1.078349999999999968e-02,4.562500000000000583e-02
1.079499999999999904e-02,4.687500000000000000e-02
1.080650000000000013e-02,4.781250000000000777e-02
1.081799999999999949e-02,4.812500000000000111e-02
1.082949999999999885e-02,4.906250000000000194e-02
1.084099999999999994e-02,4.937500000000000222e-02
1.085249999999999930e-02,4.937500000000000222e-02
1.086399999999999866e-02,4.937500000000000222e-02
1.087549999999999975e-02,4.937500000000000222e-02
1.088699999999999911e-02,4.937500000000000222e-02
1.089850000000000020e-02,4.937500000000000222e-02
1.090999999999999956e-02,4.937500000000000222e-02
1.092149999999999892e-02,5.031250000000000305e-02
1.093300000000000001e-02,5.093750000000000361e-02
1.094449999999999937e-02,5.156250000000000416e-02
1.095599999999999873e-02,5.218750000000000472e-02
1.096749999999999982e-02,5.250000000000000500e-02
1.097899999999999918e-02,5.281250000000000527e-02
1.099050000000000027e-02,5.281250000000000527e-02
1.100199999999999963e-02,5.312500000000000555e-02
1.101349999999999899e-02,5.343749999999999889e-02
1.102500000000000008e-02,5.343749999999999889e-02
1.103649999999999944e-02,5.375000000000000611e-02
1.104799999999999879e-02,5.437500000000000666e-02
1.105949999999999989e-02,5.468750000000000000e-02
1.107099999999999924e-02,5.468750000000000000e-02
1.108249999999999860e-02,5.468750000000000000e-02
1.109399999999999969e-02,5.375000000000000611e-02
1.110549999999999905e-02,5.250000000000000500e-02
1.111700000000000015e-02,5.125000000000000389e-02
1.112849999999999950e-02,5.062500000000000333e-02
1.113999999999999886e-02,4.937500000000000222e-02
1.115149999999999995e-02,4.875000000000000167e-02
1.116299999999999931e-02,4.843750000000000139e-02
1.117449999999999867e-02,4.812500000000000111e-02
1.118599999999999976e-02,4.843750000000000139e-02
1.119749999999999912e-02,4.875000000000000167e-02
1.120900000000000021e-02,4.906250000000000194e-02
1.122049999999999957e-02,5.000000000000000278e-02
1.123199999999999893e-02,5.062500000000000333e-02
1.124350000000000002e-02,5.093750000000000361e-02
1.125499999999999938e-02,5.125000000000000389e-02
1.126649999999999874e-02,5.187500000000000444e-02
1.127799999999999983e-02,5.218750000000000472e-02
1.128949999999999919e-02,5.250000000000000500e-02
1.130099999999999855e-02,5.281250000000000527e-02
1.131249999999999964e-02,5.312500000000000555e-02
1.132399999999999900e-02,5.312500000000000555e-02
1.133550000000000009e-02,5.312500000000000555e-02
1.134699999999999945e-02,5.312500000000000555e-02
1.135849999999999881e-02,5.312500000000000555e-02
1.136999999999999990e-02,5.343749999999999889e-02
1.138149999999999926e-02,5.375000000000000611e-02
1.139299999999999861e-02,5.437500000000000666e-02
1.140449999999999971e-02,5.468750000000000000e-02
1.141599999999999906e-02,5.531250000000000056e-02
1.142750000000000016e-02,5.531250000000000056e-02
1.143899999999999952e-02,5.593750000000000111e-02
1.145049999999999887e-02,5.625000000000000833e-02
1.146199999999999997e-02,5.562500000000000777e-02
1.147349999999999932e-02,5.531250000000000056e-02
1.148499999999999868e-02,5.562500000000000777e-02
1.149649999999999977e-02,5.562500000000000777e-02
1.150799999999999913e-02,5.562500000000000777e-02
1.151950000000000023e-02,5.593750000000000111e-02
1.153099999999999958e-02,5.656250000000000167e-02
1.154249999999999894e-02,5.687500000000000888e-02
1.155400000000000003e-02,5.687500000000000888e-02
1.156549999999999939e-02,5.656250000000000167e-02
1.157699999999999875e-02,5.593750000000000111e-02
1.158849999999999984e-02,5.500000000000000722e-02
1.159999999999999920e-02,5.437500000000000666e-02
1.161149999999999856e-02,5.406249999999999944e-02
1.162299999999999965e-02,5.437500000000000666e-02
1.163449999999999901e-02,5.406249999999999944e-02
1.164600000000000010e-02,5.468750000000000000e-02
1.165749999999999946e-02,5.468750000000000000e-02
1.166899999999999882e-02,5.500000000000000722e-02
1.168049999999999991e-02,5.500000000000000722e-02
1.169199999999999927e-02,5.500000000000000722e-02
1.170349999999999863e-02,5.531250000000000056e-02
1.171499999999999972e-02,5.468750000000000000e-02
1.172649999999999908e-02,5.468750000000000000e-02
1.173800000000000017e-02,5.468750000000000000e-02
1.174949999999999953e-02,5.468750000000000000e-02
1.176099999999999889e-02,5.500000000000000722e-02
1.177249999999999998e-02,5.531250000000000056e-02
1.178399999999999934e-02,5.593750000000000111e-02
1.179549999999999869e-02,5.625000000000000833e-02
1.180699999999999979e-02,5.687500000000000888e-02
1.181849999999999914e-02,5.718750000000000222e-02
1.183000000000000024e-02,5.718750000000000222e-02
1.184149999999999960e-02,5.750000000000000250e-02
1.185299999999999895e-02,5.718750000000000222e-02
1.186450000000000005e-02,5.718750000000000222e-02
1.187599999999999940e-02,5.687500000000000888e-02
1.188749999999999876e-02,5.656250000000000167e-02
1.189899999999999985e-02,5.500000000000000722e-02
1.191049999999999921e-02,5.343749999999999889e-02
1.192199999999999857e-02,5.218750000000000472e-02
1.193349999999999966e-02,5.062500000000000333e-02
1.194499999999999902e-02,4.937500000000000222e-02
1.195650000000000011e-02,4.875000000000000167e-02
1.196799999999999947e-02,4.781250000000000777e-02
1.197949999999999883e-02,4.812500000000000111e-02
1.199099999999999992e-02,4.843750000000000139e-02
1.200249999999999928e-02,4.937500000000000222e-02
1.201399999999999864e-02,5.031250000000000305e-02
1.202549999999999973e-02,5.093750000000000361e-02
1.203699999999999909e-02,5.218750000000000472e-02
1.204850000000000018e-02,5.250000000000000500e-02
1.205999999999999954e-02,5.343749999999999889e-02
1.207149999999999890e-02,5.406249999999999944e-02
1.208299999999999999e-02,5.437500000000000666e-02
1.209449999999999935e-02,5.500000000000000722e-02
1.210599999999999871e-02,5.531250000000000056e-02
1.211749999999999980e-02,5.531250000000000056e-02
1.212899999999999916e-02,5.500000000000000722e-02
1.214050000000000025e-02,5.437500000000000666e-02
1.215199999999999961e-02,5.406249999999999944e-02
1.216349999999999897e-02,5.281250000000000527e-02
1.217500000000000006e-02,5.187500000000000444e-02
1.218649999999999942e-02,5.093750000000000361e-02
1.219799999999999877e-02,5.031250000000000305e-02
1.220949999999999987e-02,4.968750000000000250e-02
1.222099999999999922e-02,4.968750000000000250e-02
1.223249999999999858e-02,4.968750000000000250e-02
1.224399999999999968e-02,5.062500000000000333e-02
1.225549999999999903e-02,5.125000000000000389e-02
1.226700000000000013e-02,5.187500000000000444e-02
1.227849999999999948e-02,5.218750000000000472e-02
1.228999999999999884e-02,5.281250000000000527e-02
1.230149999999999993e-02,5.281250000000000527e-02
1.231299999999999929e-02,5.281250000000000527e-02
1.232449999999999865e-02,5.281250000000000527e-02
1.233599999999999974e-02,5.187500000000000444e-02
1.234749999999999910e-02,5.187500000000000444e-02
1.235900000000000019e-02,5.000000000000000278e-02
1.237049999999999955e-02,4.906250000000000194e-02
1.238199999999999891e-02,4.750000000000000056e-02
1.239350000000000000e-02,4.656250000000000666e-02
1.240499999999999936e-02,4.531250000000000555e-02
1.241649999999999872e-02,4.375000000000000416e-02
1.242799999999999981e-02,4.343750000000000389e-02
1.243949999999999917e-02,4.312500000000000361e-02
1.245100000000000026e-02,4.375000000000000416e-02
1.246249999999999962e-02,4.468750000000000500e-02
1.247399999999999898e-02,4.531250000000000555e-02
1.248550000000000007e-02,4.687500000000000000e-02
1.249699999999999943e-02,4.812500000000000111e-02
1.250849999999999879e-02,4.906250000000000194e-02
1.251999999999999988e-02,5.000000000000000278e-02
1.253149999999999924e-02,5.093750000000000361e-02
1.254299999999999859e-02,5.187500000000000444e-02
1.255449999999999969e-02,5.250000000000000500e-02
1.256599999999999905e-02,5.250000000000000500e-02
1.257750000000000014e-02,5.312500000000000555e-02
1.258899999999999950e-02,5.312500000000000555e-02
1.260049999999999885e-02,5.312500000000000555e-02
1.261199999999999995e-02,5.281250000000000527e-02
1.262349999999999930e-02,5.218750000000000472e-02
1.263499999999999866e-02,5.187500000000000444e-02
1.264649999999999976e-02,5.125000000000000389e-02
1.265799999999999911e-02,5.093750000000000361e-02
1.266950000000000021e-02,5.062500000000000333e-02
1.268099999999999956e-02,5.031250000000000305e-02
1.269249999999999892e-02,5.062500000000000333e-02
1.270400000000000001e-02,5.093750000000000361e-02
1.271549999999999937e-02,5.156250000000000416e-02
1.272699999999999873e-02,5.218750000000000472e-02
1.273849999999999982e-02,5.312500000000000555e-02
1.274999999999999918e-02,5.343749999999999889e-02
1.276149999999999854e-02,5.375000000000000611e-02
1.277299999999999963e-02,5.343749999999999889e-02
1.278449999999999899e-02,5.343749999999999889e-02
1.279600000000000008e-02,5.343749999999999889e-02
1.280749999999999944e-02,5.250000000000000500e-02
1.281899999999999880e-02,5.125000000000000389e-02
1.283049999999999989e-02,5.031250000000000305e-02
1.284199999999999925e-02,4.875000000000000167e-02
1.285349999999999861e-02,4.718750000000000722e-02
1.286499999999999970e-02,4.624999999999999944e-02
1.287649999999999906e-02,4.468750000000000500e-02
1.288800000000000015e-02,4.406250000000000444e-02
1.289949999999999951e-02,4.343750000000000389e-02
1.291099999999999887e-02,4.343750000000000389e-02
1.292249999999999996e-02,4.406250000000000444e-02
1.293399999999999932e-02,4.500000000000000527e-02
1.294549999999999867e-02,4.624999999999999944e-02
1.295699999999999977e-02,4.750000000000000056e-02
1.296849999999999913e-02,4.875000000000000167e-02
1.298000000000000022e-02,4.968750000000000250e-02
1.299149999999999958e-02,5.062500000000000333e-02
1.300299999999999893e-02,5.156250000000000416e-02
1.301450000000000003e-02,5.187500000000000444e-02
1.302599999999999938e-02,5.250000000000000500e-02
1.303749999999999874e-02,5.312500000000000555e-02
1.304899999999999984e-02,5.343749999999999889e-02
1.306049999999999919e-02,5.343749999999999889e-02
1.307199999999999855e-02,5.312500000000000555e-02
1.308349999999999964e-02,5.281250000000000527e-02
1.309499999999999900e-02,5.218750000000000472e-02
1.310650000000000009e-02,5.125000000000000389e-02
1.311799999999999945e-02,5.031250000000000305e-02
1.312949999999999881e-02,4.937500000000000222e-02
1.314099999999999990e-02,4.906250000000000194e-02
1.315249999999999926e-02,4.906250000000000194e-02
1.316399999999999862e-02,4.906250000000000194e-02
1.317549999999999971e-02,5.000000000000000278e-02
1.318699999999999907e-02,5.062500000000000333e-02
1.319850000000000016e-02,5.156250000000000416e-02
1.320999999999999952e-02,5.187500000000000444e-02
1.322149999999999888e-02,5.250000000000000500e-02
1.323299999999999997e-02,5.218750000000000472e-02
1.324449999999999933e-02,5.218750000000000472e-02
1.325599999999999869e-02,5.218750000000000472e-02
1.326749999999999978e-02,5.156250000000000416e-02
1.327899999999999914e-02,5.093750000000000361e-02
1.329050000000000023e-02,4.968750000000000250e-02
1.330199999999999959e-02,4.812500000000000111e-02
1.331349999999999895e-02,4.687500000000000000e-02
1.332500000000000004e-02,4.468750000000000500e-02
1.333649999999999940e-02,4.343750000000000389e-02
1.334799999999999875e-02,4.218750000000000278e-02
1.335949999999999985e-02,4.125000000000000194e-02
1.337099999999999921e-02,4.062500000000000139e-02
1.338249999999999856e-02,4.093750000000000167e-02
1.339399999999999966e-02,4.125000000000000194e-02
1.340549999999999901e-02,4.250000000000000305e-02
1.341700000000000011e-02,4.406250000000000444e-02
1.342849999999999946e-02,4.531250000000000555e-02
1.343999999999999882e-02,4.624999999999999944e-02
1.345149999999999992e-02,4.781250000000000777e-02
1.346299999999999927e-02,4.875000000000000167e-02
1.347449999999999863e-02,4.968750000000000250e-02
1.348599999999999972e-02,5.000000000000000278e-02
1.349749999999999908e-02,5.031250000000000305e-02
1.350900000000000017e-02,5.031250000000000305e-02
1.352049999999999953e-02,4.968750000000000250e-02
1.353199999999999889e-02,4.875000000000000167e-02
1.354349999999999998e-02,4.718750000000000722e-02
1.355499999999999934e-02,4.562500000000000583e-02
1.356649999999999870e-02,4.468750000000000500e-02
1.357799999999999979e-02,4.218750000000000278e-02
1.358949999999999915e-02,4.187500000000000250e-02
1.360100000000000024e-02,4.000000000000000083e-02
1.361249999999999960e-02,3.968750000000000056e-02
1.362399999999999896e-02,3.906250000000000000e-02
1.363550000000000005e-02,3.906250000000000000e-02
1.364699999999999941e-02,3.937500000000000722e-02
1.365849999999999877e-02,3.968750000000000056e-02
1.366999999999999986e-02,4.000000000000000083e-02
1.368149999999999922e-02,4.031250000000000111e-02
1.369299999999999858e-02,4.000000000000000083e-02
1.370449999999999967e-02,3.968750000000000056e-02
1.371599999999999903e-02,3.906250000000000000e-02
1.372750000000000012e-02,3.843750000000000638e-02
1.373899999999999948e-02,3.687500000000000500e-02
1.375049999999999883e-02,3.531250000000000361e-02
1.376199999999999993e-02,3.343750000000000194e-02
1.377349999999999929e-02,3.187500000000000056e-02
1.378499999999999864e-02,2.968750000000000208e-02
1.379649999999999974e-02,2.781250000000000389e-02
1.380799999999999909e-02,2.593750000000000222e-02
1.381950000000000019e-02,2.500000000000000139e-02
1.383099999999999954e-02,2.437500000000000083e-02
1.384249999999999890e-02,2.406250000000000056e-02
1.385400000000000000e-02,2.375000000000000375e-02
1.386549999999999935e-02,2.500000000000000139e-02
1.387699999999999871e-02,2.593750000000000222e-02
1.388849999999999980e-02,2.843750000000000444e-02
1.389999999999999916e-02,3.062500000000000291e-02
1.391150000000000025e-02,3.125000000000000000e-02
1.392299999999999961e-02,3.312500000000000167e-02
1.393449999999999897e-02,3.406250000000000250e-02
1.394600000000000006e-02,3.562500000000000389e-02
1.395749999999999942e-02,3.625000000000000444e-02
1.396899999999999878e-02,3.656250000000000472e-02
1.398049999999999987e-02,3.625000000000000444e-02
1.399199999999999923e-02,3.593750000000000416e-02
1.400349999999999859e-02,3.468750000000000305e-02
1.401499999999999968e-02,3.343750000000000194e-02
1.402649999999999904e-02,3.156250000000000028e-02
1.403800000000000013e-02,3.031250000000000264e-02
1.404949999999999949e-02,2.937500000000000527e-02
1.406099999999999885e-02,2.781250000000000389e-02
1.407249999999999994e-02,2.687500000000000305e-02
1.408399999999999930e-02,2.625000000000000250e-02
1.409549999999999866e-02,2.625000000000000250e-02
1.410699999999999975e-02,2.593750000000000222e-02
1.411849999999999911e-02,2.687500000000000305e-02
1.413000000000000020e-02,2.750000000000000361e-02
1.414149999999999956e-02,2.812500000000000416e-02
1.415299999999999891e-02,2.812500000000000416e-02
1.416450000000000001e-02,2.843750000000000444e-02
1.417599999999999937e-02,2.781250000000000389e-02
1.418749999999999872e-02,2.750000000000000361e-02
1.419899999999999982e-02,2.625000000000000250e-02
1.421049999999999917e-02,2.468750000000000111e-02
1.422200000000000027e-02,2.375000000000000375e-02
1.423349999999999962e-02,2.250000000000000264e-02
1.424499999999999898e-02,2.125000000000000500e-02
1.425650000000000008e-02,1.937500000000000333e-02
1.426799999999999943e-02,1.906250000000000305e-02
1.427949999999999879e-02,1.781250000000000194e-02
1.429099999999999988e-02,1.656250000000000430e-02
1.430249999999999924e-02,1.625000000000000402e-02
1.431399999999999860e-02,1.625000000000000402e-02
1.432549999999999969e-02,1.656250000000000430e-02
1.433699999999999905e-02,1.812500000000000222e-02
1.434850000000000014e-02,1.937500000000000333e-02
1.435999999999999950e-02,2.187500000000000555e-02
1.437149999999999886e-02,2.437500000000000083e-02
1.438299999999999995e-02,2.593750000000000222e-02
1.439449999999999931e-02,2.781250000000000389e-02
1.440599999999999867e-02,2.968750000000000208e-02
1.441749999999999976e-02,3.031250000000000264e-02
1.442899999999999912e-02,3.156250000000000028e-02
1.444050000000000021e-02,3.187500000000000056e-02
1.445199999999999957e-02,3.187500000000000056e-02
1.446349999999999893e-02,3.093750000000000319e-02
1.447500000000000002e-02,3.031250000000000264e-02
1.448649999999999938e-02,2.937500000000000527e-02
1.449799999999999874e-02,2.875000000000000472e-02
1.450949999999999983e-02,2.687500000000000305e-02
1.452099999999999919e-02,2.625000000000000250e-02
1.453249999999999854e-02,2.562500000000000194e-02
1.454399999999999964e-02,2.531250000000000167e-02
1.455549999999999899e-02,2.531250000000000167e-02
1.456700000000000009e-02,2.625000000000000250e-02
1.457849999999999945e-02,2.718750000000000333e-02
1.458999999999999880e-02,2.843750000000000444e-02
1.460149999999999990e-02,2.843750000000000444e-02
1.461299999999999925e-02,2.968750000000000208e-02
1.462449999999999861e-02,3.031250000000000264e-02
1.463599999999999970e-02,2.968750000000000208e-02
1.464749999999999906e-02,2.968750000000000208e-02
1.465900000000000016e-02,2.968750000000000208e-02
1.467049999999999951e-02,2.843750000000000444e-02
1.468199999999999887e-02,2.687500000000000305e-02
1.469349999999999996e-02,2.531250000000000167e-02
1.470499999999999932e-02,2.437500000000000083e-02
1.471649999999999868e-02,2.312500000000000319e-02
1.472799999999999977e-02,2.218750000000000236e-02
1.473949999999999913e-02,2.093750000000000472e-02
1.475100000000000022e-02,2.031250000000000416e-02
1.476249999999999958e-02,2.000000000000000389e-02
1.477399999999999894e-02,1.968750000000000361e-02
1.478550000000000003e-02,2.000000000000000389e-02
1.479699999999999939e-02,2.156250000000000527e-02
1.480849999999999875e-02,2.312500000000000319e-02
1.481999999999999984e-02,2.500000000000000139e-02
1.483149999999999920e-02,2.781250000000000389e-02
1.484299999999999856e-02,2.875000000000000472e-02
1.485449999999999965e-02,3.093750000000000319e-02
1.486599999999999901e-02,3.250000000000000111e-02
1.487750000000000010e-02,3.437500000000000278e-02
1.488899999999999946e-02,3.437500000000000278e-02
1.490049999999999882e-02,3.500000000000000333e-02
1.491199999999999991e-02,3.531250000000000361e-02
1.492349999999999927e-02,3.468750000000000305e-02
1.493499999999999862e-02,3.437500000000000278e-02
1.494649999999999972e-02,3.281250000000000139e-02
1.495799999999999907e-02,3.187500000000000056e-02
1.496950000000000017e-02,3.062500000000000291e-02
1.498099999999999953e-02,2.937500000000000527e-02
1.499249999999999888e-02,2.843750000000000444e-02
1.500399999999999998e-02,2.781250000000000389e-02
1.501549999999999933e-02,2.750000000000000361e-02
1.502699999999999869e-02,2.750000000000000361e-02
1.503849999999999978e-02,2.812500000000000416e-02
1.504999999999999914e-02,2.875000000000000472e-02
1.506150000000000024e-02,3.000000000000000236e-02
1.507299999999999959e-02,2.937500000000000527e-02
1.508449999999999895e-02,3.031250000000000264e-02
1.509600000000000004e-02,2.968750000000000208e-02
1.510749999999999940e-02,2.906250000000000500e-02
1.511899999999999876e-02,2.812500000000000416e-02
1.513049999999999985e-02,2.750000000000000361e-02
1.514199999999999921e-02,2.625000000000000250e-02
1.515349999999999857e-02,2.437500000000000083e-02
1.516499999999999966e-02,2.250000000000000264e-02
1.517649999999999902e-02,2.156250000000000527e-02
1.518800000000000011e-02,2.062500000000000444e-02
1.519949999999999947e-02,1.906250000000000305e-02
1.521099999999999883e-02,1.781250000000000194e-02
1.522249999999999992e-02,1.718750000000000139e-02
1.523399999999999928e-02,1.625000000000000402e-02
1.524549999999999864e-02,1.562500000000000347e-02
1.525699999999999973e-02,1.593750000000000375e-02
1.526849999999999909e-02,1.656250000000000430e-02
1.528000000000000018e-02,1.843750000000000250e-02
1.529149999999999954e-02,2.000000000000000389e-02
1.530299999999999890e-02,2.156250000000000527e-02
1.531449999999999999e-02,2.343750000000000347e-02
1.532599999999999935e-02,2.437500000000000083e-02
1.533749999999999870e-02,2.500000000000000139e-02
1.534899999999999980e-02,2.593750000000000222e-02
1.536049999999999915e-02,2.562500000000000194e-02
1.537200000000000025e-02,2.562500000000000194e-02
1.538349999999999961e-02,2.437500000000000083e-02
1.539499999999999896e-02,2.375000000000000375e-02
1.540650000000000006e-02,2.250000000000000264e-02
1.541799999999999941e-02,2.156250000000000527e-02
1.542949999999999877e-02,1.937500000000000333e-02
1.544099999999999986e-02,1.843750000000000250e-02
1.545249999999999922e-02,1.781250000000000194e-02
1.546399999999999858e-02,1.656250000000000430e-02
1.547549999999999967e-02,1.593750000000000375e-02
1.548699999999999903e-02,1.531250000000000319e-02
1.549850000000000012e-02,1.531250000000000319e-02
1.550999999999999948e-02,1.531250000000000319e-02
1.552149999999999884e-02,1.562500000000000347e-02
1.553299999999999993e-02,1.531250000000000319e-02
1.554449999999999929e-02,1.531250000000000319e-02
1.555599999999999865e-02,1.500000000000000291e-02
1.556749999999999974e-02,1.437500000000000236e-02
1.557899999999999910e-02,1.343750000000000153e-02
1.559050000000000019e-02,1.281250000000000444e-02
1.560199999999999955e-02,1.156250000000000333e-02
1.561349999999999891e-02,1.156250000000000333e-02
1.562500000000000000e-02,1.031250000000000222e-02
1.563650000000000109e-02,1.031250000000000222e-02
1.564799999999999872e-02,1.000000000000000194e-02
1.565949999999999981e-02,9.375000000000001388e-03
1.567100000000000090e-02,9.062500000000001110e-03
1.568250000000000199e-02,8.750000000000004302e-03
1.569399999999999962e-02,7.812500000000003469e-03
1.570550000000000071e-02,7.812500000000003469e-03
1.571700000000000180e-02,7.500000000000003192e-03
1.572849999999999943e-02,7.187500000000002914e-03
1.574000000000000052e-02,7.500000000000003192e-03
1.575149999999999814e-02,8.125000000000003747e-03
1.576299999999999923e-02,8.750000000000004302e-03
1.577450000000000033e-02,9.062500000000001110e-03
1.578599999999999795e-02,9.687500000000001665e-03
1.579749999999999904e-02,1.062500000000000250e-02
1.580900000000000014e-02,1.031250000000000222e-02
1.582049999999999776e-02,1.031250000000000222e-02
1.583199999999999885e-02,1.031250000000000222e-02
1.584349999999999994e-02,9.687500000000001665e-03
1.585500000000000104e-02,9.375000000000001388e-03
1.586649999999999866e-02,8.750000000000004302e-03
1.587799999999999975e-02,8.125000000000003747e-03
1.588950000000000085e-02,7.812500000000003469e-03
1.590099999999999847e-02,7.500000000000003192e-03
1.591249999999999956e-02,7.500000000000003192e-03
1.592400000000000065e-02,6.875000000000002637e-03
1.593549999999999828e-02,6.875000000000002637e-03
1.594699999999999937e-02,6.562500000000002359e-03
1.595850000000000046e-02,6.250000000000002082e-03
1.596999999999999809e-02,6.250000000000002082e-03
1.598149999999999918e-02,5.937500000000001804e-03
1.599300000000000027e-02,5.625000000000001527e-03
1.600449999999999789e-02,5.625000000000001527e-03
1.601599999999999899e-02,5.312500000000001249e-03
1.602750000000000008e-02,5.000000000000004441e-03
1.603899999999999770e-02,4.687500000000004163e-03
1.605049999999999880e-02,4.375000000000003886e-03
1.606199999999999989e-02,4.687500000000004163e-03
1.607350000000000098e-02,5.000000000000004441e-03
1.608499999999999860e-02,5.312500000000001249e-03
1.609649999999999970e-02,5.937500000000001804e-03
1.610800000000000079e-02,6.250000000000002082e-03
1.611949999999999841e-02,6.875000000000002637e-03
1.613099999999999951e-02,7.500000000000003192e-03
1.614250000000000060e-02,7.500000000000003192e-03
1.615399999999999822e-02,6.875000000000002637e-03
1.616549999999999931e-02,6.875000000000002637e-03
1.617700000000000041e-02,6.875000000000002637e-03
1.618849999999999803e-02,6.562500000000002359e-03
1.619999999999999912e-02,6.250000000000002082e-03
1.621150000000000022e-02,6.250000000000002082e-03
1.622299999999999784e-02,6.875000000000002637e-03
1.623449999999999893e-02,7.500000000000003192e-03
1.624600000000000002e-02,8.125000000000003747e-03
1.625750000000000112e-02,8.125000000000003747e-03
1.626899999999999874e-02,8.750000000000004302e-03
1.628049999999999983e-02,8.437500000000004025e-03
1.629200000000000093e-02,8.437500000000004025e-03
1.630349999999999855e-02,8.125000000000003747e-03
1.631499999999999964e-02,8.125000000000003747e-03
1.632650000000000073e-02,7.500000000000003192e-03
1.633799999999999836e-02,7.187500000000002914e-03
1.634949999999999945e-02,6.875000000000002637e-03
1.636100000000000054e-02,6.250000000000002082e-03
1.637249999999999817e-02,6.250000000000002082e-03
1.638399999999999926e-02,5.937500000000001804e-03
1.639550000000000035e-02,5.625000000000001527e-03
1.640699999999999797e-02,5.625000000000001527e-03
1.641849999999999907e-02,5.312500000000001249e-03
1.643000000000000016e-02,5.312500000000001249e-03
1.644149999999999778e-02,5.000000000000004441e-03
1.645299999999999888e-02,5.312500000000001249e-03
1.646449999999999997e-02,5.312500000000001249e-03
1.647600000000000106e-02,5.312500000000001249e-03
1.648749999999999868e-02,5.312500000000001249e-03
1.649899999999999978e-02,5.000000000000004441e-03
1.651050000000000087e-02,4.687500000000004163e-03
1.652199999999999849e-02,4.687500000000004163e-03
1.653349999999999959e-02,4.687500000000004163e-03
1.654500000000000068e-02,4.687500000000004163e-03
1.655649999999999830e-02,4.687500000000004163e-03
1.656799999999999939e-02,5.312500000000001249e-03
1.657950000000000049e-02,5.625000000000001527e-03
1.659099999999999811e-02,5.625000000000001527e-03
1.660249999999999920e-02,5.937500000000001804e-03
1.661400000000000030e-02,5.937500000000001804e-03
1.662549999999999792e-02,5.937500000000001804e-03
1.663699999999999901e-02,5.625000000000001527e-03
1.664850000000000010e-02,5.312500000000001249e-03
1.665999999999999773e-02,5.312500000000001249e-03
1.667149999999999882e-02,5.625000000000001527e-03
1.668299999999999991e-02,6.562500000000002359e-03
1.669450000000000101e-02,7.187500000000002914e-03
1.670599999999999863e-02,8.437500000000004025e-03
1.671749999999999972e-02,9.375000000000001388e-03
1.672900000000000081e-02,1.031250000000000222e-02
1.674049999999999844e-02,1.093750000000000278e-02
1.675199999999999953e-02,1.125000000000000305e-02
1.676350000000000062e-02,1.125000000000000305e-02
1.677499999999999825e-02,1.093750000000000278e-02
1.678649999999999934e-02,1.000000000000000194e-02
1.679800000000000043e-02,1.000000000000000194e-02
1.680949999999999805e-02,9.062500000000001110e-03
1.682099999999999915e-02,8.750000000000004302e-03
1.683250000000000024e-02,8.125000000000003747e-03
1.684399999999999786e-02,7.500000000000003192e-03
1.685549999999999896e-02,7.187500000000002914e-03
1.686700000000000005e-02,7.187500000000002914e-03
1.687850000000000114e-02,6.875000000000002637e-03
1.688999999999999876e-02,6.875000000000002637e-03
1.690149999999999986e-02,6.875000000000002637e-03
1.691300000000000095e-02,7.500000000000003192e-03
1.692449999999999857e-02,7.812500000000003469e-03
1.693599999999999967e-02,7.812500000000003469e-03
1.694750000000000076e-02,7.812500000000003469e-03
1.695899999999999838e-02,7.812500000000003469e-03
1.697049999999999947e-02,7.500000000000003192e-03
1.698200000000000057e-02,7.187500000000002914e-03
1.699349999999999819e-02,6.875000000000002637e-03
1.700499999999999928e-02,6.562500000000002359e-03
1.701650000000000038e-02,6.250000000000002082e-03
1.702799999999999800e-02,6.250000000000002082e-03
1.703949999999999909e-02,5.937500000000001804e-03
1.705100000000000018e-02,5.625000000000001527e-03
1.706249999999999781e-02,5.937500000000001804e-03
1.707399999999999890e-02,5.937500000000001804e-03
1.708549999999999999e-02,5.625000000000001527e-03
1.709700000000000109e-02,5.312500000000001249e-03
1.710849999999999871e-02,5.000000000000004441e-03
1.711999999999999980e-02,5.000000000000004441e-03
1.713150000000000089e-02,5.625000000000001527e-03
1.714299999999999852e-02,6.562500000000002359e-03
1.715449999999999961e-02,7.812500000000003469e-03
1.716600000000000070e-02,8.750000000000004302e-03
1.717749999999999833e-02,9.062500000000001110e-03
1.718899999999999942e-02,1.000000000000000194e-02
1.720050000000000051e-02,1.062500000000000250e-02
1.721199999999999813e-02,1.062500000000000250e-02
1.722349999999999923e-02,1.093750000000000278e-02
1.723500000000000032e-02,1.000000000000000194e-02
1.724649999999999794e-02,9.375000000000001388e-03
1.725799999999999904e-02,9.375000000000001388e-03
1.726950000000000013e-02,8.750000000000004302e-03
1.728099999999999775e-02,8.437500000000004025e-03
1.729249999999999884e-02,7.812500000000003469e-03
1.730399999999999994e-02,7.500000000000003192e-03
1.731550000000000103e-02,7.187500000000002914e-03
1.732699999999999865e-02,6.562500000000002359e-03
1.733849999999999975e-02,6.250000000000002082e-03
1.735000000000000084e-02,6.250000000000002082e-03
1.736149999999999846e-02,5.937500000000001804e-03
1.737299999999999955e-02,5.937500000000001804e-03
1.738450000000000065e-02,5.625000000000001527e-03
1.739599999999999827e-02,5.625000000000001527e-03
1.740749999999999936e-02,5.312500000000001249e-03
1.741900000000000046e-02,5.312500000000001249e-03
1.743049999999999808e-02,5.000000000000004441e-03
1.744199999999999917e-02,4.687500000000004163e-03
1.745350000000000026e-02,4.687500000000004163e-03
1.746499999999999789e-02,5.000000000000004441e-03
1.747649999999999898e-02,5.312500000000001249e-03
1.748800000000000007e-02,5.312500000000001249e-03
1.749949999999999770e-02,6.250000000000002082e-03
1.751099999999999879e-02,6.562500000000002359e-03
1.752249999999999988e-02,7.187500000000002914e-03
1.753400000000000097e-02,7.500000000000003192e-03
1.754549999999999860e-02,7.812500000000003469e-03
1.755699999999999969e-02,7.500000000000003192e-03
1.756850000000000078e-02,7.500000000000003192e-03
1.757999999999999841e-02,1.156250000000000333e-02
1.759149999999999950e-02,1.250000000000000416e-02
1.760300000000000059e-02,1.437500000000000236e-02
1.761449999999999821e-02,1.656250000000000430e-02
1.762599999999999931e-02,1.875000000000000278e-02
1.763750000000000040e-02,2.000000000000000389e-02
1.764899999999999802e-02,2.187500000000000555e-02
1.766049999999999912e-02,2.312500000000000319e-02
1.767200000000000021e-02,2.343750000000000347e-02
1.768349999999999783e-02,2.375000000000000375e-02
1.769499999999999892e-02,2.343750000000000347e-02
1.770650000000000002e-02,2.281250000000000291e-02
1.771800000000000111e-02,2.218750000000000236e-02
1.772949999999999873e-02,2.125000000000000500e-02
1.774099999999999983e-02,2.000000000000000389e-02
1.775250000000000092e-02,1.906250000000000305e-02
1.776399999999999854e-02,1.843750000000000250e-02
1.777549999999999963e-02,1.781250000000000194e-02
1.778700000000000073e-02,1.718750000000000139e-02
1.779849999999999835e-02,1.656250000000000430e-02
1.780999999999999944e-02,1.687500000000000458e-02
1.782150000000000054e-02,1.750000000000000167e-02
1.783299999999999816e-02,1.812500000000000222e-02
1.784449999999999925e-02,1.843750000000000250e-02
1.785600000000000034e-02,1.906250000000000305e-02
1.786749999999999797e-02,1.937500000000000333e-02
1.787899999999999906e-02,1.937500000000000333e-02
1.789050000000000015e-02,1.906250000000000305e-02
1.790199999999999778e-02,1.843750000000000250e-02
1.791349999999999887e-02,1.781250000000000194e-02
1.792499999999999996e-02,1.687500000000000458e-02
1.793650000000000105e-02,1.593750000000000375e-02
1.794799999999999868e-02,1.468750000000000264e-02
1.795949999999999977e-02,1.406250000000000208e-02
1.797100000000000086e-02,1.312500000000000125e-02
1.798249999999999849e-02,1.250000000000000416e-02
1.799399999999999958e-02,1.187500000000000361e-02
1.800550000000000067e-02,1.093750000000000278e-02
1.801699999999999829e-02,1.093750000000000278e-02
1.802849999999999939e-02,1.093750000000000278e-02
1.804000000000000048e-02,1.125000000000000305e-02
1.805149999999999810e-02,1.218750000000000389e-02
1.806299999999999920e-02,1.406250000000000208e-02
1.807450000000000029e-02,1.593750000000000375e-02
1.808599999999999791e-02,1.781250000000000194e-02
1.809749999999999900e-02,1.906250000000000305e-02
1.810900000000000010e-02,2.062500000000000444e-02
1.812049999999999772e-02,2.125000000000000500e-02
1.813199999999999881e-02,2.218750000000000236e-02
1.814349999999999991e-02,2.187500000000000555e-02
1.815500000000000100e-02,2.187500000000000555e-02
1.816649999999999862e-02,2.062500000000000444e-02
1.817799999999999971e-02,2.000000000000000389e-02
1.818950000000000081e-02,1.875000000000000278e-02
1.820099999999999843e-02,1.781250000000000194e-02
1.821249999999999952e-02,1.687500000000000458e-02
1.822400000000000062e-02,1.562500000000000347e-02
1.823549999999999824e-02,1.437500000000000236e-02
1.824699999999999933e-02,1.375000000000000180e-02
1.825850000000000042e-02,1.312500000000000125e-02
1.826999999999999805e-02,1.281250000000000444e-02
1.828149999999999914e-02,1.281250000000000444e-02
1.829300000000000023e-02,1.312500000000000125e-02
1.830449999999999786e-02,1.343750000000000153e-02
1.831599999999999895e-02,1.343750000000000153e-02
1.832750000000000004e-02,1.343750000000000153e-02
1.833900000000000113e-02,1.343750000000000153e-02
1.835049999999999876e-02,1.312500000000000125e-02
1.836199999999999985e-02,1.281250000000000444e-02
1.837350000000000094e-02,1.187500000000000361e-02
1.838499999999999857e-02,1.156250000000000333e-02
1.839649999999999966e-02,1.093750000000000278e-02
1.840800000000000075e-02,9.687500000000001665e-03
1.841949999999999837e-02,9.375000000000001388e-03
1.843099999999999947e-02,8.437500000000004025e-03
1.844250000000000056e-02,8.437500000000004025e-03
1.845399999999999818e-02,8.125000000000003747e-03
1.846549999999999928e-02,7.500000000000003192e-03
1.847700000000000037e-02,7.187500000000002914e-03
1.848849999999999799e-02,7.187500000000002914e-03
1.849999999999999908e-02,7.187500000000002914e-03
1.851150000000000018e-02,7.500000000000003192e-03
1.852299999999999780e-02,8.437500000000004025e-03
1.853449999999999889e-02,9.687500000000001665e-03
1.854599999999999999e-02,1.093750000000000278e-02
1.855750000000000108e-02,1.250000000000000416e-02
1.856899999999999870e-02,1.375000000000000180e-02
1.858049999999999979e-02,1.468750000000000264e-02
1.859200000000000089e-02,1.531250000000000319e-02
1.860349999999999851e-02,1.593750000000000375e-02
1.861499999999999960e-02,1.562500000000000347e-02
1.862650000000000070e-02,1.531250000000000319e-02
1.863799999999999832e-02,1.468750000000000264e-02
1.864949999999999941e-02,1.375000000000000180e-02
1.866100000000000050e-02,1.343750000000000153e-02
1.867249999999999813e-02,1.250000000000000416e-02
1.868399999999999922e-02,1.156250000000000333e-02
1.869550000000000031e-02,1.093750000000000278e-02
1.870699999999999794e-02,1.031250000000000222e-02
1.871849999999999903e-02,1.000000000000000194e-02
1.873000000000000012e-02,9.375000000000001388e-03
1.874149999999999774e-02,9.375000000000001388e-03
1.875299999999999884e-02,9.687500000000001665e-03
1.876449999999999993e-02,9.375000000000001388e-03
1.877600000000000102e-02,1.000000000000000194e-02
1.878749999999999865e-02,1.000000000000000194e-02
1.879899999999999974e-02,1.000000000000000194e-02
1.881050000000000083e-02,9.375000000000001388e-03
1.882199999999999845e-02,9.687500000000001665e-03
1.883349999999999955e-02,9.062500000000001110e-03
1.884500000000000064e-02,8.750000000000004302e-03
1.885649999999999826e-02,8.125000000000003747e-03
1.886799999999999936e-02,7.812500000000003469e-03
1.887950000000000045e-02,7.187500000000002914e-03
1.889099999999999807e-02,7.187500000000002914e-03
1.890249999999999916e-02,6.875000000000002637e-03
1.891400000000000026e-02,6.875000000000002637e-03
1.892549999999999788e-02,6.562500000000002359e-03
1.893699999999999897e-02,6.250000000000002082e-03
1.894850000000000007e-02,5.937500000000001804e-03
1.895999999999999769e-02,5.937500000000001804e-03
1.897149999999999878e-02,5.937500000000001804e-03
1.898299999999999987e-02,6.250000000000002082e-03
1.899450000000000097e-02,6.875000000000002637e-03
1.900599999999999859e-02,8.125000000000003747e-03
1.901749999999999968e-02,8.750000000000004302e-03
1.902900000000000078e-02,1.031250000000000222e-02
1.904049999999999840e-02,1.093750000000000278e-02
1.905199999999999949e-02,1.156250000000000333e-02
1.906350000000000058e-02,1.156250000000000333e-02
1.907499999999999821e-02,1.156250000000000333e-02
1.908649999999999930e-02,1.156250000000000333e-02
1.909800000000000039e-02,1.093750000000000278e-02
1.910949999999999802e-02,1.062500000000000250e-02
1.912099999999999911e-02,9.687500000000001665e-03
1.913250000000000020e-02,9.062500000000001110e-03
1.914399999999999782e-02,8.750000000000004302e-03
1.915549999999999892e-02,8.125000000000003747e-03
1.916700000000000001e-02,7.812500000000003469e-03
1.917850000000000110e-02,7.187500000000002914e-03
1.918999999999999873e-02,7.187500000000002914e-03
1.920149999999999982e-02,6.875000000000002637e-03
1.921300000000000091e-02,7.187500000000002914e-03
1.922449999999999853e-02,6.562500000000002359e-03
1.923599999999999963e-02,6.875000000000002637e-03
1.924750000000000072e-02,7.187500000000002914e-03
1.925899999999999834e-02,6.875000000000002637e-03
1.927049999999999944e-02,6.875000000000002637e-03
1.928200000000000053e-02,6.562500000000002359e-03
1.929349999999999815e-02,6.250000000000002082e-03
1.930499999999999924e-02,5.625000000000001527e-03
1.931650000000000034e-02,5.625000000000001527e-03
1.932799999999999796e-02,5.312500000000001249e-03
1.933949999999999905e-02,5.625000000000001527e-03
1.935100000000000015e-02,5.625000000000001527e-03
1.936249999999999777e-02,5.625000000000001527e-03
1.937399999999999886e-02,5.625000000000001527e-03
1.938549999999999995e-02,5.937500000000001804e-03
1.939700000000000105e-02,5.937500000000001804e-03
1.940849999999999867e-02,5.937500000000001804e-03
1.941999999999999976e-02,5.625000000000001527e-03
1.943150000000000086e-02,5.312500000000001249e-03
1.944299999999999848e-02,5.625000000000001527e-03
1.945449999999999957e-02,5.625000000000001527e-03
1.946600000000000066e-02,6.250000000000002082e-03
1.947749999999999829e-02,7.187500000000002914e-03
1.948899999999999938e-02,8.125000000000003747e-03
1.950050000000000047e-02,9.062500000000001110e-03
1.951199999999999810e-02,1.000000000000000194e-02
1.952349999999999919e-02,1.031250000000000222e-02
1.953500000000000028e-02,1.031250000000000222e-02
1.954649999999999790e-02,1.031250000000000222e-02
1.955799999999999900e-02,9.375000000000001388e-03
1.956950000000000009e-02,9.375000000000001388e-03
1.958099999999999771e-02,8.750000000000004302e-03
1.959249999999999881e-02,8.125000000000003747e-03
1.960399999999999990e-02,8.125000000000003747e-03
1.961550000000000099e-02,7.500000000000003192e-03
1.962699999999999861e-02,7.187500000000002914e-03
1.963849999999999971e-02,6.562500000000002359e-03
1.965000000000000080e-02,6.562500000000002359e-03
1.966149999999999842e-02,5.937500000000001804e-03
1.967299999999999952e-02,5.937500000000001804e-03
1.968450000000000061e-02,6.250000000000002082e-03
1.969599999999999823e-02,6.250000000000002082e-03
1.970749999999999932e-02,5.937500000000001804e-03
1.971900000000000042e-02,6.250000000000002082e-03
1.973049999999999804e-02,6.250000000000002082e-03
1.974199999999999913e-02,5.937500000000001804e-03
1.975350000000000023e-02,5.937500000000001804e-03
1.976499999999999785e-02,5.625000000000001527e-03
1.977649999999999894e-02,5.625000000000001527e-03
1.978800000000000003e-02,5.000000000000004441e-03
1.979950000000000113e-02,5.312500000000001249e-03
1.981099999999999875e-02,5.312500000000001249e-03
1.982249999999999984e-02,5.625000000000001527e-03
1.983400000000000094e-02,5.937500000000001804e-03
1.984549999999999856e-02,5.937500000000001804e-03
1.985699999999999965e-02,5.937500000000001804e-03
1.986850000000000074e-02,5.625000000000001527e-03
1.987999999999999837e-02,5.625000000000001527e-03
1.989149999999999946e-02,5.312500000000001249e-03
1.990300000000000055e-02,5.000000000000004441e-03
1.991449999999999818e-02,5.312500000000001249e-03
1.992599999999999927e-02,5.625000000000001527e-03
1.993750000000000036e-02,6.250000000000002082e-03
1.994899999999999798e-02,6.875000000000002637e-03
1.996049999999999908e-02,7.500000000000003192e-03
1.997200000000000017e-02,8.125000000000003747e-03
1.998349999999999779e-02,8.125000000000003747e-03
1.999499999999999889e-02,8.125000000000003747e-03
2.000649999999999998e-02,8.437500000000004025e-03
2.001800000000000107e-02,7.812500000000003469e-03
2.002949999999999869e-02,7.500000000000003192e-03
2.004099999999999979e-02,7.187500000000002914e-03
2.005250000000000088e-02,6.875000000000002637e-03
2.006399999999999850e-02,6.875000000000002637e-03
2.007549999999999960e-02,6.562500000000002359e-03
2.008700000000000069e-02,6.562500000000002359e-03
2.009849999999999831e-02,6.250000000000002082e-03
2.010999999999999940e-02,6.250000000000002082e-03
2.012150000000000050e-02,6.250000000000002082e-03
2.013299999999999812e-02,5.625000000000001527e-03
2.014449999999999921e-02,5.625000000000001527e-03
2.015600000000000031e-02,5.000000000000004441e-03
2.016749999999999793e-02,5.000000000000004441e-03
2.017899999999999902e-02,4.687500000000004163e-03
2.019050000000000011e-02,4.687500000000004163e-03
2.020199999999999774e-02,4.687500000000004163e-03
2.021349999999999883e-02,4.687500000000004163e-03
2.022499999999999992e-02,4.375000000000003886e-03
2.023650000000000101e-02,4.375000000000003886e-03
2.024799999999999864e-02,5.000000000000004441e-03
2.025949999999999973e-02,5.625000000000001527e-03
2.027100000000000082e-02,6.875000000000002637e-03
2.028249999999999845e-02,7.812500000000003469e-03
2.029399999999999954e-02,8.750000000000004302e-03
2.030550000000000063e-02,9.375000000000001388e-03
2.031699999999999826e-02,1.062500000000000250e-02
2.032849999999999935e-02,1.093750000000000278e-02
2.034000000000000044e-02,1.125000000000000305e-02
2.035149999999999806e-02,1.093750000000000278e-02
2.036299999999999916e-02,1.062500000000000250e-02
2.037450000000000025e-02,9.687500000000001665e-03
2.038599999999999787e-02,9.375000000000001388e-03
2.039749999999999897e-02,9.062500000000001110e-03
2.040900000000000006e-02,8.437500000000004025e-03
2.042049999999999768e-02,8.125000000000003747e-03
2.043199999999999877e-02,7.500000000000003192e-03
2.044349999999999987e-02,7.500000000000003192e-03
2.045500000000000096e-02,6.875000000000002637e-03
2.046649999999999858e-02,6.875000000000002637e-03
2.047799999999999968e-02,6.562500000000002359e-03
2.048950000000000077e-02,5.937500000000001804e-03
2.050099999999999839e-02,6.250000000000002082e-03
2.051249999999999948e-02,6.562500000000002359e-03
2.052400000000000058e-02,6.562500000000002359e-03
2.053549999999999820e-02,6.562500000000002359e-03
2.054699999999999929e-02,7.187500000000002914e-03
2.055850000000000039e-02,7.187500000000002914e-03
2.056999999999999801e-02,7.500000000000003192e-03
2.058149999999999910e-02,7.500000000000003192e-03
2.059300000000000019e-02,7.500000000000003192e-03
2.060449999999999782e-02,6.875000000000002637e-03
2.061599999999999891e-02,6.562500000000002359e-03
2.062750000000000000e-02,6.250000000000002082e-03
2.063900000000000109e-02,5.937500000000001804e-03
2.065049999999999872e-02,5.625000000000001527e-03
2.066199999999999981e-02,5.312500000000001249e-03
2.067350000000000090e-02,5.312500000000001249e-03
2.068499999999999853e-02,5.312500000000001249e-03
2.069649999999999962e-02,5.000000000000004441e-03
2.070800000000000071e-02,5.312500000000001249e-03
2.071949999999999834e-02,5.625000000000001527e-03
2.073099999999999943e-02,5.937500000000001804e-03
2.074250000000000052e-02,6.875000000000002637e-03
2.075399999999999814e-02,7.500000000000003192e-03
2.076549999999999924e-02,8.125000000000003747e-03
2.077700000000000033e-02,8.437500000000004025e-03
2.078849999999999795e-02,8.437500000000004025e-03
2.079999999999999905e-02,8.750000000000004302e-03
2.081150000000000014e-02,8.125000000000003747e-03
2.082299999999999776e-02,7.812500000000003469e-03
2.083449999999999885e-02,7.187500000000002914e-03
2.084599999999999995e-02,7.187500000000002914e-03
2.085750000000000104e-02,7.187500000000002914e-03
2.086899999999999866e-02,7.500000000000003192e-03
2.088049999999999976e-02,8.125000000000003747e-03
2.089200000000000085e-02,8.750000000000004302e-03
2.090349999999999847e-02,8.750000000000004302e-03
2.091499999999999956e-02,9.062500000000001110e-03
2.092650000000000066e-02,9.062500000000001110e-03
2.093799999999999828e-02,9.062500000000001110e-03
2.094949999999999937e-02,8.750000000000004302e-03
2.096100000000000046e-02,8.750000000000004302e-03
2.097249999999999809e-02,8.125000000000003747e-03
2.098399999999999918e-02,7.500000000000003192e-03
2.099550000000000027e-02,7.187500000000002914e-03
2.100699999999999790e-02,6.562500000000002359e-03
2.101849999999999899e-02,6.562500000000002359e-03
2.103000000000000008e-02,5.937500000000001804e-03
2.104149999999999771e-02,5.625000000000001527e-03
2.105299999999999880e-02,5.625000000000001527e-03
2.106449999999999989e-02,5.625000000000001527e-03
2.107600000000000098e-02,5.937500000000001804e-03
2.108749999999999861e-02,6.250000000000002082e-03
2.109899999999999970e-02,6.562500000000002359e-03
2.111050000000000079e-02,7.187500000000002914e-03
2.112199999999999842e-02,6.875000000000002637e-03
2.113349999999999951e-02,7.187500000000002914e-03
2.114500000000000060e-02,7.187500000000002914e-03
2.115649999999999822e-02,6.562500000000002359e-03
2.116799999999999932e-02,6.250000000000002082e-03
2.117950000000000041e-02,5.937500000000001804e-03
2.119099999999999803e-02,5.625000000000001527e-03
2.120249999999999913e-02,5.312500000000001249e-03
2.121400000000000022e-02,5.625000000000001527e-03
2.122549999999999784e-02,5.625000000000001527e-03
2.123699999999999893e-02,5.312500000000001249e-03
2.124850000000000003e-02,5.625000000000001527e-03
2.126000000000000112e-02,5.000000000000004441e-03
2.127149999999999874e-02,5.000000000000004441e-03
2.128299999999999984e-02,4.687500000000004163e-03
2.129450000000000093e-02,5.000000000000004441e-03
2.130599999999999855e-02,5.000000000000004441e-03
2.131749999999999964e-02,5.937500000000001804e-03
2.132900000000000074e-02,6.250000000000002082e-03
2.134049999999999836e-02,8.125000000000003747e-03
2.135199999999999945e-02,8.750000000000004302e-03
2.136350000000000054e-02,9.687500000000001665e-03
2.137499999999999817e-02,1.000000000000000194e-02
2.138649999999999926e-02,1.062500000000000250e-02
2.139800000000000035e-02,1.031250000000000222e-02
2.140949999999999798e-02,9.687500000000001665e-03
2.142099999999999907e-02,9.375000000000001388e-03
2.143250000000000016e-02,9.062500000000001110e-03
2.144399999999999779e-02,8.125000000000003747e-03
2.145549999999999888e-02,7.812500000000003469e-03
2.146699999999999997e-02,7.500000000000003192e-03
2.147850000000000106e-02,7.500000000000003192e-03
2.148999999999999869e-02,7.187500000000002914e-03
2.150149999999999978e-02,7.187500000000002914e-03
2.151300000000000087e-02,6.875000000000002637e-03
2.152449999999999850e-02,6.562500000000002359e-03
2.153599999999999959e-02,5.937500000000001804e-03
2.154750000000000068e-02,5.937500000000001804e-03
2.155899999999999830e-02,5.937500000000001804e-03
2.157049999999999940e-02,5.312500000000001249e-03
2.158200000000000049e-02,5.000000000000004441e-03
2.159349999999999811e-02,5.000000000000004441e-03
2.160499999999999921e-02,4.375000000000003886e-03
2.161650000000000030e-02,4.687500000000004163e-03
2.162799999999999792e-02,5.625000000000001527e-03
2.163949999999999901e-02,5.312500000000001249e-03
2.165100000000000011e-02,6.250000000000002082e-03
2.166249999999999773e-02,7.187500000000002914e-03
2.167399999999999882e-02,7.812500000000003469e-03
2.168549999999999991e-02,9.687500000000001665e-03
2.169700000000000101e-02,1.093750000000000278e-02
2.170849999999999863e-02,1.156250000000000333e-02
2.171999999999999972e-02,1.218750000000000389e-02
2.173150000000000082e-02,1.281250000000000444e-02
2.174299999999999844e-02,1.281250000000000444e-02
2.175449999999999953e-02,1.250000000000000416e-02
2.176600000000000062e-02,1.187500000000000361e-02
2.177749999999999825e-02,1.125000000000000305e-02
2.178899999999999934e-02,1.000000000000000194e-02
2.180050000000000043e-02,9.687500000000001665e-03
2.181199999999999806e-02,9.375000000000001388e-03
2.182349999999999915e-02,8.750000000000004302e-03
2.183500000000000024e-02,8.437500000000004025e-03
2.184649999999999787e-02,7.500000000000003192e-03
2.185799999999999896e-02,7.500000000000003192e-03
2.186950000000000005e-02,6.875000000000002637e-03
2.188100000000000114e-02,6.875000000000002637e-03
2.189249999999999877e-02,7.187500000000002914e-03
2.190399999999999986e-02,7.812500000000003469e-03
2.191550000000000095e-02,8.125000000000003747e-03
2.192699999999999858e-02,8.750000000000004302e-03
2.193849999999999967e-02,9.375000000000001388e-03
2.195000000000000076e-02,1.000000000000000194e-02
2.196149999999999838e-02,1.125000000000000305e-02
2.197299999999999948e-02,1.125000000000000305e-02
2.198450000000000057e-02,1.156250000000000333e-02
2.199599999999999819e-02,1.156250000000000333e-02
2.200749999999999929e-02,1.093750000000000278e-02
2.201900000000000038e-02,1.031250000000000222e-02
2.203049999999999800e-02,1.031250000000000222e-02
2.204199999999999909e-02,1.000000000000000194e-02
2.205350000000000019e-02,9.687500000000001665e-03
2.206499999999999781e-02,9.687500000000001665e-03
2.207649999999999890e-02,1.031250000000000222e-02
2.208799999999999999e-02,1.062500000000000250e-02
2.209950000000000109e-02,1.156250000000000333e-02
2.211099999999999871e-02,1.312500000000000125e-02
2.212249999999999980e-02,1.468750000000000264e-02
2.213400000000000090e-02,1.562500000000000347e-02
2.214549999999999852e-02,1.812500000000000222e-02
2.215699999999999961e-02,1.906250000000000305e-02
2.216850000000000070e-02,2.031250000000000416e-02
2.217999999999999833e-02,2.156250000000000527e-02
2.219149999999999942e-02,2.312500000000000319e-02
2.220300000000000051e-02,2.343750000000000347e-02
2.221449999999999814e-02,2.312500000000000319e-02
2.222599999999999923e-02,2.281250000000000291e-02
2.223750000000000032e-02,2.187500000000000555e-02
2.224899999999999795e-02,2.093750000000000472e-02
2.226049999999999904e-02,1.843750000000000250e-02
2.227200000000000013e-02,1.750000000000000167e-02
2.228349999999999775e-02,1.625000000000000402e-02
2.229499999999999885e-02,1.593750000000000375e-02
2.230649999999999994e-02,1.437500000000000236e-02
2.231800000000000103e-02,1.343750000000000153e-02
2.232949999999999866e-02,1.312500000000000125e-02
2.234099999999999975e-02,1.281250000000000444e-02
2.235250000000000084e-02,1.281250000000000444e-02
2.236399999999999846e-02,1.312500000000000125e-02
2.237549999999999956e-02,1.375000000000000180e-02
2.238700000000000065e-02,1.468750000000000264e-02
2.239849999999999827e-02,1.531250000000000319e-02
2.240999999999999936e-02,1.593750000000000375e-02
2.242150000000000046e-02,1.656250000000000430e-02
2.243299999999999808e-02,1.687500000000000458e-02
2.244449999999999917e-02,1.750000000000000167e-02
2.245600000000000027e-02,1.687500000000000458e-02
2.246749999999999789e-02,1.625000000000000402e-02
2.247899999999999898e-02,1.562500000000000347e-02
2.249050000000000007e-02,1.468750000000000264e-02
2.250199999999999770e-02,1.437500000000000236e-02
2.251349999999999879e-02,1.406250000000000208e-02
2.252499999999999988e-02,1.312500000000000125e-02
2.253650000000000098e-02,1.312500000000000125e-02
2.254799999999999860e-02,1.312500000000000125e-02
2.255949999999999969e-02,1.375000000000000180e-02
2.257100000000000078e-02,1.500000000000000291e-02
2.258249999999999841e-02,1.562500000000000347e-02
2.259399999999999950e-02,1.750000000000000167e-02
2.260550000000000059e-02,1.781250000000000194e-02
2.261699999999999822e-02,1.937500000000000333e-02
2.262849999999999931e-02,2.093750000000000472e-02
2.264000000000000040e-02,2.125000000000000500e-02
2.265149999999999803e-02,2.218750000000000236e-02
2.266299999999999912e-02,2.218750000000000236e-02
2.267450000000000021e-02,2.187500000000000555e-02
2.268599999999999783e-02,2.125000000000000500e-02
2.269749999999999893e-02,2.031250000000000416e-02
2.270900000000000002e-02,1.906250000000000305e-02
2.272050000000000111e-02,1.750000000000000167e-02
2.273199999999999874e-02,1.656250000000000430e-02
2.274349999999999983e-02,1.531250000000000319e-02
2.275500000000000092e-02,1.406250000000000208e-02
2.276649999999999854e-02,1.343750000000000153e-02
2.277799999999999964e-02,1.218750000000000389e-02
2.278950000000000073e-02,1.125000000000000305e-02
2.280099999999999835e-02,1.156250000000000333e-02
2.281249999999999944e-02,1.093750000000000278e-02
2.282400000000000054e-02,1.031250000000000222e-02
2.283549999999999816e-02,1.031250000000000222e-02
2.284699999999999925e-02,1.062500000000000250e-02
2.285850000000000035e-02,1.093750000000000278e-02
2.286999999999999797e-02,1.125000000000000305e-02
2.288149999999999906e-02,1.156250000000000333e-02
2.289300000000000015e-02,1.187500000000000361e-02
2.290449999999999778e-02,1.187500000000000361e-02
2.291599999999999887e-02,1.156250000000000333e-02
2.292749999999999996e-02,1.093750000000000278e-02
2.293900000000000106e-02,1.062500000000000250e-02
2.295049999999999868e-02,9.687500000000001665e-03
2.296199999999999977e-02,9.062500000000001110e-03
2.297350000000000086e-02,9.062500000000001110e-03
2.298499999999999849e-02,8.437500000000004025e-03
2.299649999999999958e-02,7.812500000000003469e-03
2.300800000000000067e-02,7.812500000000003469e-03
2.301949999999999830e-02,8.125000000000003747e-03
2.303099999999999939e-02,8.437500000000004025e-03
2.304250000000000048e-02,9.062500000000001110e-03
2.305399999999999811e-02,1.031250000000000222e-02
2.306549999999999920e-02,1.093750000000000278e-02
2.307700000000000029e-02,1.187500000000000361e-02
2.308849999999999791e-02,1.281250000000000444e-02
