PURE SILICA, ELECTRODE=TUNGSTEN, TIME=35, POLING_VOLTAGE=3700, WAVELENGTH=1.55e-06, EFFECTIVE_DISTANCE=3.1e-05, POLED_LENGTH=0.3, CORE_INDEX=1.45, POLE=MAX, AC_VOLTAGE=831.25, AC_FREQUENCY=220, PIEZO_FREQUENCY=4.4
Time(s),Voltage(V)
-1.000000000000000021e-03,4.343750000000000389e-02
-8.850000000000000444e-04,4.281250000000000333e-02
-7.700000000000000681e-04,4.187500000000000250e-02
-6.549999999999999833e-04,4.062500000000000139e-02
-5.400000000000000069e-04,3.968750000000000056e-02
-4.250000000000000305e-04,4.000000000000000083e-02
-3.099999999999999457e-04,4.093750000000000167e-02
-1.949999999999999694e-04,4.312500000000000361e-02
-7.999999999999999299e-05,4.500000000000000527e-02
3.500000000000009180e-05,4.718750000000000722e-02
1.499999999999999598e-04,5.093750000000000361e-02
2.650000000000000445e-04,5.187500000000000444e-02
3.800000000000001293e-04,5.312500000000000555e-02
4.949999999999999973e-04,5.343749999999999889e-02
6.100000000000000821e-04,5.375000000000000611e-02
7.249999999999999500e-04,4.062500000000000139e-02
8.400000000000000348e-04,4.406250000000000444e-02
9.550000000000001196e-04,4.937500000000000222e-02
1.070000000000000204e-03,4.531250000000000555e-02
1.184999999999999856e-03,4.187500000000000250e-02
1.299999999999999940e-03,4.250000000000000305e-02
1.415000000000000025e-03,3.781250000000000583e-02
1.530000000000000110e-03,3.750000000000000555e-02
1.645000000000000195e-03,3.000000000000000236e-02
1.760000000000000279e-03,2.687500000000000305e-02
1.874999999999999931e-03,2.656250000000000278e-02
1.990000000000000015e-03,2.531250000000000167e-02
2.105000000000000100e-03,2.781250000000000389e-02
2.220000000000000185e-03,2.781250000000000389e-02
2.335000000000000270e-03,2.781250000000000389e-02
2.449999999999999921e-03,2.781250000000000389e-02
2.565000000000000006e-03,2.437500000000000083e-02
2.680000000000000090e-03,2.312500000000000319e-02
2.795000000000000175e-03,2.250000000000000264e-02
2.910000000000000260e-03,2.093750000000000472e-02
3.024999999999999911e-03,2.062500000000000444e-02
3.140000000000000430e-03,1.812500000000000222e-02
3.255000000000000081e-03,2.000000000000000389e-02
3.369999999999999732e-03,2.000000000000000389e-02
3.485000000000000250e-03,2.000000000000000389e-02
3.599999999999999901e-03,2.187500000000000555e-02
3.715000000000000420e-03,2.312500000000000319e-02
3.830000000000000071e-03,2.500000000000000139e-02
3.944999999999999722e-03,2.687500000000000305e-02
4.060000000000000241e-03,2.718750000000000333e-02
4.174999999999999892e-03,3.093750000000000319e-02
4.290000000000000410e-03,3.312500000000000167e-02
4.405000000000000061e-03,3.250000000000000111e-02
4.520000000000000580e-03,3.187500000000000056e-02
4.635000000000000231e-03,3.593750000000000416e-02
4.749999999999999882e-03,3.687500000000000500e-02
4.865000000000000401e-03,3.875000000000000666e-02
4.980000000000000052e-03,3.718750000000000527e-02
5.095000000000000570e-03,3.718750000000000527e-02
5.210000000000000221e-03,3.875000000000000666e-02
5.324999999999999872e-03,4.125000000000000194e-02
5.440000000000000391e-03,4.093750000000000167e-02
5.555000000000000042e-03,4.125000000000000194e-02
5.670000000000000560e-03,4.218750000000000278e-02
5.785000000000000211e-03,4.218750000000000278e-02
5.899999999999999863e-03,3.937500000000000722e-02
6.015000000000000381e-03,3.812500000000000611e-02
6.130000000000000032e-03,-4.999999999999997502e-03
6.245000000000000551e-03,-4.999999999999997502e-03
6.360000000000000202e-03,-4.999999999999997502e-03
6.474999999999999853e-03,-4.999999999999997502e-03
6.590000000000000371e-03,-4.999999999999997502e-03
6.705000000000000022e-03,3.093750000000000319e-02
6.820000000000000541e-03,3.187500000000000056e-02
6.935000000000001059e-03,2.968750000000000208e-02
7.049999999999999843e-03,2.687500000000000305e-02
7.165000000000000362e-03,2.218750000000000236e-02
7.280000000000000880e-03,1.687500000000000458e-02
7.394999999999999664e-03,1.218750000000000389e-02
7.510000000000000182e-03,1.062500000000000250e-02
7.625000000000000701e-03,9.687500000000001665e-03
7.739999999999999485e-03,1.343750000000000153e-02
7.855000000000000870e-03,1.687500000000000458e-02
7.970000000000001389e-03,2.437500000000000083e-02
8.085000000000001907e-03,2.906250000000000500e-02
8.199999999999998956e-03,3.843750000000000638e-02
8.314999999999999475e-03,3.968750000000000056e-02
8.429999999999999993e-03,3.937500000000000722e-02
8.545000000000000512e-03,3.656250000000000472e-02
8.660000000000001030e-03,3.093750000000000319e-02
8.775000000000001549e-03,2.843750000000000444e-02
8.889999999999998598e-03,2.406250000000000056e-02
9.004999999999999116e-03,2.031250000000000416e-02
9.119999999999999635e-03,1.843750000000000250e-02
9.235000000000000153e-03,2.093750000000000472e-02
9.350000000000000672e-03,2.343750000000000347e-02
9.465000000000001190e-03,3.156250000000000028e-02
9.580000000000001709e-03,3.500000000000000333e-02
9.694999999999998758e-03,4.031250000000000111e-02
9.809999999999999276e-03,4.593750000000000611e-02
9.924999999999999795e-03,4.812500000000000111e-02
1.004000000000000031e-02,4.687500000000000000e-02
1.015500000000000083e-02,4.281250000000000333e-02
1.027000000000000135e-02,4.062500000000000139e-02
1.038500000000000187e-02,3.531250000000000361e-02
1.049999999999999892e-02,2.781250000000000389e-02
1.061499999999999944e-02,1.906250000000000305e-02
1.072999999999999995e-02,1.781250000000000194e-02
1.084500000000000047e-02,1.406250000000000208e-02
1.096000000000000099e-02,1.437500000000000236e-02
1.107500000000000151e-02,1.875000000000000278e-02
1.119000000000000203e-02,2.312500000000000319e-02
1.130499999999999908e-02,2.906250000000000500e-02
1.141999999999999960e-02,3.312500000000000167e-02
1.153500000000000011e-02,3.406250000000000250e-02
1.165000000000000063e-02,3.312500000000000167e-02
1.176500000000000115e-02,3.250000000000000111e-02
1.188000000000000167e-02,2.656250000000000278e-02
1.199499999999999872e-02,2.531250000000000167e-02
1.210999999999999924e-02,2.218750000000000236e-02
1.222499999999999976e-02,1.937500000000000333e-02
1.234000000000000027e-02,1.843750000000000250e-02
1.245500000000000079e-02,1.812500000000000222e-02
1.257000000000000131e-02,1.968750000000000361e-02
1.268500000000000183e-02,2.781250000000000389e-02
1.279999999999999888e-02,3.250000000000000111e-02
1.291499999999999940e-02,3.593750000000000416e-02
1.302999999999999992e-02,3.875000000000000666e-02
1.314500000000000043e-02,4.125000000000000194e-02
1.326000000000000095e-02,4.281250000000000333e-02
1.337500000000000147e-02,4.406250000000000444e-02
1.349000000000000199e-02,4.406250000000000444e-02
1.360499999999999904e-02,4.312500000000000361e-02
1.371999999999999956e-02,4.343750000000000389e-02
1.383500000000000008e-02,4.312500000000000361e-02
1.395000000000000059e-02,4.250000000000000305e-02
1.406500000000000111e-02,4.156250000000000222e-02
1.418000000000000163e-02,4.218750000000000278e-02
1.429500000000000215e-02,4.343750000000000389e-02
1.440999999999999920e-02,4.718750000000000722e-02
1.452499999999999972e-02,5.250000000000000500e-02
1.464000000000000024e-02,5.312500000000000555e-02
1.475500000000000075e-02,5.468750000000000000e-02
1.487000000000000127e-02,5.562500000000000777e-02
1.498499999999999832e-02,5.562500000000000777e-02
1.509999999999999884e-02,5.500000000000000722e-02
1.521499999999999936e-02,5.375000000000000611e-02
1.532999999999999988e-02,5.187500000000000444e-02
1.544500000000000040e-02,4.875000000000000167e-02
1.556000000000000091e-02,4.812500000000000111e-02
1.567499999999999796e-02,4.468750000000000500e-02
1.578999999999999848e-02,4.406250000000000444e-02
1.590499999999999900e-02,4.187500000000000250e-02
1.601999999999999952e-02,4.218750000000000278e-02
1.613500000000000004e-02,4.250000000000000305e-02
1.625000000000000056e-02,4.500000000000000527e-02
1.636500000000000107e-02,4.624999999999999944e-02
1.647999999999999812e-02,5.062500000000000333e-02
1.659499999999999864e-02,5.125000000000000389e-02
1.670999999999999916e-02,5.343749999999999889e-02
1.682499999999999968e-02,5.468750000000000000e-02
1.694000000000000020e-02,5.500000000000000722e-02
1.705500000000000071e-02,5.468750000000000000e-02
1.717000000000000123e-02,5.468750000000000000e-02
1.728499999999999828e-02,5.343749999999999889e-02
1.739999999999999880e-02,5.218750000000000472e-02
1.751499999999999932e-02,4.875000000000000167e-02
1.762999999999999984e-02,4.875000000000000167e-02
1.774500000000000036e-02,4.875000000000000167e-02
1.786000000000000087e-02,5.062500000000000333e-02
1.797500000000000139e-02,5.375000000000000611e-02
1.808999999999999844e-02,5.562500000000000777e-02
1.820499999999999896e-02,5.750000000000000250e-02
1.831999999999999948e-02,5.843750000000000333e-02
1.843500000000000000e-02,6.031250000000000500e-02
1.855000000000000052e-02,6.000000000000000472e-02
1.866500000000000103e-02,6.031250000000000500e-02
1.877999999999999808e-02,6.093750000000000555e-02
1.889499999999999860e-02,6.093750000000000555e-02
1.900999999999999912e-02,6.062500000000000527e-02
1.912499999999999964e-02,6.093750000000000555e-02
1.924000000000000016e-02,6.062500000000000527e-02
1.935500000000000068e-02,6.000000000000000472e-02
1.947000000000000119e-02,5.937500000000000416e-02
1.958499999999999824e-02,5.875000000000000361e-02
1.969999999999999876e-02,5.906250000000000389e-02
1.981499999999999928e-02,5.968750000000000444e-02
1.992999999999999980e-02,6.031250000000000500e-02
2.004500000000000032e-02,6.031250000000000500e-02
2.016000000000000084e-02,6.156250000000000611e-02
2.027500000000000135e-02,6.250000000000000000e-02
2.038999999999999840e-02,6.281250000000000722e-02
2.050499999999999892e-02,6.250000000000000000e-02
2.061999999999999944e-02,6.187499999999999944e-02
2.073499999999999996e-02,5.937500000000000416e-02
2.085000000000000048e-02,5.718750000000000222e-02
2.096500000000000100e-02,5.656250000000000167e-02
2.108000000000000151e-02,5.375000000000000611e-02
2.119499999999999856e-02,5.312500000000000555e-02
2.130999999999999908e-02,5.468750000000000000e-02
2.142499999999999960e-02,5.593750000000000111e-02
2.154000000000000012e-02,5.750000000000000250e-02
2.165500000000000064e-02,6.062500000000000527e-02
2.177000000000000116e-02,6.250000000000000000e-02
2.188499999999999820e-02,6.343750000000000777e-02
2.199999999999999872e-02,6.343750000000000777e-02
2.211499999999999924e-02,6.375000000000000111e-02
2.222999999999999976e-02,6.343750000000000777e-02
2.234500000000000028e-02,6.250000000000000000e-02
2.246000000000000080e-02,6.156250000000000611e-02
2.257500000000000132e-02,6.093750000000000555e-02
2.268999999999999836e-02,6.062500000000000527e-02
2.280499999999999888e-02,6.093750000000000555e-02
2.291999999999999940e-02,6.156250000000000611e-02
2.303499999999999992e-02,6.062500000000000527e-02
2.315000000000000044e-02,6.062500000000000527e-02
2.326500000000000096e-02,6.031250000000000500e-02
2.338000000000000148e-02,5.968750000000000444e-02
2.349499999999999852e-02,5.906250000000000389e-02
2.360999999999999904e-02,5.875000000000000361e-02
2.372499999999999956e-02,5.968750000000000444e-02
2.384000000000000008e-02,6.093750000000000555e-02
2.395500000000000060e-02,6.156250000000000611e-02
2.407000000000000112e-02,6.093750000000000555e-02
2.418499999999999817e-02,6.000000000000000472e-02
2.429999999999999868e-02,5.937500000000000416e-02
2.441499999999999920e-02,5.906250000000000389e-02
2.452999999999999972e-02,5.906250000000000389e-02
2.464500000000000024e-02,6.031250000000000500e-02
2.476000000000000076e-02,6.093750000000000555e-02
2.487500000000000128e-02,6.124999999999999889e-02
2.498999999999999833e-02,6.156250000000000611e-02
2.510499999999999884e-02,6.187499999999999944e-02
2.521999999999999936e-02,6.031250000000000500e-02
2.533499999999999988e-02,5.843750000000000333e-02
2.545000000000000040e-02,5.531250000000000056e-02
2.556500000000000092e-02,5.343749999999999889e-02
2.568000000000000144e-02,5.218750000000000472e-02
2.579499999999999849e-02,5.218750000000000472e-02
2.590999999999999900e-02,5.468750000000000000e-02
2.602499999999999952e-02,5.875000000000000361e-02
2.614000000000000004e-02,6.124999999999999889e-02
2.625500000000000056e-02,6.250000000000000000e-02
2.637000000000000108e-02,6.187499999999999944e-02
2.648500000000000160e-02,6.093750000000000555e-02
2.659999999999999865e-02,6.124999999999999889e-02
2.671499999999999916e-02,6.156250000000000611e-02
2.682999999999999968e-02,6.187499999999999944e-02
2.694500000000000020e-02,6.218750000000000666e-02
2.706000000000000072e-02,6.250000000000000000e-02
2.717500000000000124e-02,6.218750000000000666e-02
2.728999999999999829e-02,6.187499999999999944e-02
2.740499999999999881e-02,6.187499999999999944e-02
2.751999999999999932e-02,6.187499999999999944e-02
2.763499999999999984e-02,6.093750000000000555e-02
2.775000000000000036e-02,5.875000000000000361e-02
2.786500000000000088e-02,5.750000000000000250e-02
2.798000000000000140e-02,5.156250000000000416e-02
2.809499999999999845e-02,4.906250000000000194e-02
2.820999999999999897e-02,4.875000000000000167e-02
2.832499999999999948e-02,5.000000000000000278e-02
2.844000000000000000e-02,5.312500000000000555e-02
2.855500000000000052e-02,5.812500000000000305e-02
2.867000000000000104e-02,5.968750000000000444e-02
2.878500000000000156e-02,6.093750000000000555e-02
2.889999999999999861e-02,6.062500000000000527e-02
2.901499999999999913e-02,5.906250000000000389e-02
2.912999999999999964e-02,5.718750000000000222e-02
2.924500000000000016e-02,5.718750000000000222e-02
2.936000000000000068e-02,5.843750000000000333e-02
2.947500000000000120e-02,6.062500000000000527e-02
2.959000000000000172e-02,6.156250000000000611e-02
2.970499999999999877e-02,6.218750000000000666e-02
2.981999999999999929e-02,6.187499999999999944e-02
2.993499999999999980e-02,6.187499999999999944e-02
3.005000000000000032e-02,6.281250000000000722e-02
3.016500000000000084e-02,6.218750000000000666e-02
3.028000000000000136e-02,6.156250000000000611e-02
3.039499999999999841e-02,6.093750000000000555e-02
3.051000000000000240e-02,6.093750000000000555e-02
3.062499999999999944e-02,6.062500000000000527e-02
3.074000000000000343e-02,6.031250000000000500e-02
3.085500000000000048e-02,6.093750000000000555e-02
3.096999999999999753e-02,6.124999999999999889e-02
3.108500000000000152e-02,6.187499999999999944e-02
3.119999999999999857e-02,6.312500000000000056e-02
3.131500000000000256e-02,6.312500000000000056e-02
3.142999999999999960e-02,6.218750000000000666e-02
3.154499999999999665e-02,6.250000000000000000e-02
3.166000000000000064e-02,6.218750000000000666e-02
3.177499999999999769e-02,6.187499999999999944e-02
3.189000000000000168e-02,6.124999999999999889e-02
3.200499999999999873e-02,5.906250000000000389e-02
3.212000000000000272e-02,5.781250000000000278e-02
3.223499999999999976e-02,5.781250000000000278e-02
3.234999999999999681e-02,5.812500000000000305e-02
3.246500000000000080e-02,5.781250000000000278e-02
3.257999999999999785e-02,5.812500000000000305e-02
3.269500000000000184e-02,5.812500000000000305e-02
3.280999999999999889e-02,5.937500000000000416e-02
3.292500000000000288e-02,6.062500000000000527e-02
3.303999999999999992e-02,6.156250000000000611e-02
3.315499999999999697e-02,6.156250000000000611e-02
3.327000000000000096e-02,6.156250000000000611e-02
3.338499999999999801e-02,6.156250000000000611e-02
3.350000000000000200e-02,6.187499999999999944e-02
3.361499999999999905e-02,6.156250000000000611e-02
3.373000000000000304e-02,6.124999999999999889e-02
3.384500000000000008e-02,6.124999999999999889e-02
3.395999999999999713e-02,6.093750000000000555e-02
3.407500000000000112e-02,6.093750000000000555e-02
3.418999999999999817e-02,6.062500000000000527e-02
3.430500000000000216e-02,6.062500000000000527e-02
3.441999999999999921e-02,5.968750000000000444e-02
3.453500000000000320e-02,5.937500000000000416e-02
3.465000000000000024e-02,5.843750000000000333e-02
3.476499999999999729e-02,5.718750000000000222e-02
3.488000000000000128e-02,5.687500000000000888e-02
3.499499999999999833e-02,5.687500000000000888e-02
3.511000000000000232e-02,5.750000000000000250e-02
3.522499999999999937e-02,5.781250000000000278e-02
3.534000000000000336e-02,6.031250000000000500e-02
3.545500000000000040e-02,6.124999999999999889e-02
3.556999999999999745e-02,6.124999999999999889e-02
3.568500000000000144e-02,6.156250000000000611e-02
3.579999999999999849e-02,6.187499999999999944e-02
3.591500000000000248e-02,6.124999999999999889e-02
3.602999999999999953e-02,6.062500000000000527e-02
3.614500000000000351e-02,6.031250000000000500e-02
3.626000000000000056e-02,6.031250000000000500e-02
3.637499999999999761e-02,6.062500000000000527e-02
3.649000000000000160e-02,6.124999999999999889e-02
3.660499999999999865e-02,6.093750000000000555e-02
3.672000000000000264e-02,5.968750000000000444e-02
3.683499999999999969e-02,5.937500000000000416e-02
3.695000000000000367e-02,5.875000000000000361e-02
3.706500000000000072e-02,5.781250000000000278e-02
3.717999999999999777e-02,5.781250000000000278e-02
3.729500000000000176e-02,5.875000000000000361e-02
3.740999999999999881e-02,6.031250000000000500e-02
3.752500000000000280e-02,6.062500000000000527e-02
3.763999999999999985e-02,6.031250000000000500e-02
3.775499999999999690e-02,6.062500000000000527e-02
3.787000000000000088e-02,6.124999999999999889e-02
3.798499999999999793e-02,6.156250000000000611e-02
3.810000000000000192e-02,6.187499999999999944e-02
3.821499999999999897e-02,6.187499999999999944e-02
3.833000000000000296e-02,6.187499999999999944e-02
3.844500000000000001e-02,6.156250000000000611e-02
3.855999999999999706e-02,6.124999999999999889e-02
3.867500000000000104e-02,6.093750000000000555e-02
3.878999999999999809e-02,6.156250000000000611e-02
3.890500000000000208e-02,6.124999999999999889e-02
3.901999999999999913e-02,6.031250000000000500e-02
3.913500000000000312e-02,5.968750000000000444e-02
3.925000000000000017e-02,5.906250000000000389e-02
3.936499999999999722e-02,5.843750000000000333e-02
3.948000000000000120e-02,5.906250000000000389e-02
3.959499999999999825e-02,6.093750000000000555e-02
3.971000000000000224e-02,6.156250000000000611e-02
3.982499999999999929e-02,6.218750000000000666e-02
3.994000000000000328e-02,5.906250000000000389e-02
4.005500000000000033e-02,5.750000000000000250e-02
4.016999999999999738e-02,5.468750000000000000e-02
4.028500000000000136e-02,5.437500000000000666e-02
4.039999999999999841e-02,5.468750000000000000e-02
4.051500000000000240e-02,5.593750000000000111e-02
4.062999999999999945e-02,5.906250000000000389e-02
4.074500000000000344e-02,5.968750000000000444e-02
4.086000000000000049e-02,6.093750000000000555e-02
4.097499999999999754e-02,6.031250000000000500e-02
4.109000000000000152e-02,5.750000000000000250e-02
4.120499999999999857e-02,5.218750000000000472e-02
4.132000000000000256e-02,4.875000000000000167e-02
4.143499999999999961e-02,4.218750000000000278e-02
4.155000000000000360e-02,3.375000000000000222e-02
4.166500000000000065e-02,2.750000000000000361e-02
4.177999999999999770e-02,2.531250000000000167e-02
4.189500000000000168e-02,2.531250000000000167e-02
4.200999999999999873e-02,3.187500000000000056e-02
4.212500000000000272e-02,3.718750000000000527e-02
4.223999999999999977e-02,4.125000000000000194e-02
4.235500000000000376e-02,4.593750000000000611e-02
4.247000000000000081e-02,4.812500000000000111e-02
4.258499999999999786e-02,5.031250000000000305e-02
4.270000000000000184e-02,5.062500000000000333e-02
4.281499999999999889e-02,4.875000000000000167e-02
4.293000000000000288e-02,4.562500000000000583e-02
4.304499999999999993e-02,4.125000000000000194e-02
4.316000000000000392e-02,3.593750000000000416e-02
4.327500000000000097e-02,3.406250000000000250e-02
4.338999999999999801e-02,3.343750000000000194e-02
4.350500000000000200e-02,3.468750000000000305e-02
4.361999999999999905e-02,4.125000000000000194e-02
4.373500000000000304e-02,4.906250000000000194e-02
4.385000000000000009e-02,5.093750000000000361e-02
4.396499999999999714e-02,5.468750000000000000e-02
4.408000000000000113e-02,5.687500000000000888e-02
4.419499999999999817e-02,5.750000000000000250e-02
4.431000000000000216e-02,5.593750000000000111e-02
4.442499999999999921e-02,5.343749999999999889e-02
4.454000000000000320e-02,5.031250000000000305e-02
4.465500000000000025e-02,4.281250000000000333e-02
4.476999999999999730e-02,4.125000000000000194e-02
4.488500000000000129e-02,3.750000000000000555e-02
4.499999999999999833e-02,3.500000000000000333e-02
4.511500000000000232e-02,3.500000000000000333e-02
4.522999999999999937e-02,3.687500000000000500e-02
4.534500000000000336e-02,4.031250000000000111e-02
4.546000000000000041e-02,4.312500000000000361e-02
4.557499999999999746e-02,4.343750000000000389e-02
4.569000000000000145e-02,4.406250000000000444e-02
4.580499999999999849e-02,4.125000000000000194e-02
4.592000000000000248e-02,3.812500000000000611e-02
4.603499999999999953e-02,3.343750000000000194e-02
4.615000000000000352e-02,2.906250000000000500e-02
4.626500000000000057e-02,2.312500000000000319e-02
4.637999999999999762e-02,2.093750000000000472e-02
4.649500000000000161e-02,1.875000000000000278e-02
4.660999999999999865e-02,2.000000000000000389e-02
4.672500000000000264e-02,2.625000000000000250e-02
4.683999999999999969e-02,3.187500000000000056e-02
4.695500000000000368e-02,3.906250000000000000e-02
4.707000000000000073e-02,4.593750000000000611e-02
4.718499999999999778e-02,4.875000000000000167e-02
4.730000000000000177e-02,5.187500000000000444e-02
4.741499999999999881e-02,5.187500000000000444e-02
4.753000000000000280e-02,4.875000000000000167e-02
4.764499999999999985e-02,4.437500000000000472e-02
4.776000000000000384e-02,4.093750000000000167e-02
4.787500000000000089e-02,3.843750000000000638e-02
4.798999999999999794e-02,3.750000000000000555e-02
4.810500000000000193e-02,3.750000000000000555e-02
4.821999999999999897e-02,4.281250000000000333e-02
4.833500000000000296e-02,4.500000000000000527e-02
4.845000000000000001e-02,4.718750000000000722e-02
4.856500000000000400e-02,4.843750000000000139e-02
4.868000000000000105e-02,5.031250000000000305e-02
4.879499999999999810e-02,5.312500000000000555e-02
4.891000000000000208e-02,5.468750000000000000e-02
4.902499999999999913e-02,5.406249999999999944e-02
4.914000000000000312e-02,5.218750000000000472e-02
4.925500000000000017e-02,5.062500000000000333e-02
4.936999999999999722e-02,4.250000000000000305e-02
4.948500000000000121e-02,3.843750000000000638e-02
4.959999999999999826e-02,3.437500000000000278e-02
4.971500000000000224e-02,2.750000000000000361e-02
4.982999999999999929e-02,2.593750000000000222e-02
4.994500000000000328e-02,2.656250000000000278e-02
5.006000000000000033e-02,2.687500000000000305e-02
5.017499999999999738e-02,2.750000000000000361e-02
5.029000000000000137e-02,2.875000000000000472e-02
5.040499999999999842e-02,3.093750000000000319e-02
5.052000000000000240e-02,3.125000000000000000e-02
5.063499999999999945e-02,3.125000000000000000e-02
5.075000000000000344e-02,3.000000000000000236e-02
5.086500000000000049e-02,2.750000000000000361e-02
5.097999999999999754e-02,2.687500000000000305e-02
5.109500000000000153e-02,2.406250000000000056e-02
5.120999999999999858e-02,2.281250000000000291e-02
5.132500000000000256e-02,2.156250000000000527e-02
5.143999999999999961e-02,2.187500000000000555e-02
5.155500000000000360e-02,2.562500000000000194e-02
5.167000000000000065e-02,2.843750000000000444e-02
5.178499999999999770e-02,3.343750000000000194e-02
5.190000000000000169e-02,3.625000000000000444e-02
5.201499999999999874e-02,3.781250000000000583e-02
5.213000000000000272e-02,4.093750000000000167e-02
5.224499999999999977e-02,4.156250000000000222e-02
5.236000000000000376e-02,4.437500000000000472e-02
5.247500000000000081e-02,4.437500000000000472e-02
5.258999999999999786e-02,4.531250000000000555e-02
5.270500000000000185e-02,4.531250000000000555e-02
5.281999999999999890e-02,4.406250000000000444e-02
5.293500000000000288e-02,4.031250000000000111e-02
5.304999999999999993e-02,3.687500000000000500e-02
5.316500000000000392e-02,3.312500000000000167e-02
5.328000000000000097e-02,3.031250000000000264e-02
5.339499999999999802e-02,2.562500000000000194e-02
5.351000000000000201e-02,2.093750000000000472e-02
5.362499999999999906e-02,1.968750000000000361e-02
5.374000000000000304e-02,2.031250000000000416e-02
5.385500000000000009e-02,2.281250000000000291e-02
5.397000000000000408e-02,2.656250000000000278e-02
5.408500000000000113e-02,2.843750000000000444e-02
5.419999999999999818e-02,2.875000000000000472e-02
5.431500000000000217e-02,2.875000000000000472e-02
5.442999999999999922e-02,2.875000000000000472e-02
5.454500000000000320e-02,2.625000000000000250e-02
5.466000000000000025e-02,1.937500000000000333e-02
5.477500000000000424e-02,1.750000000000000167e-02
5.489000000000000129e-02,1.218750000000000389e-02
5.500499999999999834e-02,8.125000000000003747e-03
5.512000000000000233e-02,5.937500000000001804e-03
5.523499999999999938e-02,5.625000000000001527e-03
5.535000000000000336e-02,5.312500000000001249e-03
5.546500000000000041e-02,6.250000000000002082e-03
5.557999999999999746e-02,7.812500000000003469e-03
5.569500000000000145e-02,8.437500000000004025e-03
5.580999999999999850e-02,1.156250000000000333e-02
5.592500000000000249e-02,1.281250000000000444e-02
5.603999999999999954e-02,1.343750000000000153e-02
5.615500000000000352e-02,1.593750000000000375e-02
5.627000000000000057e-02,1.562500000000000347e-02
5.638499999999999762e-02,1.593750000000000375e-02
5.650000000000000161e-02,1.593750000000000375e-02
5.661499999999999866e-02,1.312500000000000125e-02
5.673000000000000265e-02,1.125000000000000305e-02
5.684499999999999970e-02,9.062500000000001110e-03
5.696000000000000368e-02,7.500000000000003192e-03
5.707500000000000073e-02,7.812500000000003469e-03
5.718999999999999778e-02,1.000000000000000194e-02
5.730500000000000177e-02,1.250000000000000416e-02
5.741999999999999882e-02,1.781250000000000194e-02
5.753500000000000281e-02,1.937500000000000333e-02
5.764999999999999986e-02,2.000000000000000389e-02
5.776500000000000384e-02,1.906250000000000305e-02
5.788000000000000089e-02,1.718750000000000139e-02
5.799499999999999794e-02,1.437500000000000236e-02
5.811000000000000193e-02,1.156250000000000333e-02
5.822499999999999898e-02,8.437500000000004025e-03
5.834000000000000297e-02,6.250000000000002082e-03
5.845500000000000002e-02,5.312500000000001249e-03
5.857000000000000400e-02,5.312500000000001249e-03
5.868500000000000105e-02,5.625000000000001527e-03
5.879999999999999810e-02,7.812500000000003469e-03
5.891500000000000209e-02,8.750000000000004302e-03
5.902999999999999914e-02,9.687500000000001665e-03
5.914500000000000313e-02,1.000000000000000194e-02
5.926000000000000018e-02,8.750000000000004302e-03
5.937500000000000416e-02,6.875000000000002637e-03
5.949000000000000121e-02,5.312500000000001249e-03
5.960499999999999826e-02,3.437500000000003053e-03
5.972000000000000225e-02,2.812500000000002498e-03
5.983499999999999930e-02,2.812500000000002498e-03
5.995000000000000329e-02,3.125000000000002776e-03
6.006500000000000034e-02,2.812500000000002498e-03
6.018000000000000432e-02,2.812500000000002498e-03
6.029500000000000137e-02,2.500000000000002220e-03
6.040999999999999842e-02,2.812500000000002498e-03
6.052500000000000241e-02,3.437500000000003053e-03
6.063999999999999946e-02,5.000000000000004441e-03
6.075500000000000345e-02,9.062500000000001110e-03
6.087000000000000050e-02,1.093750000000000278e-02
6.098499999999999754e-02,1.250000000000000416e-02
6.110000000000000153e-02,1.218750000000000389e-02
6.121499999999999858e-02,8.750000000000004302e-03
6.133000000000000257e-02,7.187500000000002914e-03
6.144499999999999962e-02,6.250000000000002082e-03
6.156000000000000361e-02,4.375000000000003886e-03
6.167500000000000759e-02,4.062500000000003608e-03
6.178999999999999770e-02,4.062500000000003608e-03
6.190500000000000169e-02,5.312500000000001249e-03
6.202000000000000568e-02,8.437500000000004025e-03
6.213499999999999579e-02,1.093750000000000278e-02
6.224999999999999978e-02,1.343750000000000153e-02
6.236500000000000377e-02,2.000000000000000389e-02
6.248000000000000775e-02,2.281250000000000291e-02
6.259499999999999786e-02,2.375000000000000375e-02
6.271000000000000185e-02,2.031250000000000416e-02
6.282500000000000584e-02,1.781250000000000194e-02
6.293999999999999595e-02,1.468750000000000264e-02
6.305499999999999994e-02,9.062500000000001110e-03
6.317000000000000393e-02,6.250000000000002082e-03
6.328500000000000791e-02,4.375000000000003886e-03
6.339999999999999802e-02,3.125000000000002776e-03
6.351500000000000201e-02,2.812500000000002498e-03
6.363000000000000600e-02,2.812500000000002498e-03
6.374499999999999611e-02,3.437500000000003053e-03
6.386000000000000010e-02,3.750000000000003331e-03
6.397500000000000409e-02,3.437500000000003053e-03
6.408999999999999420e-02,3.750000000000003331e-03
6.420499999999999818e-02,4.062500000000003608e-03
6.432000000000000217e-02,3.125000000000002776e-03
6.443500000000000616e-02,3.125000000000002776e-03
6.454999999999999627e-02,2.500000000000002220e-03
6.466500000000000026e-02,2.500000000000002220e-03
6.478000000000000425e-02,2.812500000000002498e-03
6.489499999999999436e-02,3.125000000000002776e-03
6.500999999999999834e-02,3.437500000000003053e-03
6.512500000000000233e-02,3.125000000000002776e-03
6.524000000000000632e-02,2.812500000000002498e-03
6.535499999999999643e-02,2.500000000000002220e-03
6.547000000000000042e-02,4.687500000000004163e-03
6.558500000000000441e-02,6.562500000000002359e-03
6.569999999999999452e-02,7.500000000000003192e-03
6.581499999999999850e-02,9.375000000000001388e-03
6.593000000000000249e-02,1.031250000000000222e-02
6.604500000000000648e-02,1.031250000000000222e-02
6.615999999999999659e-02,9.375000000000001388e-03
6.627500000000000058e-02,7.500000000000003192e-03
6.639000000000000457e-02,6.875000000000002637e-03
6.650499999999999468e-02,4.687500000000004163e-03
6.661999999999999866e-02,4.375000000000003886e-03
6.673500000000000265e-02,3.437500000000003053e-03
6.685000000000000664e-02,3.437500000000003053e-03
6.696499999999999675e-02,4.687500000000004163e-03
6.708000000000000074e-02,4.375000000000003886e-03
6.719500000000000473e-02,5.000000000000004441e-03
6.730999999999999484e-02,5.312500000000001249e-03
6.742499999999999882e-02,5.937500000000001804e-03
6.754000000000000281e-02,6.250000000000002082e-03
6.765500000000000680e-02,6.250000000000002082e-03
6.776999999999999691e-02,4.375000000000003886e-03
6.788500000000000090e-02,4.062500000000003608e-03
6.800000000000000488e-02,2.812500000000002498e-03
6.811499999999999500e-02,2.500000000000002220e-03
6.822999999999999898e-02,2.812500000000002498e-03
6.834500000000000297e-02,5.000000000000004441e-03
6.846000000000000696e-02,7.500000000000003192e-03
6.857499999999999707e-02,7.500000000000003192e-03
6.869000000000000106e-02,7.812500000000003469e-03
6.880500000000000504e-02,7.187500000000002914e-03
6.891999999999999515e-02,6.562500000000002359e-03
6.903499999999999914e-02,5.937500000000001804e-03
6.915000000000000313e-02,4.062500000000003608e-03
6.926500000000000712e-02,3.750000000000003331e-03
6.937999999999999723e-02,3.750000000000003331e-03
6.949500000000000122e-02,4.062500000000003608e-03
6.961000000000000520e-02,4.375000000000003886e-03
6.972499999999999531e-02,5.000000000000004441e-03
6.983999999999999930e-02,5.625000000000001527e-03
6.995500000000000329e-02,5.937500000000001804e-03
7.007000000000000728e-02,6.250000000000002082e-03
7.018499999999999739e-02,6.562500000000002359e-03
7.030000000000000138e-02,6.562500000000002359e-03
7.041500000000000536e-02,5.625000000000001527e-03
7.052999999999999547e-02,5.000000000000004441e-03
7.064499999999999946e-02,3.437500000000003053e-03
7.076000000000000345e-02,3.437500000000003053e-03
7.087500000000000744e-02,3.437500000000003053e-03
7.098999999999999755e-02,4.062500000000003608e-03
7.110500000000000154e-02,4.062500000000003608e-03
7.122000000000000552e-02,3.437500000000003053e-03
7.133499999999999563e-02,3.125000000000002776e-03
7.144999999999999962e-02,3.125000000000002776e-03
7.156500000000000361e-02,3.750000000000003331e-03
7.168000000000000760e-02,5.000000000000004441e-03
7.179499999999999771e-02,6.875000000000002637e-03
7.191000000000000170e-02,6.875000000000002637e-03
7.202500000000000568e-02,6.562500000000002359e-03
7.213999999999999579e-02,4.375000000000003886e-03
7.225499999999999978e-02,3.125000000000002776e-03
7.237000000000000377e-02,2.812500000000002498e-03
7.248500000000000776e-02,2.500000000000002220e-03
7.259999999999999787e-02,2.187500000000001943e-03
7.271500000000000186e-02,2.187500000000001943e-03
7.283000000000000584e-02,2.500000000000002220e-03
7.294499999999999595e-02,3.125000000000002776e-03
7.305999999999999994e-02,4.687500000000004163e-03
7.317500000000000393e-02,5.625000000000001527e-03
7.329000000000000792e-02,7.812500000000003469e-03
7.340499999999999803e-02,1.156250000000000333e-02
7.352000000000000202e-02,1.500000000000000291e-02
7.363500000000000600e-02,1.687500000000000458e-02
7.374999999999999611e-02,1.531250000000000319e-02
7.386500000000000010e-02,1.281250000000000444e-02
7.398000000000000409e-02,1.000000000000000194e-02
7.409500000000000808e-02,8.437500000000004025e-03
7.420999999999999819e-02,6.875000000000002637e-03
7.432500000000000218e-02,4.687500000000004163e-03
7.444000000000000616e-02,4.375000000000003886e-03
7.455499999999999627e-02,4.062500000000003608e-03
7.467000000000000026e-02,4.375000000000003886e-03
7.478500000000000425e-02,5.312500000000001249e-03
7.490000000000000824e-02,6.562500000000002359e-03
7.501499999999999835e-02,7.187500000000002914e-03
7.513000000000000234e-02,7.500000000000003192e-03
7.524500000000000632e-02,7.500000000000003192e-03
7.535999999999999643e-02,5.312500000000001249e-03
7.547500000000000042e-02,4.687500000000004163e-03
7.559000000000000441e-02,3.437500000000003053e-03
7.570499999999999452e-02,3.125000000000002776e-03
7.581999999999999851e-02,2.812500000000002498e-03
7.593500000000000250e-02,3.125000000000002776e-03
7.605000000000000648e-02,2.812500000000002498e-03
7.616499999999999659e-02,3.437500000000003053e-03
7.628000000000000058e-02,5.312500000000001249e-03
7.639500000000000457e-02,8.750000000000004302e-03
7.650999999999999468e-02,9.062500000000001110e-03
7.662499999999999867e-02,1.062500000000000250e-02
7.674000000000000266e-02,1.187500000000000361e-02
7.685500000000000664e-02,1.218750000000000389e-02
7.696999999999999675e-02,1.281250000000000444e-02
7.708500000000000074e-02,1.093750000000000278e-02
7.720000000000000473e-02,1.000000000000000194e-02
7.731499999999999484e-02,9.375000000000001388e-03
7.742999999999999883e-02,9.687500000000001665e-03
7.754500000000000282e-02,1.125000000000000305e-02
7.766000000000000680e-02,1.312500000000000125e-02
7.777499999999999691e-02,1.562500000000000347e-02
7.789000000000000090e-02,1.968750000000000361e-02
7.800500000000000489e-02,2.625000000000000250e-02
7.811999999999999500e-02,3.218750000000000083e-02
7.823499999999999899e-02,3.437500000000000278e-02
7.835000000000000298e-02,3.562500000000000389e-02
7.846500000000000696e-02,3.625000000000000444e-02
7.857999999999999707e-02,3.625000000000000444e-02
7.869500000000000106e-02,3.281250000000000139e-02
7.881000000000000505e-02,2.531250000000000167e-02
7.892499999999999516e-02,1.812500000000000222e-02
7.903999999999999915e-02,1.468750000000000264e-02
7.915500000000000314e-02,1.281250000000000444e-02
7.927000000000000712e-02,1.093750000000000278e-02
7.938499999999999723e-02,1.156250000000000333e-02
7.950000000000000122e-02,1.250000000000000416e-02
7.961500000000000521e-02,1.343750000000000153e-02
7.972999999999999532e-02,1.843750000000000250e-02
7.984499999999999931e-02,2.125000000000000500e-02
7.996000000000000330e-02,2.468750000000000111e-02
8.007500000000000728e-02,2.781250000000000389e-02
8.018999999999999739e-02,3.093750000000000319e-02
8.030500000000000138e-02,3.031250000000000264e-02
8.042000000000000537e-02,2.812500000000000416e-02
8.053499999999999548e-02,2.531250000000000167e-02
8.064999999999999947e-02,2.062500000000000444e-02
8.076500000000000346e-02,1.937500000000000333e-02
8.088000000000000744e-02,1.937500000000000333e-02
8.099499999999999755e-02,1.843750000000000250e-02
8.111000000000000154e-02,1.781250000000000194e-02
8.122500000000000553e-02,1.875000000000000278e-02
8.133999999999999564e-02,2.156250000000000527e-02
8.145499999999999963e-02,2.500000000000000139e-02
8.157000000000000361e-02,2.843750000000000444e-02
8.168500000000000760e-02,3.312500000000000167e-02
8.179999999999999771e-02,3.562500000000000389e-02
8.191500000000000170e-02,3.875000000000000666e-02
8.203000000000000569e-02,3.968750000000000056e-02
8.214499999999999580e-02,3.875000000000000666e-02
8.225999999999999979e-02,3.812500000000000611e-02
8.237500000000000377e-02,3.437500000000000278e-02
8.249000000000000776e-02,3.187500000000000056e-02
8.260499999999999787e-02,3.125000000000000000e-02
8.272000000000000186e-02,3.062500000000000291e-02
8.283500000000000585e-02,3.031250000000000264e-02
8.294999999999999596e-02,3.093750000000000319e-02
8.306499999999999995e-02,3.343750000000000194e-02
8.318000000000000393e-02,3.750000000000000555e-02
8.329500000000000792e-02,4.062500000000000139e-02
8.340999999999999803e-02,4.187500000000000250e-02
8.352500000000000202e-02,4.093750000000000167e-02
8.364000000000000601e-02,3.750000000000000555e-02
8.375499999999999612e-02,3.437500000000000278e-02
8.387000000000000011e-02,2.937500000000000527e-02
8.398500000000000409e-02,2.750000000000000361e-02
8.410000000000000808e-02,2.468750000000000111e-02
8.421499999999999819e-02,2.281250000000000291e-02
8.433000000000000218e-02,2.156250000000000527e-02
8.444500000000000617e-02,2.062500000000000444e-02
8.455999999999999628e-02,1.906250000000000305e-02
8.467500000000000027e-02,2.031250000000000416e-02
8.479000000000000425e-02,2.250000000000000264e-02
8.490500000000000824e-02,2.687500000000000305e-02
8.501999999999999835e-02,3.250000000000000111e-02
8.513500000000000234e-02,3.312500000000000167e-02
8.525000000000000633e-02,3.687500000000000500e-02
8.536499999999999644e-02,3.718750000000000527e-02
8.548000000000000043e-02,3.625000000000000444e-02
8.559500000000000441e-02,3.281250000000000139e-02
8.571000000000000840e-02,3.062500000000000291e-02
8.582499999999999851e-02,2.937500000000000527e-02
8.594000000000000250e-02,2.593750000000000222e-02
8.605500000000000649e-02,2.562500000000000194e-02
8.616999999999999660e-02,2.593750000000000222e-02
8.628500000000000059e-02,2.593750000000000222e-02
8.640000000000000457e-02,2.812500000000000416e-02
8.651500000000000856e-02,3.125000000000000000e-02
8.662999999999999867e-02,3.812500000000000611e-02
8.674500000000000266e-02,4.187500000000000250e-02
8.686000000000000665e-02,4.531250000000000555e-02
8.697499999999999676e-02,4.593750000000000611e-02
8.709000000000000075e-02,4.718750000000000722e-02
8.720500000000000473e-02,4.624999999999999944e-02
8.732000000000000872e-02,4.312500000000000361e-02
8.743499999999999883e-02,4.093750000000000167e-02
8.755000000000000282e-02,3.468750000000000305e-02
8.766500000000000681e-02,3.125000000000000000e-02
8.777999999999999692e-02,3.031250000000000264e-02
8.789500000000000091e-02,2.843750000000000444e-02
8.801000000000000489e-02,2.625000000000000250e-02
8.812499999999999500e-02,2.562500000000000194e-02
8.823999999999999899e-02,2.593750000000000222e-02
8.835500000000000298e-02,2.750000000000000361e-02
8.847000000000000697e-02,2.906250000000000500e-02
8.858499999999999708e-02,3.000000000000000236e-02
8.870000000000000107e-02,2.937500000000000527e-02
8.881500000000000505e-02,2.875000000000000472e-02
8.892999999999999516e-02,2.687500000000000305e-02
8.904499999999999915e-02,2.500000000000000139e-02
8.916000000000000314e-02,2.125000000000000500e-02
8.927500000000000713e-02,1.812500000000000222e-02
8.938999999999999724e-02,1.718750000000000139e-02
8.950500000000000123e-02,1.656250000000000430e-02
8.962000000000000521e-02,1.718750000000000139e-02
8.973499999999999532e-02,1.781250000000000194e-02
8.984999999999999931e-02,1.968750000000000361e-02
8.996500000000000330e-02,2.468750000000000111e-02
9.008000000000000729e-02,2.937500000000000527e-02
9.019499999999999740e-02,3.187500000000000056e-02
9.031000000000000139e-02,3.562500000000000389e-02
9.042500000000000537e-02,3.625000000000000444e-02
9.053999999999999548e-02,3.625000000000000444e-02
9.065499999999999947e-02,3.531250000000000361e-02
9.077000000000000346e-02,3.468750000000000305e-02
9.088500000000000745e-02,3.187500000000000056e-02
9.099999999999999756e-02,3.250000000000000111e-02
9.111500000000000155e-02,3.343750000000000194e-02
9.123000000000000553e-02,3.625000000000000444e-02
9.134499999999999564e-02,3.968750000000000056e-02
9.145999999999999963e-02,4.062500000000000139e-02
9.157500000000000362e-02,4.343750000000000389e-02
9.169000000000000761e-02,4.812500000000000111e-02
9.180499999999999772e-02,4.875000000000000167e-02
9.192000000000000171e-02,4.906250000000000194e-02
9.203500000000000569e-02,4.593750000000000611e-02
9.214999999999999580e-02,4.406250000000000444e-02
9.226499999999999979e-02,4.000000000000000083e-02
9.238000000000000378e-02,3.812500000000000611e-02
9.249500000000000777e-02,3.156250000000000028e-02
9.260999999999999788e-02,3.062500000000000291e-02
9.272500000000000187e-02,2.531250000000000167e-02
9.284000000000000585e-02,2.312500000000000319e-02
9.295499999999999596e-02,2.281250000000000291e-02
9.306999999999999995e-02,2.375000000000000375e-02
9.318500000000000394e-02,2.500000000000000139e-02
9.330000000000000793e-02,2.750000000000000361e-02
9.341499999999999804e-02,2.843750000000000444e-02
9.353000000000000203e-02,2.781250000000000389e-02
9.364500000000000601e-02,2.593750000000000222e-02
9.375999999999999612e-02,2.500000000000000139e-02
9.387500000000000011e-02,2.343750000000000347e-02
9.399000000000000410e-02,2.218750000000000236e-02
9.410500000000000809e-02,2.187500000000000555e-02
9.421999999999999820e-02,2.093750000000000472e-02
9.433500000000000218e-02,2.125000000000000500e-02
9.445000000000000617e-02,2.562500000000000194e-02
9.456499999999999628e-02,2.718750000000000333e-02
9.468000000000000027e-02,3.187500000000000056e-02
9.479500000000000426e-02,3.437500000000000278e-02
9.491000000000000825e-02,3.843750000000000638e-02
9.502499999999999836e-02,4.093750000000000167e-02
9.514000000000000234e-02,4.312500000000000361e-02
9.525500000000000633e-02,4.437500000000000472e-02
9.536999999999999644e-02,4.406250000000000444e-02
9.548500000000000043e-02,4.468750000000000500e-02
9.560000000000000442e-02,4.593750000000000611e-02
9.571500000000000841e-02,4.624999999999999944e-02
9.582999999999999852e-02,4.781250000000000777e-02
9.594500000000000250e-02,4.875000000000000167e-02
9.606000000000000649e-02,4.906250000000000194e-02
9.617499999999999660e-02,5.125000000000000389e-02
9.629000000000000059e-02,5.343749999999999889e-02
9.640500000000000458e-02,5.406249999999999944e-02
9.652000000000000857e-02,5.437500000000000666e-02
9.663499999999999868e-02,5.531250000000000056e-02
9.675000000000000266e-02,5.468750000000000000e-02
9.686500000000000665e-02,5.406249999999999944e-02
9.697999999999999676e-02,5.062500000000000333e-02
9.709500000000000075e-02,4.843750000000000139e-02
9.721000000000000474e-02,4.406250000000000444e-02
9.732500000000000873e-02,4.312500000000000361e-02
9.743999999999999884e-02,4.062500000000000139e-02
9.755500000000000282e-02,4.125000000000000194e-02
9.767000000000000681e-02,4.281250000000000333e-02
9.778499999999999692e-02,4.375000000000000416e-02
9.790000000000000091e-02,4.406250000000000444e-02
9.801500000000000490e-02,4.343750000000000389e-02
9.813000000000000889e-02,4.312500000000000361e-02
9.824499999999999900e-02,4.250000000000000305e-02
9.836000000000000298e-02,4.343750000000000389e-02
9.847500000000000697e-02,4.531250000000000555e-02
9.858999999999999708e-02,4.656250000000000666e-02
9.870500000000000107e-02,4.968750000000000250e-02
9.882000000000000506e-02,5.125000000000000389e-02
9.893500000000000905e-02,5.468750000000000000e-02
9.904999999999999916e-02,5.781250000000000278e-02
9.916500000000000314e-02,5.875000000000000361e-02
9.928000000000000713e-02,5.875000000000000361e-02
9.939499999999999724e-02,5.906250000000000389e-02
9.951000000000000123e-02,5.968750000000000444e-02
9.962500000000000522e-02,5.906250000000000389e-02
9.973999999999999533e-02,5.968750000000000444e-02
9.985499999999999932e-02,6.000000000000000472e-02
9.997000000000000330e-02,6.062500000000000527e-02
1.000850000000000073e-01,6.124999999999999889e-02
1.001999999999999974e-01,6.124999999999999889e-02
1.003150000000000014e-01,6.031250000000000500e-02
1.004300000000000054e-01,6.000000000000000472e-02
1.005449999999999955e-01,5.937500000000000416e-02
1.006599999999999995e-01,5.843750000000000333e-02
1.007750000000000035e-01,5.875000000000000361e-02
1.008900000000000075e-01,5.906250000000000389e-02
1.010049999999999976e-01,5.875000000000000361e-02
1.011200000000000015e-01,5.875000000000000361e-02
1.012350000000000055e-01,5.750000000000000250e-02
1.013499999999999956e-01,5.687500000000000888e-02
1.014649999999999996e-01,5.593750000000000111e-02
1.015800000000000036e-01,5.437500000000000666e-02
1.016950000000000076e-01,5.312500000000000555e-02
1.018099999999999977e-01,5.250000000000000500e-02
1.019250000000000017e-01,5.125000000000000389e-02
1.020400000000000057e-01,5.093750000000000361e-02
1.021549999999999958e-01,5.187500000000000444e-02
1.022699999999999998e-01,5.125000000000000389e-02
1.023850000000000038e-01,5.031250000000000305e-02
1.025000000000000078e-01,5.031250000000000305e-02
1.026149999999999979e-01,4.812500000000000111e-02
1.027300000000000019e-01,4.781250000000000777e-02
1.028450000000000059e-01,4.750000000000000056e-02
1.029599999999999960e-01,4.906250000000000194e-02
1.030750000000000000e-01,5.218750000000000472e-02
1.031900000000000039e-01,5.375000000000000611e-02
1.033050000000000079e-01,5.687500000000000888e-02
1.034199999999999980e-01,5.906250000000000389e-02
1.035350000000000020e-01,5.968750000000000444e-02
1.036500000000000060e-01,6.093750000000000555e-02
1.037649999999999961e-01,6.124999999999999889e-02
1.038800000000000001e-01,6.187499999999999944e-02
1.039950000000000041e-01,6.187499999999999944e-02
1.041100000000000081e-01,6.124999999999999889e-02
1.042249999999999982e-01,6.093750000000000555e-02
1.043400000000000022e-01,6.093750000000000555e-02
1.044550000000000062e-01,6.031250000000000500e-02
1.045699999999999963e-01,6.062500000000000527e-02
1.046850000000000003e-01,6.062500000000000527e-02
1.048000000000000043e-01,6.031250000000000500e-02
1.049150000000000083e-01,6.062500000000000527e-02
1.050299999999999984e-01,6.156250000000000611e-02
1.051450000000000023e-01,6.124999999999999889e-02
1.052600000000000063e-01,6.093750000000000555e-02
1.053749999999999964e-01,6.062500000000000527e-02
1.054900000000000004e-01,6.124999999999999889e-02
1.056050000000000044e-01,6.187499999999999944e-02
1.057200000000000084e-01,6.187499999999999944e-02
1.058349999999999985e-01,6.187499999999999944e-02
1.059500000000000025e-01,6.187499999999999944e-02
1.060650000000000065e-01,6.124999999999999889e-02
1.061799999999999966e-01,6.031250000000000500e-02
1.062950000000000006e-01,5.968750000000000444e-02
1.064100000000000046e-01,5.906250000000000389e-02
1.065250000000000086e-01,5.906250000000000389e-02
1.066399999999999987e-01,6.000000000000000472e-02
1.067550000000000027e-01,6.031250000000000500e-02
1.068700000000000067e-01,6.062500000000000527e-02
1.069849999999999968e-01,6.062500000000000527e-02
1.071000000000000008e-01,6.031250000000000500e-02
1.072150000000000047e-01,5.968750000000000444e-02
1.073300000000000087e-01,5.968750000000000444e-02
1.074449999999999988e-01,5.968750000000000444e-02
1.075600000000000028e-01,6.000000000000000472e-02
1.076750000000000068e-01,6.031250000000000500e-02
1.077899999999999969e-01,6.124999999999999889e-02
1.079050000000000009e-01,6.124999999999999889e-02
1.080200000000000049e-01,6.250000000000000000e-02
1.081350000000000089e-01,6.312500000000000056e-02
1.082499999999999990e-01,6.281250000000000722e-02
1.083650000000000030e-01,6.343750000000000777e-02
1.084800000000000070e-01,6.375000000000000111e-02
1.085949999999999971e-01,6.312500000000000056e-02
1.087100000000000011e-01,6.312500000000000056e-02
1.088250000000000051e-01,6.218750000000000666e-02
1.089400000000000091e-01,6.218750000000000666e-02
1.090549999999999992e-01,6.187499999999999944e-02
1.091700000000000031e-01,6.156250000000000611e-02
1.092850000000000071e-01,6.124999999999999889e-02
1.093999999999999972e-01,5.968750000000000444e-02
1.095150000000000012e-01,5.687500000000000888e-02
1.096300000000000052e-01,5.562500000000000777e-02
1.097450000000000092e-01,5.343749999999999889e-02
1.098599999999999993e-01,5.062500000000000333e-02
1.099750000000000033e-01,5.031250000000000305e-02
1.100900000000000073e-01,5.156250000000000416e-02
1.102049999999999974e-01,5.406249999999999944e-02
1.103200000000000014e-01,5.718750000000000222e-02
1.104350000000000054e-01,5.875000000000000361e-02
1.105500000000000094e-01,6.062500000000000527e-02
1.106649999999999995e-01,6.124999999999999889e-02
1.107800000000000035e-01,6.218750000000000666e-02
1.108950000000000075e-01,6.218750000000000666e-02
1.110099999999999976e-01,6.218750000000000666e-02
1.111250000000000016e-01,6.250000000000000000e-02
1.112400000000000055e-01,6.187499999999999944e-02
1.113549999999999957e-01,6.187499999999999944e-02
1.114699999999999996e-01,6.124999999999999889e-02
1.115850000000000036e-01,6.124999999999999889e-02
1.117000000000000076e-01,6.156250000000000611e-02
1.118149999999999977e-01,6.187499999999999944e-02
1.119300000000000017e-01,6.218750000000000666e-02
1.120450000000000057e-01,6.187499999999999944e-02
1.121599999999999958e-01,6.250000000000000000e-02
1.122749999999999998e-01,6.281250000000000722e-02
1.123900000000000038e-01,6.281250000000000722e-02
1.125050000000000078e-01,6.312500000000000056e-02
1.126199999999999979e-01,6.312500000000000056e-02
1.127350000000000019e-01,6.250000000000000000e-02
1.128500000000000059e-01,6.218750000000000666e-02
1.129649999999999960e-01,6.187499999999999944e-02
1.130800000000000000e-01,6.156250000000000611e-02
1.131950000000000039e-01,6.124999999999999889e-02
1.133100000000000079e-01,6.031250000000000500e-02
1.134249999999999980e-01,6.000000000000000472e-02
1.135400000000000020e-01,6.062500000000000527e-02
1.136550000000000060e-01,6.124999999999999889e-02
1.137699999999999961e-01,6.031250000000000500e-02
1.138850000000000001e-01,5.656250000000000167e-02
1.140000000000000041e-01,5.437500000000000666e-02
1.141150000000000081e-01,5.187500000000000444e-02
1.142299999999999982e-01,5.031250000000000305e-02
1.143450000000000022e-01,4.937500000000000222e-02
1.144600000000000062e-01,4.968750000000000250e-02
1.145749999999999963e-01,5.218750000000000472e-02
1.146900000000000003e-01,5.531250000000000056e-02
1.148050000000000043e-01,5.750000000000000250e-02
1.149200000000000083e-01,5.812500000000000305e-02
1.150349999999999984e-01,5.906250000000000389e-02
1.151500000000000024e-01,5.968750000000000444e-02
1.152650000000000063e-01,6.124999999999999889e-02
1.153799999999999965e-01,6.124999999999999889e-02
1.154950000000000004e-01,6.124999999999999889e-02
1.156100000000000044e-01,6.124999999999999889e-02
1.157250000000000084e-01,6.093750000000000555e-02
1.158399999999999985e-01,6.062500000000000527e-02
1.159550000000000025e-01,6.062500000000000527e-02
1.160700000000000065e-01,6.124999999999999889e-02
1.161849999999999966e-01,6.062500000000000527e-02
1.163000000000000006e-01,6.124999999999999889e-02
1.164150000000000046e-01,6.156250000000000611e-02
1.165300000000000086e-01,6.156250000000000611e-02
1.166449999999999987e-01,6.156250000000000611e-02
1.167600000000000027e-01,6.156250000000000611e-02
1.168750000000000067e-01,6.218750000000000666e-02
1.169899999999999968e-01,6.187499999999999944e-02
1.171050000000000008e-01,6.156250000000000611e-02
1.172200000000000047e-01,6.031250000000000500e-02
1.173350000000000087e-01,5.750000000000000250e-02
1.174499999999999988e-01,5.781250000000000278e-02
1.175650000000000028e-01,5.843750000000000333e-02
1.176800000000000068e-01,5.875000000000000361e-02
1.177949999999999969e-01,5.875000000000000361e-02
1.179100000000000009e-01,5.968750000000000444e-02
1.180250000000000049e-01,5.968750000000000444e-02
1.181400000000000089e-01,6.031250000000000500e-02
1.182549999999999990e-01,6.062500000000000527e-02
1.183700000000000030e-01,5.812500000000000305e-02
1.184850000000000070e-01,5.625000000000000833e-02
1.185999999999999971e-01,5.375000000000000611e-02
1.187150000000000011e-01,5.343749999999999889e-02
1.188300000000000051e-01,5.031250000000000305e-02
1.189450000000000091e-01,4.718750000000000722e-02
1.190599999999999992e-01,4.593750000000000611e-02
1.191750000000000032e-01,4.812500000000000111e-02
1.192900000000000071e-01,5.125000000000000389e-02
1.194049999999999973e-01,5.375000000000000611e-02
1.195200000000000012e-01,5.500000000000000722e-02
1.196350000000000052e-01,5.750000000000000250e-02
1.197500000000000092e-01,5.843750000000000333e-02
1.198649999999999993e-01,6.062500000000000527e-02
1.199800000000000033e-01,6.093750000000000555e-02
1.200950000000000073e-01,6.124999999999999889e-02
1.202099999999999974e-01,6.124999999999999889e-02
1.203250000000000014e-01,6.062500000000000527e-02
1.204400000000000054e-01,5.906250000000000389e-02
1.205550000000000094e-01,5.875000000000000361e-02
1.206699999999999995e-01,5.781250000000000278e-02
1.207850000000000035e-01,5.812500000000000305e-02
1.209000000000000075e-01,5.937500000000000416e-02
1.210149999999999976e-01,6.062500000000000527e-02
1.211300000000000016e-01,6.062500000000000527e-02
1.212450000000000055e-01,6.062500000000000527e-02
1.213600000000000095e-01,6.031250000000000500e-02
1.214749999999999996e-01,6.031250000000000500e-02
1.215900000000000036e-01,5.906250000000000389e-02
1.217050000000000076e-01,5.718750000000000222e-02
1.218199999999999977e-01,5.406249999999999944e-02
1.219350000000000017e-01,5.218750000000000472e-02
1.220500000000000057e-01,5.218750000000000472e-02
1.221650000000000097e-01,5.281250000000000527e-02
1.222799999999999998e-01,5.312500000000000555e-02
1.223950000000000038e-01,5.406249999999999944e-02
1.225100000000000078e-01,5.531250000000000056e-02
1.226249999999999979e-01,5.843750000000000333e-02
1.227400000000000019e-01,5.875000000000000361e-02
1.228550000000000059e-01,5.812500000000000305e-02
1.229699999999999960e-01,5.656250000000000167e-02
1.230850000000000000e-01,5.343749999999999889e-02
1.232000000000000040e-01,5.031250000000000305e-02
1.233150000000000079e-01,4.562500000000000583e-02
1.234299999999999981e-01,4.250000000000000305e-02
1.235450000000000020e-01,3.781250000000000583e-02
1.236600000000000060e-01,3.781250000000000583e-02
1.237749999999999961e-01,4.250000000000000305e-02
1.238900000000000001e-01,4.687500000000000000e-02
1.240050000000000041e-01,4.781250000000000777e-02
1.241200000000000081e-01,5.187500000000000444e-02
1.242350000000000121e-01,5.406249999999999944e-02
1.243500000000000161e-01,5.593750000000000111e-02
1.244649999999999923e-01,5.750000000000000250e-02
1.245799999999999963e-01,5.750000000000000250e-02
1.246950000000000003e-01,5.656250000000000167e-02
1.248100000000000043e-01,5.375000000000000611e-02
1.249250000000000083e-01,5.125000000000000389e-02
1.250400000000000122e-01,5.031250000000000305e-02
1.251550000000000162e-01,4.906250000000000194e-02
1.252699999999999925e-01,4.906250000000000194e-02
1.253849999999999965e-01,5.343749999999999889e-02
1.255000000000000004e-01,5.625000000000000833e-02
1.256150000000000044e-01,5.781250000000000278e-02
1.257300000000000084e-01,5.781250000000000278e-02
1.258450000000000124e-01,5.875000000000000361e-02
1.259600000000000164e-01,5.906250000000000389e-02
1.260749999999999926e-01,5.906250000000000389e-02
1.261899999999999966e-01,5.593750000000000111e-02
1.263050000000000006e-01,5.375000000000000611e-02
1.264200000000000046e-01,4.656250000000000666e-02
1.265350000000000086e-01,4.593750000000000611e-02
1.266500000000000126e-01,4.562500000000000583e-02
1.267650000000000166e-01,4.687500000000000000e-02
1.268799999999999928e-01,4.750000000000000056e-02
1.269949999999999968e-01,4.906250000000000194e-02
1.271100000000000008e-01,5.250000000000000500e-02
1.272250000000000048e-01,5.375000000000000611e-02
1.273400000000000087e-01,5.312500000000000555e-02
1.274550000000000127e-01,4.968750000000000250e-02
1.275700000000000167e-01,4.562500000000000583e-02
1.276849999999999929e-01,4.187500000000000250e-02
1.277999999999999969e-01,3.937500000000000722e-02
1.279150000000000009e-01,3.562500000000000389e-02
1.280300000000000049e-01,3.187500000000000056e-02
1.281450000000000089e-01,3.156250000000000028e-02
1.282600000000000129e-01,3.312500000000000167e-02
1.283750000000000169e-01,3.562500000000000389e-02
1.284899999999999931e-01,3.812500000000000611e-02
1.286049999999999971e-01,4.062500000000000139e-02
1.287200000000000011e-01,4.406250000000000444e-02
1.288350000000000051e-01,4.875000000000000167e-02
1.289500000000000091e-01,5.000000000000000278e-02
1.290650000000000130e-01,5.062500000000000333e-02
1.291799999999999893e-01,5.093750000000000361e-02
1.292949999999999933e-01,5.093750000000000361e-02
1.294099999999999973e-01,4.906250000000000194e-02
1.295250000000000012e-01,4.750000000000000056e-02
1.296400000000000052e-01,4.718750000000000722e-02
1.297550000000000092e-01,4.593750000000000611e-02
1.298700000000000132e-01,4.875000000000000167e-02
1.299849999999999894e-01,5.281250000000000527e-02
1.300999999999999934e-01,5.531250000000000056e-02
1.302149999999999974e-01,5.750000000000000250e-02
1.303300000000000014e-01,5.875000000000000361e-02
1.304450000000000054e-01,5.937500000000000416e-02
1.305600000000000094e-01,6.031250000000000500e-02
1.306750000000000134e-01,6.000000000000000472e-02
1.307899999999999896e-01,5.781250000000000278e-02
1.309049999999999936e-01,5.343749999999999889e-02
1.310199999999999976e-01,5.062500000000000333e-02
1.311350000000000016e-01,4.937500000000000222e-02
1.312500000000000056e-01,4.781250000000000777e-02
1.313650000000000095e-01,4.812500000000000111e-02
1.314800000000000135e-01,4.906250000000000194e-02
1.315949999999999898e-01,5.156250000000000416e-02
1.317099999999999937e-01,5.437500000000000666e-02
1.318249999999999977e-01,5.593750000000000111e-02
1.319400000000000017e-01,5.562500000000000777e-02
1.320550000000000057e-01,5.187500000000000444e-02
1.321700000000000097e-01,4.937500000000000222e-02
1.322850000000000137e-01,4.562500000000000583e-02
1.323999999999999899e-01,3.625000000000000444e-02
1.325149999999999939e-01,3.062500000000000291e-02
1.326299999999999979e-01,2.718750000000000333e-02
1.327450000000000019e-01,2.562500000000000194e-02
1.328600000000000059e-01,2.531250000000000167e-02
1.329750000000000099e-01,2.593750000000000222e-02
1.330900000000000138e-01,2.843750000000000444e-02
1.332049999999999901e-01,3.093750000000000319e-02
1.333199999999999941e-01,3.250000000000000111e-02
1.334349999999999981e-01,3.843750000000000638e-02
1.335500000000000020e-01,4.156250000000000222e-02
1.336650000000000060e-01,4.562500000000000583e-02
1.337800000000000100e-01,4.750000000000000056e-02
1.338950000000000140e-01,4.437500000000000472e-02
1.340099999999999902e-01,4.093750000000000167e-02
1.341249999999999942e-01,3.687500000000000500e-02
1.342399999999999982e-01,3.312500000000000167e-02
1.343550000000000022e-01,3.125000000000000000e-02
1.344700000000000062e-01,3.468750000000000305e-02
1.345850000000000102e-01,3.625000000000000444e-02
1.347000000000000142e-01,4.062500000000000139e-02
1.348149999999999904e-01,4.437500000000000472e-02
1.349299999999999944e-01,4.593750000000000611e-02
1.350449999999999984e-01,4.656250000000000666e-02
1.351600000000000024e-01,4.562500000000000583e-02
1.352750000000000064e-01,4.437500000000000472e-02
1.353900000000000103e-01,3.437500000000000278e-02
1.355050000000000143e-01,2.906250000000000500e-02
1.356199999999999906e-01,2.875000000000000472e-02
1.357349999999999945e-01,2.656250000000000278e-02
1.358499999999999985e-01,2.625000000000000250e-02
1.359650000000000025e-01,2.750000000000000361e-02
1.360800000000000065e-01,2.812500000000000416e-02
1.361950000000000105e-01,2.906250000000000500e-02
1.363100000000000145e-01,3.000000000000000236e-02
1.364249999999999907e-01,2.875000000000000472e-02
1.365399999999999947e-01,2.281250000000000291e-02
1.366549999999999987e-01,1.875000000000000278e-02
1.367700000000000027e-01,1.593750000000000375e-02
1.368850000000000067e-01,1.156250000000000333e-02
1.370000000000000107e-01,1.000000000000000194e-02
1.371150000000000146e-01,8.437500000000004025e-03
1.372299999999999909e-01,7.500000000000003192e-03
1.373449999999999949e-01,7.812500000000003469e-03
1.374599999999999989e-01,1.000000000000000194e-02
1.375750000000000028e-01,1.125000000000000305e-02
1.376900000000000068e-01,1.437500000000000236e-02
1.378050000000000108e-01,1.656250000000000430e-02
1.379200000000000148e-01,1.968750000000000361e-02
1.380349999999999910e-01,2.468750000000000111e-02
1.381499999999999950e-01,2.500000000000000139e-02
1.382649999999999990e-01,2.406250000000000056e-02
1.383800000000000030e-01,2.031250000000000416e-02
1.384950000000000070e-01,1.750000000000000167e-02
1.386100000000000110e-01,1.500000000000000291e-02
1.387250000000000150e-01,1.343750000000000153e-02
1.388399999999999912e-01,1.343750000000000153e-02
1.389549999999999952e-01,1.687500000000000458e-02
1.390699999999999992e-01,2.593750000000000222e-02
1.391850000000000032e-01,2.875000000000000472e-02
1.393000000000000071e-01,3.375000000000000222e-02
1.394150000000000111e-01,3.656250000000000472e-02
1.395300000000000151e-01,3.656250000000000472e-02
1.396449999999999914e-01,3.406250000000000250e-02
1.397599999999999953e-01,2.968750000000000208e-02
1.398749999999999993e-01,2.250000000000000264e-02
1.399900000000000033e-01,1.875000000000000278e-02
1.401050000000000073e-01,1.375000000000000180e-02
1.402200000000000113e-01,1.281250000000000444e-02
1.403350000000000153e-01,1.156250000000000333e-02
1.404499999999999915e-01,1.250000000000000416e-02
1.405649999999999955e-01,1.250000000000000416e-02
1.406799999999999995e-01,1.406250000000000208e-02
1.407950000000000035e-01,1.625000000000000402e-02
1.409100000000000075e-01,1.968750000000000361e-02
1.410250000000000115e-01,2.031250000000000416e-02
1.411400000000000154e-01,2.000000000000000389e-02
1.412549999999999917e-01,1.781250000000000194e-02
1.413699999999999957e-01,1.750000000000000167e-02
1.414849999999999997e-01,1.562500000000000347e-02
1.416000000000000036e-01,1.281250000000000444e-02
1.417150000000000076e-01,8.750000000000004302e-03
1.418300000000000116e-01,7.187500000000002914e-03
1.419450000000000156e-01,7.500000000000003192e-03
1.420599999999999918e-01,7.500000000000003192e-03
1.421749999999999958e-01,8.125000000000003747e-03
1.422899999999999998e-01,1.062500000000000250e-02
1.424050000000000038e-01,1.468750000000000264e-02
1.425200000000000078e-01,2.000000000000000389e-02
1.426350000000000118e-01,2.625000000000000250e-02
1.427500000000000158e-01,3.031250000000000264e-02
1.428649999999999920e-01,3.062500000000000291e-02
1.429799999999999960e-01,2.875000000000000472e-02
1.430950000000000000e-01,2.437500000000000083e-02
1.432100000000000040e-01,2.312500000000000319e-02
1.433250000000000079e-01,2.031250000000000416e-02
1.434400000000000119e-01,2.062500000000000444e-02
1.435550000000000159e-01,2.406250000000000056e-02
1.436699999999999922e-01,2.687500000000000305e-02
1.437849999999999961e-01,3.156250000000000028e-02
1.439000000000000001e-01,3.281250000000000139e-02
1.440150000000000041e-01,3.312500000000000167e-02
1.441300000000000081e-01,3.250000000000000111e-02
1.442450000000000121e-01,3.312500000000000167e-02
1.443600000000000161e-01,3.218750000000000083e-02
1.444749999999999923e-01,2.937500000000000527e-02
1.445899999999999963e-01,2.781250000000000389e-02
1.447050000000000003e-01,2.906250000000000500e-02
1.448200000000000043e-01,2.937500000000000527e-02
1.449350000000000083e-01,2.937500000000000527e-02
1.450500000000000123e-01,2.875000000000000472e-02
1.451650000000000162e-01,2.843750000000000444e-02
1.452799999999999925e-01,2.937500000000000527e-02
1.453949999999999965e-01,2.968750000000000208e-02
1.455100000000000005e-01,2.781250000000000389e-02
1.456250000000000044e-01,2.375000000000000375e-02
1.457400000000000084e-01,2.218750000000000236e-02
1.458550000000000124e-01,1.718750000000000139e-02
1.459700000000000164e-01,1.500000000000000291e-02
1.460849999999999926e-01,1.312500000000000125e-02
1.461999999999999966e-01,9.375000000000001388e-03
1.463150000000000006e-01,8.750000000000004302e-03
1.464300000000000046e-01,7.500000000000003192e-03
1.465450000000000086e-01,8.437500000000004025e-03
1.466600000000000126e-01,9.687500000000001665e-03
1.467750000000000166e-01,1.250000000000000416e-02
1.468899999999999928e-01,1.843750000000000250e-02
1.470049999999999968e-01,2.625000000000000250e-02
1.471200000000000008e-01,2.937500000000000527e-02
1.472350000000000048e-01,3.000000000000000236e-02
1.473500000000000087e-01,3.062500000000000291e-02
1.474650000000000127e-01,2.843750000000000444e-02
1.475800000000000167e-01,2.625000000000000250e-02
1.476949999999999930e-01,2.281250000000000291e-02
1.478099999999999969e-01,1.812500000000000222e-02
1.479250000000000009e-01,1.656250000000000430e-02
1.480400000000000049e-01,1.750000000000000167e-02
1.481550000000000089e-01,1.937500000000000333e-02
1.482700000000000129e-01,2.656250000000000278e-02
1.483850000000000169e-01,2.968750000000000208e-02
1.484999999999999931e-01,3.312500000000000167e-02
1.486149999999999971e-01,3.531250000000000361e-02
1.487300000000000011e-01,3.687500000000000500e-02
1.488450000000000051e-01,3.625000000000000444e-02
1.489600000000000091e-01,3.406250000000000250e-02
1.490750000000000131e-01,2.875000000000000472e-02
1.491900000000000170e-01,2.718750000000000333e-02
1.493049999999999933e-01,2.312500000000000319e-02
1.494199999999999973e-01,1.875000000000000278e-02
1.495350000000000013e-01,1.625000000000000402e-02
1.496500000000000052e-01,1.531250000000000319e-02
1.497650000000000092e-01,1.562500000000000347e-02
1.498800000000000132e-01,1.656250000000000430e-02
1.499950000000000172e-01,2.000000000000000389e-02
1.501099999999999934e-01,2.281250000000000291e-02
1.502249999999999974e-01,2.531250000000000167e-02
1.503400000000000014e-01,2.531250000000000167e-02
1.504550000000000054e-01,2.593750000000000222e-02
1.505700000000000094e-01,2.312500000000000319e-02
1.506850000000000134e-01,1.875000000000000278e-02
1.508000000000000174e-01,1.562500000000000347e-02
1.509149999999999936e-01,1.187500000000000361e-02
1.510299999999999976e-01,1.031250000000000222e-02
1.511450000000000016e-01,1.062500000000000250e-02
1.512600000000000056e-01,1.093750000000000278e-02
1.513750000000000095e-01,1.281250000000000444e-02
1.514900000000000135e-01,1.656250000000000430e-02
1.516050000000000175e-01,2.156250000000000527e-02
1.517199999999999938e-01,2.656250000000000278e-02
1.518349999999999977e-01,2.750000000000000361e-02
1.519500000000000017e-01,2.968750000000000208e-02
1.520650000000000057e-01,2.937500000000000527e-02
1.521800000000000097e-01,2.718750000000000333e-02
1.522950000000000137e-01,2.406250000000000056e-02
1.524099999999999899e-01,2.250000000000000264e-02
1.525249999999999939e-01,2.218750000000000236e-02
1.526399999999999979e-01,2.343750000000000347e-02
1.527550000000000019e-01,2.750000000000000361e-02
1.528700000000000059e-01,2.968750000000000208e-02
1.529850000000000099e-01,3.125000000000000000e-02
1.531000000000000139e-01,3.375000000000000222e-02
1.532149999999999901e-01,3.656250000000000472e-02
1.533299999999999941e-01,3.906250000000000000e-02
1.534449999999999981e-01,3.843750000000000638e-02
1.535600000000000021e-01,3.156250000000000028e-02
1.536750000000000060e-01,3.062500000000000291e-02
1.537900000000000100e-01,2.312500000000000319e-02
1.539050000000000140e-01,2.062500000000000444e-02
1.540199999999999902e-01,1.500000000000000291e-02
1.541349999999999942e-01,1.281250000000000444e-02
1.542499999999999982e-01,1.250000000000000416e-02
1.543650000000000022e-01,1.593750000000000375e-02
1.544800000000000062e-01,1.781250000000000194e-02
1.545950000000000102e-01,2.218750000000000236e-02
1.547100000000000142e-01,2.406250000000000056e-02
1.548249999999999904e-01,2.593750000000000222e-02
1.549399999999999944e-01,2.531250000000000167e-02
1.550549999999999984e-01,2.312500000000000319e-02
1.551700000000000024e-01,2.000000000000000389e-02
1.552850000000000064e-01,1.468750000000000264e-02
1.554000000000000103e-01,1.187500000000000361e-02
1.555150000000000143e-01,6.875000000000002637e-03
1.556299999999999906e-01,5.625000000000001527e-03
1.557449999999999946e-01,4.687500000000004163e-03
1.558599999999999985e-01,5.625000000000001527e-03
1.559750000000000025e-01,8.125000000000003747e-03
1.560900000000000065e-01,1.250000000000000416e-02
1.562050000000000105e-01,1.656250000000000430e-02
1.563200000000000145e-01,2.343750000000000347e-02
1.564349999999999907e-01,2.781250000000000389e-02
1.565499999999999947e-01,3.281250000000000139e-02
1.566649999999999987e-01,3.468750000000000305e-02
1.567800000000000027e-01,3.250000000000000111e-02
1.568950000000000067e-01,2.812500000000000416e-02
1.570100000000000107e-01,2.343750000000000347e-02
1.571250000000000147e-01,2.125000000000000500e-02
1.572399999999999909e-01,2.062500000000000444e-02
1.573549999999999949e-01,1.937500000000000333e-02
1.574699999999999989e-01,1.750000000000000167e-02
1.575850000000000029e-01,1.718750000000000139e-02
1.577000000000000068e-01,1.968750000000000361e-02
1.578150000000000108e-01,2.500000000000000139e-02
1.579300000000000148e-01,2.656250000000000278e-02
1.580449999999999910e-01,2.968750000000000208e-02
1.581599999999999950e-01,2.968750000000000208e-02
1.582749999999999990e-01,2.937500000000000527e-02
1.583900000000000030e-01,2.812500000000000416e-02
1.585050000000000070e-01,2.593750000000000222e-02
1.586200000000000110e-01,2.031250000000000416e-02
1.587350000000000150e-01,1.718750000000000139e-02
1.588499999999999912e-01,1.562500000000000347e-02
1.589649999999999952e-01,1.312500000000000125e-02
1.590799999999999992e-01,1.187500000000000361e-02
1.591950000000000032e-01,1.062500000000000250e-02
1.593100000000000072e-01,1.000000000000000194e-02
1.594250000000000111e-01,9.375000000000001388e-03
1.595400000000000151e-01,8.750000000000004302e-03
1.596549999999999914e-01,7.812500000000003469e-03
1.597699999999999954e-01,5.937500000000001804e-03
1.598849999999999993e-01,5.000000000000004441e-03
1.600000000000000033e-01,4.375000000000003886e-03
1.601150000000000073e-01,4.062500000000003608e-03
1.602300000000000113e-01,4.062500000000003608e-03
1.603450000000000153e-01,4.062500000000003608e-03
1.604599999999999915e-01,4.687500000000004163e-03
1.605749999999999955e-01,5.937500000000001804e-03
1.606899999999999995e-01,6.562500000000002359e-03
1.608050000000000035e-01,8.437500000000004025e-03
1.609200000000000075e-01,1.031250000000000222e-02
1.610350000000000115e-01,1.093750000000000278e-02
1.611500000000000155e-01,1.031250000000000222e-02
1.612649999999999917e-01,9.062500000000001110e-03
1.613799999999999957e-01,8.125000000000003747e-03
1.614949999999999997e-01,6.562500000000002359e-03
1.616100000000000037e-01,6.250000000000002082e-03
1.617250000000000076e-01,6.562500000000002359e-03
1.618400000000000116e-01,7.812500000000003469e-03
1.619550000000000156e-01,9.375000000000001388e-03
1.620699999999999918e-01,1.000000000000000194e-02
1.621849999999999958e-01,1.093750000000000278e-02
1.622999999999999998e-01,1.125000000000000305e-02
1.624150000000000038e-01,1.093750000000000278e-02
1.625300000000000078e-01,1.031250000000000222e-02
1.626450000000000118e-01,9.062500000000001110e-03
1.627600000000000158e-01,7.500000000000003192e-03
1.628749999999999920e-01,5.312500000000001249e-03
1.629899999999999960e-01,4.062500000000003608e-03
1.631050000000000000e-01,3.125000000000002776e-03
1.632200000000000040e-01,2.812500000000002498e-03
1.633350000000000080e-01,2.812500000000002498e-03
1.634500000000000119e-01,3.125000000000002776e-03
1.635650000000000159e-01,3.125000000000002776e-03
1.636799999999999922e-01,3.125000000000002776e-03
1.637949999999999962e-01,2.812500000000002498e-03
1.639100000000000001e-01,2.812500000000002498e-03
1.640250000000000041e-01,2.500000000000002220e-03
1.641400000000000081e-01,2.500000000000002220e-03
1.642550000000000121e-01,2.500000000000002220e-03
1.643700000000000161e-01,2.500000000000002220e-03
1.644849999999999923e-01,3.125000000000002776e-03
1.645999999999999963e-01,3.437500000000003053e-03
1.647150000000000003e-01,3.437500000000003053e-03
1.648300000000000043e-01,3.437500000000003053e-03
1.649450000000000083e-01,2.812500000000002498e-03
1.650600000000000123e-01,2.812500000000002498e-03
1.651750000000000163e-01,2.812500000000002498e-03
1.652899999999999925e-01,3.125000000000002776e-03
1.654049999999999965e-01,4.687500000000004163e-03
1.655200000000000005e-01,5.937500000000001804e-03
1.656350000000000044e-01,6.250000000000002082e-03
1.657500000000000084e-01,6.250000000000002082e-03
1.658650000000000124e-01,5.937500000000001804e-03
1.659800000000000164e-01,5.312500000000001249e-03
1.660949999999999926e-01,4.687500000000004163e-03
1.662099999999999966e-01,4.375000000000003886e-03
1.663250000000000006e-01,4.687500000000004163e-03
1.664400000000000046e-01,4.687500000000004163e-03
1.665550000000000086e-01,4.687500000000004163e-03
1.666700000000000126e-01,5.000000000000004441e-03
1.667850000000000166e-01,5.312500000000001249e-03
1.668999999999999928e-01,6.250000000000002082e-03
1.670149999999999968e-01,6.562500000000002359e-03
1.671300000000000008e-01,5.937500000000001804e-03
1.672450000000000048e-01,5.000000000000004441e-03
1.673600000000000088e-01,3.750000000000003331e-03
1.674750000000000127e-01,3.125000000000002776e-03
1.675900000000000167e-01,2.500000000000002220e-03
1.677049999999999930e-01,2.500000000000002220e-03
1.678199999999999970e-01,2.187500000000001943e-03
1.679350000000000009e-01,2.187500000000001943e-03
1.680500000000000049e-01,2.187500000000001943e-03
1.681650000000000089e-01,2.187500000000001943e-03
1.682800000000000129e-01,2.812500000000002498e-03
1.683950000000000169e-01,2.500000000000002220e-03
1.685099999999999931e-01,2.500000000000002220e-03
1.686249999999999971e-01,2.187500000000001943e-03
1.687400000000000011e-01,2.500000000000002220e-03
1.688550000000000051e-01,2.500000000000002220e-03
1.689700000000000091e-01,2.812500000000002498e-03
1.690850000000000131e-01,3.125000000000002776e-03
1.692000000000000171e-01,3.125000000000002776e-03
1.693149999999999933e-01,3.125000000000002776e-03
1.694299999999999973e-01,3.125000000000002776e-03
1.695450000000000013e-01,2.812500000000002498e-03
1.696600000000000052e-01,2.500000000000002220e-03
1.697750000000000092e-01,3.125000000000002776e-03
1.698900000000000132e-01,4.375000000000003886e-03
1.700050000000000172e-01,6.562500000000002359e-03
1.701199999999999934e-01,9.062500000000001110e-03
1.702349999999999974e-01,1.000000000000000194e-02
1.703500000000000014e-01,1.000000000000000194e-02
1.704650000000000054e-01,8.750000000000004302e-03
1.705800000000000094e-01,8.125000000000003747e-03
1.706950000000000134e-01,6.562500000000002359e-03
1.708100000000000174e-01,6.250000000000002082e-03
1.709249999999999936e-01,6.875000000000002637e-03
1.710399999999999976e-01,7.812500000000003469e-03
1.711550000000000016e-01,8.437500000000004025e-03
1.712700000000000056e-01,8.750000000000004302e-03
1.713850000000000096e-01,1.093750000000000278e-02
1.715000000000000135e-01,1.312500000000000125e-02
1.716150000000000175e-01,1.625000000000000402e-02
1.717299999999999938e-01,1.718750000000000139e-02
1.718449999999999978e-01,1.750000000000000167e-02
1.719600000000000017e-01,1.843750000000000250e-02
1.720750000000000057e-01,1.781250000000000194e-02
1.721900000000000097e-01,1.437500000000000236e-02
1.723050000000000137e-01,1.312500000000000125e-02
1.724200000000000177e-01,1.125000000000000305e-02
1.725349999999999939e-01,9.687500000000001665e-03
1.726499999999999979e-01,9.062500000000001110e-03
1.727650000000000019e-01,7.812500000000003469e-03
1.728800000000000059e-01,6.250000000000002082e-03
1.729950000000000099e-01,5.625000000000001527e-03
1.731100000000000139e-01,5.312500000000001249e-03
1.732250000000000179e-01,5.000000000000004441e-03
1.733399999999999941e-01,5.312500000000001249e-03
1.734549999999999981e-01,5.000000000000004441e-03
1.735700000000000021e-01,5.000000000000004441e-03
1.736850000000000060e-01,4.687500000000004163e-03
1.738000000000000100e-01,5.937500000000001804e-03
1.739150000000000140e-01,6.562500000000002359e-03
1.740300000000000180e-01,7.187500000000002914e-03
1.741449999999999942e-01,7.812500000000003469e-03
1.742599999999999982e-01,8.437500000000004025e-03
1.743750000000000022e-01,1.062500000000000250e-02
1.744900000000000062e-01,1.062500000000000250e-02
1.746050000000000102e-01,1.093750000000000278e-02
1.747200000000000142e-01,1.125000000000000305e-02
1.748350000000000182e-01,1.125000000000000305e-02
1.749499999999999944e-01,1.093750000000000278e-02
1.750649999999999984e-01,1.187500000000000361e-02
1.751800000000000024e-01,1.218750000000000389e-02
1.752950000000000064e-01,1.437500000000000236e-02
1.754100000000000104e-01,1.812500000000000222e-02
1.755250000000000143e-01,2.093750000000000472e-02
1.756400000000000183e-01,2.156250000000000527e-02
1.757549999999999946e-01,2.187500000000000555e-02
1.758699999999999986e-01,2.062500000000000444e-02
1.759850000000000025e-01,1.937500000000000333e-02
1.761000000000000065e-01,1.875000000000000278e-02
1.762150000000000105e-01,1.687500000000000458e-02
1.763300000000000145e-01,1.312500000000000125e-02
1.764449999999999907e-01,1.187500000000000361e-02
1.765599999999999947e-01,1.125000000000000305e-02
1.766749999999999987e-01,1.062500000000000250e-02
1.767900000000000027e-01,1.000000000000000194e-02
1.769050000000000067e-01,9.375000000000001388e-03
1.770200000000000107e-01,8.750000000000004302e-03
1.771350000000000147e-01,7.500000000000003192e-03
1.772499999999999909e-01,7.500000000000003192e-03
1.773649999999999949e-01,5.625000000000001527e-03
1.774799999999999989e-01,4.687500000000004163e-03
1.775950000000000029e-01,3.437500000000003053e-03
1.777100000000000068e-01,2.812500000000002498e-03
1.778250000000000108e-01,2.812500000000002498e-03
1.779400000000000148e-01,2.500000000000002220e-03
1.780549999999999911e-01,2.812500000000002498e-03
1.781699999999999950e-01,2.812500000000002498e-03
1.782849999999999990e-01,2.500000000000002220e-03
1.784000000000000030e-01,2.500000000000002220e-03
1.785150000000000070e-01,2.500000000000002220e-03
1.786300000000000110e-01,2.812500000000002498e-03
1.787450000000000150e-01,2.812500000000002498e-03
1.788599999999999912e-01,4.062500000000003608e-03
1.789749999999999952e-01,4.375000000000003886e-03
1.790899999999999992e-01,4.687500000000004163e-03
1.792050000000000032e-01,5.625000000000001527e-03
1.793200000000000072e-01,5.000000000000004441e-03
1.794350000000000112e-01,4.687500000000004163e-03
1.795500000000000151e-01,4.062500000000003608e-03
1.796649999999999914e-01,4.062500000000003608e-03
1.797799999999999954e-01,4.062500000000003608e-03
1.798949999999999994e-01,4.375000000000003886e-03
1.800100000000000033e-01,5.000000000000004441e-03
1.801250000000000073e-01,5.625000000000001527e-03
1.802400000000000113e-01,5.937500000000001804e-03
1.803550000000000153e-01,6.250000000000002082e-03
1.804699999999999915e-01,6.250000000000002082e-03
1.805849999999999955e-01,6.562500000000002359e-03
1.806999999999999995e-01,6.250000000000002082e-03
1.808150000000000035e-01,5.000000000000004441e-03
1.809300000000000075e-01,3.750000000000003331e-03
1.810450000000000115e-01,3.125000000000002776e-03
1.811600000000000155e-01,2.812500000000002498e-03
1.812749999999999917e-01,2.812500000000002498e-03
1.813899999999999957e-01,2.187500000000001943e-03
1.815049999999999997e-01,2.500000000000002220e-03
1.816200000000000037e-01,2.187500000000001943e-03
1.817350000000000076e-01,2.187500000000001943e-03
1.818500000000000116e-01,2.500000000000002220e-03
1.819650000000000156e-01,2.187500000000001943e-03
1.820799999999999919e-01,2.500000000000002220e-03
1.821949999999999958e-01,2.812500000000002498e-03
1.823099999999999998e-01,3.437500000000003053e-03
1.824250000000000038e-01,4.687500000000004163e-03
1.825400000000000078e-01,6.562500000000002359e-03
1.826550000000000118e-01,7.187500000000002914e-03
1.827700000000000158e-01,7.500000000000003192e-03
1.828849999999999920e-01,7.187500000000002914e-03
1.829999999999999960e-01,5.937500000000001804e-03
1.831150000000000000e-01,5.625000000000001527e-03
1.832300000000000040e-01,4.687500000000004163e-03
1.833450000000000080e-01,3.125000000000002776e-03
1.834600000000000120e-01,2.812500000000002498e-03
1.835750000000000159e-01,2.500000000000002220e-03
1.836899999999999922e-01,2.187500000000001943e-03
1.838049999999999962e-01,2.187500000000001943e-03
1.839200000000000002e-01,2.187500000000001943e-03
1.840350000000000041e-01,2.187500000000001943e-03
1.841500000000000081e-01,2.187500000000001943e-03
1.842650000000000121e-01,2.500000000000002220e-03
1.843800000000000161e-01,2.812500000000002498e-03
1.844949999999999923e-01,2.812500000000002498e-03
1.846099999999999963e-01,2.500000000000002220e-03
1.847250000000000003e-01,2.812500000000002498e-03
1.848400000000000043e-01,3.437500000000003053e-03
1.849550000000000083e-01,3.125000000000002776e-03
1.850700000000000123e-01,3.437500000000003053e-03
1.851850000000000163e-01,3.125000000000002776e-03
1.852999999999999925e-01,2.812500000000002498e-03
1.854149999999999965e-01,2.500000000000002220e-03
1.855300000000000005e-01,2.187500000000001943e-03
1.856450000000000045e-01,2.500000000000002220e-03
1.857600000000000084e-01,2.500000000000002220e-03
1.858750000000000124e-01,2.187500000000001943e-03
1.859900000000000164e-01,2.500000000000002220e-03
1.861049999999999927e-01,2.500000000000002220e-03
1.862199999999999966e-01,2.500000000000002220e-03
1.863350000000000006e-01,2.500000000000002220e-03
1.864500000000000046e-01,2.812500000000002498e-03
1.865650000000000086e-01,3.437500000000003053e-03
1.866800000000000126e-01,5.000000000000004441e-03
1.867950000000000166e-01,5.937500000000001804e-03
1.869099999999999928e-01,6.562500000000002359e-03
1.870249999999999968e-01,7.500000000000003192e-03
1.871400000000000008e-01,8.750000000000004302e-03
1.872550000000000048e-01,8.750000000000004302e-03
1.873700000000000088e-01,8.125000000000003747e-03
1.874850000000000128e-01,5.937500000000001804e-03
1.876000000000000167e-01,4.375000000000003886e-03
1.877149999999999930e-01,3.437500000000003053e-03
1.878299999999999970e-01,3.125000000000002776e-03
1.879450000000000010e-01,2.500000000000002220e-03
1.880600000000000049e-01,2.187500000000001943e-03
1.881750000000000089e-01,2.812500000000002498e-03
1.882900000000000129e-01,3.125000000000002776e-03
1.884050000000000169e-01,2.812500000000002498e-03
1.885199999999999931e-01,2.500000000000002220e-03
1.886349999999999971e-01,2.812500000000002498e-03
1.887500000000000011e-01,2.500000000000002220e-03
1.888650000000000051e-01,2.812500000000002498e-03
1.889800000000000091e-01,2.812500000000002498e-03
1.890950000000000131e-01,2.812500000000002498e-03
1.892100000000000171e-01,2.812500000000002498e-03
1.893249999999999933e-01,3.125000000000002776e-03
1.894399999999999973e-01,3.125000000000002776e-03
1.895550000000000013e-01,3.125000000000002776e-03
1.896700000000000053e-01,3.125000000000002776e-03
1.897850000000000092e-01,2.812500000000002498e-03
1.899000000000000132e-01,2.500000000000002220e-03
1.900150000000000172e-01,2.500000000000002220e-03
1.901299999999999935e-01,2.812500000000002498e-03
1.902449999999999974e-01,3.125000000000002776e-03
1.903600000000000014e-01,3.437500000000003053e-03
1.904750000000000054e-01,4.375000000000003886e-03
1.905900000000000094e-01,4.687500000000004163e-03
1.907050000000000134e-01,5.937500000000001804e-03
1.908200000000000174e-01,5.312500000000001249e-03
1.909349999999999936e-01,5.625000000000001527e-03
1.910499999999999976e-01,5.937500000000001804e-03
1.911650000000000016e-01,7.187500000000002914e-03
1.912800000000000056e-01,7.812500000000003469e-03
1.913950000000000096e-01,9.687500000000001665e-03
1.915100000000000136e-01,1.093750000000000278e-02
1.916250000000000175e-01,1.218750000000000389e-02
1.917399999999999938e-01,1.468750000000000264e-02
1.918549999999999978e-01,1.500000000000000291e-02
1.919700000000000017e-01,1.500000000000000291e-02
1.920850000000000057e-01,1.500000000000000291e-02
1.922000000000000097e-01,1.406250000000000208e-02
1.923150000000000137e-01,1.187500000000000361e-02
1.924300000000000177e-01,1.000000000000000194e-02
1.925449999999999939e-01,6.250000000000002082e-03
1.926599999999999979e-01,5.312500000000001249e-03
1.927750000000000019e-01,4.062500000000003608e-03
1.928900000000000059e-01,3.750000000000003331e-03
1.930050000000000099e-01,4.062500000000003608e-03
1.931200000000000139e-01,4.375000000000003886e-03
1.932350000000000179e-01,5.000000000000004441e-03
1.933499999999999941e-01,5.625000000000001527e-03
1.934649999999999981e-01,6.562500000000002359e-03
1.935800000000000021e-01,6.562500000000002359e-03
1.936950000000000061e-01,6.250000000000002082e-03
1.938100000000000100e-01,6.562500000000002359e-03
1.939250000000000140e-01,6.250000000000002082e-03
1.940400000000000180e-01,5.937500000000001804e-03
1.941549999999999943e-01,5.937500000000001804e-03
1.942699999999999982e-01,5.312500000000001249e-03
1.943850000000000022e-01,5.625000000000001527e-03
1.945000000000000062e-01,7.187500000000002914e-03
1.946150000000000102e-01,7.812500000000003469e-03
1.947300000000000142e-01,7.812500000000003469e-03
1.948450000000000182e-01,7.500000000000003192e-03
1.949599999999999944e-01,7.812500000000003469e-03
1.950749999999999984e-01,8.437500000000004025e-03
1.951900000000000024e-01,9.062500000000001110e-03
1.953050000000000064e-01,9.375000000000001388e-03
1.954200000000000104e-01,1.156250000000000333e-02
1.955350000000000144e-01,1.250000000000000416e-02
1.956500000000000183e-01,1.531250000000000319e-02
1.957649999999999946e-01,2.000000000000000389e-02
1.958799999999999986e-01,2.343750000000000347e-02
1.959950000000000025e-01,2.531250000000000167e-02
1.961100000000000065e-01,2.656250000000000278e-02
1.962250000000000105e-01,2.750000000000000361e-02
1.963400000000000145e-01,2.812500000000000416e-02
1.964550000000000185e-01,2.750000000000000361e-02
1.965699999999999947e-01,2.625000000000000250e-02
1.966849999999999987e-01,2.562500000000000194e-02
1.968000000000000027e-01,2.500000000000000139e-02
1.969150000000000067e-01,2.468750000000000111e-02
1.970300000000000107e-01,2.281250000000000291e-02
1.971450000000000147e-01,2.031250000000000416e-02
1.972600000000000187e-01,1.843750000000000250e-02
1.973749999999999949e-01,1.562500000000000347e-02
1.974899999999999989e-01,1.406250000000000208e-02
1.976050000000000029e-01,1.437500000000000236e-02
1.977200000000000069e-01,1.468750000000000264e-02
1.978350000000000108e-01,1.468750000000000264e-02
1.979500000000000148e-01,1.531250000000000319e-02
1.980650000000000188e-01,1.437500000000000236e-02
1.981799999999999951e-01,1.375000000000000180e-02
1.982949999999999990e-01,1.281250000000000444e-02
1.984100000000000030e-01,1.156250000000000333e-02
1.985250000000000070e-01,1.156250000000000333e-02
1.986400000000000110e-01,1.156250000000000333e-02
1.987550000000000150e-01,1.281250000000000444e-02
1.988700000000000190e-01,1.406250000000000208e-02
1.989849999999999952e-01,1.625000000000000402e-02
1.990999999999999992e-01,1.750000000000000167e-02
1.992150000000000032e-01,1.812500000000000222e-02
1.993300000000000072e-01,1.937500000000000333e-02
1.994450000000000112e-01,2.031250000000000416e-02
1.995600000000000152e-01,2.062500000000000444e-02
1.996749999999999914e-01,2.093750000000000472e-02
1.997899999999999954e-01,2.093750000000000472e-02
1.999049999999999994e-01,2.093750000000000472e-02
2.000200000000000033e-01,2.125000000000000500e-02
2.001350000000000073e-01,2.312500000000000319e-02
2.002500000000000113e-01,2.812500000000000416e-02
2.003650000000000153e-01,2.906250000000000500e-02
2.004799999999999915e-01,2.968750000000000208e-02
2.005949999999999955e-01,3.062500000000000291e-02
2.007099999999999995e-01,3.218750000000000083e-02
2.008250000000000035e-01,3.312500000000000167e-02
2.009400000000000075e-01,3.375000000000000222e-02
2.010550000000000115e-01,3.375000000000000222e-02
2.011700000000000155e-01,3.343750000000000194e-02
2.012849999999999917e-01,3.312500000000000167e-02
2.013999999999999957e-01,3.250000000000000111e-02
2.015149999999999997e-01,2.906250000000000500e-02
2.016300000000000037e-01,2.343750000000000347e-02
2.017450000000000077e-01,2.000000000000000389e-02
2.018600000000000116e-01,1.875000000000000278e-02
2.019750000000000156e-01,1.593750000000000375e-02
2.020899999999999919e-01,1.656250000000000430e-02
2.022049999999999959e-01,1.718750000000000139e-02
2.023199999999999998e-01,1.718750000000000139e-02
2.024350000000000038e-01,1.750000000000000167e-02
2.025500000000000078e-01,1.781250000000000194e-02
2.026650000000000118e-01,1.750000000000000167e-02
2.027800000000000158e-01,1.625000000000000402e-02
2.028949999999999920e-01,1.562500000000000347e-02
2.030099999999999960e-01,1.562500000000000347e-02
2.031250000000000000e-01,1.531250000000000319e-02
2.032400000000000040e-01,1.500000000000000291e-02
2.033550000000000080e-01,1.437500000000000236e-02
2.034700000000000120e-01,1.468750000000000264e-02
2.035850000000000160e-01,1.687500000000000458e-02
2.036999999999999922e-01,1.750000000000000167e-02
2.038149999999999962e-01,1.781250000000000194e-02
2.039300000000000002e-01,1.843750000000000250e-02
2.040450000000000041e-01,1.968750000000000361e-02
2.041600000000000081e-01,2.125000000000000500e-02
2.042750000000000121e-01,2.281250000000000291e-02
2.043900000000000161e-01,2.250000000000000264e-02
2.045049999999999923e-01,2.218750000000000236e-02
2.046199999999999963e-01,2.250000000000000264e-02
2.047350000000000003e-01,2.343750000000000347e-02
2.048500000000000043e-01,2.312500000000000319e-02
2.049650000000000083e-01,2.187500000000000555e-02
2.050800000000000123e-01,2.187500000000000555e-02
2.051950000000000163e-01,2.156250000000000527e-02
2.053099999999999925e-01,2.343750000000000347e-02
2.054249999999999965e-01,2.531250000000000167e-02
2.055400000000000005e-01,2.750000000000000361e-02
2.056550000000000045e-01,2.812500000000000416e-02
2.057700000000000085e-01,2.937500000000000527e-02
2.058850000000000124e-01,2.906250000000000500e-02
2.060000000000000164e-01,2.687500000000000305e-02
2.061149999999999927e-01,2.343750000000000347e-02
2.062299999999999967e-01,1.968750000000000361e-02
2.063450000000000006e-01,1.781250000000000194e-02
2.064600000000000046e-01,1.312500000000000125e-02
2.065750000000000086e-01,1.187500000000000361e-02
2.066900000000000126e-01,1.093750000000000278e-02
2.068050000000000166e-01,1.062500000000000250e-02
2.069199999999999928e-01,1.156250000000000333e-02
2.070349999999999968e-01,1.343750000000000153e-02
2.071500000000000008e-01,1.375000000000000180e-02
2.072650000000000048e-01,1.375000000000000180e-02
2.073800000000000088e-01,1.656250000000000430e-02
2.074950000000000128e-01,2.000000000000000389e-02
2.076100000000000168e-01,2.125000000000000500e-02
2.077249999999999930e-01,2.156250000000000527e-02
2.078399999999999970e-01,2.312500000000000319e-02
2.079550000000000010e-01,2.250000000000000264e-02
2.080700000000000049e-01,2.250000000000000264e-02
2.081850000000000089e-01,2.343750000000000347e-02
2.083000000000000129e-01,2.250000000000000264e-02
2.084150000000000169e-01,1.968750000000000361e-02
2.085299999999999931e-01,1.937500000000000333e-02
2.086449999999999971e-01,1.906250000000000305e-02
2.087600000000000011e-01,1.968750000000000361e-02
2.088750000000000051e-01,2.187500000000000555e-02
2.089900000000000091e-01,2.187500000000000555e-02
2.091050000000000131e-01,2.500000000000000139e-02
2.092200000000000171e-01,2.843750000000000444e-02
2.093349999999999933e-01,3.187500000000000056e-02
2.094499999999999973e-01,3.593750000000000416e-02
2.095650000000000013e-01,3.687500000000000500e-02
2.096800000000000053e-01,3.906250000000000000e-02
2.097950000000000093e-01,3.937500000000000722e-02
2.099100000000000132e-01,3.968750000000000056e-02
2.100250000000000172e-01,3.843750000000000638e-02
2.101399999999999935e-01,3.500000000000000333e-02
2.102549999999999975e-01,3.000000000000000236e-02
2.103700000000000014e-01,2.906250000000000500e-02
2.104850000000000054e-01,2.625000000000000250e-02
2.106000000000000094e-01,2.500000000000000139e-02
2.107150000000000134e-01,2.468750000000000111e-02
2.108300000000000174e-01,2.531250000000000167e-02
2.109449999999999936e-01,2.593750000000000222e-02
2.110599999999999976e-01,2.656250000000000278e-02
2.111750000000000016e-01,2.750000000000000361e-02
2.112900000000000056e-01,2.937500000000000527e-02
2.114050000000000096e-01,2.812500000000000416e-02
2.115200000000000136e-01,2.687500000000000305e-02
2.116350000000000176e-01,2.156250000000000527e-02
2.117499999999999938e-01,1.968750000000000361e-02
2.118649999999999978e-01,1.437500000000000236e-02
2.119800000000000018e-01,1.312500000000000125e-02
2.120950000000000057e-01,1.250000000000000416e-02
2.122100000000000097e-01,1.406250000000000208e-02
2.123250000000000137e-01,1.625000000000000402e-02
2.124400000000000177e-01,2.218750000000000236e-02
2.125549999999999939e-01,2.500000000000000139e-02
2.126699999999999979e-01,3.125000000000000000e-02
2.127850000000000019e-01,3.281250000000000139e-02
2.129000000000000059e-01,3.250000000000000111e-02
2.130150000000000099e-01,3.125000000000000000e-02
2.131300000000000139e-01,2.968750000000000208e-02
2.132450000000000179e-01,2.718750000000000333e-02
2.133599999999999941e-01,2.593750000000000222e-02
2.134749999999999981e-01,2.531250000000000167e-02
2.135900000000000021e-01,2.500000000000000139e-02
2.137050000000000061e-01,2.968750000000000208e-02
2.138200000000000101e-01,3.312500000000000167e-02
2.139350000000000140e-01,3.531250000000000361e-02
2.140500000000000180e-01,3.843750000000000638e-02
2.141649999999999943e-01,3.937500000000000722e-02
2.142799999999999983e-01,4.187500000000000250e-02
2.143950000000000022e-01,4.437500000000000472e-02
2.145100000000000062e-01,4.562500000000000583e-02
2.146250000000000102e-01,4.437500000000000472e-02
2.147400000000000142e-01,4.281250000000000333e-02
2.148550000000000182e-01,4.000000000000000083e-02
2.149699999999999944e-01,3.937500000000000722e-02
2.150849999999999984e-01,3.656250000000000472e-02
2.152000000000000024e-01,3.531250000000000361e-02
2.153150000000000064e-01,3.375000000000000222e-02
2.154300000000000104e-01,3.125000000000000000e-02
2.155450000000000144e-01,3.062500000000000291e-02
2.156600000000000183e-01,3.062500000000000291e-02
2.157749999999999946e-01,3.281250000000000139e-02
2.158899999999999986e-01,3.343750000000000194e-02
2.160050000000000026e-01,3.437500000000000278e-02
2.161200000000000065e-01,3.437500000000000278e-02
2.162350000000000105e-01,3.375000000000000222e-02
2.163500000000000145e-01,3.250000000000000111e-02
2.164650000000000185e-01,3.156250000000000028e-02
2.165799999999999947e-01,3.125000000000000000e-02
2.166949999999999987e-01,3.125000000000000000e-02
2.168100000000000027e-01,3.375000000000000222e-02
2.169250000000000067e-01,3.406250000000000250e-02
2.170400000000000107e-01,3.812500000000000611e-02
2.171550000000000147e-01,4.156250000000000222e-02
2.172700000000000187e-01,4.343750000000000389e-02
2.173849999999999949e-01,4.468750000000000500e-02
2.174999999999999989e-01,4.531250000000000555e-02
2.176150000000000029e-01,4.875000000000000167e-02
2.177300000000000069e-01,5.000000000000000278e-02
2.178450000000000109e-01,5.093750000000000361e-02
2.179600000000000148e-01,5.218750000000000472e-02
2.180750000000000188e-01,5.125000000000000389e-02
2.181899999999999951e-01,5.093750000000000361e-02
2.183049999999999990e-01,5.187500000000000444e-02
2.184200000000000030e-01,5.218750000000000472e-02
2.185350000000000070e-01,5.250000000000000500e-02
2.186500000000000110e-01,5.437500000000000666e-02
2.187650000000000150e-01,5.468750000000000000e-02
2.188800000000000190e-01,5.562500000000000777e-02
2.189949999999999952e-01,5.562500000000000777e-02
2.191099999999999992e-01,5.750000000000000250e-02
2.192250000000000032e-01,5.750000000000000250e-02
2.193400000000000072e-01,5.750000000000000250e-02
2.194550000000000112e-01,5.687500000000000888e-02
2.195700000000000152e-01,5.656250000000000167e-02
2.196850000000000191e-01,5.468750000000000000e-02
2.197999999999999954e-01,5.218750000000000472e-02
2.199149999999999994e-01,5.031250000000000305e-02
2.200300000000000034e-01,4.593750000000000611e-02
2.201450000000000073e-01,4.562500000000000583e-02
2.202600000000000113e-01,4.531250000000000555e-02
2.203750000000000153e-01,4.593750000000000611e-02
2.204900000000000193e-01,4.687500000000000000e-02
2.206049999999999955e-01,4.687500000000000000e-02
2.207199999999999995e-01,4.593750000000000611e-02
2.208350000000000035e-01,4.468750000000000500e-02
2.209500000000000075e-01,4.343750000000000389e-02
2.210650000000000115e-01,4.312500000000000361e-02
2.211800000000000155e-01,4.437500000000000472e-02
2.212950000000000195e-01,4.562500000000000583e-02
2.214099999999999957e-01,4.593750000000000611e-02
2.215249999999999997e-01,4.593750000000000611e-02
2.216400000000000037e-01,4.781250000000000777e-02
2.217550000000000077e-01,4.843750000000000139e-02
2.218700000000000117e-01,4.843750000000000139e-02
2.219850000000000156e-01,4.781250000000000777e-02
2.221000000000000196e-01,4.750000000000000056e-02
2.222149999999999959e-01,4.718750000000000722e-02
2.223299999999999998e-01,4.687500000000000000e-02
2.224450000000000038e-01,4.593750000000000611e-02
2.225600000000000078e-01,4.656250000000000666e-02
2.226750000000000118e-01,4.812500000000000111e-02
2.227900000000000158e-01,4.937500000000000222e-02
2.229049999999999920e-01,5.375000000000000611e-02
2.230199999999999960e-01,5.437500000000000666e-02
2.231350000000000000e-01,5.656250000000000167e-02
2.232500000000000040e-01,5.750000000000000250e-02
2.233650000000000080e-01,5.875000000000000361e-02
2.234800000000000120e-01,5.875000000000000361e-02
2.235950000000000160e-01,5.875000000000000361e-02
2.237099999999999922e-01,5.875000000000000361e-02
2.238249999999999962e-01,5.812500000000000305e-02
2.239400000000000002e-01,5.625000000000000833e-02
2.240550000000000042e-01,5.500000000000000722e-02
2.241700000000000081e-01,5.312500000000000555e-02
2.242850000000000121e-01,5.218750000000000472e-02
2.244000000000000161e-01,5.187500000000000444e-02
2.245149999999999924e-01,5.187500000000000444e-02
2.246299999999999963e-01,5.218750000000000472e-02
2.247450000000000003e-01,5.343749999999999889e-02
2.248600000000000043e-01,5.406249999999999944e-02
2.249750000000000083e-01,5.375000000000000611e-02
2.250900000000000123e-01,5.250000000000000500e-02
2.252050000000000163e-01,5.031250000000000305e-02
2.253199999999999925e-01,4.718750000000000722e-02
2.254349999999999965e-01,4.312500000000000361e-02
2.255500000000000005e-01,4.156250000000000222e-02
2.256650000000000045e-01,4.062500000000000139e-02
2.257800000000000085e-01,4.187500000000000250e-02
2.258950000000000125e-01,4.593750000000000611e-02
2.260100000000000164e-01,5.093750000000000361e-02
2.261249999999999927e-01,5.437500000000000666e-02
2.262399999999999967e-01,5.625000000000000833e-02
2.263550000000000006e-01,5.843750000000000333e-02
2.264700000000000046e-01,5.812500000000000305e-02
2.265850000000000086e-01,5.750000000000000250e-02
2.267000000000000126e-01,5.687500000000000888e-02
2.268150000000000166e-01,5.437500000000000666e-02
2.269299999999999928e-01,5.250000000000000500e-02
2.270449999999999968e-01,5.062500000000000333e-02
2.271600000000000008e-01,4.906250000000000194e-02
2.272750000000000048e-01,4.781250000000000777e-02
2.273900000000000088e-01,4.968750000000000250e-02
2.275050000000000128e-01,5.218750000000000472e-02
2.276200000000000168e-01,5.437500000000000666e-02
2.277349999999999930e-01,5.718750000000000222e-02
2.278499999999999970e-01,5.906250000000000389e-02
2.279650000000000010e-01,5.937500000000000416e-02
2.280800000000000050e-01,4.656250000000000666e-02
2.281950000000000089e-01,5.031250000000000305e-02
2.283100000000000129e-01,5.093750000000000361e-02
2.284250000000000169e-01,4.437500000000000472e-02
2.285399999999999932e-01,3.968750000000000056e-02
2.286549999999999971e-01,3.687500000000000500e-02
2.287700000000000011e-01,3.343750000000000194e-02
2.288850000000000051e-01,2.812500000000000416e-02
