PURE SILICA, ELECTRODE=TUNGSTEN, TIME=35, POLING_VOLTAGE=3700, WAVELENGTH=1.55e-06, EFFECTIVE_DISTANCE=3.1e-05, POLED_LENGTH=0.3, CORE_INDEX=1.45, POLE=MAX, AC_VOLTAGE=1125.0, AC_FREQUENCY=3950, PIEZO_FREQUENCY=79.0
Time(s),Voltage(V)
-8.000000000000000654e-05,5.062500000000000333e-02
-7.360000000000000006e-05,5.062500000000000333e-02
-6.720000000000000712e-05,5.093750000000000361e-02
-6.080000000000000741e-05,5.125000000000000389e-02
-5.440000000000000770e-05,5.125000000000000389e-02
-4.800000000000000799e-05,5.187500000000000444e-02
-4.160000000000000828e-05,5.187500000000000444e-02
-3.520000000000000857e-05,5.218750000000000472e-02
-2.880000000000000886e-05,5.250000000000000500e-02
-2.240000000000000915e-05,5.250000000000000500e-02
-1.600000000000000944e-05,5.281250000000000527e-02
-9.600000000000002954e-06,5.281250000000000527e-02
-3.200000000000010020e-06,5.312500000000000555e-02
3.199999999999982915e-06,5.343749999999999889e-02
9.599999999999989401e-06,5.312500000000000555e-02
1.599999999999999589e-05,5.343749999999999889e-02
2.239999999999998882e-05,5.312500000000000555e-02
2.879999999999998176e-05,5.343749999999999889e-02
3.519999999999998824e-05,5.312500000000000555e-02
4.159999999999999473e-05,5.343749999999999889e-02
4.799999999999998766e-05,5.343749999999999889e-02
5.439999999999998060e-05,5.375000000000000611e-02
6.080000000000000064e-05,5.375000000000000611e-02
6.719999999999999357e-05,5.343749999999999889e-02
7.359999999999998651e-05,5.250000000000000500e-02
7.999999999999997944e-05,5.156250000000000416e-02
8.639999999999997237e-05,5.156250000000000416e-02
9.279999999999999241e-05,4.906250000000000194e-02
9.919999999999998535e-05,4.624999999999999944e-02
1.055999999999999783e-04,4.562500000000000583e-02
1.119999999999999983e-04,4.312500000000000361e-02
1.183999999999999913e-04,4.187500000000000250e-02
1.247999999999999977e-04,4.187500000000000250e-02
1.311999999999999907e-04,4.156250000000000222e-02
1.375999999999999836e-04,4.093750000000000167e-02
1.439999999999999765e-04,4.093750000000000167e-02
1.503999999999999695e-04,4.187500000000000250e-02
1.567999999999999624e-04,4.187500000000000250e-02
1.632000000000000096e-04,4.281250000000000333e-02
1.696000000000000025e-04,4.343750000000000389e-02
1.759999999999999954e-04,4.375000000000000416e-02
1.823999999999999884e-04,4.343750000000000389e-02
1.887999999999999813e-04,4.281250000000000333e-02
1.951999999999999742e-04,4.218750000000000278e-02
2.016000000000000214e-04,4.125000000000000194e-02
2.080000000000000143e-04,4.062500000000000139e-02
2.144000000000000072e-04,4.125000000000000194e-02
2.208000000000000002e-04,4.156250000000000222e-02
2.271999999999999931e-04,4.218750000000000278e-02
2.335999999999999860e-04,4.281250000000000333e-02
2.399999999999999790e-04,4.312500000000000361e-02
2.463999999999999719e-04,4.375000000000000416e-02
2.527999999999999648e-04,4.375000000000000416e-02
2.592000000000000120e-04,4.343750000000000389e-02
2.656000000000000049e-04,4.312500000000000361e-02
2.719999999999999979e-04,4.312500000000000361e-02
2.783999999999999908e-04,4.281250000000000333e-02
2.847999999999999837e-04,4.218750000000000278e-02
2.911999999999999767e-04,4.156250000000000222e-02
2.975999999999999696e-04,4.156250000000000222e-02
3.040000000000000167e-04,4.156250000000000222e-02
3.104000000000000097e-04,4.250000000000000305e-02
3.168000000000000026e-04,4.281250000000000333e-02
3.231999999999999955e-04,4.375000000000000416e-02
3.295999999999999885e-04,4.437500000000000472e-02
3.359999999999999814e-04,4.406250000000000444e-02
3.423999999999999743e-04,4.375000000000000416e-02
3.487999999999999673e-04,4.281250000000000333e-02
3.551999999999999602e-04,4.218750000000000278e-02
3.616000000000000074e-04,4.156250000000000222e-02
3.680000000000000003e-04,4.156250000000000222e-02
3.743999999999999932e-04,4.125000000000000194e-02
3.807999999999999862e-04,4.093750000000000167e-02
3.871999999999999791e-04,4.093750000000000167e-02
3.935999999999999720e-04,4.093750000000000167e-02
3.999999999999999650e-04,4.031250000000000111e-02
4.064000000000000121e-04,4.000000000000000083e-02
4.127999999999999508e-04,3.968750000000000056e-02
4.191999999999999980e-04,3.968750000000000056e-02
4.255999999999999367e-04,3.968750000000000056e-02
4.319999999999999838e-04,4.093750000000000167e-02
4.384000000000000310e-04,4.093750000000000167e-02
4.447999999999999697e-04,4.218750000000000278e-02
4.512000000000000169e-04,4.218750000000000278e-02
4.575999999999999556e-04,4.281250000000000333e-02
4.640000000000000027e-04,4.312500000000000361e-02
4.703999999999999414e-04,4.312500000000000361e-02
4.767999999999999886e-04,4.375000000000000416e-02
4.832000000000000357e-04,4.406250000000000444e-02
4.895999999999999745e-04,4.437500000000000472e-02
4.960000000000000216e-04,4.500000000000000527e-02
5.023999999999999603e-04,4.531250000000000555e-02
5.088000000000000075e-04,4.562500000000000583e-02
5.151999999999999462e-04,4.593750000000000611e-02
5.215999999999999933e-04,4.656250000000000666e-02
5.279999999999999321e-04,4.687500000000000000e-02
5.343999999999999792e-04,4.687500000000000000e-02
5.408000000000000263e-04,4.750000000000000056e-02
5.471999999999999651e-04,4.718750000000000722e-02
5.536000000000000122e-04,4.718750000000000722e-02
5.599999999999999509e-04,4.687500000000000000e-02
5.663999999999999981e-04,4.687500000000000000e-02
5.727999999999999368e-04,4.687500000000000000e-02
5.791999999999999840e-04,4.718750000000000722e-02
5.855999999999999227e-04,4.718750000000000722e-02
5.919999999999999698e-04,4.750000000000000056e-02
5.984000000000000170e-04,4.781250000000000777e-02
6.047999999999999557e-04,4.750000000000000056e-02
6.112000000000000028e-04,4.718750000000000722e-02
6.175999999999999416e-04,4.656250000000000666e-02
6.239999999999999887e-04,4.562500000000000583e-02
6.303999999999999274e-04,4.531250000000000555e-02
6.367999999999999746e-04,4.375000000000000416e-02
6.432000000000000217e-04,4.312500000000000361e-02
6.495999999999999604e-04,4.250000000000000305e-02
6.560000000000000076e-04,4.187500000000000250e-02
6.623999999999999463e-04,4.062500000000000139e-02
6.687999999999999935e-04,4.000000000000000083e-02
6.751999999999999322e-04,3.968750000000000056e-02
6.815999999999999793e-04,3.937500000000000722e-02
6.880000000000000265e-04,3.906250000000000000e-02
6.943999999999999652e-04,3.937500000000000722e-02
7.008000000000000123e-04,4.000000000000000083e-02
7.071999999999999511e-04,4.062500000000000139e-02
7.135999999999999982e-04,4.093750000000000167e-02
7.199999999999999369e-04,4.156250000000000222e-02
7.263999999999999841e-04,4.250000000000000305e-02
7.327999999999999228e-04,4.312500000000000361e-02
7.391999999999999699e-04,4.343750000000000389e-02
7.456000000000000171e-04,4.343750000000000389e-02
7.519999999999999558e-04,4.406250000000000444e-02
7.584000000000000030e-04,4.406250000000000444e-02
7.647999999999999417e-04,4.437500000000000472e-02
7.711999999999999888e-04,4.468750000000000500e-02
7.775999999999999275e-04,4.437500000000000472e-02
7.839999999999999747e-04,4.437500000000000472e-02
7.903999999999999134e-04,4.468750000000000500e-02
7.967999999999999606e-04,4.437500000000000472e-02
8.032000000000000077e-04,4.437500000000000472e-02
8.095999999999999464e-04,4.406250000000000444e-02
8.159999999999999936e-04,4.406250000000000444e-02
8.223999999999999323e-04,4.437500000000000472e-02
8.287999999999999794e-04,4.406250000000000444e-02
8.351999999999999182e-04,4.437500000000000472e-02
8.415999999999999653e-04,4.437500000000000472e-02
8.480000000000000124e-04,4.437500000000000472e-02
8.543999999999999512e-04,4.375000000000000416e-02
8.607999999999999983e-04,4.343750000000000389e-02
8.671999999999999370e-04,4.281250000000000333e-02
8.735999999999999842e-04,4.218750000000000278e-02
8.799999999999999229e-04,4.156250000000000222e-02
8.863999999999999701e-04,4.093750000000000167e-02
8.928000000000000172e-04,4.000000000000000083e-02
8.991999999999999559e-04,3.875000000000000666e-02
9.055999999999998946e-04,3.718750000000000527e-02
9.120000000000000502e-04,3.625000000000000444e-02
9.183999999999999889e-04,3.562500000000000389e-02
9.247999999999999277e-04,3.562500000000000389e-02
9.311999999999998664e-04,3.468750000000000305e-02
9.376000000000000219e-04,3.500000000000000333e-02
9.439999999999999607e-04,3.562500000000000389e-02
9.503999999999998994e-04,3.625000000000000444e-02
9.568000000000000550e-04,3.687500000000000500e-02
9.631999999999999937e-04,3.781250000000000583e-02
9.695999999999999324e-04,3.812500000000000611e-02
9.759999999999998711e-04,3.843750000000000638e-02
9.824000000000000267e-04,3.937500000000000722e-02
9.887999999999999654e-04,3.968750000000000056e-02
9.951999999999999041e-04,3.968750000000000056e-02
1.001600000000000060e-03,4.062500000000000139e-02
1.007999999999999998e-03,4.093750000000000167e-02
1.014399999999999937e-03,4.156250000000000222e-02
1.020799999999999876e-03,4.187500000000000250e-02
1.027200000000000031e-03,4.250000000000000305e-02
1.033599999999999970e-03,4.281250000000000333e-02
1.039999999999999909e-03,4.281250000000000333e-02
1.046400000000000064e-03,4.281250000000000333e-02
1.052800000000000003e-03,4.281250000000000333e-02
1.059199999999999942e-03,4.250000000000000305e-02
1.065599999999999881e-03,4.250000000000000305e-02
1.072000000000000036e-03,4.218750000000000278e-02
1.078399999999999975e-03,4.250000000000000305e-02
1.084799999999999914e-03,4.218750000000000278e-02
1.091199999999999852e-03,4.218750000000000278e-02
1.097600000000000008e-03,4.187500000000000250e-02
1.103999999999999947e-03,4.125000000000000194e-02
1.110399999999999885e-03,4.031250000000000111e-02
1.116800000000000041e-03,3.968750000000000056e-02
1.123199999999999980e-03,3.937500000000000722e-02
1.129599999999999918e-03,3.906250000000000000e-02
1.135999999999999857e-03,3.843750000000000638e-02
1.142400000000000013e-03,3.750000000000000555e-02
1.148799999999999951e-03,3.656250000000000472e-02
1.155199999999999890e-03,3.593750000000000416e-02
1.161600000000000046e-03,3.562500000000000389e-02
1.167999999999999984e-03,3.468750000000000305e-02
1.174399999999999923e-03,3.437500000000000278e-02
1.180799999999999862e-03,3.312500000000000167e-02
1.187200000000000017e-03,3.281250000000000139e-02
1.193599999999999956e-03,3.250000000000000111e-02
1.199999999999999895e-03,3.218750000000000083e-02
1.206400000000000050e-03,3.250000000000000111e-02
1.212799999999999989e-03,3.312500000000000167e-02
1.219199999999999928e-03,3.375000000000000222e-02
1.225599999999999867e-03,3.437500000000000278e-02
1.232000000000000022e-03,3.468750000000000305e-02
1.238399999999999961e-03,3.500000000000000333e-02
1.244799999999999900e-03,3.500000000000000333e-02
1.251199999999999838e-03,3.500000000000000333e-02
1.257599999999999994e-03,3.562500000000000389e-02
1.263999999999999933e-03,3.562500000000000389e-02
1.270399999999999871e-03,3.593750000000000416e-02
1.276800000000000027e-03,3.562500000000000389e-02
1.283199999999999966e-03,3.562500000000000389e-02
1.289599999999999904e-03,3.562500000000000389e-02
1.295999999999999843e-03,3.500000000000000333e-02
1.302399999999999999e-03,3.500000000000000333e-02
1.308799999999999937e-03,3.406250000000000250e-02
1.315199999999999876e-03,3.406250000000000250e-02
1.321600000000000032e-03,3.375000000000000222e-02
1.327999999999999970e-03,3.343750000000000194e-02
1.334399999999999909e-03,3.281250000000000139e-02
1.340799999999999848e-03,3.250000000000000111e-02
1.347200000000000003e-03,3.250000000000000111e-02
1.353599999999999942e-03,3.125000000000000000e-02
1.359999999999999881e-03,3.062500000000000291e-02
1.366400000000000036e-03,3.031250000000000264e-02
1.372799999999999975e-03,2.968750000000000208e-02
1.379199999999999914e-03,2.812500000000000416e-02
1.385599999999999853e-03,2.718750000000000333e-02
1.392000000000000008e-03,2.656250000000000278e-02
1.398399999999999947e-03,2.531250000000000167e-02
1.404799999999999886e-03,2.500000000000000139e-02
1.411200000000000041e-03,2.375000000000000375e-02
1.417599999999999980e-03,2.281250000000000291e-02
1.423999999999999919e-03,2.218750000000000236e-02
1.430399999999999857e-03,2.218750000000000236e-02
1.436800000000000013e-03,2.125000000000000500e-02
1.443199999999999952e-03,2.125000000000000500e-02
1.449599999999999890e-03,2.062500000000000444e-02
1.456000000000000046e-03,2.062500000000000444e-02
1.462399999999999985e-03,2.093750000000000472e-02
1.468799999999999923e-03,2.093750000000000472e-02
1.475199999999999862e-03,2.156250000000000527e-02
1.481600000000000018e-03,2.218750000000000236e-02
1.487999999999999956e-03,2.250000000000000264e-02
1.494399999999999895e-03,2.281250000000000291e-02
1.500799999999999834e-03,2.281250000000000291e-02
1.507199999999999989e-03,2.312500000000000319e-02
1.513599999999999928e-03,2.343750000000000347e-02
1.519999999999999867e-03,2.343750000000000347e-02
1.526400000000000022e-03,2.343750000000000347e-02
1.532799999999999961e-03,2.343750000000000347e-02
1.539199999999999900e-03,2.343750000000000347e-02
1.545599999999999839e-03,2.312500000000000319e-02
1.551999999999999994e-03,2.281250000000000291e-02
1.558399999999999933e-03,2.250000000000000264e-02
1.564799999999999872e-03,2.218750000000000236e-02
1.571200000000000027e-03,2.218750000000000236e-02
1.577599999999999966e-03,2.187500000000000555e-02
1.583999999999999905e-03,2.156250000000000527e-02
1.590399999999999843e-03,2.093750000000000472e-02
1.596799999999999999e-03,2.093750000000000472e-02
1.603199999999999938e-03,2.062500000000000444e-02
1.609599999999999876e-03,2.000000000000000389e-02
1.616000000000000032e-03,1.937500000000000333e-02
1.622399999999999971e-03,1.875000000000000278e-02
1.628799999999999909e-03,1.812500000000000222e-02
1.635199999999999848e-03,1.750000000000000167e-02
1.641600000000000004e-03,1.656250000000000430e-02
1.647999999999999942e-03,1.625000000000000402e-02
1.654399999999999881e-03,1.531250000000000319e-02
1.660799999999999820e-03,1.500000000000000291e-02
1.667199999999999975e-03,1.437500000000000236e-02
1.673599999999999914e-03,1.375000000000000180e-02
1.679999999999999853e-03,1.343750000000000153e-02
1.686400000000000008e-03,1.281250000000000444e-02
1.692799999999999947e-03,1.250000000000000416e-02
1.699199999999999886e-03,1.250000000000000416e-02
1.705599999999999825e-03,1.250000000000000416e-02
1.711999999999999980e-03,1.250000000000000416e-02
1.718399999999999919e-03,1.281250000000000444e-02
1.724799999999999858e-03,1.343750000000000153e-02
1.731200000000000013e-03,1.343750000000000153e-02
1.737599999999999952e-03,1.406250000000000208e-02
1.743999999999999891e-03,1.375000000000000180e-02
1.750399999999999829e-03,1.406250000000000208e-02
1.756799999999999985e-03,1.437500000000000236e-02
1.763199999999999924e-03,1.437500000000000236e-02
1.769599999999999862e-03,1.468750000000000264e-02
1.776000000000000018e-03,1.437500000000000236e-02
1.782399999999999957e-03,1.468750000000000264e-02
1.788799999999999895e-03,1.468750000000000264e-02
1.795199999999999834e-03,1.437500000000000236e-02
1.801599999999999990e-03,1.406250000000000208e-02
1.807999999999999928e-03,1.406250000000000208e-02
1.814399999999999867e-03,1.343750000000000153e-02
1.820800000000000023e-03,1.312500000000000125e-02
1.827199999999999961e-03,1.250000000000000416e-02
1.833599999999999900e-03,1.250000000000000416e-02
1.839999999999999839e-03,1.187500000000000361e-02
1.846399999999999994e-03,1.187500000000000361e-02
1.852799999999999933e-03,1.156250000000000333e-02
1.859199999999999872e-03,1.125000000000000305e-02
1.865600000000000027e-03,1.093750000000000278e-02
1.871999999999999966e-03,1.062500000000000250e-02
1.878399999999999905e-03,1.000000000000000194e-02
1.884800000000000060e-03,1.000000000000000194e-02
1.891199999999999782e-03,9.687500000000001665e-03
1.897599999999999938e-03,9.375000000000001388e-03
1.904000000000000093e-03,8.750000000000004302e-03
1.910399999999999815e-03,9.062500000000001110e-03
1.916799999999999971e-03,8.437500000000004025e-03
1.923200000000000126e-03,8.125000000000003747e-03
1.929599999999999848e-03,7.500000000000003192e-03
1.936000000000000004e-03,7.500000000000003192e-03
1.942399999999999726e-03,7.187500000000002914e-03
1.948799999999999881e-03,7.187500000000002914e-03
1.955199999999999820e-03,7.187500000000002914e-03
1.961599999999999542e-03,7.187500000000002914e-03
1.967999999999999697e-03,7.500000000000003192e-03
1.974399999999999853e-03,7.500000000000003192e-03
1.980799999999999575e-03,7.812500000000003469e-03
1.987199999999999731e-03,8.125000000000003747e-03
1.993599999999999886e-03,8.437500000000004025e-03
1.999999999999999608e-03,8.437500000000004025e-03
2.006399999999999764e-03,8.750000000000004302e-03
2.012799999999999485e-03,8.750000000000004302e-03
2.019199999999999641e-03,9.062500000000001110e-03
2.025599999999999797e-03,8.750000000000004302e-03
2.031999999999999518e-03,8.750000000000004302e-03
2.038399999999999674e-03,8.437500000000004025e-03
2.044799999999999830e-03,8.437500000000004025e-03
2.051199999999999551e-03,8.125000000000003747e-03
2.057599999999999707e-03,8.125000000000003747e-03
2.063999999999999863e-03,7.812500000000003469e-03
2.070399999999999584e-03,7.500000000000003192e-03
2.076799999999999740e-03,7.500000000000003192e-03
2.083199999999999896e-03,7.187500000000002914e-03
2.089599999999999617e-03,7.187500000000002914e-03
2.095999999999999773e-03,6.875000000000002637e-03
2.102399999999999495e-03,6.562500000000002359e-03
2.108799999999999650e-03,6.562500000000002359e-03
2.115199999999999806e-03,6.250000000000002082e-03
2.121599999999999528e-03,6.250000000000002082e-03
2.127999999999999683e-03,6.250000000000002082e-03
2.134399999999999839e-03,6.250000000000002082e-03
2.140799999999999561e-03,5.937500000000001804e-03
2.147199999999999716e-03,5.937500000000001804e-03
2.153599999999999872e-03,5.937500000000001804e-03
2.159999999999999594e-03,5.937500000000001804e-03
2.166399999999999750e-03,5.937500000000001804e-03
2.172799999999999905e-03,5.625000000000001527e-03
2.179199999999999627e-03,5.625000000000001527e-03
2.185599999999999783e-03,5.937500000000001804e-03
2.191999999999999504e-03,5.625000000000001527e-03
2.198399999999999660e-03,5.625000000000001527e-03
2.204799999999999816e-03,5.312500000000001249e-03
2.211199999999999537e-03,5.312500000000001249e-03
2.217599999999999693e-03,5.312500000000001249e-03
2.223999999999999849e-03,5.312500000000001249e-03
2.230399999999999570e-03,5.312500000000001249e-03
2.236799999999999726e-03,5.312500000000001249e-03
2.243199999999999882e-03,5.937500000000001804e-03
2.249599999999999603e-03,5.625000000000001527e-03
2.255999999999999759e-03,5.625000000000001527e-03
2.262399999999999481e-03,5.625000000000001527e-03
2.268799999999999636e-03,5.625000000000001527e-03
2.275199999999999792e-03,5.625000000000001527e-03
2.281599999999999514e-03,5.625000000000001527e-03
2.287999999999999669e-03,5.937500000000001804e-03
2.294399999999999825e-03,5.625000000000001527e-03
2.300799999999999547e-03,5.625000000000001527e-03
2.307199999999999702e-03,5.312500000000001249e-03
2.313599999999999858e-03,5.312500000000001249e-03
2.319999999999999580e-03,5.312500000000001249e-03
2.326399999999999735e-03,5.000000000000004441e-03
2.332799999999999891e-03,5.000000000000004441e-03
2.339199999999999613e-03,4.687500000000004163e-03
2.345599999999999768e-03,4.687500000000004163e-03
2.351999999999999490e-03,4.687500000000004163e-03
2.358399999999999646e-03,4.375000000000003886e-03
2.364799999999999802e-03,4.375000000000003886e-03
2.371199999999999523e-03,4.375000000000003886e-03
2.377599999999999679e-03,4.375000000000003886e-03
2.383999999999999835e-03,4.375000000000003886e-03
2.390399999999999556e-03,4.375000000000003886e-03
2.396799999999999712e-03,4.375000000000003886e-03
2.403199999999999868e-03,4.687500000000004163e-03
2.409599999999999589e-03,4.687500000000004163e-03
2.415999999999999745e-03,5.000000000000004441e-03
2.422399999999999467e-03,5.000000000000004441e-03
2.428799999999999622e-03,5.000000000000004441e-03
2.435199999999999778e-03,5.312500000000001249e-03
2.441599999999999500e-03,5.312500000000001249e-03
2.447999999999999655e-03,5.312500000000001249e-03
2.454399999999999811e-03,5.000000000000004441e-03
2.460799999999999533e-03,5.000000000000004441e-03
2.467199999999999688e-03,4.687500000000004163e-03
2.473599999999999844e-03,4.687500000000004163e-03
2.479999999999999566e-03,5.000000000000004441e-03
2.486399999999999721e-03,4.687500000000004163e-03
2.492799999999999877e-03,4.687500000000004163e-03
2.499199999999999599e-03,4.687500000000004163e-03
2.505599999999999754e-03,4.687500000000004163e-03
2.511999999999999476e-03,4.687500000000004163e-03
2.518399999999999632e-03,4.687500000000004163e-03
2.524799999999999787e-03,4.687500000000004163e-03
2.531199999999999509e-03,4.687500000000004163e-03
2.537599999999999665e-03,4.687500000000004163e-03
2.543999999999999821e-03,4.687500000000004163e-03
2.550399999999999542e-03,4.375000000000003886e-03
2.556799999999999698e-03,4.375000000000003886e-03
2.563199999999999854e-03,4.062500000000003608e-03
2.569599999999999575e-03,4.375000000000003886e-03
2.575999999999999731e-03,4.062500000000003608e-03
2.582399999999999453e-03,4.062500000000003608e-03
2.588799999999999608e-03,4.062500000000003608e-03
2.595199999999999764e-03,4.062500000000003608e-03
2.601599999999999486e-03,4.375000000000003886e-03
2.607999999999999641e-03,4.062500000000003608e-03
2.614399999999999797e-03,4.375000000000003886e-03
2.620799999999999519e-03,4.375000000000003886e-03
2.627199999999999674e-03,4.687500000000004163e-03
2.633599999999999830e-03,4.687500000000004163e-03
2.639999999999999552e-03,5.000000000000004441e-03
2.646399999999999707e-03,5.312500000000001249e-03
2.652799999999999863e-03,6.250000000000002082e-03
2.659199999999999585e-03,6.562500000000002359e-03
2.665599999999999740e-03,7.812500000000003469e-03
2.671999999999999462e-03,7.812500000000003469e-03
2.678399999999999618e-03,8.437500000000004025e-03
2.684799999999999773e-03,8.750000000000004302e-03
2.691199999999999495e-03,9.375000000000001388e-03
2.697599999999999651e-03,9.687500000000001665e-03
2.703999999999999806e-03,1.000000000000000194e-02
2.710399999999999528e-03,1.000000000000000194e-02
2.716799999999999684e-03,1.031250000000000222e-02
2.723199999999999840e-03,1.000000000000000194e-02
2.729599999999999561e-03,9.375000000000001388e-03
2.735999999999999717e-03,9.375000000000001388e-03
2.742399999999999873e-03,9.062500000000001110e-03
2.748799999999999594e-03,8.750000000000004302e-03
2.755199999999999750e-03,8.750000000000004302e-03
2.761599999999999472e-03,8.125000000000003747e-03
2.767999999999999627e-03,7.812500000000003469e-03
2.774399999999999783e-03,7.812500000000003469e-03
2.780799999999999505e-03,7.812500000000003469e-03
2.787199999999999660e-03,8.125000000000003747e-03
2.793599999999999816e-03,7.812500000000003469e-03
2.799999999999999538e-03,7.500000000000003192e-03
2.806399999999999693e-03,7.812500000000003469e-03
2.812799999999999849e-03,8.125000000000003747e-03
2.819199999999999571e-03,7.812500000000003469e-03
2.825599999999999726e-03,8.125000000000003747e-03
2.831999999999999448e-03,8.437500000000004025e-03
2.838399999999999604e-03,8.750000000000004302e-03
2.844799999999999759e-03,8.750000000000004302e-03
2.851199999999999481e-03,8.750000000000004302e-03
2.857599999999999637e-03,9.062500000000001110e-03
2.863999999999999792e-03,9.375000000000001388e-03
2.870399999999999514e-03,9.687500000000001665e-03
2.876799999999999670e-03,1.000000000000000194e-02
2.883199999999999825e-03,1.062500000000000250e-02
2.889599999999999547e-03,1.125000000000000305e-02
2.895999999999999703e-03,1.156250000000000333e-02
2.902399999999999858e-03,1.250000000000000416e-02
2.908799999999999580e-03,1.343750000000000153e-02
2.915199999999999736e-03,1.375000000000000180e-02
2.921599999999999458e-03,1.406250000000000208e-02
2.927999999999999613e-03,1.500000000000000291e-02
2.934399999999999769e-03,1.625000000000000402e-02
2.940799999999999491e-03,1.656250000000000430e-02
2.947199999999999646e-03,1.656250000000000430e-02
2.953599999999999802e-03,1.687500000000000458e-02
2.959999999999999524e-03,1.750000000000000167e-02
2.966399999999999679e-03,1.718750000000000139e-02
2.972799999999999835e-03,1.718750000000000139e-02
2.979199999999999557e-03,1.687500000000000458e-02
2.985599999999999712e-03,1.625000000000000402e-02
2.991999999999999868e-03,1.593750000000000375e-02
2.998399999999999590e-03,1.531250000000000319e-02
3.004799999999999745e-03,1.500000000000000291e-02
3.011199999999999467e-03,1.468750000000000264e-02
3.017599999999999623e-03,1.406250000000000208e-02
3.023999999999999778e-03,1.406250000000000208e-02
3.030399999999999500e-03,1.375000000000000180e-02
3.036799999999999656e-03,1.375000000000000180e-02
3.043199999999999811e-03,1.343750000000000153e-02
3.049599999999999533e-03,1.343750000000000153e-02
3.055999999999999689e-03,1.343750000000000153e-02
3.062399999999999844e-03,1.343750000000000153e-02
3.068799999999999566e-03,1.406250000000000208e-02
3.075199999999999722e-03,1.406250000000000208e-02
3.081599999999999444e-03,1.437500000000000236e-02
3.087999999999999599e-03,1.468750000000000264e-02
3.094399999999999755e-03,1.562500000000000347e-02
3.100799999999999477e-03,1.531250000000000319e-02
3.107199999999999632e-03,1.562500000000000347e-02
3.113599999999999788e-03,1.593750000000000375e-02
3.119999999999999510e-03,1.625000000000000402e-02
3.126399999999999665e-03,1.656250000000000430e-02
3.132799999999999821e-03,1.750000000000000167e-02
3.139199999999999543e-03,1.812500000000000222e-02
3.145599999999999698e-03,1.843750000000000250e-02
3.151999999999999854e-03,1.968750000000000361e-02
3.158399999999999576e-03,2.031250000000000416e-02
3.164799999999999731e-03,2.156250000000000527e-02
3.171199999999999453e-03,2.281250000000000291e-02
3.177599999999999609e-03,2.312500000000000319e-02
3.183999999999999764e-03,2.375000000000000375e-02
3.190399999999999486e-03,2.468750000000000111e-02
3.196799999999999642e-03,2.531250000000000167e-02
3.203199999999999797e-03,2.593750000000000222e-02
3.209599999999999519e-03,2.656250000000000278e-02
3.215999999999999675e-03,2.656250000000000278e-02
3.222399999999999830e-03,2.656250000000000278e-02
3.228799999999999552e-03,2.656250000000000278e-02
3.235199999999999708e-03,2.625000000000000250e-02
3.241599999999999430e-03,2.593750000000000222e-02
3.247999999999999585e-03,2.562500000000000194e-02
3.254399999999999741e-03,2.468750000000000111e-02
3.260799999999999463e-03,2.468750000000000111e-02
3.267199999999999618e-03,2.437500000000000083e-02
3.273599999999999774e-03,2.375000000000000375e-02
3.279999999999999496e-03,2.343750000000000347e-02
3.286399999999999651e-03,2.312500000000000319e-02
3.292799999999999807e-03,2.343750000000000347e-02
3.299199999999999529e-03,2.312500000000000319e-02
3.305599999999999684e-03,2.312500000000000319e-02
3.311999999999999840e-03,2.312500000000000319e-02
3.318399999999999562e-03,2.343750000000000347e-02
3.324799999999999717e-03,2.375000000000000375e-02
3.331199999999999439e-03,2.375000000000000375e-02
3.337599999999999595e-03,2.406250000000000056e-02
3.343999999999999750e-03,2.468750000000000111e-02
3.350399999999999472e-03,2.468750000000000111e-02
3.356799999999999628e-03,2.468750000000000111e-02
3.363199999999999783e-03,2.531250000000000167e-02
3.369599999999999505e-03,2.500000000000000139e-02
3.375999999999999661e-03,2.562500000000000194e-02
3.382399999999999816e-03,2.625000000000000250e-02
3.388799999999999538e-03,2.656250000000000278e-02
3.395199999999999694e-03,2.750000000000000361e-02
3.401599999999999416e-03,2.750000000000000361e-02
3.407999999999999571e-03,2.906250000000000500e-02
3.414399999999999727e-03,2.968750000000000208e-02
3.420799999999999449e-03,3.031250000000000264e-02
3.427199999999999604e-03,3.093750000000000319e-02
3.433599999999999760e-03,3.156250000000000028e-02
3.439999999999999482e-03,3.218750000000000083e-02
3.446399999999999637e-03,3.312500000000000167e-02
3.452799999999999793e-03,3.312500000000000167e-02
3.459199999999999515e-03,3.343750000000000194e-02
3.465599999999999670e-03,3.406250000000000250e-02
3.471999999999999826e-03,3.406250000000000250e-02
3.478399999999999548e-03,3.375000000000000222e-02
3.484799999999999703e-03,3.375000000000000222e-02
3.491199999999999425e-03,3.281250000000000139e-02
3.497599999999999581e-03,3.250000000000000111e-02
3.503999999999999736e-03,3.187500000000000056e-02
3.510399999999999458e-03,3.062500000000000291e-02
3.516799999999999614e-03,3.093750000000000319e-02
3.523199999999999769e-03,3.031250000000000264e-02
3.529599999999999491e-03,3.000000000000000236e-02
3.535999999999999647e-03,3.031250000000000264e-02
3.542399999999999802e-03,2.937500000000000527e-02
3.548799999999999524e-03,2.937500000000000527e-02
3.555199999999999680e-03,2.968750000000000208e-02
3.561599999999999835e-03,2.937500000000000527e-02
3.567999999999999557e-03,2.968750000000000208e-02
3.574399999999999713e-03,2.968750000000000208e-02
3.580799999999999435e-03,3.000000000000000236e-02
3.587199999999999590e-03,3.031250000000000264e-02
3.593599999999999746e-03,3.093750000000000319e-02
3.599999999999999468e-03,3.062500000000000291e-02
3.606399999999999623e-03,3.125000000000000000e-02
3.612799999999999779e-03,3.125000000000000000e-02
3.619199999999999501e-03,3.156250000000000028e-02
3.625599999999999656e-03,3.156250000000000028e-02
3.631999999999999812e-03,3.218750000000000083e-02
3.638399999999999534e-03,3.281250000000000139e-02
3.644799999999999689e-03,3.343750000000000194e-02
3.651199999999999411e-03,3.406250000000000250e-02
3.657599999999999567e-03,3.437500000000000278e-02
3.663999999999999722e-03,3.531250000000000361e-02
3.670399999999999444e-03,3.593750000000000416e-02
3.676799999999999600e-03,3.625000000000000444e-02
3.683199999999999755e-03,3.718750000000000527e-02
3.689599999999999477e-03,3.812500000000000611e-02
3.695999999999999633e-03,3.812500000000000611e-02
3.702399999999999788e-03,3.875000000000000666e-02
3.708799999999999510e-03,3.906250000000000000e-02
3.715199999999999666e-03,3.968750000000000056e-02
3.721599999999999821e-03,4.000000000000000083e-02
3.727999999999999543e-03,3.968750000000000056e-02
3.734399999999999699e-03,4.000000000000000083e-02
3.740799999999999421e-03,3.937500000000000722e-02
3.747199999999999576e-03,3.875000000000000666e-02
3.753599999999999732e-03,3.812500000000000611e-02
3.759999999999999454e-03,3.781250000000000583e-02
3.766399999999999609e-03,3.687500000000000500e-02
3.772799999999999765e-03,3.687500000000000500e-02
3.779199999999999487e-03,3.656250000000000472e-02
3.785599999999999642e-03,3.625000000000000444e-02
3.791999999999999798e-03,3.562500000000000389e-02
3.798399999999999520e-03,3.562500000000000389e-02
3.804799999999999675e-03,3.531250000000000361e-02
3.811199999999999831e-03,3.531250000000000361e-02
3.817599999999999553e-03,3.531250000000000361e-02
3.823999999999999708e-03,3.531250000000000361e-02
3.830399999999999430e-03,3.562500000000000389e-02
3.836799999999999586e-03,3.593750000000000416e-02
3.843199999999999741e-03,3.656250000000000472e-02
3.849599999999999897e-03,3.656250000000000472e-02
3.855999999999999185e-03,3.656250000000000472e-02
3.862399999999999341e-03,3.687500000000000500e-02
3.868799999999999496e-03,3.687500000000000500e-02
3.875199999999999652e-03,3.718750000000000527e-02
3.881599999999999807e-03,3.781250000000000583e-02
3.887999999999999963e-03,3.750000000000000555e-02
3.894399999999999251e-03,3.843750000000000638e-02
3.900799999999999407e-03,3.906250000000000000e-02
3.907199999999999562e-03,3.906250000000000000e-02
3.913599999999999718e-03,4.000000000000000083e-02
3.919999999999999873e-03,4.031250000000000111e-02
3.926400000000000029e-03,4.093750000000000167e-02
3.932799999999999317e-03,4.125000000000000194e-02
3.939199999999999473e-03,4.218750000000000278e-02
3.945599999999999628e-03,4.281250000000000333e-02
3.951999999999999784e-03,4.312500000000000361e-02
3.958399999999999939e-03,4.375000000000000416e-02
3.964799999999999228e-03,4.406250000000000444e-02
3.971199999999999383e-03,4.437500000000000472e-02
3.977599999999999539e-03,4.500000000000000527e-02
3.983999999999999694e-03,4.468750000000000500e-02
3.990399999999999850e-03,4.468750000000000500e-02
3.996800000000000005e-03,4.406250000000000444e-02
4.003199999999999294e-03,4.375000000000000416e-02
4.009599999999999449e-03,4.312500000000000361e-02
4.015999999999999605e-03,4.250000000000000305e-02
4.022399999999999760e-03,4.187500000000000250e-02
4.028799999999999916e-03,4.156250000000000222e-02
4.035199999999999204e-03,4.125000000000000194e-02
4.041599999999999360e-03,4.093750000000000167e-02
4.047999999999999515e-03,4.062500000000000139e-02
4.054399999999999671e-03,4.093750000000000167e-02
4.060799999999999826e-03,4.062500000000000139e-02
4.067199999999999982e-03,4.062500000000000139e-02
4.073599999999999270e-03,4.062500000000000139e-02
4.079999999999999426e-03,4.093750000000000167e-02
4.086399999999999581e-03,4.125000000000000194e-02
4.092799999999999737e-03,4.187500000000000250e-02
4.099199999999999892e-03,4.218750000000000278e-02
4.105599999999999181e-03,4.218750000000000278e-02
4.111999999999999336e-03,4.281250000000000333e-02
4.118399999999999492e-03,4.281250000000000333e-02
4.124799999999999647e-03,4.343750000000000389e-02
4.131199999999999803e-03,4.375000000000000416e-02
4.137599999999999958e-03,4.375000000000000416e-02
4.143999999999999247e-03,4.437500000000000472e-02
4.150399999999999402e-03,4.531250000000000555e-02
4.156799999999999558e-03,4.531250000000000555e-02
4.163199999999999713e-03,4.624999999999999944e-02
4.169599999999999869e-03,4.593750000000000611e-02
4.176000000000000024e-03,4.718750000000000722e-02
4.182399999999999313e-03,4.750000000000000056e-02
4.188799999999999468e-03,4.812500000000000111e-02
4.195199999999999624e-03,4.843750000000000139e-02
4.201599999999999779e-03,4.843750000000000139e-02
4.207999999999999935e-03,4.937500000000000222e-02
4.214399999999999223e-03,4.968750000000000250e-02
4.220799999999999379e-03,5.000000000000000278e-02
4.227199999999999534e-03,5.031250000000000305e-02
4.233599999999999690e-03,5.062500000000000333e-02
4.239999999999999845e-03,5.093750000000000361e-02
4.246400000000000001e-03,5.093750000000000361e-02
4.252799999999999289e-03,5.062500000000000333e-02
4.259199999999999445e-03,5.031250000000000305e-02
4.265599999999999600e-03,5.000000000000000278e-02
4.271999999999999756e-03,5.000000000000000278e-02
4.278399999999999911e-03,4.968750000000000250e-02
4.284799999999999200e-03,4.968750000000000250e-02
4.291199999999999355e-03,4.937500000000000222e-02
4.297599999999999511e-03,4.906250000000000194e-02
4.303999999999999666e-03,4.937500000000000222e-02
4.310399999999999822e-03,4.906250000000000194e-02
4.316799999999999977e-03,4.937500000000000222e-02
4.323199999999999266e-03,4.968750000000000250e-02
4.329599999999999421e-03,4.937500000000000222e-02
4.335999999999999577e-03,5.000000000000000278e-02
4.342399999999999732e-03,4.968750000000000250e-02
4.348799999999999888e-03,5.031250000000000305e-02
4.355199999999999176e-03,5.062500000000000333e-02
4.361599999999999332e-03,5.093750000000000361e-02
4.367999999999999487e-03,5.125000000000000389e-02
4.374399999999999643e-03,5.156250000000000416e-02
4.380799999999999798e-03,5.156250000000000416e-02
4.387199999999999954e-03,5.218750000000000472e-02
4.393599999999999242e-03,5.218750000000000472e-02
4.399999999999999398e-03,5.250000000000000500e-02
4.406399999999999553e-03,5.281250000000000527e-02
4.412799999999999709e-03,5.312500000000000555e-02
4.419199999999999864e-03,5.312500000000000555e-02
4.425600000000000020e-03,5.343749999999999889e-02
4.431999999999999308e-03,5.375000000000000611e-02
4.438399999999999464e-03,5.375000000000000611e-02
4.444799999999999619e-03,5.343749999999999889e-02
4.451199999999999775e-03,5.406249999999999944e-02
4.457599999999999930e-03,5.406249999999999944e-02
4.463999999999999219e-03,5.406249999999999944e-02
4.470399999999999374e-03,5.468750000000000000e-02
4.476799999999999530e-03,5.468750000000000000e-02
4.483199999999999685e-03,5.531250000000000056e-02
4.489599999999999841e-03,5.531250000000000056e-02
4.495999999999999996e-03,5.562500000000000777e-02
4.502399999999999285e-03,5.531250000000000056e-02
4.508799999999999440e-03,5.531250000000000056e-02
4.515199999999999596e-03,5.531250000000000056e-02
4.521599999999999751e-03,5.562500000000000777e-02
4.527999999999999907e-03,5.531250000000000056e-02
4.534399999999999195e-03,5.531250000000000056e-02
4.540799999999999351e-03,5.531250000000000056e-02
4.547199999999999506e-03,5.531250000000000056e-02
4.553599999999999662e-03,5.562500000000000777e-02
4.559999999999999817e-03,5.500000000000000722e-02
4.566399999999999973e-03,5.531250000000000056e-02
4.572799999999999261e-03,5.562500000000000777e-02
4.579199999999999417e-03,5.562500000000000777e-02
4.585599999999999572e-03,5.562500000000000777e-02
4.591999999999999728e-03,5.593750000000000111e-02
4.598399999999999883e-03,5.593750000000000111e-02
4.604799999999999172e-03,5.625000000000000833e-02
4.611199999999999327e-03,5.625000000000000833e-02
4.617599999999999483e-03,5.656250000000000167e-02
4.623999999999999638e-03,5.687500000000000888e-02
4.630399999999999794e-03,5.687500000000000888e-02
4.636799999999999949e-03,5.687500000000000888e-02
4.643199999999999238e-03,5.687500000000000888e-02
4.649599999999999393e-03,5.687500000000000888e-02
4.655999999999999549e-03,5.718750000000000222e-02
4.662399999999999704e-03,5.718750000000000222e-02
4.668799999999999860e-03,5.687500000000000888e-02
4.675199999999999148e-03,5.656250000000000167e-02
4.681599999999999304e-03,5.656250000000000167e-02
4.687999999999999459e-03,5.562500000000000777e-02
4.694399999999999615e-03,5.562500000000000777e-02
4.700799999999999770e-03,5.531250000000000056e-02
4.707199999999999926e-03,5.468750000000000000e-02
4.713599999999999214e-03,5.437500000000000666e-02
4.719999999999999370e-03,5.437500000000000666e-02
4.726399999999999525e-03,5.437500000000000666e-02
4.732799999999999681e-03,5.468750000000000000e-02
4.739199999999999836e-03,5.468750000000000000e-02
4.745599999999999992e-03,5.468750000000000000e-02
4.751999999999999280e-03,5.500000000000000722e-02
4.758399999999999436e-03,5.562500000000000777e-02
4.764799999999999591e-03,5.562500000000000777e-02
4.771199999999999747e-03,5.531250000000000056e-02
4.777599999999999902e-03,5.562500000000000777e-02
4.783999999999999191e-03,5.593750000000000111e-02
4.790399999999999346e-03,5.593750000000000111e-02
4.796799999999999502e-03,5.625000000000000833e-02
4.803199999999999657e-03,5.625000000000000833e-02
4.809599999999999813e-03,5.625000000000000833e-02
4.815999999999999968e-03,5.625000000000000833e-02
4.822399999999999257e-03,5.656250000000000167e-02
4.828799999999999412e-03,5.656250000000000167e-02
4.835199999999999568e-03,5.656250000000000167e-02
4.841599999999999723e-03,5.656250000000000167e-02
4.847999999999999879e-03,5.656250000000000167e-02
4.854399999999999167e-03,5.625000000000000833e-02
4.860799999999999323e-03,5.656250000000000167e-02
4.867199999999999478e-03,5.656250000000000167e-02
4.873599999999999634e-03,5.656250000000000167e-02
4.879999999999999789e-03,5.656250000000000167e-02
4.886399999999999945e-03,5.625000000000000833e-02
4.892799999999999233e-03,5.625000000000000833e-02
4.899199999999999389e-03,5.593750000000000111e-02
4.905599999999999544e-03,5.593750000000000111e-02
4.911999999999999700e-03,5.562500000000000777e-02
4.918399999999999855e-03,5.468750000000000000e-02
4.924799999999999144e-03,5.406249999999999944e-02
4.931199999999999299e-03,5.375000000000000611e-02
4.937599999999999455e-03,5.312500000000000555e-02
4.943999999999999610e-03,5.250000000000000500e-02
4.950399999999999766e-03,5.187500000000000444e-02
4.956799999999999921e-03,5.156250000000000416e-02
4.963199999999999210e-03,5.093750000000000361e-02
4.969599999999999365e-03,5.062500000000000333e-02
4.975999999999999521e-03,5.031250000000000305e-02
4.982399999999999676e-03,5.000000000000000278e-02
4.988799999999999832e-03,5.000000000000000278e-02
4.995199999999999987e-03,5.062500000000000333e-02
5.001599999999999276e-03,5.062500000000000333e-02
5.007999999999999431e-03,5.093750000000000361e-02
5.014399999999999587e-03,5.125000000000000389e-02
5.020799999999999742e-03,5.156250000000000416e-02
5.027199999999999898e-03,5.187500000000000444e-02
5.033599999999999186e-03,5.187500000000000444e-02
5.039999999999999342e-03,5.218750000000000472e-02
5.046399999999999497e-03,5.250000000000000500e-02
5.052799999999999653e-03,5.281250000000000527e-02
5.059199999999999808e-03,5.250000000000000500e-02
5.065599999999999964e-03,5.281250000000000527e-02
5.071999999999999252e-03,5.312500000000000555e-02
5.078399999999999408e-03,5.312500000000000555e-02
5.084799999999999563e-03,5.281250000000000527e-02
5.091199999999999719e-03,5.312500000000000555e-02
5.097599999999999874e-03,5.281250000000000527e-02
5.103999999999999163e-03,5.281250000000000527e-02
5.110399999999999318e-03,5.281250000000000527e-02
5.116799999999999474e-03,5.250000000000000500e-02
5.123199999999999629e-03,5.281250000000000527e-02
5.129599999999999785e-03,5.218750000000000472e-02
5.135999999999999940e-03,5.250000000000000500e-02
5.142399999999999229e-03,5.250000000000000500e-02
5.148799999999999384e-03,5.218750000000000472e-02
5.155199999999999540e-03,5.187500000000000444e-02
5.161599999999999695e-03,5.125000000000000389e-02
5.167999999999999851e-03,5.031250000000000305e-02
5.174399999999999139e-03,4.968750000000000250e-02
5.180799999999999295e-03,4.968750000000000250e-02
5.187199999999999450e-03,4.875000000000000167e-02
5.193599999999999606e-03,4.812500000000000111e-02
5.199999999999999761e-03,4.750000000000000056e-02
5.206399999999999917e-03,4.718750000000000722e-02
5.212799999999999205e-03,4.624999999999999944e-02
5.219199999999999361e-03,4.562500000000000583e-02
5.225599999999999516e-03,4.531250000000000555e-02
5.231999999999999672e-03,4.531250000000000555e-02
5.238399999999999827e-03,4.531250000000000555e-02
5.244799999999999116e-03,4.531250000000000555e-02
5.251199999999999271e-03,4.562500000000000583e-02
5.257599999999999427e-03,4.624999999999999944e-02
5.263999999999999582e-03,4.656250000000000666e-02
5.270399999999999738e-03,4.718750000000000722e-02
5.276799999999999893e-03,4.750000000000000056e-02
5.283199999999999182e-03,4.781250000000000777e-02
5.289599999999999337e-03,4.812500000000000111e-02
5.295999999999999493e-03,4.843750000000000139e-02
5.302399999999999648e-03,4.906250000000000194e-02
5.308799999999999804e-03,4.875000000000000167e-02
5.315199999999999959e-03,4.906250000000000194e-02
5.321599999999999248e-03,4.906250000000000194e-02
5.327999999999999403e-03,4.937500000000000222e-02
5.334399999999999559e-03,4.906250000000000194e-02
5.340799999999999714e-03,4.937500000000000222e-02
5.347199999999999870e-03,4.937500000000000222e-02
5.353599999999999158e-03,4.906250000000000194e-02
5.359999999999999314e-03,4.906250000000000194e-02
5.366399999999999469e-03,4.875000000000000167e-02
5.372799999999999625e-03,4.875000000000000167e-02
5.379199999999999780e-03,4.875000000000000167e-02
5.385599999999999936e-03,4.812500000000000111e-02
5.391999999999999224e-03,4.843750000000000139e-02
5.398399999999999380e-03,4.843750000000000139e-02
5.404799999999999535e-03,4.781250000000000777e-02
5.411199999999999691e-03,4.718750000000000722e-02
5.417599999999999846e-03,4.718750000000000722e-02
5.423999999999999135e-03,4.656250000000000666e-02
5.430399999999999290e-03,4.593750000000000611e-02
5.436799999999999446e-03,4.500000000000000527e-02
5.443199999999999601e-03,4.437500000000000472e-02
5.449599999999999757e-03,4.343750000000000389e-02
5.455999999999999912e-03,4.250000000000000305e-02
5.462399999999999201e-03,4.218750000000000278e-02
5.468799999999999356e-03,4.187500000000000250e-02
5.475199999999999512e-03,4.125000000000000194e-02
5.481599999999999667e-03,4.062500000000000139e-02
5.487999999999999823e-03,4.062500000000000139e-02
5.494399999999999111e-03,4.062500000000000139e-02
5.500799999999999267e-03,4.093750000000000167e-02
5.507199999999999422e-03,4.125000000000000194e-02
5.513599999999999578e-03,4.187500000000000250e-02
5.519999999999999733e-03,4.250000000000000305e-02
5.526399999999999889e-03,4.281250000000000333e-02
5.532799999999999177e-03,4.281250000000000333e-02
5.539199999999999333e-03,4.406250000000000444e-02
5.545599999999999488e-03,4.437500000000000472e-02
5.551999999999999644e-03,4.468750000000000500e-02
5.558399999999999799e-03,4.500000000000000527e-02
5.564799999999999955e-03,4.531250000000000555e-02
5.571199999999999243e-03,4.562500000000000583e-02
5.577599999999999399e-03,4.562500000000000583e-02
5.583999999999999554e-03,4.593750000000000611e-02
5.590399999999999710e-03,4.593750000000000611e-02
5.596799999999999865e-03,4.593750000000000611e-02
5.603199999999999154e-03,4.593750000000000611e-02
5.609599999999999309e-03,4.531250000000000555e-02
5.615999999999999465e-03,4.531250000000000555e-02
5.622399999999999620e-03,4.562500000000000583e-02
5.628799999999999776e-03,4.531250000000000555e-02
5.635199999999999931e-03,4.562500000000000583e-02
5.641599999999999220e-03,4.531250000000000555e-02
5.647999999999999375e-03,4.531250000000000555e-02
5.654399999999999531e-03,4.531250000000000555e-02
5.660799999999999686e-03,4.468750000000000500e-02
5.667199999999999842e-03,4.437500000000000472e-02
5.673599999999999130e-03,4.375000000000000416e-02
5.679999999999999286e-03,4.312500000000000361e-02
5.686399999999999441e-03,4.250000000000000305e-02
5.692799999999999597e-03,4.187500000000000250e-02
5.699199999999999752e-03,4.125000000000000194e-02
5.705599999999999908e-03,4.093750000000000167e-02
5.711999999999999196e-03,3.968750000000000056e-02
5.718399999999999352e-03,3.968750000000000056e-02
5.724799999999999507e-03,3.906250000000000000e-02
5.731199999999999663e-03,3.843750000000000638e-02
5.737599999999999818e-03,3.812500000000000611e-02
5.743999999999999106e-03,3.781250000000000583e-02
5.750399999999999262e-03,3.812500000000000611e-02
5.756799999999999418e-03,3.812500000000000611e-02
5.763199999999999573e-03,3.875000000000000666e-02
5.769599999999999729e-03,3.875000000000000666e-02
5.775999999999999884e-03,3.968750000000000056e-02
5.782399999999999173e-03,4.031250000000000111e-02
5.788799999999999328e-03,4.093750000000000167e-02
5.795199999999999484e-03,4.125000000000000194e-02
5.801599999999999639e-03,4.156250000000000222e-02
5.807999999999999795e-03,4.187500000000000250e-02
5.814399999999999950e-03,4.218750000000000278e-02
5.820799999999999239e-03,4.218750000000000278e-02
5.827199999999999394e-03,4.250000000000000305e-02
5.833599999999999550e-03,4.250000000000000305e-02
5.839999999999999705e-03,4.281250000000000333e-02
5.846399999999999861e-03,4.281250000000000333e-02
5.852799999999999149e-03,4.250000000000000305e-02
5.859199999999999305e-03,4.218750000000000278e-02
5.865599999999999460e-03,4.218750000000000278e-02
5.871999999999999616e-03,4.187500000000000250e-02
5.878399999999999771e-03,4.187500000000000250e-02
5.884799999999999927e-03,4.156250000000000222e-02
5.891199999999999215e-03,4.093750000000000167e-02
5.897599999999999371e-03,4.125000000000000194e-02
5.903999999999999526e-03,4.093750000000000167e-02
5.910399999999999682e-03,4.062500000000000139e-02
5.916799999999999837e-03,4.000000000000000083e-02
5.923199999999999125e-03,3.937500000000000722e-02
5.929599999999999281e-03,3.906250000000000000e-02
5.935999999999999437e-03,3.812500000000000611e-02
5.942399999999999592e-03,3.625000000000000444e-02
5.948799999999999748e-03,3.625000000000000444e-02
5.955199999999999903e-03,3.500000000000000333e-02
5.961599999999999192e-03,3.468750000000000305e-02
5.967999999999999347e-03,3.375000000000000222e-02
5.974399999999999503e-03,3.281250000000000139e-02
5.980799999999999658e-03,3.218750000000000083e-02
5.987199999999999814e-03,3.125000000000000000e-02
5.993599999999999102e-03,3.062500000000000291e-02
5.999999999999999258e-03,3.093750000000000319e-02
6.006399999999999413e-03,3.062500000000000291e-02
6.012799999999999569e-03,3.062500000000000291e-02
6.019199999999999724e-03,3.093750000000000319e-02
6.025599999999999880e-03,3.156250000000000028e-02
6.031999999999999168e-03,3.156250000000000028e-02
6.038399999999999324e-03,3.218750000000000083e-02
6.044799999999999479e-03,3.250000000000000111e-02
6.051199999999999635e-03,3.250000000000000111e-02
6.057599999999999790e-03,3.281250000000000139e-02
6.063999999999999946e-03,3.437500000000000278e-02
6.070399999999999234e-03,3.437500000000000278e-02
6.076799999999999390e-03,3.468750000000000305e-02
6.083199999999999545e-03,3.437500000000000278e-02
6.089599999999999701e-03,3.437500000000000278e-02
6.095999999999999856e-03,3.406250000000000250e-02
6.102399999999999144e-03,3.375000000000000222e-02
6.108799999999999300e-03,3.375000000000000222e-02
6.115199999999999456e-03,3.312500000000000167e-02
6.121599999999999611e-03,3.281250000000000139e-02
6.127999999999999767e-03,3.250000000000000111e-02
6.134399999999999922e-03,3.250000000000000111e-02
6.140799999999999211e-03,3.250000000000000111e-02
6.147199999999999366e-03,3.218750000000000083e-02
6.153599999999999522e-03,3.187500000000000056e-02
6.159999999999999677e-03,3.187500000000000056e-02
6.166399999999999833e-03,3.062500000000000291e-02
6.172799999999999121e-03,3.062500000000000291e-02
6.179199999999999277e-03,3.000000000000000236e-02
6.185599999999999432e-03,2.937500000000000527e-02
6.191999999999999588e-03,2.812500000000000416e-02
6.198399999999999743e-03,2.781250000000000389e-02
6.204799999999999899e-03,2.718750000000000333e-02
6.211199999999999187e-03,2.593750000000000222e-02
6.217599999999999343e-03,2.531250000000000167e-02
6.223999999999999498e-03,2.500000000000000139e-02
6.230399999999999654e-03,2.406250000000000056e-02
6.236799999999999809e-03,2.375000000000000375e-02
6.243199999999999097e-03,2.312500000000000319e-02
6.249599999999999253e-03,2.312500000000000319e-02
6.255999999999999409e-03,2.312500000000000319e-02
6.262399999999999564e-03,2.312500000000000319e-02
6.268799999999999720e-03,2.375000000000000375e-02
6.275199999999999875e-03,2.406250000000000056e-02
6.281599999999999163e-03,2.468750000000000111e-02
6.287999999999999319e-03,2.531250000000000167e-02
6.294399999999999475e-03,2.562500000000000194e-02
6.300799999999999630e-03,2.687500000000000305e-02
6.307199999999999786e-03,2.687500000000000305e-02
6.313599999999999074e-03,2.687500000000000305e-02
6.319999999999999230e-03,2.750000000000000361e-02
6.326399999999999385e-03,2.781250000000000389e-02
6.332799999999999541e-03,2.781250000000000389e-02
6.339199999999999696e-03,2.781250000000000389e-02
6.345599999999999852e-03,2.812500000000000416e-02
6.351999999999999140e-03,2.812500000000000416e-02
6.358399999999999296e-03,2.781250000000000389e-02
6.364799999999999451e-03,2.781250000000000389e-02
6.371199999999999607e-03,2.750000000000000361e-02
6.377599999999999762e-03,2.687500000000000305e-02
6.383999999999999918e-03,2.687500000000000305e-02
6.390399999999999206e-03,2.656250000000000278e-02
6.396799999999999362e-03,2.656250000000000278e-02
6.403199999999999517e-03,2.625000000000000250e-02
6.409599999999999673e-03,2.593750000000000222e-02
6.415999999999999828e-03,2.562500000000000194e-02
6.422399999999999116e-03,2.468750000000000111e-02
6.428799999999999272e-03,2.406250000000000056e-02
6.435199999999999428e-03,2.375000000000000375e-02
6.441599999999999583e-03,2.312500000000000319e-02
6.447999999999999739e-03,2.281250000000000291e-02
6.454399999999999894e-03,2.187500000000000555e-02
6.460799999999999182e-03,2.093750000000000472e-02
6.467199999999999338e-03,2.062500000000000444e-02
6.473599999999999494e-03,2.000000000000000389e-02
6.479999999999999649e-03,1.906250000000000305e-02
6.486399999999999805e-03,1.906250000000000305e-02
6.492799999999999093e-03,1.875000000000000278e-02
6.499199999999999249e-03,1.843750000000000250e-02
6.505599999999999404e-03,1.812500000000000222e-02
6.511999999999999560e-03,1.843750000000000250e-02
6.518399999999999715e-03,1.875000000000000278e-02
6.524799999999999871e-03,1.968750000000000361e-02
6.531199999999999159e-03,1.968750000000000361e-02
6.537599999999999315e-03,2.062500000000000444e-02
6.543999999999999470e-03,2.093750000000000472e-02
6.550399999999999626e-03,2.156250000000000527e-02
6.556799999999999781e-03,2.187500000000000555e-02
6.563199999999999069e-03,2.218750000000000236e-02
6.569599999999999225e-03,2.250000000000000264e-02
6.575999999999999381e-03,2.250000000000000264e-02
6.582399999999999536e-03,2.281250000000000291e-02
6.588799999999999692e-03,2.312500000000000319e-02
6.595199999999999847e-03,2.281250000000000291e-02
6.601599999999999135e-03,2.250000000000000264e-02
6.607999999999999291e-03,2.250000000000000264e-02
6.614399999999999447e-03,2.218750000000000236e-02
6.620799999999999602e-03,2.156250000000000527e-02
6.627199999999999758e-03,2.156250000000000527e-02
6.633599999999999913e-03,2.093750000000000472e-02
6.639999999999999201e-03,2.125000000000000500e-02
6.646399999999999357e-03,2.062500000000000444e-02
6.652799999999999513e-03,2.062500000000000444e-02
6.659199999999999668e-03,2.000000000000000389e-02
6.665599999999999824e-03,1.937500000000000333e-02
6.671999999999999112e-03,1.937500000000000333e-02
6.678399999999999267e-03,1.875000000000000278e-02
6.684799999999999423e-03,1.875000000000000278e-02
6.691199999999999579e-03,1.750000000000000167e-02
6.697599999999999734e-03,1.687500000000000458e-02
6.703999999999999890e-03,1.687500000000000458e-02
6.710399999999999178e-03,1.625000000000000402e-02
6.716799999999999334e-03,1.531250000000000319e-02
6.723199999999999489e-03,1.468750000000000264e-02
6.729599999999999645e-03,1.406250000000000208e-02
6.735999999999999800e-03,1.406250000000000208e-02
6.742399999999999088e-03,1.343750000000000153e-02
6.748799999999999244e-03,1.343750000000000153e-02
6.755199999999999400e-03,1.281250000000000444e-02
6.761599999999999555e-03,1.312500000000000125e-02
6.767999999999999711e-03,1.312500000000000125e-02
6.774399999999999866e-03,1.343750000000000153e-02
6.780799999999999154e-03,1.406250000000000208e-02
6.787199999999999310e-03,1.468750000000000264e-02
6.793599999999999466e-03,1.500000000000000291e-02
6.799999999999999621e-03,1.531250000000000319e-02
6.806399999999999777e-03,1.593750000000000375e-02
6.812799999999999065e-03,1.656250000000000430e-02
6.819199999999999220e-03,1.656250000000000430e-02
6.825599999999999376e-03,1.656250000000000430e-02
6.831999999999999532e-03,1.718750000000000139e-02
6.838399999999999687e-03,1.718750000000000139e-02
6.844799999999999843e-03,1.718750000000000139e-02
6.851199999999999131e-03,1.718750000000000139e-02
6.857599999999999286e-03,1.687500000000000458e-02
6.863999999999999442e-03,1.687500000000000458e-02
6.870399999999999598e-03,1.656250000000000430e-02
6.876799999999999753e-03,1.625000000000000402e-02
6.883199999999999041e-03,1.593750000000000375e-02
6.889599999999999197e-03,1.562500000000000347e-02
6.895999999999999353e-03,1.531250000000000319e-02
6.902399999999999508e-03,1.531250000000000319e-02
6.908799999999999664e-03,1.500000000000000291e-02
6.915199999999999819e-03,1.468750000000000264e-02
6.921599999999999107e-03,1.437500000000000236e-02
6.927999999999999263e-03,1.375000000000000180e-02
6.934399999999999419e-03,1.375000000000000180e-02
6.940799999999999574e-03,1.312500000000000125e-02
6.947199999999999730e-03,1.281250000000000444e-02
6.953599999999999885e-03,1.250000000000000416e-02
6.959999999999999173e-03,1.187500000000000361e-02
6.966399999999999329e-03,1.156250000000000333e-02
6.972799999999999485e-03,1.093750000000000278e-02
6.979199999999999640e-03,1.062500000000000250e-02
6.985599999999999796e-03,1.000000000000000194e-02
6.991999999999999084e-03,9.687500000000001665e-03
6.998399999999999239e-03,9.687500000000001665e-03
7.004799999999999395e-03,9.687500000000001665e-03
7.011199999999999551e-03,9.375000000000001388e-03
7.017599999999999706e-03,9.062500000000001110e-03
7.023999999999999862e-03,9.062500000000001110e-03
7.030399999999999150e-03,9.375000000000001388e-03
7.036799999999999305e-03,9.687500000000001665e-03
7.043199999999999461e-03,1.000000000000000194e-02
7.049599999999999617e-03,1.031250000000000222e-02
7.055999999999999772e-03,1.031250000000000222e-02
7.062399999999999060e-03,1.062500000000000250e-02
7.068799999999999216e-03,1.125000000000000305e-02
7.075199999999999372e-03,1.125000000000000305e-02
7.081599999999999527e-03,1.125000000000000305e-02
7.087999999999999683e-03,1.125000000000000305e-02
7.094399999999999838e-03,1.093750000000000278e-02
7.100799999999999126e-03,1.125000000000000305e-02
7.107199999999999282e-03,1.093750000000000278e-02
7.113599999999999438e-03,1.031250000000000222e-02
7.119999999999999593e-03,1.062500000000000250e-02
7.126399999999999749e-03,1.000000000000000194e-02
7.132799999999999037e-03,1.000000000000000194e-02
7.139199999999999192e-03,9.687500000000001665e-03
7.145599999999999348e-03,9.687500000000001665e-03
7.151999999999999504e-03,9.375000000000001388e-03
7.158399999999999659e-03,9.687500000000001665e-03
7.164799999999999815e-03,9.375000000000001388e-03
7.171199999999999103e-03,8.750000000000004302e-03
7.177599999999999258e-03,8.437500000000004025e-03
7.183999999999999414e-03,8.125000000000003747e-03
7.190399999999999570e-03,8.125000000000003747e-03
7.196799999999999725e-03,7.500000000000003192e-03
7.203199999999999881e-03,7.500000000000003192e-03
7.209599999999999169e-03,7.187500000000002914e-03
7.215999999999999324e-03,7.187500000000002914e-03
7.222399999999999480e-03,7.187500000000002914e-03
7.228799999999999636e-03,6.875000000000002637e-03
7.235199999999999791e-03,6.562500000000002359e-03
7.241599999999999079e-03,6.875000000000002637e-03
7.247999999999999235e-03,6.562500000000002359e-03
7.254399999999999391e-03,6.250000000000002082e-03
7.260799999999999546e-03,6.250000000000002082e-03
7.267199999999999702e-03,5.937500000000001804e-03
7.273599999999999857e-03,5.625000000000001527e-03
7.279999999999999145e-03,5.937500000000001804e-03
7.286399999999999301e-03,5.937500000000001804e-03
7.292799999999999457e-03,5.937500000000001804e-03
7.299199999999999612e-03,5.937500000000001804e-03
7.305599999999999768e-03,6.250000000000002082e-03
7.311999999999999056e-03,6.562500000000002359e-03
7.318399999999999211e-03,6.250000000000002082e-03
7.324799999999999367e-03,6.562500000000002359e-03
7.331199999999999523e-03,6.250000000000002082e-03
7.337599999999999678e-03,6.562500000000002359e-03
7.343999999999999834e-03,6.250000000000002082e-03
7.350399999999999122e-03,5.937500000000001804e-03
7.356799999999999277e-03,5.937500000000001804e-03
7.363199999999999433e-03,5.937500000000001804e-03
7.369599999999999589e-03,5.625000000000001527e-03
7.375999999999999744e-03,5.625000000000001527e-03
7.382399999999999032e-03,5.312500000000001249e-03
7.388799999999999188e-03,5.312500000000001249e-03
7.395199999999999343e-03,5.625000000000001527e-03
7.401599999999999499e-03,5.000000000000004441e-03
7.407999999999999655e-03,5.000000000000004441e-03
7.414399999999999810e-03,4.687500000000004163e-03
7.420799999999999098e-03,4.687500000000004163e-03
7.427199999999999254e-03,4.687500000000004163e-03
7.433599999999999410e-03,4.687500000000004163e-03
7.439999999999999565e-03,5.000000000000004441e-03
7.446399999999999721e-03,4.687500000000004163e-03
7.452799999999999876e-03,5.000000000000004441e-03
7.459199999999999164e-03,5.000000000000004441e-03
7.465599999999999320e-03,5.312500000000001249e-03
7.471999999999999476e-03,5.625000000000001527e-03
7.478399999999999631e-03,5.312500000000001249e-03
7.484799999999999787e-03,5.937500000000001804e-03
7.491199999999999075e-03,6.250000000000002082e-03
7.497599999999999230e-03,6.562500000000002359e-03
7.503999999999999386e-03,6.250000000000002082e-03
7.510399999999999542e-03,6.562500000000002359e-03
7.516799999999999697e-03,6.250000000000002082e-03
7.523199999999999853e-03,6.250000000000002082e-03
7.529599999999999141e-03,6.250000000000002082e-03
7.535999999999999296e-03,5.312500000000001249e-03
7.542399999999999452e-03,5.625000000000001527e-03
7.548799999999999608e-03,5.625000000000001527e-03
7.555199999999999763e-03,5.312500000000001249e-03
7.561599999999999051e-03,5.312500000000001249e-03
7.567999999999999207e-03,5.312500000000001249e-03
7.574399999999999362e-03,5.625000000000001527e-03
7.580799999999999518e-03,5.000000000000004441e-03
7.587199999999999674e-03,5.000000000000004441e-03
7.593599999999999829e-03,5.000000000000004441e-03
7.599999999999999117e-03,4.687500000000004163e-03
7.606399999999999273e-03,4.687500000000004163e-03
7.612799999999999429e-03,4.687500000000004163e-03
7.619199999999999584e-03,4.375000000000003886e-03
7.625599999999999740e-03,4.687500000000004163e-03
7.631999999999999028e-03,4.375000000000003886e-03
7.638399999999999183e-03,4.687500000000004163e-03
7.644799999999999339e-03,4.375000000000003886e-03
7.651199999999999495e-03,4.375000000000003886e-03
7.657599999999999650e-03,4.687500000000004163e-03
7.663999999999999806e-03,4.375000000000003886e-03
7.670399999999999094e-03,4.687500000000004163e-03
7.676799999999999249e-03,4.375000000000003886e-03
7.683199999999999405e-03,4.687500000000004163e-03
7.689599999999999561e-03,4.687500000000004163e-03
7.695999999999999716e-03,5.000000000000004441e-03
7.702399999999999872e-03,5.312500000000001249e-03
7.708799999999999160e-03,5.312500000000001249e-03
7.715199999999999315e-03,5.937500000000001804e-03
7.721599999999999471e-03,5.937500000000001804e-03
7.727999999999999627e-03,6.562500000000002359e-03
7.734399999999998915e-03,6.875000000000002637e-03
7.740799999999999070e-03,7.187500000000002914e-03
7.747199999999999226e-03,7.187500000000002914e-03
7.753599999999999381e-03,7.500000000000003192e-03
7.759999999999999537e-03,7.812500000000003469e-03
7.766399999999999693e-03,7.812500000000003469e-03
7.772799999999999848e-03,7.187500000000002914e-03
7.779200000000000004e-03,7.187500000000002914e-03
7.785600000000000159e-03,7.187500000000002914e-03
7.791999999999998580e-03,6.875000000000002637e-03
7.798399999999998736e-03,6.562500000000002359e-03
7.804799999999998891e-03,6.562500000000002359e-03
7.811199999999999047e-03,6.562500000000002359e-03
7.817599999999999202e-03,6.250000000000002082e-03
7.823999999999999358e-03,5.937500000000001804e-03
7.830399999999999514e-03,6.250000000000002082e-03
7.836799999999999669e-03,5.625000000000001527e-03
7.843199999999999825e-03,5.625000000000001527e-03
7.849599999999999980e-03,5.625000000000001527e-03
7.856000000000000136e-03,5.312500000000001249e-03
7.862400000000000291e-03,5.312500000000001249e-03
7.868799999999998712e-03,5.312500000000001249e-03
7.875199999999998868e-03,5.000000000000004441e-03
7.881599999999999023e-03,5.312500000000001249e-03
7.887999999999999179e-03,5.000000000000004441e-03
7.894399999999999334e-03,5.000000000000004441e-03
7.900799999999999490e-03,5.000000000000004441e-03
7.907199999999999646e-03,4.687500000000004163e-03
7.913599999999999801e-03,4.687500000000004163e-03
7.919999999999999957e-03,5.000000000000004441e-03
7.926400000000000112e-03,4.375000000000003886e-03
7.932800000000000268e-03,4.687500000000004163e-03
7.939199999999998689e-03,4.687500000000004163e-03
7.945599999999998844e-03,5.000000000000004441e-03
7.951999999999999000e-03,5.312500000000001249e-03
7.958399999999999155e-03,5.625000000000001527e-03
7.964799999999999311e-03,5.625000000000001527e-03
7.971199999999999466e-03,6.250000000000002082e-03
7.977599999999999622e-03,6.562500000000002359e-03
7.983999999999999778e-03,6.562500000000002359e-03
7.990399999999999933e-03,6.875000000000002637e-03
7.996800000000000089e-03,7.187500000000002914e-03
8.003200000000000244e-03,7.187500000000002914e-03
8.009599999999998665e-03,7.500000000000003192e-03
8.015999999999998821e-03,7.187500000000002914e-03
8.022399999999998976e-03,7.500000000000003192e-03
8.028799999999999132e-03,7.187500000000002914e-03
8.035199999999999287e-03,6.875000000000002637e-03
8.041599999999999443e-03,6.875000000000002637e-03
8.047999999999999599e-03,6.562500000000002359e-03
8.054399999999999754e-03,6.250000000000002082e-03
8.060799999999999910e-03,5.937500000000001804e-03
8.067200000000000065e-03,5.937500000000001804e-03
8.073600000000000221e-03,5.937500000000001804e-03
8.079999999999998642e-03,5.937500000000001804e-03
8.086399999999998797e-03,5.937500000000001804e-03
8.092799999999998953e-03,5.625000000000001527e-03
8.099199999999999108e-03,5.625000000000001527e-03
8.105599999999999264e-03,5.312500000000001249e-03
8.111999999999999419e-03,5.312500000000001249e-03
8.118399999999999575e-03,5.000000000000004441e-03
8.124799999999999731e-03,5.000000000000004441e-03
8.131199999999999886e-03,5.000000000000004441e-03
8.137600000000000042e-03,5.312500000000001249e-03
8.144000000000000197e-03,4.687500000000004163e-03
8.150399999999998618e-03,5.000000000000004441e-03
8.156799999999998774e-03,4.687500000000004163e-03
8.163199999999998929e-03,4.687500000000004163e-03
8.169599999999999085e-03,4.687500000000004163e-03
8.175999999999999240e-03,4.687500000000004163e-03
8.182399999999999396e-03,4.687500000000004163e-03
8.188799999999999552e-03,5.000000000000004441e-03
8.195199999999999707e-03,5.000000000000004441e-03
8.201599999999999863e-03,5.000000000000004441e-03
8.208000000000000018e-03,5.312500000000001249e-03
8.214400000000000174e-03,5.312500000000001249e-03
8.220799999999998595e-03,5.625000000000001527e-03
8.227199999999998750e-03,5.937500000000001804e-03
8.233599999999998906e-03,6.562500000000002359e-03
8.239999999999999061e-03,6.875000000000002637e-03
8.246399999999999217e-03,7.187500000000002914e-03
8.252799999999999372e-03,7.187500000000002914e-03
8.259199999999999528e-03,7.500000000000003192e-03
8.265599999999999684e-03,7.500000000000003192e-03
8.271999999999999839e-03,7.500000000000003192e-03
8.278399999999999995e-03,7.500000000000003192e-03
8.284800000000000150e-03,7.187500000000002914e-03
8.291199999999998571e-03,7.187500000000002914e-03
8.297599999999998727e-03,6.875000000000002637e-03
8.303999999999998882e-03,6.562500000000002359e-03
8.310399999999999038e-03,6.562500000000002359e-03
8.316799999999999193e-03,6.562500000000002359e-03
8.323199999999999349e-03,6.562500000000002359e-03
8.329599999999999504e-03,6.250000000000002082e-03
8.335999999999999660e-03,5.625000000000001527e-03
8.342399999999999816e-03,5.625000000000001527e-03
8.348799999999999971e-03,5.625000000000001527e-03
8.355200000000000127e-03,5.312500000000001249e-03
8.361599999999998548e-03,5.312500000000001249e-03
8.367999999999998703e-03,5.312500000000001249e-03
8.374399999999998859e-03,5.000000000000004441e-03
8.380799999999999014e-03,5.000000000000004441e-03
8.387199999999999170e-03,5.312500000000001249e-03
8.393599999999999325e-03,5.000000000000004441e-03
8.399999999999999481e-03,5.000000000000004441e-03
8.406399999999999637e-03,5.000000000000004441e-03
8.412799999999999792e-03,4.687500000000004163e-03
8.419199999999999948e-03,4.687500000000004163e-03
8.425600000000000103e-03,5.000000000000004441e-03
8.432000000000000259e-03,4.687500000000004163e-03
8.438399999999998680e-03,4.687500000000004163e-03
8.444799999999998835e-03,5.000000000000004441e-03
8.451199999999998991e-03,5.312500000000001249e-03
8.457599999999999146e-03,5.312500000000001249e-03
8.463999999999999302e-03,5.625000000000001527e-03
8.470399999999999457e-03,6.250000000000002082e-03
8.476799999999999613e-03,5.937500000000001804e-03
8.483199999999999769e-03,6.562500000000002359e-03
8.489599999999999924e-03,6.875000000000002637e-03
8.496000000000000080e-03,7.187500000000002914e-03
8.502400000000000235e-03,7.500000000000003192e-03
8.508799999999998656e-03,7.500000000000003192e-03
8.515199999999998812e-03,7.812500000000003469e-03
8.521599999999998967e-03,7.812500000000003469e-03
8.527999999999999123e-03,7.500000000000003192e-03
8.534399999999999278e-03,7.812500000000003469e-03
8.540799999999999434e-03,7.500000000000003192e-03
8.547199999999999590e-03,7.187500000000002914e-03
8.553599999999999745e-03,7.187500000000002914e-03
8.559999999999999901e-03,6.875000000000002637e-03
8.566400000000000056e-03,6.562500000000002359e-03
8.572800000000000212e-03,6.562500000000002359e-03
8.579199999999998633e-03,6.250000000000002082e-03
8.585599999999998788e-03,6.250000000000002082e-03
8.591999999999998944e-03,5.937500000000001804e-03
8.598399999999999099e-03,5.937500000000001804e-03
8.604799999999999255e-03,5.937500000000001804e-03
8.611199999999999410e-03,5.625000000000001527e-03
8.617599999999999566e-03,5.312500000000001249e-03
8.623999999999999722e-03,5.312500000000001249e-03
8.630399999999999877e-03,5.312500000000001249e-03
8.636800000000000033e-03,5.000000000000004441e-03
8.643200000000000188e-03,5.312500000000001249e-03
8.649599999999998609e-03,5.000000000000004441e-03
8.655999999999998765e-03,5.312500000000001249e-03
8.662399999999998920e-03,5.000000000000004441e-03
8.668799999999999076e-03,5.312500000000001249e-03
8.675199999999999231e-03,5.000000000000004441e-03
8.681599999999999387e-03,5.000000000000004441e-03
8.687999999999999542e-03,5.000000000000004441e-03
8.694399999999999698e-03,5.000000000000004441e-03
8.700799999999999854e-03,5.000000000000004441e-03
8.707200000000000009e-03,5.312500000000001249e-03
8.713600000000000165e-03,5.312500000000001249e-03
8.719999999999998586e-03,6.250000000000002082e-03
8.726399999999998741e-03,6.250000000000002082e-03
8.732799999999998897e-03,6.562500000000002359e-03
8.739199999999999052e-03,7.500000000000003192e-03
8.745599999999999208e-03,7.500000000000003192e-03
8.751999999999999363e-03,8.125000000000003747e-03
8.758399999999999519e-03,8.125000000000003747e-03
8.764799999999999675e-03,8.437500000000004025e-03
8.771199999999999830e-03,8.750000000000004302e-03
8.777599999999999986e-03,9.062500000000001110e-03
8.784000000000000141e-03,8.750000000000004302e-03
8.790399999999998562e-03,8.750000000000004302e-03
8.796799999999998718e-03,8.125000000000003747e-03
8.803199999999998873e-03,8.437500000000004025e-03
8.809599999999999029e-03,7.812500000000003469e-03
8.815999999999999184e-03,7.187500000000002914e-03
8.822399999999999340e-03,7.187500000000002914e-03
8.828799999999999495e-03,7.187500000000002914e-03
8.835199999999999651e-03,6.875000000000002637e-03
8.841599999999999807e-03,6.562500000000002359e-03
8.847999999999999962e-03,6.875000000000002637e-03
8.854400000000000118e-03,6.562500000000002359e-03
8.860799999999998539e-03,6.562500000000002359e-03
8.867199999999998694e-03,6.250000000000002082e-03
8.873599999999998850e-03,5.937500000000001804e-03
8.879999999999999005e-03,6.250000000000002082e-03
8.886399999999999161e-03,5.937500000000001804e-03
8.892799999999999316e-03,5.937500000000001804e-03
8.899199999999999472e-03,6.250000000000002082e-03
8.905599999999999627e-03,6.250000000000002082e-03
8.911999999999999783e-03,6.250000000000002082e-03
8.918399999999999939e-03,6.250000000000002082e-03
8.924800000000000094e-03,6.562500000000002359e-03
8.931200000000000250e-03,6.562500000000002359e-03
8.937599999999998671e-03,6.875000000000002637e-03
8.943999999999998826e-03,6.875000000000002637e-03
8.950399999999998982e-03,7.187500000000002914e-03
8.956799999999999137e-03,7.500000000000003192e-03
8.963199999999999293e-03,8.125000000000003747e-03
8.969599999999999448e-03,8.437500000000004025e-03
8.975999999999999604e-03,8.750000000000004302e-03
8.982399999999999760e-03,9.687500000000001665e-03
8.988799999999999915e-03,1.000000000000000194e-02
8.995200000000000071e-03,1.031250000000000222e-02
9.001600000000000226e-03,1.125000000000000305e-02
9.007999999999998647e-03,1.156250000000000333e-02
9.014399999999998803e-03,1.250000000000000416e-02
9.020799999999998958e-03,1.312500000000000125e-02
9.027199999999999114e-03,1.343750000000000153e-02
9.033599999999999269e-03,1.375000000000000180e-02
9.039999999999999425e-03,1.312500000000000125e-02
9.046399999999999580e-03,1.343750000000000153e-02
9.052799999999999736e-03,1.312500000000000125e-02
9.059199999999999892e-03,1.250000000000000416e-02
9.065600000000000047e-03,1.218750000000000389e-02
9.072000000000000203e-03,1.218750000000000389e-02
9.078399999999998624e-03,1.156250000000000333e-02
9.084799999999998779e-03,1.156250000000000333e-02
9.091199999999998935e-03,1.125000000000000305e-02
9.097599999999999090e-03,1.093750000000000278e-02
9.103999999999999246e-03,1.093750000000000278e-02
9.110399999999999401e-03,1.031250000000000222e-02
9.116799999999999557e-03,1.031250000000000222e-02
9.123199999999999713e-03,1.062500000000000250e-02
9.129599999999999868e-03,1.031250000000000222e-02
9.136000000000000024e-03,1.062500000000000250e-02
9.142400000000000179e-03,1.062500000000000250e-02
9.148799999999998600e-03,1.125000000000000305e-02
9.155199999999998756e-03,1.156250000000000333e-02
9.161599999999998911e-03,1.156250000000000333e-02
9.167999999999999067e-03,1.218750000000000389e-02
9.174399999999999222e-03,1.218750000000000389e-02
9.180799999999999378e-03,1.250000000000000416e-02
9.187199999999999533e-03,1.250000000000000416e-02
9.193599999999999689e-03,1.312500000000000125e-02
9.199999999999999845e-03,1.375000000000000180e-02
9.206400000000000000e-03,1.468750000000000264e-02
9.212800000000000156e-03,1.562500000000000347e-02
9.219199999999998577e-03,1.593750000000000375e-02
9.225599999999998732e-03,1.656250000000000430e-02
9.231999999999998888e-03,1.718750000000000139e-02
9.238399999999999043e-03,1.812500000000000222e-02
9.244799999999999199e-03,1.968750000000000361e-02
9.251199999999999354e-03,1.968750000000000361e-02
9.257599999999999510e-03,2.125000000000000500e-02
9.263999999999999665e-03,2.187500000000000555e-02
9.270399999999999821e-03,2.250000000000000264e-02
9.276799999999999977e-03,2.312500000000000319e-02
9.283200000000000132e-03,2.375000000000000375e-02
9.289599999999998553e-03,2.375000000000000375e-02
9.295999999999998709e-03,2.406250000000000056e-02
9.302399999999998864e-03,2.375000000000000375e-02
9.308799999999999020e-03,2.375000000000000375e-02
9.315199999999999175e-03,2.312500000000000319e-02
9.321599999999999331e-03,2.250000000000000264e-02
9.327999999999999486e-03,2.218750000000000236e-02
9.334399999999999642e-03,2.187500000000000555e-02
9.340799999999999798e-03,2.156250000000000527e-02
9.347199999999999953e-03,2.156250000000000527e-02
9.353600000000000109e-03,2.125000000000000500e-02
9.359999999999998530e-03,2.093750000000000472e-02
9.366399999999998685e-03,2.093750000000000472e-02
9.372799999999998841e-03,2.062500000000000444e-02
9.379199999999998996e-03,2.125000000000000500e-02
9.385599999999999152e-03,2.156250000000000527e-02
9.391999999999999307e-03,2.156250000000000527e-02
9.398399999999999463e-03,2.156250000000000527e-02
9.404799999999999618e-03,2.250000000000000264e-02
9.411199999999999774e-03,2.312500000000000319e-02
9.417599999999999930e-03,2.312500000000000319e-02
9.424000000000000085e-03,2.375000000000000375e-02
9.430399999999998506e-03,2.406250000000000056e-02
9.436799999999998662e-03,2.406250000000000056e-02
9.443199999999998817e-03,2.437500000000000083e-02
9.449599999999998973e-03,2.531250000000000167e-02
9.455999999999999128e-03,2.593750000000000222e-02
9.462399999999999284e-03,2.656250000000000278e-02
9.468799999999999439e-03,2.750000000000000361e-02
9.475199999999999595e-03,2.843750000000000444e-02
9.481599999999999751e-03,2.875000000000000472e-02
9.487999999999999906e-03,3.031250000000000264e-02
9.494400000000000062e-03,3.031250000000000264e-02
9.500800000000000217e-03,3.156250000000000028e-02
9.507199999999998638e-03,3.218750000000000083e-02
9.513599999999998794e-03,3.281250000000000139e-02
9.519999999999998949e-03,3.375000000000000222e-02
9.526399999999999105e-03,3.437500000000000278e-02
9.532799999999999260e-03,3.437500000000000278e-02
9.539199999999999416e-03,3.500000000000000333e-02
9.545599999999999571e-03,3.531250000000000361e-02
9.551999999999999727e-03,3.500000000000000333e-02
9.558399999999999883e-03,3.468750000000000305e-02
9.564800000000000038e-03,3.406250000000000250e-02
9.571200000000000194e-03,3.437500000000000278e-02
9.577599999999998615e-03,3.343750000000000194e-02
9.583999999999998770e-03,3.250000000000000111e-02
9.590399999999998926e-03,3.218750000000000083e-02
9.596799999999999081e-03,3.156250000000000028e-02
9.603199999999999237e-03,3.093750000000000319e-02
9.609599999999999392e-03,3.062500000000000291e-02
9.615999999999999548e-03,3.062500000000000291e-02
9.622399999999999703e-03,3.031250000000000264e-02
9.628799999999999859e-03,3.000000000000000236e-02
9.635200000000000015e-03,3.031250000000000264e-02
9.641600000000000170e-03,3.000000000000000236e-02
9.647999999999998591e-03,3.000000000000000236e-02
9.654399999999998747e-03,3.062500000000000291e-02
9.660799999999998902e-03,3.093750000000000319e-02
9.667199999999999058e-03,3.093750000000000319e-02
9.673599999999999213e-03,3.093750000000000319e-02
9.679999999999999369e-03,3.156250000000000028e-02
9.686399999999999524e-03,3.125000000000000000e-02
9.692799999999999680e-03,3.156250000000000028e-02
9.699199999999999836e-03,3.187500000000000056e-02
9.705599999999999991e-03,3.187500000000000056e-02
9.712000000000000147e-03,3.250000000000000111e-02
9.718399999999998568e-03,3.281250000000000139e-02
9.724799999999998723e-03,3.406250000000000250e-02
9.731199999999998879e-03,3.406250000000000250e-02
9.737599999999999034e-03,3.531250000000000361e-02
9.743999999999999190e-03,3.562500000000000389e-02
9.750399999999999345e-03,3.656250000000000472e-02
9.756799999999999501e-03,3.687500000000000500e-02
9.763199999999999656e-03,3.750000000000000555e-02
9.769599999999999812e-03,3.781250000000000583e-02
9.775999999999999968e-03,3.875000000000000666e-02
9.782400000000000123e-03,3.875000000000000666e-02
9.788799999999998544e-03,3.968750000000000056e-02
9.795199999999998700e-03,3.937500000000000722e-02
9.801599999999998855e-03,3.937500000000000722e-02
9.807999999999999011e-03,3.906250000000000000e-02
9.814399999999999166e-03,3.812500000000000611e-02
9.820799999999999322e-03,3.812500000000000611e-02
9.827199999999999477e-03,3.656250000000000472e-02
9.833599999999999633e-03,3.625000000000000444e-02
9.839999999999999789e-03,3.562500000000000389e-02
9.846399999999999944e-03,3.500000000000000333e-02
9.852800000000000100e-03,3.437500000000000278e-02
9.859199999999998520e-03,3.437500000000000278e-02
9.865599999999998676e-03,3.343750000000000194e-02
9.871999999999998832e-03,3.312500000000000167e-02
9.878399999999998987e-03,3.312500000000000167e-02
9.884799999999999143e-03,3.281250000000000139e-02
9.891199999999999298e-03,3.281250000000000139e-02
9.897599999999999454e-03,3.312500000000000167e-02
9.903999999999999609e-03,3.312500000000000167e-02
9.910399999999999765e-03,3.312500000000000167e-02
9.916799999999999921e-03,3.312500000000000167e-02
9.923200000000000076e-03,3.343750000000000194e-02
9.929599999999998497e-03,3.343750000000000194e-02
9.935999999999998653e-03,3.343750000000000194e-02
9.942399999999998808e-03,3.343750000000000194e-02
9.948799999999998964e-03,3.375000000000000222e-02
9.955199999999999119e-03,3.406250000000000250e-02
9.961599999999999275e-03,3.437500000000000278e-02
9.967999999999999430e-03,3.437500000000000278e-02
9.974399999999999586e-03,3.531250000000000361e-02
9.980799999999999741e-03,3.593750000000000416e-02
9.987199999999999897e-03,3.593750000000000416e-02
9.993600000000000053e-03,3.687500000000000500e-02
9.999999999999998473e-03,3.718750000000000527e-02
1.000639999999999863e-02,3.781250000000000583e-02
1.001279999999999878e-02,3.812500000000000611e-02
1.001919999999999894e-02,3.875000000000000666e-02
1.002559999999999910e-02,3.968750000000000056e-02
1.003199999999999925e-02,3.968750000000000056e-02
1.003839999999999941e-02,4.031250000000000111e-02
1.004479999999999956e-02,4.062500000000000139e-02
1.005119999999999972e-02,4.031250000000000111e-02
1.005759999999999987e-02,4.031250000000000111e-02
1.006400000000000003e-02,4.000000000000000083e-02
1.007040000000000018e-02,3.937500000000000722e-02
1.007679999999999861e-02,3.812500000000000611e-02
1.008319999999999876e-02,3.781250000000000583e-02
1.008959999999999892e-02,3.718750000000000527e-02
1.009599999999999907e-02,3.625000000000000444e-02
1.010239999999999923e-02,3.562500000000000389e-02
1.010879999999999938e-02,3.531250000000000361e-02
1.011519999999999954e-02,3.468750000000000305e-02
1.012159999999999969e-02,3.437500000000000278e-02
1.012799999999999985e-02,3.406250000000000250e-02
1.013440000000000001e-02,3.343750000000000194e-02
1.014080000000000016e-02,3.375000000000000222e-02
1.014719999999999858e-02,3.343750000000000194e-02
1.015359999999999874e-02,3.343750000000000194e-02
1.015999999999999889e-02,3.375000000000000222e-02
1.016639999999999905e-02,3.437500000000000278e-02
1.017279999999999920e-02,3.437500000000000278e-02
1.017919999999999936e-02,3.468750000000000305e-02
1.018559999999999952e-02,3.468750000000000305e-02
1.019199999999999967e-02,3.500000000000000333e-02
1.019839999999999983e-02,3.500000000000000333e-02
1.020479999999999998e-02,3.531250000000000361e-02
1.021120000000000014e-02,3.593750000000000416e-02
1.021759999999999856e-02,3.593750000000000416e-02
1.022399999999999871e-02,3.656250000000000472e-02
1.023039999999999887e-02,3.718750000000000527e-02
1.023679999999999903e-02,3.750000000000000555e-02
1.024319999999999918e-02,3.812500000000000611e-02
1.024959999999999934e-02,3.875000000000000666e-02
1.025599999999999949e-02,3.937500000000000722e-02
1.026239999999999965e-02,4.031250000000000111e-02
1.026879999999999980e-02,4.062500000000000139e-02
1.027519999999999996e-02,4.093750000000000167e-02
1.028160000000000011e-02,4.156250000000000222e-02
1.028799999999999853e-02,4.187500000000000250e-02
1.029439999999999869e-02,4.218750000000000278e-02
1.030079999999999885e-02,4.250000000000000305e-02
1.030719999999999900e-02,4.250000000000000305e-02
1.031359999999999916e-02,4.218750000000000278e-02
1.031999999999999931e-02,4.187500000000000250e-02
1.032639999999999947e-02,4.125000000000000194e-02
1.033279999999999962e-02,4.031250000000000111e-02
1.033919999999999978e-02,4.000000000000000083e-02
1.034559999999999994e-02,3.937500000000000722e-02
1.035200000000000009e-02,3.906250000000000000e-02
1.035839999999999851e-02,3.843750000000000638e-02
1.036479999999999867e-02,3.812500000000000611e-02
1.037119999999999882e-02,3.750000000000000555e-02
1.037759999999999898e-02,3.718750000000000527e-02
1.038399999999999913e-02,3.687500000000000500e-02
1.039039999999999929e-02,3.656250000000000472e-02
1.039679999999999944e-02,3.625000000000000444e-02
1.040319999999999960e-02,3.656250000000000472e-02
1.040959999999999976e-02,3.687500000000000500e-02
1.041599999999999991e-02,3.687500000000000500e-02
1.042240000000000007e-02,3.750000000000000555e-02
1.042879999999999849e-02,3.781250000000000583e-02
1.043519999999999864e-02,3.812500000000000611e-02
1.044159999999999880e-02,3.812500000000000611e-02
1.044799999999999895e-02,3.843750000000000638e-02
1.045439999999999911e-02,3.843750000000000638e-02
1.046079999999999927e-02,3.875000000000000666e-02
1.046719999999999942e-02,3.937500000000000722e-02
1.047359999999999958e-02,3.968750000000000056e-02
1.047999999999999973e-02,4.031250000000000111e-02
1.048639999999999989e-02,4.062500000000000139e-02
1.049280000000000004e-02,4.093750000000000167e-02
1.049919999999999846e-02,4.218750000000000278e-02
1.050559999999999862e-02,4.250000000000000305e-02
1.051199999999999878e-02,4.281250000000000333e-02
1.051839999999999893e-02,4.343750000000000389e-02
1.052479999999999909e-02,4.406250000000000444e-02
1.053119999999999924e-02,4.437500000000000472e-02
1.053759999999999940e-02,4.500000000000000527e-02
1.054399999999999955e-02,4.531250000000000555e-02
1.055039999999999971e-02,4.593750000000000611e-02
1.055679999999999986e-02,4.624999999999999944e-02
1.056320000000000002e-02,4.624999999999999944e-02
1.056959999999999844e-02,4.593750000000000611e-02
1.057599999999999860e-02,4.593750000000000611e-02
1.058239999999999875e-02,4.500000000000000527e-02
1.058879999999999891e-02,4.468750000000000500e-02
1.059519999999999906e-02,4.437500000000000472e-02
1.060159999999999922e-02,4.406250000000000444e-02
1.060799999999999937e-02,4.375000000000000416e-02
1.061439999999999953e-02,4.312500000000000361e-02
1.062079999999999969e-02,4.312500000000000361e-02
1.062719999999999984e-02,4.312500000000000361e-02
1.063360000000000000e-02,4.281250000000000333e-02
1.064000000000000015e-02,4.281250000000000333e-02
1.064639999999999857e-02,4.281250000000000333e-02
1.065279999999999873e-02,4.312500000000000361e-02
1.065919999999999888e-02,4.343750000000000389e-02
1.066559999999999904e-02,4.343750000000000389e-02
1.067199999999999920e-02,4.406250000000000444e-02
1.067839999999999935e-02,4.437500000000000472e-02
1.068479999999999951e-02,4.468750000000000500e-02
1.069119999999999966e-02,4.468750000000000500e-02
1.069759999999999982e-02,4.531250000000000555e-02
1.070399999999999997e-02,4.562500000000000583e-02
1.071040000000000013e-02,4.593750000000000611e-02
1.071679999999999855e-02,4.593750000000000611e-02
1.072319999999999870e-02,4.656250000000000666e-02
1.072959999999999886e-02,4.718750000000000722e-02
1.073599999999999902e-02,4.781250000000000777e-02
1.074239999999999917e-02,4.843750000000000139e-02
1.074879999999999933e-02,4.875000000000000167e-02
1.075519999999999948e-02,4.875000000000000167e-02
1.076159999999999964e-02,4.875000000000000167e-02
1.076799999999999979e-02,5.000000000000000278e-02
1.077439999999999995e-02,5.000000000000000278e-02
1.078080000000000011e-02,5.062500000000000333e-02
1.078719999999999853e-02,5.125000000000000389e-02
1.079359999999999868e-02,5.156250000000000416e-02
1.079999999999999884e-02,5.187500000000000444e-02
1.080639999999999899e-02,5.187500000000000444e-02
1.081279999999999915e-02,5.187500000000000444e-02
1.081919999999999930e-02,5.218750000000000472e-02
1.082559999999999946e-02,5.187500000000000444e-02
1.083199999999999961e-02,5.156250000000000416e-02
1.083839999999999977e-02,5.156250000000000416e-02
1.084479999999999993e-02,5.062500000000000333e-02
1.085120000000000008e-02,5.093750000000000361e-02
1.085759999999999850e-02,5.000000000000000278e-02
1.086399999999999866e-02,5.000000000000000278e-02
1.087039999999999881e-02,4.937500000000000222e-02
1.087679999999999897e-02,4.937500000000000222e-02
1.088319999999999912e-02,4.906250000000000194e-02
1.088959999999999928e-02,4.906250000000000194e-02
1.089599999999999944e-02,4.875000000000000167e-02
1.090239999999999959e-02,4.906250000000000194e-02
1.090879999999999975e-02,4.906250000000000194e-02
1.091519999999999990e-02,4.906250000000000194e-02
1.092160000000000006e-02,4.937500000000000222e-02
1.092799999999999848e-02,4.968750000000000250e-02
1.093439999999999863e-02,5.031250000000000305e-02
1.094079999999999879e-02,5.031250000000000305e-02
1.094719999999999895e-02,5.031250000000000305e-02
1.095359999999999910e-02,5.062500000000000333e-02
1.095999999999999926e-02,5.062500000000000333e-02
1.096639999999999941e-02,5.093750000000000361e-02
1.097279999999999957e-02,5.156250000000000416e-02
1.097919999999999972e-02,5.156250000000000416e-02
1.098559999999999988e-02,5.187500000000000444e-02
1.099200000000000003e-02,5.218750000000000472e-02
1.099839999999999846e-02,5.218750000000000472e-02
1.100479999999999861e-02,5.281250000000000527e-02
1.101119999999999877e-02,5.281250000000000527e-02
1.101759999999999892e-02,5.281250000000000527e-02
1.102399999999999908e-02,5.375000000000000611e-02
1.103039999999999923e-02,5.406249999999999944e-02
1.103679999999999939e-02,5.375000000000000611e-02
1.104319999999999954e-02,5.468750000000000000e-02
1.104959999999999970e-02,5.468750000000000000e-02
1.105599999999999986e-02,5.468750000000000000e-02
1.106240000000000001e-02,5.500000000000000722e-02
1.106879999999999843e-02,5.468750000000000000e-02
1.107519999999999859e-02,5.468750000000000000e-02
1.108159999999999874e-02,5.437500000000000666e-02
1.108799999999999890e-02,5.406249999999999944e-02
1.109439999999999905e-02,5.375000000000000611e-02
1.110079999999999921e-02,5.312500000000000555e-02
1.110719999999999937e-02,5.281250000000000527e-02
1.111359999999999952e-02,5.250000000000000500e-02
1.111999999999999968e-02,5.187500000000000444e-02
1.112639999999999983e-02,5.156250000000000416e-02
1.113279999999999999e-02,5.125000000000000389e-02
1.113920000000000014e-02,5.093750000000000361e-02
1.114559999999999856e-02,5.125000000000000389e-02
1.115199999999999872e-02,5.093750000000000361e-02
1.115839999999999888e-02,5.093750000000000361e-02
1.116479999999999903e-02,5.093750000000000361e-02
1.117119999999999919e-02,5.125000000000000389e-02
1.117759999999999934e-02,5.093750000000000361e-02
1.118399999999999950e-02,5.156250000000000416e-02
1.119039999999999965e-02,5.156250000000000416e-02
1.119679999999999981e-02,5.156250000000000416e-02
1.120319999999999996e-02,5.187500000000000444e-02
1.120960000000000012e-02,5.250000000000000500e-02
1.121599999999999854e-02,5.218750000000000472e-02
1.122239999999999870e-02,5.250000000000000500e-02
1.122879999999999885e-02,5.281250000000000527e-02
1.123519999999999901e-02,5.312500000000000555e-02
1.124159999999999916e-02,5.343749999999999889e-02
1.124799999999999932e-02,5.343749999999999889e-02
1.125439999999999947e-02,5.375000000000000611e-02
1.126079999999999963e-02,5.343749999999999889e-02
1.126719999999999978e-02,5.406249999999999944e-02
1.127359999999999994e-02,5.437500000000000666e-02
1.128000000000000010e-02,5.437500000000000666e-02
1.128639999999999852e-02,5.468750000000000000e-02
1.129279999999999867e-02,5.468750000000000000e-02
1.129919999999999883e-02,5.500000000000000722e-02
1.130559999999999898e-02,5.531250000000000056e-02
1.131199999999999914e-02,5.562500000000000777e-02
1.131839999999999929e-02,5.593750000000000111e-02
1.132479999999999945e-02,5.562500000000000777e-02
1.133119999999999961e-02,5.562500000000000777e-02
1.133759999999999976e-02,5.562500000000000777e-02
1.134399999999999992e-02,5.531250000000000056e-02
1.135040000000000007e-02,5.468750000000000000e-02
1.135679999999999849e-02,5.531250000000000056e-02
1.136319999999999865e-02,5.468750000000000000e-02
1.136959999999999880e-02,5.468750000000000000e-02
1.137599999999999896e-02,5.437500000000000666e-02
1.138239999999999912e-02,5.406249999999999944e-02
1.138879999999999927e-02,5.437500000000000666e-02
1.139519999999999943e-02,5.406249999999999944e-02
1.140159999999999958e-02,5.437500000000000666e-02
1.140799999999999974e-02,5.406249999999999944e-02
1.141439999999999989e-02,5.437500000000000666e-02
1.142080000000000005e-02,5.437500000000000666e-02
1.142719999999999847e-02,5.468750000000000000e-02
1.143359999999999863e-02,5.468750000000000000e-02
1.143999999999999878e-02,5.500000000000000722e-02
1.144639999999999894e-02,5.531250000000000056e-02
1.145279999999999909e-02,5.562500000000000777e-02
1.145919999999999925e-02,5.562500000000000777e-02
1.146559999999999940e-02,5.562500000000000777e-02
1.147199999999999956e-02,5.593750000000000111e-02
1.147839999999999971e-02,5.562500000000000777e-02
1.148479999999999987e-02,5.625000000000000833e-02
1.149120000000000003e-02,5.656250000000000167e-02
1.149759999999999845e-02,5.656250000000000167e-02
1.150399999999999860e-02,5.656250000000000167e-02
1.151039999999999876e-02,5.625000000000000833e-02
1.151679999999999891e-02,5.625000000000000833e-02
1.152319999999999907e-02,5.625000000000000833e-02
1.152959999999999922e-02,5.593750000000000111e-02
1.153599999999999938e-02,5.656250000000000167e-02
1.154239999999999954e-02,5.593750000000000111e-02
1.154879999999999969e-02,5.593750000000000111e-02
1.155519999999999985e-02,5.656250000000000167e-02
1.156160000000000000e-02,5.656250000000000167e-02
1.156799999999999842e-02,5.687500000000000888e-02
1.157439999999999858e-02,5.687500000000000888e-02
1.158079999999999873e-02,5.687500000000000888e-02
1.158719999999999889e-02,5.718750000000000222e-02
1.159359999999999905e-02,5.687500000000000888e-02
1.159999999999999920e-02,5.687500000000000888e-02
1.160639999999999936e-02,5.656250000000000167e-02
1.161279999999999951e-02,5.656250000000000167e-02
1.161919999999999967e-02,5.656250000000000167e-02
1.162559999999999982e-02,5.656250000000000167e-02
1.163199999999999998e-02,5.625000000000000833e-02
1.163839999999999840e-02,5.625000000000000833e-02
1.164479999999999855e-02,5.656250000000000167e-02
1.165119999999999871e-02,5.625000000000000833e-02
1.165759999999999887e-02,5.625000000000000833e-02
1.166399999999999902e-02,5.625000000000000833e-02
1.167039999999999918e-02,5.656250000000000167e-02
1.167679999999999933e-02,5.656250000000000167e-02
1.168319999999999949e-02,5.656250000000000167e-02
1.168959999999999964e-02,5.687500000000000888e-02
1.169599999999999980e-02,5.687500000000000888e-02
1.170239999999999995e-02,5.718750000000000222e-02
1.170880000000000011e-02,5.687500000000000888e-02
1.171519999999999853e-02,5.750000000000000250e-02
1.172159999999999869e-02,5.750000000000000250e-02
1.172799999999999884e-02,5.781250000000000278e-02
1.173439999999999900e-02,5.750000000000000250e-02
1.174079999999999915e-02,5.750000000000000250e-02
1.174719999999999931e-02,5.750000000000000250e-02
1.175359999999999946e-02,5.718750000000000222e-02
1.175999999999999962e-02,5.718750000000000222e-02
1.176639999999999978e-02,5.718750000000000222e-02
1.177279999999999993e-02,5.687500000000000888e-02
1.177920000000000009e-02,5.656250000000000167e-02
1.178559999999999851e-02,5.656250000000000167e-02
1.179199999999999866e-02,5.625000000000000833e-02
1.179839999999999882e-02,5.593750000000000111e-02
1.180479999999999897e-02,5.593750000000000111e-02
1.181119999999999913e-02,5.593750000000000111e-02
1.181759999999999929e-02,5.593750000000000111e-02
1.182399999999999944e-02,5.593750000000000111e-02
1.183039999999999960e-02,5.656250000000000167e-02
1.183679999999999975e-02,5.656250000000000167e-02
1.184319999999999991e-02,5.656250000000000167e-02
1.184960000000000006e-02,5.656250000000000167e-02
1.185599999999999848e-02,5.656250000000000167e-02
1.186239999999999864e-02,5.656250000000000167e-02
1.186879999999999880e-02,5.687500000000000888e-02
1.187519999999999895e-02,5.687500000000000888e-02
1.188159999999999911e-02,5.656250000000000167e-02
1.188799999999999926e-02,5.656250000000000167e-02
1.189439999999999942e-02,5.625000000000000833e-02
1.190079999999999957e-02,5.687500000000000888e-02
1.190719999999999973e-02,5.687500000000000888e-02
1.191359999999999988e-02,5.687500000000000888e-02
1.192000000000000004e-02,5.687500000000000888e-02
1.192639999999999846e-02,5.687500000000000888e-02
1.193279999999999862e-02,5.718750000000000222e-02
1.193919999999999877e-02,5.718750000000000222e-02
1.194559999999999893e-02,5.718750000000000222e-02
1.195199999999999908e-02,5.718750000000000222e-02
1.195839999999999924e-02,5.718750000000000222e-02
1.196479999999999939e-02,5.750000000000000250e-02
1.197119999999999955e-02,5.750000000000000250e-02
1.197759999999999971e-02,5.750000000000000250e-02
1.198399999999999986e-02,5.781250000000000278e-02
1.199040000000000002e-02,5.750000000000000250e-02
1.199679999999999844e-02,5.750000000000000250e-02
1.200319999999999859e-02,5.687500000000000888e-02
1.200959999999999875e-02,5.718750000000000222e-02
1.201599999999999890e-02,5.687500000000000888e-02
1.202239999999999906e-02,5.656250000000000167e-02
1.202879999999999922e-02,5.625000000000000833e-02
1.203519999999999937e-02,5.625000000000000833e-02
1.204159999999999953e-02,5.593750000000000111e-02
1.204799999999999968e-02,5.593750000000000111e-02
1.205439999999999984e-02,5.593750000000000111e-02
1.206079999999999999e-02,5.531250000000000056e-02
1.206719999999999841e-02,5.562500000000000777e-02
1.207359999999999857e-02,5.562500000000000777e-02
1.207999999999999872e-02,5.593750000000000111e-02
1.208639999999999888e-02,5.625000000000000833e-02
1.209279999999999904e-02,5.625000000000000833e-02
1.209919999999999919e-02,5.656250000000000167e-02
1.210559999999999935e-02,5.656250000000000167e-02
1.211199999999999950e-02,5.687500000000000888e-02
1.211839999999999966e-02,5.656250000000000167e-02
1.212479999999999981e-02,5.656250000000000167e-02
1.213119999999999997e-02,5.687500000000000888e-02
1.213759999999999839e-02,5.656250000000000167e-02
1.214399999999999855e-02,5.656250000000000167e-02
1.215039999999999870e-02,5.625000000000000833e-02
1.215679999999999886e-02,5.656250000000000167e-02
1.216319999999999901e-02,5.656250000000000167e-02
1.216959999999999917e-02,5.687500000000000888e-02
1.217599999999999932e-02,5.656250000000000167e-02
1.218239999999999948e-02,5.687500000000000888e-02
1.218879999999999963e-02,5.687500000000000888e-02
1.219519999999999979e-02,5.718750000000000222e-02
1.220159999999999995e-02,5.718750000000000222e-02
1.220800000000000010e-02,5.750000000000000250e-02
1.221439999999999852e-02,5.718750000000000222e-02
1.222079999999999868e-02,5.750000000000000250e-02
1.222719999999999883e-02,5.750000000000000250e-02
1.223359999999999899e-02,5.750000000000000250e-02
1.223999999999999914e-02,5.750000000000000250e-02
1.224639999999999930e-02,5.718750000000000222e-02
1.225279999999999946e-02,5.718750000000000222e-02
1.225919999999999961e-02,5.656250000000000167e-02
1.226559999999999977e-02,5.687500000000000888e-02
1.227199999999999992e-02,5.625000000000000833e-02
1.227840000000000008e-02,5.593750000000000111e-02
1.228479999999999850e-02,5.562500000000000777e-02
1.229119999999999865e-02,5.531250000000000056e-02
1.229759999999999881e-02,5.468750000000000000e-02
1.230399999999999897e-02,5.468750000000000000e-02
1.231039999999999912e-02,5.437500000000000666e-02
1.231679999999999928e-02,5.406249999999999944e-02
1.232319999999999943e-02,5.406249999999999944e-02
1.232959999999999959e-02,5.468750000000000000e-02
1.233599999999999974e-02,5.437500000000000666e-02
1.234239999999999990e-02,5.468750000000000000e-02
1.234880000000000005e-02,5.468750000000000000e-02
1.235519999999999848e-02,5.562500000000000777e-02
1.236159999999999863e-02,5.531250000000000056e-02
1.236799999999999879e-02,5.531250000000000056e-02
1.237439999999999894e-02,5.531250000000000056e-02
1.238079999999999910e-02,5.593750000000000111e-02
1.238719999999999925e-02,5.562500000000000777e-02
1.239359999999999941e-02,5.593750000000000111e-02
1.239999999999999956e-02,5.562500000000000777e-02
1.240639999999999972e-02,5.593750000000000111e-02
1.241279999999999988e-02,5.593750000000000111e-02
1.241920000000000003e-02,5.593750000000000111e-02
1.242559999999999845e-02,5.625000000000000833e-02
1.243199999999999861e-02,5.593750000000000111e-02
1.243839999999999876e-02,5.593750000000000111e-02
1.244479999999999892e-02,5.625000000000000833e-02
1.245119999999999907e-02,5.593750000000000111e-02
1.245759999999999923e-02,5.593750000000000111e-02
1.246399999999999939e-02,5.593750000000000111e-02
1.247039999999999954e-02,5.625000000000000833e-02
1.247679999999999970e-02,5.593750000000000111e-02
1.248319999999999985e-02,5.593750000000000111e-02
1.248960000000000001e-02,5.625000000000000833e-02
1.249599999999999843e-02,5.593750000000000111e-02
1.250239999999999858e-02,5.562500000000000777e-02
1.250879999999999874e-02,5.531250000000000056e-02
1.251519999999999889e-02,5.468750000000000000e-02
1.252159999999999905e-02,5.437500000000000666e-02
1.252799999999999921e-02,5.406249999999999944e-02
1.253439999999999936e-02,5.343749999999999889e-02
1.254079999999999952e-02,5.281250000000000527e-02
1.254719999999999967e-02,5.218750000000000472e-02
1.255359999999999983e-02,5.156250000000000416e-02
1.255999999999999998e-02,5.125000000000000389e-02
1.256639999999999840e-02,5.093750000000000361e-02
1.257279999999999856e-02,5.062500000000000333e-02
1.257919999999999872e-02,5.093750000000000361e-02
1.258559999999999887e-02,5.093750000000000361e-02
1.259199999999999903e-02,5.125000000000000389e-02
1.259839999999999918e-02,5.156250000000000416e-02
1.260479999999999934e-02,5.187500000000000444e-02
1.261119999999999949e-02,5.218750000000000472e-02
1.261759999999999965e-02,5.218750000000000472e-02
1.262399999999999980e-02,5.250000000000000500e-02
1.263039999999999996e-02,5.312500000000000555e-02
1.263679999999999838e-02,5.312500000000000555e-02
1.264319999999999854e-02,5.343749999999999889e-02
1.264959999999999869e-02,5.343749999999999889e-02
1.265599999999999885e-02,5.343749999999999889e-02
1.266239999999999900e-02,5.343749999999999889e-02
1.266879999999999916e-02,5.343749999999999889e-02
1.267519999999999931e-02,5.375000000000000611e-02
1.268159999999999947e-02,5.375000000000000611e-02
1.268799999999999963e-02,5.375000000000000611e-02
1.269439999999999978e-02,5.343749999999999889e-02
1.270079999999999994e-02,5.312500000000000555e-02
1.270719999999999836e-02,5.343749999999999889e-02
1.271359999999999851e-02,5.343749999999999889e-02
